dataset,backbone,seed,selected_test_f1,baseline_method,baseline_selected_test_f1,difference_pp
Actor,gcn,12345,0.2705301487205176,DiffWire CT,0.2679225055861561,0.2607643134361515
Actor,gcn,12346,0.2754233534297287,DiffWire CT,0.2914445622486532,-1.6021208818924548
Actor,gcn,12347,0.2644226363716656,DiffWire CT,0.2761652187938506,-1.174258242218501
Actor,gcn,12348,0.2735421928789042,DiffWire CT,0.2714846660523894,0.20575268265147773
Actor,gcn,12349,0.2837318947648079,DiffWire CT,0.2820748146354649,0.16570801293430137
Actor,gcn,12350,0.2931215420293138,DiffWire CT,0.2613567379676832,3.1764804061630567
Actor,gcn,12351,0.2823855455404445,DiffWire CT,0.2792900863595032,0.30954591809412846
Actor,gcn,12352,0.287322441540942,DiffWire CT,0.2723866607315656,1.4935780809376409
Actor,gcn,12353,0.2574409104590013,DiffWire CT,0.27391416870504,-1.647325824603868
Actor,gcn,12354,0.2793158928685731,DiffWire CT,0.285123136771716,-0.5807243903142911
Actor,gcn,12355,0.2699394287406374,DiffWire CT,0.2648797120954897,0.5059716645147705
Actor,gcn,12356,0.2692937027737033,DiffWire CT,0.258398749045591,1.0894953728112278
Actor,gcn,12357,0.2785468299874658,DiffWire CT,0.2645778799454734,1.3968950041992445
Actor,gcn,12358,0.2718204245185576,DiffWire CT,0.2736390303556327,-0.18186058370751046
Actor,gcn,12359,0.2796962031754348,DiffWire CT,0.2565119629404352,2.3184240234999596
Actor,gcn,12360,0.2767574673410842,DiffWire CT,0.2879215266391862,-1.1164059298101991
Actor,gcn,12361,0.2493674585567059,DiffWire CT,0.2455242584203123,0.3843200136393582
Actor,gcn,12362,0.2842276098310865,DiffWire CT,0.2758434760552449,0.8384133775841629
Actor,gcn,12363,0.2748403986545224,DiffWire CT,0.2881239079734434,-1.3283509318920972
Actor,gcn,12364,0.2795291288602683,DiffWire CT,0.2663377328427513,1.319139601751701
Actor,gcn,12365,0.2890978016888431,DiffWire CT,0.2860456457745929,0.30521559142501764
Actor,gcn,12366,0.2841372154990508,DiffWire CT,0.2721585492854228,1.1978666213627975
Actor,gcn,12367,0.2872542089695334,DiffWire CT,0.2646697337122773,2.25844752572561
Actor,gcn,12368,0.2695622166557735,DiffWire CT,0.2800246596495944,-1.0462442993820875
Actor,gcn,12369,0.285691415215166,DiffWire CT,0.2793597515332613,0.6331663681904687
Actor,gcn,12370,0.2782852620799231,DiffWire CT,0.286302922292849,-0.8017660212925881
Actor,gcn,12371,0.2882082334769544,DiffWire CT,0.2831113169334622,0.5096916543492203
Actor,gcn,12372,0.2957760979246908,DiffWire CT,0.2865699986435855,0.9206099281105273
Actor,gcn,12373,0.2837325896433985,DiffWire CT,0.2598191940272319,2.3913395616166566
Actor,gcn,12374,0.2728590037797592,DiffWire CT,0.2722241896596535,0.06348141201056867
Airports-Brazil,gcn,12345,0.7083333333333333,DiffWire CT,0.5285714285714286,17.976190476190467
Airports-Brazil,gcn,12346,0.7351190476190476,DiffWire CT,0.5166666666666666,21.845238095238095
Airports-Brazil,gcn,12347,0.5305916305916305,DiffWire CT,0.6004159239453357,-6.982429335370521
Airports-Brazil,gcn,12348,0.5447552447552447,DiffWire CT,0.429978354978355,11.47768897768897
Airports-Brazil,gcn,12349,0.618956043956044,DiffWire CT,0.4419191919191919,17.70368520368521
Airports-Brazil,gcn,12350,0.589316933066933,DiffWire CT,0.5164835164835164,7.283341658341658
Airports-Brazil,gcn,12351,0.611111111111111,DiffWire CT,0.5856227106227107,2.54884004884004
Airports-Brazil,gcn,12352,0.6666666666666666,DiffWire CT,0.4607627666451196,20.590390002154702
Airports-Brazil,gcn,12353,0.6342383107088989,DiffWire CT,0.4364468864468864,19.77914242620125
Airports-Brazil,gcn,12354,0.6601648351648352,DiffWire CT,0.3687343358395989,29.143049932523624
Airports-Brazil,gcn,12355,0.663690476190476,DiffWire CT,0.5627705627705627,10.091991341991335
Airports-Brazil,gcn,12356,0.5822236586942469,DiffWire CT,0.5863095238095238,-0.40858651152769765
Airports-Brazil,gcn,12357,0.5119047619047619,DiffWire CT,0.5133928571428571,-0.14880952380952328
Airports-Brazil,gcn,12358,0.6634313055365687,DiffWire CT,0.5636302294197031,9.980107611686561
Airports-Brazil,gcn,12359,0.6268315018315018,DiffWire CT,0.603615134865135,2.3216366966366864
Airports-Brazil,gcn,12360,0.4718614718614718,DiffWire CT,0.4502747252747252,2.158674658674664
Airports-Brazil,gcn,12361,0.4884049773755656,DiffWire CT,0.3768568033273916,11.154817404817402
Airports-Brazil,gcn,12362,0.4939435564435565,DiffWire CT,0.5752136752136753,-8.127011877011881
Airports-Brazil,gcn,12363,0.7083333333333334,DiffWire CT,0.6220238095238095,8.630952380952383
Airports-Brazil,gcn,12364,0.6324404761904762,DiffWire CT,0.4432900432900433,18.915043290043286
Airports-Brazil,gcn,12365,0.6295787545787546,DiffWire CT,0.4876858435681965,14.189291101055806
Airports-Brazil,gcn,12366,0.511904761904762,DiffWire CT,0.4032738095238095,10.86309523809525
Airports-Brazil,gcn,12367,0.6907509157509157,DiffWire CT,0.5284090909090909,16.23418248418248
Airports-Brazil,gcn,12368,0.6160714285714286,DiffWire CT,0.4571549773755656,15.8916451195863
Airports-Brazil,gcn,12369,0.5460858585858586,DiffWire CT,0.5196969696969697,2.6388888888888906
Airports-Brazil,gcn,12370,0.6699134199134199,DiffWire CT,0.488235294117647,18.16781257957729
Airports-Brazil,gcn,12371,0.5888439046333782,DiffWire CT,0.2923076923076923,29.65362123256859
Airports-Brazil,gcn,12372,0.6220588235294118,DiffWire CT,0.6365693130399013,-1.45104895104895
Airports-Brazil,gcn,12373,0.6071428571428571,DiffWire CT,0.4226998491704374,18.44430079724197
Airports-Brazil,gcn,12374,0.4380952380952381,DiffWire CT,0.5561868686868687,-11.809163059163064
Airports-Europe,gcn,12345,0.520745179568709,DiffWire CT,0.5257213365230287,-0.49761569543196327
Airports-Europe,gcn,12346,0.5295698924731183,DiffWire CT,0.4529870129870129,7.658287948610537
Airports-Europe,gcn,12347,0.4966609371021135,DiffWire CT,0.3813497822931785,11.5311154808935
Airports-Europe,gcn,12348,0.5164724755150287,DiffWire CT,0.407883064516129,10.858941099889973
Airports-Europe,gcn,12349,0.5709273182957394,DiffWire CT,0.5467432950191571,2.418402327658231
Airports-Europe,gcn,12350,0.4208028792912514,DiffWire CT,0.4704805491990846,-4.967766990783323
Airports-Europe,gcn,12351,0.5853741899794531,DiffWire CT,0.5362762237762237,4.909796620322937
Airports-Europe,gcn,12352,0.601758877425355,DiffWire CT,0.3937655943469897,20.799328307836536
Airports-Europe,gcn,12353,0.5169636564985403,DiffWire CT,0.3661198774925929,15.084377900594736
Airports-Europe,gcn,12354,0.5763632053105737,DiffWire CT,0.4471770448972877,12.918616041328601
Airports-Europe,gcn,12355,0.5358355696121654,DiffWire CT,0.446807951987997,8.902761762416839
Airports-Europe,gcn,12356,0.5180555555555555,DiffWire CT,0.4240262953276313,9.402926022792418
Airports-Europe,gcn,12357,0.5557700557700558,DiffWire CT,0.4848276325778853,7.094242319217048
Airports-Europe,gcn,12358,0.5497912939773405,DiffWire CT,0.394209536581431,15.55817573959095
Airports-Europe,gcn,12359,0.4434742434742434,DiffWire CT,0.4794172162593215,-3.5942972785078076
Airports-Europe,gcn,12360,0.5450603596945061,DiffWire CT,0.4924634273772204,5.259693231728568
Airports-Europe,gcn,12361,0.5716259099498482,DiffWire CT,0.4463147759103641,12.531113403948407
Airports-Europe,gcn,12362,0.4969135457944968,DiffWire CT,0.5027425652545999,-0.5829019460103113
Airports-Europe,gcn,12363,0.5456081081081081,DiffWire CT,0.4244615604050777,12.11465477030304
Airports-Europe,gcn,12364,0.4932286901953231,DiffWire CT,0.5792254119176276,-8.599672172230443
Airports-Europe,gcn,12365,0.5580269955269955,DiffWire CT,0.5098364321768578,4.819056335013771
Airports-Europe,gcn,12366,0.6498870694522869,DiffWire CT,0.4957156611039794,15.41714083483075
Airports-Europe,gcn,12367,0.4567654997221561,DiffWire CT,0.5016222406806111,-4.485674095845504
Airports-Europe,gcn,12368,0.6263156236213525,DiffWire CT,0.5132323268080287,11.308329681332385
Airports-Europe,gcn,12369,0.48939904628924,DiffWire CT,0.4898399557492539,-0.04409094600138497
Airports-Europe,gcn,12370,0.5702020202020202,DiffWire CT,0.4151034919068131,15.509852829520703
Airports-Europe,gcn,12371,0.5521594357648645,DiffWire CT,0.4232345039427005,12.892493182216397
Airports-Europe,gcn,12372,0.5551514148862419,DiffWire CT,0.4566303274139289,9.852108747231297
Airports-Europe,gcn,12373,0.4689784053156146,DiffWire CT,0.4517554772271753,1.7222928088439282
Airports-Europe,gcn,12374,0.6252636286602015,DiffWire CT,0.5516787968991613,7.358483176104014
Airports-USA,gcn,12345,0.6725539946778886,DiffWire CT,0.5262951494479483,14.625884522994026
Airports-USA,gcn,12346,0.6982984425684461,DiffWire CT,0.5769199655710227,12.137847699742343
Airports-USA,gcn,12347,0.6639423393316608,DiffWire CT,0.5178039938502664,14.613834548139437
Airports-USA,gcn,12348,0.6624337533829923,DiffWire CT,0.5837454637912304,7.868828959176188
Airports-USA,gcn,12349,0.6953425487973203,DiffWire CT,0.5130103609231133,18.233218787420704
Airports-USA,gcn,12350,0.6960676598081179,DiffWire CT,0.5791364610797168,11.693119872840107
Airports-USA,gcn,12351,0.682053113945245,DiffWire CT,0.5742115093544848,10.78416045907602
Airports-USA,gcn,12352,0.6998313659616691,DiffWire CT,0.5696699956926451,13.016137026902397
Airports-USA,gcn,12353,0.7177487540690808,DiffWire CT,0.5724358306243834,14.531292344469737
Airports-USA,gcn,12354,0.7119504852081114,DiffWire CT,0.5245580697477343,18.73924154603771
Airports-USA,gcn,12355,0.7715382522778516,DiffWire CT,0.5926378579085227,17.89003943693288
Airports-USA,gcn,12356,0.648889377016115,DiffWire CT,0.5535532794972154,9.53360975188996
Airports-USA,gcn,12357,0.6697255470372543,DiffWire CT,0.5408397740012325,12.888577303602178
Airports-USA,gcn,12358,0.6627242263520283,DiffWire CT,0.5210432766982709,14.168094965375744
Airports-USA,gcn,12359,0.7260321985221345,DiffWire CT,0.5734226052726312,15.26095932495033
Airports-USA,gcn,12360,0.7147569444444445,DiffWire CT,0.609825245501707,10.493169894273747
Airports-USA,gcn,12361,0.7375950671682368,DiffWire CT,0.5357751393712678,20.1819927796969
Airports-USA,gcn,12362,0.7524275181898858,DiffWire CT,0.5580219308992893,19.440558729059653
Airports-USA,gcn,12363,0.6552039089588497,DiffWire CT,0.5440918126525602,11.111209630628949
Airports-USA,gcn,12364,0.713994928326479,DiffWire CT,0.5556861742908255,15.830875403565358
Airports-USA,gcn,12365,0.6850238347457627,DiffWire CT,0.56026416518063,12.475966956513263
Airports-USA,gcn,12366,0.7309747824524386,DiffWire CT,0.5589493026510477,17.202547980139094
Airports-USA,gcn,12367,0.7040585311733971,DiffWire CT,0.538346478538107,16.57120526352901
Airports-USA,gcn,12368,0.7655216080309618,DiffWire CT,0.5429111595226725,22.261044850828927
Airports-USA,gcn,12369,0.6985207617010128,DiffWire CT,0.564824879227053,13.369588247395981
Airports-USA,gcn,12370,0.7386544933997727,DiffWire CT,0.5617332131765481,17.69212802232246
Airports-USA,gcn,12371,0.6680261431332126,DiffWire CT,0.5597481948031544,10.827794833005822
Airports-USA,gcn,12372,0.686316762207744,DiffWire CT,0.5679464535806542,11.837030862708975
Airports-USA,gcn,12373,0.7032656683172283,DiffWire CT,0.5240096262619796,17.92560420552487
Airports-USA,gcn,12374,0.6784597286532915,DiffWire CT,0.64036068356046,3.8099045092831463
Amazon-Photo,gcn,12345,0.8841615918954359,DiffWire CT,0.90805632363025,-2.3894731734814156
Amazon-Photo,gcn,12346,0.8862064382799952,DiffWire CT,0.9118792692705118,-2.5672830990516537
Amazon-Photo,gcn,12347,0.8750888207405619,DiffWire CT,0.9004768297678092,-2.538800902724725
Amazon-Photo,gcn,12348,0.8948404295391673,DiffWire CT,0.9155596808612344,-2.071925132206709
Amazon-Photo,gcn,12349,0.8915589789594847,DiffWire CT,0.9061424818401332,-1.458350288064858
Amazon-Photo,gcn,12350,0.8859777069037571,DiffWire CT,0.9122325540740238,-2.6254847170266715
Amazon-Photo,gcn,12351,0.8868877508128822,DiffWire CT,0.909601824589222,-2.2714073776339827
Amazon-Photo,gcn,12352,0.8837820135320524,DiffWire CT,0.9120248527824408,-2.8242839250388396
Amazon-Photo,gcn,12353,0.8919037144388847,DiffWire CT,0.9167197599270358,-2.4816045488151084
Amazon-Photo,gcn,12354,0.8934954615041963,DiffWire CT,0.9190443170790747,-2.5548855574878404
Amazon-Photo,gcn,12355,0.8737763886831286,DiffWire CT,0.9052162656863452,-3.14398770032166
Amazon-Photo,gcn,12356,0.8841911104141906,DiffWire CT,0.9252487697851376,-4.105765937094697
Amazon-Photo,gcn,12357,0.8893909026410076,DiffWire CT,0.9230305594881866,-3.3639656847178956
Amazon-Photo,gcn,12358,0.8951106986550222,DiffWire CT,0.9146355605437712,-1.9524861888748912
Amazon-Photo,gcn,12359,0.8753403776107802,DiffWire CT,0.9120395655155672,-3.669918790478699
Amazon-Photo,gcn,12360,0.8826562098504722,DiffWire CT,0.8994541714517322,-1.6797961601260014
Amazon-Photo,gcn,12361,0.8948256221592752,DiffWire CT,0.8996977611327821,-0.4872138973506912
Amazon-Photo,gcn,12362,0.8907773853347484,DiffWire CT,0.9312075343061792,-4.043014897143083
Amazon-Photo,gcn,12363,0.8823551553516571,DiffWire CT,0.9057318005760892,-2.3376645224432058
Amazon-Photo,gcn,12364,0.8832962480975752,DiffWire CT,0.9197103085364456,-3.641406043887041
Amazon-Photo,gcn,12365,0.8807954671873887,DiffWire CT,0.9097503686916952,-2.8954901504306574
Amazon-Photo,gcn,12366,0.8727896169085974,DiffWire CT,0.8937925720197467,-2.1002955111149357
Amazon-Photo,gcn,12367,0.8955606540329357,DiffWire CT,0.9119050273094548,-1.6344373276519053
Amazon-Photo,gcn,12368,0.8980077433508695,DiffWire CT,0.927690061667233,-2.9682318316363476
Amazon-Photo,gcn,12369,0.8886171375394335,DiffWire CT,0.8907265090314875,-0.21093714920540352
Amazon-Photo,gcn,12370,0.887580860893155,DiffWire CT,0.8971252207366885,-0.9544359843533523
Amazon-Photo,gcn,12371,0.8844295027318562,DiffWire CT,0.9074858116773163,-2.305630894546018
Amazon-Photo,gcn,12372,0.885456954846573,DiffWire CT,0.9073331325619594,-2.1876177715386302
Amazon-Photo,gcn,12373,0.8890125762501091,DiffWire CT,0.9143875209340908,-2.5374944683981715
Amazon-Photo,gcn,12374,0.8816061182382865,DiffWire CT,0.922349408218886,-4.074328998059951
Coauthor-CS,gcn,12345,0.919397704981994,DiffWire CT,0.8910936238090613,2.8304081172932705
Coauthor-CS,gcn,12346,0.9182907054459816,DiffWire CT,0.899578358936914,1.8712346509067612
Coauthor-CS,gcn,12347,0.9310129318983849,DiffWire CT,0.8898525689631588,4.1160362935226065
Coauthor-CS,gcn,12348,0.9115817747994238,DiffWire CT,0.881981179850334,2.9600594949089842
Coauthor-CS,gcn,12349,0.924899268940636,DiffWire CT,0.8855060685813333,3.9393200359302716
Coauthor-CS,gcn,12350,0.9183717217767706,DiffWire CT,0.8878164655220566,3.0555256254714003
Coauthor-CS,gcn,12351,0.9279714431137646,DiffWire CT,0.8981753665078952,2.979607660586936
Coauthor-CS,gcn,12352,0.9307118354849412,DiffWire CT,0.8913956532479623,3.931618223697886
Coauthor-CS,gcn,12353,0.9213521669928306,DiffWire CT,0.8906736724301111,3.067849456271954
Coauthor-CS,gcn,12354,0.916246008164386,DiffWire CT,0.8936614525244806,2.2584555639905357
Coauthor-CS,gcn,12355,0.9165287730094394,DiffWire CT,0.8949406332322748,2.158813977716456
Coauthor-CS,gcn,12356,0.9301183089299072,DiffWire CT,0.9087121858296804,2.1406123100226826
Coauthor-CS,gcn,12357,0.9191861984174676,DiffWire CT,0.8931624386193627,2.6023759798104895
Coauthor-CS,gcn,12358,0.9215516458405406,DiffWire CT,0.8959806471583863,2.557099868215429
Coauthor-CS,gcn,12359,0.9190849369408338,DiffWire CT,0.8968652936810336,2.2219643259800193
Coauthor-CS,gcn,12360,0.9166486237966152,DiffWire CT,0.8931394815711425,2.3509142225472623
Coauthor-CS,gcn,12361,0.9207650294201049,DiffWire CT,0.8916994931820478,2.9065536238057077
Coauthor-CS,gcn,12362,0.9226696161899192,DiffWire CT,0.902044979944682,2.062463624523714
Coauthor-CS,gcn,12363,0.9174150548378524,DiffWire CT,0.8958980711548395,2.1516983683012803
Coauthor-CS,gcn,12364,0.9261000343475796,DiffWire CT,0.8932434040153565,3.285663033222308
Coauthor-CS,gcn,12365,0.9334802372696004,DiffWire CT,0.904518098392359,2.8962138877241417
Coauthor-CS,gcn,12366,0.9191405595949168,DiffWire CT,0.8889803924223073,3.0160167172609498
Coauthor-CS,gcn,12367,0.9177467499429453,DiffWire CT,0.8858476475333652,3.189910240958005
Coauthor-CS,gcn,12368,0.9238066049456796,DiffWire CT,0.891803350336265,3.2003254609414555
Coauthor-CS,gcn,12369,0.9182466248265594,DiffWire CT,0.9000904942541411,1.8156130572418272
Coauthor-CS,gcn,12370,0.9287043000382658,DiffWire CT,0.8943979288002807,3.430637123798508
Coauthor-CS,gcn,12371,0.910974761726143,DiffWire CT,0.8907359111442212,2.0238850581921763
Coauthor-CS,gcn,12372,0.921088024968007,DiffWire CT,0.8948386039812468,2.6249420986760197
Coauthor-CS,gcn,12373,0.9349157551993792,DiffWire CT,0.9023224535910496,3.259330160832963
Coauthor-CS,gcn,12374,0.9209280082107092,DiffWire CT,0.8959669102756356,2.4961097935073617
Cora,gcn,12345,0.8754323171528765,DiffWire CT,0.764087094609801,11.134522254307555
Cora,gcn,12346,0.8627949573379166,DiffWire CT,0.795548423633612,6.724653370430456
Cora,gcn,12347,0.8592848214467604,DiffWire CT,0.8135180637963131,4.576675765044735
Cora,gcn,12348,0.8665612452345809,DiffWire CT,0.7851402591681192,8.142098606646165
Cora,gcn,12349,0.8644870532789363,DiffWire CT,0.7936010138239992,7.08860394549371
Cora,gcn,12350,0.864463075376289,DiffWire CT,0.8053231329005374,5.913994247575161
Cora,gcn,12351,0.8461567877652124,DiffWire CT,0.788868924196343,5.728786356886939
Cora,gcn,12352,0.8331773200722925,DiffWire CT,0.7805518282454782,5.262549182681431
Cora,gcn,12353,0.8609115157559926,DiffWire CT,0.7964559497329916,6.445556602300096
Cora,gcn,12354,0.861330805392942,DiffWire CT,0.7887332893911841,7.25975160017579
Cora,gcn,12355,0.8414067095895824,DiffWire CT,0.8007486604346806,4.065804915490179
Cora,gcn,12356,0.8683135458907698,DiffWire CT,0.7958249795478819,7.248856634288792
Cora,gcn,12357,0.8769087999201723,DiffWire CT,0.8043032687988733,7.260553112129909
Cora,gcn,12358,0.8396298557510741,DiffWire CT,0.759003589284452,8.062626646662208
Cora,gcn,12359,0.8453795789174169,DiffWire CT,0.7623296697587597,8.304990915865718
Cora,gcn,12360,0.849831593749436,DiffWire CT,0.8038538675039694,4.597772624546659
Cora,gcn,12361,0.8347759679353363,DiffWire CT,0.7782830090456196,5.649295888971661
Cora,gcn,12362,0.8586669330447779,DiffWire CT,0.7812655562048018,7.740137683997617
Cora,gcn,12363,0.8527491906105221,DiffWire CT,0.7537413999460549,9.900779066446718
Cora,gcn,12364,0.8529335642750854,DiffWire CT,0.7688001080349114,8.4133456240174
Cora,gcn,12365,0.8779889420776288,DiffWire CT,0.7750301730424746,10.295876903515422
Cora,gcn,12366,0.8573367635008797,DiffWire CT,0.813173007981764,4.416375551911578
Cora,gcn,12367,0.8644953095728025,DiffWire CT,0.798807766865821,6.568754270698152
Cora,gcn,12368,0.8468835873412267,DiffWire CT,0.7467453032143059,10.013828412692083
Cora,gcn,12369,0.8442474887770991,DiffWire CT,0.7658637866119253,7.838370216517376
Cora,gcn,12370,0.8693029329895466,DiffWire CT,0.7713065526617527,9.79963803277939
Cora,gcn,12371,0.851942550722973,DiffWire CT,0.7832139002978559,6.872865042511711
Cora,gcn,12372,0.8939970976714867,DiffWire CT,0.7981381515464714,9.585894612501534
Cora,gcn,12373,0.8369412580541119,DiffWire CT,0.7489212327256106,8.802002532850128
Cora,gcn,12374,0.8859383917456277,DiffWire CT,0.7886239478529656,9.731444389266208
Cornell,gcn,12345,0.4114565826330532,DiffWire CT,0.3661904761904762,4.5266106442577
Cornell,gcn,12346,0.3935198135198135,DiffWire CT,0.3890322580645161,0.4487555455297443
Cornell,gcn,12347,0.4369047619047618,DiffWire CT,0.2633533435711294,17.35514183336324
Cornell,gcn,12348,0.5411764705882354,DiffWire CT,0.2737234413096482,26.745302927858717
Cornell,gcn,12349,0.486984126984127,DiffWire CT,0.3120802005012532,17.490392648287383
Cornell,gcn,12350,0.2893939393939393,DiffWire CT,0.2218803418803419,6.751359751359742
Cornell,gcn,12351,0.3470265407107512,DiffWire CT,0.3013533834586465,4.567315725210469
Cornell,gcn,12352,0.3057575757575758,DiffWire CT,0.2638636363636363,4.189393939393948
Cornell,gcn,12353,0.3456565656565656,DiffWire CT,0.2951260504201681,5.053051523639751
Cornell,gcn,12354,0.2286549707602339,DiffWire CT,0.3759716859716859,-14.7316715211452
Cornell,gcn,12355,0.5080442433383611,DiffWire CT,0.3404295051353875,16.761473820297358
Cornell,gcn,12356,0.4255606758832565,DiffWire CT,0.2046963562753036,22.08643196079529
Cornell,gcn,12357,0.1878205128205128,DiffWire CT,0.3068398268398268,-11.901931401931401
Cornell,gcn,12358,0.2698319327731092,DiffWire CT,0.3113170313170313,-4.148509854392213
Cornell,gcn,12359,0.5754312759586593,DiffWire CT,0.2551226551226551,32.03086208360042
Cornell,gcn,12360,0.2888963161021984,DiffWire CT,0.2315078236130867,5.738849248911171
Cornell,gcn,12361,0.399343022568829,DiffWire CT,0.3451680672268907,5.417495534193828
Cornell,gcn,12362,0.3698850574712644,DiffWire CT,0.4477272727272727,-7.784221525600832
Cornell,gcn,12363,0.4508403361344538,DiffWire CT,0.3997899159663866,5.105042016806721
Cornell,gcn,12364,0.3674242424242424,DiffWire CT,0.3077777777777778,5.964646464646456
Cornell,gcn,12365,0.2770687645687645,DiffWire CT,0.2866053317878875,-0.9536567219122993
Cornell,gcn,12366,0.2876964769647697,DiffWire CT,0.4119047619047619,-12.42082849399922
Cornell,gcn,12367,0.3033333333333333,DiffWire CT,0.4075460487225193,-10.421271538918603
Cornell,gcn,12368,0.4376874003189792,DiffWire CT,0.3085714285714286,12.911597174755057
Cornell,gcn,12369,0.4028571428571428,DiffWire CT,0.4516394716394716,-4.87823287823288
Cornell,gcn,12370,0.3866596638655462,DiffWire CT,0.2512820512820513,13.53776125834949
Cornell,gcn,12371,0.3958585858585858,DiffWire CT,0.3802733214497921,1.5585264408793709
Cornell,gcn,12372,0.384029304029304,DiffWire CT,0.248034188034188,13.599511599511601
Cornell,gcn,12373,0.2889400921658986,DiffWire CT,0.2955555555555555,-0.6615463389656906
Cornell,gcn,12374,0.4780952380952381,DiffWire CT,0.323030303030303,15.506493506493507
Minesweeper,gcn,12345,0.6580833933874495,DiffWire CT,0.630294645748094,2.778874763935546
Minesweeper,gcn,12346,0.6330276900185808,DiffWire CT,0.6069468725718725,2.6080817446708315
Minesweeper,gcn,12347,0.6608776844070962,DiffWire CT,0.6205969871349658,4.028069727213035
Minesweeper,gcn,12348,0.610530177118195,DiffWire CT,0.5916629957582447,1.8867181359950358
Minesweeper,gcn,12349,0.5924327322482238,DiffWire CT,0.5793592714869242,1.307346076129956
Minesweeper,gcn,12350,0.6020396228793801,DiffWire CT,0.5589809462641833,4.30586766151968
Minesweeper,gcn,12351,0.6309689562706271,DiffWire CT,0.5770990687721494,5.386988749847765
Minesweeper,gcn,12352,0.587247750051594,DiffWire CT,0.584300663615786,0.29470864358079885
Minesweeper,gcn,12353,0.6082750095476507,DiffWire CT,0.5959106154281326,1.2364394119518063
Minesweeper,gcn,12354,0.6281929875679876,DiffWire CT,0.5632186537222539,6.49743338457337
Minesweeper,gcn,12355,0.6241530572317071,DiffWire CT,0.604771558363207,1.9381498868500158
Minesweeper,gcn,12356,0.5995673676301818,DiffWire CT,0.5891896432762587,1.0377724353923146
Minesweeper,gcn,12357,0.6296875,DiffWire CT,0.6003979439562261,2.9289556043773812
Minesweeper,gcn,12358,0.6344734147694431,DiffWire CT,0.6039009752438109,3.0572439525632156
Minesweeper,gcn,12359,0.6204143664952414,DiffWire CT,0.5602998078848391,6.011455861040227
Minesweeper,gcn,12360,0.5961706129216842,DiffWire CT,0.5663900235016607,2.9780589420023484
Minesweeper,gcn,12361,0.6211910392265739,DiffWire CT,0.5687735384334518,5.241750079312213
Minesweeper,gcn,12362,0.5893590147572125,DiffWire CT,0.5578233526183644,3.1535662138848175
Minesweeper,gcn,12363,0.6377378940398066,DiffWire CT,0.563706110789836,7.403178324997062
Minesweeper,gcn,12364,0.6057492896963388,DiffWire CT,0.5732720030961604,3.2477286600178346
Minesweeper,gcn,12365,0.6389712287840785,DiffWire CT,0.561466876301364,7.750435248271447
Minesweeper,gcn,12366,0.667865727683673,DiffWire CT,0.5679484381447106,9.991728953896239
Minesweeper,gcn,12367,0.6228227150450536,DiffWire CT,0.5960868527797661,2.673586226528746
Minesweeper,gcn,12368,0.6538575261130106,DiffWire CT,0.5976288172626595,5.622870885035114
Minesweeper,gcn,12369,0.6282561630397752,DiffWire CT,0.5737737180455262,5.448244499424892
Minesweeper,gcn,12370,0.6370027977025339,DiffWire CT,0.6095858699579432,2.7416927744590702
Minesweeper,gcn,12371,0.6098700000144492,DiffWire CT,0.5743355481727574,3.5534451841691794
Minesweeper,gcn,12372,0.6381578947368421,DiffWire CT,0.6180233525956577,2.0134542141184486
Minesweeper,gcn,12373,0.5981657748061785,DiffWire CT,0.5766101579520697,2.1555616854108783
Minesweeper,gcn,12374,0.6319947344444823,DiffWire CT,0.6353947249197598,-0.33999904752775034
Pubmed,gcn,12345,0.8584330917851776,DiffWire CT,0.849795858199046,0.8637233586131554
Pubmed,gcn,12346,0.8599425379283203,DiffWire CT,0.853147089361746,0.6795448566574325
Pubmed,gcn,12347,0.857084082235079,DiffWire CT,0.8440009740524891,1.3083108182589953
Pubmed,gcn,12348,0.8618434197850728,DiffWire CT,0.8491307263853992,1.2712693399673625
Pubmed,gcn,12349,0.8581881381581393,DiffWire CT,0.8416164479174402,1.6571690240699155
Pubmed,gcn,12350,0.8603113915691053,DiffWire CT,0.8434834742468253,1.682791732227995
Pubmed,gcn,12351,0.8639129362190309,DiffWire CT,0.8462280593839595,1.7684876835071361
Pubmed,gcn,12352,0.8674417314588423,DiffWire CT,0.8479135227502299,1.9528208708612382
Pubmed,gcn,12353,0.8646728349346847,DiffWire CT,0.8454062303574389,1.9266604577245827
Pubmed,gcn,12354,0.8540014227608731,DiffWire CT,0.8325774120564927,2.142401070438038
Pubmed,gcn,12355,0.8561151760519224,DiffWire CT,0.8438716079931528,1.2243568058769694
Pubmed,gcn,12356,0.8696681277629098,DiffWire CT,0.844699190157513,2.4968937605396757
Pubmed,gcn,12357,0.8634430882583133,DiffWire CT,0.8488284201362152,1.4614668122098107
Pubmed,gcn,12358,0.8604667073315095,DiffWire CT,0.8396958349355285,2.0770872395981077
Pubmed,gcn,12359,0.85489133080036,DiffWire CT,0.8475893252675566,0.7302005532803357
Pubmed,gcn,12360,0.8596009810509302,DiffWire CT,0.832869299106982,2.673168194394815
Pubmed,gcn,12361,0.8654655202754263,DiffWire CT,0.8400644136171914,2.5401106658234918
Pubmed,gcn,12362,0.866502097673156,DiffWire CT,0.843161719998155,2.3340377675000967
Pubmed,gcn,12363,0.8660031927436743,DiffWire CT,0.8557033032123303,1.0299889531343975
Pubmed,gcn,12364,0.8635094816106804,DiffWire CT,0.8486494980635375,1.4859983547142908
Pubmed,gcn,12365,0.8652835149684989,DiffWire CT,0.8388407995221038,2.6442715446395093
Pubmed,gcn,12366,0.8639295057763156,DiffWire CT,0.853667271857025,1.0262233919290598
Pubmed,gcn,12367,0.8615600605845574,DiffWire CT,0.8484791978996218,1.308086268493558
Pubmed,gcn,12368,0.863570586851872,DiffWire CT,0.8416472577071641,2.192332914470796
Pubmed,gcn,12369,0.8680721984222225,DiffWire CT,0.856352544824715,1.1719653597507484
Pubmed,gcn,12370,0.8736890931971989,DiffWire CT,0.845631888937972,2.8057204259226864
Pubmed,gcn,12371,0.8720738764451917,DiffWire CT,0.8568610076807404,1.5212868764451382
Pubmed,gcn,12372,0.8698895001877114,DiffWire CT,0.8512024409263921,1.8687059261319305
Pubmed,gcn,12373,0.8665180776901522,DiffWire CT,0.8409379365581174,2.5580141132034773
Pubmed,gcn,12374,0.8544869019679666,DiffWire CT,0.8521270342630057,0.2359867704960883
Roman-Empire,gcn,12345,0.3786037899042027,DiffWire CT,0.4180773351861344,-3.94735452819317
Roman-Empire,gcn,12346,0.385924194773322,DiffWire CT,0.4321224590129559,-4.619826423963386
Roman-Empire,gcn,12347,0.3798587187109666,DiffWire CT,0.4276099260720938,-4.77512073611272
Roman-Empire,gcn,12348,0.3794139954565237,DiffWire CT,0.4411701840502834,-6.1756188593759695
Roman-Empire,gcn,12349,0.3856698835487822,DiffWire CT,0.4274144617000926,-4.174457815131044
Roman-Empire,gcn,12350,0.3833240755962815,DiffWire CT,0.4151902837074609,-3.1866208111179404
Roman-Empire,gcn,12351,0.3761326164779319,DiffWire CT,0.4322439294517133,-5.611131297378141
Roman-Empire,gcn,12352,0.3746284339422825,DiffWire CT,0.4207200712949293,-4.609163735264676
Roman-Empire,gcn,12353,0.3827651403206772,DiffWire CT,0.4124804818546753,-2.9715341533998076
Roman-Empire,gcn,12354,0.3635494814319013,DiffWire CT,0.432200015741625,-6.865053430972368
Roman-Empire,gcn,12355,0.3828905913402957,DiffWire CT,0.424010830440499,-4.112023910020329
Roman-Empire,gcn,12356,0.3805284402227492,DiffWire CT,0.4163243745503758,-3.579593432762662
Roman-Empire,gcn,12357,0.3694251926432579,DiffWire CT,0.4369095767006897,-6.748438405743179
Roman-Empire,gcn,12358,0.3746558489323587,DiffWire CT,0.4081048290370857,-3.3448980104727024
Roman-Empire,gcn,12359,0.3855147575112249,DiffWire CT,0.4451485959444466,-5.963383843322173
Roman-Empire,gcn,12360,0.3763006476806197,DiffWire CT,0.4270640064682516,-5.076335878763189
Roman-Empire,gcn,12361,0.3805057237730416,DiffWire CT,0.4125137312608464,-3.2008007487804804
Roman-Empire,gcn,12362,0.3744300311732909,DiffWire CT,0.4341652314587045,-5.973520028541363
Roman-Empire,gcn,12363,0.3902754852910676,DiffWire CT,0.422358472658759,-3.2082987367691382
Roman-Empire,gcn,12364,0.3894736100989758,DiffWire CT,0.4346373990911735,-4.516378899219769
Roman-Empire,gcn,12365,0.380590688698707,DiffWire CT,0.4169942519015822,-3.640356320287519
Roman-Empire,gcn,12366,0.3671610212841172,DiffWire CT,0.4397061537079453,-7.25451324238281
Roman-Empire,gcn,12367,0.3747294436841199,DiffWire CT,0.4155727328725321,-4.0843289188412175
Roman-Empire,gcn,12368,0.3951631068240795,DiffWire CT,0.4232231545617122,-2.806004773763271
Roman-Empire,gcn,12369,0.3799629184656612,DiffWire CT,0.4226835817356133,-4.272066326995211
Roman-Empire,gcn,12370,0.3692628238849196,DiffWire CT,0.4217917464174875,-5.252892253256791
Roman-Empire,gcn,12371,0.3946361045995871,DiffWire CT,0.4367342735253212,-4.209816892573409
Roman-Empire,gcn,12372,0.3915521451657724,DiffWire CT,0.4361509344463541,-4.45987892805817
Roman-Empire,gcn,12373,0.371186548233018,DiffWire CT,0.4276431267147942,-5.6456578481776205
Roman-Empire,gcn,12374,0.3697792946161525,DiffWire CT,0.4280640710937762,-5.82847764776237
Texas,gcn,12345,0.3581560283687943,DiffWire CT,0.4016548463356973,-4.349881796690303
Texas,gcn,12346,0.4508403361344537,DiffWire CT,0.3275132275132275,12.332710862122621
Texas,gcn,12347,0.5079365079365079,DiffWire CT,0.2972850678733031,21.06514400632048
Texas,gcn,12348,0.3566666666666667,DiffWire CT,0.3138461538461539,4.28205128205128
Texas,gcn,12349,0.5811688311688311,DiffWire CT,0.4940159574468085,8.715287372202262
Texas,gcn,12350,0.335073815073815,DiffWire CT,0.252,8.3073815073815
Texas,gcn,12351,0.4486283643892339,DiffWire CT,0.296078431372549,15.25499330166849
Texas,gcn,12352,0.3736111111111111,DiffWire CT,0.325,4.861111111111111
Texas,gcn,12353,0.3380681818181818,DiffWire CT,0.3512265512265512,-1.3158369408369397
Texas,gcn,12354,0.5081521739130435,DiffWire CT,0.4047459893048128,10.340618460823064
Texas,gcn,12355,0.4285714285714286,DiffWire CT,0.3188775510204081,10.96938775510205
Texas,gcn,12356,0.5630952380952381,DiffWire CT,0.3894716394716395,17.36235986235986
Texas,gcn,12357,0.3422823984526112,DiffWire CT,0.244,9.828239845261121
Texas,gcn,12358,0.4798076923076922,DiffWire CT,0.4992424242424242,-1.9434731934731997
Texas,gcn,12359,0.4331746031746031,DiffWire CT,0.2708935508935509,16.22810522810522
Texas,gcn,12360,0.425595238095238,DiffWire CT,0.3415329768270945,8.406226126814353
Texas,gcn,12361,0.5073170731707317,DiffWire CT,0.408578431372549,9.87386417981827
Texas,gcn,12362,0.514069264069264,DiffWire CT,0.287037037037037,22.703222703222703
Texas,gcn,12363,0.4322222222222222,DiffWire CT,0.3491864831038798,8.303573911834238
Texas,gcn,12364,0.4556277056277056,DiffWire CT,0.3317460317460317,12.388167388167393
Texas,gcn,12365,0.5015873015873016,DiffWire CT,0.3083333333333333,19.32539682539683
Texas,gcn,12366,0.4831560283687943,DiffWire CT,0.4581232492997198,2.5032779069074476
Texas,gcn,12367,0.4611111111111111,DiffWire CT,0.281010101010101,18.01010101010101
Texas,gcn,12368,0.30999000999001,DiffWire CT,0.3602173913043478,-5.022738131433785
Texas,gcn,12369,0.5825757575757575,DiffWire CT,0.3248366013071895,25.7739156268568
Texas,gcn,12370,0.5062367864693446,DiffWire CT,0.3822115384615384,12.402524800780618
Texas,gcn,12371,0.3786997885835095,DiffWire CT,0.4412641621943947,-6.256437361088518
Texas,gcn,12372,0.6169191919191919,DiffWire CT,0.4032792604221176,21.363993149707426
Texas,gcn,12373,0.3416666666666667,DiffWire CT,0.4002501563477173,-5.858348968105065
Texas,gcn,12374,0.3113475177304964,DiffWire CT,0.2798786653185036,3.146885241199282
Actor,gat,12345,0.2747097862703857,SDRF,0.2497988484398298,2.491093783055592
Actor,gat,12346,0.3000031882263602,SDRF,0.2570019144733791,4.300127375298107
Actor,gat,12347,0.2748400009978394,SDRF,0.2710348528852043,0.3805148112635104
Actor,gat,12348,0.279747015360387,SDRF,0.2534337445171609,2.63132708432261
Actor,gat,12349,0.2675113168504885,SDRF,0.2459171686418555,2.159414820863301
Actor,gat,12350,0.2785611344862462,SDRF,0.252695820653348,2.5865313832898194
Actor,gat,12351,0.2850265615542017,SDRF,0.2663352050426378,1.8691356511563895
Actor,gat,12352,0.2856767603731342,SDRF,0.2645192799180169,2.115748045511734
Actor,gat,12353,0.2839951049012389,SDRF,0.2692260429907764,1.476906191046251
Actor,gat,12354,0.2971859639051775,SDRF,0.2668336425821326,3.0352321323044884
Actor,gat,12355,0.2839048305113714,SDRF,0.2560266484698408,2.7878182041530586
Actor,gat,12356,0.2723636083215924,SDRF,0.2554798989067876,1.6883709414804826
Actor,gat,12357,0.2701219616950929,SDRF,0.2546205720176863,1.5501389677406607
Actor,gat,12358,0.2801596218641429,SDRF,0.2494796369364947,3.0679984927648203
Actor,gat,12359,0.2653517569984048,SDRF,0.2702876687676872,-0.4935911769282375
Actor,gat,12360,0.2523724621885267,SDRF,0.263438659041142,-1.1066196852615284
Actor,gat,12361,0.280327351625826,SDRF,0.2417280853495473,3.8599266276278716
Actor,gat,12362,0.2770021157978179,SDRF,0.259298727358395,1.770338843942293
Actor,gat,12363,0.2804698102214448,SDRF,0.2500933338493518,3.037647637209301
Actor,gat,12364,0.2796289160230111,SDRF,0.2414054436084673,3.8223472414543798
Actor,gat,12365,0.2790921311334205,SDRF,0.2663248267667928,1.2767304366627708
Actor,gat,12366,0.2614658876923078,SDRF,0.2644998210119268,-0.3033933319619042
Actor,gat,12367,0.2846083069485525,SDRF,0.243004451711995,4.160385523655749
Actor,gat,12368,0.2730699040554539,SDRF,0.257339736738857,1.5730167316596877
Actor,gat,12369,0.2847278054082496,SDRF,0.2463541313134666,3.837367409478301
Actor,gat,12370,0.2894530171854644,SDRF,0.2819508756425895,0.7502141542874874
Actor,gat,12371,0.2808686447214761,SDRF,0.2622309067040677,1.8637738017408423
Actor,gat,12372,0.2696329906485964,SDRF,0.2658676576624465,0.3765332986149894
Actor,gat,12373,0.2902323045840153,SDRF,0.2827852286843796,0.7447075899635669
Actor,gat,12374,0.2582358988028175,SDRF,0.2403475581863835,1.7888340616433989
Actor,gcn,12345,0.2705301487205176,SDRF,0.249234790787316,2.1295357933201613
Actor,gcn,12346,0.2754233534297287,SDRF,0.2658689434037475,0.9554410025981175
Actor,gcn,12347,0.2644226363716656,SDRF,0.2548435878854278,0.9579048486237751
Actor,gcn,12348,0.2735421928789042,SDRF,0.2702153636473138,0.3326829231590389
Actor,gcn,12349,0.2837318947648079,SDRF,0.2702645227483998,1.346737201640813
Actor,gcn,12350,0.2931215420293138,SDRF,0.258647098665705,3.4474443363608778
Actor,gcn,12351,0.2823855455404445,SDRF,0.2650730086312869,1.7312536909157572
Actor,gcn,12352,0.287322441540942,SDRF,0.2629339203427008,2.4388521198241198
Actor,gcn,12353,0.2574409104590013,SDRF,0.2666635322537301,-0.9222621794728769
Actor,gcn,12354,0.2793158928685731,SDRF,0.270011074944348,0.9304817924225106
Actor,gcn,12355,0.2699394287406374,SDRF,0.2596768862455422,1.0262542495095228
Actor,gcn,12356,0.2692937027737033,SDRF,0.2548524423208706,1.4441260452832672
Actor,gcn,12357,0.2785468299874658,SDRF,0.2548498470445124,2.3696982942953415
Actor,gcn,12358,0.2718204245185576,SDRF,0.2527685490961873,1.9051875422370301
Actor,gcn,12359,0.2796962031754348,SDRF,0.273328323425933,0.6367879749501815
Actor,gcn,12360,0.2767574673410842,SDRF,0.2836459989882435,-0.6888531647159302
Actor,gcn,12361,0.2493674585567059,SDRF,0.2574199757648266,-0.8052517208120724
Actor,gcn,12362,0.2842276098310865,SDRF,0.2623608769738987,2.186673285718782
Actor,gcn,12363,0.2748403986545224,SDRF,0.2798585581544554,-0.501815949993295
Actor,gcn,12364,0.2795291288602683,SDRF,0.2583675319970541,2.1161596863214225
Actor,gcn,12365,0.2890978016888431,SDRF,0.2795317333013204,0.9566068387522664
Actor,gcn,12366,0.2841372154990508,SDRF,0.2704075412215915,1.3729674277459303
Actor,gcn,12367,0.2872542089695334,SDRF,0.2741527960062581,1.3101412963275327
Actor,gcn,12368,0.2695622166557735,SDRF,0.2671260748581068,0.24361417976667132
Actor,gcn,12369,0.285691415215166,SDRF,0.2779136289394061,0.7777786275759924
Actor,gcn,12370,0.2782852620799231,SDRF,0.2999230887639704,-2.163782668404729
Actor,gcn,12371,0.2882082334769544,SDRF,0.2704304561328544,1.777777734410002
Actor,gcn,12372,0.2957760979246908,SDRF,0.2893445271899321,0.6431570734758696
Actor,gcn,12373,0.2837325896433985,SDRF,0.273996146841626,0.9736442801772494
Actor,gcn,12374,0.2728590037797592,SDRF,0.2690591215031214,0.37998822766378004
Actor,sage,12345,0.3201970814861901,SDRF,0.3007103966415019,1.9486684844688185
Actor,sage,12346,0.3162619139056363,SDRF,0.3209081194936774,-0.464620558804113
Actor,sage,12347,0.3046834123524958,SDRF,0.3187203801855727,-1.4036967833076897
Actor,sage,12348,0.3193898111653226,SDRF,0.3273685931335443,-0.797878196822166
Actor,sage,12349,0.3219705464548502,SDRF,0.3276511579578475,-0.5680611502997313
Actor,sage,12350,0.3104888255038481,SDRF,0.3151328965737568,-0.46440710699087173
Actor,sage,12351,0.3125457744439933,SDRF,0.3226771368611256,-1.0131362417132306
Actor,sage,12352,0.3072886514367099,SDRF,0.3293528523948511,-2.206420095814121
Actor,sage,12353,0.3060184864812246,SDRF,0.3270151019597011,-2.0996615478476532
Actor,sage,12354,0.3227424816746874,SDRF,0.3195056906750343,0.3236790999653072
Actor,sage,12355,0.3142488063353454,SDRF,0.3347832004619162,-2.0534394126570765
Actor,sage,12356,0.3160089797217639,SDRF,0.3226795618112243,-0.667058208946042
Actor,sage,12357,0.3061646914205173,SDRF,0.3212048128817263,-1.5040121461209033
Actor,sage,12358,0.313940819600348,SDRF,0.3294544475271989,-1.5513627926850904
Actor,sage,12359,0.3343447543467732,SDRF,0.324096888940082,1.0247865406691203
Actor,sage,12360,0.3169058829658797,SDRF,0.3306102399946874,-1.3704357028807734
Actor,sage,12361,0.3190542078094528,SDRF,0.2972256051348941,2.1828602674558715
Actor,sage,12362,0.3289827013665823,SDRF,0.335051372084606,-0.6068670718023694
Actor,sage,12363,0.3051998084743191,SDRF,0.3274349492076323,-2.2235140733313177
Actor,sage,12364,0.3085767174607389,SDRF,0.3235257920404049,-1.4949074579665989
Actor,sage,12365,0.344283337295713,SDRF,0.3367118143734327,0.7571522922280249
Actor,sage,12366,0.3263995943023586,SDRF,0.3098043066715034,1.6595287630855216
Actor,sage,12367,0.330577895965326,SDRF,0.3390487629732638,-0.847086700793781
Actor,sage,12368,0.3389526742261319,SDRF,0.3286471935904271,1.03054806357048
Actor,sage,12369,0.3525262061196393,SDRF,0.3479507165636906,0.45754895559487196
Actor,sage,12370,0.3348551975717629,SDRF,0.3392887649060523,-0.4433567334289401
Actor,sage,12371,0.3123151495665426,SDRF,0.3030677970150131,0.9247352551529531
Actor,sage,12372,0.3258210754213178,SDRF,0.3357276649691521,-0.9906589547834299
Actor,sage,12373,0.3395653201514316,SDRF,0.3527453364473809,-1.3180016295949282
Actor,sage,12374,0.3250896082350412,SDRF,0.3366550466752849,-1.1565438440243714
Airports-Brazil,gat,12345,0.5948717948717949,SDRF,0.3903202061096797,20.455158876211517
Airports-Brazil,gat,12346,0.5961538461538461,SDRF,0.2190656565656565,37.708818958818966
Airports-Brazil,gat,12347,0.543956043956044,SDRF,0.4884049773755656,5.555106658047842
Airports-Brazil,gat,12348,0.6044837515425752,SDRF,0.3409806567701304,26.350309477244476
Airports-Brazil,gat,12349,0.7298076923076923,SDRF,0.5095959595959596,22.021173271173268
Airports-Brazil,gat,12350,0.5937812187812188,SDRF,0.4967032967032967,9.70779220779221
Airports-Brazil,gat,12351,0.5724206349206349,SDRF,0.5771287535993419,-0.47081186787070184
Airports-Brazil,gat,12352,0.6048265460030167,SDRF,0.4910130718954248,11.381347410759185
Airports-Brazil,gat,12353,0.5873015873015873,SDRF,0.325328947368421,26.197263993316632
Airports-Brazil,gat,12354,0.6816468253968254,SDRF,0.3736455108359133,30.80013145609121
Airports-Brazil,gat,12355,0.6708791208791208,SDRF,0.417239010989011,25.364010989010982
Airports-Brazil,gat,12356,0.6464015151515152,SDRF,0.3471014492753623,29.930006587615292
Airports-Brazil,gat,12357,0.4808663558663558,SDRF,0.2950174825174825,18.58488733488733
Airports-Brazil,gat,12358,0.625,SDRF,0.6165501165501165,0.8449883449883511
Airports-Brazil,gat,12359,0.5623126873126874,SDRF,0.5197552447552448,4.255744255744254
Airports-Brazil,gat,12360,0.5583333333333333,SDRF,0.6006410256410256,-4.230769230769226
Airports-Brazil,gat,12361,0.4621794871794872,SDRF,0.3472850678733031,11.48944193061841
Airports-Brazil,gat,12362,0.3991452991452991,SDRF,0.3168220668220668,8.23232323232323
Airports-Brazil,gat,12363,0.6722756410256411,SDRF,0.4883180544945251,18.3957586531116
Airports-Brazil,gat,12364,0.4758888170652876,SDRF,0.2791666666666667,19.67221503986209
Airports-Brazil,gat,12365,0.5999084249084249,SDRF,0.225,37.49084249084249
Airports-Brazil,gat,12366,0.4716221278721279,SDRF,0.490967365967366,-1.9345238095238082
Airports-Brazil,gat,12367,0.5655103066867773,SDRF,0.5124320124320124,5.307829425476484
Airports-Brazil,gat,12368,0.4236443381180223,SDRF,0.3948076923076923,2.8836645810330017
Airports-Brazil,gat,12369,0.4333333333333333,SDRF,0.2975961538461538,13.57371794871795
Airports-Brazil,gat,12370,0.6796814296814296,SDRF,0.5038770053475936,17.580442433383602
Airports-Brazil,gat,12371,0.3552631578947368,SDRF,0.2427350427350427,11.252811515969407
Airports-Brazil,gat,12372,0.5416666666666666,SDRF,0.5967341482047364,-5.5067481538069725
Airports-Brazil,gat,12373,0.5694444444444444,SDRF,0.3848178137651822,18.462663067926222
Airports-Brazil,gat,12374,0.5000646412411118,SDRF,0.4499389499389499,5.012569130216193
Airports-Brazil,gcn,12345,0.7083333333333333,SDRF,0.4073083778966132,30.102495543672003
Airports-Brazil,gcn,12346,0.7351190476190476,SDRF,0.2614468864468864,47.36721611721612
Airports-Brazil,gcn,12347,0.5305916305916305,SDRF,0.5705741626794258,-3.998253208779534
Airports-Brazil,gcn,12348,0.5447552447552447,SDRF,0.4131313131313131,13.16239316239316
Airports-Brazil,gcn,12349,0.618956043956044,SDRF,0.3118686868686868,30.70873570873572
Airports-Brazil,gcn,12350,0.589316933066933,SDRF,0.4599463036963037,12.937062937062931
Airports-Brazil,gcn,12351,0.611111111111111,SDRF,0.4009049773755656,21.020613373554546
Airports-Brazil,gcn,12352,0.6666666666666666,SDRF,0.4039432789432789,26.27233877233877
Airports-Brazil,gcn,12353,0.6342383107088989,SDRF,0.4117424242424242,22.24958864664747
Airports-Brazil,gcn,12354,0.6601648351648352,SDRF,0.3424242424242424,31.774059274059276
Airports-Brazil,gcn,12355,0.663690476190476,SDRF,0.3803921568627451,28.329831932773097
Airports-Brazil,gcn,12356,0.5822236586942469,SDRF,0.5985739750445633,-1.6350316350316474
Airports-Brazil,gcn,12357,0.5119047619047619,SDRF,0.2936507936507936,21.825396825396826
Airports-Brazil,gcn,12358,0.6634313055365687,SDRF,0.4439033189033188,21.95279866332499
Airports-Brazil,gcn,12359,0.6268315018315018,SDRF,0.4348039215686274,19.20275802628744
Airports-Brazil,gcn,12360,0.4718614718614718,SDRF,0.4169823232323232,5.487914862914861
Airports-Brazil,gcn,12361,0.4884049773755656,SDRF,0.4259803921568628,6.242458521870281
Airports-Brazil,gcn,12362,0.4939435564435565,SDRF,0.4308608058608059,6.3082750582750595
Airports-Brazil,gcn,12363,0.7083333333333334,SDRF,0.5595238095238095,14.880952380952383
Airports-Brazil,gcn,12364,0.6324404761904762,SDRF,0.3177319004524886,31.470857573798757
Airports-Brazil,gcn,12365,0.6295787545787546,SDRF,0.4026570048309178,22.692174974783676
Airports-Brazil,gcn,12366,0.511904761904762,SDRF,0.4553571428571428,5.6547619047619175
Airports-Brazil,gcn,12367,0.6907509157509157,SDRF,0.5111111111111111,17.963980463980466
Airports-Brazil,gcn,12368,0.6160714285714286,SDRF,0.3305555555555555,28.55158730158731
Airports-Brazil,gcn,12369,0.5460858585858586,SDRF,0.3541666666666666,19.191919191919197
Airports-Brazil,gcn,12370,0.6699134199134199,SDRF,0.4858391608391608,18.40742590742591
Airports-Brazil,gcn,12371,0.5888439046333782,SDRF,0.265126050420168,32.37178542132102
Airports-Brazil,gcn,12372,0.6220588235294118,SDRF,0.5168581418581418,10.520068167126995
Airports-Brazil,gcn,12373,0.6071428571428571,SDRF,0.4375901875901876,16.95526695526695
Airports-Brazil,gcn,12374,0.4380952380952381,SDRF,0.3775917065390749,6.0503531556163175
Airports-Brazil,sage,12345,0.5685897435897436,SDRF,0.5857371794871795,-1.7147435897435948
Airports-Brazil,sage,12346,0.6104166666666666,SDRF,0.2,41.04166666666666
Airports-Brazil,sage,12347,0.5512820512820513,SDRF,0.4267045454545454,12.457750582750593
Airports-Brazil,sage,12348,0.6173076923076923,SDRF,0.4216450216450216,19.566267066267073
Airports-Brazil,sage,12349,0.6520833333333333,SDRF,0.3871212121212121,26.496212121212125
Airports-Brazil,sage,12350,0.5100961538461538,SDRF,0.3115568641884432,19.85392896577106
Airports-Brazil,sage,12351,0.6267628205128205,SDRF,0.3035714285714286,32.31913919413919
Airports-Brazil,sage,12352,0.5865696803196804,SDRF,0.5318181818181817,5.475149850149863
Airports-Brazil,sage,12353,0.6396825396825397,SDRF,0.370819397993311,26.886314168922876
Airports-Brazil,sage,12354,0.7015151515151515,SDRF,0.2414473684210526,46.00677830940989
Airports-Brazil,sage,12355,0.5907509157509158,SDRF,0.4166666666666667,17.40842490842491
Airports-Brazil,sage,12356,0.6329099821746881,SDRF,0.5208333333333333,11.207664884135482
Airports-Brazil,sage,12357,0.4165064102564102,SDRF,0.3811247575953458,3.538165266106441
Airports-Brazil,sage,12358,0.6597985347985348,SDRF,0.4862637362637362,17.353479853479858
Airports-Brazil,sage,12359,0.5897435897435898,SDRF,0.6431372549019607,-5.339366515837096
Airports-Brazil,sage,12360,0.7032967032967032,SDRF,0.4155844155844156,28.771228771228763
Airports-Brazil,sage,12361,0.4275058275058275,SDRF,0.2474747474747474,18.00310800310801
Airports-Brazil,sage,12362,0.4764957264957264,SDRF,0.4371212121212121,3.9374514374514336
Airports-Brazil,sage,12363,0.6590284715284715,SDRF,0.4327731092436975,22.625536228477404
Airports-Brazil,sage,12364,0.5972027972027971,SDRF,0.5095238095238095,8.767898767898764
Airports-Brazil,sage,12365,0.4527795733678087,SDRF,0.3763458763458763,7.643369702193242
Airports-Brazil,sage,12366,0.6725490196078432,SDRF,0.5580357142857142,11.4513305322129
Airports-Brazil,sage,12367,0.7375457875457876,SDRF,0.4125,32.50457875457876
Airports-Brazil,sage,12368,0.4195539754363283,SDRF,0.3520833333333333,6.747064210299497
Airports-Brazil,sage,12369,0.5209224598930482,SDRF,0.3889517345399698,13.197072535307841
Airports-Brazil,sage,12370,0.7053571428571429,SDRF,0.4050133689839572,30.03437738731857
Airports-Brazil,sage,12371,0.6374434389140272,SDRF,0.2890442890442891,34.83991498697382
Airports-Brazil,sage,12372,0.7036713286713286,SDRF,0.5605956543456544,14.307567432567424
Airports-Brazil,sage,12373,0.486946386946387,SDRF,0.3833333333333333,10.361305361305368
Airports-Brazil,sage,12374,0.4975961538461538,SDRF,0.3119047619047619,18.56913919413919
Airports-Europe,gat,12345,0.4562535165983442,SDRF,0.4195624853869534,3.669103121139078
Airports-Europe,gat,12346,0.5141778865769073,SDRF,0.4356357063479156,7.854218022899174
Airports-Europe,gat,12347,0.5952798663324979,SDRF,0.3955687805617679,19.971108577072993
Airports-Europe,gat,12348,0.5937696806117859,SDRF,0.3059135816488758,28.785609896291014
Airports-Europe,gat,12349,0.4408664651631403,SDRF,0.4379148629148629,0.2951602248277396
Airports-Europe,gat,12350,0.4289562289562289,SDRF,0.4650212376276206,-3.606500867139167
Airports-Europe,gat,12351,0.5715963656906129,SDRF,0.5413383056571911,3.0258060033421796
Airports-Europe,gat,12352,0.6561099718994456,SDRF,0.340170635740861,31.593933615858464
Airports-Europe,gat,12353,0.5454951298701298,SDRF,0.3688590820943762,17.663604777575365
Airports-Europe,gat,12354,0.5879091668565353,SDRF,0.4319085757872943,15.600059106924096
Airports-Europe,gat,12355,0.5108695652173914,SDRF,0.4573852922690131,5.348427294837826
Airports-Europe,gat,12356,0.5510440411177792,SDRF,0.3606060606060606,19.043798051171855
Airports-Europe,gat,12357,0.5201066830819342,SDRF,0.4547534165181224,6.53532665638118
Airports-Europe,gat,12358,0.5600220567962504,SDRF,0.4117547425474255,14.826731424882489
Airports-Europe,gat,12359,0.5188953274059658,SDRF,0.4354653966722932,8.342993073367255
Airports-Europe,gat,12360,0.6345334881920248,SDRF,0.3674147203558968,26.711876783612805
Airports-Europe,gat,12361,0.5353830566596524,SDRF,0.4405021520803444,9.488090457930799
Airports-Europe,gat,12362,0.58757151219386,SDRF,0.3761363636363636,21.143514855749636
Airports-Europe,gat,12363,0.5587396800825593,SDRF,0.4336111111111111,12.512856897144815
Airports-Europe,gat,12364,0.5403561424569828,SDRF,0.4319151980339679,10.844094442301493
Airports-Europe,gat,12365,0.460997442455243,SDRF,0.3898595848595848,7.113785759565822
Airports-Europe,gat,12366,0.5451465201465201,SDRF,0.4577437491839665,8.740277096255362
Airports-Europe,gat,12367,0.473844537815126,SDRF,0.3671253423764183,10.671919543870768
Airports-Europe,gat,12368,0.5854700854700855,SDRF,0.4269120247568523,15.85580607132332
Airports-Europe,gat,12369,0.6009876466442814,SDRF,0.4219404724491934,17.9047174195088
Airports-Europe,gat,12370,0.6155234961545321,SDRF,0.3741897199085063,24.133377624602577
Airports-Europe,gat,12371,0.5561133603238866,SDRF,0.4126346306330117,14.347872969087488
Airports-Europe,gat,12372,0.4995604395604395,SDRF,0.3984977324263038,10.106270713413569
Airports-Europe,gat,12373,0.4841779279279279,SDRF,0.3070578231292517,17.712010479867622
Airports-Europe,gat,12374,0.5398995677599796,SDRF,0.3997013497013497,14.019821805862993
Airports-Europe,gcn,12345,0.520745179568709,SDRF,0.4728212356119332,4.792394395677585
Airports-Europe,gcn,12346,0.5295698924731183,SDRF,0.466517809859566,6.305208261355228
Airports-Europe,gcn,12347,0.4966609371021135,SDRF,0.3823232323232323,11.433770477888123
Airports-Europe,gcn,12348,0.5164724755150287,SDRF,0.4123371429142794,10.413533260074932
Airports-Europe,gcn,12349,0.5709273182957394,SDRF,0.4237275882012724,14.719973009446703
Airports-Europe,gcn,12350,0.4208028792912514,SDRF,0.4838731240296705,-6.30702447384191
Airports-Europe,gcn,12351,0.5853741899794531,SDRF,0.5683317932666024,1.7042396712850683
Airports-Europe,gcn,12352,0.601758877425355,SDRF,0.4756216577540107,12.613721967134433
Airports-Europe,gcn,12353,0.5169636564985403,SDRF,0.4298752834467119,8.708837305182836
Airports-Europe,gcn,12354,0.5763632053105737,SDRF,0.4169347627176983,15.942844259287542
Airports-Europe,gcn,12355,0.5358355696121654,SDRF,0.4958265013322402,4.000906827992518
Airports-Europe,gcn,12356,0.5180555555555555,SDRF,0.3497263605959258,16.832919495962965
Airports-Europe,gcn,12357,0.5557700557700558,SDRF,0.4630894114738891,9.268064429616668
Airports-Europe,gcn,12358,0.5497912939773405,SDRF,0.4221355881062102,12.765570587113029
Airports-Europe,gcn,12359,0.4434742434742434,SDRF,0.4274447159533933,1.6029527520850129
Airports-Europe,gcn,12360,0.5450603596945061,SDRF,0.4441663285318185,10.089403116268759
Airports-Europe,gcn,12361,0.5716259099498482,SDRF,0.5220318688403796,4.959404110946863
Airports-Europe,gcn,12362,0.4969135457944968,SDRF,0.4580882352941177,3.8825310500379127
Airports-Europe,gcn,12363,0.5456081081081081,SDRF,0.4256222639149468,11.998584419316133
Airports-Europe,gcn,12364,0.4932286901953231,SDRF,0.408354996258222,8.48736939371011
Airports-Europe,gcn,12365,0.5580269955269955,SDRF,0.4440813914218169,11.394560410517862
Airports-Europe,gcn,12366,0.6498870694522869,SDRF,0.4546273101864874,19.525975926579953
Airports-Europe,gcn,12367,0.4567654997221561,SDRF,0.4486542907015143,0.8111209020641774
Airports-Europe,gcn,12368,0.6263156236213525,SDRF,0.4441510870082298,18.216453661312272
Airports-Europe,gcn,12369,0.48939904628924,SDRF,0.4814263322884012,0.7972714000838821
Airports-Europe,gcn,12370,0.5702020202020202,SDRF,0.3514917083434164,21.871031185860375
Airports-Europe,gcn,12371,0.5521594357648645,SDRF,0.3880427170868347,16.41167186780298
Airports-Europe,gcn,12372,0.5551514148862419,SDRF,0.3721941037207354,18.295731116550645
Airports-Europe,gcn,12373,0.4689784053156146,SDRF,0.4109022556390977,5.807614967651686
Airports-Europe,gcn,12374,0.6252636286602015,SDRF,0.4601000351000351,16.516359356016636
Airports-Europe,sage,12345,0.5454143488803309,SDRF,0.5127864005912787,3.2627948289052244
Airports-Europe,sage,12346,0.3779716571869276,SDRF,0.4540221683078826,-7.605051112095501
Airports-Europe,sage,12347,0.6151377217553688,SDRF,0.4366420173533716,17.849570440199724
Airports-Europe,sage,12348,0.5169054801407742,SDRF,0.4411717797166713,7.573370042410287
Airports-Europe,sage,12349,0.477534625148623,SDRF,0.3513071895424837,12.62274356061393
Airports-Europe,sage,12350,0.4547079909075013,SDRF,0.5017678621834682,-4.7059871275966945
Airports-Europe,sage,12351,0.51561004784689,SDRF,0.4907111941995663,2.4898853647323693
Airports-Europe,sage,12352,0.6845164773636218,SDRF,0.461060606060606,22.345587130301574
Airports-Europe,sage,12353,0.5424772365948837,SDRF,0.4551101823708206,8.736705422406304
Airports-Europe,sage,12354,0.5244617297720003,SDRF,0.4992063492063492,2.525538056565113
Airports-Europe,sage,12355,0.4975889192886457,SDRF,0.4600250626566415,3.756385663200418
Airports-Europe,sage,12356,0.5248958988057826,SDRF,0.3807017543859649,14.41941444198177
Airports-Europe,sage,12357,0.5799132744821435,SDRF,0.4892401242021735,9.067315027996997
Airports-Europe,sage,12358,0.6083970576178986,SDRF,0.4018883941442163,20.650866347368236
Airports-Europe,sage,12359,0.4989055659787367,SDRF,0.4373015873015873,6.16039786771494
Airports-Europe,sage,12360,0.6120632827949902,SDRF,0.3768299031456926,23.523337964929762
Airports-Europe,sage,12361,0.5305190058479532,SDRF,0.3997743767096895,13.074462913826368
Airports-Europe,sage,12362,0.5036747179405688,SDRF,0.4563329054343175,4.734181250625136
Airports-Europe,sage,12363,0.6055555555555556,SDRF,0.4465073478784226,15.904820767713302
Airports-Europe,sage,12364,0.4595460845460846,SDRF,0.4579435664936402,0.16025180524443794
Airports-Europe,sage,12365,0.5835686777920411,SDRF,0.4119475240206947,17.162115377134647
Airports-Europe,sage,12366,0.5992739898989898,SDRF,0.4415182518630794,15.775573803591042
Airports-Europe,sage,12367,0.5261216702233036,SDRF,0.5366414454441483,-1.0519775220844685
Airports-Europe,sage,12368,0.590675539083558,SDRF,0.4742125199362041,11.646301914735385
Airports-Europe,sage,12369,0.6675245486221095,SDRF,0.4339128741515522,23.36116744705573
Airports-Europe,sage,12370,0.5775038531703308,SDRF,0.4308441558441558,14.665969732617501
Airports-Europe,sage,12371,0.5194412662090008,SDRF,0.3171873280762883,20.225393813271246
Airports-Europe,sage,12372,0.5557915057915058,SDRF,0.4583413781169742,9.745012767453165
Airports-Europe,sage,12373,0.5054252054252054,SDRF,0.4407843633907463,6.464084203445913
Airports-Europe,sage,12374,0.6234531234531234,SDRF,0.4778321340821341,14.562098937098932
Airports-USA,gat,12345,0.6532868119439877,SDRF,0.5420204774325461,11.126633451144164
Airports-USA,gat,12346,0.6934368527588868,SDRF,0.6075445631090195,8.589228964986727
Airports-USA,gat,12347,0.6448455445552472,SDRF,0.5907805776824371,5.406496687281015
Airports-USA,gat,12348,0.692702941520703,SDRF,0.5998885028735775,9.281443864712546
Airports-USA,gat,12349,0.6755099023958946,SDRF,0.5205634353142632,15.49464670816314
Airports-USA,gat,12350,0.7293270548718969,SDRF,0.5710504567647425,15.827659810715433
Airports-USA,gat,12351,0.6972943722943723,SDRF,0.5399608618055498,15.733351048882248
Airports-USA,gat,12352,0.714763486604037,SDRF,0.5664242424242424,14.83392441797946
Airports-USA,gat,12353,0.7312147933262728,SDRF,0.5731799865206365,15.80348068056363
Airports-USA,gat,12354,0.7053754082779496,SDRF,0.5738045056140306,13.157090266391902
Airports-USA,gat,12355,0.7676900826785441,SDRF,0.5971477843679679,17.054229831057622
Airports-USA,gat,12356,0.6433595776189744,SDRF,0.482379387879213,16.098018973976146
Airports-USA,gat,12357,0.6562724091538701,SDRF,0.5816571262220992,7.461528293177089
Airports-USA,gat,12358,0.6603751588126587,SDRF,0.5691846274293082,9.119053138335055
Airports-USA,gat,12359,0.6758875828905172,SDRF,0.5798637110594053,9.602387183111194
Airports-USA,gat,12360,0.7145937368274429,SDRF,0.6005972595738225,11.399647725362039
Airports-USA,gat,12361,0.729216061384785,SDRF,0.5037217846857115,22.549427669907352
Airports-USA,gat,12362,0.7317521230300135,SDRF,0.6022226223418905,12.952950068812296
Airports-USA,gat,12363,0.6694399371456109,SDRF,0.5950277618956864,7.4412175249924495
Airports-USA,gat,12364,0.7062741733691225,SDRF,0.5562278724724432,15.004630089667925
Airports-USA,gat,12365,0.7236532013299273,SDRF,0.6144837706690173,10.916943066091001
Airports-USA,gat,12366,0.6885029305497695,SDRF,0.5886904761904761,9.981245435929342
Airports-USA,gat,12367,0.7305027048687638,SDRF,0.5630449760549381,16.74577288138257
Airports-USA,gat,12368,0.7222950922950924,SDRF,0.5258626992823888,19.643239301270356
Airports-USA,gat,12369,0.71057884439484,SDRF,0.5557212208040166,15.485762359082333
Airports-USA,gat,12370,0.6917234107066191,SDRF,0.5140880182209409,17.763539248567827
Airports-USA,gat,12371,0.6709946644845506,SDRF,0.5456327985739751,12.536186591057552
Airports-USA,gat,12372,0.7005618114203658,SDRF,0.5953204016849288,10.524140973543695
Airports-USA,gat,12373,0.6876103404791929,SDRF,0.5051934895029762,18.241685097621673
Airports-USA,gat,12374,0.6881133967761268,SDRF,0.6415515416735595,4.656185510256727
Airports-USA,gcn,12345,0.6725539946778886,SDRF,0.4943032292844345,17.825076539345407
Airports-USA,gcn,12346,0.6982984425684461,SDRF,0.5495751056095883,14.872333695885775
Airports-USA,gcn,12347,0.6639423393316608,SDRF,0.5084347941533732,15.550754517828757
Airports-USA,gcn,12348,0.6624337533829923,SDRF,0.5404479456728658,12.198580771012645
Airports-USA,gcn,12349,0.6953425487973203,SDRF,0.4990966133593665,19.624593543795378
Airports-USA,gcn,12350,0.6960676598081179,SDRF,0.4880118516466193,20.80558081614986
Airports-USA,gcn,12351,0.682053113945245,SDRF,0.4771312249082426,20.492188903700242
Airports-USA,gcn,12352,0.6998313659616691,SDRF,0.4712223334675158,22.860903249415326
Airports-USA,gcn,12353,0.7177487540690808,SDRF,0.4772525138211678,24.0496240247913
Airports-USA,gcn,12354,0.7119504852081114,SDRF,0.5685902462326997,14.336023897541173
Airports-USA,gcn,12355,0.7715382522778516,SDRF,0.5444157735557992,22.71224787220524
Airports-USA,gcn,12356,0.648889377016115,SDRF,0.5384704005671748,11.041897644894028
Airports-USA,gcn,12357,0.6697255470372543,SDRF,0.5558395580454404,11.38859889918139
Airports-USA,gcn,12358,0.6627242263520283,SDRF,0.5198138642605744,14.29103620914539
Airports-USA,gcn,12359,0.7260321985221345,SDRF,0.5582412371281984,16.779096139393612
Airports-USA,gcn,12360,0.7147569444444445,SDRF,0.4679618344466301,24.67951099978144
Airports-USA,gcn,12361,0.7375950671682368,SDRF,0.54951704431127,18.807802285696674
Airports-USA,gcn,12362,0.7524275181898858,SDRF,0.5445816431109782,20.784587507890762
Airports-USA,gcn,12363,0.6552039089588497,SDRF,0.4981925418569254,15.701136710192431
Airports-USA,gcn,12364,0.713994928326479,SDRF,0.484759386538547,22.923554178793204
Airports-USA,gcn,12365,0.6850238347457627,SDRF,0.4977087838533621,18.73150508924006
Airports-USA,gcn,12366,0.7309747824524386,SDRF,0.554149814831633,17.682496762080568
Airports-USA,gcn,12367,0.7040585311733971,SDRF,0.5366347970548625,16.74237341185346
Airports-USA,gcn,12368,0.7655216080309618,SDRF,0.4786902998584642,28.683130817249765
Airports-USA,gcn,12369,0.6985207617010128,SDRF,0.5379012445166411,16.06195171843717
Airports-USA,gcn,12370,0.7386544933997727,SDRF,0.5433623793159875,19.529211408378522
Airports-USA,gcn,12371,0.6680261431332126,SDRF,0.4892575322812051,17.87686108520075
Airports-USA,gcn,12372,0.686316762207744,SDRF,0.4881696469436195,19.81471152641245
Airports-USA,gcn,12373,0.7032656683172283,SDRF,0.5492551826247184,15.401048569250985
Airports-USA,gcn,12374,0.6784597286532915,SDRF,0.5815958961573784,9.686383249591312
Airports-USA,sage,12345,0.7132026611763137,SDRF,0.5643700542776637,14.883260689864997
Airports-USA,sage,12346,0.723071298927982,SDRF,0.5364956034494925,18.65756954784895
Airports-USA,sage,12347,0.6957196468031238,SDRF,0.548167440544936,14.755220625818776
Airports-USA,sage,12348,0.7139194175771717,SDRF,0.5148353241370169,19.908409344015475
Airports-USA,sage,12349,0.7246195017660457,SDRF,0.5609967332211901,16.362276854485557
Airports-USA,sage,12350,0.7200279301895023,SDRF,0.5825967114670667,13.743121872243558
Airports-USA,sage,12351,0.7159682933553901,SDRF,0.5303913428913429,18.55769504640472
Airports-USA,sage,12352,0.6923435375860233,SDRF,0.5285501983234084,16.379333926261484
Airports-USA,sage,12353,0.7218031815613835,SDRF,0.5476179320429465,17.418524951843693
Airports-USA,sage,12354,0.7392735684631829,SDRF,0.5396604413089409,19.961312715424206
Airports-USA,sage,12355,0.7767598787022825,SDRF,0.5756706500203475,20.108922868193503
Airports-USA,sage,12356,0.6816623166537525,SDRF,0.5178548137658612,16.380750288789137
Airports-USA,sage,12357,0.6902366820196896,SDRF,0.5074394981017695,18.27971839179201
Airports-USA,sage,12358,0.667094017094017,SDRF,0.5256283341143031,14.146568297971395
Airports-USA,sage,12359,0.7024805754385262,SDRF,0.6172979865334234,8.518258890510278
Airports-USA,sage,12360,0.7514175706990956,SDRF,0.6243308080808081,12.708676261828755
Airports-USA,sage,12361,0.7635738084890626,SDRF,0.5651035728060478,19.84702356830148
Airports-USA,sage,12362,0.7577514982330787,SDRF,0.5359423314780458,22.180916675503294
Airports-USA,sage,12363,0.6796504674766262,SDRF,0.4883325760261244,19.131789145050178
Airports-USA,sage,12364,0.6935491819137647,SDRF,0.5171393969113307,17.6409785002434
Airports-USA,sage,12365,0.7232049260470245,SDRF,0.539282353104804,18.39225729422205
Airports-USA,sage,12366,0.7605416753247779,SDRF,0.4911712987495107,26.93703765752672
Airports-USA,sage,12367,0.7222857271082384,SDRF,0.508572326366444,21.371340074179436
Airports-USA,sage,12368,0.7344095298054886,SDRF,0.5631303146630897,17.127921514239887
Airports-USA,sage,12369,0.7270520708836853,SDRF,0.5154995679484942,21.155250293519114
Airports-USA,sage,12370,0.7445539628887267,SDRF,0.5969518347864915,14.760212810223516
Airports-USA,sage,12371,0.7115783928723292,SDRF,0.6011627814967795,11.041561137554968
Airports-USA,sage,12372,0.7208870674779766,SDRF,0.5932346723044397,12.765239517353688
Airports-USA,sage,12373,0.691944488438391,SDRF,0.5003875215412488,19.15569668971422
Airports-USA,sage,12374,0.7376103404791929,SDRF,0.5487135457355827,18.88967947436102
Amazon-Photo,gat,12345,0.8600646229354537,SDRF,0.929772921493841,-6.970829855838733
Amazon-Photo,gat,12346,0.8651988175337841,SDRF,0.933928944729438,-6.873012719565386
Amazon-Photo,gat,12347,0.8492082566517885,SDRF,0.9268232309846702,-7.761497433288178
Amazon-Photo,gat,12348,0.8720960105813177,SDRF,0.9295520041186656,-5.745599353734788
Amazon-Photo,gat,12349,0.861383425201689,SDRF,0.9370705113269756,-7.568708612528663
Amazon-Photo,gat,12350,0.8579536987024038,SDRF,0.9265888652643544,-6.863516656195056
Amazon-Photo,gat,12351,0.857884491034214,SDRF,0.9199554871971278,-6.207099616291378
Amazon-Photo,gat,12352,0.8664269414740075,SDRF,0.928570605472371,-6.214366399836358
Amazon-Photo,gat,12353,0.884019018152352,SDRF,0.9345048525895296,-5.048583443717769
Amazon-Photo,gat,12354,0.8744810384438904,SDRF,0.9225500456694868,-4.806900722559648
Amazon-Photo,gat,12355,0.841482097325946,SDRF,0.9314579188114442,-8.99758214854982
Amazon-Photo,gat,12356,0.8642518031648807,SDRF,0.9480054956890726,-8.375369252419185
Amazon-Photo,gat,12357,0.8700345817554251,SDRF,0.9299512203232704,-5.991663856784523
Amazon-Photo,gat,12358,0.879434404818762,SDRF,0.9329879841503458,-5.355357933158378
Amazon-Photo,gat,12359,0.8595974500634727,SDRF,0.9263189469711546,-6.672149690768192
Amazon-Photo,gat,12360,0.8707969587411333,SDRF,0.923772535778548,-5.297557703741473
Amazon-Photo,gat,12361,0.8656759130475931,SDRF,0.928326461258456,-6.2650548210862915
Amazon-Photo,gat,12362,0.8795725208526288,SDRF,0.9358540564919527,-5.628153563932392
Amazon-Photo,gat,12363,0.8723321537938589,SDRF,0.9278316711229462,-5.549951732908731
Amazon-Photo,gat,12364,0.8634858615012981,SDRF,0.935629125701613,-7.214326420031492
Amazon-Photo,gat,12365,0.8691365377790428,SDRF,0.9268879806422644,-5.775144286322165
Amazon-Photo,gat,12366,0.842547316664183,SDRF,0.925065295733872,-8.251797906968894
Amazon-Photo,gat,12367,0.8635391482504463,SDRF,0.9338584562606016,-7.031930801015529
Amazon-Photo,gat,12368,0.8777161692208457,SDRF,0.9301358913398148,-5.241972211896906
Amazon-Photo,gat,12369,0.8593957995897106,SDRF,0.9288578647406946,-6.946206515098408
Amazon-Photo,gat,12370,0.8791192957290606,SDRF,0.925169755515529,-4.605045978646849
Amazon-Photo,gat,12371,0.8578953368821728,SDRF,0.918159154482228,-6.026381760005517
Amazon-Photo,gat,12372,0.8658945291515996,SDRF,0.9237594867103928,-5.786495755879317
Amazon-Photo,gat,12373,0.8786617647701934,SDRF,0.9296365638009662,-5.097479903077273
Amazon-Photo,gat,12374,0.8593188043852956,SDRF,0.933761697128262,-7.444289274296634
Amazon-Photo,gcn,12345,0.8841615918954359,SDRF,0.9341142651278294,-4.99526732323935
Amazon-Photo,gcn,12346,0.8862064382799952,SDRF,0.9376574188336948,-5.145098055369957
Amazon-Photo,gcn,12347,0.8750888207405619,SDRF,0.9273777875332948,-5.228896679273287
Amazon-Photo,gcn,12348,0.8948404295391673,SDRF,0.937743284965302,-4.29028554261347
Amazon-Photo,gcn,12349,0.8915589789594847,SDRF,0.933453880572468,-4.1894901612983375
Amazon-Photo,gcn,12350,0.8859777069037571,SDRF,0.9342660658724712,-4.828835896871409
Amazon-Photo,gcn,12351,0.8868877508128822,SDRF,0.935886782874158,-4.899903206127587
Amazon-Photo,gcn,12352,0.8837820135320524,SDRF,0.9331344478169306,-4.935243428487812
Amazon-Photo,gcn,12353,0.8919037144388847,SDRF,0.9356442291717332,-4.374051473284846
Amazon-Photo,gcn,12354,0.8934954615041963,SDRF,0.943025272577683,-4.9529811073486645
Amazon-Photo,gcn,12355,0.8737763886831286,SDRF,0.9367613268316886,-6.298493814855998
Amazon-Photo,gcn,12356,0.8841911104141906,SDRF,0.9481543403706104,-6.396322995641979
Amazon-Photo,gcn,12357,0.8893909026410076,SDRF,0.934322459476016,-4.493155683500838
Amazon-Photo,gcn,12358,0.8951106986550222,SDRF,0.9388735375207732,-4.376283886575094
Amazon-Photo,gcn,12359,0.8753403776107802,SDRF,0.9276496496013856,-5.230927199060542
Amazon-Photo,gcn,12360,0.8826562098504722,SDRF,0.9208443069187104,-3.8188097068238225
Amazon-Photo,gcn,12361,0.8948256221592752,SDRF,0.9334236412966348,-3.8598019137359607
Amazon-Photo,gcn,12362,0.8907773853347484,SDRF,0.9374143999932742,-4.663701465852588
Amazon-Photo,gcn,12363,0.8823551553516571,SDRF,0.9301855407046008,-4.78303853529437
Amazon-Photo,gcn,12364,0.8832962480975752,SDRF,0.9374664072763252,-5.417015917875001
Amazon-Photo,gcn,12365,0.8807954671873887,SDRF,0.9391299277446432,-5.833446055725455
Amazon-Photo,gcn,12366,0.8727896169085974,SDRF,0.9305827678713898,-5.779315096279247
Amazon-Photo,gcn,12367,0.8955606540329357,SDRF,0.9402019714865726,-4.464131745363686
Amazon-Photo,gcn,12368,0.8980077433508695,SDRF,0.9419862732030302,-4.397852985216066
Amazon-Photo,gcn,12369,0.8886171375394335,SDRF,0.923058482444769,-3.444134490533546
Amazon-Photo,gcn,12370,0.887580860893155,SDRF,0.92488458320306,-3.7303722309904974
Amazon-Photo,gcn,12371,0.8844295027318562,SDRF,0.9288330253245736,-4.440352259271741
Amazon-Photo,gcn,12372,0.885456954846573,SDRF,0.9354779184597868,-5.002096361321373
Amazon-Photo,gcn,12373,0.8890125762501091,SDRF,0.9453520045494296,-5.633942829932048
Amazon-Photo,gcn,12374,0.8816061182382865,SDRF,0.933298637930966,-5.169251969267952
Amazon-Photo,sage,12345,0.888991189165363,SDRF,0.939373585321711,-5.038239615634799
Amazon-Photo,sage,12346,0.8952301516182748,SDRF,0.9437851592485612,-4.855500763028642
Amazon-Photo,sage,12347,0.8752407588902446,SDRF,0.9320682962998112,-5.68275374095667
Amazon-Photo,sage,12348,0.8972594149060722,SDRF,0.9441436520174478,-4.688423711137557
Amazon-Photo,sage,12349,0.8754014372763679,SDRF,0.9455308901184892,-7.012945284212135
Amazon-Photo,sage,12350,0.8803881820905657,SDRF,0.9423742844956984,-6.198610240513269
Amazon-Photo,sage,12351,0.8945122998352906,SDRF,0.9341526054516492,-3.9640305616358673
Amazon-Photo,sage,12352,0.8909924209995249,SDRF,0.939934185254952,-4.894176425542707
Amazon-Photo,sage,12353,0.8911115176272533,SDRF,0.9396405680663352,-4.852905043908196
Amazon-Photo,sage,12354,0.8944931788446893,SDRF,0.9327572366943002,-3.8264057849610955
Amazon-Photo,sage,12355,0.8863243757717616,SDRF,0.9434942722055204,-5.7169896433758804
Amazon-Photo,sage,12356,0.8939446652536719,SDRF,0.9517080694622568,-5.776340420858494
Amazon-Photo,sage,12357,0.8887850657163573,SDRF,0.9465286735371338,-5.774360782077648
Amazon-Photo,sage,12358,0.8909349279315604,SDRF,0.941178400783886,-5.024347285232567
Amazon-Photo,sage,12359,0.8883338174666752,SDRF,0.9397479918538814,-5.1414174387206195
Amazon-Photo,sage,12360,0.8842294085919438,SDRF,0.9428451000266308,-5.861569143468703
Amazon-Photo,sage,12361,0.8822857181233004,SDRF,0.9341269920354552,-5.184127391215487
Amazon-Photo,sage,12362,0.8902989987229878,SDRF,0.947144210700506,-5.684521197751824
Amazon-Photo,sage,12363,0.8802246496309878,SDRF,0.939049904568971,-5.882525493798319
Amazon-Photo,sage,12364,0.8920591564654312,SDRF,0.954433604775676,-6.237444831024474
Amazon-Photo,sage,12365,0.8878521004821484,SDRF,0.940885951469996,-5.303385098784763
Amazon-Photo,sage,12366,0.8795468699135707,SDRF,0.9277426664152216,-4.819579650165096
Amazon-Photo,sage,12367,0.8918360717034188,SDRF,0.9516340398052072,-5.979796810178839
Amazon-Photo,sage,12368,0.9032225124515532,SDRF,0.9524359838117034,-4.92134713601502
Amazon-Photo,sage,12369,0.8898282022697281,SDRF,0.9388443772988108,-4.9016175029082625
Amazon-Photo,sage,12370,0.8910873947792898,SDRF,0.928603780521,-3.7516385741710234
Amazon-Photo,sage,12371,0.8822445111630333,SDRF,0.9466418829839116,-6.439737182087835
Amazon-Photo,sage,12372,0.8840183341989001,SDRF,0.939670011789642,-5.565167759074196
Amazon-Photo,sage,12373,0.8966342617213922,SDRF,0.9461219724741564,-4.948771075276426
Amazon-Photo,sage,12374,0.8762434442045849,SDRF,0.9418660284780328,-6.5622584273447915
Coauthor-CS,gat,12345,0.914472473445883,SDRF,0.9101812535392736,0.42912199066094114
Coauthor-CS,gat,12346,0.914774071167952,SDRF,0.9154559741953172,-0.06819030273652604
Coauthor-CS,gat,12347,0.9234815380436228,SDRF,0.9132293402452348,1.025219779838793
Coauthor-CS,gat,12348,0.9121007135329298,SDRF,0.9054597602410775,0.6640953291852214
Coauthor-CS,gat,12349,0.9292527066348294,SDRF,0.9191762938019512,1.007641283287819
Coauthor-CS,gat,12350,0.9205796345866,SDRF,0.9241688091887698,-0.3589174602169787
Coauthor-CS,gat,12351,0.9276296752328336,SDRF,0.9150027369709264,1.2626938261907195
Coauthor-CS,gat,12352,0.9238040362471204,SDRF,0.92083711321271,0.29669230344103736
Coauthor-CS,gat,12353,0.9160578787906136,SDRF,0.9134843729207662,0.2573505869847392
Coauthor-CS,gat,12354,0.9213235016234028,SDRF,0.9179824621301236,0.3341039493279241
Coauthor-CS,gat,12355,0.909757053431264,SDRF,0.9137253170132456,-0.3968263581981546
Coauthor-CS,gat,12356,0.9277159485906809,SDRF,0.9240625559509114,0.36533926397694927
Coauthor-CS,gat,12357,0.9193064532882516,SDRF,0.921543903258865,-0.2237449970613481
Coauthor-CS,gat,12358,0.9220176326697378,SDRF,0.9132679715426542,0.8749661127083641
Coauthor-CS,gat,12359,0.9187892429406704,SDRF,0.9151297634529044,0.36594794877660153
Coauthor-CS,gat,12360,0.9224726258288312,SDRF,0.918203719201502,0.426890662732915
Coauthor-CS,gat,12361,0.9158948133972754,SDRF,0.9111276890463492,0.47671243509261885
Coauthor-CS,gat,12362,0.9172700424877446,SDRF,0.9138248474873236,0.3445195000420953
Coauthor-CS,gat,12363,0.9205730474421396,SDRF,0.9259709451557988,-0.5397897713659172
Coauthor-CS,gat,12364,0.9251145473087624,SDRF,0.9117267831868044,1.3387764121957968
Coauthor-CS,gat,12365,0.9298416998329022,SDRF,0.9155881165672094,1.4253583265692815
Coauthor-CS,gat,12366,0.91955875053528,SDRF,0.919107447576316,0.04513029589640061
Coauthor-CS,gat,12367,0.9132852863290954,SDRF,0.9091956417266848,0.40896446024106803
Coauthor-CS,gat,12368,0.9194582987690896,SDRF,0.9077881927187548,1.1670106050334805
Coauthor-CS,gat,12369,0.9175052326618016,SDRF,0.9151431315831738,0.23621010786277763
Coauthor-CS,gat,12370,0.917688135173648,SDRF,0.9249755461489836,-0.7287410975335584
Coauthor-CS,gat,12371,0.9125719346003358,SDRF,0.9133165592906736,-0.07446246903377585
Coauthor-CS,gat,12372,0.9233901899946338,SDRF,0.9132710950803806,1.0119094914253224
Coauthor-CS,gat,12373,0.9273985328370334,SDRF,0.9195270653587524,0.7871467478281047
Coauthor-CS,gat,12374,0.9226422092283848,SDRF,0.9237691611911854,-0.11269519628005487
Coauthor-CS,gcn,12345,0.919397704981994,SDRF,0.924027653483932,-0.4629948501937986
Coauthor-CS,gcn,12346,0.9182907054459816,SDRF,0.923161079185862,-0.4870373739880418
Coauthor-CS,gcn,12347,0.9310129318983849,SDRF,0.920708404971456,1.0304526926928848
Coauthor-CS,gcn,12348,0.9115817747994238,SDRF,0.9124070177355456,-0.08252429361217395
Coauthor-CS,gcn,12349,0.924899268940636,SDRF,0.9246273788523176,0.0271890088318405
Coauthor-CS,gcn,12350,0.9183717217767706,SDRF,0.9273575992852237,-0.8985877508453033
Coauthor-CS,gcn,12351,0.9279714431137646,SDRF,0.9261508239500948,0.18206191636697122
Coauthor-CS,gcn,12352,0.9307118354849412,SDRF,0.9262786396261355,0.44331958588056386
Coauthor-CS,gcn,12353,0.9213521669928306,SDRF,0.919983844807742,0.1368322185088644
Coauthor-CS,gcn,12354,0.916246008164386,SDRF,0.9257812909238772,-0.9535282759491226
Coauthor-CS,gcn,12355,0.9165287730094394,SDRF,0.922760196702617,-0.623142369317764
Coauthor-CS,gcn,12356,0.9301183089299072,SDRF,0.9264299684841916,0.3688340445715643
Coauthor-CS,gcn,12357,0.9191861984174676,SDRF,0.9275272954145868,-0.8341096997119157
Coauthor-CS,gcn,12358,0.9215516458405406,SDRF,0.9228754666035864,-0.13238207630458243
Coauthor-CS,gcn,12359,0.9190849369408338,SDRF,0.9286627865257816,-0.9577849584947784
Coauthor-CS,gcn,12360,0.9166486237966152,SDRF,0.9295965262784268,-1.2947902481811657
Coauthor-CS,gcn,12361,0.9207650294201049,SDRF,0.9222903098621064,-0.15252804420015087
Coauthor-CS,gcn,12362,0.9226696161899192,SDRF,0.9287495385480063,-0.6079922358087186
Coauthor-CS,gcn,12363,0.9174150548378524,SDRF,0.933792616414018,-1.6377561576165656
Coauthor-CS,gcn,12364,0.9261000343475796,SDRF,0.92562725122847,0.04727831191095877
Coauthor-CS,gcn,12365,0.9334802372696004,SDRF,0.9266994842253824,0.6780753044217991
Coauthor-CS,gcn,12366,0.9191405595949168,SDRF,0.9244929308659154,-0.5352371270998635
Coauthor-CS,gcn,12367,0.9177467499429453,SDRF,0.9194538985679852,-0.1707148625039956
Coauthor-CS,gcn,12368,0.9238066049456796,SDRF,0.9208686436806984,0.2937961264981137
Coauthor-CS,gcn,12369,0.9182466248265594,SDRF,0.9180691243341136,0.017750049244580346
Coauthor-CS,gcn,12370,0.9287043000382658,SDRF,0.924099547062349,0.46047529759167816
Coauthor-CS,gcn,12371,0.910974761726143,SDRF,0.9162675135707884,-0.5292751844645394
Coauthor-CS,gcn,12372,0.921088024968007,SDRF,0.9158739186184782,0.5214106349528791
Coauthor-CS,gcn,12373,0.9349157551993792,SDRF,0.9307912511751496,0.41245040242295916
Coauthor-CS,gcn,12374,0.9209280082107092,SDRF,0.9287385987340312,-0.7810590523322003
Coauthor-CS,sage,12345,0.931595334559184,SDRF,0.9306705614169132,0.09247731422707961
Coauthor-CS,sage,12346,0.9282202930705992,SDRF,0.9350827448913304,-0.6862451820731197
Coauthor-CS,sage,12347,0.9314011254244072,SDRF,0.933679022224076,-0.22778967996687216
Coauthor-CS,sage,12348,0.918107693187111,SDRF,0.9229068535478068,-0.479916036069572
Coauthor-CS,sage,12349,0.9375158717268872,SDRF,0.9329225724341572,0.4593299292730002
Coauthor-CS,sage,12350,0.9308491146363892,SDRF,0.9330290360260484,-0.21799213896591674
Coauthor-CS,sage,12351,0.9377442689822886,SDRF,0.93411733123303,0.36269377492585964
Coauthor-CS,sage,12352,0.9386961782772624,SDRF,0.9364638098132658,0.2232368463996548
Coauthor-CS,sage,12353,0.9305833910823004,SDRF,0.9318949772312518,-0.1311586148951438
Coauthor-CS,sage,12354,0.927525581933252,SDRF,0.9344111973507706,-0.6885615417518642
Coauthor-CS,sage,12355,0.9286037864493484,SDRF,0.9273724724856556,0.12313139636928039
Coauthor-CS,sage,12356,0.9361857700617924,SDRF,0.9357073199211856,0.04784501406067676
Coauthor-CS,sage,12357,0.9372119949513212,SDRF,0.9347097090956834,0.25022858556378313
Coauthor-CS,sage,12358,0.9340012602524476,SDRF,0.9378171931532588,-0.3815932900811281
Coauthor-CS,sage,12359,0.9311525015064578,SDRF,0.9342699197114176,-0.311741820495981
Coauthor-CS,sage,12360,0.9318148314778484,SDRF,0.9323915338651028,-0.05767023872543797
Coauthor-CS,sage,12361,0.934348114849416,SDRF,0.9275213646780294,0.6826750171386675
Coauthor-CS,sage,12362,0.9333947126335046,SDRF,0.9319779077283574,0.14168049051471732
Coauthor-CS,sage,12363,0.9321521050168208,SDRF,0.940476987458374,-0.8324882441553272
Coauthor-CS,sage,12364,0.9380689284995168,SDRF,0.9333668779914848,0.4702050508032074
Coauthor-CS,sage,12365,0.9384191819696992,SDRF,0.937319901599834,0.10992803698651743
Coauthor-CS,sage,12366,0.9286001928050778,SDRF,0.930261331217208,-0.16611384121302253
Coauthor-CS,sage,12367,0.9247979251093272,SDRF,0.9251276311763084,-0.0329706066981128
Coauthor-CS,sage,12368,0.9329720593190836,SDRF,0.927728049287175,0.5244010031908553
Coauthor-CS,sage,12369,0.9226134658798074,SDRF,0.921738973718418,0.08744921613894618
Coauthor-CS,sage,12370,0.9412729037815012,SDRF,0.9355425265096712,0.5730377271830012
Coauthor-CS,sage,12371,0.9233121440627438,SDRF,0.9272665017743396,-0.3954357711595802
Coauthor-CS,sage,12372,0.9351934448225002,SDRF,0.9211045924512048,1.4088852371295424
Coauthor-CS,sage,12373,0.9376075380563038,SDRF,0.941587065958117,-0.3979527901813218
Coauthor-CS,sage,12374,0.9313056860134192,SDRF,0.9395663509739944,-0.8260664960575204
Cora,gat,12345,0.8431677948520095,SDRF,0.871739603880071,-2.8571809028061446
Cora,gat,12346,0.8695303929730708,SDRF,0.851692119687858,1.7838273285212813
Cora,gat,12347,0.8670040600066456,SDRF,0.8825232543501277,-1.5519194343482035
Cora,gat,12348,0.8786033086531135,SDRF,0.8748587192519413,0.37445894011722825
Cora,gat,12349,0.8571508518712986,SDRF,0.876924682113262,-1.9773830241963442
Cora,gat,12350,0.86613838554894,SDRF,0.8836479391831998,-1.7509553634259878
Cora,gat,12351,0.8406468829679609,SDRF,0.8435729353134361,-0.2926052345475272
Cora,gat,12352,0.8422990422459129,SDRF,0.845595262712337,-0.32962204664240824
Cora,gat,12353,0.8565402252105354,SDRF,0.8871992273945306,-3.06590021839952
Cora,gat,12354,0.8841466644798716,SDRF,0.8662396005251721,1.7907063954699431
Cora,gat,12355,0.869949408055329,SDRF,0.8737081859614664,-0.3758777906137323
Cora,gat,12356,0.8806365842604303,SDRF,0.8646976230077076,1.593896125272276
Cora,gat,12357,0.8692796282317813,SDRF,0.8767221430341531,-0.7442514802371791
Cora,gat,12358,0.8402979878942124,SDRF,0.8396864756559161,0.061151223829625234
Cora,gat,12359,0.8570916432568254,SDRF,0.836346310133894,2.0745333122931364
Cora,gat,12360,0.847362820476396,SDRF,0.8504566243240885,-0.30938038476925334
Cora,gat,12361,0.8581770632757043,SDRF,0.8530169532522812,0.5160110023423092
Cora,gat,12362,0.8559463308972433,SDRF,0.8719147893046316,-1.5968458407388364
Cora,gat,12363,0.866051918788208,SDRF,0.8482564526593492,1.779546612885874
Cora,gat,12364,0.8401369013369028,SDRF,0.8424412719134956,-0.2304370576592829
Cora,gat,12365,0.87853023260204,SDRF,0.8595047205058167,1.9025512096223274
Cora,gat,12366,0.8594059562738293,SDRF,0.8613419695648904,-0.19360132910610783
Cora,gat,12367,0.8622643103487865,SDRF,0.867220455196403,-0.4956144847616528
Cora,gat,12368,0.8353931449374696,SDRF,0.8535235003120657,-1.8130355374596063
Cora,gat,12369,0.8346679066125354,SDRF,0.8218656303943197,1.2802276218215725
Cora,gat,12370,0.8658610390326696,SDRF,0.8559923650439375,0.9868673988732146
Cora,gat,12371,0.8532016975304828,SDRF,0.867652727574909,-1.445103004442616
Cora,gat,12372,0.8834310796827582,SDRF,0.8773128953620469,0.6118184320711317
Cora,gat,12373,0.8424235708705687,SDRF,0.8518437041296114,-0.9420133259042673
Cora,gat,12374,0.8842373364369298,SDRF,0.8573928667629082,2.6844469674021654
Cora,gcn,12345,0.8754323171528765,SDRF,0.8549635540241471,2.046876312872936
Cora,gcn,12346,0.8627949573379166,SDRF,0.8396545598625513,2.3140397475365226
Cora,gcn,12347,0.8592848214467604,SDRF,0.8823900746936049,-2.3105253246844426
Cora,gcn,12348,0.8665612452345809,SDRF,0.8648756389615136,0.16856062730672416
Cora,gcn,12349,0.8644870532789363,SDRF,0.8678261898437818,-0.3339136564845524
Cora,gcn,12350,0.864463075376289,SDRF,0.8966557159453579,-3.2192640569068898
Cora,gcn,12351,0.8461567877652124,SDRF,0.87483021250739,-2.86734247421776
Cora,gcn,12352,0.8331773200722925,SDRF,0.8513164105479623,-1.813909047566975
Cora,gcn,12353,0.8609115157559926,SDRF,0.8722392479523654,-1.1327732196372842
Cora,gcn,12354,0.861330805392942,SDRF,0.857579354508554,0.3751450884387997
Cora,gcn,12355,0.8414067095895824,SDRF,0.8786915531795036,-3.7284843589921235
Cora,gcn,12356,0.8683135458907698,SDRF,0.8625116270285016,0.5801918862268218
Cora,gcn,12357,0.8769087999201723,SDRF,0.8659107384406991,1.0998061479473242
Cora,gcn,12358,0.8396298557510741,SDRF,0.8049147071822313,3.4715148568842724
Cora,gcn,12359,0.8453795789174169,SDRF,0.855831773322903,-1.045219440548617
Cora,gcn,12360,0.849831593749436,SDRF,0.8587978448746106,-0.8966251125174685
Cora,gcn,12361,0.8347759679353363,SDRF,0.8506795679209131,-1.5903599985576888
Cora,gcn,12362,0.8586669330447779,SDRF,0.8725395960636245,-1.3872663018846598
Cora,gcn,12363,0.8527491906105221,SDRF,0.8430362997489468,0.9712890861575341
Cora,gcn,12364,0.8529335642750854,SDRF,0.8456769145194902,0.7256649755595146
Cora,gcn,12365,0.8779889420776288,SDRF,0.876997250792043,0.09916912855857385
Cora,gcn,12366,0.8573367635008797,SDRF,0.85207503455976,0.5261728941119759
Cora,gcn,12367,0.8644953095728025,SDRF,0.8618044538883444,0.2690855684458149
Cora,gcn,12368,0.8468835873412267,SDRF,0.8588408743017106,-1.1957286960483926
Cora,gcn,12369,0.8442474887770991,SDRF,0.8398032930083975,0.44441957687015865
Cora,gcn,12370,0.8693029329895466,SDRF,0.8657887414780242,0.35141915115224354
Cora,gcn,12371,0.851942550722973,SDRF,0.8710068423104621,-1.9064291587489124
Cora,gcn,12372,0.8939970976714867,SDRF,0.8872819762826784,0.6715121388808365
Cora,gcn,12373,0.8369412580541119,SDRF,0.8483636419417772,-1.1422383887665255
Cora,gcn,12374,0.8859383917456277,SDRF,0.8835967993026406,0.23415924429871504
Cora,sage,12345,0.8695378974123464,SDRF,0.8489298533263752,2.0608044085971278
Cora,sage,12346,0.8435263505787675,SDRF,0.8603204981626155,-1.6794147583848007
Cora,sage,12347,0.8553110408124753,SDRF,0.875470863199333,-2.015982238685765
Cora,sage,12348,0.8382340473791909,SDRF,0.8755793327922113,-3.73452854130204
Cora,sage,12349,0.8577990173941217,SDRF,0.8746679763067116,-1.6868958912589882
Cora,sage,12350,0.8682115557013422,SDRF,0.8614979960299799,0.6713559671362335
Cora,sage,12351,0.8305961991272597,SDRF,0.8447419818647932,-1.414578273753353
Cora,sage,12352,0.8466190150351364,SDRF,0.8494373965571488,-0.2818381522012414
Cora,sage,12353,0.8309072086871663,SDRF,0.8581280093586852,-2.7220800671518885
Cora,sage,12354,0.8632641457311869,SDRF,0.8533024493104948,0.9961696420692112
Cora,sage,12355,0.8545016779862625,SDRF,0.8741552171926511,-1.965353920638857
Cora,sage,12356,0.8646066649439355,SDRF,0.8855745059521674,-2.0967841008231902
Cora,sage,12357,0.8517565595128377,SDRF,0.8628381461505074,-1.1081586637669671
Cora,sage,12358,0.8276434770776246,SDRF,0.8001157492395119,2.7527727838112748
Cora,sage,12359,0.8251469645630071,SDRF,0.8479833236016932,-2.2836359038686083
Cora,sage,12360,0.8417716645436785,SDRF,0.8503428480606369,-0.8571183516958403
Cora,sage,12361,0.8470684312010677,SDRF,0.8299987170061384,1.7069714194929309
Cora,sage,12362,0.8598995464206016,SDRF,0.8343233488081998,2.557619761240182
Cora,sage,12363,0.8468763614148065,SDRF,0.8466466883509877,0.02296730638188249
Cora,sage,12364,0.8506730886029592,SDRF,0.8359162485640826,1.4756840038876562
Cora,sage,12365,0.8645830345264635,SDRF,0.8648231679140114,-0.02401333875479139
Cora,sage,12366,0.8370158506228357,SDRF,0.8573819734377947,-2.0366122814958976
Cora,sage,12367,0.8388706039031725,SDRF,0.8626494875711626,-2.377888366799008
Cora,sage,12368,0.830065215299206,SDRF,0.8376356770481669,-0.7570461748960922
Cora,sage,12369,0.8388217954513645,SDRF,0.8448453301889975,-0.6023534737633063
Cora,sage,12370,0.849873402236022,SDRF,0.8709683885443581,-2.109498630833606
Cora,sage,12371,0.8566616003282082,SDRF,0.8665357847426843,-0.9874184414476184
Cora,sage,12372,0.8686223251904697,SDRF,0.889379109607768,-2.0756784417298335
Cora,sage,12373,0.8129748579867356,SDRF,0.838561856471058,-2.558699848432233
Cora,sage,12374,0.85959561565329,SDRF,0.867088442379129,-0.7492826725838952
Cornell,gat,12345,0.4517016317016317,SDRF,0.3706195596518177,8.1082072049814
Cornell,gat,12346,0.4047435897435897,SDRF,0.3554978354978354,4.924575424575428
Cornell,gat,12347,0.3594053005817711,SDRF,0.3195084485407066,3.9896852041064523
Cornell,gat,12348,0.4238095238095238,SDRF,0.4771336996336996,-5.332417582417581
Cornell,gat,12349,0.5427642276422764,SDRF,0.3774358974358974,16.5328330206379
Cornell,gat,12350,0.3395488721804511,SDRF,0.3127257799671593,2.682309221329182
Cornell,gat,12351,0.3954248366013072,SDRF,0.3471428571428571,4.828197945845009
Cornell,gat,12352,0.2271557271557271,SDRF,0.3045196456961163,-7.736391854038918
Cornell,gat,12353,0.2062015503875969,SDRF,0.3084526284526284,-10.225107806503148
Cornell,gat,12354,0.3355555555555555,SDRF,0.451643086210149,-11.608753065459348
Cornell,gat,12355,0.4626984126984126,SDRF,0.453076923076923,0.9621489621489621
Cornell,gat,12356,0.3546153846153846,SDRF,0.205050505050505,14.95648795648796
Cornell,gat,12357,0.4196078431372549,SDRF,0.2314571607254534,18.815068241180153
Cornell,gat,12358,0.3288888888888889,SDRF,0.2986466165413534,3.0242272347535515
Cornell,gat,12359,0.5898076923076923,SDRF,0.2446886446886447,34.51190476190475
Cornell,gat,12360,0.2700854700854701,SDRF,0.2398484848484848,3.023698523698531
Cornell,gat,12361,0.4321678321678321,SDRF,0.3257142857142857,10.645354645354644
Cornell,gat,12362,0.3250700280112044,SDRF,0.2624561403508772,6.2613887660327165
Cornell,gat,12363,0.4073754152823919,SDRF,0.2354123354123354,17.196307987005653
Cornell,gat,12364,0.3542857142857142,SDRF,0.1828571428571428,17.14285714285714
Cornell,gat,12365,0.5148187759952465,SDRF,0.3098901098901098,20.492866610513673
Cornell,gat,12366,0.2628531887902203,SDRF,0.2475279106858054,1.532527810441489
Cornell,gat,12367,0.4241379310344827,SDRF,0.4261764705882352,-0.20385395537524942
Cornell,gat,12368,0.6237480798771121,SDRF,0.2276318276318276,39.61162522452845
Cornell,gat,12369,0.5001864801864802,SDRF,0.4874236874236874,1.276279276279274
Cornell,gat,12370,0.4390476190476191,SDRF,0.276982476982477,16.206514206514207
Cornell,gat,12371,0.4431966726084373,SDRF,0.3691086691086691,7.408800349976824
Cornell,gat,12372,0.4254873054873054,SDRF,0.3738095238095238,5.167778167778159
Cornell,gat,12373,0.3596701649175412,SDRF,0.3509803921568627,0.8689772760678505
Cornell,gat,12374,0.4296864111498258,SDRF,0.359047619047619,7.06387921022068
Cornell,gcn,12345,0.4114565826330532,SDRF,0.2896881496881497,12.176843294490347
Cornell,gcn,12346,0.3935198135198135,SDRF,0.33003003003003,6.348978348978351
Cornell,gcn,12347,0.4369047619047618,SDRF,0.2666666666666666,17.02380952380952
Cornell,gcn,12348,0.5411764705882354,SDRF,0.4475132275132275,9.36632430750079
Cornell,gcn,12349,0.486984126984127,SDRF,0.3762301587301587,11.075396825396833
Cornell,gcn,12350,0.2893939393939393,SDRF,0.4056195596518177,-11.622562025787836
Cornell,gcn,12351,0.3470265407107512,SDRF,0.2536531568789633,9.337338383178789
Cornell,gcn,12352,0.3057575757575758,SDRF,0.2680555555555555,3.770202020202029
Cornell,gcn,12353,0.3456565656565656,SDRF,0.2446428571428571,10.10137085137085
Cornell,gcn,12354,0.2286549707602339,SDRF,0.3703463203463203,-14.169134958608643
Cornell,gcn,12355,0.5080442433383611,SDRF,0.2748638838475499,23.318035949081118
Cornell,gcn,12356,0.4255606758832565,SDRF,0.2538140417457305,17.1746634137526
Cornell,gcn,12357,0.1878205128205128,SDRF,0.2706293706293706,-8.28088578088578
Cornell,gcn,12358,0.2698319327731092,SDRF,0.3701754385964912,-10.034350582338202
Cornell,gcn,12359,0.5754312759586593,SDRF,0.3265359477124183,24.8895328246241
Cornell,gcn,12360,0.2888963161021984,SDRF,0.2771706454465075,1.1725670655690912
Cornell,gcn,12361,0.399343022568829,SDRF,0.1711827956989247,22.81602268699043
Cornell,gcn,12362,0.3698850574712644,SDRF,0.3192082771030139,5.067678036825046
Cornell,gcn,12363,0.4508403361344538,SDRF,0.2498982498982498,20.0942086236204
Cornell,gcn,12364,0.3674242424242424,SDRF,0.1917460317460317,17.56782106782107
Cornell,gcn,12365,0.2770687645687645,SDRF,0.2422746521476104,3.47941124211541
Cornell,gcn,12366,0.2876964769647697,SDRF,0.409982174688057,-12.22856977232873
Cornell,gcn,12367,0.3033333333333333,SDRF,0.4551082251082251,-15.177489177489178
Cornell,gcn,12368,0.4376874003189792,SDRF,0.1658687258687258,27.181867445025336
Cornell,gcn,12369,0.4028571428571428,SDRF,0.3262337662337662,7.662337662337659
Cornell,gcn,12370,0.3866596638655462,SDRF,0.2192857142857143,16.737394957983188
Cornell,gcn,12371,0.3958585858585858,SDRF,0.3665244559362207,2.9334129922365113
Cornell,gcn,12372,0.384029304029304,SDRF,0.3406393606393606,4.33899433899434
Cornell,gcn,12373,0.2889400921658986,SDRF,0.396812865497076,-10.78727733311774
Cornell,gcn,12374,0.4780952380952381,SDRF,0.1954941116231439,28.260112647209418
Cornell,sage,12345,0.4869230769230769,SDRF,0.3722222222222222,11.470085470085472
Cornell,sage,12346,0.4185574229691877,SDRF,0.519047619047619,-10.04901960784313
Cornell,sage,12347,0.4438095238095238,SDRF,0.5593650793650794,-11.555555555555557
Cornell,sage,12348,0.5362573099415204,SDRF,0.5247058823529411,1.15514275885793
Cornell,sage,12349,0.4912280701754386,SDRF,0.5434676434676435,-5.223957329220491
Cornell,sage,12350,0.4718181818181818,SDRF,0.4656565656565656,0.6161616161616201
Cornell,sage,12351,0.511969111969112,SDRF,0.4860913280268119,2.5877783942300114
Cornell,sage,12352,0.4628482328482328,SDRF,0.5028571428571429,-4.00089100089101
Cornell,sage,12353,0.335966735966736,SDRF,0.5318197454420364,-19.585300947530037
Cornell,sage,12354,0.2644444444444444,SDRF,0.4396581196581197,-17.521367521367527
Cornell,sage,12355,0.598796992481203,SDRF,0.4552631578947368,14.353383458646618
Cornell,sage,12356,0.3564102564102563,SDRF,0.5674126492702344,-21.10023928599781
Cornell,sage,12357,0.4197802197802198,SDRF,0.3507507507507507,6.90294690294691
Cornell,sage,12358,0.4599067599067599,SDRF,0.5165732959850607,-5.666653607830085
Cornell,sage,12359,0.5158378207158695,SDRF,0.5312280701754386,-1.5390249459569127
Cornell,sage,12360,0.3032034632034632,SDRF,0.4529323308270676,-14.972886762360439
Cornell,sage,12361,0.5236974789915967,SDRF,0.4222084623323013,10.148901665929538
Cornell,sage,12362,0.5061605061605061,SDRF,0.5114676173499703,-0.5307111189464142
Cornell,sage,12363,0.4558823529411764,SDRF,0.5733333333333334,-11.745098039215696
Cornell,sage,12364,0.4538738738738739,SDRF,0.5819047619047619,-12.803088803088801
Cornell,sage,12365,0.5925074925074926,SDRF,0.5361904761904761,5.631701631701647
Cornell,sage,12366,0.2910216718266253,SDRF,0.2976623376623376,-0.6640665835712267
Cornell,sage,12367,0.5167388167388167,SDRF,0.5906595365418894,-7.392071980307269
Cornell,sage,12368,0.5531746031746032,SDRF,0.5515722520373684,0.16023511372348365
Cornell,sage,12369,0.5267367757690339,SDRF,0.54004329004329,-1.330651427425611
Cornell,sage,12370,0.4656370656370656,SDRF,0.5137529137529138,-4.811584811584818
Cornell,sage,12371,0.4823684210526315,SDRF,0.4138888888888889,6.8479532163742585
Cornell,sage,12372,0.5602614379084967,SDRF,0.5302231237322516,3.003831417624514
Cornell,sage,12373,0.4570263070263071,SDRF,0.4990476190476191,-4.2021312021311985
Cornell,sage,12374,0.3809829059829059,SDRF,0.661394025604552,-28.041111962164607
Minesweeper,gat,12345,0.5868240417424555,SDRF,0.757321664922261,-17.049762317980555
Minesweeper,gat,12346,0.5380907591825403,SDRF,0.7466554561706022,-20.85646969880619
Minesweeper,gat,12347,0.5968259204280976,SDRF,0.7472408036863281,-15.04148832582305
Minesweeper,gat,12348,0.5734189346841359,SDRF,0.7532759471462251,-17.98570124620893
Minesweeper,gat,12349,0.5480713073949439,SDRF,0.7417153996101364,-19.364409221519253
Minesweeper,gat,12350,0.5791829981118316,SDRF,0.7548145260244501,-17.56315279126185
Minesweeper,gat,12351,0.5750229176122963,SDRF,0.7480072404256266,-17.29843228133303
Minesweeper,gat,12352,0.5504327534315467,SDRF,0.7525265699513748,-20.209381651982806
Minesweeper,gat,12353,0.5770885180654436,SDRF,0.7432685714285714,-16.61800533631278
Minesweeper,gat,12354,0.557278498792067,SDRF,0.7776502903910449,-22.03717915989779
Minesweeper,gat,12355,0.5805479668654855,SDRF,0.7470987556575261,-16.655078879204066
Minesweeper,gat,12356,0.5328733125630869,SDRF,0.7538011904903724,-22.09278779272855
Minesweeper,gat,12357,0.5414358996291095,SDRF,0.7465168378868072,-20.50809382576977
Minesweeper,gat,12358,0.5835894588645872,SDRF,0.7494072287661409,-16.58177699015536
Minesweeper,gat,12359,0.5743676968178211,SDRF,0.7218281454282456,-14.746044861042451
Minesweeper,gat,12360,0.5764205988215179,SDRF,0.7474890055771993,-17.106840675568147
Minesweeper,gat,12361,0.56050987496672,SDRF,0.7470907959007758,-18.658092093405575
Minesweeper,gat,12362,0.5463308226136462,SDRF,0.7538461538461538,-20.751533123250766
Minesweeper,gat,12363,0.5505067015364498,SDRF,0.7574916211176876,-20.69849195812379
Minesweeper,gat,12364,0.6314167001742393,SDRF,0.7513092098101932,-11.989250963595389
Minesweeper,gat,12365,0.548563839013113,SDRF,0.7379744042365401,-18.941056522342713
Minesweeper,gat,12366,0.5715741717852278,SDRF,0.7609855281254736,-18.941135634024576
Minesweeper,gat,12367,0.558370801937131,SDRF,0.74095265796207,-18.258185602493903
Minesweeper,gat,12368,0.5791494663988139,SDRF,0.7510777360589626,-17.192826966014863
Minesweeper,gat,12369,0.5794729394174032,SDRF,0.7358002045661274,-15.63272651487242
Minesweeper,gat,12370,0.5721680466721768,SDRF,0.7531613690871307,-18.099332241495393
Minesweeper,gat,12371,0.6198114059987964,SDRF,0.7588269342079876,-13.901552820919127
Minesweeper,gat,12372,0.5717909988121599,SDRF,0.7631729182742677,-19.13819194621078
Minesweeper,gat,12373,0.5697540354620705,SDRF,0.750791520115089,-18.103748465301848
Minesweeper,gat,12374,0.5819022789609287,SDRF,0.7741943850687563,-19.229210610782754
Minesweeper,gcn,12345,0.6580833933874495,SDRF,0.6371183722042814,2.096502118316812
Minesweeper,gcn,12346,0.6330276900185808,SDRF,0.6155205482085476,1.750714181003321
Minesweeper,gcn,12347,0.6608776844070962,SDRF,0.6215786992233058,3.929898518379038
Minesweeper,gcn,12348,0.610530177118195,SDRF,0.6153569283564675,-0.48267512382724753
Minesweeper,gcn,12349,0.5924327322482238,SDRF,0.5734587024071425,1.897402984108132
Minesweeper,gcn,12350,0.6020396228793801,SDRF,0.5530087758555471,4.903084702383298
Minesweeper,gcn,12351,0.6309689562706271,SDRF,0.5826086956521739,4.836026061845322
Minesweeper,gcn,12352,0.587247750051594,SDRF,0.5695640757546179,1.7683674296976148
Minesweeper,gcn,12353,0.6082750095476507,SDRF,0.599768771257793,0.8506238289857637
Minesweeper,gcn,12354,0.6281929875679876,SDRF,0.5714070915966281,5.678589597135952
Minesweeper,gcn,12355,0.6241530572317071,SDRF,0.6025042233926264,2.1648833839080672
Minesweeper,gcn,12356,0.5995673676301818,SDRF,0.5757957541397032,2.3771613490478627
Minesweeper,gcn,12357,0.6296875,SDRF,0.6077694459855277,2.191805401447222
Minesweeper,gcn,12358,0.6344734147694431,SDRF,0.5983625297598232,3.6110885009619897
Minesweeper,gcn,12359,0.6204143664952414,SDRF,0.5602998078848391,6.011455861040227
Minesweeper,gcn,12360,0.5961706129216842,SDRF,0.5652636675856093,3.0906945336074854
Minesweeper,gcn,12361,0.6211910392265739,SDRF,0.577042014672942,4.41490245536319
Minesweeper,gcn,12362,0.5893590147572125,SDRF,0.5489739156581223,4.038509909909028
Minesweeper,gcn,12363,0.6377378940398066,SDRF,0.5774665731203683,6.027132091943832
Minesweeper,gcn,12364,0.6057492896963388,SDRF,0.5957969765613846,0.9952313134954149
Minesweeper,gcn,12365,0.6389712287840785,SDRF,0.5581087052585064,8.08625235255721
Minesweeper,gcn,12366,0.667865727683673,SDRF,0.5651989265469312,10.266680113674187
Minesweeper,gcn,12367,0.6228227150450536,SDRF,0.5940488913161226,2.8773823728931003
Minesweeper,gcn,12368,0.6538575261130106,SDRF,0.601687507126297,5.217001898671358
Minesweeper,gcn,12369,0.6282561630397752,SDRF,0.5582199893716693,7.003617366810588
Minesweeper,gcn,12370,0.6370027977025339,SDRF,0.6040853345952127,3.291746310732113
Minesweeper,gcn,12371,0.6098700000144492,SDRF,0.5591200554990048,5.074994451544446
Minesweeper,gcn,12372,0.6381578947368421,SDRF,0.6112530620101608,2.6904832726681316
Minesweeper,gcn,12373,0.5981657748061785,SDRF,0.5724688971122649,2.56968776939136
Minesweeper,gcn,12374,0.6319947344444823,SDRF,0.6190236089168193,1.2971125527662997
Minesweeper,sage,12345,0.6883116883116883,SDRF,0.8089367983254734,-12.062511001378507
Minesweeper,sage,12346,0.6789554351768436,SDRF,0.8250371795993352,-14.608174442249155
Minesweeper,sage,12347,0.685567550571219,SDRF,0.8233799640419721,-13.781241347075312
Minesweeper,sage,12348,0.6942703945739641,SDRF,0.800707527975383,-10.643713340141892
Minesweeper,sage,12349,0.671628952534345,SDRF,0.7990796271075464,-12.745067457320147
Minesweeper,sage,12350,0.6804860712430629,SDRF,0.7869378483285835,-10.645177708552056
Minesweeper,sage,12351,0.6888563520993083,SDRF,0.7951460691575798,-10.628971705827151
Minesweeper,sage,12352,0.6992892866543827,SDRF,0.8068511278803123,-10.756184122592959
Minesweeper,sage,12353,0.6913767631999677,SDRF,0.8174352574710564,-12.605849427108872
Minesweeper,sage,12354,0.6859625248613002,SDRF,0.8196010296371455,-13.363850477584538
Minesweeper,sage,12355,0.6860869503876297,SDRF,0.8029807984772221,-11.689384808959247
Minesweeper,sage,12356,0.6933822213755567,SDRF,0.8146409025476534,-12.12586811720967
Minesweeper,sage,12357,0.6790641831627825,SDRF,0.7979585766785436,-11.889439351576115
Minesweeper,sage,12358,0.7025516816453141,SDRF,0.8088867654085046,-10.633508376319046
Minesweeper,sage,12359,0.6772691680951475,SDRF,0.8144334833828177,-13.716431528767025
Minesweeper,sage,12360,0.6667817889305605,SDRF,0.7975165612857451,-13.07347723551846
Minesweeper,sage,12361,0.6724366564762823,SDRF,0.7929875565727482,-12.055090009646596
Minesweeper,sage,12362,0.7032997775574794,SDRF,0.8135533883470868,-11.025361078960739
Minesweeper,sage,12363,0.6932605766327997,SDRF,0.8105820453695137,-11.7321468736714
Minesweeper,sage,12364,0.6989736629074534,SDRF,0.8024539954864689,-10.348033257901545
Minesweeper,sage,12365,0.6775336640680368,SDRF,0.816708716253794,-13.917505218575721
Minesweeper,sage,12366,0.6869122675844661,SDRF,0.820588524481636,-13.367625689716988
Minesweeper,sage,12367,0.6800040678934931,SDRF,0.7746142167780723,-9.46101488845792
Minesweeper,sage,12368,0.6771673068735291,SDRF,0.8094062513931544,-13.223894451962526
Minesweeper,sage,12369,0.6970104432791,SDRF,0.8149326706468265,-11.79222273677265
Minesweeper,sage,12370,0.6905695277842421,SDRF,0.8056846587225026,-11.511513093826053
Minesweeper,sage,12371,0.6626567918147181,SDRF,0.8203069875424824,-15.765019572776428
Minesweeper,sage,12372,0.7097509138895831,SDRF,0.8266960724298609,-11.694515854027776
Minesweeper,sage,12373,0.6755056116366509,SDRF,0.7888949051155115,-11.338929347886062
Minesweeper,sage,12374,0.6858120558041589,SDRF,0.8190889255909632,-13.32768697868043
Pubmed,gat,12345,0.8552764308698189,SDRF,0.8701059395844505,-1.4829508714631623
Pubmed,gat,12346,0.8705893639138997,SDRF,0.869097417408392,0.14919465055077685
Pubmed,gat,12347,0.8608180811564585,SDRF,0.8538191671864563,0.6998913970002185
Pubmed,gat,12348,0.864388574185247,SDRF,0.8614265894137901,0.2961984771456816
Pubmed,gat,12349,0.8573540227425984,SDRF,0.8551983579043888,0.21556648382096144
Pubmed,gat,12350,0.8562599640274643,SDRF,0.8544884337800239,0.1771530247440367
Pubmed,gat,12351,0.8704932308440712,SDRF,0.8677665589543366,0.2726671889734522
Pubmed,gat,12352,0.8736871987172478,SDRF,0.8674620952158509,0.6225103501396823
Pubmed,gat,12353,0.8644636395082249,SDRF,0.8646012644699962,-0.013762496177127659
Pubmed,gat,12354,0.8585986144893258,SDRF,0.8507301111953568,0.7868503293969042
Pubmed,gat,12355,0.8648169047218878,SDRF,0.8649833990943292,-0.016649437244142806
Pubmed,gat,12356,0.8677992038351943,SDRF,0.8630872238572304,0.47119799779639093
Pubmed,gat,12357,0.8688641972471115,SDRF,0.8612053817220744,0.765881552503711
Pubmed,gat,12358,0.861901273423979,SDRF,0.8652008800886085,-0.3299606664629473
Pubmed,gat,12359,0.8648181902275947,SDRF,0.8587508465312382,0.606734369635642
Pubmed,gat,12360,0.8623967963832376,SDRF,0.8608515066080167,0.15452897752209482
Pubmed,gat,12361,0.8625510704444567,SDRF,0.8705960215258268,-0.8044951081370155
Pubmed,gat,12362,0.8586224667729843,SDRF,0.8679072891405334,-0.9284822367549128
Pubmed,gat,12363,0.8632754807855679,SDRF,0.8558968895249114,0.7378591260656542
Pubmed,gat,12364,0.8633034677504009,SDRF,0.8578618083884404,0.5441659361960505
Pubmed,gat,12365,0.8621254115351302,SDRF,0.845018434085664,1.710697744946621
Pubmed,gat,12366,0.865359773998562,SDRF,0.8647440462061872,0.061572779237484276
Pubmed,gat,12367,0.8621011207417383,SDRF,0.861773130173988,0.032799056775023594
Pubmed,gat,12368,0.8640244856717794,SDRF,0.8661255115072849,-0.21010258355055322
Pubmed,gat,12369,0.8724199854687865,SDRF,0.8739029511624049,-0.14829656936183877
Pubmed,gat,12370,0.8730807091553802,SDRF,0.8637657858364983,0.931492331888184
Pubmed,gat,12371,0.8743937770418139,SDRF,0.8749736821436859,-0.05799051018720025
Pubmed,gat,12372,0.870737002347519,SDRF,0.8733887618477135,-0.26517595001944727
Pubmed,gat,12373,0.8690412245877202,SDRF,0.8594899896104784,0.9551234977241752
Pubmed,gat,12374,0.8705966241802146,SDRF,0.8705531593552708,0.004346482494377302
Pubmed,gcn,12345,0.8584330917851776,SDRF,0.8651565440552821,-0.6723452270104513
Pubmed,gcn,12346,0.8599425379283203,SDRF,0.8660544655345427,-0.6111927606222367
Pubmed,gcn,12347,0.857084082235079,SDRF,0.8576797672031696,-0.05956849680905929
Pubmed,gcn,12348,0.8618434197850728,SDRF,0.8673204078697748,-0.5476988084701984
Pubmed,gcn,12349,0.8581881381581393,SDRF,0.8597853837186413,-0.1597245560502003
Pubmed,gcn,12350,0.8603113915691053,SDRF,0.8586133503126367,0.1698041256468552
Pubmed,gcn,12351,0.8639129362190309,SDRF,0.8596421480824299,0.4270788136600978
Pubmed,gcn,12352,0.8674417314588423,SDRF,0.8659500328816573,0.14916985771850078
Pubmed,gcn,12353,0.8646728349346847,SDRF,0.8734209581112585,-0.8748123176573808
Pubmed,gcn,12354,0.8540014227608731,SDRF,0.8522350522616811,0.17663704991920381
Pubmed,gcn,12355,0.8561151760519224,SDRF,0.8623269257446681,-0.6211749692745627
Pubmed,gcn,12356,0.8696681277629098,SDRF,0.8704151066068021,-0.07469788438922986
Pubmed,gcn,12357,0.8634430882583133,SDRF,0.8680411803436158,-0.45980920853024854
Pubmed,gcn,12358,0.8604667073315095,SDRF,0.8650180330695286,-0.4551325738019085
Pubmed,gcn,12359,0.85489133080036,SDRF,0.8602893557178563,-0.5398024917496302
Pubmed,gcn,12360,0.8596009810509302,SDRF,0.8576164621533039,0.19845188976262973
Pubmed,gcn,12361,0.8654655202754263,SDRF,0.8678433211395933,-0.23778008641669457
Pubmed,gcn,12362,0.866502097673156,SDRF,0.8726081521031176,-0.6106054429961594
Pubmed,gcn,12363,0.8660031927436743,SDRF,0.8596782309154843,0.6324961828189979
Pubmed,gcn,12364,0.8635094816106804,SDRF,0.8612028248500514,0.23066567606290223
Pubmed,gcn,12365,0.8652835149684989,SDRF,0.856541914231656,0.8741600736842825
Pubmed,gcn,12366,0.8639295057763156,SDRF,0.8690537271764683,-0.5124221400152784
Pubmed,gcn,12367,0.8615600605845574,SDRF,0.8693367853750914,-0.777672479053404
Pubmed,gcn,12368,0.863570586851872,SDRF,0.8643183806204005,-0.07477937685284042
Pubmed,gcn,12369,0.8680721984222225,SDRF,0.8710752480252166,-0.30030496029941345
Pubmed,gcn,12370,0.8736890931971989,SDRF,0.8667868034710224,0.6902289726176458
Pubmed,gcn,12371,0.8720738764451917,SDRF,0.8746612346080366,-0.2587358162844833
Pubmed,gcn,12372,0.8698895001877114,SDRF,0.8712931025939786,-0.14036024062672459
Pubmed,gcn,12373,0.8665180776901522,SDRF,0.8631847764234214,0.3333301266730815
Pubmed,gcn,12374,0.8544869019679666,SDRF,0.867771107511707,-1.3284205543740435
Pubmed,sage,12345,0.8785928510903567,SDRF,0.8871068525381394,-0.8514001447782693
Pubmed,sage,12346,0.8906162602455038,SDRF,0.9008123868077128,-1.019612656220903
Pubmed,sage,12347,0.8788836216889285,SDRF,0.8866640752701084,-0.7780453581179847
Pubmed,sage,12348,0.8773663188658766,SDRF,0.8893865532087509,-1.2020234342874359
Pubmed,sage,12349,0.877368126378575,SDRF,0.8848251962494098,-0.7457069870834832
Pubmed,sage,12350,0.8706764529038816,SDRF,0.8763814668059448,-0.5705013902063127
Pubmed,sage,12351,0.8797416216178839,SDRF,0.8880739185845661,-0.833229696668214
Pubmed,sage,12352,0.883625762124585,SDRF,0.891873463502749,-0.8247701378163996
Pubmed,sage,12353,0.8796844947591161,SDRF,0.8883994137596157,-0.8714919000499588
Pubmed,sage,12354,0.8750884735515286,SDRF,0.8743839819279389,0.07044916235897647
Pubmed,sage,12355,0.8819801078236829,SDRF,0.8897767086154226,-0.7796600791739716
Pubmed,sage,12356,0.8826014232048468,SDRF,0.8966485662036107,-1.4047142998763862
Pubmed,sage,12357,0.8812783814648902,SDRF,0.8888237547414161,-0.7545373276525824
Pubmed,sage,12358,0.8740436406725581,SDRF,0.8849667108765426,-1.092307020398442
Pubmed,sage,12359,0.8729571427142315,SDRF,0.8811961875892623,-0.8239044875030799
Pubmed,sage,12360,0.8713089648647939,SDRF,0.8877341349950588,-1.64251701302649
Pubmed,sage,12361,0.881414520678292,SDRF,0.8950220848255827,-1.3607564147290696
Pubmed,sage,12362,0.87744723667057,SDRF,0.8933678939862381,-1.5920657315668052
Pubmed,sage,12363,0.8830680144195714,SDRF,0.8946601367119694,-1.1592122292398033
Pubmed,sage,12364,0.8781384715954599,SDRF,0.8885434485450898,-1.040497694962994
Pubmed,sage,12365,0.8750691867148873,SDRF,0.8784867769405152,-0.3417590225627931
Pubmed,sage,12366,0.8792485463634692,SDRF,0.8992895621047788,-2.0041015741309676
Pubmed,sage,12367,0.8831927515944836,SDRF,0.8864483760496426,-0.3255624455158923
Pubmed,sage,12368,0.8798592134908844,SDRF,0.8899003369065192,-1.004112341563479
Pubmed,sage,12369,0.8821199670834708,SDRF,0.8943849400593095,-1.2264972975838617
Pubmed,sage,12370,0.88611894581783,SDRF,0.8941417246830324,-0.8022778865202418
Pubmed,sage,12371,0.8820509979232646,SDRF,0.8972670401838773,-1.5216042260612683
Pubmed,sage,12372,0.8883840385074041,SDRF,0.895021364298577,-0.6637325791172932
Pubmed,sage,12373,0.8840041602831881,SDRF,0.8880499277232256,-0.40457674400374843
Pubmed,sage,12374,0.8813211128566311,SDRF,0.8859994118615777,-0.4678299004946651
Roman-Empire,gat,12345,0.4033299897297414,SDRF,0.3893238470369831,1.4006142692758294
Roman-Empire,gat,12346,0.4091350891240402,SDRF,0.383772076308575,2.536301281546516
Roman-Empire,gat,12347,0.3834546847400094,SDRF,0.3813254676409141,0.2129217099095304
Roman-Empire,gat,12348,0.4060506692317361,SDRF,0.3909274716738684,1.512319755786773
Roman-Empire,gat,12349,0.388725266325007,SDRF,0.3846588898681873,0.4066376456819676
Roman-Empire,gat,12350,0.4056403389844399,SDRF,0.3904826425158701,1.5157696468569792
Roman-Empire,gat,12351,0.4077976617476572,SDRF,0.3881829422106578,1.9614719536999392
Roman-Empire,gat,12352,0.4004825350891397,SDRF,0.389719160784707,1.076337430443275
Roman-Empire,gat,12353,0.4102013110383136,SDRF,0.3901370087254913,2.00643023128223
Roman-Empire,gat,12354,0.3978877710113678,SDRF,0.3755146157653631,2.2373155246004695
Roman-Empire,gat,12355,0.4054100080324775,SDRF,0.3949322038883389,1.0477804144138625
Roman-Empire,gat,12356,0.3953373462107973,SDRF,0.3744908451075568,2.084650110324049
Roman-Empire,gat,12357,0.3875525023761075,SDRF,0.38084560139981,0.6706900976297503
Roman-Empire,gat,12358,0.407439535093164,SDRF,0.3802399178880262,2.7199617205137807
Roman-Empire,gat,12359,0.4007237637091883,SDRF,0.3875917582388097,1.3132005470378572
Roman-Empire,gat,12360,0.4204917050122058,SDRF,0.3830884633103358,3.740324170186998
Roman-Empire,gat,12361,0.3928744316595371,SDRF,0.3921884858227988,0.06859458367383109
Roman-Empire,gat,12362,0.4000920078030154,SDRF,0.393383520559766,0.6708487243249406
Roman-Empire,gat,12363,0.4020585383077267,SDRF,0.3985482083250267,0.3510329982700011
Roman-Empire,gat,12364,0.4009236362208796,SDRF,0.3706155220290524,3.030811419182722
Roman-Empire,gat,12365,0.4098707925455156,SDRF,0.375540764122703,3.433002842281263
Roman-Empire,gat,12366,0.408956995415844,SDRF,0.3883697416161055,2.0587253799738523
Roman-Empire,gat,12367,0.4110614177851564,SDRF,0.3852585383004989,2.5802879484657537
Roman-Empire,gat,12368,0.3982309910813239,SDRF,0.407211231140157,-0.8980240058833078
Roman-Empire,gat,12369,0.3983040777500938,SDRF,0.4106383934195656,-1.2334315669471796
Roman-Empire,gat,12370,0.3814974455883627,SDRF,0.4058202688593531,-2.4322823270990392
Roman-Empire,gat,12371,0.4250313884321735,SDRF,0.4009673674694584,2.4064020962715094
Roman-Empire,gat,12372,0.4102601529644734,SDRF,0.3842725322917916,2.598762067268179
Roman-Empire,gat,12373,0.3938797014113344,SDRF,0.4005597851069624,-0.6680083695628003
Roman-Empire,gat,12374,0.3915497193242859,SDRF,0.3818817005179227,0.9668018806363199
Roman-Empire,gcn,12345,0.3786037899042027,SDRF,0.3645400233542726,1.406376654993008
Roman-Empire,gcn,12346,0.385924194773322,SDRF,0.4005484882057286,-1.4624293432406565
Roman-Empire,gcn,12347,0.3798587187109666,SDRF,0.3641176551252509,1.5741063585715698
Roman-Empire,gcn,12348,0.3794139954565237,SDRF,0.3523869193255059,2.7027076131017793
Roman-Empire,gcn,12349,0.3856698835487822,SDRF,0.3618082578269289,2.38616257218533
Roman-Empire,gcn,12350,0.3833240755962815,SDRF,0.374673239040232,0.8650836556049535
Roman-Empire,gcn,12351,0.3761326164779319,SDRF,0.3840121261810076,-0.7879509703075716
Roman-Empire,gcn,12352,0.3746284339422825,SDRF,0.3690363951394457,0.5592038802836818
Roman-Empire,gcn,12353,0.3827651403206772,SDRF,0.3683960661986029,1.4369074122074332
Roman-Empire,gcn,12354,0.3635494814319013,SDRF,0.3566868442698194,0.6862637162081908
Roman-Empire,gcn,12355,0.3828905913402957,SDRF,0.3606810554620401,2.220953587825558
Roman-Empire,gcn,12356,0.3805284402227492,SDRF,0.3684311240449314,1.2097316177817785
Roman-Empire,gcn,12357,0.3694251926432579,SDRF,0.3447743867217145,2.4650805921543393
Roman-Empire,gcn,12358,0.3746558489323587,SDRF,0.3611589744293768,1.3496874502981926
Roman-Empire,gcn,12359,0.3855147575112249,SDRF,0.3791801183620437,0.6334639149181198
Roman-Empire,gcn,12360,0.3763006476806197,SDRF,0.3721705506709698,0.4130097009649891
Roman-Empire,gcn,12361,0.3805057237730416,SDRF,0.3636499655475678,1.6855758225473805
Roman-Empire,gcn,12362,0.3744300311732909,SDRF,0.3796719946604468,-0.5241963487155943
Roman-Empire,gcn,12363,0.3902754852910676,SDRF,0.3669477170994139,2.332776819165372
Roman-Empire,gcn,12364,0.3894736100989758,SDRF,0.3756026325936519,1.38709775053239
Roman-Empire,gcn,12365,0.380590688698707,SDRF,0.3556696071355761,2.4921081563130887
Roman-Empire,gcn,12366,0.3671610212841172,SDRF,0.3732305560551353,-0.606953477101807
Roman-Empire,gcn,12367,0.3747294436841199,SDRF,0.3752139882163309,-0.048454453221097316
Roman-Empire,gcn,12368,0.3951631068240795,SDRF,0.3662608434208168,2.890226340326274
Roman-Empire,gcn,12369,0.3799629184656612,SDRF,0.3685255837582547,1.1437334707406488
Roman-Empire,gcn,12370,0.3692628238849196,SDRF,0.3708185009471694,-0.1555677062249794
Roman-Empire,gcn,12371,0.3946361045995871,SDRF,0.3598002702794769,3.483583432011017
Roman-Empire,gcn,12372,0.3915521451657724,SDRF,0.3660803224644503,2.547182270132209
Roman-Empire,gcn,12373,0.371186548233018,SDRF,0.36690283943322,0.4283708799798003
Roman-Empire,gcn,12374,0.3697792946161525,SDRF,0.3738586205716439,-0.4079325955491375
Roman-Empire,sage,12345,0.6092251074483017,SDRF,0.7958118770521198,-18.658676960381804
Roman-Empire,sage,12346,0.6340610846946096,SDRF,0.8048049841085619,-17.07438994139523
Roman-Empire,sage,12347,0.6190298445891007,SDRF,0.7854610378127478,-16.643119322364708
Roman-Empire,sage,12348,0.6192967958665334,SDRF,0.7774701726082536,-15.817337674172016
Roman-Empire,sage,12349,0.6179933580337388,SDRF,0.785519091804739,-16.75257337710002
Roman-Empire,sage,12350,0.6207413992703478,SDRF,0.7944048953650282,-17.366349609468045
Roman-Empire,sage,12351,0.6297291621814448,SDRF,0.7896048459242972,-15.987568374285244
Roman-Empire,sage,12352,0.6215532964610343,SDRF,0.7900806603354102,-16.852736387437595
Roman-Empire,sage,12353,0.6190220193233177,SDRF,0.7921672703901753,-17.314525106685764
Roman-Empire,sage,12354,0.6291142609154903,SDRF,0.7886803482847682,-15.956608736927791
Roman-Empire,sage,12355,0.6238631499670633,SDRF,0.7751627839426563,-15.129963397559298
Roman-Empire,sage,12356,0.6298187729448858,SDRF,0.7746385274839914,-14.481975453910568
Roman-Empire,sage,12357,0.6200981220360975,SDRF,0.7860375374170799,-16.593941538098246
Roman-Empire,sage,12358,0.618513786077658,SDRF,0.8026573358781491,-18.41435498004912
Roman-Empire,sage,12359,0.6137758554891353,SDRF,0.8002007044842381,-18.64248489951028
Roman-Empire,sage,12360,0.6186421981402929,SDRF,0.7908982343891999,-17.225603624890706
Roman-Empire,sage,12361,0.6155807736757455,SDRF,0.7838224432384678,-16.824166956272236
Roman-Empire,sage,12362,0.6282295485982605,SDRF,0.7950997612230317,-16.68702126247712
Roman-Empire,sage,12363,0.6295853894964953,SDRF,0.7939356525481789,-16.435026305168353
Roman-Empire,sage,12364,0.6276439078231167,SDRF,0.8032208030843887,-17.557689526127195
Roman-Empire,sage,12365,0.6104700032250485,SDRF,0.7811084335521392,-17.06384303270907
Roman-Empire,sage,12366,0.6225856110401984,SDRF,0.8016159788155078,-17.903036777530946
Roman-Empire,sage,12367,0.6227499602611829,SDRF,0.7900504265910747,-16.730046632989183
Roman-Empire,sage,12368,0.6192982235187323,SDRF,0.7878416605098404,-16.854343699110807
Roman-Empire,sage,12369,0.6107413090415976,SDRF,0.8041126265154966,-19.3371317473899
Roman-Empire,sage,12370,0.6126283567016446,SDRF,0.798208756355634,-18.558039965398944
Roman-Empire,sage,12371,0.637654673094228,SDRF,0.7955197148782504,-15.78650417840224
Roman-Empire,sage,12372,0.6193808208382099,SDRF,0.7861154766786038,-16.67346558403939
Roman-Empire,sage,12373,0.6143317943425034,SDRF,0.793312805440689,-17.898101109818565
Roman-Empire,sage,12374,0.6302773484445331,SDRF,0.7944734299941678,-16.419608154963473
Texas,gat,12345,0.5325396825396825,SDRF,0.63003663003663,-9.749694749694749
Texas,gat,12346,0.3884983261597322,SDRF,0.4137115839243498,-2.5213257764617634
Texas,gat,12347,0.3308348834664624,SDRF,0.301131221719457,2.9703661747005397
Texas,gat,12348,0.3964285714285714,SDRF,0.2973856209150327,9.904295051353873
Texas,gat,12349,0.5214285714285714,SDRF,0.369551282051282,15.187728937728934
Texas,gat,12350,0.4168992248062015,SDRF,0.3272874493927126,8.961177541348892
Texas,gat,12351,0.4555555555555555,SDRF,0.4047619047619047,5.079365079365078
Texas,gat,12352,0.4714839424141749,SDRF,0.2267732267732267,24.47107156409482
Texas,gat,12353,0.5517482517482517,SDRF,0.2957317073170732,25.601654443117848
Texas,gat,12354,0.6568181818181819,SDRF,0.3458333333333333,31.09848484848485
Texas,gat,12355,0.4339285714285714,SDRF,0.288981288981289,14.49472824472824
Texas,gat,12356,0.6062741312741313,SDRF,0.4042735042735043,20.200062700062706
Texas,gat,12357,0.5233427038078201,SDRF,0.2097297297297297,31.36129740780904
Texas,gat,12358,0.4373582766439909,SDRF,0.3806022408963586,5.675603574763233
Texas,gat,12359,0.4342857142857143,SDRF,0.4548951048951049,-2.06093906093906
Texas,gat,12360,0.561046511627907,SDRF,0.2155612244897959,34.54852871381111
Texas,gat,12361,0.5003322259136213,SDRF,0.4252525252525252,7.507970066109603
Texas,gat,12362,0.5017857142857143,SDRF,0.3528751123090746,14.891060197663968
Texas,gat,12363,0.4092243186582809,SDRF,0.3581521739130435,5.107214474523741
Texas,gat,12364,0.5023712737127372,SDRF,0.4512812768626722,5.108999685006493
Texas,gat,12365,0.5912280701754385,SDRF,0.3923611111111111,19.886695906432745
Texas,gat,12366,0.5074384679647838,SDRF,0.4473684210526316,6.007004691215218
Texas,gat,12367,0.4448335095137421,SDRF,0.5235562310030395,-7.872272148929738
Texas,gat,12368,0.2996969696969697,SDRF,0.3832167832167832,-8.351981351981353
Texas,gat,12369,0.5093795093795093,SDRF,0.2975757575757576,21.180375180375165
Texas,gat,12370,0.5003968253968254,SDRF,0.3445616883116883,15.583513708513708
Texas,gat,12371,0.4237082066869301,SDRF,0.314484126984127,10.922407970280313
Texas,gat,12372,0.6350461133069828,SDRF,0.4668831168831169,16.81629964238659
Texas,gat,12373,0.4591173054587688,SDRF,0.3724185724185724,8.669873304019637
Texas,gat,12374,0.3542857142857142,SDRF,0.286090636090636,6.81950781950782
Texas,gcn,12345,0.3581560283687943,SDRF,0.4291968599033816,-7.104083153458729
Texas,gcn,12346,0.4508403361344537,SDRF,0.4883241758241758,-3.748383968972213
Texas,gcn,12347,0.5079365079365079,SDRF,0.4173441734417344,9.05923344947735
Texas,gcn,12348,0.3566666666666667,SDRF,0.3447802197802198,1.188644688644691
Texas,gcn,12349,0.5811688311688311,SDRF,0.4666666666666667,11.450216450216445
Texas,gcn,12350,0.335073815073815,SDRF,0.2383333333333333,9.674048174048169
Texas,gcn,12351,0.4486283643892339,SDRF,0.4170807453416149,3.1547619047619047
Texas,gcn,12352,0.3736111111111111,SDRF,0.4154143728611814,-4.180326175007027
Texas,gcn,12353,0.3380681818181818,SDRF,0.3165064102564102,2.1561771561771637
Texas,gcn,12354,0.5081521739130435,SDRF,0.4195417789757412,8.861039493730228
Texas,gcn,12355,0.4285714285714286,SDRF,0.3463414634146341,8.222996515679448
Texas,gcn,12356,0.5630952380952381,SDRF,0.2971576227390181,26.593761535622
Texas,gcn,12357,0.3422823984526112,SDRF,0.3023809523809523,3.990144607165891
Texas,gcn,12358,0.4798076923076922,SDRF,0.4044289044289044,7.537878787878782
Texas,gcn,12359,0.4331746031746031,SDRF,0.336837765409194,9.633683776540908
Texas,gcn,12360,0.425595238095238,SDRF,0.3114630467571644,11.413219133807361
Texas,gcn,12361,0.5073170731707317,SDRF,0.4038461538461538,10.347091932457792
Texas,gcn,12362,0.514069264069264,SDRF,0.2767857142857143,23.72835497835497
Texas,gcn,12363,0.4322222222222222,SDRF,0.3862761115649434,4.594611065727877
Texas,gcn,12364,0.4556277056277056,SDRF,0.3484848484848485,10.71428571428571
Texas,gcn,12365,0.5015873015873016,SDRF,0.5186807095343681,-1.7093407947066486
Texas,gcn,12366,0.4831560283687943,SDRF,0.433738517579981,4.941751078881329
Texas,gcn,12367,0.4611111111111111,SDRF,0.3684124386252045,9.269867248590657
Texas,gcn,12368,0.30999000999001,SDRF,0.325,-1.5009990009990037
Texas,gcn,12369,0.5825757575757575,SDRF,0.3935406698564593,18.903508771929822
Texas,gcn,12370,0.5062367864693446,SDRF,0.4833333333333334,2.2903453136011165
Texas,gcn,12371,0.3786997885835095,SDRF,0.4484848484848485,-6.978505990133899
Texas,gcn,12372,0.6169191919191919,SDRF,0.4017628205128205,21.51563714063714
Texas,gcn,12373,0.3416666666666667,SDRF,0.4649244833068363,-12.32578166401696
Texas,gcn,12374,0.3113475177304964,SDRF,0.3541687979539641,-4.282128022346771
Texas,sage,12345,0.6089527027027026,SDRF,0.5984848484848484,1.0467854217854233
Texas,sage,12346,0.4627659574468085,SDRF,0.6398471094123268,-17.708115196551834
Texas,sage,12347,0.4415847310584153,SDRF,0.459469696969697,-1.7884965911281692
Texas,sage,12348,0.4945196647324306,SDRF,0.3928888888888888,10.16307758435418
Texas,sage,12349,0.6887832562174667,SDRF,0.6557330057330057,3.3050250484460975
Texas,sage,12350,0.408073008073008,SDRF,0.4994541406306112,-9.138113255760322
Texas,sage,12351,0.5694662480376766,SDRF,0.5541023441966837,1.5363903840992954
Texas,sage,12352,0.5285204991087343,SDRF,0.642358803986711,-11.383830487797663
Texas,sage,12353,0.6130550735813893,SDRF,0.402014652014652,21.104042156673735
Texas,sage,12354,0.5758235666772251,SDRF,0.6539971656250726,-7.817359894784747
Texas,sage,12355,0.4858630952380952,SDRF,0.4107050444811355,7.515805075695969
Texas,sage,12356,0.7211538461538461,SDRF,0.6013471177944861,11.980672835936002
Texas,sage,12357,0.451965811965812,SDRF,0.4123037323037323,3.9662079662079686
Texas,sage,12358,0.5243794326241135,SDRF,0.6325757575757576,-10.819632495164411
Texas,sage,12359,0.4421489621489621,SDRF,0.4871292106586224,-4.498024850966031
Texas,sage,12360,0.5863553113553114,SDRF,0.565531561461794,2.082374989351743
Texas,sage,12361,0.5193693693693694,SDRF,0.5604707792207793,-4.110140985140987
Texas,sage,12362,0.4208333333333333,SDRF,0.6420754348250929,-22.12421014917596
Texas,sage,12363,0.5766666666666667,SDRF,0.6064814814814815,-2.981481481481485
Texas,sage,12364,0.6071428571428572,SDRF,0.6261265909872722,-1.8983733844414985
Texas,sage,12365,0.4178947368421052,SDRF,0.6111111111111112,-19.321637426900594
Texas,sage,12366,0.510993135993136,SDRF,0.6890350877192982,-17.80419517261622
Texas,sage,12367,0.5285714285714286,SDRF,0.5727016885553471,-4.41302599839185
Texas,sage,12368,0.3597402597402597,SDRF,0.3933014354066985,-3.356117566643879
Texas,sage,12369,0.4891891891891892,SDRF,0.5307563025210082,-4.1567113331819066
Texas,sage,12370,0.5785714285714286,SDRF,0.5103381096028154,6.823331896861317
Texas,sage,12371,0.5378028404344194,SDRF,0.5809873949579832,-4.3184554523563845
Texas,sage,12372,0.5857371794871795,SDRF,0.5593023255813954,2.643485390578415
Texas,sage,12373,0.4075,SDRF,0.5311965811965813,-12.369658119658133
Texas,sage,12374,0.4183682983682984,SDRF,0.3458611552729199,7.2507143095378535
