graph_id,family,configuration_id,instance_index,generation_seed,generation_parameters,generation_metadata,param_n,param_target_avg_degree,param_latent_homophily,param_corruption_fraction,param_corruption_mode,num_nodes,num_edges,density,avg_degree,degree_variance,degree_std,degree_cv,num_components,largest_cc_ratio,num_isolates,avg_clustering,transitivity,degree_assortativity,lambda2_norm_laplacian,algebraic_connectivity,cheeger_lower_bound,cheeger_upper_bound,approx_avg_shortest_path,approx_diameter,effective_resistance_sample,effective_resistance_median,effective_resistance_pairs,edge_connectivity,edge_connectivity_ratio,spectral_sweep_conductance,modularity,gain_selected_rewiring,gain_selected_rewiring_std,gain_geometry,gain_vgae,n_nested_runs,positive_run_fraction,success_0_0,refine_success_0_0,success_0_5,refine_success_0_5,success_1_0,refine_success_1_0
latent_corruption_recovery__00f33bc43c__i00,latent_corruption_recovery,latent_corruption_recovery__00f33bc43c,0,1159439877,"{""corruption_fraction"": 0.5, ""corruption_mode"": ""homophily_attack"", ""latent_homophily"": 0.5, ""n"": 600, ""target_avg_degree"": 12}","{""actual_changed_edge_fraction"": 0.4914397979230985, ""clean_edge_homophily"": 0.4914397979230985, ""clean_edges"": 3563, ""clean_observed_edge_jaccard"": 0.3409860745201355, ""controlled_property"": ""latent_graph_corruption_recovery"", ""corruption_fraction_requested"": 0.5, ""corruption_mode"": ""homophily_attack"", ""degree_sequence_preserved"": false, ""generation_attempt"": 0, ""labels_generated_before_graph"": true, ""observed_edge_homophily"": 0.0, ""observed_edges"": 3563, ""target_latent_homophily"": 0.5}",600,12,0.5,0.5,homophily_attack,600,3563,0.019827490261547,11.876666666666669,10.41812222222222,3.2277116076598635,0.2717691502379902,1,1.0,0,0.0,0.0,-0.0057369889139959,0.4581551956501561,2.6823021038823525,0.229077597825078,0.9572410309322894,3.10238418196995,5.0,0.1987048925208176,0.1926662148782935,64,,,0.3280943025540275,0.2406971612140211,-0.05054909216296357,0.029159032591847562,-0.07476396488186317,0.03957845944502257,6,0.0,0,1,0,1,0,1
latent_corruption_recovery__00f33bc43c__i01,latent_corruption_recovery,latent_corruption_recovery__00f33bc43c,1,214334933,"{""corruption_fraction"": 0.5, ""corruption_mode"": ""homophily_attack"", ""latent_homophily"": 0.5, ""n"": 600, ""target_avg_degree"": 12}","{""actual_changed_edge_fraction"": 0.49971526195899774, ""clean_edge_homophily"": 0.49971526195899774, ""clean_edges"": 3512, ""clean_observed_edge_jaccard"": 0.3335864818682362, ""controlled_property"": ""latent_graph_corruption_recovery"", ""corruption_fraction_requested"": 0.5, ""corruption_mode"": ""homophily_attack"", ""degree_sequence_preserved"": false, ""generation_attempt"": 0, ""labels_generated_before_graph"": true, ""observed_edge_homophily"": 0.0, ""observed_edges"": 3512, ""target_latent_homophily"": 0.5}",600,12,0.5,0.5,homophily_attack,600,3512,0.0195436839176405,11.706666666666669,10.783955555555556,3.2838933532554853,0.2805148080799104,1,1.0,0,0.0,0.0,-0.0099102887878032,0.4594034565948208,2.5873756907745795,0.2297017282974104,0.958544163400749,3.1182961185308846,5.0,0.2113447692674095,0.2042279953453532,64,,,0.3251638643488173,0.2513314259992424,0.005852254975208168,0.05128071823996825,-0.04403325522325463,0.0498855101984628,6,0.6666666666666666,1,1,1,1,0,1
latent_corruption_recovery__00f33bc43c__i02,latent_corruption_recovery,latent_corruption_recovery__00f33bc43c,2,77897340,"{""corruption_fraction"": 0.5, ""corruption_mode"": ""homophily_attack"", ""latent_homophily"": 0.5, ""n"": 600, ""target_avg_degree"": 12}","{""actual_changed_edge_fraction"": 0.4998609952738393, ""clean_edge_homophily"": 0.5162635529608006, ""clean_edges"": 3597, ""clean_observed_edge_jaccard"": 0.3334569045412419, ""controlled_property"": ""latent_graph_corruption_recovery"", ""corruption_fraction_requested"": 0.5, ""corruption_mode"": ""homophily_attack"", ""degree_sequence_preserved"": false, ""generation_attempt"": 0, ""labels_generated_before_graph"": true, ""observed_edge_homophily"": 0.016402557686961357, ""observed_edges"": 3597, ""target_latent_homophily"": 0.5}",600,12,0.5,0.5,homophily_attack,600,3597,0.020016694490818,11.99,10.653233333333334,3.263929125047499,0.2722209445410758,1,1.0,0,0.002577954939797,0.002738315350949,-0.024796714648881,0.4599148426750985,2.633896105098457,0.2299574213375492,0.9590775179046775,3.0419188230383973,5.0,0.2028606416058897,0.1927837066065349,64,,,0.3231368186874305,0.2482373605595557,0.002025372848697348,0.08863802244383527,0.02321464984420885,-0.021189276995511482,6,0.5,1,0,0,0,0,0
latent_corruption_recovery__0b41cbe917__i00,latent_corruption_recovery,latent_corruption_recovery__0b41cbe917,0,490424347,"{""corruption_fraction"": 0.25, ""corruption_mode"": ""homophily_attack"", ""latent_homophily"": 0.2, ""n"": 600, ""target_avg_degree"": 12}","{""actual_changed_edge_fraction"": 0.2105557106953365, ""clean_edge_homophily"": 0.2105557106953365, ""clean_edges"": 3581, ""clean_observed_edge_jaccard"": 0.6521337946943483, ""controlled_property"": ""latent_graph_corruption_recovery"", ""corruption_fraction_requested"": 0.25, ""corruption_mode"": ""homophily_attack"", ""degree_sequence_preserved"": false, ""generation_attempt"": 0, ""labels_generated_before_graph"": true, ""observed_edge_homophily"": 0.0, ""observed_edges"": 3581, ""target_latent_homophily"": 0.2}",600,12,0.2,0.25,homophily_attack,600,3581,0.0199276572064552,11.936666666666667,11.53598888888889,3.396467118770457,0.2845406689838416,1,1.0,0,0.0,0.0,-0.0050934441212907,0.4537656859044238,2.4110385827266154,0.2268828429522119,0.9526444099499286,3.1123747913188646,5.0,0.1983609148178813,0.184056013964947,64,,,0.3305369127516778,0.2465597894375829,0.0085273175747621,0.06669626876248347,-0.0174574832609995,0.03894342447745786,6,0.6666666666666666,1,1,1,1,0,1
latent_corruption_recovery__0b41cbe917__i01,latent_corruption_recovery,latent_corruption_recovery__0b41cbe917,1,1886953864,"{""corruption_fraction"": 0.25, ""corruption_mode"": ""homophily_attack"", ""latent_homophily"": 0.2, ""n"": 600, ""target_avg_degree"": 12}","{""actual_changed_edge_fraction"": 0.2043527416619559, ""clean_edge_homophily"": 0.2043527416619559, ""clean_edges"": 3538, ""clean_observed_edge_jaccard"": 0.6606430415395447, ""controlled_property"": ""latent_graph_corruption_recovery"", ""corruption_fraction_requested"": 0.25, ""corruption_mode"": ""homophily_attack"", ""degree_sequence_preserved"": false, ""generation_attempt"": 0, ""labels_generated_before_graph"": true, ""observed_edge_homophily"": 0.0, ""observed_edges"": 3538, ""target_latent_homophily"": 0.2}",600,12,0.2,0.25,homophily_attack,600,3538,0.0196883695047301,11.793333333333331,9.760622222222224,3.12419945301548,0.2649123334948117,1,1.0,0,0.0,0.0,-0.0117020278270692,0.4591085789695512,2.5785511989577703,0.2295542894847756,0.958236483306236,3.105410058430718,5.0,0.201125390343218,0.1962642782439357,64,,,0.3203279615493355,0.2438811789371696,-0.01644022898007205,0.02731052183616741,-0.047981671187085316,0.03154144220701328,6,0.16666666666666666,0,1,0,1,0,1
latent_corruption_recovery__0b41cbe917__i02,latent_corruption_recovery,latent_corruption_recovery__0b41cbe917,2,1806899850,"{""corruption_fraction"": 0.25, ""corruption_mode"": ""homophily_attack"", ""latent_homophily"": 0.2, ""n"": 600, ""target_avg_degree"": 12}","{""actual_changed_edge_fraction"": 0.20687742651136995, ""clean_edge_homophily"": 0.20687742651136995, ""clean_edges"": 3606, ""clean_observed_edge_jaccard"": 0.6571691176470589, ""controlled_property"": ""latent_graph_corruption_recovery"", ""corruption_fraction_requested"": 0.25, ""corruption_mode"": ""homophily_attack"", ""degree_sequence_preserved"": false, ""generation_attempt"": 0, ""labels_generated_before_graph"": true, ""observed_edge_homophily"": 0.0, ""observed_edges"": 3606, ""target_latent_homophily"": 0.2}",600,12,0.2,0.25,homophily_attack,600,3606,0.0200667779632721,12.02,11.716266666666668,3.4229032511402755,0.2847673253860462,1,1.0,0,0.0,0.0,-0.0107267962080638,0.4626295277257006,3.2714378421641173,0.2313147638628503,0.9619038701717554,3.098288814691152,5.0,0.187733495307538,0.1832468996737411,64,,,0.3275957801221543,0.239799462226172,-0.016183727828603233,0.050857284268197446,-0.03606184261762615,0.022372351517077966,6,0.16666666666666666,0,1,0,1,0,1
latent_corruption_recovery__111c2be72f__i00,latent_corruption_recovery,latent_corruption_recovery__111c2be72f,0,1664743173,"{""corruption_fraction"": 0.25, ""corruption_mode"": ""degree_preserving"", ""latent_homophily"": 0.2, ""n"": 240, ""target_avg_degree"": 6}","{""actual_changed_edge_fraction"": 0.4005524861878453, ""clean_edge_homophily"": 0.20303867403314918, ""clean_edges"": 724, ""clean_observed_edge_jaccard"": 0.4280078895463511, ""controlled_property"": ""latent_graph_corruption_recovery"", ""corruption_fraction_requested"": 0.25, ""corruption_mode"": ""degree_preserving"", ""degree_sequence_preserved"": true, ""generation_attempt"": 0, ""labels_generated_before_graph"": true, ""observed_edge_homophily"": 0.35220994475138123, ""observed_edges"": 724, ""target_latent_homophily"": 0.2}",240,6,0.2,0.25,degree_preserving,240,724,0.0252440725244072,6.033333333333333,6.590555555555555,2.567207735177571,0.4255040445045698,3,0.9916666666666668,2,0.0255759749509749,0.0229988726042841,-0.0316176895602881,0.2890146815039248,0.8492853054528658,0.1445073407519624,0.7602824231874952,3.2151898734177213,6.0,0.4673138327635608,0.4409195017704979,64,1.0,0.0006906077348066,0.2608089260808926,0.3660812398888923,-0.025074324104011076,0.07242479094654637,-0.0488911989911562,0.023816874887145085,6,0.5,0,1,0,1,0,1
latent_corruption_recovery__111c2be72f__i01,latent_corruption_recovery,latent_corruption_recovery__111c2be72f,1,1091094404,"{""corruption_fraction"": 0.25, ""corruption_mode"": ""degree_preserving"", ""latent_homophily"": 0.2, ""n"": 240, ""target_avg_degree"": 6}","{""actual_changed_edge_fraction"": 0.37916666666666665, ""clean_edge_homophily"": 0.20694444444444443, ""clean_edges"": 720, ""clean_observed_edge_jaccard"": 0.4501510574018127, ""controlled_property"": ""latent_graph_corruption_recovery"", ""corruption_fraction_requested"": 0.25, ""corruption_mode"": ""degree_preserving"", ""degree_sequence_preserved"": true, ""generation_attempt"": 0, ""labels_generated_before_graph"": true, ""observed_edge_homophily"": 0.31527777777777777, ""observed_edges"": 720, ""target_latent_homophily"": 0.2}",240,6,0.2,0.25,degree_preserving,240,720,0.0251046025104602,6.0,5.691666666666666,2.3857214143035783,0.397620235717263,2,0.9958333333333332,1,0.0264127539127539,0.0231146392715386,-0.0619831122919034,0.2888102847118198,0.7374745652943039,0.1444051423559099,0.760013532395075,3.22718618697479,6.0,0.4458215676215945,0.4162512877180419,64,1.0,0.0006944444444444,0.2694444444444444,0.3764168595679012,-0.025490959920870398,0.12166684233316784,-0.020576087369595517,-0.004914872551274897,6,0.5,0,0,0,0,0,0
latent_corruption_recovery__111c2be72f__i02,latent_corruption_recovery,latent_corruption_recovery__111c2be72f,2,38694297,"{""corruption_fraction"": 0.25, ""corruption_mode"": ""degree_preserving"", ""latent_homophily"": 0.2, ""n"": 240, ""target_avg_degree"": 6}","{""actual_changed_edge_fraction"": 0.40256045519203415, ""clean_edge_homophily"": 0.20768136557610242, ""clean_edges"": 703, ""clean_observed_edge_jaccard"": 0.4259634888438134, ""controlled_property"": ""latent_graph_corruption_recovery"", ""corruption_fraction_requested"": 0.25, ""corruption_mode"": ""degree_preserving"", ""degree_sequence_preserved"": true, ""generation_attempt"": 0, ""labels_generated_before_graph"": true, ""observed_edge_homophily"": 0.3157894736842105, ""observed_edges"": 703, ""target_latent_homophily"": 0.2}",240,6,0.2,0.25,degree_preserving,240,703,0.0245118549511854,5.858333333333333,5.554930555555556,2.356890017704593,0.4023140855256772,2,0.9958333333333332,1,0.0234536065786065,0.0213130818226359,-0.03612507718412,0.2713352408661704,0.7476889414278814,0.1356676204330852,0.7366617145829834,3.2739298844537816,6.0,0.552470596446996,0.5078846247304013,64,1.0,0.0007112375533428,0.2489208633093525,0.3786859405636076,0.009896838187399502,0.11179132060133487,-0.014133554005224988,0.0379434356708853,6,0.5,1,1,1,1,0,1
latent_corruption_recovery__15738b1afc__i00,latent_corruption_recovery,latent_corruption_recovery__15738b1afc,0,488077377,"{""corruption_fraction"": 0.25, ""corruption_mode"": ""degree_preserving"", ""latent_homophily"": 0.2, ""n"": 240, ""target_avg_degree"": 12}","{""actual_changed_edge_fraction"": 0.40177960301163584, ""clean_edge_homophily"": 0.1971252566735113, ""clean_edges"": 1461, ""clean_observed_edge_jaccard"": 0.4267578125, ""controlled_property"": ""latent_graph_corruption_recovery"", ""corruption_fraction_requested"": 0.25, ""corruption_mode"": ""degree_preserving"", ""degree_sequence_preserved"": true, ""generation_attempt"": 0, ""labels_generated_before_graph"": true, ""observed_edge_homophily"": 0.3271731690622861, ""observed_edges"": 1461, ""target_latent_homophily"": 0.2}",240,12,0.2,0.25,degree_preserving,240,1461,0.0509414225941422,12.175,11.711041666666665,3.42213992505664,0.2810792546247753,1,1.0,0,0.0483418761321237,0.0485562824272501,-0.0139052041108502,0.4706087059754215,3.778742964815097,0.2353043529877107,0.9701636006111768,2.4738166841004183,4.0,0.2053796883240033,0.1999558201529599,64,5.0,0.0017111567419575,0.3411118737131091,0.2401377170803192,0.03321354096836215,0.0865909431703972,0.009775608429036534,0.031007279959378048,6,0.6666666666666666,1,1,1,1,1,1
latent_corruption_recovery__15738b1afc__i01,latent_corruption_recovery,latent_corruption_recovery__15738b1afc,1,171494620,"{""corruption_fraction"": 0.25, ""corruption_mode"": ""degree_preserving"", ""latent_homophily"": 0.2, ""n"": 240, ""target_avg_degree"": 12}","{""actual_changed_edge_fraction"": 0.39462517680339465, ""clean_edge_homophily"": 0.20014144271570014, ""clean_edges"": 1414, ""clean_observed_edge_jaccard"": 0.4340770791075051, ""controlled_property"": ""latent_graph_corruption_recovery"", ""corruption_fraction_requested"": 0.25, ""corruption_mode"": ""degree_preserving"", ""degree_sequence_preserved"": true, ""generation_attempt"": 0, ""labels_generated_before_graph"": true, ""observed_edge_homophily"": 0.318953323903819, ""observed_edges"": 1414, ""target_latent_homophily"": 0.2}",240,12,0.2,0.25,degree_preserving,240,1414,0.0493026499302649,11.783333333333331,10.86972222222222,3.2969261778544907,0.279795715235176,1,1.0,0,0.044354431115267,0.0447680038666022,-0.0053293359377524,0.4773515821570575,0.9057250338012732,0.2386757910785287,0.9770891281321856,2.491010721757322,4.0,0.2126108367379537,0.1976812970502947,64,1.0,0.0003536067892503,0.3323903818953324,0.2374559617004335,0.02626386712223178,0.08488724097804591,0.021991082832412148,-0.015254079383636251,6,0.5,1,0,1,0,1,0
latent_corruption_recovery__15738b1afc__i02,latent_corruption_recovery,latent_corruption_recovery__15738b1afc,2,1095430687,"{""corruption_fraction"": 0.25, ""corruption_mode"": ""degree_preserving"", ""latent_homophily"": 0.2, ""n"": 240, ""target_avg_degree"": 12}","{""actual_changed_edge_fraction"": 0.3870967741935484, ""clean_edge_homophily"": 0.20126227208976158, ""clean_edges"": 1426, ""clean_observed_edge_jaccard"": 0.4418604651162791, ""controlled_property"": ""latent_graph_corruption_recovery"", ""corruption_fraction_requested"": 0.25, ""corruption_mode"": ""degree_preserving"", ""degree_sequence_preserved"": true, ""generation_attempt"": 0, ""labels_generated_before_graph"": true, ""observed_edge_homophily"": 0.3288920056100982, ""observed_edges"": 1426, ""target_latent_homophily"": 0.2}",240,12,0.2,0.25,degree_preserving,240,1426,0.049721059972106,11.883333333333333,11.369722222222224,3.3719018701946566,0.2837505080107705,1,1.0,0,0.0422037495170234,0.0438877043354655,-0.0058392421998612,0.4702298157732538,2.607153860542264,0.2351149078866269,0.9697729793856434,2.496731171548117,4.0,0.1954407846726986,0.1889155066670232,64,3.0,0.0010518934081346,0.3277074542897327,0.2510521392925217,0.0009456232860579837,0.04422181585858889,-0.030748482339683667,0.031694105625741646,6,0.3333333333333333,1,1,0,1,0,1
latent_corruption_recovery__17e84e0dfe__i00,latent_corruption_recovery,latent_corruption_recovery__17e84e0dfe,0,1783499963,"{""corruption_fraction"": 0.0, ""corruption_mode"": ""none"", ""latent_homophily"": 0.5, ""n"": 240, ""target_avg_degree"": 6}","{""actual_changed_edge_fraction"": 0.0, ""clean_edge_homophily"": 0.5195681511470985, ""clean_edges"": 741, ""clean_observed_edge_jaccard"": 1.0, ""controlled_property"": ""latent_graph_corruption_recovery"", ""corruption_fraction_requested"": 0.0, ""corruption_mode"": ""none"", ""degree_sequence_preserved"": true, ""generation_attempt"": 0, ""labels_generated_before_graph"": true, ""observed_edge_homophily"": 0.5195681511470985, ""observed_edges"": 741, ""target_latent_homophily"": 0.5}",240,6,0.5,0.0,none,240,741,0.025836820083682,6.175,5.511041666666667,2.347560790835174,0.3801717879895018,2,0.9958333333333332,1,0.0282300107300107,0.0266903914590747,0.0014094959251723,0.2861885848024573,0.8098777334224205,0.1430942924012286,0.7565561245571373,3.1990217962184877,5.0,0.4834051465335662,0.4391739910602222,64,1.0,0.0006747638326585,0.2611637347767253,0.3768469497214436,-0.03533708626129283,0.08255164835659902,-0.04508390080579703,0.014573194258701535,6,0.5,0,1,0,1,0,1
latent_corruption_recovery__17e84e0dfe__i01,latent_corruption_recovery,latent_corruption_recovery__17e84e0dfe,1,1262101859,"{""corruption_fraction"": 0.0, ""corruption_mode"": ""none"", ""latent_homophily"": 0.5, ""n"": 240, ""target_avg_degree"": 6}","{""actual_changed_edge_fraction"": 0.0, ""clean_edge_homophily"": 0.525, ""clean_edges"": 720, ""clean_observed_edge_jaccard"": 1.0, ""controlled_property"": ""latent_graph_corruption_recovery"", ""corruption_fraction_requested"": 0.0, ""corruption_mode"": ""none"", ""degree_sequence_preserved"": true, ""generation_attempt"": 0, ""labels_generated_before_graph"": true, ""observed_edge_homophily"": 0.525, ""observed_edges"": 720, ""target_latent_homophily"": 0.5}",240,6,0.5,0.0,none,240,720,0.0251046025104602,6.0,5.633333333333334,2.37346441585572,0.39557740264262,1,1.0,0,0.0229404391904391,0.0231524789522918,0.0375267877452786,0.2583768705962359,0.7058116869265976,0.1291884352981179,0.7188558556431683,3.223914748953975,6.0,0.484554105544246,0.4240491561029523,64,1.0,0.0006944444444444,0.2618384401114206,0.3733950617283951,0.013489155584088001,0.0668750299827762,-0.016156354634062682,0.024840743552209332,6,0.5,1,1,1,1,1,1
latent_corruption_recovery__17e84e0dfe__i02,latent_corruption_recovery,latent_corruption_recovery__17e84e0dfe,2,1273381207,"{""corruption_fraction"": 0.0, ""corruption_mode"": ""none"", ""latent_homophily"": 0.5, ""n"": 240, ""target_avg_degree"": 6}","{""actual_changed_edge_fraction"": 0.0, ""clean_edge_homophily"": 0.49654218533886585, ""clean_edges"": 723, ""clean_observed_edge_jaccard"": 1.0, ""controlled_property"": ""latent_graph_corruption_recovery"", ""corruption_fraction_requested"": 0.0, ""corruption_mode"": ""none"", ""degree_sequence_preserved"": true, ""generation_attempt"": 0, ""labels_generated_before_graph"": true, ""observed_edge_homophily"": 0.49654218533886585, ""observed_edges"": 723, ""target_latent_homophily"": 0.5}",240,6,0.5,0.0,none,240,723,0.0252092050209205,6.025,5.982708333333334,2.445957549372706,0.405968057987171,1,1.0,0,0.0183193195693195,0.0206849000229832,-0.0354287848143132,0.2543731983416846,0.701992330800832,0.1271865991708423,0.7132646049562317,3.2571587343096238,6.0,0.4940541414020092,0.4342039092255038,64,1.0,0.0006915629322268,0.2524407252440725,0.3698398213988511,-0.01871110258284003,0.07314455222096711,-0.02280264155554236,0.004091538972702362,6,0.3333333333333333,0,1,0,0,0,0
latent_corruption_recovery__1fb6104978__i00,latent_corruption_recovery,latent_corruption_recovery__1fb6104978,0,1082522528,"{""corruption_fraction"": 0.25, ""corruption_mode"": ""homophily_attack"", ""latent_homophily"": 0.2, ""n"": 240, ""target_avg_degree"": 12}","{""actual_changed_edge_fraction"": 0.19930795847750865, ""clean_edge_homophily"": 0.19930795847750865, ""clean_edges"": 1445, ""clean_observed_edge_jaccard"": 0.6676283900750144, ""controlled_property"": ""latent_graph_corruption_recovery"", ""corruption_fraction_requested"": 0.25, ""corruption_mode"": ""homophily_attack"", ""degree_sequence_preserved"": false, ""generation_attempt"": 0, ""labels_generated_before_graph"": true, ""observed_edge_homophily"": 0.0, ""observed_edges"": 1445, ""target_latent_homophily"": 0.2}",240,12,0.2,0.25,homophily_attack,240,1445,0.0503835425383542,12.041666666666666,8.57326388888889,2.9280136421965133,0.2431568422585339,1,1.0,0,0.0,0.0,0.003848440511051,0.4865536015891257,3.739058347739172,0.2432768007945628,0.9864619623575211,2.6995292887029287,5.0,0.1972747134463846,0.1922142659222069,64,5.0,0.0017301038062283,0.3240804996530187,0.23018043366339,-0.055089362634798196,0.06417845383611262,-0.029709766146421065,-0.0112303907067737,6,0.16666666666666666,0,0,0,0,0,0
latent_corruption_recovery__1fb6104978__i01,latent_corruption_recovery,latent_corruption_recovery__1fb6104978,1,633669619,"{""corruption_fraction"": 0.25, ""corruption_mode"": ""homophily_attack"", ""latent_homophily"": 0.2, ""n"": 240, ""target_avg_degree"": 12}","{""actual_changed_edge_fraction"": 0.20165175498967652, ""clean_edge_homophily"": 0.20165175498967652, ""clean_edges"": 1453, ""clean_observed_edge_jaccard"": 0.6643757159221076, ""controlled_property"": ""latent_graph_corruption_recovery"", ""corruption_fraction_requested"": 0.25, ""corruption_mode"": ""homophily_attack"", ""degree_sequence_preserved"": false, ""generation_attempt"": 0, ""labels_generated_before_graph"": true, ""observed_edge_homophily"": 0.0, ""observed_edges"": 1453, ""target_latent_homophily"": 0.2}",240,12,0.2,0.25,homophily_attack,240,1453,0.0506624825662482,12.108333333333333,10.288263888888888,3.207532367551244,0.2649028796325873,1,1.0,0,0.0,0.0,-0.0067353481466875,0.4809449647123369,3.3858890460775606,0.2404724823561684,0.9807598734780466,2.696129707112971,5.0,0.197762473079309,0.1880717631503413,64,4.0,0.0013764624913971,0.326883206634416,0.2339121801773296,-0.04558422350644751,0.10772062085925789,-0.03266213531344275,-0.01292208819300473,6,0.16666666666666666,0,0,0,0,0,0
latent_corruption_recovery__1fb6104978__i02,latent_corruption_recovery,latent_corruption_recovery__1fb6104978,2,339013738,"{""corruption_fraction"": 0.25, ""corruption_mode"": ""homophily_attack"", ""latent_homophily"": 0.2, ""n"": 240, ""target_avg_degree"": 12}","{""actual_changed_edge_fraction"": 0.20148247978436656, ""clean_edge_homophily"": 0.20148247978436656, ""clean_edges"": 1484, ""clean_observed_edge_jaccard"": 0.6646102075154234, ""controlled_property"": ""latent_graph_corruption_recovery"", ""corruption_fraction_requested"": 0.25, ""corruption_mode"": ""homophily_attack"", ""degree_sequence_preserved"": false, ""generation_attempt"": 0, ""labels_generated_before_graph"": true, ""observed_edge_homophily"": 0.0, ""observed_edges"": 1484, ""target_latent_homophily"": 0.2}",240,12,0.2,0.25,homophily_attack,240,1484,0.0517433751743375,12.366666666666667,11.940555555555555,3.455510896460255,0.2794213662905866,1,1.0,0,0.0,0.0,-0.0294862714691244,0.4899418831475796,4.076388998004124,0.2449709415737898,0.9898907850339648,2.689199790794979,5.0,0.184217761242904,0.1756679952326899,64,5.0,0.0016846361185983,0.3265720081135903,0.2366228086108063,0.0017508245979098679,0.08350543806035189,-0.08651175013296158,0.091536232019874,6,0.5,1,1,0,1,0,1
latent_corruption_recovery__203a989a87__i00,latent_corruption_recovery,latent_corruption_recovery__203a989a87,0,1591974383,"{""corruption_fraction"": 0.5, ""corruption_mode"": ""homophily_attack"", ""latent_homophily"": 0.5, ""n"": 240, ""target_avg_degree"": 12}","{""actual_changed_edge_fraction"": 0.49299719887955185, ""clean_edge_homophily"": 0.49299719887955185, ""clean_edges"": 1428, ""clean_observed_edge_jaccard"": 0.3395872420262664, ""controlled_property"": ""latent_graph_corruption_recovery"", ""corruption_fraction_requested"": 0.5, ""corruption_mode"": ""homophily_attack"", ""degree_sequence_preserved"": false, ""generation_attempt"": 0, ""labels_generated_before_graph"": true, ""observed_edge_homophily"": 0.0, ""observed_edges"": 1428, ""target_latent_homophily"": 0.5}",240,12,0.5,0.5,homophily_attack,240,1428,0.0497907949790795,11.9,8.740000000000002,2.956349099818897,0.2484326974637728,1,1.0,0,0.0,0.0,-0.009139871694585,0.479568628438856,4.158148282683239,0.239784314219428,0.979355531396904,2.7148927824267783,5.0,0.1978101161904466,0.1878843851680605,64,5.0,0.001750700280112,0.3361462728551336,0.2310223108851384,0.02907426082583688,0.0664529526853045,-0.024120480737591533,0.04085260227340569,6,0.6666666666666666,1,1,1,1,1,1
latent_corruption_recovery__203a989a87__i01,latent_corruption_recovery,latent_corruption_recovery__203a989a87,1,2057328042,"{""corruption_fraction"": 0.5, ""corruption_mode"": ""homophily_attack"", ""latent_homophily"": 0.5, ""n"": 240, ""target_avg_degree"": 12}","{""actual_changed_edge_fraction"": 0.5, ""clean_edge_homophily"": 0.5141442715700142, ""clean_edges"": 1414, ""clean_observed_edge_jaccard"": 0.3333333333333333, ""controlled_property"": ""latent_graph_corruption_recovery"", ""corruption_fraction_requested"": 0.5, ""corruption_mode"": ""homophily_attack"", ""degree_sequence_preserved"": false, ""generation_attempt"": 0, ""labels_generated_before_graph"": true, ""observed_edge_homophily"": 0.014144271570014143, ""observed_edges"": 1414, ""target_latent_homophily"": 0.5}",240,12,0.5,0.5,homophily_attack,240,1414,0.0493026499302649,11.783333333333331,11.294722222222225,3.360762149010581,0.28521319510698,1,1.0,0,0.0044968877728165,0.0046979461543094,-0.0424070825130707,0.4841574060452163,2.371548184164175,0.2420787030226081,0.9840298837385136,2.6645528242677825,5.0,0.1948097188715346,0.1931411634950069,64,3.0,0.001060820367751,0.3220099079971691,0.2409237589752104,0.07357763614048463,0.10884623069342905,0.044671324163013386,0.025996259067418287,6,0.6666666666666666,1,1,1,1,1,1
latent_corruption_recovery__203a989a87__i02,latent_corruption_recovery,latent_corruption_recovery__203a989a87,2,1265758990,"{""corruption_fraction"": 0.5, ""corruption_mode"": ""homophily_attack"", ""latent_homophily"": 0.5, ""n"": 240, ""target_avg_degree"": 12}","{""actual_changed_edge_fraction"": 0.5, ""clean_edge_homophily"": 0.508100147275405, ""clean_edges"": 1358, ""clean_observed_edge_jaccard"": 0.3333333333333333, ""controlled_property"": ""latent_graph_corruption_recovery"", ""corruption_fraction_requested"": 0.5, ""corruption_mode"": ""homophily_attack"", ""degree_sequence_preserved"": false, ""generation_attempt"": 0, ""labels_generated_before_graph"": true, ""observed_edge_homophily"": 0.008100147275405008, ""observed_edges"": 1358, ""target_latent_homophily"": 0.5}",240,12,0.5,0.5,homophily_attack,240,1358,0.0473500697350069,11.316666666666666,9.699722222222222,3.1144377056255634,0.2752080446797257,1,1.0,0,0.0041222897472897,0.0037564254646105,-0.0105070931295759,0.4652572141923849,2.531872035534143,0.2326286070961924,0.964631757918414,2.6998234832635983,5.0,0.2131615521145905,0.2026092077116223,64,3.0,0.0011045655375552,0.3416974169741697,0.2469102531011341,0.048498142091595114,0.14932174347463087,0.018309119573678964,0.029934736406308445,6,0.6666666666666666,1,1,1,1,1,1
latent_corruption_recovery__20a08c4847__i00,latent_corruption_recovery,latent_corruption_recovery__20a08c4847,0,1432901831,"{""corruption_fraction"": 0.25, ""corruption_mode"": ""degree_preserving"", ""latent_homophily"": 0.8, ""n"": 240, ""target_avg_degree"": 12}","{""actual_changed_edge_fraction"": 0.3811563169164882, ""clean_edge_homophily"": 0.7894361170592434, ""clean_edges"": 1401, ""clean_observed_edge_jaccard"": 0.448062015503876, ""controlled_property"": ""latent_graph_corruption_recovery"", ""corruption_fraction_requested"": 0.25, ""corruption_mode"": ""degree_preserving"", ""degree_sequence_preserved"": true, ""generation_attempt"": 0, ""labels_generated_before_graph"": true, ""observed_edge_homophily"": 0.6638115631691649, ""observed_edges"": 1401, ""target_latent_homophily"": 0.8}",240,12,0.8,0.25,degree_preserving,240,1401,0.0488493723849372,11.675,10.644374999999998,3.2625718382895417,0.2794494079905389,1,1.0,0,0.0498218436763328,0.0510072075401958,0.0129927008625731,0.4522914439822084,3.3508870909896893,0.2261457219911042,0.9510956250369448,2.501013336820084,4.0,0.201355466941919,0.1829256268928537,64,4.0,0.0014275517487508,0.3132183908045977,0.2469017490820515,-0.0462818336208409,0.08696515170431728,-0.04267138069965548,-0.0036104529211854496,6,0.3333333333333333,0,0,0,0,0,0
latent_corruption_recovery__20a08c4847__i01,latent_corruption_recovery,latent_corruption_recovery__20a08c4847,1,229337882,"{""corruption_fraction"": 0.25, ""corruption_mode"": ""degree_preserving"", ""latent_homophily"": 0.8, ""n"": 240, ""target_avg_degree"": 12}","{""actual_changed_edge_fraction"": 0.38762886597938145, ""clean_edge_homophily"": 0.8054982817869416, ""clean_edges"": 1455, ""clean_observed_edge_jaccard"": 0.4413075780089153, ""controlled_property"": ""latent_graph_corruption_recovery"", ""corruption_fraction_requested"": 0.25, ""corruption_mode"": ""degree_preserving"", ""degree_sequence_preserved"": true, ""generation_attempt"": 0, ""labels_generated_before_graph"": true, ""observed_edge_homophily"": 0.6872852233676976, ""observed_edges"": 1455, ""target_latent_homophily"": 0.8}",240,12,0.8,0.25,degree_preserving,240,1455,0.0507322175732217,12.125,10.409375,3.226356303944126,0.2660912415624021,1,1.0,0,0.0556021582047123,0.0564349621472814,-0.0020745766833455,0.4612558474556532,3.7984096113774384,0.2306279237278266,0.9604747237232776,2.475418410041841,4.0,0.1953135164952316,0.1911504803066154,64,5.0,0.0017182130584192,0.303030303030303,0.2455093822699306,0.058968668687942795,0.08938972845201991,-0.006637801579840667,0.06560647026778345,6,0.8333333333333334,1,1,1,1,1,1
latent_corruption_recovery__20a08c4847__i02,latent_corruption_recovery,latent_corruption_recovery__20a08c4847,2,370132020,"{""corruption_fraction"": 0.25, ""corruption_mode"": ""degree_preserving"", ""latent_homophily"": 0.8, ""n"": 240, ""target_avg_degree"": 12}","{""actual_changed_edge_fraction"": 0.38225483655770515, ""clean_edge_homophily"": 0.790527018012008, ""clean_edges"": 1499, ""clean_observed_edge_jaccard"": 0.4469111969111969, ""controlled_property"": ""latent_graph_corruption_recovery"", ""corruption_fraction_requested"": 0.25, ""corruption_mode"": ""degree_preserving"", ""degree_sequence_preserved"": true, ""generation_attempt"": 0, ""labels_generated_before_graph"": true, ""observed_edge_homophily"": 0.6704469646430954, ""observed_edges"": 1499, ""target_latent_homophily"": 0.8}",240,12,0.8,0.25,degree_preserving,240,1499,0.0522663877266387,12.491666666666667,11.024930555555557,3.320381085892936,0.2658076919994345,1,1.0,0,0.0533071889912059,0.0549894873038977,-0.0065062504374618,0.468399141562022,4.122997249238113,0.234199570781011,0.9678834036825118,2.4422724895397487,4.0,0.1961140835964671,0.1880940137956949,64,5.0,0.0016677785190126,0.3190348525469169,0.2387544553829749,-0.008573325252084851,0.10371154182671026,-0.04486227604478399,0.03832763027040297,6,0.5,0,1,0,1,0,1
latent_corruption_recovery__20a28ba05a__i00,latent_corruption_recovery,latent_corruption_recovery__20a28ba05a,0,815836269,"{""corruption_fraction"": 0.5, ""corruption_mode"": ""degree_preserving"", ""latent_homophily"": 0.5, ""n"": 600, ""target_avg_degree"": 6}","{""actual_changed_edge_fraction"": 0.6244703389830508, ""clean_edge_homophily"": 0.5005296610169492, ""clean_edges"": 1888, ""clean_observed_edge_jaccard"": 0.231170524942941, ""controlled_property"": ""latent_graph_corruption_recovery"", ""corruption_fraction_requested"": 0.5, ""corruption_mode"": ""degree_preserving"", ""degree_sequence_preserved"": true, ""generation_attempt"": 0, ""labels_generated_before_graph"": true, ""observed_edge_homophily"": 0.5111228813559322, ""observed_edges"": 1888, ""target_latent_homophily"": 0.5}",600,6,0.5,0.5,degree_preserving,600,1888,0.0105063995548135,6.293333333333333,6.340622222222223,2.518059217377984,0.400115341744383,2,0.9983333333333332,1,0.0089464979464979,0.0108439811701412,0.0094852895598427,0.2662495070105521,0.721584106004051,0.133124753505276,0.729725300384401,3.6977163461538463,7.0,0.5289876992474978,0.427419101163325,64,,,0.2555673382820784,0.3771927068371157,-0.024621236090861486,0.05063072614834585,-0.05314016837466077,0.027251078866344397,6,0.3333333333333333,0,1,0,1,0,1
latent_corruption_recovery__20a28ba05a__i01,latent_corruption_recovery,latent_corruption_recovery__20a28ba05a,1,1045694489,"{""corruption_fraction"": 0.5, ""corruption_mode"": ""degree_preserving"", ""latent_homophily"": 0.5, ""n"": 600, ""target_avg_degree"": 6}","{""actual_changed_edge_fraction"": 0.6311702717692734, ""clean_edge_homophily"": 0.5069328896283971, ""clean_edges"": 1803, ""clean_observed_edge_jaccard"": 0.22611356681400885, ""controlled_property"": ""latent_graph_corruption_recovery"", ""corruption_fraction_requested"": 0.5, ""corruption_mode"": ""degree_preserving"", ""degree_sequence_preserved"": true, ""generation_attempt"": 0, ""labels_generated_before_graph"": true, ""observed_edge_homophily"": 0.516916250693289, ""observed_edges"": 1803, ""target_latent_homophily"": 0.5}",600,6,0.5,0.5,degree_preserving,600,1803,0.010033388981636,6.01,5.743233333333334,2.396504398771956,0.3987528117756999,1,1.0,0,0.0084746873496873,0.0092041651171439,-0.0141883097171306,0.2575876319130022,0.6538625383280794,0.1287938159565011,0.7177571064266829,3.8044527337228713,7.0,0.5128334190446084,0.4881334645214074,64,,,0.2481873954266592,0.390127657453883,0.046572665712900176,0.025643521524328083,0.01746979833782635,0.024867157327006784,6,0.8333333333333334,1,1,1,1,1,1
latent_corruption_recovery__20a28ba05a__i02,latent_corruption_recovery,latent_corruption_recovery__20a28ba05a,2,1254587227,"{""corruption_fraction"": 0.5, ""corruption_mode"": ""degree_preserving"", ""latent_homophily"": 0.5, ""n"": 600, ""target_avg_degree"": 6}","{""actual_changed_edge_fraction"": 0.6271563717306622, ""clean_edge_homophily"": 0.5075125208681135, ""clean_edges"": 1797, ""clean_observed_edge_jaccard"": 0.22913816689466485, ""controlled_property"": ""latent_graph_corruption_recovery"", ""corruption_fraction_requested"": 0.5, ""corruption_mode"": ""degree_preserving"", ""degree_sequence_preserved"": true, ""generation_attempt"": 0, ""labels_generated_before_graph"": true, ""observed_edge_homophily"": 0.5342237061769616, ""observed_edges"": 1797, ""target_latent_homophily"": 0.5}",600,6,0.5,0.5,degree_preserving,600,1797,0.01,5.99,5.963233333333334,2.4419732458266887,0.4076749993032869,2,0.9983333333333332,1,0.0076062271062271,0.0086463369282261,0.0317715036565435,0.238585487542242,0.5246388550056743,0.119292743771121,0.6907756329550747,3.759863607859532,7.0,0.5549138081913562,0.4781135757539024,64,,,0.2756696428571428,0.3933453982074248,0.008540618942964468,0.037314698399842354,-0.01225967621952465,0.020800295162489147,6,0.6666666666666666,1,1,1,1,0,1
latent_corruption_recovery__253c8694ca__i00,latent_corruption_recovery,latent_corruption_recovery__253c8694ca,0,19167460,"{""corruption_fraction"": 0.5, ""corruption_mode"": ""degree_preserving"", ""latent_homophily"": 0.2, ""n"": 600, ""target_avg_degree"": 6}","{""actual_changed_edge_fraction"": 0.637123745819398, ""clean_edge_homophily"": 0.19899665551839466, ""clean_edges"": 1794, ""clean_observed_edge_jaccard"": 0.2216547497446374, ""controlled_property"": ""latent_graph_corruption_recovery"", ""corruption_fraction_requested"": 0.5, ""corruption_mode"": ""degree_preserving"", ""degree_sequence_preserved"": true, ""generation_attempt"": 0, ""labels_generated_before_graph"": true, ""observed_edge_homophily"": 0.38851727982162765, ""observed_edges"": 1794, ""target_latent_homophily"": 0.2}",600,6,0.2,0.5,degree_preserving,600,1794,0.0099833055091819,5.98,6.1896,2.4878906728391423,0.4160352295717629,3,0.9966666666666668,2,0.0108666056166056,0.0108423686405337,-0.0147207398753067,0.2680073519669187,0.6193667775860972,0.1340036759834593,0.7321302506616137,3.739151486599665,7.0,0.5279338050972948,0.4840430953856333,64,,,0.252649191299498,0.3860853532585391,0.0034538267051471166,0.07169040912761988,0.006835740072411499,-0.013369169376552201,6,0.5,1,0,0,0,0,0
latent_corruption_recovery__253c8694ca__i01,latent_corruption_recovery,latent_corruption_recovery__253c8694ca,1,1372302182,"{""corruption_fraction"": 0.5, ""corruption_mode"": ""degree_preserving"", ""latent_homophily"": 0.2, ""n"": 600, ""target_avg_degree"": 6}","{""actual_changed_edge_fraction"": 0.6344750140370579, ""clean_edge_homophily"": 0.18360471645143178, ""clean_edges"": 1781, ""clean_observed_edge_jaccard"": 0.2236344898660254, ""controlled_property"": ""latent_graph_corruption_recovery"", ""corruption_fraction_requested"": 0.5, ""corruption_mode"": ""degree_preserving"", ""degree_sequence_preserved"": true, ""generation_attempt"": 0, ""labels_generated_before_graph"": true, ""observed_edge_homophily"": 0.3902302077484559, ""observed_edges"": 1781, ""target_latent_homophily"": 0.2}",600,6,0.2,0.5,degree_preserving,600,1781,0.0099109627156371,5.9366666666666665,6.025988888888889,2.4547889703371424,0.4134961769237185,1,1.0,0,0.0126331538831538,0.0104716981132075,-0.0757273885907306,0.2324745778290992,0.4520881849136353,0.1162372889145496,0.6818718029499377,3.790510225375626,7.0,0.5085395702352917,0.4575533373156411,64,,,0.2619718309859155,0.3906673190496352,0.0048505685971424505,0.06135467806098306,-0.013691886611668749,0.022988397782135146,6,0.5,1,1,0,1,0,1
latent_corruption_recovery__253c8694ca__i02,latent_corruption_recovery,latent_corruption_recovery__253c8694ca,2,245278722,"{""corruption_fraction"": 0.5, ""corruption_mode"": ""degree_preserving"", ""latent_homophily"": 0.2, ""n"": 600, ""target_avg_degree"": 6}","{""actual_changed_edge_fraction"": 0.6284403669724771, ""clean_edge_homophily"": 0.19610091743119265, ""clean_edges"": 1744, ""clean_observed_edge_jaccard"": 0.22816901408450704, ""controlled_property"": ""latent_graph_corruption_recovery"", ""corruption_fraction_requested"": 0.5, ""corruption_mode"": ""degree_preserving"", ""degree_sequence_preserved"": true, ""generation_attempt"": 0, ""labels_generated_before_graph"": true, ""observed_edge_homophily"": 0.37270642201834864, ""observed_edges"": 1744, ""target_latent_homophily"": 0.2}",600,6,0.2,0.5,degree_preserving,600,1744,0.0097050639955481,5.8133333333333335,5.771822222222222,2.40246170046938,0.4132674943467969,5,0.9933333333333332,4,0.0059642857142857,0.0062216077424451,-0.0573346888485929,0.2608821971775948,0.6198567873219268,0.1304410985887974,0.7223326064599255,3.82719275210084,7.0,0.4945930888218451,0.4480224068741977,64,,,0.240858966918166,0.4001660674080465,-0.03948923636190957,0.09150579939324108,-0.05265926575440285,0.02856351775588455,6,0.3333333333333333,0,1,0,1,0,1
latent_corruption_recovery__28b07d710a__i00,latent_corruption_recovery,latent_corruption_recovery__28b07d710a,0,227510802,"{""corruption_fraction"": 0.25, ""corruption_mode"": ""degree_preserving"", ""latent_homophily"": 0.5, ""n"": 600, ""target_avg_degree"": 6}","{""actual_changed_edge_fraction"": 0.3949489521762493, ""clean_edge_homophily"": 0.5249865663621709, ""clean_edges"": 1861, ""clean_observed_edge_jaccard"": 0.4337442218798151, ""controlled_property"": ""latent_graph_corruption_recovery"", ""corruption_fraction_requested"": 0.25, ""corruption_mode"": ""degree_preserving"", ""degree_sequence_preserved"": true, ""generation_attempt"": 0, ""labels_generated_before_graph"": true, ""observed_edge_homophily"": 0.5013433637829124, ""observed_edges"": 1861, ""target_latent_homophily"": 0.5}",600,6,0.5,0.25,degree_preserving,600,1861,0.0103561491374513,6.203333333333333,5.928655555555556,2.434883068148357,0.392512047525259,2,0.9983333333333332,1,0.0096239038739038,0.0088989705112545,0.0109322311823797,0.2633185345575916,0.5228856753512141,0.1316592672787958,0.7256976430409452,3.721571906354515,7.0,0.4315772181739773,0.4100701221829774,64,,,0.259620596205962,0.3900467210518459,0.03494392728834287,0.059248038468583654,0.011120370242656415,0.025721525114070432,6,0.6666666666666666,1,1,1,1,1,1
latent_corruption_recovery__28b07d710a__i01,latent_corruption_recovery,latent_corruption_recovery__28b07d710a,1,1194227629,"{""corruption_fraction"": 0.25, ""corruption_mode"": ""degree_preserving"", ""latent_homophily"": 0.5, ""n"": 600, ""target_avg_degree"": 6}","{""actual_changed_edge_fraction"": 0.3952195664257921, ""clean_edge_homophily"": 0.4974986103390773, ""clean_edges"": 1799, ""clean_observed_edge_jaccard"": 0.4334661354581673, ""controlled_property"": ""latent_graph_corruption_recovery"", ""corruption_fraction_requested"": 0.25, ""corruption_mode"": ""degree_preserving"", ""degree_sequence_preserved"": true, ""generation_attempt"": 0, ""labels_generated_before_graph"": true, ""observed_edge_homophily"": 0.4963868816008894, ""observed_edges"": 1799, ""target_latent_homophily"": 0.5}",600,6,0.5,0.25,degree_preserving,600,1799,0.0100111296605453,5.996666666666667,6.469988888888889,2.543617284280182,0.4241718650828541,4,0.995,3,0.0117742072742072,0.0120768526989935,0.0240966135684751,0.2120851497131309,0.5355547956224164,0.1060425748565654,0.6512835783483735,3.8162489513422817,8.0,0.4951926582387973,0.4184991533064026,64,,,0.2947719688542825,0.3891816866945721,-0.001819049136222349,0.04100419562887226,-0.05344712143325126,0.0516280722970289,6,0.3333333333333333,0,1,0,1,0,1
latent_corruption_recovery__28b07d710a__i02,latent_corruption_recovery,latent_corruption_recovery__28b07d710a,2,1127598057,"{""corruption_fraction"": 0.25, ""corruption_mode"": ""degree_preserving"", ""latent_homophily"": 0.5, ""n"": 600, ""target_avg_degree"": 6}","{""actual_changed_edge_fraction"": 0.4, ""clean_edge_homophily"": 0.49367816091954025, ""clean_edges"": 1740, ""clean_observed_edge_jaccard"": 0.42857142857142855, ""controlled_property"": ""latent_graph_corruption_recovery"", ""corruption_fraction_requested"": 0.25, ""corruption_mode"": ""degree_preserving"", ""degree_sequence_preserved"": true, ""generation_attempt"": 0, ""labels_generated_before_graph"": true, ""observed_edge_homophily"": 0.4959770114942529, ""observed_edges"": 1740, ""target_latent_homophily"": 0.5}",600,6,0.5,0.25,degree_preserving,600,1740,0.0096828046744574,5.8,5.35,2.313006701244076,0.3987942588351854,1,1.0,0,0.0123531006031005,0.011449231696294,0.0334503839669905,0.2400236305828649,0.5865193692626218,0.1200118152914324,0.6928544299964674,3.879147537562604,7.0,0.5369778120623795,0.4640754583291048,64,,,0.2628538417099942,0.4068186021931562,-0.016394443614516214,0.04061340273968324,-0.053876376095541405,0.033504506606610814,6,0.3333333333333333,0,1,0,1,0,1
latent_corruption_recovery__2df011944b__i00,latent_corruption_recovery,latent_corruption_recovery__2df011944b,0,816016334,"{""corruption_fraction"": 0.0, ""corruption_mode"": ""none"", ""latent_homophily"": 0.2, ""n"": 600, ""target_avg_degree"": 12}","{""actual_changed_edge_fraction"": 0.0, ""clean_edge_homophily"": 0.20818456468003296, ""clean_edges"": 3641, ""clean_observed_edge_jaccard"": 1.0, ""controlled_property"": ""latent_graph_corruption_recovery"", ""corruption_fraction_requested"": 0.0, ""corruption_mode"": ""none"", ""degree_sequence_preserved"": true, ""generation_attempt"": 0, ""labels_generated_before_graph"": true, ""observed_edge_homophily"": 0.20818456468003296, ""observed_edges"": 3641, ""target_latent_homophily"": 0.2}",600,12,0.2,0.0,none,600,3641,0.0202615470228158,12.136666666666668,12.041322222222222,3.4700608384035894,0.2859154769352037,1,1.0,0,0.0152068828213161,0.0152849799596929,-0.0098257431984557,0.4651359329067097,2.5960780203567784,0.2325679664533548,0.964506021657418,2.8406458681135227,5.0,0.20126052941081,0.1892743595011538,64,,,0.3270614277808522,0.2471931369075426,-0.013476111571041999,0.0412256916089208,-0.05673939806439008,0.05028160523706732,6,0.5,0,1,0,1,0,1
latent_corruption_recovery__2df011944b__i01,latent_corruption_recovery,latent_corruption_recovery__2df011944b,1,1404941653,"{""corruption_fraction"": 0.0, ""corruption_mode"": ""none"", ""latent_homophily"": 0.2, ""n"": 600, ""target_avg_degree"": 12}","{""actual_changed_edge_fraction"": 0.0, ""clean_edge_homophily"": 0.19480519480519481, ""clean_edges"": 3619, ""clean_observed_edge_jaccard"": 1.0, ""controlled_property"": ""latent_graph_corruption_recovery"", ""corruption_fraction_requested"": 0.0, ""corruption_mode"": ""none"", ""degree_sequence_preserved"": true, ""generation_attempt"": 0, ""labels_generated_before_graph"": true, ""observed_edge_homophily"": 0.19480519480519481, ""observed_edges"": 3619, ""target_latent_homophily"": 0.2}",600,12,0.2,0.0,none,600,3619,0.0201391207568169,12.063333333333333,11.365988888888891,3.371348230143082,0.2794707015868816,1,1.0,0,0.0166028967306056,0.017054870189652,0.0002069647194439,0.4583380842032639,2.677880976881668,0.2291690421016319,0.957432069865287,2.8259599332220366,4.0,0.1910922564533567,0.1803794482766199,64,,,0.3197015750207239,0.2523900790407936,0.018411831215535402,0.03948121172553437,0.012659029803542566,0.005752801411992816,6,0.6666666666666666,1,1,1,1,1,0
latent_corruption_recovery__2df011944b__i02,latent_corruption_recovery,latent_corruption_recovery__2df011944b,2,1745996605,"{""corruption_fraction"": 0.0, ""corruption_mode"": ""none"", ""latent_homophily"": 0.2, ""n"": 600, ""target_avg_degree"": 12}","{""actual_changed_edge_fraction"": 0.0, ""clean_edge_homophily"": 0.18975069252077562, ""clean_edges"": 3610, ""clean_observed_edge_jaccard"": 1.0, ""controlled_property"": ""latent_graph_corruption_recovery"", ""corruption_fraction_requested"": 0.0, ""corruption_mode"": ""none"", ""degree_sequence_preserved"": true, ""generation_attempt"": 0, ""labels_generated_before_graph"": true, ""observed_edge_homophily"": 0.18975069252077562, ""observed_edges"": 3610, ""target_latent_homophily"": 0.2}",600,12,0.2,0.0,none,600,3610,0.0200890372843628,12.033333333333331,11.088888888888889,3.3299983316645805,0.2767311632962255,1,1.0,0,0.013522798574747,0.013138077252821,-0.0275352171659476,0.451590639953822,3.247320546628815,0.225795319976911,0.9503585007288796,2.8375939065108517,5.0,0.2060197372976453,0.1983013604146669,64,,,0.314491548905514,0.2548502160050951,0.017275188325507413,0.04308187022086381,-0.06369976889859956,0.080974957224107,6,0.6666666666666666,1,1,1,1,1,1
latent_corruption_recovery__354c3b2d88__i00,latent_corruption_recovery,latent_corruption_recovery__354c3b2d88,0,117947067,"{""corruption_fraction"": 0.5, ""corruption_mode"": ""degree_preserving"", ""latent_homophily"": 0.2, ""n"": 240, ""target_avg_degree"": 6}","{""actual_changed_edge_fraction"": 0.6356164383561644, ""clean_edge_homophily"": 0.19726027397260273, ""clean_edges"": 730, ""clean_observed_edge_jaccard"": 0.22278056951423786, ""controlled_property"": ""latent_graph_corruption_recovery"", ""corruption_fraction_requested"": 0.5, ""corruption_mode"": ""degree_preserving"", ""degree_sequence_preserved"": true, ""generation_attempt"": 0, ""labels_generated_before_graph"": true, ""observed_edge_homophily"": 0.40273972602739727, ""observed_edges"": 730, ""target_latent_homophily"": 0.2}",240,6,0.2,0.5,degree_preserving,240,730,0.0254532775453277,6.083333333333333,5.709722222222222,2.389502505171782,0.3927949323570053,1,1.0,0,0.0254220316720316,0.0238853503184713,-0.031364917713673,0.2898401751435444,0.7678769047655004,0.1449200875717722,0.7613674213460205,3.2441814853556483,6.0,0.4693349569266258,0.417516128060199,64,1.0,0.0006849315068493,0.2845303867403315,0.3792634640645524,0.04130592250401293,0.07762226613989634,0.02795749001428725,0.013348432489725684,6,0.5,1,1,1,1,1,1
latent_corruption_recovery__354c3b2d88__i01,latent_corruption_recovery,latent_corruption_recovery__354c3b2d88,1,1930160121,"{""corruption_fraction"": 0.5, ""corruption_mode"": ""degree_preserving"", ""latent_homophily"": 0.2, ""n"": 240, ""target_avg_degree"": 6}","{""actual_changed_edge_fraction"": 0.6229508196721312, ""clean_edge_homophily"": 0.21311475409836064, ""clean_edges"": 732, ""clean_observed_edge_jaccard"": 0.23232323232323232, ""controlled_property"": ""latent_graph_corruption_recovery"", ""corruption_fraction_requested"": 0.5, ""corruption_mode"": ""degree_preserving"", ""degree_sequence_preserved"": true, ""generation_attempt"": 0, ""labels_generated_before_graph"": true, ""observed_edge_homophily"": 0.366120218579235, ""observed_edges"": 732, ""target_latent_homophily"": 0.2}",240,6,0.2,0.5,degree_preserving,240,732,0.0255230125523012,6.1,5.823333333333334,2.413158373031769,0.3955997332838966,1,1.0,0,0.0218906325156324,0.0236913357400722,-0.0245548057376322,0.2636142249867107,0.5318397000552636,0.1318071124933553,0.7261049855037641,3.243004707112971,7.0,0.5159698459359572,0.4906048967573455,64,1.0,0.0006830601092896,0.2754820936639118,0.3657292319866224,-0.06036171982442379,0.05896633072394161,-0.09540436311708865,0.03612231509697437,6,0.0,0,1,0,1,0,1
latent_corruption_recovery__354c3b2d88__i02,latent_corruption_recovery,latent_corruption_recovery__354c3b2d88,2,1759755294,"{""corruption_fraction"": 0.5, ""corruption_mode"": ""degree_preserving"", ""latent_homophily"": 0.2, ""n"": 240, ""target_avg_degree"": 6}","{""actual_changed_edge_fraction"": 0.61794500723589, ""clean_edge_homophily"": 0.20839363241678727, ""clean_edges"": 691, ""clean_observed_edge_jaccard"": 0.23613595706618962, ""controlled_property"": ""latent_graph_corruption_recovery"", ""corruption_fraction_requested"": 0.5, ""corruption_mode"": ""degree_preserving"", ""degree_sequence_preserved"": true, ""generation_attempt"": 0, ""labels_generated_before_graph"": true, ""observed_edge_homophily"": 0.39652677279305354, ""observed_edges"": 691, ""target_latent_homophily"": 0.2}",240,6,0.2,0.5,degree_preserving,240,691,0.0240934449093444,5.758333333333334,5.024930555555556,2.241635687518281,0.3892855028975306,3,0.9916666666666668,2,0.0168530543530543,0.0208172706245181,-0.0094034623071252,0.2698050016329212,0.6441550501163226,0.1349025008164606,0.7345815157392965,3.287018723628692,6.0,0.536870383373181,0.4528469416528166,64,1.0,0.0007235890014471,0.2751091703056768,0.3851692528079651,-0.049471530631882484,0.06897465100649486,-0.03361838383827443,-0.0155438800369729,6,0.3333333333333333,0,0,0,0,0,0
latent_corruption_recovery__49593b9fe7__i00,latent_corruption_recovery,latent_corruption_recovery__49593b9fe7,0,540839754,"{""corruption_fraction"": 0.5, ""corruption_mode"": ""degree_preserving"", ""latent_homophily"": 0.5, ""n"": 600, ""target_avg_degree"": 12}","{""actual_changed_edge_fraction"": 0.6373929853631594, ""clean_edge_homophily"": 0.49930958298812483, ""clean_edges"": 3621, ""clean_observed_edge_jaccard"": 0.22145387080452014, ""controlled_property"": ""latent_graph_corruption_recovery"", ""corruption_fraction_requested"": 0.5, ""corruption_mode"": ""degree_preserving"", ""degree_sequence_preserved"": true, ""generation_attempt"": 0, ""labels_generated_before_graph"": true, ""observed_edge_homophily"": 0.49378624689312345, ""observed_edges"": 3621, ""target_latent_homophily"": 0.5}",600,12,0.5,0.5,degree_preserving,600,3621,0.0201502504173622,12.07,12.331766666666669,3.5116615250713825,0.2909413028228154,1,1.0,0,0.0209598977086189,0.0211035994883975,0.0221915798877638,0.4522924912977527,2.590551232262039,0.2261462456488763,0.9510967262037576,2.812630425709516,4.0,0.2090966467248854,0.1942414006025373,64,,,0.3316735822959889,0.2534112625566853,0.015227782704385203,0.10710619404642258,-0.012310472272607452,0.027538254976992634,6,0.5,1,1,1,1,1,1
latent_corruption_recovery__49593b9fe7__i01,latent_corruption_recovery,latent_corruption_recovery__49593b9fe7,1,619089355,"{""corruption_fraction"": 0.5, ""corruption_mode"": ""degree_preserving"", ""latent_homophily"": 0.5, ""n"": 600, ""target_avg_degree"": 12}","{""actual_changed_edge_fraction"": 0.6288631346578366, ""clean_edge_homophily"": 0.494757174392936, ""clean_edges"": 3624, ""clean_observed_edge_jaccard"": 0.22785024563781128, ""controlled_property"": ""latent_graph_corruption_recovery"", ""corruption_fraction_requested"": 0.5, ""corruption_mode"": ""degree_preserving"", ""degree_sequence_preserved"": true, ""generation_attempt"": 0, ""labels_generated_before_graph"": true, ""observed_edge_homophily"": 0.4936534216335541, ""observed_edges"": 3624, ""target_latent_homophily"": 0.5}",600,12,0.5,0.5,degree_preserving,600,3624,0.0201669449081803,12.08,12.020266666666666,3.4670256224416147,0.2870054323213257,1,1.0,0,0.0207431694106684,0.0207038391224862,-0.0358621805461207,0.4572531656868874,1.7809821945043705,0.2286265828434437,0.956298243945776,2.828281510851419,4.0,0.1964962790344758,0.1886198944521606,64,,,0.3213594915722575,0.2543778537978354,-0.013080449650287165,0.07045842735682413,-0.035153527393978014,0.05402262646178995,6,0.6666666666666666,0,1,0,1,0,1
latent_corruption_recovery__49593b9fe7__i02,latent_corruption_recovery,latent_corruption_recovery__49593b9fe7,2,1168975060,"{""corruption_fraction"": 0.5, ""corruption_mode"": ""degree_preserving"", ""latent_homophily"": 0.5, ""n"": 600, ""target_avg_degree"": 12}","{""actual_changed_edge_fraction"": 0.615699100572363, ""clean_edge_homophily"": 0.49005178522758247, ""clean_edges"": 3669, ""clean_observed_edge_jaccard"": 0.23785425101214575, ""controlled_property"": ""latent_graph_corruption_recovery"", ""corruption_fraction_requested"": 0.5, ""corruption_mode"": ""degree_preserving"", ""degree_sequence_preserved"": true, ""generation_attempt"": 0, ""labels_generated_before_graph"": true, ""observed_edge_homophily"": 0.5047696920141728, ""observed_edges"": 3669, ""target_latent_homophily"": 0.5}",600,12,0.5,0.5,degree_preserving,600,3669,0.0204173622704507,12.23,11.633766666666666,3.410830788336863,0.278890497819858,1,1.0,0,0.0195731930689024,0.019533260242096,-0.0271838644586769,0.4685021019450739,3.5339890281247675,0.2342510509725369,0.9679897746826398,2.806852566777964,4.0,0.1976042986393928,0.1887010398087284,64,,,0.3295019157088122,0.2498688302196157,0.013634488984124365,0.06077879239238712,-0.0012810090908042689,0.017626450025964784,6,0.5,1,1,1,1,1,1
latent_corruption_recovery__4abebbb8a2__i00,latent_corruption_recovery,latent_corruption_recovery__4abebbb8a2,0,404748542,"{""corruption_fraction"": 0.25, ""corruption_mode"": ""homophily_attack"", ""latent_homophily"": 0.5, ""n"": 600, ""target_avg_degree"": 6}","{""actual_changed_edge_fraction"": 0.24985899605188946, ""clean_edge_homophily"": 0.4890016920473773, ""clean_edges"": 1773, ""clean_observed_edge_jaccard"": 0.6001805054151624, ""controlled_property"": ""latent_graph_corruption_recovery"", ""corruption_fraction_requested"": 0.25, ""corruption_mode"": ""homophily_attack"", ""degree_sequence_preserved"": false, ""generation_attempt"": 0, ""labels_generated_before_graph"": true, ""observed_edge_homophily"": 0.23914269599548788, ""observed_edges"": 1773, ""target_latent_homophily"": 0.5}",600,6,0.5,0.25,homophily_attack,600,1773,0.0098664440734557,5.91,5.715233333333333,2.3906554191964458,0.4045102232142886,1,1.0,0,0.0072013357013356,0.0092130518234165,-0.0133206070079917,0.254109085840449,0.6642407195485204,0.1270545429202245,0.7128942219438295,3.798218384808013,7.0,0.4900647825322499,0.4637717476173877,64,,,0.2377188029361942,0.4014702902375005,0.005965594320150531,0.0587819413639937,-0.007827482506349317,0.023809942346284068,6,0.6666666666666666,1,1,1,1,0,1
latent_corruption_recovery__4abebbb8a2__i01,latent_corruption_recovery,latent_corruption_recovery__4abebbb8a2,1,2096353198,"{""corruption_fraction"": 0.25, ""corruption_mode"": ""homophily_attack"", ""latent_homophily"": 0.5, ""n"": 600, ""target_avg_degree"": 6}","{""actual_changed_edge_fraction"": 0.24986361156573922, ""clean_edge_homophily"": 0.5122749590834698, ""clean_edges"": 1833, ""clean_observed_edge_jaccard"": 0.6001745962461807, ""controlled_property"": ""latent_graph_corruption_recovery"", ""corruption_fraction_requested"": 0.25, ""corruption_mode"": ""homophily_attack"", ""degree_sequence_preserved"": false, ""generation_attempt"": 0, ""labels_generated_before_graph"": true, ""observed_edge_homophily"": 0.2624113475177305, ""observed_edges"": 1833, ""target_latent_homophily"": 0.5}",600,6,0.5,0.25,homophily_attack,600,1833,0.0102003338898163,6.11,5.864566666666667,2.421686739994805,0.3963480752855655,2,0.9983333333333332,1,0.0083595201095201,0.0070106057882437,0.0435871599093286,0.2629216175622244,0.5260744480226783,0.1314608087811122,0.7251504913633092,3.7425402382943145,7.0,0.479563476879717,0.4589216202391986,64,,,0.2695269526952695,0.3747245816751685,0.023594713973264847,0.07749001016657693,0.04040694002308129,-0.0133081364148595,6,0.6666666666666666,1,0,1,0,1,0
latent_corruption_recovery__4abebbb8a2__i02,latent_corruption_recovery,latent_corruption_recovery__4abebbb8a2,2,301805739,"{""corruption_fraction"": 0.25, ""corruption_mode"": ""homophily_attack"", ""latent_homophily"": 0.5, ""n"": 600, ""target_avg_degree"": 6}","{""actual_changed_edge_fraction"": 0.2501380452788515, ""clean_edge_homophily"": 0.4947542794036444, ""clean_edges"": 1811, ""clean_observed_edge_jaccard"": 0.5998233215547704, ""controlled_property"": ""latent_graph_corruption_recovery"", ""corruption_fraction_requested"": 0.25, ""corruption_mode"": ""homophily_attack"", ""degree_sequence_preserved"": false, ""generation_attempt"": 0, ""labels_generated_before_graph"": true, ""observed_edge_homophily"": 0.24461623412479294, ""observed_edges"": 1811, ""target_latent_homophily"": 0.5}",600,6,0.5,0.25,homophily_attack,600,1811,0.0100779076238174,6.036666666666667,5.488655555555555,2.3427879877521045,0.3880929852709173,2,0.9983333333333332,1,0.0099127585377585,0.0091939078751857,-0.0465623187309645,0.2647263682292968,0.6264927452394297,0.1323631841146484,0.7276350297082965,3.7751619983277593,7.0,0.4678214929620508,0.4627788127532513,64,,,0.2423738214087631,0.3831418892033804,0.009761162536427566,0.042064318099842686,-0.037981264874126584,0.047742427410554185,6,0.5,1,1,1,1,0,1
latent_corruption_recovery__4c2b984808__i00,latent_corruption_recovery,latent_corruption_recovery__4c2b984808,0,932498550,"{""corruption_fraction"": 0.5, ""corruption_mode"": ""degree_preserving"", ""latent_homophily"": 0.8, ""n"": 240, ""target_avg_degree"": 12}","{""actual_changed_edge_fraction"": 0.6133682830930537, ""clean_edge_homophily"": 0.7876802096985583, ""clean_edges"": 1526, ""clean_observed_edge_jaccard"": 0.239642567018684, ""controlled_property"": ""latent_graph_corruption_recovery"", ""corruption_fraction_requested"": 0.5, ""corruption_mode"": ""degree_preserving"", ""degree_sequence_preserved"": true, ""generation_attempt"": 0, ""labels_generated_before_graph"": true, ""observed_edge_homophily"": 0.6120576671035387, ""observed_edges"": 1526, ""target_latent_homophily"": 0.8}",240,12,0.8,0.5,degree_preserving,240,1526,0.053207810320781,12.716666666666669,10.23638888888889,3.199435714135993,0.2515938962623323,1,1.0,0,0.054009427355983,0.0527527737073477,0.0118950348749707,0.4815275157022738,4.070699063071146,0.2407637578511369,0.981353672945971,2.428085774058577,4.0,0.1827875309524698,0.1777965912560518,64,5.0,0.0016382699868938,0.3337704918032786,0.2324292859977085,0.08807366130806811,0.11723907689655691,0.03795322867623641,0.05706487707627611,6,0.8333333333333334,1,1,1,1,1,1
latent_corruption_recovery__4c2b984808__i01,latent_corruption_recovery,latent_corruption_recovery__4c2b984808,1,1008883397,"{""corruption_fraction"": 0.5, ""corruption_mode"": ""degree_preserving"", ""latent_homophily"": 0.8, ""n"": 240, ""target_avg_degree"": 12}","{""actual_changed_edge_fraction"": 0.607681755829904, ""clean_edge_homophily"": 0.8093278463648834, ""clean_edges"": 1458, ""clean_observed_edge_jaccard"": 0.2440273037542662, ""controlled_property"": ""latent_graph_corruption_recovery"", ""corruption_fraction_requested"": 0.5, ""corruption_mode"": ""degree_preserving"", ""degree_sequence_preserved"": true, ""generation_attempt"": 0, ""labels_generated_before_graph"": true, ""observed_edge_homophily"": 0.5953360768175583, ""observed_edges"": 1458, ""target_latent_homophily"": 0.8}",240,12,0.8,0.5,degree_preserving,240,1458,0.050836820083682,12.15,11.044166666666664,3.3232764956690954,0.2735206992320243,1,1.0,0,0.0553876243940098,0.0540894096234785,-0.0190576016906599,0.4583851962658081,4.202281855623033,0.229192598132904,0.9574812752903402,2.465742677824268,4.0,0.2060997300522173,0.1980859662882941,64,5.0,0.0017146776406035,0.3278236914600551,0.2449465227560537,-0.0552476624356672,0.1001685392009309,-0.04577875225324538,0.014968524777172032,6,0.3333333333333333,0,1,0,1,0,1
latent_corruption_recovery__4c2b984808__i02,latent_corruption_recovery,latent_corruption_recovery__4c2b984808,2,560013234,"{""corruption_fraction"": 0.5, ""corruption_mode"": ""degree_preserving"", ""latent_homophily"": 0.8, ""n"": 240, ""target_avg_degree"": 12}","{""actual_changed_edge_fraction"": 0.6036834924965894, ""clean_edge_homophily"": 0.781718963165075, ""clean_edges"": 1466, ""clean_observed_edge_jaccard"": 0.24712888132709485, ""controlled_property"": ""latent_graph_corruption_recovery"", ""corruption_fraction_requested"": 0.5, ""corruption_mode"": ""degree_preserving"", ""degree_sequence_preserved"": true, ""generation_attempt"": 0, ""labels_generated_before_graph"": true, ""observed_edge_homophily"": 0.592087312414734, ""observed_edges"": 1466, ""target_latent_homophily"": 0.8}",240,12,0.8,0.5,degree_preserving,240,1466,0.051115760111576,12.216666666666669,12.578055555555554,3.546555449384029,0.2903046752565372,1,1.0,0,0.0486527273154847,0.0489611764050576,-0.0406922055387532,0.4778713115523475,3.4893115679541977,0.2389356557761737,0.9776208994823582,2.458649320083682,4.0,0.19303137638956,0.1935191696551106,64,4.0,0.0013642564802182,0.3237113402061856,0.2426005836709852,-0.08033998134487298,0.04691958462151353,-0.09859690611216787,0.02521344650642528,6,0.0,0,1,0,1,0,1
latent_corruption_recovery__4c6c6843cb__i00,latent_corruption_recovery,latent_corruption_recovery__4c6c6843cb,0,388397063,"{""corruption_fraction"": 0.0, ""corruption_mode"": ""none"", ""latent_homophily"": 0.8, ""n"": 600, ""target_avg_degree"": 6}","{""actual_changed_edge_fraction"": 0.0, ""clean_edge_homophily"": 0.8055555555555556, ""clean_edges"": 1800, ""clean_observed_edge_jaccard"": 1.0, ""controlled_property"": ""latent_graph_corruption_recovery"", ""corruption_fraction_requested"": 0.0, ""corruption_mode"": ""none"", ""degree_sequence_preserved"": true, ""generation_attempt"": 0, ""labels_generated_before_graph"": true, ""observed_edge_homophily"": 0.8055555555555556, ""observed_edges"": 1800, ""target_latent_homophily"": 0.8}",600,6,0.8,0.0,none,600,1800,0.010016694490818,6.0,6.07,2.463736998950984,0.4106228331584973,3,0.9966666666666668,2,0.0095020997520997,0.0119212642084835,0.0440068678844494,0.2258390412410856,0.6152943587688617,0.1129195206205428,0.6720699982012077,3.7989426298157456,7.0,0.4592112706885827,0.4230802443871609,64,,,0.1935483870967742,0.3945706790123456,-0.00020615061814864932,0.03944089514112129,-0.011443514842806618,0.004807464270332931,6,0.6666666666666666,0,1,0,0,0,0
latent_corruption_recovery__4c6c6843cb__i01,latent_corruption_recovery,latent_corruption_recovery__4c6c6843cb,1,1036748340,"{""corruption_fraction"": 0.0, ""corruption_mode"": ""none"", ""latent_homophily"": 0.8, ""n"": 600, ""target_avg_degree"": 6}","{""actual_changed_edge_fraction"": 0.0, ""clean_edge_homophily"": 0.7830241708825183, ""clean_edges"": 1779, ""clean_observed_edge_jaccard"": 1.0, ""controlled_property"": ""latent_graph_corruption_recovery"", ""corruption_fraction_requested"": 0.0, ""corruption_mode"": ""none"", ""degree_sequence_preserved"": true, ""generation_attempt"": 0, ""labels_generated_before_graph"": true, ""observed_edge_homophily"": 0.7830241708825183, ""observed_edges"": 1779, ""target_latent_homophily"": 0.8}",600,6,0.8,0.0,none,600,1779,0.0098998330550918,5.93,6.4651,2.542656091570388,0.4287784302816843,3,0.9966666666666668,2,0.0160312187812187,0.0159663865546218,-0.0381941185845092,0.2422485502336931,0.6957244132911753,0.1211242751168465,0.6960582593916879,3.773332809882747,6.0,0.5364013532998853,0.4666602723707848,64,,,0.2144063027574564,0.3937041386913276,-0.00706754388035135,0.042572065877931956,-0.01670117747616782,0.008374492413697083,6,0.3333333333333333,0,1,0,1,0,0
latent_corruption_recovery__4c6c6843cb__i02,latent_corruption_recovery,latent_corruption_recovery__4c6c6843cb,2,2063577684,"{""corruption_fraction"": 0.0, ""corruption_mode"": ""none"", ""latent_homophily"": 0.8, ""n"": 600, ""target_avg_degree"": 6}","{""actual_changed_edge_fraction"": 0.0, ""clean_edge_homophily"": 0.802624073017684, ""clean_edges"": 1753, ""clean_observed_edge_jaccard"": 1.0, ""controlled_property"": ""latent_graph_corruption_recovery"", ""corruption_fraction_requested"": 0.0, ""corruption_mode"": ""none"", ""degree_sequence_preserved"": true, ""generation_attempt"": 0, ""labels_generated_before_graph"": true, ""observed_edge_homophily"": 0.802624073017684, ""observed_edges"": 1753, ""target_latent_homophily"": 0.8}",600,6,0.8,0.0,none,600,1753,0.0097551474680022,5.843333333333334,5.498788888888889,2.344949655939097,0.4013034208680713,1,1.0,0,0.0095257104007103,0.0076923076923076,0.0457654887424034,0.2275387392602575,0.6156701207558496,0.1137693696301287,0.6745943066173292,3.813008660267112,7.0,0.5874871672072551,0.4960341851155692,64,,,0.1979463776383342,0.4011197168638296,-0.029487252592052485,0.0366119153431679,-0.02255669751750415,-0.006930555074548335,6,0.16666666666666666,0,0,0,0,0,0
latent_corruption_recovery__53ea971c90__i00,latent_corruption_recovery,latent_corruption_recovery__53ea971c90,0,1635047210,"{""corruption_fraction"": 0.0, ""corruption_mode"": ""none"", ""latent_homophily"": 0.2, ""n"": 600, ""target_avg_degree"": 6}","{""actual_changed_edge_fraction"": 0.0, ""clean_edge_homophily"": 0.19730941704035873, ""clean_edges"": 1784, ""clean_observed_edge_jaccard"": 1.0, ""controlled_property"": ""latent_graph_corruption_recovery"", ""corruption_fraction_requested"": 0.0, ""corruption_mode"": ""none"", ""degree_sequence_preserved"": true, ""generation_attempt"": 0, ""labels_generated_before_graph"": true, ""observed_edge_homophily"": 0.19730941704035873, ""observed_edges"": 1784, ""target_latent_homophily"": 0.2}",600,6,0.2,0.0,none,600,1784,0.0099276572064552,5.946666666666666,5.977155555555555,2.4448221930348137,0.4111248082457646,2,0.9983333333333332,1,0.0052963795463795,0.0045206253531738,-0.0343456241662935,0.2495147263300931,0.5672967324656573,0.1247573631650465,0.7064201672235768,3.7969795150501673,7.0,0.5063916605136772,0.4630067916743206,64,,,0.2484576556365675,0.3848312541474793,0.023096975068044617,0.031373273791826736,-0.014176130562577369,0.037273105630621965,6,0.6666666666666666,1,1,1,1,1,1
latent_corruption_recovery__53ea971c90__i01,latent_corruption_recovery,latent_corruption_recovery__53ea971c90,1,200107458,"{""corruption_fraction"": 0.0, ""corruption_mode"": ""none"", ""latent_homophily"": 0.2, ""n"": 600, ""target_avg_degree"": 6}","{""actual_changed_edge_fraction"": 0.0, ""clean_edge_homophily"": 0.19956966110812266, ""clean_edges"": 1859, ""clean_observed_edge_jaccard"": 1.0, ""controlled_property"": ""latent_graph_corruption_recovery"", ""corruption_fraction_requested"": 0.0, ""corruption_mode"": ""none"", ""degree_sequence_preserved"": true, ""generation_attempt"": 0, ""labels_generated_before_graph"": true, ""observed_edge_homophily"": 0.19956966110812266, ""observed_edges"": 1859, ""target_latent_homophily"": 0.2}",600,6,0.2,0.0,none,600,1859,0.0103450194769059,6.196666666666666,5.694655555555555,2.386347744054825,0.385101841428966,4,0.995,3,0.0071884319384319,0.0084440144251913,-0.0526387131679498,0.2726641213835564,0.7516320463422813,0.1363320606917782,0.7384634336019035,3.724583158557047,7.0,0.5010452009824813,0.4438000732984204,64,,,0.2571428571428571,0.3821532049280632,0.014728939627317248,0.05734625056162169,-0.03275236322702128,0.04748130285433852,6,0.3333333333333333,1,1,1,1,1,1
latent_corruption_recovery__53ea971c90__i02,latent_corruption_recovery,latent_corruption_recovery__53ea971c90,2,1193786014,"{""corruption_fraction"": 0.0, ""corruption_mode"": ""none"", ""latent_homophily"": 0.2, ""n"": 600, ""target_avg_degree"": 6}","{""actual_changed_edge_fraction"": 0.0, ""clean_edge_homophily"": 0.20987654320987653, ""clean_edges"": 1782, ""clean_observed_edge_jaccard"": 1.0, ""controlled_property"": ""latent_graph_corruption_recovery"", ""corruption_fraction_requested"": 0.0, ""corruption_mode"": ""none"", ""degree_sequence_preserved"": true, ""generation_attempt"": 0, ""labels_generated_before_graph"": true, ""observed_edge_homophily"": 0.20987654320987653, ""observed_edges"": 1782, ""target_latent_homophily"": 0.2}",600,6,0.2,0.0,none,600,1782,0.0099165275459098,5.94,5.883066666666667,2.4255033841795948,0.4083339030605378,2,0.9983333333333332,1,0.0117394549894549,0.010787282361847,-0.0031113389577572,0.252472251818522,0.5200219971695341,0.126236125909261,0.7105944720000601,3.768708193979933,7.0,0.530585695556373,0.4619425252379481,64,,,0.2549246813441483,0.3982282924015061,0.020325747703033418,0.04375661149131915,0.015124957295712704,0.005200790407320768,6,0.8333333333333334,1,1,1,1,1,0
latent_corruption_recovery__5889e400de__i00,latent_corruption_recovery,latent_corruption_recovery__5889e400de,0,129342620,"{""corruption_fraction"": 0.25, ""corruption_mode"": ""degree_preserving"", ""latent_homophily"": 0.2, ""n"": 600, ""target_avg_degree"": 6}","{""actual_changed_edge_fraction"": 0.39020363236103467, ""clean_edge_homophily"": 0.189873417721519, ""clean_edges"": 1817, ""clean_observed_edge_jaccard"": 0.4386381631037213, ""controlled_property"": ""latent_graph_corruption_recovery"", ""corruption_fraction_requested"": 0.25, ""corruption_mode"": ""degree_preserving"", ""degree_sequence_preserved"": true, ""generation_attempt"": 0, ""labels_generated_before_graph"": true, ""observed_edge_homophily"": 0.33736929003852506, ""observed_edges"": 1817, ""target_latent_homophily"": 0.2}",600,6,0.2,0.25,degree_preserving,600,1817,0.0101112966054535,6.056666666666667,5.826788888888889,2.413874248772891,0.3985483074473678,4,0.995,3,0.0082565027565027,0.0101499634235552,-0.0097549631349974,0.260655171552402,0.5379601097058903,0.130327585776201,0.7220182429168974,3.734597839765101,7.0,0.4751531762460026,0.4467548326445954,64,,,0.263215859030837,0.3872330030480186,-0.029587086293599216,0.014376921765142985,-0.05558777983706981,0.026000693543470565,6,0.0,0,1,0,1,0,1
latent_corruption_recovery__5889e400de__i01,latent_corruption_recovery,latent_corruption_recovery__5889e400de,1,935141076,"{""corruption_fraction"": 0.25, ""corruption_mode"": ""degree_preserving"", ""latent_homophily"": 0.2, ""n"": 600, ""target_avg_degree"": 6}","{""actual_changed_edge_fraction"": 0.389351081530782, ""clean_edge_homophily"": 0.20909595119245702, ""clean_edges"": 1803, ""clean_observed_edge_jaccard"": 0.43952095808383235, ""controlled_property"": ""latent_graph_corruption_recovery"", ""corruption_fraction_requested"": 0.25, ""corruption_mode"": ""degree_preserving"", ""degree_sequence_preserved"": true, ""generation_attempt"": 0, ""labels_generated_before_graph"": true, ""observed_edge_homophily"": 0.324459234608985, ""observed_edges"": 1803, ""target_latent_homophily"": 0.2}",600,6,0.2,0.25,degree_preserving,600,1803,0.010033388981636,6.01,5.406566666666667,2.3252025001420127,0.3868889351317824,1,1.0,0,0.0107033429533429,0.0092914124824026,-0.0039734934064973,0.2580906363731236,0.5169399230941483,0.1290453181865618,0.7184575650281979,3.792179674457429,7.0,0.475546943490692,0.4624572674370008,64,,,0.2447163515016685,0.3986962937533396,-0.023716854175668534,0.03408938081105543,-0.034668980931172065,0.010952126755503533,6,0.5,0,1,0,1,0,1
latent_corruption_recovery__5889e400de__i02,latent_corruption_recovery,latent_corruption_recovery__5889e400de,2,743273307,"{""corruption_fraction"": 0.25, ""corruption_mode"": ""degree_preserving"", ""latent_homophily"": 0.2, ""n"": 600, ""target_avg_degree"": 6}","{""actual_changed_edge_fraction"": 0.3939051918735892, ""clean_edge_homophily"": 0.2025959367945824, ""clean_edges"": 1772, ""clean_observed_edge_jaccard"": 0.4348178137651822, ""controlled_property"": ""latent_graph_corruption_recovery"", ""corruption_fraction_requested"": 0.25, ""corruption_mode"": ""degree_preserving"", ""degree_sequence_preserved"": true, ""generation_attempt"": 0, ""labels_generated_before_graph"": true, ""observed_edge_homophily"": 0.32336343115124155, ""observed_edges"": 1772, ""target_latent_homophily"": 0.2}",600,6,0.2,0.25,degree_preserving,600,1772,0.009860879243183,5.906666666666666,5.78128888888889,2.4044310946435727,0.4070707270841263,4,0.995,3,0.0067925639175639,0.008054463515198,0.039388787282011,0.251192317543629,0.6325731382573235,0.1255961587718145,0.7087909671315359,3.8237206375838926,8.0,0.5835019530156738,0.5102025692595566,64,,,0.2444946357989836,0.3916602759759285,0.016498750975155334,0.05455414130316646,-0.022099348138205088,0.03859809911336038,6,0.6666666666666666,1,1,1,1,1,1
latent_corruption_recovery__6b67dc3c0a__i00,latent_corruption_recovery,latent_corruption_recovery__6b67dc3c0a,0,294743629,"{""corruption_fraction"": 0.25, ""corruption_mode"": ""homophily_attack"", ""latent_homophily"": 0.8, ""n"": 600, ""target_avg_degree"": 6}","{""actual_changed_edge_fraction"": 0.24972375690607734, ""clean_edge_homophily"": 0.7950276243093922, ""clean_edges"": 1810, ""clean_observed_edge_jaccard"": 0.6003536693191865, ""controlled_property"": ""latent_graph_corruption_recovery"", ""corruption_fraction_requested"": 0.25, ""corruption_mode"": ""homophily_attack"", ""degree_sequence_preserved"": false, ""generation_attempt"": 0, ""labels_generated_before_graph"": true, ""observed_edge_homophily"": 0.5453038674033149, ""observed_edges"": 1810, ""target_latent_homophily"": 0.8}",600,6,0.8,0.25,homophily_attack,600,1810,0.0100723427935447,6.033333333333333,6.002222222222222,2.449943310001728,0.406067951933988,4,0.995,3,0.0089213564213564,0.0098982678031344,0.0190440261333536,0.2687569931737765,0.7478563424352435,0.1343784965868882,0.7331534534785695,3.68776216442953,7.0,0.581843568740682,0.4685009999738601,64,,,0.2520775623268698,0.3822865602393089,-0.017583951759057897,0.05762548875757728,-0.012034482117531699,-0.0006580119871452007,6,0.16666666666666666,0,0,0,0,0,0
latent_corruption_recovery__6b67dc3c0a__i01,latent_corruption_recovery,latent_corruption_recovery__6b67dc3c0a,1,1454968455,"{""corruption_fraction"": 0.25, ""corruption_mode"": ""homophily_attack"", ""latent_homophily"": 0.8, ""n"": 600, ""target_avg_degree"": 6}","{""actual_changed_edge_fraction"": 0.24986508364813814, ""clean_edge_homophily"": 0.7906098219104155, ""clean_edges"": 1853, ""clean_observed_edge_jaccard"": 0.6001727115716753, ""controlled_property"": ""latent_graph_corruption_recovery"", ""corruption_fraction_requested"": 0.25, ""corruption_mode"": ""homophily_attack"", ""degree_sequence_preserved"": false, ""generation_attempt"": 0, ""labels_generated_before_graph"": true, ""observed_edge_homophily"": 0.5407447382622774, ""observed_edges"": 1853, ""target_latent_homophily"": 0.8}",600,6,0.8,0.25,homophily_attack,600,1853,0.0103116304952698,6.176666666666667,5.702122222222223,2.387911686436964,0.3866019999628111,3,0.9966666666666668,2,0.0109648499648499,0.0116783154914624,0.0206786759897526,0.2733027364191369,0.6447386650401329,0.1366513682095684,0.7393277168064739,3.755967336683417,7.0,0.5062864360051195,0.4355491218847082,64,,,0.2548596112311015,0.377249855764008,-0.013999386545054017,0.04327422431510463,-0.02219512378549073,0.0054923095326181665,6,0.3333333333333333,0,1,0,1,0,0
latent_corruption_recovery__6b67dc3c0a__i02,latent_corruption_recovery,latent_corruption_recovery__6b67dc3c0a,2,1074951977,"{""corruption_fraction"": 0.25, ""corruption_mode"": ""homophily_attack"", ""latent_homophily"": 0.8, ""n"": 600, ""target_avg_degree"": 6}","{""actual_changed_edge_fraction"": 0.2501395868230039, ""clean_edge_homophily"": 0.7906197654941374, ""clean_edges"": 1791, ""clean_observed_edge_jaccard"": 0.5998213488164359, ""controlled_property"": ""latent_graph_corruption_recovery"", ""corruption_fraction_requested"": 0.25, ""corruption_mode"": ""homophily_attack"", ""degree_sequence_preserved"": false, ""generation_attempt"": 0, ""labels_generated_before_graph"": true, ""observed_edge_homophily"": 0.5404801786711334, ""observed_edges"": 1791, ""target_latent_homophily"": 0.8}",600,6,0.8,0.25,homophily_attack,600,1791,0.0099666110183639,5.97,5.9591,2.441126789005438,0.4088989596324017,4,0.995,3,0.008055056055056,0.0095425203480213,-0.022480752947625,0.2621648302149947,0.5284997894305611,0.1310824151074973,0.7241061113055112,3.785929635067114,7.0,0.4930163556912837,0.4574118011748871,64,,,0.2554499720514254,0.3865428014818182,-0.006910894922351516,0.027829309512804427,-0.03951076802017985,0.03259987309782835,6,0.5,0,1,0,1,0,1
latent_corruption_recovery__719a7d188c__i00,latent_corruption_recovery,latent_corruption_recovery__719a7d188c,0,1814261617,"{""corruption_fraction"": 0.5, ""corruption_mode"": ""homophily_attack"", ""latent_homophily"": 0.8, ""n"": 600, ""target_avg_degree"": 12}","{""actual_changed_edge_fraction"": 0.5001374003847211, ""clean_edge_homophily"": 0.7966474306128057, ""clean_edges"": 3639, ""clean_observed_edge_jaccard"": 0.333211210844477, ""controlled_property"": ""latent_graph_corruption_recovery"", ""corruption_fraction_requested"": 0.5, ""corruption_mode"": ""homophily_attack"", ""degree_sequence_preserved"": false, ""generation_attempt"": 0, ""labels_generated_before_graph"": true, ""observed_edge_homophily"": 0.29651003022808464, ""observed_edges"": 3639, ""target_latent_homophily"": 0.8}",600,12,0.8,0.5,homophily_attack,600,3639,0.0202504173622704,12.13,11.4931,3.3901474894169428,0.2794845415842492,1,1.0,0,0.0186107068319176,0.018839590443686,-0.0104438152679685,0.4638696694702932,2.647028305024799,0.2319348347351466,0.963192264784444,2.807465567612688,4.0,0.1935565758908367,0.1909928375756024,64,,,0.3269124931205283,0.2452450367273229,-0.028297253832793665,0.04308592739717782,-0.054611261946337274,0.0263140081135436,6,0.3333333333333333,0,1,0,1,0,1
latent_corruption_recovery__719a7d188c__i01,latent_corruption_recovery,latent_corruption_recovery__719a7d188c,1,67454078,"{""corruption_fraction"": 0.5, ""corruption_mode"": ""homophily_attack"", ""latent_homophily"": 0.8, ""n"": 600, ""target_avg_degree"": 12}","{""actual_changed_edge_fraction"": 0.5, ""clean_edge_homophily"": 0.8077136514983352, ""clean_edges"": 3604, ""clean_observed_edge_jaccard"": 0.3333333333333333, ""controlled_property"": ""latent_graph_corruption_recovery"", ""corruption_fraction_requested"": 0.5, ""corruption_mode"": ""homophily_attack"", ""degree_sequence_preserved"": false, ""generation_attempt"": 0, ""labels_generated_before_graph"": true, ""observed_edge_homophily"": 0.3077136514983352, ""observed_edges"": 3604, ""target_latent_homophily"": 0.8}",600,12,0.8,0.5,homophily_attack,600,3604,0.0200556483027267,12.013333333333334,11.923155555555557,3.452992261149097,0.2874299884419337,1,1.0,0,0.0218603286691522,0.0215627816681689,-0.0335555343039834,0.4547776270216668,2.742277647257627,0.2273888135108334,0.9537060627066044,2.8379982262103507,5.0,0.2009052281179682,0.1894246197678036,64,,,0.3186874304783092,0.2594410837754572,0.03881512670510637,0.0695567007848165,0.03135479365177948,0.007460333053326867,6,0.6666666666666666,1,1,1,1,1,0
latent_corruption_recovery__719a7d188c__i02,latent_corruption_recovery,latent_corruption_recovery__719a7d188c,2,1222859755,"{""corruption_fraction"": 0.5, ""corruption_mode"": ""homophily_attack"", ""latent_homophily"": 0.8, ""n"": 600, ""target_avg_degree"": 12}","{""actual_changed_edge_fraction"": 0.5, ""clean_edge_homophily"": 0.7848, ""clean_edges"": 3750, ""clean_observed_edge_jaccard"": 0.3333333333333333, ""controlled_property"": ""latent_graph_corruption_recovery"", ""corruption_fraction_requested"": 0.5, ""corruption_mode"": ""homophily_attack"", ""degree_sequence_preserved"": false, ""generation_attempt"": 0, ""labels_generated_before_graph"": true, ""observed_edge_homophily"": 0.2848, ""observed_edges"": 3750, ""target_latent_homophily"": 0.8}",600,12,0.8,0.5,homophily_attack,600,3750,0.0208681135225375,12.5,12.646666666666668,3.556215216584433,0.2844972173267546,1,1.0,0,0.0166361917087115,0.0173916750143864,0.0028399744935562,0.464516950298955,2.527409042206799,0.2322584751494775,0.9638640467399489,2.7907580342237064,5.0,0.1952334904883545,0.1842131886778804,64,,,0.3255069370330843,0.2443852444444444,-0.028912134579786863,0.0652448840841435,-0.059507662685838965,0.07784628476489004,6,0.16666666666666666,0,1,0,1,0,1
latent_corruption_recovery__7658ee3b8e__i00,latent_corruption_recovery,latent_corruption_recovery__7658ee3b8e,0,1828266526,"{""corruption_fraction"": 0.0, ""corruption_mode"": ""none"", ""latent_homophily"": 0.8, ""n"": 240, ""target_avg_degree"": 12}","{""actual_changed_edge_fraction"": 0.0, ""clean_edge_homophily"": 0.8001448225923244, ""clean_edges"": 1381, ""clean_observed_edge_jaccard"": 1.0, ""controlled_property"": ""latent_graph_corruption_recovery"", ""corruption_fraction_requested"": 0.0, ""corruption_mode"": ""none"", ""degree_sequence_preserved"": true, ""generation_attempt"": 0, ""labels_generated_before_graph"": true, ""observed_edge_homophily"": 0.8001448225923244, ""observed_edges"": 1381, ""target_latent_homophily"": 0.8}",240,12,0.8,0.0,none,240,1381,0.0481520223152022,11.508333333333333,10.83326388888889,3.2913923936366034,0.2860007872819641,1,1.0,0,0.0592405849081545,0.0584366304072856,-0.05210315860697,0.3080165336631131,3.2647661421397607,0.1540082668315565,0.784877740368668,2.5425601464435146,4.0,0.2084986604284269,0.1954675169716554,64,4.0,0.001448225923244,0.2020348837209302,0.2953631077816713,0.0248348210747983,0.09552179588742898,-0.01691763396841287,0.01696868382721492,6,0.6666666666666666,1,1,1,1,1,1
latent_corruption_recovery__7658ee3b8e__i01,latent_corruption_recovery,latent_corruption_recovery__7658ee3b8e,1,102209124,"{""corruption_fraction"": 0.0, ""corruption_mode"": ""none"", ""latent_homophily"": 0.8, ""n"": 240, ""target_avg_degree"": 12}","{""actual_changed_edge_fraction"": 0.0, ""clean_edge_homophily"": 0.797486033519553, ""clean_edges"": 1432, ""clean_observed_edge_jaccard"": 1.0, ""controlled_property"": ""latent_graph_corruption_recovery"", ""corruption_fraction_requested"": 0.0, ""corruption_mode"": ""none"", ""degree_sequence_preserved"": true, ""generation_attempt"": 0, ""labels_generated_before_graph"": true, ""observed_edge_homophily"": 0.797486033519553, ""observed_edges"": 1432, ""target_latent_homophily"": 0.8}",240,12,0.8,0.0,none,240,1432,0.0499302649930264,11.933333333333334,9.445555555555556,3.0733622558292013,0.2575443231141788,1,1.0,0,0.0604630194510225,0.06039309112567,-0.0306067405322348,0.3131548025947959,3.495948112382344,0.1565774012973979,0.7913972486618789,2.50558969665272,4.0,0.1994172112331227,0.1916027477365697,64,5.0,0.0017458100558659,0.2039106145251396,0.2954790834399675,-0.1319343930230885,0.11816620776875608,-0.15320317036990644,0.021268777346817952,6,0.16666666666666666,0,1,0,1,0,1
latent_corruption_recovery__7658ee3b8e__i02,latent_corruption_recovery,latent_corruption_recovery__7658ee3b8e,2,1563659454,"{""corruption_fraction"": 0.0, ""corruption_mode"": ""none"", ""latent_homophily"": 0.8, ""n"": 240, ""target_avg_degree"": 12}","{""actual_changed_edge_fraction"": 0.0, ""clean_edge_homophily"": 0.8274398868458275, ""clean_edges"": 1414, ""clean_observed_edge_jaccard"": 1.0, ""controlled_property"": ""latent_graph_corruption_recovery"", ""corruption_fraction_requested"": 0.0, ""corruption_mode"": ""none"", ""degree_sequence_preserved"": true, ""generation_attempt"": 0, ""labels_generated_before_graph"": true, ""observed_edge_homophily"": 0.8274398868458275, ""observed_edges"": 1414, ""target_latent_homophily"": 0.8}",240,12,0.8,0.0,none,240,1414,0.0493026499302649,11.783333333333331,10.928055555555554,3.3057609646729684,0.2805454849793184,1,1.0,0,0.0651143949789459,0.0655836705115043,-0.0033883872341177,0.2835072474668031,2.626489350069688,0.1417536237334015,0.7530036486854538,2.528340742677824,4.0,0.207867930088907,0.1881642560137379,64,3.0,0.001060820367751,0.1803519061583577,0.319467479178712,-0.09134405504415762,0.14780178246679276,-0.06846386740532374,0.0001020544490992319,6,0.16666666666666666,0,1,0,0,0,0
latent_corruption_recovery__785fbb2db8__i00,latent_corruption_recovery,latent_corruption_recovery__785fbb2db8,0,1021516259,"{""corruption_fraction"": 0.5, ""corruption_mode"": ""homophily_attack"", ""latent_homophily"": 0.8, ""n"": 600, ""target_avg_degree"": 6}","{""actual_changed_edge_fraction"": 0.49971799210377893, ""clean_edge_homophily"": 0.7868020304568528, ""clean_edges"": 1773, ""clean_observed_edge_jaccard"": 0.33358405415569764, ""controlled_property"": ""latent_graph_corruption_recovery"", ""corruption_fraction_requested"": 0.5, ""corruption_mode"": ""homophily_attack"", ""degree_sequence_preserved"": false, ""generation_attempt"": 0, ""labels_generated_before_graph"": true, ""observed_edge_homophily"": 0.2870840383530739, ""observed_edges"": 1773, ""target_latent_homophily"": 0.8}",600,6,0.8,0.5,homophily_attack,600,1773,0.0098664440734557,5.91,5.678566666666667,2.3829743319361767,0.4032105468589131,2,0.9983333333333332,1,0.0075182502682502,0.0080699394754539,0.0264161810136918,0.2626258125937347,0.6313833663814222,0.1313129062968673,0.7247424543846382,3.826217600334448,7.0,0.4978590479776562,0.4375366402714507,64,,,0.2502870264064294,0.3904128131154508,0.00890971173681617,0.08335310125080397,-0.04092689504796848,0.0498366067847846,6,0.5,1,1,1,1,0,1
latent_corruption_recovery__785fbb2db8__i01,latent_corruption_recovery,latent_corruption_recovery__785fbb2db8,1,1891972429,"{""corruption_fraction"": 0.5, ""corruption_mode"": ""homophily_attack"", ""latent_homophily"": 0.8, ""n"": 600, ""target_avg_degree"": 6}","{""actual_changed_edge_fraction"": 0.49973074851911686, ""clean_edge_homophily"": 0.7910608508346796, ""clean_edges"": 1857, ""clean_observed_edge_jaccard"": 0.333572710951526, ""controlled_property"": ""latent_graph_corruption_recovery"", ""corruption_fraction_requested"": 0.5, ""corruption_mode"": ""homophily_attack"", ""degree_sequence_preserved"": false, ""generation_attempt"": 0, ""labels_generated_before_graph"": true, ""observed_edge_homophily"": 0.2913301023155627, ""observed_edges"": 1857, ""target_latent_homophily"": 0.8}",600,6,0.8,0.5,homophily_attack,600,1857,0.0103338898163606,6.19,5.7939,2.4070521390281514,0.3888614117977627,3,0.9966666666666668,2,0.0126002978502978,0.0121308016877637,0.0382850811014696,0.2637759681814844,0.5384262173691433,0.1318879840907422,0.7263277059034503,3.765690431323283,7.0,0.492483891902252,0.4459953675071448,64,,,0.2599784250269687,0.3749872768888274,-0.01578266508188395,0.037713168230745574,-0.03227277937704637,0.01649011429516245,6,0.3333333333333333,0,1,0,1,0,1
latent_corruption_recovery__785fbb2db8__i02,latent_corruption_recovery,latent_corruption_recovery__785fbb2db8,2,351260247,"{""corruption_fraction"": 0.5, ""corruption_mode"": ""homophily_attack"", ""latent_homophily"": 0.8, ""n"": 600, ""target_avg_degree"": 6}","{""actual_changed_edge_fraction"": 0.5002748763056625, ""clean_edge_homophily"": 0.8081363386476086, ""clean_edges"": 1819, ""clean_observed_edge_jaccard"": 0.3330890436057164, ""controlled_property"": ""latent_graph_corruption_recovery"", ""corruption_fraction_requested"": 0.5, ""corruption_mode"": ""homophily_attack"", ""degree_sequence_preserved"": false, ""generation_attempt"": 0, ""labels_generated_before_graph"": true, ""observed_edge_homophily"": 0.3078614623419461, ""observed_edges"": 1819, ""target_latent_homophily"": 0.8}",600,6,0.8,0.5,homophily_attack,600,1819,0.0101224262659988,6.0633333333333335,6.60598888888889,2.570211837356775,0.4238942007735198,1,1.0,0,0.0090040746290746,0.0107219442458899,0.030720098496476,0.1979823913864997,0.3811830587976716,0.0989911956932498,0.6292573263562369,3.7119939482470783,8.0,0.5457168067820061,0.4360702934773554,64,,,0.2882288228822882,0.3798041018979611,-0.019355167115439234,0.04861973847909986,-0.042346431176996664,0.01735330959452532,6,0.5,0,1,0,1,0,1
latent_corruption_recovery__7cdad96fc6__i00,latent_corruption_recovery,latent_corruption_recovery__7cdad96fc6,0,1047218522,"{""corruption_fraction"": 0.5, ""corruption_mode"": ""homophily_attack"", ""latent_homophily"": 0.2, ""n"": 240, ""target_avg_degree"": 12}","{""actual_changed_edge_fraction"": 0.20149761742682096, ""clean_edge_homophily"": 0.20149761742682096, ""clean_edges"": 1469, ""clean_observed_edge_jaccard"": 0.6645892351274788, ""controlled_property"": ""latent_graph_corruption_recovery"", ""corruption_fraction_requested"": 0.5, ""corruption_mode"": ""homophily_attack"", ""degree_sequence_preserved"": false, ""generation_attempt"": 0, ""labels_generated_before_graph"": true, ""observed_edge_homophily"": 0.0, ""observed_edges"": 1469, ""target_latent_homophily"": 0.2}",240,12,0.2,0.5,homophily_attack,240,1469,0.0512203626220362,12.241666666666667,11.29159722222222,3.3602971925444662,0.2744967073555724,1,1.0,0,0.0,0.0,-0.0187295255013421,0.4915269662237548,3.2107097258531634,0.2457634831118774,0.9914907626637324,2.663245292887029,5.0,0.193058205438016,0.1914370299339331,64,4.0,0.001361470388019,0.3392370572207084,0.2240747168275979,-0.056748378735283246,0.1393867498895478,-0.04235592643924032,0.016233131270717117,6,0.5,0,1,0,1,0,1
latent_corruption_recovery__7cdad96fc6__i01,latent_corruption_recovery,latent_corruption_recovery__7cdad96fc6,1,1542169086,"{""corruption_fraction"": 0.5, ""corruption_mode"": ""homophily_attack"", ""latent_homophily"": 0.2, ""n"": 240, ""target_avg_degree"": 12}","{""actual_changed_edge_fraction"": 0.18449389806173727, ""clean_edge_homophily"": 0.18449389806173727, ""clean_edges"": 1393, ""clean_observed_edge_jaccard"": 0.6884848484848485, ""controlled_property"": ""latent_graph_corruption_recovery"", ""corruption_fraction_requested"": 0.5, ""corruption_mode"": ""homophily_attack"", ""degree_sequence_preserved"": false, ""generation_attempt"": 0, ""labels_generated_before_graph"": true, ""observed_edge_homophily"": 0.0, ""observed_edges"": 1393, ""target_latent_homophily"": 0.2}",240,12,0.2,0.5,homophily_attack,240,1393,0.0485704323570432,11.608333333333333,10.571597222222222,3.251399271424877,0.2800918252483742,1,1.0,0,0.0,0.0,-0.0115566345146486,0.4815877850184639,3.2860518353154418,0.2407938925092319,0.9814150854948828,2.7295371338912133,5.0,0.2060974617797847,0.196005064719638,64,4.0,0.0014357501794687,0.3338129496402878,0.2327935441745699,0.02413338451118502,0.054213365606667195,0.010129936664847482,0.014003447846337566,6,0.6666666666666666,1,1,1,1,1,1
latent_corruption_recovery__7cdad96fc6__i02,latent_corruption_recovery,latent_corruption_recovery__7cdad96fc6,2,75249978,"{""corruption_fraction"": 0.5, ""corruption_mode"": ""homophily_attack"", ""latent_homophily"": 0.2, ""n"": 240, ""target_avg_degree"": 12}","{""actual_changed_edge_fraction"": 0.18952446588559613, ""clean_edge_homophily"": 0.18952446588559613, ""clean_edges"": 1451, ""clean_observed_edge_jaccard"": 0.6813441483198146, ""controlled_property"": ""latent_graph_corruption_recovery"", ""corruption_fraction_requested"": 0.5, ""corruption_mode"": ""homophily_attack"", ""degree_sequence_preserved"": false, ""generation_attempt"": 0, ""labels_generated_before_graph"": true, ""observed_edge_homophily"": 0.0, ""observed_edges"": 1451, ""target_latent_homophily"": 0.2}",240,12,0.2,0.5,homophily_attack,240,1451,0.0505927475592747,12.091666666666669,10.549930555555555,3.2480656636767,0.2686201789394927,1,1.0,0,0.0,0.0,-0.0037549929412634,0.4705328898361099,2.522996163035296,0.2352664449180549,0.970085449675553,2.692468619246862,5.0,0.197822998331741,0.1807248666866658,64,3.0,0.0010337698139214,0.3232044198895027,0.231274944772991,0.006948508766012516,0.04225367284064269,-0.011384648527911734,0.024953677842569248,6,0.5,1,1,1,1,0,1
latent_corruption_recovery__828bf1723f__i00,latent_corruption_recovery,latent_corruption_recovery__828bf1723f,0,761655545,"{""corruption_fraction"": 0.5, ""corruption_mode"": ""homophily_attack"", ""latent_homophily"": 0.8, ""n"": 240, ""target_avg_degree"": 6}","{""actual_changed_edge_fraction"": 0.5, ""clean_edge_homophily"": 0.8002793296089385, ""clean_edges"": 716, ""clean_observed_edge_jaccard"": 0.3333333333333333, ""controlled_property"": ""latent_graph_corruption_recovery"", ""corruption_fraction_requested"": 0.5, ""corruption_mode"": ""homophily_attack"", ""degree_sequence_preserved"": false, ""generation_attempt"": 0, ""labels_generated_before_graph"": true, ""observed_edge_homophily"": 0.30027932960893855, ""observed_edges"": 716, ""target_latent_homophily"": 0.8}",240,6,0.8,0.5,homophily_attack,240,716,0.0249651324965132,5.966666666666667,6.090555555555555,2.4679050945195518,0.4136153789697572,2,0.9958333333333332,1,0.0200934944684944,0.0230930720783764,0.0575322026195135,0.2222419739229284,0.3352619369454667,0.1111209869614642,0.6666962935594114,3.27859112394958,7.0,0.6339735604402426,0.4398735778708695,64,1.0,0.0006983240223463,0.2829131652661064,0.3842498673574482,0.015819294267041064,0.08064028357415995,-0.012261315535180714,0.028080609802221785,6,0.5,1,1,1,1,1,1
latent_corruption_recovery__828bf1723f__i01,latent_corruption_recovery,latent_corruption_recovery__828bf1723f,1,282211313,"{""corruption_fraction"": 0.5, ""corruption_mode"": ""homophily_attack"", ""latent_homophily"": 0.8, ""n"": 240, ""target_avg_degree"": 6}","{""actual_changed_edge_fraction"": 0.5, ""clean_edge_homophily"": 0.7946927374301676, ""clean_edges"": 716, ""clean_observed_edge_jaccard"": 0.3333333333333333, ""controlled_property"": ""latent_graph_corruption_recovery"", ""corruption_fraction_requested"": 0.5, ""corruption_mode"": ""homophily_attack"", ""degree_sequence_preserved"": false, ""generation_attempt"": 0, ""labels_generated_before_graph"": true, ""observed_edge_homophily"": 0.2946927374301676, ""observed_edges"": 716, ""target_latent_homophily"": 0.8}",240,6,0.8,0.5,homophily_attack,240,716,0.0249651324965132,5.966666666666667,5.815555555555554,2.411546299691456,0.4041697708980094,1,1.0,0,0.0171140896140896,0.0183356840620592,0.065612634354035,0.2574021100050921,0.6968444244491222,0.128701055002546,0.7174985853715561,3.2614082112970717,6.0,0.4996274366371867,0.4872120817002631,64,1.0,0.0006983240223463,0.2464589235127478,0.3685414781061764,0.029860900043109886,0.10081587597753,-0.0209669815532748,0.028431726808757666,6,0.5,1,1,1,1,1,1
latent_corruption_recovery__828bf1723f__i02,latent_corruption_recovery,latent_corruption_recovery__828bf1723f,2,1985645379,"{""corruption_fraction"": 0.5, ""corruption_mode"": ""homophily_attack"", ""latent_homophily"": 0.8, ""n"": 240, ""target_avg_degree"": 6}","{""actual_changed_edge_fraction"": 0.5, ""clean_edge_homophily"": 0.8048780487804879, ""clean_edges"": 738, ""clean_observed_edge_jaccard"": 0.3333333333333333, ""controlled_property"": ""latent_graph_corruption_recovery"", ""corruption_fraction_requested"": 0.5, ""corruption_mode"": ""homophily_attack"", ""degree_sequence_preserved"": false, ""generation_attempt"": 0, ""labels_generated_before_graph"": true, ""observed_edge_homophily"": 0.3048780487804878, ""observed_edges"": 738, ""target_latent_homophily"": 0.8}",240,6,0.8,0.5,homophily_attack,240,738,0.0257322175732217,6.15,6.535833333333333,2.5565275929145246,0.4156955435633373,2,0.9958333333333332,1,0.0268259749509749,0.0268266085059978,-0.0199843679343965,0.2887858990002064,0.6847311820128589,0.1443929495001032,0.759981445826418,3.198529411764706,6.0,0.4757102692418753,0.4474177590594035,64,1.0,0.0006775067750677,0.2493224932249322,0.3675354910730679,0.02743182773098928,0.047312642698718266,0.023498339855520384,-0.027014625731919734,6,0.8333333333333334,1,0,1,0,1,0
latent_corruption_recovery__8b09f4cf10__i00,latent_corruption_recovery,latent_corruption_recovery__8b09f4cf10,0,1541688761,"{""corruption_fraction"": 0.0, ""corruption_mode"": ""none"", ""latent_homophily"": 0.2, ""n"": 240, ""target_avg_degree"": 12}","{""actual_changed_edge_fraction"": 0.0, ""clean_edge_homophily"": 0.19649122807017544, ""clean_edges"": 1425, ""clean_observed_edge_jaccard"": 1.0, ""controlled_property"": ""latent_graph_corruption_recovery"", ""corruption_fraction_requested"": 0.0, ""corruption_mode"": ""none"", ""degree_sequence_preserved"": true, ""generation_attempt"": 0, ""labels_generated_before_graph"": true, ""observed_edge_homophily"": 0.19649122807017544, ""observed_edges"": 1425, ""target_latent_homophily"": 0.2}",240,12,0.2,0.0,none,240,1425,0.0496861924686192,11.875,12.051041666666666,3.4714610276750437,0.2923335602252668,1,1.0,0,0.0391131639902924,0.0389541403529481,0.0042128838397125,0.4781960995450703,2.7339047647864523,0.2390980497725351,0.9779530658933182,2.5017978556485354,4.0,0.209242473214128,0.2058655945303251,64,3.0,0.0010526315789473,0.3286516853932584,0.2396626654355186,-0.028375208177542466,0.04534031858235064,-0.06624814676155481,0.03787293858401233,6,0.16666666666666666,0,1,0,1,0,1
latent_corruption_recovery__8b09f4cf10__i01,latent_corruption_recovery,latent_corruption_recovery__8b09f4cf10,1,1424853931,"{""corruption_fraction"": 0.0, ""corruption_mode"": ""none"", ""latent_homophily"": 0.2, ""n"": 240, ""target_avg_degree"": 12}","{""actual_changed_edge_fraction"": 0.0, ""clean_edge_homophily"": 0.19424964936886396, ""clean_edges"": 1426, ""clean_observed_edge_jaccard"": 1.0, ""controlled_property"": ""latent_graph_corruption_recovery"", ""corruption_fraction_requested"": 0.0, ""corruption_mode"": ""none"", ""degree_sequence_preserved"": true, ""generation_attempt"": 0, ""labels_generated_before_graph"": true, ""observed_edge_homophily"": 0.19424964936886396, ""observed_edges"": 1426, ""target_latent_homophily"": 0.2}",240,12,0.2,0.0,none,240,1426,0.049721059972106,11.883333333333333,10.211388888888887,3.195526386824069,0.2689082513456439,1,1.0,0,0.0371614237084438,0.0376231710958495,0.0129611312829408,0.4754625241677659,2.7859738304619794,0.2377312620838829,0.975153858801539,2.492056746861925,4.0,0.205379303649776,0.1984386144802654,64,4.0,0.0014025245441795,0.3300492610837438,0.238542525212985,0.0073598456846001485,0.07189026781121427,0.0009859015189043994,0.034041816271599946,6,0.6666666666666666,1,1,1,1,0,1
latent_corruption_recovery__8b09f4cf10__i02,latent_corruption_recovery,latent_corruption_recovery__8b09f4cf10,2,1215704282,"{""corruption_fraction"": 0.0, ""corruption_mode"": ""none"", ""latent_homophily"": 0.2, ""n"": 240, ""target_avg_degree"": 12}","{""actual_changed_edge_fraction"": 0.0, ""clean_edge_homophily"": 0.20600272851296045, ""clean_edges"": 1466, ""clean_observed_edge_jaccard"": 1.0, ""controlled_property"": ""latent_graph_corruption_recovery"", ""corruption_fraction_requested"": 0.0, ""corruption_mode"": ""none"", ""degree_sequence_preserved"": true, ""generation_attempt"": 0, ""labels_generated_before_graph"": true, ""observed_edge_homophily"": 0.20600272851296045, ""observed_edges"": 1466, ""target_latent_homophily"": 0.2}",240,12,0.2,0.0,none,240,1466,0.051115760111576,12.216666666666669,11.144722222222224,3.338371192995504,0.2732636720050889,1,1.0,0,0.0364362253629819,0.036105955795512,-0.0331331718521546,0.4914662785905999,4.12121715411865,0.2457331392952999,0.9914295523037427,2.469926778242678,4.0,0.1921368616249741,0.1860761964929799,64,5.0,0.0017053206002728,0.339273474982865,0.2413289216790219,0.0371320746928087,0.07383333384648624,0.060176375156526414,-0.012237204970356333,6,0.6666666666666666,1,0,1,0,1,0
latent_corruption_recovery__8f997d742a__i00,latent_corruption_recovery,latent_corruption_recovery__8f997d742a,0,290708227,"{""corruption_fraction"": 0.5, ""corruption_mode"": ""degree_preserving"", ""latent_homophily"": 0.5, ""n"": 240, ""target_avg_degree"": 12}","{""actual_changed_edge_fraction"": 0.621492128678987, ""clean_edge_homophily"": 0.49828884325804246, ""clean_edges"": 1461, ""clean_observed_edge_jaccard"": 0.23343182777543267, ""controlled_property"": ""latent_graph_corruption_recovery"", ""corruption_fraction_requested"": 0.5, ""corruption_mode"": ""degree_preserving"", ""degree_sequence_preserved"": true, ""generation_attempt"": 0, ""labels_generated_before_graph"": true, ""observed_edge_homophily"": 0.4996577686516085, ""observed_edges"": 1461, ""target_latent_homophily"": 0.5}",240,12,0.5,0.5,degree_preserving,240,1461,0.0509414225941422,12.175,10.644375,3.2625718382895417,0.2679730462660814,1,1.0,0,0.0475197289738698,0.0487389229720518,-0.0142264802684089,0.4764830886677468,3.440257880017873,0.2382415443338734,0.9761998654658244,2.4536153242677825,4.0,0.1981356371452114,0.1923862995173787,64,4.0,0.001368925393566,0.3168044077134986,0.2445909410120584,-0.05059703858770009,0.06360120040319656,-0.08266740700928742,0.06355184990306885,6,0.3333333333333333,0,1,0,1,0,1
latent_corruption_recovery__8f997d742a__i01,latent_corruption_recovery,latent_corruption_recovery__8f997d742a,1,674486170,"{""corruption_fraction"": 0.5, ""corruption_mode"": ""degree_preserving"", ""latent_homophily"": 0.5, ""n"": 240, ""target_avg_degree"": 12}","{""actual_changed_edge_fraction"": 0.6319060773480663, ""clean_edge_homophily"": 0.5138121546961326, ""clean_edges"": 1448, ""clean_observed_edge_jaccard"": 0.2255607278882776, ""controlled_property"": ""latent_graph_corruption_recovery"", ""corruption_fraction_requested"": 0.5, ""corruption_mode"": ""degree_preserving"", ""degree_sequence_preserved"": true, ""generation_attempt"": 0, ""labels_generated_before_graph"": true, ""observed_edge_homophily"": 0.494475138121547, ""observed_edges"": 1448, ""target_latent_homophily"": 0.5}",240,12,0.5,0.5,degree_preserving,240,1448,0.0504881450488145,12.066666666666666,11.137222222222222,3.3372477016580926,0.2765674890876872,1,1.0,0,0.0543514406488477,0.0525315362018316,-0.0248589706125119,0.4748850429011674,3.8032921629565792,0.2374425214505837,0.9745614838491898,2.474633891213389,4.0,0.2061307556614773,0.205503715160021,64,5.0,0.0017265193370165,0.3195020746887966,0.2473603808644424,0.013519875234628416,0.08210331051937751,0.015250845359126181,0.033671486885731204,6,0.6666666666666666,1,1,1,1,1,1
latent_corruption_recovery__8f997d742a__i02,latent_corruption_recovery,latent_corruption_recovery__8f997d742a,2,293403136,"{""corruption_fraction"": 0.5, ""corruption_mode"": ""degree_preserving"", ""latent_homophily"": 0.5, ""n"": 240, ""target_avg_degree"": 12}","{""actual_changed_edge_fraction"": 0.6089655172413793, ""clean_edge_homophily"": 0.4924137931034483, ""clean_edges"": 1450, ""clean_observed_edge_jaccard"": 0.24303471924560652, ""controlled_property"": ""latent_graph_corruption_recovery"", ""corruption_fraction_requested"": 0.5, ""corruption_mode"": ""degree_preserving"", ""degree_sequence_preserved"": true, ""generation_attempt"": 0, ""labels_generated_before_graph"": true, ""observed_edge_homophily"": 0.5006896551724138, ""observed_edges"": 1450, ""target_latent_homophily"": 0.5}",240,12,0.5,0.5,degree_preserving,240,1450,0.050557880055788,12.083333333333334,10.443055555555556,3.2315716850405094,0.2674404153136973,1,1.0,0,0.0526672897822278,0.0516047102285846,0.0154120321804821,0.4711908149262404,3.720529905200883,0.2355954074631202,0.9707634263055448,2.478850679916318,4.0,0.1990296427263964,0.2035133091498336,64,5.0,0.0017241379310344,0.340735600277585,0.2414582639714625,0.013424197300424767,0.06715976023867137,-0.09892875261690481,0.1123529499173296,6,0.6666666666666666,1,1,1,1,1,1
latent_corruption_recovery__92138bd023__i00,latent_corruption_recovery,latent_corruption_recovery__92138bd023,0,934770612,"{""corruption_fraction"": 0.5, ""corruption_mode"": ""degree_preserving"", ""latent_homophily"": 0.5, ""n"": 240, ""target_avg_degree"": 6}","{""actual_changed_edge_fraction"": 0.6111888111888112, ""clean_edge_homophily"": 0.5020979020979021, ""clean_edges"": 715, ""clean_observed_edge_jaccard"": 0.24131944444444445, ""controlled_property"": ""latent_graph_corruption_recovery"", ""corruption_fraction_requested"": 0.5, ""corruption_mode"": ""degree_preserving"", ""degree_sequence_preserved"": true, ""generation_attempt"": 0, ""labels_generated_before_graph"": true, ""observed_edge_homophily"": 0.5048951048951049, ""observed_edges"": 715, ""target_latent_homophily"": 0.5}",240,6,0.5,0.5,degree_preserving,240,715,0.0249302649930265,5.958333333333333,5.306597222222222,2.303605266147441,0.386619065647123,1,1.0,0,0.0297046703296703,0.0208034433285509,-0.0477231342390361,0.2605434021542873,0.5130663111013966,0.1302717010771436,0.7218634249694152,3.250719142259414,7.0,0.5851843353077544,0.4838001474185869,64,1.0,0.0006993006993006,0.2783216783216783,0.3851347254144457,-0.02542605148635942,0.09865032273320763,-0.016298389495606334,-0.00912766199075305,6,0.5,0,0,0,0,0,0
latent_corruption_recovery__92138bd023__i01,latent_corruption_recovery,latent_corruption_recovery__92138bd023,1,1706661851,"{""corruption_fraction"": 0.5, ""corruption_mode"": ""degree_preserving"", ""latent_homophily"": 0.5, ""n"": 240, ""target_avg_degree"": 6}","{""actual_changed_edge_fraction"": 0.606993006993007, ""clean_edge_homophily"": 0.5020979020979021, ""clean_edges"": 715, ""clean_observed_edge_jaccard"": 0.24456048738033073, ""controlled_property"": ""latent_graph_corruption_recovery"", ""corruption_fraction_requested"": 0.5, ""corruption_mode"": ""degree_preserving"", ""degree_sequence_preserved"": true, ""generation_attempt"": 0, ""labels_generated_before_graph"": true, ""observed_edge_homophily"": 0.4965034965034965, ""observed_edges"": 715, ""target_latent_homophily"": 0.5}",240,6,0.5,0.5,degree_preserving,240,715,0.0249302649930265,5.958333333333333,5.556597222222223,2.357243564467241,0.3956212975329635,1,1.0,0,0.0273061891811891,0.0227920227920227,0.0127457024473476,0.2771362502710316,0.5330341326930871,0.1385681251355158,0.744494795510394,3.2117873953974896,6.0,0.4928911823604229,0.4447610193098797,64,1.0,0.0006993006993006,0.2552891396332863,0.3870996136730402,0.0015358381140645166,0.06989541409472973,0.024627987552144917,-0.028755990428008332,6,0.6666666666666666,1,0,0,0,0,0
latent_corruption_recovery__92138bd023__i02,latent_corruption_recovery,latent_corruption_recovery__92138bd023,2,1832139973,"{""corruption_fraction"": 0.5, ""corruption_mode"": ""degree_preserving"", ""latent_homophily"": 0.5, ""n"": 240, ""target_avg_degree"": 6}","{""actual_changed_edge_fraction"": 0.5994277539341917, ""clean_edge_homophily"": 0.47353361945636624, ""clean_edges"": 699, ""clean_observed_edge_jaccard"": 0.2504472271914132, ""controlled_property"": ""latent_graph_corruption_recovery"", ""corruption_fraction_requested"": 0.5, ""corruption_mode"": ""degree_preserving"", ""degree_sequence_preserved"": true, ""generation_attempt"": 0, ""labels_generated_before_graph"": true, ""observed_edge_homophily"": 0.4821173104434907, ""observed_edges"": 699, ""target_latent_homophily"": 0.5}",240,6,0.5,0.5,degree_preserving,240,699,0.0243723849372384,5.825,5.952708333333334,2.439817274578843,0.4188527510006597,1,1.0,0,0.0262876244126243,0.0293613897724492,0.0231891452106743,0.2468782129482049,0.5244060589539017,0.1234391064741024,0.7026780385755698,3.298607479079498,7.0,0.4890863797768655,0.4329835120660468,64,1.0,0.0007153075822603,0.2276657060518732,0.3829709722247805,-0.0067685208255979,0.1011497810812034,0.008601085376889384,-0.015369606202487283,6,0.6666666666666666,0,0,0,0,0,0
latent_corruption_recovery__99fa93bce3__i00,latent_corruption_recovery,latent_corruption_recovery__99fa93bce3,0,1071761949,"{""corruption_fraction"": 0.0, ""corruption_mode"": ""none"", ""latent_homophily"": 0.2, ""n"": 240, ""target_avg_degree"": 6}","{""actual_changed_edge_fraction"": 0.0, ""clean_edge_homophily"": 0.18507462686567164, ""clean_edges"": 670, ""clean_observed_edge_jaccard"": 1.0, ""controlled_property"": ""latent_graph_corruption_recovery"", ""corruption_fraction_requested"": 0.0, ""corruption_mode"": ""none"", ""degree_sequence_preserved"": true, ""generation_attempt"": 0, ""labels_generated_before_graph"": true, ""observed_edge_homophily"": 0.18507462686567164, ""observed_edges"": 670, ""target_latent_homophily"": 0.2}",240,6,0.2,0.0,none,240,670,0.0233612273361227,5.583333333333333,5.159722222222222,2.271502195073168,0.4068362140429555,2,0.9958333333333332,1,0.0169882432382432,0.0138211382113821,-0.0402528456381874,0.2622512994145103,0.6254117183993044,0.1311256497072551,0.7242255165547681,3.329306722689076,6.0,0.5834335007082174,0.48993874184673,64,1.0,0.0007462686567164,0.2776119402985074,0.3883470706170639,-0.06450790222932115,0.12168370667120046,-0.0011484933150909353,-0.05584366214365268,6,0.3333333333333333,0,0,0,0,0,0
latent_corruption_recovery__99fa93bce3__i01,latent_corruption_recovery,latent_corruption_recovery__99fa93bce3,1,886756487,"{""corruption_fraction"": 0.0, ""corruption_mode"": ""none"", ""latent_homophily"": 0.2, ""n"": 240, ""target_avg_degree"": 6}","{""actual_changed_edge_fraction"": 0.0, ""clean_edge_homophily"": 0.17462482946793997, ""clean_edges"": 733, ""clean_observed_edge_jaccard"": 1.0, ""controlled_property"": ""latent_graph_corruption_recovery"", ""corruption_fraction_requested"": 0.0, ""corruption_mode"": ""none"", ""degree_sequence_preserved"": true, ""generation_attempt"": 0, ""labels_generated_before_graph"": true, ""observed_edge_homophily"": 0.17462482946793997, ""observed_edges"": 733, ""target_latent_homophily"": 0.2}",240,6,0.2,0.0,none,240,733,0.025557880055788,6.108333333333333,5.588263888888889,2.3639509066156363,0.3870042411921915,1,1.0,0,0.0160667804417804,0.0190260475651189,0.052802084846621,0.26244758144744,0.6221637845847297,0.13122379072372,0.7244964892219148,3.216756014644352,7.0,0.4934068207929147,0.4348055041811295,64,1.0,0.0006821282401091,0.2664835164835165,0.374917409438868,0.029597216267877282,0.11439878662658065,-0.024499496902705382,0.05100630887002703,6,0.5,1,1,1,1,1,1
latent_corruption_recovery__99fa93bce3__i02,latent_corruption_recovery,latent_corruption_recovery__99fa93bce3,2,51310928,"{""corruption_fraction"": 0.0, ""corruption_mode"": ""none"", ""latent_homophily"": 0.2, ""n"": 240, ""target_avg_degree"": 6}","{""actual_changed_edge_fraction"": 0.0, ""clean_edge_homophily"": 0.20584144645340752, ""clean_edges"": 719, ""clean_observed_edge_jaccard"": 1.0, ""controlled_property"": ""latent_graph_corruption_recovery"", ""corruption_fraction_requested"": 0.0, ""corruption_mode"": ""none"", ""degree_sequence_preserved"": true, ""generation_attempt"": 0, ""labels_generated_before_graph"": true, ""observed_edge_homophily"": 0.20584144645340752, ""observed_edges"": 719, ""target_latent_homophily"": 0.2}",240,6,0.2,0.0,none,240,719,0.0250697350069735,5.991666666666666,5.333263888888889,2.3093860415463,0.3854329971982698,1,1.0,0,0.0181165824915824,0.0184440766138567,0.0354408426636744,0.2524409884958716,0.5537729520094571,0.1262204942479358,0.7105504746263585,3.3041644874476988,6.0,0.5007895566985743,0.4498197408427514,64,1.0,0.0006954102920723,0.2739916550764951,0.3781793984459175,0.06741038681233397,0.06815134152100132,0.013736077237558967,0.054753981379084465,6,0.8333333333333334,1,1,1,1,1,1
latent_corruption_recovery__9b652fd5a4__i00,latent_corruption_recovery,latent_corruption_recovery__9b652fd5a4,0,1074924383,"{""corruption_fraction"": 0.25, ""corruption_mode"": ""homophily_attack"", ""latent_homophily"": 0.8, ""n"": 240, ""target_avg_degree"": 12}","{""actual_changed_edge_fraction"": 0.25018234865062, ""clean_edge_homophily"": 0.8227571115973742, ""clean_edges"": 1371, ""clean_observed_edge_jaccard"": 0.5997666277712952, ""controlled_property"": ""latent_graph_corruption_recovery"", ""corruption_fraction_requested"": 0.25, ""corruption_mode"": ""homophily_attack"", ""degree_sequence_preserved"": false, ""generation_attempt"": 0, ""labels_generated_before_graph"": true, ""observed_edge_homophily"": 0.5725747629467542, ""observed_edges"": 1371, ""target_latent_homophily"": 0.8}",240,12,0.8,0.25,homophily_attack,240,1371,0.0478033472803347,11.425,10.419375000000002,3.2279056677666405,0.2825300365660079,1,1.0,0,0.0481929779027301,0.0494113105578073,0.025175291226851,0.4591205321190328,3.402567109434154,0.2295602660595164,0.9582489573373224,2.529157949790795,4.0,0.2117606873630051,0.1957651875484171,64,5.0,0.0018234865061998,0.3201174743024963,0.2523061584632384,-0.08557666842582601,0.1095337128346379,-0.13040179492454848,0.04482512649872248,6,0.16666666666666666,0,1,0,1,0,1
latent_corruption_recovery__9b652fd5a4__i01,latent_corruption_recovery,latent_corruption_recovery__9b652fd5a4,1,1441792091,"{""corruption_fraction"": 0.25, ""corruption_mode"": ""homophily_attack"", ""latent_homophily"": 0.8, ""n"": 240, ""target_avg_degree"": 12}","{""actual_changed_edge_fraction"": 0.2496570644718793, ""clean_edge_homophily"": 0.8017832647462277, ""clean_edges"": 1458, ""clean_observed_edge_jaccard"": 0.6004390779363337, ""controlled_property"": ""latent_graph_corruption_recovery"", ""corruption_fraction_requested"": 0.25, ""corruption_mode"": ""homophily_attack"", ""degree_sequence_preserved"": false, ""generation_attempt"": 0, ""labels_generated_before_graph"": true, ""observed_edge_homophily"": 0.5521262002743484, ""observed_edges"": 1458, ""target_latent_homophily"": 0.8}",240,12,0.8,0.25,homophily_attack,240,1458,0.050836820083682,12.15,11.5025,3.391533576422324,0.2791385659606851,1,1.0,0,0.0528205966576708,0.0518795713556727,-0.0543372481955971,0.4695217249054862,3.129935381713277,0.2347608624527431,0.9690425428282148,2.4556419979079496,4.0,0.1884440802679353,0.1805820886172169,64,4.0,0.0013717421124828,0.3342541436464088,0.2514086700122873,-0.024986704449575885,0.0932278038586326,-0.07243658485064351,0.052456010029096854,6,0.5,0,1,0,1,0,1
latent_corruption_recovery__9b652fd5a4__i02,latent_corruption_recovery,latent_corruption_recovery__9b652fd5a4,2,1915852864,"{""corruption_fraction"": 0.25, ""corruption_mode"": ""homophily_attack"", ""latent_homophily"": 0.8, ""n"": 240, ""target_avg_degree"": 12}","{""actual_changed_edge_fraction"": 0.24982888432580425, ""clean_edge_homophily"": 0.784394250513347, ""clean_edges"": 1461, ""clean_observed_edge_jaccard"": 0.6002190580503833, ""controlled_property"": ""latent_graph_corruption_recovery"", ""corruption_fraction_requested"": 0.25, ""corruption_mode"": ""homophily_attack"", ""degree_sequence_preserved"": false, ""generation_attempt"": 0, ""labels_generated_before_graph"": true, ""observed_edge_homophily"": 0.5345653661875428, ""observed_edges"": 1461, ""target_latent_homophily"": 0.8}",240,12,0.8,0.25,homophily_attack,240,1461,0.0509414225941422,12.175,12.902708333333331,3.592034010603649,0.2950335943000943,1,1.0,0,0.0506368772331973,0.0505174825174825,0.0010029956085967,0.4878531932714487,3.4185098377882195,0.2439265966357243,0.9877785108732106,2.456328451882845,4.0,0.203629004751302,0.1955910161688082,64,4.0,0.001368925393566,0.3324175824175824,0.2415021918266439,-0.008930613349034467,0.11859901477626589,0.005509039740416101,-0.021396174828580982,6,0.6666666666666666,0,0,0,0,0,0
latent_corruption_recovery__9b6e71ff04__i00,latent_corruption_recovery,latent_corruption_recovery__9b6e71ff04,0,734013555,"{""corruption_fraction"": 0.25, ""corruption_mode"": ""homophily_attack"", ""latent_homophily"": 0.2, ""n"": 600, ""target_avg_degree"": 6}","{""actual_changed_edge_fraction"": 0.20643729189789123, ""clean_edge_homophily"": 0.20643729189789123, ""clean_edges"": 1802, ""clean_observed_edge_jaccard"": 0.6577736890524379, ""controlled_property"": ""latent_graph_corruption_recovery"", ""corruption_fraction_requested"": 0.25, ""corruption_mode"": ""homophily_attack"", ""degree_sequence_preserved"": false, ""generation_attempt"": 0, ""labels_generated_before_graph"": true, ""observed_edge_homophily"": 0.0, ""observed_edges"": 1802, ""target_latent_homophily"": 0.2}",600,6,0.2,0.25,homophily_attack,600,1802,0.0100278241513633,6.006666666666667,6.329955555555554,2.5159402925259484,0.4188579843272944,3,0.9966666666666668,2,0.0,0.0,-0.0217752132401079,0.2641958724170171,0.7209011786304536,0.1320979362085085,0.7269055955445893,3.957652847571189,8.0,0.508178327367855,0.4224482708846559,64,,,0.245136186770428,0.384350351871949,0.018687159953165368,0.09689106951241298,-0.028191546916314033,0.04687870686947942,6,0.6666666666666666,1,1,1,1,1,1
latent_corruption_recovery__9b6e71ff04__i01,latent_corruption_recovery,latent_corruption_recovery__9b6e71ff04,1,788002444,"{""corruption_fraction"": 0.25, ""corruption_mode"": ""homophily_attack"", ""latent_homophily"": 0.2, ""n"": 600, ""target_avg_degree"": 6}","{""actual_changed_edge_fraction"": 0.19852524106636416, ""clean_edge_homophily"": 0.19852524106636416, ""clean_edges"": 1763, ""clean_observed_edge_jaccard"": 0.6687174633222905, ""controlled_property"": ""latent_graph_corruption_recovery"", ""corruption_fraction_requested"": 0.25, ""corruption_mode"": ""homophily_attack"", ""degree_sequence_preserved"": false, ""generation_attempt"": 0, ""labels_generated_before_graph"": true, ""observed_edge_homophily"": 0.0, ""observed_edges"": 1763, ""target_latent_homophily"": 0.2}",600,6,0.2,0.25,homophily_attack,600,1763,0.0098107957707289,5.876666666666667,5.781455555555555,2.4044657526268813,0.4091546941509157,3,0.9966666666666668,2,0.0,0.0,0.0109155809387832,0.2618636298795464,0.5308355116276379,0.1309318149397732,0.7236900301642222,3.97045121440536,8.0,0.5320953402118457,0.4649031321710633,64,,,0.2418895845190665,0.3881782168215435,0.0137182788668024,0.06339635308055196,-0.028040487675413714,0.05012742496956763,6,0.3333333333333333,1,1,1,1,1,1
latent_corruption_recovery__9b6e71ff04__i02,latent_corruption_recovery,latent_corruption_recovery__9b6e71ff04,2,1596551282,"{""corruption_fraction"": 0.25, ""corruption_mode"": ""homophily_attack"", ""latent_homophily"": 0.2, ""n"": 600, ""target_avg_degree"": 6}","{""actual_changed_edge_fraction"": 0.1822125813449024, ""clean_edge_homophily"": 0.1822125813449024, ""clean_edges"": 1844, ""clean_observed_edge_jaccard"": 0.691743119266055, ""controlled_property"": ""latent_graph_corruption_recovery"", ""corruption_fraction_requested"": 0.25, ""corruption_mode"": ""homophily_attack"", ""degree_sequence_preserved"": false, ""generation_attempt"": 0, ""labels_generated_before_graph"": true, ""observed_edge_homophily"": 0.0, ""observed_edges"": 1844, ""target_latent_homophily"": 0.2}",600,6,0.2,0.25,homophily_attack,600,1844,0.0102615470228158,6.1466666666666665,6.021822222222222,2.4539401423470424,0.3992310426811891,1,1.0,0,0.0,0.0,-0.0444839555447541,0.2696387961708063,0.6342942408251655,0.1348193980854031,0.73435522217903,3.928970158597663,8.0,0.5120953124503702,0.451716108542922,64,,,0.2623574144486692,0.3702659090160501,0.00914826279247265,0.05016065331579339,0.009589679383985283,0.002581535498110766,6,0.5,1,1,1,0,0,0
latent_corruption_recovery__9e4e7863db__i00,latent_corruption_recovery,latent_corruption_recovery__9e4e7863db,0,601956082,"{""corruption_fraction"": 0.5, ""corruption_mode"": ""degree_preserving"", ""latent_homophily"": 0.8, ""n"": 600, ""target_avg_degree"": 6}","{""actual_changed_edge_fraction"": 0.637153720803911, ""clean_edge_homophily"": 0.7941336230309615, ""clean_edges"": 1841, ""clean_observed_edge_jaccard"": 0.2216323822163238, ""controlled_property"": ""latent_graph_corruption_recovery"", ""corruption_fraction_requested"": 0.5, ""corruption_mode"": ""degree_preserving"", ""degree_sequence_preserved"": true, ""generation_attempt"": 0, ""labels_generated_before_graph"": true, ""observed_edge_homophily"": 0.5996740901683868, ""observed_edges"": 1841, ""target_latent_homophily"": 0.8}",600,6,0.8,0.5,degree_preserving,600,1841,0.0102448525319977,6.136666666666667,6.207988888888888,2.491583610655859,0.4060157974995968,2,0.9983333333333332,1,0.0110633348133348,0.0113967664988073,-0.0026322793352836,0.2738286686776872,0.6224087924735755,0.1369143343388436,0.7400387404422653,3.681007002508361,6.0,0.4982512316599687,0.4395241490015923,64,,,0.257360959651036,0.3844331585371647,-0.014890749814870685,0.05726488366709611,-0.026710367906436317,0.011819618091565634,6,0.3333333333333333,0,1,0,1,0,1
latent_corruption_recovery__9e4e7863db__i01,latent_corruption_recovery,latent_corruption_recovery__9e4e7863db,1,1190630058,"{""corruption_fraction"": 0.5, ""corruption_mode"": ""degree_preserving"", ""latent_homophily"": 0.8, ""n"": 600, ""target_avg_degree"": 6}","{""actual_changed_edge_fraction"": 0.6393889798145117, ""clean_edge_homophily"": 0.7855973813420621, ""clean_edges"": 1833, ""clean_observed_edge_jaccard"": 0.2199667221297837, ""controlled_property"": ""latent_graph_corruption_recovery"", ""corruption_fraction_requested"": 0.5, ""corruption_mode"": ""degree_preserving"", ""degree_sequence_preserved"": true, ""generation_attempt"": 0, ""labels_generated_before_graph"": true, ""observed_edge_homophily"": 0.5935624659028914, ""observed_edges"": 1833, ""target_latent_homophily"": 0.8}",600,6,0.8,0.5,degree_preserving,600,1833,0.0102003338898163,6.11,5.927899999999999,2.434727910876285,0.3984824731385082,4,0.995,3,0.0083488455988455,0.0104979811574697,0.0450514834019205,0.2710016166927106,0.6184231136949911,0.1355008083463553,0.7362086887462149,3.7139786073825514,7.0,0.5079668011118853,0.433265692245685,64,,,0.2489082969432314,0.3865008635701952,-0.0015074491530258822,0.03820604547442651,-0.02331990982399645,0.021812460670970618,6,0.6666666666666666,0,1,0,1,0,1
latent_corruption_recovery__9e4e7863db__i02,latent_corruption_recovery,latent_corruption_recovery__9e4e7863db,2,1159430456,"{""corruption_fraction"": 0.5, ""corruption_mode"": ""degree_preserving"", ""latent_homophily"": 0.8, ""n"": 600, ""target_avg_degree"": 6}","{""actual_changed_edge_fraction"": 0.633221850613155, ""clean_edge_homophily"": 0.7993311036789298, ""clean_edges"": 1794, ""clean_observed_edge_jaccard"": 0.22457337883959044, ""controlled_property"": ""latent_graph_corruption_recovery"", ""corruption_fraction_requested"": 0.5, ""corruption_mode"": ""degree_preserving"", ""degree_sequence_preserved"": true, ""generation_attempt"": 0, ""labels_generated_before_graph"": true, ""observed_edge_homophily"": 0.6131549609810479, ""observed_edges"": 1794, ""target_latent_homophily"": 0.8}",600,6,0.8,0.5,degree_preserving,600,1794,0.0099833055091819,5.98,5.672933333333333,2.3817920424196006,0.3982929836822074,1,1.0,0,0.0114866059866059,0.0110003760812335,0.030961451788949,0.2168144595546089,0.3404376442758334,0.1084072297773044,0.65850506384478,3.7892059682804673,7.0,0.5772522627116493,0.4724479579705021,64,,,0.2808486878838637,0.3931655002616177,-0.014266986182314317,0.06881340640029397,-0.05530683868706657,0.044692169259944035,6,0.5,0,1,0,1,0,1
latent_corruption_recovery__a3a30aba84__i00,latent_corruption_recovery,latent_corruption_recovery__a3a30aba84,0,1302473725,"{""corruption_fraction"": 0.0, ""corruption_mode"": ""none"", ""latent_homophily"": 0.5, ""n"": 240, ""target_avg_degree"": 12}","{""actual_changed_edge_fraction"": 0.0, ""clean_edge_homophily"": 0.502092050209205, ""clean_edges"": 1434, ""clean_observed_edge_jaccard"": 1.0, ""controlled_property"": ""latent_graph_corruption_recovery"", ""corruption_fraction_requested"": 0.0, ""corruption_mode"": ""none"", ""degree_sequence_preserved"": true, ""generation_attempt"": 0, ""labels_generated_before_graph"": true, ""observed_edge_homophily"": 0.502092050209205, ""observed_edges"": 1434, ""target_latent_homophily"": 0.5}",240,12,0.5,0.0,none,240,1434,0.05,11.95,12.597499999999998,3.54929570478426,0.2970121928689758,1,1.0,0,0.05130659932833,0.0528058556988497,-0.0131027402030498,0.4691357093544019,3.9212757506353912,0.2345678546772009,0.968644113546768,2.4697960251046025,4.0,0.1923627788309969,0.1767851586753246,64,5.0,0.0017433751743375,0.3417543859649122,0.2529428270202241,-0.02017126505651787,0.11356601100814082,-0.03176680869096849,0.026103108129395786,6,0.3333333333333333,0,1,0,1,0,1
latent_corruption_recovery__a3a30aba84__i01,latent_corruption_recovery,latent_corruption_recovery__a3a30aba84,1,2092471796,"{""corruption_fraction"": 0.0, ""corruption_mode"": ""none"", ""latent_homophily"": 0.5, ""n"": 240, ""target_avg_degree"": 12}","{""actual_changed_edge_fraction"": 0.0, ""clean_edge_homophily"": 0.5222929936305732, ""clean_edges"": 1413, ""clean_observed_edge_jaccard"": 1.0, ""controlled_property"": ""latent_graph_corruption_recovery"", ""corruption_fraction_requested"": 0.0, ""corruption_mode"": ""none"", ""degree_sequence_preserved"": true, ""generation_attempt"": 0, ""labels_generated_before_graph"": true, ""observed_edge_homophily"": 0.5222929936305732, ""observed_edges"": 1413, ""target_latent_homophily"": 0.5}",240,12,0.5,0.0,none,240,1413,0.0492677824267782,11.775,10.149375,3.185808374651557,0.2705569744927013,1,1.0,0,0.0456393533662933,0.0459770114942528,0.0061156509718818,0.4541531700660758,2.7084062835533707,0.2270765850330379,0.9530510690053036,2.4841461820083683,4.0,0.2123342637634973,0.2070757940428521,64,3.0,0.0010615711252653,0.3281027104136947,0.2504388778950289,-0.033785339620794885,0.08964721611700481,-0.05121340070377935,0.017428061082984433,6,0.3333333333333333,0,1,0,1,0,1
latent_corruption_recovery__a3a30aba84__i02,latent_corruption_recovery,latent_corruption_recovery__a3a30aba84,2,1055058298,"{""corruption_fraction"": 0.0, ""corruption_mode"": ""none"", ""latent_homophily"": 0.5, ""n"": 240, ""target_avg_degree"": 12}","{""actual_changed_edge_fraction"": 0.0, ""clean_edge_homophily"": 0.5157750342935528, ""clean_edges"": 1458, ""clean_observed_edge_jaccard"": 1.0, ""controlled_property"": ""latent_graph_corruption_recovery"", ""corruption_fraction_requested"": 0.0, ""corruption_mode"": ""none"", ""degree_sequence_preserved"": true, ""generation_attempt"": 0, ""labels_generated_before_graph"": true, ""observed_edge_homophily"": 0.5157750342935528, ""observed_edges"": 1458, ""target_latent_homophily"": 0.5}",240,12,0.5,0.0,none,240,1458,0.050836820083682,12.15,9.210833333333332,3.034935474327804,0.2497889279282143,1,1.0,0,0.0465454935859347,0.0469991936412855,-0.0085133709039178,0.473204888149812,4.188733336477075,0.236602444074906,0.9728359452135924,2.467475156903766,4.0,0.1971402119609533,0.2040827333187456,64,5.0,0.0017146776406035,0.3186206896551724,0.2375607075856021,-0.002391902173676602,0.11589408569217982,0.04441504617175787,-0.04680694834543444,6,0.5,0,0,0,0,0,0
latent_corruption_recovery__a522dad82c__i00,latent_corruption_recovery,latent_corruption_recovery__a522dad82c,0,1709345308,"{""corruption_fraction"": 0.0, ""corruption_mode"": ""none"", ""latent_homophily"": 0.8, ""n"": 600, ""target_avg_degree"": 12}","{""actual_changed_edge_fraction"": 0.0, ""clean_edge_homophily"": 0.7985223074737141, ""clean_edges"": 3519, ""clean_observed_edge_jaccard"": 1.0, ""controlled_property"": ""latent_graph_corruption_recovery"", ""corruption_fraction_requested"": 0.0, ""corruption_mode"": ""none"", ""degree_sequence_preserved"": true, ""generation_attempt"": 0, ""labels_generated_before_graph"": true, ""observed_edge_homophily"": 0.7985223074737141, ""observed_edges"": 3519, ""target_latent_homophily"": 0.8}",600,12,0.8,0.0,none,600,3519,0.0195826377295492,11.73,10.380433333333333,3.221867988191529,0.2746690527017502,1,1.0,0,0.0250985161639186,0.0243681648031708,-0.018111228931285,0.3167347623049066,3.2351303194905823,0.1583673811524533,0.7959079875273355,2.879943134390651,4.0,0.2107900454444612,0.2042685983702473,64,,,0.2014797951052931,0.2955720179683044,0.04555741230360295,0.04339438951235744,0.031227485061554445,0.016695471901314003,6,0.8333333333333334,1,1,1,1,1,1
latent_corruption_recovery__a522dad82c__i01,latent_corruption_recovery,latent_corruption_recovery__a522dad82c,1,1838666128,"{""corruption_fraction"": 0.0, ""corruption_mode"": ""none"", ""latent_homophily"": 0.8, ""n"": 600, ""target_avg_degree"": 12}","{""actual_changed_edge_fraction"": 0.0, ""clean_edge_homophily"": 0.7910407725321889, ""clean_edges"": 3728, ""clean_observed_edge_jaccard"": 1.0, ""controlled_property"": ""latent_graph_corruption_recovery"", ""corruption_fraction_requested"": 0.0, ""corruption_mode"": ""none"", ""degree_sequence_preserved"": true, ""generation_attempt"": 0, ""labels_generated_before_graph"": true, ""observed_edge_homophily"": 0.7910407725321889, ""observed_edges"": 3728, ""target_latent_homophily"": 0.8}",600,12,0.8,0.0,none,600,3728,0.0207456872565386,12.426666666666666,12.797955555555554,3.5774230327926766,0.2878827547848184,1,1.0,0,0.0246946786767422,0.0247426676428786,-0.0198432470921292,0.3277328194565754,2.672511284753453,0.1638664097282877,0.8096083243847921,2.793692612687813,4.0,0.1869686031027855,0.1730848480809797,64,,,0.2065538544184797,0.2926596044433495,0.010476061066278538,0.09086993695868835,-0.01981805214705096,0.024932807852024133,6,0.6666666666666666,1,1,1,1,1,1
latent_corruption_recovery__a522dad82c__i02,latent_corruption_recovery,latent_corruption_recovery__a522dad82c,2,596671918,"{""corruption_fraction"": 0.0, ""corruption_mode"": ""none"", ""latent_homophily"": 0.8, ""n"": 600, ""target_avg_degree"": 12}","{""actual_changed_edge_fraction"": 0.0, ""clean_edge_homophily"": 0.8186783178590934, ""clean_edges"": 3662, ""clean_observed_edge_jaccard"": 1.0, ""controlled_property"": ""latent_graph_corruption_recovery"", ""corruption_fraction_requested"": 0.0, ""corruption_mode"": ""none"", ""degree_sequence_preserved"": true, ""generation_attempt"": 0, ""labels_generated_before_graph"": true, ""observed_edge_homophily"": 0.8186783178590934, ""observed_edges"": 3662, ""target_latent_homophily"": 0.8}",600,12,0.8,0.0,none,600,3662,0.020378408458542,12.206666666666669,11.943955555555554,3.4560028292169487,0.2831242077457904,1,1.0,0,0.0265975118954322,0.026758101384967,-0.0330984269179132,0.291229418932054,2.5834182091567643,0.145614709466027,0.7631899094354616,2.846801961602671,5.0,0.1904434315154338,0.1863027305127347,64,,,0.1839080459770115,0.3057747495123876,0.02446621056429525,0.04269249878248333,0.0015492218568201159,0.015486640975496934,6,0.5,1,1,1,1,1,1
latent_corruption_recovery__ad8ea30a23__i00,latent_corruption_recovery,latent_corruption_recovery__ad8ea30a23,0,2036668351,"{""corruption_fraction"": 0.5, ""corruption_mode"": ""homophily_attack"", ""latent_homophily"": 0.2, ""n"": 240, ""target_avg_degree"": 6}","{""actual_changed_edge_fraction"": 0.20487106017191978, ""clean_edge_homophily"": 0.20487106017191978, ""clean_edges"": 698, ""clean_observed_edge_jaccard"": 0.6599286563614745, ""controlled_property"": ""latent_graph_corruption_recovery"", ""corruption_fraction_requested"": 0.5, ""corruption_mode"": ""homophily_attack"", ""degree_sequence_preserved"": false, ""generation_attempt"": 0, ""labels_generated_before_graph"": true, ""observed_edge_homophily"": 0.0, ""observed_edges"": 698, ""target_latent_homophily"": 0.2}",240,6,0.2,0.5,homophily_attack,240,698,0.0243375174337517,5.816666666666666,5.908055555555555,2.4306492045450647,0.4178766540765154,2,0.9958333333333332,1,0.0,0.0,-0.0200268106398645,0.272544764032826,0.7043382074614606,0.136272382016413,0.7383017865789383,3.46546743697479,7.0,0.5444181528860843,0.4321343710007728,64,1.0,0.0007163323782234,0.2608695652173913,0.3798059950246714,-0.0200999259156012,0.04394085743588757,-0.04791865685497162,0.030240699214997183,6,0.16666666666666666,0,1,0,1,0,1
latent_corruption_recovery__ad8ea30a23__i01,latent_corruption_recovery,latent_corruption_recovery__ad8ea30a23,1,433198758,"{""corruption_fraction"": 0.5, ""corruption_mode"": ""homophily_attack"", ""latent_homophily"": 0.2, ""n"": 240, ""target_avg_degree"": 6}","{""actual_changed_edge_fraction"": 0.17983651226158037, ""clean_edge_homophily"": 0.17983651226158037, ""clean_edges"": 734, ""clean_observed_edge_jaccard"": 0.6951501154734411, ""controlled_property"": ""latent_graph_corruption_recovery"", ""corruption_fraction_requested"": 0.5, ""corruption_mode"": ""homophily_attack"", ""degree_sequence_preserved"": false, ""generation_attempt"": 0, ""labels_generated_before_graph"": true, ""observed_edge_homophily"": 0.0, ""observed_edges"": 734, ""target_latent_homophily"": 0.2}",240,6,0.2,0.5,homophily_attack,240,734,0.0255927475592747,6.116666666666666,5.803055555555557,2.408953207423415,0.3938343118403403,2,0.9958333333333332,1,0.0,0.0,0.0081420839898608,0.2793518780044148,0.8507510493799332,0.1396759390022074,0.7474648861376899,3.4065126050420167,7.0,0.4963824820933987,0.4313535329976245,64,1.0,0.0006811989100817,0.289437585733882,0.3729796048675096,0.03129995481336735,0.10760999271854456,-0.003735943711053314,0.03503589852442065,6,0.5,1,1,1,1,1,1
latent_corruption_recovery__ad8ea30a23__i02,latent_corruption_recovery,latent_corruption_recovery__ad8ea30a23,2,1749239664,"{""corruption_fraction"": 0.5, ""corruption_mode"": ""homophily_attack"", ""latent_homophily"": 0.2, ""n"": 240, ""target_avg_degree"": 6}","{""actual_changed_edge_fraction"": 0.22443181818181818, ""clean_edge_homophily"": 0.22443181818181818, ""clean_edges"": 704, ""clean_observed_edge_jaccard"": 0.6334106728538283, ""controlled_property"": ""latent_graph_corruption_recovery"", ""corruption_fraction_requested"": 0.5, ""corruption_mode"": ""homophily_attack"", ""degree_sequence_preserved"": false, ""generation_attempt"": 0, ""labels_generated_before_graph"": true, ""observed_edge_homophily"": 0.0, ""observed_edges"": 704, ""target_latent_homophily"": 0.2}",240,6,0.2,0.5,homophily_attack,240,704,0.0245467224546722,5.866666666666666,5.282222222222221,2.29830855679176,0.3917571403622318,2,0.9958333333333332,1,0.0,0.0,-0.0907692404688216,0.2743137435680174,0.8488117402820343,0.1371568717840087,0.7406939227076424,3.441012342436975,6.0,0.4544443496542408,0.4270844937283805,64,1.0,0.0007102272727272,0.2318634423897581,0.3618920696668388,0.022790564795561616,0.07068157182829167,-0.023953431387001452,0.046743996182563065,6,0.5,1,1,1,1,1,1
latent_corruption_recovery__b0c2cce030__i00,latent_corruption_recovery,latent_corruption_recovery__b0c2cce030,0,1576358710,"{""corruption_fraction"": 0.25, ""corruption_mode"": ""degree_preserving"", ""latent_homophily"": 0.8, ""n"": 600, ""target_avg_degree"": 12}","{""actual_changed_edge_fraction"": 0.39354488744236504, ""clean_edge_homophily"": 0.8039056143205858, ""clean_edges"": 3687, ""clean_observed_edge_jaccard"": 0.43518878941222267, ""controlled_property"": ""latent_graph_corruption_recovery"", ""corruption_fraction_requested"": 0.25, ""corruption_mode"": ""degree_preserving"", ""degree_sequence_preserved"": true, ""generation_attempt"": 0, ""labels_generated_before_graph"": true, ""observed_edge_homophily"": 0.6802278275020341, ""observed_edges"": 3687, ""target_latent_homophily"": 0.8}",600,12,0.8,0.25,degree_preserving,600,3687,0.0205175292153589,12.29,12.8459,3.5841177436016247,0.2916287830432567,1,1.0,0,0.0200243732800604,0.021042216358839,0.0092891986932332,0.442767589292709,3.164026836433008,0.2213837946463545,0.9410287873308756,2.8044136060100167,4.0,0.1929510787066718,0.186954028960636,64,,,0.3018201575658788,0.2452801312111275,-0.010145949806124101,0.05971738762788824,-0.01634595510039652,0.0062000052942724,6,0.3333333333333333,0,1,0,1,0,0
latent_corruption_recovery__b0c2cce030__i01,latent_corruption_recovery,latent_corruption_recovery__b0c2cce030,1,1639713666,"{""corruption_fraction"": 0.25, ""corruption_mode"": ""degree_preserving"", ""latent_homophily"": 0.8, ""n"": 600, ""target_avg_degree"": 12}","{""actual_changed_edge_fraction"": 0.39418968954713757, ""clean_edge_homophily"": 0.7892338365138137, ""clean_edges"": 3511, ""clean_observed_edge_jaccard"": 0.4345250255362615, ""controlled_property"": ""latent_graph_corruption_recovery"", ""corruption_fraction_requested"": 0.25, ""corruption_mode"": ""degree_preserving"", ""degree_sequence_preserved"": true, ""generation_attempt"": 0, ""labels_generated_before_graph"": true, ""observed_edge_homophily"": 0.6718883508971802, ""observed_edges"": 3511, ""target_latent_homophily"": 0.8}",600,12,0.8,0.25,degree_preserving,600,3511,0.0195381190873678,11.703333333333331,13.145322222222225,3.6256478348320353,0.3097961693106267,1,1.0,0,0.021336272802991,0.020085253955639,-0.0299877737498597,0.441861397692202,1.813157044247648,0.220930698846101,0.9400653144246968,2.8450933848080133,5.0,0.2112310355557022,0.2050721772532401,64,,,0.3184165232358003,0.254668669188856,0.014291333009540231,0.04117067601300268,-0.020753246458878605,0.03504457946841883,6,0.6666666666666666,1,1,1,1,1,1
latent_corruption_recovery__b0c2cce030__i02,latent_corruption_recovery,latent_corruption_recovery__b0c2cce030,2,1609085831,"{""corruption_fraction"": 0.25, ""corruption_mode"": ""degree_preserving"", ""latent_homophily"": 0.8, ""n"": 600, ""target_avg_degree"": 12}","{""actual_changed_edge_fraction"": 0.39574235807860264, ""clean_edge_homophily"": 0.8024017467248908, ""clean_edges"": 3664, ""clean_observed_edge_jaccard"": 0.4329292139225655, ""controlled_property"": ""latent_graph_corruption_recovery"", ""corruption_fraction_requested"": 0.25, ""corruption_mode"": ""degree_preserving"", ""degree_sequence_preserved"": true, ""generation_attempt"": 0, ""labels_generated_before_graph"": true, ""observed_edge_homophily"": 0.6724890829694323, ""observed_edges"": 3664, ""target_latent_homophily"": 0.8}",600,12,0.8,0.25,degree_preserving,600,3664,0.0203895381190873,12.213333333333331,11.277822222222222,3.358246897150688,0.2749656302252201,1,1.0,0,0.0197821295356686,0.0198340416919651,-0.0040276532397549,0.4414752290919146,2.688254411195855,0.2207376145459573,0.939654435515434,2.8199603505843074,4.0,0.1811635185507716,0.1741640486860837,64,,,0.3116457080371788,0.2528237835138537,-0.035950406337666996,0.09681405510405794,-0.05023293291473462,0.029724883753577968,6,0.5,0,1,0,1,0,1
latent_corruption_recovery__bc9a50917a__i00,latent_corruption_recovery,latent_corruption_recovery__bc9a50917a,0,198392551,"{""corruption_fraction"": 0.5, ""corruption_mode"": ""degree_preserving"", ""latent_homophily"": 0.8, ""n"": 600, ""target_avg_degree"": 12}","{""actual_changed_edge_fraction"": 0.6259228876127974, ""clean_edge_homophily"": 0.8124145474432595, ""clean_edges"": 3657, ""clean_observed_edge_jaccard"": 0.23007063572149344, ""controlled_property"": ""latent_graph_corruption_recovery"", ""corruption_fraction_requested"": 0.5, ""corruption_mode"": ""degree_preserving"", ""degree_sequence_preserved"": true, ""generation_attempt"": 0, ""labels_generated_before_graph"": true, ""observed_edge_homophily"": 0.6171725458025704, ""observed_edges"": 3657, ""target_latent_homophily"": 0.8}",600,12,0.8,0.5,degree_preserving,600,3657,0.0203505843071786,12.19,13.0539,3.613018128933205,0.296391971200427,1,1.0,0,0.0199490986484188,0.0204067978054328,0.0009588524808237,0.4608991833838297,2.6319888288651976,0.2304495916919148,0.9601033104659412,2.8328594532554257,5.0,0.2005700264475613,0.1930745263233744,64,,,0.3316912972085385,0.2430452975100512,-0.028325489901557352,0.0490917943075146,-0.026892602489036396,-0.0014328874125209324,6,0.16666666666666666,0,0,0,0,0,0
latent_corruption_recovery__bc9a50917a__i01,latent_corruption_recovery,latent_corruption_recovery__bc9a50917a,1,1141209035,"{""corruption_fraction"": 0.5, ""corruption_mode"": ""degree_preserving"", ""latent_homophily"": 0.8, ""n"": 600, ""target_avg_degree"": 12}","{""actual_changed_edge_fraction"": 0.6281578200397389, ""clean_edge_homophily"": 0.8154981549815498, ""clean_edges"": 3523, ""clean_observed_edge_jaccard"": 0.22838214783821478, ""controlled_property"": ""latent_graph_corruption_recovery"", ""corruption_fraction_requested"": 0.5, ""corruption_mode"": ""degree_preserving"", ""degree_sequence_preserved"": true, ""generation_attempt"": 0, ""labels_generated_before_graph"": true, ""observed_edge_homophily"": 0.6190746522849844, ""observed_edges"": 3523, ""target_latent_homophily"": 0.8}",600,12,0.8,0.5,degree_preserving,600,3523,0.0196048970506399,11.743333333333334,13.124122222222224,3.6227230396791614,0.3084918852976862,1,1.0,0,0.0207759738358854,0.020604987316326,-0.0024283432119826,0.4448261452733674,1.7852376110560562,0.2224130726366837,0.9432138095610852,2.8516146702838063,5.0,0.2010814686034845,0.1838361335114202,64,,,0.305310991195683,0.2546212074273846,-0.010110841748006267,0.07468430928248278,-0.06358958146576096,0.06349948249777072,6,0.3333333333333333,0,1,0,1,0,1
latent_corruption_recovery__bc9a50917a__i02,latent_corruption_recovery,latent_corruption_recovery__bc9a50917a,2,1395600960,"{""corruption_fraction"": 0.5, ""corruption_mode"": ""degree_preserving"", ""latent_homophily"": 0.8, ""n"": 600, ""target_avg_degree"": 12}","{""actual_changed_edge_fraction"": 0.6209744013212222, ""clean_edge_homophily"": 0.8117258464079273, ""clean_edges"": 3633, ""clean_observed_edge_jaccard"": 0.2338257768721345, ""controlled_property"": ""latent_graph_corruption_recovery"", ""corruption_fraction_requested"": 0.5, ""corruption_mode"": ""degree_preserving"", ""degree_sequence_preserved"": true, ""generation_attempt"": 0, ""labels_generated_before_graph"": true, ""observed_edge_homophily"": 0.6118909991742362, ""observed_edges"": 3633, ""target_latent_homophily"": 0.8}",600,12,0.8,0.5,degree_preserving,600,3633,0.0202170283806343,12.11,11.681233333333337,3.4177819317992384,0.2822280703385003,1,1.0,0,0.0206525039717764,0.0210636697289534,-0.0221120522026752,0.4544951111729141,2.6742075593206027,0.227247555586457,0.9534097872089567,2.8278250208681137,4.0,0.202008495209137,0.1909426231304735,64,,,0.3101928374655647,0.2490004878514828,-0.039554367939125284,0.05997950583865422,-0.07054426706694568,0.0542166065546875,6,0.3333333333333333,0,1,0,1,0,1
latent_corruption_recovery__c1d8cb8c85__i00,latent_corruption_recovery,latent_corruption_recovery__c1d8cb8c85,0,1402507795,"{""corruption_fraction"": 0.25, ""corruption_mode"": ""degree_preserving"", ""latent_homophily"": 0.5, ""n"": 240, ""target_avg_degree"": 12}","{""actual_changed_edge_fraction"": 0.3887719298245614, ""clean_edge_homophily"": 0.5059649122807017, ""clean_edges"": 1425, ""clean_observed_edge_jaccard"": 0.4401212733703891, ""controlled_property"": ""latent_graph_corruption_recovery"", ""corruption_fraction_requested"": 0.25, ""corruption_mode"": ""degree_preserving"", ""degree_sequence_preserved"": true, ""generation_attempt"": 0, ""labels_generated_before_graph"": true, ""observed_edge_homophily"": 0.5059649122807017, ""observed_edges"": 1425, ""target_latent_homophily"": 0.5}",240,12,0.5,0.25,degree_preserving,240,1425,0.0496861924686192,11.875,13.409375,3.661881347067379,0.3083689555425161,1,1.0,0,0.051160188961079,0.0506839705366538,-0.0369484252466813,0.4633771925618614,3.3439291481947437,0.2316885962809307,0.9626808324277172,2.468553870292887,4.0,0.2160437748727569,0.1985915272380601,64,4.0,0.0014035087719298,0.3196894848270995,0.2453227454601415,0.00656908697488455,0.09194560461410055,-0.025622459283157897,0.032191546258042436,6,0.5,1,1,1,1,0,1
latent_corruption_recovery__c1d8cb8c85__i01,latent_corruption_recovery,latent_corruption_recovery__c1d8cb8c85,1,1262892381,"{""corruption_fraction"": 0.25, ""corruption_mode"": ""degree_preserving"", ""latent_homophily"": 0.5, ""n"": 240, ""target_avg_degree"": 12}","{""actual_changed_edge_fraction"": 0.39986043265875787, ""clean_edge_homophily"": 0.5059316120027914, ""clean_edges"": 1433, ""clean_observed_edge_jaccard"": 0.4287138584247258, ""controlled_property"": ""latent_graph_corruption_recovery"", ""corruption_fraction_requested"": 0.25, ""corruption_mode"": ""degree_preserving"", ""degree_sequence_preserved"": true, ""generation_attempt"": 0, ""labels_generated_before_graph"": true, ""observed_edge_homophily"": 0.4989532449406839, ""observed_edges"": 1433, ""target_latent_homophily"": 0.5}",240,12,0.5,0.25,degree_preserving,240,1433,0.0499651324965132,11.941666666666666,11.396597222222224,3.3758846577189545,0.2826979476107987,1,1.0,0,0.0485425085168068,0.0494515163958467,-0.0225362146677642,0.4720449292248009,2.61152483855487,0.2360224646124004,0.9716428656917118,2.480910041841004,4.0,0.1931421373753516,0.1893194476782912,64,3.0,0.0010467550593161,0.3421787709497206,0.2439114599591232,-0.07830163169750014,0.10268950615466586,-0.010217144089279914,-0.05068869950574518,6,0.3333333333333333,0,0,0,0,0,0
latent_corruption_recovery__c1d8cb8c85__i02,latent_corruption_recovery,latent_corruption_recovery__c1d8cb8c85,2,693631743,"{""corruption_fraction"": 0.25, ""corruption_mode"": ""degree_preserving"", ""latent_homophily"": 0.5, ""n"": 240, ""target_avg_degree"": 12}","{""actual_changed_edge_fraction"": 0.39819318971507994, ""clean_edge_homophily"": 0.4927032661570535, ""clean_edges"": 1439, ""clean_observed_edge_jaccard"": 0.4304174950298211, ""controlled_property"": ""latent_graph_corruption_recovery"", ""corruption_fraction_requested"": 0.25, ""corruption_mode"": ""degree_preserving"", ""degree_sequence_preserved"": true, ""generation_attempt"": 0, ""labels_generated_before_graph"": true, ""observed_edge_homophily"": 0.5024322446143155, ""observed_edges"": 1439, ""target_latent_homophily"": 0.5}",240,12,0.5,0.25,degree_preserving,240,1439,0.0501743375174337,11.991666666666667,11.758263888888887,3.429032500413037,0.2859512856494541,1,1.0,0,0.0458815694701244,0.0461458091478987,0.0100085896478244,0.4749743923408059,3.898916381819753,0.2374871961704029,0.9746531612228074,2.481106171548117,4.0,0.2007061416027298,0.1922204204451161,64,5.0,0.0017373175816539,0.3407510431154381,0.2465829534736935,0.05000147234367478,0.11591026705475668,0.0025164057053953157,0.043141437662947014,6,0.6666666666666666,1,1,1,1,1,1
latent_corruption_recovery__c1f7fce3b8__i00,latent_corruption_recovery,latent_corruption_recovery__c1f7fce3b8,0,354212987,"{""corruption_fraction"": 0.25, ""corruption_mode"": ""homophily_attack"", ""latent_homophily"": 0.8, ""n"": 600, ""target_avg_degree"": 12}","{""actual_changed_edge_fraction"": 0.25, ""clean_edge_homophily"": 0.8081587651598677, ""clean_edges"": 3628, ""clean_observed_edge_jaccard"": 0.6, ""controlled_property"": ""latent_graph_corruption_recovery"", ""corruption_fraction_requested"": 0.25, ""corruption_mode"": ""homophily_attack"", ""degree_sequence_preserved"": false, ""generation_attempt"": 0, ""labels_generated_before_graph"": true, ""observed_edge_homophily"": 0.5581587651598677, ""observed_edges"": 3628, ""target_latent_homophily"": 0.8}",600,12,0.8,0.25,homophily_attack,600,3628,0.020189204229271,12.093333333333334,11.131288888888887,3.3363586271396075,0.2758841202155133,1,1.0,0,0.0214616518012331,0.0213371266002844,-0.0102493988810799,0.4541979643534582,3.2015823940030983,0.2270989821767291,0.9530980687772465,2.8173387938230383,4.0,0.1997032039680456,0.1922429431903242,64,,,0.3217535153019024,0.2528533964667799,-0.004579321034157702,0.059117037863164426,-0.012077340881981069,0.0130767299833548,6,0.5,0,1,0,1,0,1
latent_corruption_recovery__c1f7fce3b8__i01,latent_corruption_recovery,latent_corruption_recovery__c1f7fce3b8,1,164671100,"{""corruption_fraction"": 0.25, ""corruption_mode"": ""homophily_attack"", ""latent_homophily"": 0.8, ""n"": 600, ""target_avg_degree"": 12}","{""actual_changed_edge_fraction"": 0.2501427755568247, ""clean_edge_homophily"": 0.7892632781267847, ""clean_edges"": 3502, ""clean_observed_edge_jaccard"": 0.5998172681589767, ""controlled_property"": ""latent_graph_corruption_recovery"", ""corruption_fraction_requested"": 0.25, ""corruption_mode"": ""homophily_attack"", ""degree_sequence_preserved"": false, ""generation_attempt"": 0, ""labels_generated_before_graph"": true, ""observed_edge_homophily"": 0.53912050256996, ""observed_edges"": 3502, ""target_latent_homophily"": 0.8}",600,12,0.8,0.25,homophily_attack,600,3502,0.0194880356149137,11.673333333333334,10.806622222222222,3.287342729656009,0.2816113132201036,1,1.0,0,0.0191910285133969,0.0196454948301329,-0.0249895153973363,0.4485137936467924,2.527741765377196,0.2242568968233962,0.9471154033662345,2.8642398789649417,5.0,0.1985738741845483,0.189833421360021,64,,,0.3226727584237578,0.2523788315789851,0.04343019270364434,0.06234797758292487,0.012562228958848837,0.0308679637447955,6,0.8333333333333334,1,1,1,1,1,1
latent_corruption_recovery__c1f7fce3b8__i02,latent_corruption_recovery,latent_corruption_recovery__c1f7fce3b8,2,1552994205,"{""corruption_fraction"": 0.25, ""corruption_mode"": ""homophily_attack"", ""latent_homophily"": 0.8, ""n"": 600, ""target_avg_degree"": 12}","{""actual_changed_edge_fraction"": 0.25, ""clean_edge_homophily"": 0.804140127388535, ""clean_edges"": 3768, ""clean_observed_edge_jaccard"": 0.6, ""controlled_property"": ""latent_graph_corruption_recovery"", ""corruption_fraction_requested"": 0.25, ""corruption_mode"": ""homophily_attack"", ""degree_sequence_preserved"": false, ""generation_attempt"": 0, ""labels_generated_before_graph"": true, ""observed_edge_homophily"": 0.554140127388535, ""observed_edges"": 3768, ""target_latent_homophily"": 0.8}",600,12,0.8,0.25,homophily_attack,600,3768,0.0209682804674457,12.56,11.2864,3.3595237757753704,0.2674780076254275,1,1.0,0,0.0223746772762791,0.0218558282208588,-0.0410768882134831,0.4720550493215477,3.5090131494731645,0.2360275246607738,0.9716532810849224,2.771181135225376,4.0,0.1947362350293755,0.192059015461545,64,,,0.3269588313413014,0.2442345390392218,0.020751604334855282,0.03518469230450646,-0.0014033513320427838,0.02215495566689805,6,0.6666666666666666,1,1,1,1,1,1
latent_corruption_recovery__c2603cb2c8__i00,latent_corruption_recovery,latent_corruption_recovery__c2603cb2c8,0,2060265026,"{""corruption_fraction"": 0.0, ""corruption_mode"": ""none"", ""latent_homophily"": 0.8, ""n"": 240, ""target_avg_degree"": 6}","{""actual_changed_edge_fraction"": 0.0, ""clean_edge_homophily"": 0.7970430107526881, ""clean_edges"": 744, ""clean_observed_edge_jaccard"": 1.0, ""controlled_property"": ""latent_graph_corruption_recovery"", ""corruption_fraction_requested"": 0.0, ""corruption_mode"": ""none"", ""degree_sequence_preserved"": true, ""generation_attempt"": 0, ""labels_generated_before_graph"": true, ""observed_edge_homophily"": 0.7970430107526881, ""observed_edges"": 744, ""target_latent_homophily"": 0.8}",240,6,0.8,0.0,none,240,744,0.0259414225941422,6.2,6.11,2.471841418861655,0.3986840998163959,1,1.0,0,0.0326859251859251,0.0312907431551499,0.0005268610748684,0.2337365338128984,0.7136085608582198,0.1168682669064492,0.6837200213726352,3.229929393305439,6.0,0.475552441243825,0.4163312015676815,64,1.0,0.0006720430107526,0.1961852861035422,0.3898219808648399,0.03487527644825538,0.11980516832108427,0.042373807037116816,-0.02902538227341898,6,0.6666666666666666,1,0,1,0,1,0
latent_corruption_recovery__c2603cb2c8__i01,latent_corruption_recovery,latent_corruption_recovery__c2603cb2c8,1,1652396601,"{""corruption_fraction"": 0.0, ""corruption_mode"": ""none"", ""latent_homophily"": 0.8, ""n"": 240, ""target_avg_degree"": 6}","{""actual_changed_edge_fraction"": 0.0, ""clean_edge_homophily"": 0.7903448275862069, ""clean_edges"": 725, ""clean_observed_edge_jaccard"": 1.0, ""controlled_property"": ""latent_graph_corruption_recovery"", ""corruption_fraction_requested"": 0.0, ""corruption_mode"": ""none"", ""degree_sequence_preserved"": true, ""generation_attempt"": 0, ""labels_generated_before_graph"": true, ""observed_edge_homophily"": 0.7903448275862069, ""observed_edges"": 725, ""target_latent_homophily"": 0.8}",240,6,0.8,0.0,none,240,725,0.025278940027894,6.041666666666667,6.256597222222222,2.5013190964413603,0.414011436652363,2,0.9958333333333332,1,0.0401334082584082,0.0374489332728098,0.0391167507763696,0.2380163721059777,0.6409969235233319,0.1190081860529888,0.689951262200422,3.252330619747899,7.0,0.5276944003217596,0.4855616221753236,64,1.0,0.0006896551724137,0.2094313453536754,0.4032485136741974,-0.007997442902953816,0.04792585963899402,0.0023258923627640497,-0.010323335265717883,6,0.3333333333333333,0,0,0,0,0,0
latent_corruption_recovery__c2603cb2c8__i02,latent_corruption_recovery,latent_corruption_recovery__c2603cb2c8,2,1081345224,"{""corruption_fraction"": 0.0, ""corruption_mode"": ""none"", ""latent_homophily"": 0.8, ""n"": 240, ""target_avg_degree"": 6}","{""actual_changed_edge_fraction"": 0.0, ""clean_edge_homophily"": 0.8149210903873745, ""clean_edges"": 697, ""clean_observed_edge_jaccard"": 1.0, ""controlled_property"": ""latent_graph_corruption_recovery"", ""corruption_fraction_requested"": 0.0, ""corruption_mode"": ""none"", ""degree_sequence_preserved"": true, ""generation_attempt"": 0, ""labels_generated_before_graph"": true, ""observed_edge_homophily"": 0.8149210903873745, ""observed_edges"": 697, ""target_latent_homophily"": 0.8}",240,6,0.8,0.0,none,240,697,0.0243026499302649,5.808333333333334,5.588263888888889,2.3639509066156363,0.4069929824876275,1,1.0,0,0.0355350899100898,0.0365489806066633,0.0435470185104386,0.2074130832602874,0.6688160374869071,0.1037065416301437,0.6440700012580737,3.310211820083682,7.0,0.5610765279793073,0.4683008861010662,64,1.0,0.0007173601147776,0.1729106628242075,0.4094716236216289,-0.006297399181902734,0.06054021222944602,-0.009722804994329667,0.021099697751424753,6,0.5,0,1,0,1,0,1
latent_corruption_recovery__c3104f2dbd__i00,latent_corruption_recovery,latent_corruption_recovery__c3104f2dbd,0,1144692814,"{""corruption_fraction"": 0.5, ""corruption_mode"": ""homophily_attack"", ""latent_homophily"": 0.5, ""n"": 240, ""target_avg_degree"": 6}","{""actual_changed_edge_fraction"": 0.4946524064171123, ""clean_edge_homophily"": 0.4946524064171123, ""clean_edges"": 748, ""clean_observed_edge_jaccard"": 0.33810375670840787, ""controlled_property"": ""latent_graph_corruption_recovery"", ""corruption_fraction_requested"": 0.5, ""corruption_mode"": ""homophily_attack"", ""degree_sequence_preserved"": false, ""generation_attempt"": 0, ""labels_generated_before_graph"": true, ""observed_edge_homophily"": 0.0, ""observed_edges"": 748, ""target_latent_homophily"": 0.5}",240,6,0.5,0.5,homophily_attack,240,748,0.0260808926080892,6.233333333333333,5.620555555555556,2.370771088813839,0.3803376078310971,1,1.0,0,0.0,0.0,-0.0001583813098108,0.2874995174193013,0.8075952174644189,0.1437497587096506,0.7582869079963089,3.37611140167364,7.0,0.4477928729376971,0.4089617182805295,64,1.0,0.0006684491978609,0.2637215528781794,0.3632949898481512,-0.008314979777170184,0.06062264529185942,-0.053557551591860715,0.036213463359367815,6,0.3333333333333333,0,1,0,1,0,1
latent_corruption_recovery__c3104f2dbd__i01,latent_corruption_recovery,latent_corruption_recovery__c3104f2dbd,1,1555814644,"{""corruption_fraction"": 0.5, ""corruption_mode"": ""homophily_attack"", ""latent_homophily"": 0.5, ""n"": 240, ""target_avg_degree"": 6}","{""actual_changed_edge_fraction"": 0.49291784702549574, ""clean_edge_homophily"": 0.49291784702549574, ""clean_edges"": 706, ""clean_observed_edge_jaccard"": 0.3396584440227704, ""controlled_property"": ""latent_graph_corruption_recovery"", ""corruption_fraction_requested"": 0.5, ""corruption_mode"": ""homophily_attack"", ""degree_sequence_preserved"": false, ""generation_attempt"": 0, ""labels_generated_before_graph"": true, ""observed_edge_homophily"": 0.0, ""observed_edges"": 706, ""target_latent_homophily"": 0.5}",240,6,0.5,0.5,homophily_attack,240,706,0.0246164574616457,5.883333333333334,5.278055555555556,2.297401914240422,0.3904932432136694,1,1.0,0,0.0,0.0,0.0395684035455272,0.2365600397652124,0.3406664056751675,0.1182800198826062,0.6878372478504089,3.4765298117154813,7.0,0.5354730504203831,0.4788903780171927,64,1.0,0.0007082152974504,0.2954545454545454,0.375481506151241,-0.0376721794049882,0.0778762882536978,-0.006191401387626518,0.010539096914697116,6,0.3333333333333333,0,1,0,1,0,1
latent_corruption_recovery__c3104f2dbd__i02,latent_corruption_recovery,latent_corruption_recovery__c3104f2dbd,2,1740501435,"{""corruption_fraction"": 0.5, ""corruption_mode"": ""homophily_attack"", ""latent_homophily"": 0.5, ""n"": 240, ""target_avg_degree"": 6}","{""actual_changed_edge_fraction"": 0.5, ""clean_edge_homophily"": 0.5212464589235127, ""clean_edges"": 706, ""clean_observed_edge_jaccard"": 0.3333333333333333, ""controlled_property"": ""latent_graph_corruption_recovery"", ""corruption_fraction_requested"": 0.5, ""corruption_mode"": ""homophily_attack"", ""degree_sequence_preserved"": false, ""generation_attempt"": 0, ""labels_generated_before_graph"": true, ""observed_edge_homophily"": 0.021246458923512748, ""observed_edges"": 706, ""target_latent_homophily"": 0.5}",240,6,0.5,0.5,homophily_attack,240,706,0.0246164574616457,5.883333333333334,5.203055555555556,2.281020726682587,0.3877089053851422,2,0.9958333333333332,1,0.0017848124098124,0.0029469548133595,-0.075695048454455,0.2771036058768891,0.7618184327553089,0.1385518029384445,0.7444509465060665,3.3864889705882355,6.0,0.5169832618331038,0.4519017950547664,64,1.0,0.0007082152974504,0.2557471264367816,0.373112094632009,-0.039142641622609546,0.08081348900239506,0.01912276616399387,-0.05826540778660338,6,0.5,0,0,0,0,0,0
latent_corruption_recovery__c51036667a__i00,latent_corruption_recovery,latent_corruption_recovery__c51036667a,0,1098128698,"{""corruption_fraction"": 0.25, ""corruption_mode"": ""degree_preserving"", ""latent_homophily"": 0.8, ""n"": 600, ""target_avg_degree"": 6}","{""actual_changed_edge_fraction"": 0.3894849785407725, ""clean_edge_homophily"": 0.7950643776824035, ""clean_edges"": 1864, ""clean_observed_edge_jaccard"": 0.43938223938223936, ""controlled_property"": ""latent_graph_corruption_recovery"", ""corruption_fraction_requested"": 0.25, ""corruption_mode"": ""degree_preserving"", ""degree_sequence_preserved"": true, ""generation_attempt"": 0, ""labels_generated_before_graph"": true, ""observed_edge_homophily"": 0.6738197424892703, ""observed_edges"": 1864, ""target_latent_homophily"": 0.8}",600,6,0.8,0.25,degree_preserving,600,1864,0.0103728436282693,6.213333333333333,6.447822222222222,2.5392562340619,0.4086785784434388,1,1.0,0,0.0115257104007103,0.0128733264675592,0.0232480954246637,0.2135856470173911,0.3199394872410782,0.1067928235086955,0.6535834254590475,3.707455133555927,7.0,0.5160294603539586,0.4449651941281166,64,,,0.3025255239118753,0.3775095726113946,-0.01578948690616588,0.043927971068475465,-0.03721880505176905,0.021429318145603168,6,0.3333333333333333,0,1,0,1,0,1
latent_corruption_recovery__c51036667a__i01,latent_corruption_recovery,latent_corruption_recovery__c51036667a,1,1588772048,"{""corruption_fraction"": 0.25, ""corruption_mode"": ""degree_preserving"", ""latent_homophily"": 0.8, ""n"": 600, ""target_avg_degree"": 6}","{""actual_changed_edge_fraction"": 0.39418416801292405, ""clean_edge_homophily"": 0.8082929456112009, ""clean_edges"": 1857, ""clean_observed_edge_jaccard"": 0.43453070683661643, ""controlled_property"": ""latent_graph_corruption_recovery"", ""corruption_fraction_requested"": 0.25, ""corruption_mode"": ""degree_preserving"", ""degree_sequence_preserved"": true, ""generation_attempt"": 0, ""labels_generated_before_graph"": true, ""observed_edge_homophily"": 0.6919763058696823, ""observed_edges"": 1857, ""target_latent_homophily"": 0.8}",600,6,0.8,0.25,degree_preserving,600,1857,0.0103338898163606,6.19,6.3072333333333335,2.511420580733807,0.4057222262897911,3,0.9966666666666668,2,0.0122769776519776,0.012489158716392,0.0291982367075166,0.2282458580885817,0.3373881952313994,0.1141229290442908,0.675641706955072,3.7517273869346734,7.0,0.5277991886617784,0.447166530199687,64,,,0.2733153638814016,0.3775411786574196,0.024809953080368635,0.05363300110556275,0.0040403118171630165,0.020769641263205633,6,0.6666666666666666,1,1,1,1,1,1
latent_corruption_recovery__c51036667a__i02,latent_corruption_recovery,latent_corruption_recovery__c51036667a,2,1634311831,"{""corruption_fraction"": 0.25, ""corruption_mode"": ""degree_preserving"", ""latent_homophily"": 0.8, ""n"": 600, ""target_avg_degree"": 6}","{""actual_changed_edge_fraction"": 0.3936285097192225, ""clean_edge_homophily"": 0.8050755939524838, ""clean_edges"": 1852, ""clean_observed_edge_jaccard"": 0.43510267338240993, ""controlled_property"": ""latent_graph_corruption_recovery"", ""corruption_fraction_requested"": 0.25, ""corruption_mode"": ""degree_preserving"", ""degree_sequence_preserved"": true, ""generation_attempt"": 0, ""labels_generated_before_graph"": true, ""observed_edge_homophily"": 0.6798056155507559, ""observed_edges"": 1852, ""target_latent_homophily"": 0.8}",600,6,0.8,0.25,degree_preserving,600,1852,0.0103060656649972,6.173333333333333,6.276622222222223,2.5053187865463795,0.4058291770863466,2,0.9983333333333332,1,0.0096494708994708,0.0107292393579902,0.0092759049836699,0.274310913713962,0.6448269280612887,0.137155456856981,0.7406901021533392,3.7049148202341136,7.0,0.4944390282894,0.42208724041284,64,,,0.2501350621285791,0.3822082192387892,-0.013716052093289183,0.043310064962238125,0.0132404815711566,-0.026956533664445767,6,0.5,0,0,0,0,0,0
latent_corruption_recovery__cf32a116fc__i00,latent_corruption_recovery,latent_corruption_recovery__cf32a116fc,0,1530639903,"{""corruption_fraction"": 0.0, ""corruption_mode"": ""none"", ""latent_homophily"": 0.5, ""n"": 600, ""target_avg_degree"": 6}","{""actual_changed_edge_fraction"": 0.0, ""clean_edge_homophily"": 0.4928335170893054, ""clean_edges"": 1814, ""clean_observed_edge_jaccard"": 1.0, ""controlled_property"": ""latent_graph_corruption_recovery"", ""corruption_fraction_requested"": 0.0, ""corruption_mode"": ""none"", ""degree_sequence_preserved"": true, ""generation_attempt"": 0, ""labels_generated_before_graph"": true, ""observed_edge_homophily"": 0.4928335170893054, ""observed_edges"": 1814, ""target_latent_homophily"": 0.5}",600,6,0.5,0.0,none,600,1814,0.0100946021146355,6.046666666666667,5.921155555555554,2.4333424657362874,0.4024270891515359,4,0.995,3,0.0136215358715358,0.0128990943189095,-0.0008325328853844,0.2610435244704688,0.5389956681882158,0.1305217622352344,0.7225559140585162,3.775718330536913,7.0,0.4876227680053639,0.4152565255913601,64,,,0.2546857772877618,0.3896233387507916,-0.016272806419637267,0.07883037955237535,-0.023449191237135385,0.005078639106883934,6,0.3333333333333333,0,1,0,1,0,0
latent_corruption_recovery__cf32a116fc__i01,latent_corruption_recovery,latent_corruption_recovery__cf32a116fc,1,987196163,"{""corruption_fraction"": 0.0, ""corruption_mode"": ""none"", ""latent_homophily"": 0.5, ""n"": 600, ""target_avg_degree"": 6}","{""actual_changed_edge_fraction"": 0.0, ""clean_edge_homophily"": 0.5191135734072022, ""clean_edges"": 1805, ""clean_observed_edge_jaccard"": 1.0, ""controlled_property"": ""latent_graph_corruption_recovery"", ""corruption_fraction_requested"": 0.0, ""corruption_mode"": ""none"", ""degree_sequence_preserved"": true, ""generation_attempt"": 0, ""labels_generated_before_graph"": true, ""observed_edge_homophily"": 0.5191135734072022, ""observed_edges"": 1805, ""target_latent_homophily"": 0.5}",600,6,0.5,0.0,none,600,1805,0.0100445186421814,6.016666666666667,6.046388888888889,2.458940602960732,0.4086881888577394,4,0.995,3,0.0093002368002367,0.0102125310516146,-0.0150209645860674,0.2591079130711609,0.5911294740492139,0.1295539565355804,0.7198720901259625,3.779100251677853,7.0,0.5307422784962736,0.4778182054514354,64,,,0.2715158245419211,0.3872008348616109,0.0028005228493227993,0.04612207161015895,-0.061132115780467546,0.06048390661463216,6,0.5,1,1,0,1,0,1
latent_corruption_recovery__cf32a116fc__i02,latent_corruption_recovery,latent_corruption_recovery__cf32a116fc,2,1990413285,"{""corruption_fraction"": 0.0, ""corruption_mode"": ""none"", ""latent_homophily"": 0.5, ""n"": 600, ""target_avg_degree"": 6}","{""actual_changed_edge_fraction"": 0.0, ""clean_edge_homophily"": 0.4989059080962801, ""clean_edges"": 1828, ""clean_observed_edge_jaccard"": 1.0, ""controlled_property"": ""latent_graph_corruption_recovery"", ""corruption_fraction_requested"": 0.0, ""corruption_mode"": ""none"", ""degree_sequence_preserved"": true, ""generation_attempt"": 0, ""labels_generated_before_graph"": true, ""observed_edge_homophily"": 0.4989059080962801, ""observed_edges"": 1828, ""target_latent_homophily"": 0.5}",600,6,0.5,0.0,none,600,1828,0.0101725097384529,6.093333333333334,6.097955555555556,2.469403886681066,0.4052632199148357,2,0.9983333333333332,1,0.0071700799200799,0.0072710951526032,-0.0193649683863162,0.2513295749324062,0.644470827092006,0.1256647874662031,0.7089845907104134,3.763051316889632,7.0,0.511153281763089,0.4463886126578716,64,,,0.2659340659340659,0.3780680060713721,-0.008500386654288919,0.05205519807328279,0.00037140398107486763,-0.0114344309307617,6,0.5,0,0,0,0,0,0
latent_corruption_recovery__d1b5f49f34__i00,latent_corruption_recovery,latent_corruption_recovery__d1b5f49f34,0,81067616,"{""corruption_fraction"": 0.25, ""corruption_mode"": ""degree_preserving"", ""latent_homophily"": 0.2, ""n"": 600, ""target_avg_degree"": 12}","{""actual_changed_edge_fraction"": 0.3888127227858514, ""clean_edge_homophily"": 0.20071291472443104, ""clean_edges"": 3647, ""clean_observed_edge_jaccard"": 0.44007897334649554, ""controlled_property"": ""latent_graph_corruption_recovery"", ""corruption_fraction_requested"": 0.25, ""corruption_mode"": ""degree_preserving"", ""degree_sequence_preserved"": true, ""generation_attempt"": 0, ""labels_generated_before_graph"": true, ""observed_edge_homophily"": 0.31203729092404714, ""observed_edges"": 3647, ""target_latent_homophily"": 0.2}",600,12,0.2,0.25,degree_preserving,600,3647,0.0202949360044518,12.156666666666666,11.938788888888888,3.455255256690725,0.2842271941341424,1,1.0,0,0.0203691440686662,0.0206008583690987,0.0081358044603564,0.4576078638390285,3.3523987457496864,0.2288039319195142,0.9566690795034912,2.8102175500834723,4.0,0.1945645578475774,0.1883601805572624,64,,,0.3126373626373626,0.251616561316854,-0.01830305246861597,0.04222207791101299,-0.03850198980880933,0.03735591795315379,6,0.3333333333333333,0,1,0,1,0,1
latent_corruption_recovery__d1b5f49f34__i01,latent_corruption_recovery,latent_corruption_recovery__d1b5f49f34,1,621144332,"{""corruption_fraction"": 0.25, ""corruption_mode"": ""degree_preserving"", ""latent_homophily"": 0.2, ""n"": 600, ""target_avg_degree"": 12}","{""actual_changed_edge_fraction"": 0.3933066361556064, ""clean_edge_homophily"": 0.20194508009153317, ""clean_edges"": 3496, ""clean_observed_edge_jaccard"": 0.4354342024225005, ""controlled_property"": ""latent_graph_corruption_recovery"", ""corruption_fraction_requested"": 0.25, ""corruption_mode"": ""degree_preserving"", ""degree_sequence_preserved"": true, ""generation_attempt"": 0, ""labels_generated_before_graph"": true, ""observed_edge_homophily"": 0.3295194508009153, ""observed_edges"": 3496, ""target_latent_homophily"": 0.2}",600,12,0.2,0.25,degree_preserving,600,3496,0.0194546466332776,11.653333333333334,11.139822222222222,3.33763722148202,0.2864105167175646,1,1.0,0,0.0180096493907572,0.0181096929975853,0.0061927679280362,0.447953277316339,2.588364238623682,0.2239766386581695,0.9465234041653052,2.85181030884808,4.0,0.2050380507614722,0.2048619438123156,64,,,0.3144329896907216,0.2532009858275427,-0.03108560010785962,0.08232757420309468,-0.03716649614228945,0.02439213507896078,6,0.5,0,1,0,1,0,1
latent_corruption_recovery__d1b5f49f34__i02,latent_corruption_recovery,latent_corruption_recovery__d1b5f49f34,2,237765619,"{""corruption_fraction"": 0.25, ""corruption_mode"": ""degree_preserving"", ""latent_homophily"": 0.2, ""n"": 600, ""target_avg_degree"": 12}","{""actual_changed_edge_fraction"": 0.39124449339207046, ""clean_edge_homophily"": 0.1968612334801762, ""clean_edges"": 3632, ""clean_observed_edge_jaccard"": 0.4375618444488423, ""controlled_property"": ""latent_graph_corruption_recovery"", ""corruption_fraction_requested"": 0.25, ""corruption_mode"": ""degree_preserving"", ""degree_sequence_preserved"": true, ""generation_attempt"": 0, ""labels_generated_before_graph"": true, ""observed_edge_homophily"": 0.3235132158590308, ""observed_edges"": 3632, ""target_latent_homophily"": 0.2}",600,12,0.2,0.25,degree_preserving,600,3632,0.0202114635503617,12.106666666666667,10.205288888888887,3.1945717849015205,0.263868814832174,1,1.0,0,0.0187216994049508,0.0190779014308426,0.0085050751414098,0.4566346871433633,2.70185295651864,0.2283173435716816,0.9556512827840116,2.82877712854758,4.0,0.1992392296344612,0.1921663451442032,64,,,0.3335170893054024,0.2461117920248792,-0.016901580863307432,0.043324049585952894,-0.020954765823917185,0.004053184960609735,6,0.16666666666666666,0,1,0,0,0,0
latent_corruption_recovery__d53820a8ec__i00,latent_corruption_recovery,latent_corruption_recovery__d53820a8ec,0,1702434970,"{""corruption_fraction"": 0.25, ""corruption_mode"": ""degree_preserving"", ""latent_homophily"": 0.5, ""n"": 600, ""target_avg_degree"": 12}","{""actual_changed_edge_fraction"": 0.3877941981390257, ""clean_edge_homophily"": 0.4874110563765736, ""clean_edges"": 3654, ""clean_observed_edge_jaccard"": 0.44113587063695525, ""controlled_property"": ""latent_graph_corruption_recovery"", ""corruption_fraction_requested"": 0.25, ""corruption_mode"": ""degree_preserving"", ""degree_sequence_preserved"": true, ""generation_attempt"": 0, ""labels_generated_before_graph"": true, ""observed_edge_homophily"": 0.4879584017515052, ""observed_edges"": 3654, ""target_latent_homophily"": 0.5}",600,12,0.5,0.25,degree_preserving,600,3654,0.0203338898163606,12.18,11.630933333333331,3.4104154194662755,0.2800012659660325,1,1.0,0,0.021784652610891,0.021379761394646,-0.0158111983833127,0.4530998819718024,1.820170274446807,0.2265499409859012,0.9519452525978608,2.827498956594324,5.0,0.1861188762430246,0.1753997137344987,64,,,0.3220060290490545,0.2537043178569707,-0.003997241066381084,0.05242861935298407,-0.02077624702300593,0.016779005956624866,6,0.5,0,1,0,1,0,1
latent_corruption_recovery__d53820a8ec__i01,latent_corruption_recovery,latent_corruption_recovery__d53820a8ec,1,547732676,"{""corruption_fraction"": 0.25, ""corruption_mode"": ""degree_preserving"", ""latent_homophily"": 0.5, ""n"": 600, ""target_avg_degree"": 12}","{""actual_changed_edge_fraction"": 0.3871499176276771, ""clean_edge_homophily"": 0.5021965952773202, ""clean_edges"": 3642, ""clean_observed_edge_jaccard"": 0.4418052256532066, ""controlled_property"": ""latent_graph_corruption_recovery"", ""corruption_fraction_requested"": 0.25, ""corruption_mode"": ""degree_preserving"", ""degree_sequence_preserved"": true, ""generation_attempt"": 0, ""labels_generated_before_graph"": true, ""observed_edge_homophily"": 0.5, ""observed_edges"": 3642, ""target_latent_homophily"": 0.5}",600,12,0.5,0.25,degree_preserving,600,3642,0.0202671118530884,12.14,11.547066666666666,3.398097506939238,0.2799091850856044,1,1.0,0,0.0205542934640727,0.020165319284222,0.0147692920393626,0.4581387911570811,2.690610626362008,0.2290693955785405,0.9572238935140316,2.8174300918196997,5.0,0.1868257052578429,0.1824936618583542,64,,,0.3181318681318681,0.2523361819108992,-0.01576423834298533,0.02129872877504885,-0.024909885952566647,0.009145647609581302,6,0.3333333333333333,0,1,0,1,0,0
latent_corruption_recovery__d53820a8ec__i02,latent_corruption_recovery,latent_corruption_recovery__d53820a8ec,2,1219290701,"{""corruption_fraction"": 0.25, ""corruption_mode"": ""degree_preserving"", ""latent_homophily"": 0.5, ""n"": 600, ""target_avg_degree"": 12}","{""actual_changed_edge_fraction"": 0.38917879703378194, ""clean_edge_homophily"": 0.49217248008788794, ""clean_edges"": 3641, ""clean_observed_edge_jaccard"": 0.43969948596283115, ""controlled_property"": ""latent_graph_corruption_recovery"", ""corruption_fraction_requested"": 0.25, ""corruption_mode"": ""degree_preserving"", ""degree_sequence_preserved"": true, ""generation_attempt"": 0, ""labels_generated_before_graph"": true, ""observed_edge_homophily"": 0.4872287833012909, ""observed_edges"": 3641, ""target_latent_homophily"": 0.5}",600,12,0.5,0.25,degree_preserving,600,3641,0.0202615470228158,12.136666666666668,11.587988888888887,3.404113524677003,0.2804817515526231,1,1.0,0,0.0202550066375446,0.020511073253833,-0.0260350015748272,0.4557767181954947,3.515161931317826,0.2278883590977473,0.9547530761359134,2.825294762103506,4.0,0.1957843521277039,0.1882869068850537,64,,,0.3205163416643779,0.2557873152817771,-0.018823695217486985,0.07077597757009338,-0.07269070002038945,0.0613596185376796,6,0.3333333333333333,0,1,0,1,0,1
latent_corruption_recovery__d77a9e82e8__i00,latent_corruption_recovery,latent_corruption_recovery__d77a9e82e8,0,328409885,"{""corruption_fraction"": 0.25, ""corruption_mode"": ""homophily_attack"", ""latent_homophily"": 0.2, ""n"": 240, ""target_avg_degree"": 6}","{""actual_changed_edge_fraction"": 0.20079787234042554, ""clean_edge_homophily"": 0.20079787234042554, ""clean_edges"": 752, ""clean_observed_edge_jaccard"": 0.6655592469545958, ""controlled_property"": ""latent_graph_corruption_recovery"", ""corruption_fraction_requested"": 0.25, ""corruption_mode"": ""homophily_attack"", ""degree_sequence_preserved"": false, ""generation_attempt"": 0, ""labels_generated_before_graph"": true, ""observed_edge_homophily"": 0.0, ""observed_edges"": 752, ""target_latent_homophily"": 0.2}",240,6,0.2,0.25,homophily_attack,240,752,0.0262203626220362,6.266666666666667,5.678888888888889,2.383041940228684,0.3802726500364921,1,1.0,0,0.0,0.0,-0.0795779233554905,0.3000004225088402,0.8436704278637283,0.1500002112544201,0.7745972146978586,3.3863755230125525,6.0,0.4979996152360431,0.3902803487465479,64,1.0,0.0006648936170212,0.2686170212765957,0.3613015999886826,-0.0034689888989607003,0.08758449168217612,-0.021188650875112857,0.0237525812448931,6,0.5,0,1,0,1,0,1
latent_corruption_recovery__d77a9e82e8__i01,latent_corruption_recovery,latent_corruption_recovery__d77a9e82e8,1,1966310392,"{""corruption_fraction"": 0.25, ""corruption_mode"": ""homophily_attack"", ""latent_homophily"": 0.2, ""n"": 240, ""target_avg_degree"": 6}","{""actual_changed_edge_fraction"": 0.20396600566572237, ""clean_edge_homophily"": 0.20396600566572237, ""clean_edges"": 706, ""clean_observed_edge_jaccard"": 0.6611764705882353, ""controlled_property"": ""latent_graph_corruption_recovery"", ""corruption_fraction_requested"": 0.25, ""corruption_mode"": ""homophily_attack"", ""degree_sequence_preserved"": false, ""generation_attempt"": 0, ""labels_generated_before_graph"": true, ""observed_edge_homophily"": 0.0, ""observed_edges"": 706, ""target_latent_homophily"": 0.2}",240,6,0.2,0.25,homophily_attack,240,706,0.0246164574616457,5.883333333333334,4.83638888888889,2.19917913979032,0.373798154072009,3,0.9916666666666668,2,0.0,0.0,-0.0004233295808109,0.2823556116853463,0.843980799134338,0.1411778058426731,0.7514727030110226,3.448641877637131,6.0,0.5019079856631461,0.4384331722503285,64,1.0,0.0007082152974504,0.2755681818181818,0.3760502852923946,-0.05592652117178166,0.10479891855170634,-0.06129153343118052,0.0203521272411631,6,0.3333333333333333,0,1,0,1,0,1
latent_corruption_recovery__d77a9e82e8__i02,latent_corruption_recovery,latent_corruption_recovery__d77a9e82e8,2,424744514,"{""corruption_fraction"": 0.25, ""corruption_mode"": ""homophily_attack"", ""latent_homophily"": 0.2, ""n"": 240, ""target_avg_degree"": 6}","{""actual_changed_edge_fraction"": 0.21002710027100271, ""clean_edge_homophily"": 0.21002710027100271, ""clean_edges"": 738, ""clean_observed_edge_jaccard"": 0.6528555431131019, ""controlled_property"": ""latent_graph_corruption_recovery"", ""corruption_fraction_requested"": 0.25, ""corruption_mode"": ""homophily_attack"", ""degree_sequence_preserved"": false, ""generation_attempt"": 0, ""labels_generated_before_graph"": true, ""observed_edge_homophily"": 0.0, ""observed_edges"": 738, ""target_latent_homophily"": 0.2}",240,6,0.2,0.25,homophily_attack,240,738,0.0257322175732217,6.15,5.2025,2.280898945591409,0.3708778773319364,1,1.0,0,0.0,0.0,0.0277968842193095,0.289247305275526,0.6374742781148794,0.144623652637763,0.7605883318530807,3.389840481171548,7.0,0.5327240816572014,0.4662664656668767,64,1.0,0.0006775067750677,0.2633015006821282,0.3582312483016429,-0.016940307137297352,0.12700460403049843,-0.0354086686270002,0.03579781100000342,6,0.6666666666666666,0,1,0,1,0,1
latent_corruption_recovery__da6b50fe28__i00,latent_corruption_recovery,latent_corruption_recovery__da6b50fe28,0,839704945,"{""corruption_fraction"": 0.25, ""corruption_mode"": ""homophily_attack"", ""latent_homophily"": 0.5, ""n"": 240, ""target_avg_degree"": 12}","{""actual_changed_edge_fraction"": 0.24966622162883845, ""clean_edge_homophily"": 0.4939919893190921, ""clean_edges"": 1498, ""clean_observed_edge_jaccard"": 0.6004273504273504, ""controlled_property"": ""latent_graph_corruption_recovery"", ""corruption_fraction_requested"": 0.25, ""corruption_mode"": ""homophily_attack"", ""degree_sequence_preserved"": false, ""generation_attempt"": 0, ""labels_generated_before_graph"": true, ""observed_edge_homophily"": 0.24432576769025366, ""observed_edges"": 1498, ""target_latent_homophily"": 0.5}",240,12,0.5,0.25,homophily_attack,240,1498,0.052231520223152,12.483333333333333,12.974722222222224,3.6020441727194603,0.28854826483734,1,1.0,0,0.0473064432648775,0.0474972013433551,0.044815703211168,0.472268843930025,3.361173765097795,0.2361344219650125,0.9718732879650772,2.449888859832636,4.0,0.1920571173193732,0.1951676741386594,64,4.0,0.0013351134846461,0.3266533066132264,0.2399046525763769,-0.07649083743425394,0.10465898238097654,-0.09178079571424191,-0.002948211449237452,6,0.16666666666666666,0,0,0,0,0,0
latent_corruption_recovery__da6b50fe28__i01,latent_corruption_recovery,latent_corruption_recovery__da6b50fe28,1,297626281,"{""corruption_fraction"": 0.25, ""corruption_mode"": ""homophily_attack"", ""latent_homophily"": 0.5, ""n"": 240, ""target_avg_degree"": 12}","{""actual_changed_edge_fraction"": 0.24982456140350878, ""clean_edge_homophily"": 0.5101754385964913, ""clean_edges"": 1425, ""clean_observed_edge_jaccard"": 0.6002245929253228, ""controlled_property"": ""latent_graph_corruption_recovery"", ""corruption_fraction_requested"": 0.25, ""corruption_mode"": ""homophily_attack"", ""degree_sequence_preserved"": false, ""generation_attempt"": 0, ""labels_generated_before_graph"": true, ""observed_edge_homophily"": 0.26035087719298244, ""observed_edges"": 1425, ""target_latent_homophily"": 0.5}",240,12,0.5,0.25,homophily_attack,240,1425,0.0496861924686192,11.875,10.042708333333334,3.169023245943982,0.2668651154479143,1,1.0,0,0.0384632135377945,0.0389773679798826,0.026162224535342,0.4811254286555813,2.5166776149264445,0.2405627143277906,0.9809438604278852,2.476627876569037,4.0,0.2065359312130483,0.1898713802743248,64,3.0,0.0010526315789473,0.3422535211267605,0.244033487226839,-0.016231458991379417,0.08655415554682937,-0.044924340086187085,0.028692881094807634,6,0.3333333333333333,0,1,0,1,0,1
latent_corruption_recovery__da6b50fe28__i02,latent_corruption_recovery,latent_corruption_recovery__da6b50fe28,2,1512139024,"{""corruption_fraction"": 0.25, ""corruption_mode"": ""homophily_attack"", ""latent_homophily"": 0.5, ""n"": 240, ""target_avg_degree"": 12}","{""actual_changed_edge_fraction"": 0.25017421602787454, ""clean_edge_homophily"": 0.49477351916376305, ""clean_edges"": 1435, ""clean_observed_edge_jaccard"": 0.5997770345596433, ""controlled_property"": ""latent_graph_corruption_recovery"", ""corruption_fraction_requested"": 0.25, ""corruption_mode"": ""homophily_attack"", ""degree_sequence_preserved"": false, ""generation_attempt"": 0, ""labels_generated_before_graph"": true, ""observed_edge_homophily"": 0.2445993031358885, ""observed_edges"": 1435, ""target_latent_homophily"": 0.5}",240,12,0.5,0.25,homophily_attack,240,1435,0.0500348675034867,11.958333333333334,10.58159722222222,3.252936707380305,0.2720225818018373,1,1.0,0,0.0396918858587656,0.0397175639894086,-0.0346010778149585,0.4691554001498199,3.136136493047107,0.2345777000749099,0.9686644415377492,2.481661872384937,4.0,0.198192388548736,0.1986475380187886,64,4.0,0.0013937282229965,0.3435969209237229,0.2387888647428037,-0.008960712231757017,0.08366671262665107,-0.03176138667446902,0.0633485967297647,6,0.3333333333333333,0,1,0,1,0,1
latent_corruption_recovery__dbbbe612ce__i00,latent_corruption_recovery,latent_corruption_recovery__dbbbe612ce,0,1828709851,"{""corruption_fraction"": 0.5, ""corruption_mode"": ""homophily_attack"", ""latent_homophily"": 0.5, ""n"": 600, ""target_avg_degree"": 6}","{""actual_changed_edge_fraction"": 0.5, ""clean_edge_homophily"": 0.5169584245076586, ""clean_edges"": 1828, ""clean_observed_edge_jaccard"": 0.3333333333333333, ""controlled_property"": ""latent_graph_corruption_recovery"", ""corruption_fraction_requested"": 0.5, ""corruption_mode"": ""homophily_attack"", ""degree_sequence_preserved"": false, ""generation_attempt"": 0, ""labels_generated_before_graph"": true, ""observed_edge_homophily"": 0.016958424507658644, ""observed_edges"": 1828, ""target_latent_homophily"": 0.5}",600,6,0.5,0.5,homophily_attack,600,1828,0.0101725097384529,6.093333333333334,6.094622222222222,2.468728867701397,0.4051524399947588,3,0.9966666666666668,2,0.0012407407407407,0.0010772959870724,0.0382126335764411,0.2714710879296959,0.6308445664047555,0.1357355439648479,0.7368461005253347,3.832364949748744,7.0,0.4470024038486659,0.4166831295778569,64,,,0.2464246424642464,0.3720711494907804,-0.02849437633793975,0.04387922671366274,-0.026252449114582434,-0.002241927223357316,6,0.16666666666666666,0,0,0,0,0,0
latent_corruption_recovery__dbbbe612ce__i01,latent_corruption_recovery,latent_corruption_recovery__dbbbe612ce,1,1679719871,"{""corruption_fraction"": 0.5, ""corruption_mode"": ""homophily_attack"", ""latent_homophily"": 0.5, ""n"": 600, ""target_avg_degree"": 6}","{""actual_changed_edge_fraction"": 0.4947016174010039, ""clean_edge_homophily"": 0.4947016174010039, ""clean_edges"": 1793, ""clean_observed_edge_jaccard"": 0.33805970149253733, ""controlled_property"": ""latent_graph_corruption_recovery"", ""corruption_fraction_requested"": 0.5, ""corruption_mode"": ""homophily_attack"", ""degree_sequence_preserved"": false, ""generation_attempt"": 0, ""labels_generated_before_graph"": true, ""observed_edge_homophily"": 0.0, ""observed_edges"": 1793, ""target_latent_homophily"": 0.5}",600,6,0.5,0.5,homophily_attack,600,1793,0.0099777406789092,5.976666666666667,5.996122222222222,2.4486980667738973,0.4097096598060062,1,1.0,0,0.0,0.0,0.0283878754384577,0.2477490093798001,0.548510829537687,0.1238745046899,0.7039162015180502,4.006834307178631,8.0,0.5369011472138616,0.444947657791604,64,,,0.2640982691233947,0.3831826938061477,-0.0073102780061681805,0.07669863083783413,-0.029910985304947017,0.009929691856380984,6,0.5,0,1,0,1,0,0
latent_corruption_recovery__dbbbe612ce__i02,latent_corruption_recovery,latent_corruption_recovery__dbbbe612ce,2,758582025,"{""corruption_fraction"": 0.5, ""corruption_mode"": ""homophily_attack"", ""latent_homophily"": 0.5, ""n"": 600, ""target_avg_degree"": 6}","{""actual_changed_edge_fraction"": 0.5, ""clean_edge_homophily"": 0.5061728395061729, ""clean_edges"": 1782, ""clean_observed_edge_jaccard"": 0.3333333333333333, ""controlled_property"": ""latent_graph_corruption_recovery"", ""corruption_fraction_requested"": 0.5, ""corruption_mode"": ""homophily_attack"", ""degree_sequence_preserved"": false, ""generation_attempt"": 0, ""labels_generated_before_graph"": true, ""observed_edge_homophily"": 0.006172839506172839, ""observed_edges"": 1782, ""target_latent_homophily"": 0.5}",600,6,0.5,0.5,homophily_attack,600,1782,0.0099165275459098,5.94,5.7264,2.3929897617833635,0.4028602292564585,3,0.9966666666666668,2,0.0003703703703703,0.0005702879954376,-0.011612353258577,0.2518354845475979,0.4721030060361406,0.1259177422737989,0.7096978012472605,3.946922110552764,8.0,0.5210721840257344,0.4758454715463353,64,,,0.2530933633295838,0.3880329671575462,0.0012449873261433503,0.05037778110236638,-0.026782455333423067,0.028027442659566398,6,0.5,1,1,0,1,0,1
latent_corruption_recovery__de1718bfa1__i00,latent_corruption_recovery,latent_corruption_recovery__de1718bfa1,0,1944947345,"{""corruption_fraction"": 0.5, ""corruption_mode"": ""homophily_attack"", ""latent_homophily"": 0.2, ""n"": 600, ""target_avg_degree"": 12}","{""actual_changed_edge_fraction"": 0.20869322931178602, ""clean_edge_homophily"": 0.20869322931178602, ""clean_edges"": 3589, ""clean_observed_edge_jaccard"": 0.6546795758414016, ""controlled_property"": ""latent_graph_corruption_recovery"", ""corruption_fraction_requested"": 0.5, ""corruption_mode"": ""homophily_attack"", ""degree_sequence_preserved"": false, ""generation_attempt"": 0, ""labels_generated_before_graph"": true, ""observed_edge_homophily"": 0.0, ""observed_edges"": 3589, ""target_latent_homophily"": 0.2}",600,12,0.2,0.5,homophily_attack,600,3589,0.0199721758486366,11.963333333333331,13.068655555555557,3.615059550762001,0.3021782851013096,1,1.0,0,0.0,0.0,-0.0151602978453919,0.4591855361331682,2.5252590633641354,0.2295927680665841,0.958316791184594,3.110887938230384,5.0,0.2081970174381789,0.1957932681557996,64,,,0.3229224762967094,0.2488382624192788,0.01255158754284765,0.04975291352015222,-0.02511231833476618,0.03766390587761382,6,0.5,1,1,1,1,1,1
latent_corruption_recovery__de1718bfa1__i01,latent_corruption_recovery,latent_corruption_recovery__de1718bfa1,1,666589016,"{""corruption_fraction"": 0.5, ""corruption_mode"": ""homophily_attack"", ""latent_homophily"": 0.2, ""n"": 600, ""target_avg_degree"": 12}","{""actual_changed_edge_fraction"": 0.1981212638770282, ""clean_edge_homophily"": 0.1981212638770282, ""clean_edges"": 3513, ""clean_observed_edge_jaccard"": 0.66928011404134, ""controlled_property"": ""latent_graph_corruption_recovery"", ""corruption_fraction_requested"": 0.5, ""corruption_mode"": ""homophily_attack"", ""degree_sequence_preserved"": false, ""generation_attempt"": 0, ""labels_generated_before_graph"": true, ""observed_edge_homophily"": 0.0, ""observed_edges"": 3513, ""target_latent_homophily"": 0.2}",600,12,0.2,0.5,homophily_attack,600,3513,0.0195492487479131,11.71,11.379233333333335,3.3733119235157214,0.2880710438527516,1,1.0,0,0.0,0.0,-0.0112806835099785,0.4556524128926428,2.5001207993842924,0.2278262064463214,0.9546228709732896,3.1210872287145244,5.0,0.2189090233232613,0.2083251402682802,64,,,0.3234370539537539,0.2410817808264355,-0.011650722383032866,0.08437044911805999,-0.036106904432362856,0.05691395609875854,6,0.3333333333333333,0,1,0,1,0,1
latent_corruption_recovery__de1718bfa1__i02,latent_corruption_recovery,latent_corruption_recovery__de1718bfa1,2,1988074499,"{""corruption_fraction"": 0.5, ""corruption_mode"": ""homophily_attack"", ""latent_homophily"": 0.2, ""n"": 600, ""target_avg_degree"": 12}","{""actual_changed_edge_fraction"": 0.19727148703956343, ""clean_edge_homophily"": 0.19727148703956343, ""clean_edges"": 3665, ""clean_observed_edge_jaccard"": 0.6704649042844121, ""controlled_property"": ""latent_graph_corruption_recovery"", ""corruption_fraction_requested"": 0.5, ""corruption_mode"": ""homophily_attack"", ""degree_sequence_preserved"": false, ""generation_attempt"": 0, ""labels_generated_before_graph"": true, ""observed_edge_homophily"": 0.0, ""observed_edges"": 3665, ""target_latent_homophily"": 0.2}",600,12,0.2,0.5,homophily_attack,600,3665,0.02039510294936,12.216666666666669,10.59972222222222,3.2557214595573467,0.2664983459392098,1,1.0,0,0.0,0.0,-0.0032497752902519,0.4705327147619198,3.432709626099929,0.2352663573809599,0.9700852692025788,3.086028797996661,5.0,0.1829748531223544,0.178335978160467,64,,,0.3306033306033306,0.2472082994440608,-0.0017784672555690485,0.050294384185113145,-0.03503842085778218,0.026571478721966583,6,0.3333333333333333,0,1,0,1,0,1
latent_corruption_recovery__e2cfe58247__i00,latent_corruption_recovery,latent_corruption_recovery__e2cfe58247,0,1689195443,"{""corruption_fraction"": 0.25, ""corruption_mode"": ""homophily_attack"", ""latent_homophily"": 0.5, ""n"": 600, ""target_avg_degree"": 12}","{""actual_changed_edge_fraction"": 0.25, ""clean_edge_homophily"": 0.4922048997772829, ""clean_edges"": 3592, ""clean_observed_edge_jaccard"": 0.6, ""controlled_property"": ""latent_graph_corruption_recovery"", ""corruption_fraction_requested"": 0.25, ""corruption_mode"": ""homophily_attack"", ""degree_sequence_preserved"": false, ""generation_attempt"": 0, ""labels_generated_before_graph"": true, ""observed_edge_homophily"": 0.24220489977728285, ""observed_edges"": 3592, ""target_latent_homophily"": 0.5}",600,12,0.5,0.25,homophily_attack,600,3592,0.0199888703394546,11.973333333333333,11.71262222222222,3.422370848143465,0.2858327545776836,1,1.0,0,0.0181685659112129,0.0176100628930817,-0.0194936498704581,0.4646339680657494,2.476672804284791,0.2323169840328747,0.9639854439417116,2.827342445742905,5.0,0.2074381012689768,0.1912959896525146,64,,,0.3184482277421155,0.2536457764966442,0.015677453587570615,0.037283833090794784,-0.029986499465697966,0.0456639530532686,6,0.6666666666666666,1,1,1,1,1,1
latent_corruption_recovery__e2cfe58247__i01,latent_corruption_recovery,latent_corruption_recovery__e2cfe58247,1,1910956003,"{""corruption_fraction"": 0.25, ""corruption_mode"": ""homophily_attack"", ""latent_homophily"": 0.5, ""n"": 600, ""target_avg_degree"": 12}","{""actual_changed_edge_fraction"": 0.25, ""clean_edge_homophily"": 0.49197120708748615, ""clean_edges"": 3612, ""clean_observed_edge_jaccard"": 0.6, ""controlled_property"": ""latent_graph_corruption_recovery"", ""corruption_fraction_requested"": 0.25, ""corruption_mode"": ""homophily_attack"", ""degree_sequence_preserved"": false, ""generation_attempt"": 0, ""labels_generated_before_graph"": true, ""observed_edge_homophily"": 0.24197120708748615, ""observed_edges"": 3612, ""target_latent_homophily"": 0.5}",600,12,0.5,0.25,homophily_attack,600,3612,0.0201001669449081,12.04,11.655066666666666,3.413951766892243,0.2835508112036747,1,1.0,0,0.0191700074602214,0.018536877781108,-0.0047791953542839,0.456453050822217,2.604864632177846,0.2282265254111085,0.9554611983981526,2.840984974958264,4.0,0.2018107878093714,0.1849012016076022,64,,,0.3290752568730908,0.253523346872551,0.0004541009975565184,0.07393076990495254,-0.02420787331373153,0.024661974311288064,6,0.6666666666666666,1,1,0,1,0,1
latent_corruption_recovery__e2cfe58247__i02,latent_corruption_recovery,latent_corruption_recovery__e2cfe58247,2,1751915987,"{""corruption_fraction"": 0.25, ""corruption_mode"": ""homophily_attack"", ""latent_homophily"": 0.5, ""n"": 600, ""target_avg_degree"": 12}","{""actual_changed_edge_fraction"": 0.25, ""clean_edge_homophily"": 0.5043811610076671, ""clean_edges"": 3652, ""clean_observed_edge_jaccard"": 0.6, ""controlled_property"": ""latent_graph_corruption_recovery"", ""corruption_fraction_requested"": 0.25, ""corruption_mode"": ""homophily_attack"", ""degree_sequence_preserved"": false, ""generation_attempt"": 0, ""labels_generated_before_graph"": true, ""observed_edge_homophily"": 0.25438116100766706, ""observed_edges"": 3652, ""target_latent_homophily"": 0.5}",600,12,0.5,0.25,homophily_attack,600,3652,0.0203227601558152,12.173333333333334,12.066622222222222,3.473704394766806,0.2853535921221363,1,1.0,0,0.0156800342087729,0.0157343837929094,0.0024446872743995,0.465728774312311,2.6538037922381394,0.2328643871561555,0.9651204839939012,2.8206385642737897,4.0,0.1959080291836982,0.1938081465000838,64,,,0.3298630136986301,0.2422575020784122,-0.01805791006998632,0.07764483977234866,-0.0570171034643322,0.038959193394345885,6,0.5,0,1,0,1,0,1
latent_corruption_recovery__ed4dd8c549__i00,latent_corruption_recovery,latent_corruption_recovery__ed4dd8c549,0,918909045,"{""corruption_fraction"": 0.5, ""corruption_mode"": ""degree_preserving"", ""latent_homophily"": 0.2, ""n"": 600, ""target_avg_degree"": 12}","{""actual_changed_edge_fraction"": 0.6218371837183718, ""clean_edge_homophily"": 0.19224422442244224, ""clean_edges"": 3636, ""clean_observed_edge_jaccard"": 0.23316940817364762, ""controlled_property"": ""latent_graph_corruption_recovery"", ""corruption_fraction_requested"": 0.5, ""corruption_mode"": ""degree_preserving"", ""degree_sequence_preserved"": true, ""generation_attempt"": 0, ""labels_generated_before_graph"": true, ""observed_edge_homophily"": 0.3990649064906491, ""observed_edges"": 3636, ""target_latent_homophily"": 0.2}",600,12,0.2,0.5,degree_preserving,600,3636,0.0202337228714524,12.12,11.542266666666666,3.397391155970514,0.2803128016477322,1,1.0,0,0.019081606516978,0.0187265064358127,-0.0206120164319073,0.4678232483921594,3.549106634763302,0.2339116241960797,0.9672882180530884,2.8301857262103507,5.0,0.1945632758797192,0.1989976198160274,64,,,0.3226872246696035,0.2495400702061405,0.010857961968842983,0.06266995622132185,0.00393236878270305,0.006925593186139933,6,0.5,1,1,1,1,1,0
latent_corruption_recovery__ed4dd8c549__i01,latent_corruption_recovery,latent_corruption_recovery__ed4dd8c549,1,1530200041,"{""corruption_fraction"": 0.5, ""corruption_mode"": ""degree_preserving"", ""latent_homophily"": 0.2, ""n"": 600, ""target_avg_degree"": 12}","{""actual_changed_edge_fraction"": 0.6213326021387442, ""clean_edge_homophily"": 0.19577735124760076, ""clean_edges"": 3647, ""clean_observed_edge_jaccard"": 0.23355318789108742, ""controlled_property"": ""latent_graph_corruption_recovery"", ""corruption_fraction_requested"": 0.5, ""corruption_mode"": ""degree_preserving"", ""degree_sequence_preserved"": true, ""generation_attempt"": 0, ""labels_generated_before_graph"": true, ""observed_edge_homophily"": 0.3921030984370716, ""observed_edges"": 3647, ""target_latent_homophily"": 0.2}",600,12,0.2,0.5,degree_preserving,600,3647,0.0202949360044518,12.156666666666666,12.332122222222225,3.5117121496817223,0.2888713037851704,1,1.0,0,0.0197587179720598,0.0202081643687483,0.0070325675690917,0.4582020854794752,2.624770159481212,0.2291010427397376,0.9572900140286382,2.8242383138564278,4.0,0.1915174897973459,0.1898677208958436,64,,,0.3296763576522216,0.2514402160081542,0.01696678973395705,0.05083694485666596,0.021807931815330302,-0.0016620861205919833,6,0.5,1,0,1,0,1,0
latent_corruption_recovery__ed4dd8c549__i02,latent_corruption_recovery,latent_corruption_recovery__ed4dd8c549,2,406474089,"{""corruption_fraction"": 0.5, ""corruption_mode"": ""degree_preserving"", ""latent_homophily"": 0.2, ""n"": 600, ""target_avg_degree"": 12}","{""actual_changed_edge_fraction"": 0.620253164556962, ""clean_edge_homophily"": 0.1992294991744634, ""clean_edges"": 3634, ""clean_observed_edge_jaccard"": 0.234375, ""controlled_property"": ""latent_graph_corruption_recovery"", ""corruption_fraction_requested"": 0.5, ""corruption_mode"": ""degree_preserving"", ""degree_sequence_preserved"": true, ""generation_attempt"": 0, ""labels_generated_before_graph"": true, ""observed_edge_homophily"": 0.3869014859658778, ""observed_edges"": 3634, ""target_latent_homophily"": 0.2}",600,12,0.2,0.5,degree_preserving,600,3634,0.020222593210907,12.113333333333332,11.80048888888889,3.4351839672554494,0.2835870088543299,1,1.0,0,0.0202270111838525,0.0209670809998634,0.0287701312467215,0.4559011232959629,1.7889306427402123,0.2279505616479814,0.954883368057024,2.8235079298831387,5.0,0.2026633202581573,0.1922626158017161,64,,,0.3193601765030336,0.2508165255131851,0.009533334038158283,0.038881048291906584,0.0028529892010018664,0.009458315529565648,6,0.6666666666666666,1,1,1,1,0,0
latent_corruption_recovery__ee85428499__i00,latent_corruption_recovery,latent_corruption_recovery__ee85428499,0,1862115341,"{""corruption_fraction"": 0.5, ""corruption_mode"": ""degree_preserving"", ""latent_homophily"": 0.2, ""n"": 240, ""target_avg_degree"": 12}","{""actual_changed_edge_fraction"": 0.5979827089337176, ""clean_edge_homophily"": 0.19956772334293948, ""clean_edges"": 1388, ""clean_observed_edge_jaccard"": 0.2515779981965735, ""controlled_property"": ""latent_graph_corruption_recovery"", ""corruption_fraction_requested"": 0.5, ""corruption_mode"": ""degree_preserving"", ""degree_sequence_preserved"": true, ""generation_attempt"": 0, ""labels_generated_before_graph"": true, ""observed_edge_homophily"": 0.3984149855907781, ""observed_edges"": 1388, ""target_latent_homophily"": 0.2}",240,12,0.2,0.5,degree_preserving,240,1388,0.0483960948396094,11.566666666666666,11.095555555555556,3.330999182761166,0.2879826382790633,1,1.0,0,0.0449294624523036,0.0436929616202025,0.0049918524874467,0.4588209353357536,2.6197188905313733,0.2294104676678768,0.9579362560585684,2.4995750523012554,4.0,0.2061395791019832,0.1996451588237703,64,3.0,0.0010806916426512,0.3212996389891697,0.2452609439493725,-0.030024534211823616,0.10312607247864544,-0.010723674485530915,-0.019300859726292748,6,0.3333333333333333,0,0,0,0,0,0
latent_corruption_recovery__ee85428499__i01,latent_corruption_recovery,latent_corruption_recovery__ee85428499,1,1698062908,"{""corruption_fraction"": 0.5, ""corruption_mode"": ""degree_preserving"", ""latent_homophily"": 0.2, ""n"": 240, ""target_avg_degree"": 12}","{""actual_changed_edge_fraction"": 0.6106500691562933, ""clean_edge_homophily"": 0.20401106500691563, ""clean_edges"": 1446, ""clean_observed_edge_jaccard"": 0.24173465006440534, ""controlled_property"": ""latent_graph_corruption_recovery"", ""corruption_fraction_requested"": 0.5, ""corruption_mode"": ""degree_preserving"", ""degree_sequence_preserved"": true, ""generation_attempt"": 0, ""labels_generated_before_graph"": true, ""observed_edge_homophily"": 0.40594744121715076, ""observed_edges"": 1446, ""target_latent_homophily"": 0.2}",240,12,0.2,0.5,degree_preserving,240,1446,0.050418410041841,12.05,12.0975,3.478146057887736,0.2886428263807249,1,1.0,0,0.0533959209578404,0.0537005163511187,-0.0052456231803882,0.4736431712186248,3.626416382825473,0.2368215856093124,0.973286361990781,2.462081589958159,4.0,0.2040986169835766,0.2033587028199169,64,4.0,0.0013831258644536,0.3305613305613306,0.2395739474947822,0.09279803991550677,0.1358288181530602,0.014565836507200301,0.07823220340830644,6,0.8333333333333334,1,1,1,1,1,1
latent_corruption_recovery__ee85428499__i02,latent_corruption_recovery,latent_corruption_recovery__ee85428499,2,1191237029,"{""corruption_fraction"": 0.5, ""corruption_mode"": ""degree_preserving"", ""latent_homophily"": 0.2, ""n"": 240, ""target_avg_degree"": 12}","{""actual_changed_edge_fraction"": 0.6304801670146137, ""clean_edge_homophily"": 0.2164231036882394, ""clean_edges"": 1437, ""clean_observed_edge_jaccard"": 0.2266325224071703, ""controlled_property"": ""latent_graph_corruption_recovery"", ""corruption_fraction_requested"": 0.5, ""corruption_mode"": ""degree_preserving"", ""degree_sequence_preserved"": true, ""generation_attempt"": 0, ""labels_generated_before_graph"": true, ""observed_edge_homophily"": 0.4057063326374391, ""observed_edges"": 1437, ""target_latent_homophily"": 0.2}",240,12,0.2,0.5,degree_preserving,240,1437,0.0501046025104602,11.975,11.149375,3.3390679837343837,0.2788365748421197,1,1.0,0,0.047046579688801,0.0476941960371734,-0.019684992800243,0.4590379441534177,3.471575630228944,0.2295189720767088,0.9581627671261472,2.4841461820083683,4.0,0.201986894830979,0.1995276436343277,64,4.0,0.0013917884481558,0.318941504178273,0.2483589342019178,-0.08092280142116971,0.04175016044887678,-0.07939646774097411,-0.0081468542288406,6,0.0,0,0,0,0,0,0
latent_corruption_recovery__f101d416ea__i00,latent_corruption_recovery,latent_corruption_recovery__f101d416ea,0,1916798352,"{""corruption_fraction"": 0.25, ""corruption_mode"": ""degree_preserving"", ""latent_homophily"": 0.8, ""n"": 240, ""target_avg_degree"": 6}","{""actual_changed_edge_fraction"": 0.3814866760168303, ""clean_edge_homophily"": 0.7868162692847125, ""clean_edges"": 713, ""clean_observed_edge_jaccard"": 0.44771573604060916, ""controlled_property"": ""latent_graph_corruption_recovery"", ""corruption_fraction_requested"": 0.25, ""corruption_mode"": ""degree_preserving"", ""degree_sequence_preserved"": true, ""generation_attempt"": 0, ""labels_generated_before_graph"": true, ""observed_edge_homophily"": 0.6437587657784011, ""observed_edges"": 713, ""target_latent_homophily"": 0.8}",240,6,0.8,0.25,degree_preserving,240,713,0.024860529986053,5.941666666666666,5.721597222222223,2.3919860413936838,0.4025782958867349,1,1.0,0,0.0284883498854086,0.0270783847980997,-0.0045608830738967,0.2645077888503012,0.8528780475310843,0.1322538944251506,0.7273345706761107,3.242972018828452,6.0,0.4994310856397111,0.4477829280691978,64,1.0,0.0007012622720897,0.2503660322108345,0.3801687357018228,-0.06713177681507725,0.06511584132329845,-0.07711560849486945,0.016684956641786697,6,0.16666666666666666,0,1,0,1,0,1
latent_corruption_recovery__f101d416ea__i01,latent_corruption_recovery,latent_corruption_recovery__f101d416ea,1,659700784,"{""corruption_fraction"": 0.25, ""corruption_mode"": ""degree_preserving"", ""latent_homophily"": 0.8, ""n"": 240, ""target_avg_degree"": 6}","{""actual_changed_edge_fraction"": 0.3979591836734694, ""clean_edge_homophily"": 0.798469387755102, ""clean_edges"": 784, ""clean_observed_edge_jaccard"": 0.4306569343065693, ""controlled_property"": ""latent_graph_corruption_recovery"", ""corruption_fraction_requested"": 0.25, ""corruption_mode"": ""degree_preserving"", ""degree_sequence_preserved"": true, ""generation_attempt"": 0, ""labels_generated_before_graph"": true, ""observed_edge_homophily"": 0.6887755102040817, ""observed_edges"": 784, ""target_latent_homophily"": 0.8}",240,6,0.8,0.25,degree_preserving,240,784,0.0273361227336122,6.533333333333333,6.040555555555557,2.4577541690648306,0.3761868626119639,1,1.0,0,0.0207215932215932,0.0225162946869445,0.0078675692976899,0.3054277483372572,0.8158093150488179,0.1527138741686286,0.7815724513277796,3.109767259414226,6.0,0.43639163013515,0.3973466004478579,64,1.0,0.0006377551020408,0.2745849297573435,0.3483265436276551,-0.0379078607387827,0.0785898231430042,-0.021344845614911217,-0.006793662401351368,6,0.3333333333333333,0,0,0,0,0,0
latent_corruption_recovery__f101d416ea__i02,latent_corruption_recovery,latent_corruption_recovery__f101d416ea,2,251336586,"{""corruption_fraction"": 0.25, ""corruption_mode"": ""degree_preserving"", ""latent_homophily"": 0.8, ""n"": 240, ""target_avg_degree"": 6}","{""actual_changed_edge_fraction"": 0.3997113997113997, ""clean_edge_homophily"": 0.784992784992785, ""clean_edges"": 693, ""clean_observed_edge_jaccard"": 0.4288659793814433, ""controlled_property"": ""latent_graph_corruption_recovery"", ""corruption_fraction_requested"": 0.25, ""corruption_mode"": ""degree_preserving"", ""degree_sequence_preserved"": true, ""generation_attempt"": 0, ""labels_generated_before_graph"": true, ""observed_edge_homophily"": 0.6724386724386724, ""observed_edges"": 693, ""target_latent_homophily"": 0.8}",240,6,0.8,0.25,degree_preserving,240,693,0.0241631799163179,5.775,5.416041666666667,2.3272390652158337,0.4029851195178932,1,1.0,0,0.0192078754578754,0.020459712048497,-0.0079205052743964,0.2666885181946091,0.7022060536834409,0.1333442590973045,0.7303266641642069,3.3023012552301254,6.0,0.5398816160392224,0.5160105114997726,64,1.0,0.0007215007215007,0.2536443148688047,0.3911783262432613,-0.08365003820301571,0.0549038339068052,-0.11183151334054874,0.038916274107626124,6,0.0,0,1,0,1,0,1
latent_corruption_recovery__f14dcf4321__i00,latent_corruption_recovery,latent_corruption_recovery__f14dcf4321,0,1062004695,"{""corruption_fraction"": 0.25, ""corruption_mode"": ""degree_preserving"", ""latent_homophily"": 0.5, ""n"": 240, ""target_avg_degree"": 6}","{""actual_changed_edge_fraction"": 0.40236686390532544, ""clean_edge_homophily"": 0.4985207100591716, ""clean_edges"": 676, ""clean_observed_edge_jaccard"": 0.42616033755274263, ""controlled_property"": ""latent_graph_corruption_recovery"", ""corruption_fraction_requested"": 0.25, ""corruption_mode"": ""degree_preserving"", ""degree_sequence_preserved"": true, ""generation_attempt"": 0, ""labels_generated_before_graph"": true, ""observed_edge_homophily"": 0.522189349112426, ""observed_edges"": 676, ""target_latent_homophily"": 0.5}",240,6,0.5,0.25,degree_preserving,240,676,0.0235704323570432,5.633333333333334,6.198888888888889,2.4897567931203417,0.4419686615006523,4,0.9875,3,0.0241453222703222,0.0247678018575851,-0.0105383126209961,0.2433106000009675,0.6935009185314696,0.1216553000004837,0.6975823965682728,3.310282044491525,6.0,0.5644087853903372,0.5170567104062394,64,1.0,0.0007396449704142,0.2332838038632986,0.3982386383529988,0.000937739923300332,0.049510885277100486,0.02461082510841517,-0.023673085185114833,6,0.5,1,0,0,0,0,0
latent_corruption_recovery__f14dcf4321__i01,latent_corruption_recovery,latent_corruption_recovery__f14dcf4321,1,89218054,"{""corruption_fraction"": 0.25, ""corruption_mode"": ""degree_preserving"", ""latent_homophily"": 0.5, ""n"": 240, ""target_avg_degree"": 6}","{""actual_changed_edge_fraction"": 0.3878437047756874, ""clean_edge_homophily"": 0.4645441389290883, ""clean_edges"": 691, ""clean_observed_edge_jaccard"": 0.4410844629822732, ""controlled_property"": ""latent_graph_corruption_recovery"", ""corruption_fraction_requested"": 0.25, ""corruption_mode"": ""degree_preserving"", ""degree_sequence_preserved"": true, ""generation_attempt"": 0, ""labels_generated_before_graph"": true, ""observed_edge_homophily"": 0.4905933429811867, ""observed_edges"": 691, ""target_latent_homophily"": 0.5}",240,6,0.5,0.25,degree_preserving,240,691,0.0240934449093444,5.758333333333334,6.116597222222223,2.473175534049741,0.4294950276207944,1,1.0,0,0.0188908776408776,0.0193933366484336,-0.0239051048674618,0.2519206108217559,0.6343293158027954,0.1259603054108779,0.7098177383268974,3.329269089958159,6.0,0.537757616201582,0.4499099562933568,64,1.0,0.0007235890014471,0.2692867540029112,0.3867965426896567,-0.0294413149480024,0.07172119660935947,-0.0374775015914366,0.008036186643434168,6,0.3333333333333333,0,1,0,1,0,0
latent_corruption_recovery__f14dcf4321__i02,latent_corruption_recovery,latent_corruption_recovery__f14dcf4321,2,425139917,"{""corruption_fraction"": 0.25, ""corruption_mode"": ""degree_preserving"", ""latent_homophily"": 0.5, ""n"": 240, ""target_avg_degree"": 6}","{""actual_changed_edge_fraction"": 0.40715268225584594, ""clean_edge_homophily"": 0.5075653370013755, ""clean_edges"": 727, ""clean_observed_edge_jaccard"": 0.42130987292277616, ""controlled_property"": ""latent_graph_corruption_recovery"", ""corruption_fraction_requested"": 0.25, ""corruption_mode"": ""degree_preserving"", ""degree_sequence_preserved"": true, ""generation_attempt"": 0, ""labels_generated_before_graph"": true, ""observed_edge_homophily"": 0.5103163686382394, ""observed_edges"": 727, ""target_latent_homophily"": 0.5}",240,6,0.5,0.25,degree_preserving,240,727,0.0253486750348675,6.058333333333334,6.221597222222221,2.49431297599604,0.4117160345523036,1,1.0,0,0.0226439995189994,0.0230560578661844,-0.0193779395048254,0.2525891662579955,0.7586950724749462,0.1262945831289977,0.7107589834226444,3.2221495815899583,6.0,0.5403103697849663,0.456079125790878,64,1.0,0.0006877579092159,0.2535612535612536,0.366521042364752,-0.035724131368492035,0.10704941844249669,-0.0240674781849768,-0.00068993423018703,6,0.3333333333333333,0,0,0,0,0,0
latent_corruption_recovery__f3f6b58ede__i00,latent_corruption_recovery,latent_corruption_recovery__f3f6b58ede,0,582573256,"{""corruption_fraction"": 0.5, ""corruption_mode"": ""degree_preserving"", ""latent_homophily"": 0.8, ""n"": 240, ""target_avg_degree"": 6}","{""actual_changed_edge_fraction"": 0.6159217877094972, ""clean_edge_homophily"": 0.8114525139664804, ""clean_edges"": 716, ""clean_observed_edge_jaccard"": 0.23768366464995677, ""controlled_property"": ""latent_graph_corruption_recovery"", ""corruption_fraction_requested"": 0.5, ""corruption_mode"": ""degree_preserving"", ""degree_sequence_preserved"": true, ""generation_attempt"": 0, ""labels_generated_before_graph"": true, ""observed_edge_homophily"": 0.6243016759776536, ""observed_edges"": 716, ""target_latent_homophily"": 0.8}",240,6,0.8,0.5,degree_preserving,240,716,0.0249651324965132,5.966666666666667,5.373888888888889,2.3181649831038533,0.3885192709112603,1,1.0,0,0.0263853738853738,0.025708164722685,-0.0120417550577445,0.2736202994952983,0.7899380191355034,0.1368101497476491,0.739757121622088,3.251372907949791,6.0,0.4964257903618772,0.4666594089946797,64,1.0,0.0006983240223463,0.247191011235955,0.3925634343497394,0.022740899478343554,0.10876771414930973,0.009060021122371087,0.016932093371893334,6,0.6666666666666666,1,1,1,1,1,1
latent_corruption_recovery__f3f6b58ede__i01,latent_corruption_recovery,latent_corruption_recovery__f3f6b58ede,1,1898434021,"{""corruption_fraction"": 0.5, ""corruption_mode"": ""degree_preserving"", ""latent_homophily"": 0.8, ""n"": 240, ""target_avg_degree"": 6}","{""actual_changed_edge_fraction"": 0.605890603085554, ""clean_edge_homophily"": 0.8106591865357644, ""clean_edges"": 713, ""clean_observed_edge_jaccard"": 0.24541484716157205, ""controlled_property"": ""latent_graph_corruption_recovery"", ""corruption_fraction_requested"": 0.5, ""corruption_mode"": ""degree_preserving"", ""degree_sequence_preserved"": true, ""generation_attempt"": 0, ""labels_generated_before_graph"": true, ""observed_edge_homophily"": 0.6115007012622721, ""observed_edges"": 713, ""target_latent_homophily"": 0.8}",240,6,0.8,0.5,degree_preserving,240,713,0.024860529986053,5.941666666666666,6.0799305555555545,2.4657515194267963,0.4149932431012841,1,1.0,0,0.0220925833425833,0.0225723019045379,-0.0234130225905123,0.2694497765142868,0.6450632583136393,0.1347248882571434,0.734097781653489,3.2365324267782425,6.0,0.5053699615593914,0.4264408226758219,64,1.0,0.0007012622720897,0.2478873239436619,0.3730400555502007,-0.01997671336656655,0.11001425542480418,0.0005890686497123191,-0.03407748770189758,6,0.3333333333333333,0,0,0,0,0,0
latent_corruption_recovery__f3f6b58ede__i02,latent_corruption_recovery,latent_corruption_recovery__f3f6b58ede,2,592696726,"{""corruption_fraction"": 0.5, ""corruption_mode"": ""degree_preserving"", ""latent_homophily"": 0.8, ""n"": 240, ""target_avg_degree"": 6}","{""actual_changed_edge_fraction"": 0.6446629213483146, ""clean_edge_homophily"": 0.800561797752809, ""clean_edges"": 712, ""clean_observed_edge_jaccard"": 0.21605465414175917, ""controlled_property"": ""latent_graph_corruption_recovery"", ""corruption_fraction_requested"": 0.5, ""corruption_mode"": ""degree_preserving"", ""degree_sequence_preserved"": true, ""generation_attempt"": 0, ""labels_generated_before_graph"": true, ""observed_edge_homophily"": 0.5926966292134831, ""observed_edges"": 712, ""target_latent_homophily"": 0.8}",240,6,0.8,0.5,degree_preserving,240,712,0.0248256624825662,5.933333333333334,6.103888888888889,2.4706049641512684,0.4163940950816744,1,1.0,0,0.024682239057239,0.0268551236749116,-0.0509242251318053,0.2661371456683785,0.4985536177902,0.1330685728341892,0.7295713065470414,3.241010721757322,7.0,0.4879842793189233,0.4216226547877674,64,1.0,0.0007022471910112,0.2865168539325842,0.3752623563943946,-0.038322466186224154,0.053888750581182074,-0.03384018878873701,-0.01958606078222215,6,0.3333333333333333,0,0,0,0,0,0
latent_corruption_recovery__f5355abc06__i00,latent_corruption_recovery,latent_corruption_recovery__f5355abc06,0,1933563003,"{""corruption_fraction"": 0.0, ""corruption_mode"": ""none"", ""latent_homophily"": 0.5, ""n"": 600, ""target_avg_degree"": 12}","{""actual_changed_edge_fraction"": 0.0, ""clean_edge_homophily"": 0.4954077372669079, ""clean_edges"": 3593, ""clean_observed_edge_jaccard"": 1.0, ""controlled_property"": ""latent_graph_corruption_recovery"", ""corruption_fraction_requested"": 0.0, ""corruption_mode"": ""none"", ""degree_sequence_preserved"": true, ""generation_attempt"": 0, ""labels_generated_before_graph"": true, ""observed_edge_homophily"": 0.4954077372669079, ""observed_edges"": 3593, ""target_latent_homophily"": 0.5}",600,12,0.5,0.0,none,600,3593,0.0199944351697273,11.976666666666668,10.60278888888889,3.2561923912583683,0.2718780176391624,1,1.0,0,0.0185989108943981,0.0187939934303144,-0.014627945896454,0.4558337685692805,1.780876636950785,0.2279168842846402,0.9548128283273958,2.8273946160267114,4.0,0.2008573347411177,0.1902719377897001,64,,,0.3210804789752158,0.255630962545922,-0.0198144409898238,0.07199094132689579,-0.051932226093361254,0.0321177851035375,6,0.5,0,1,0,1,0,1
latent_corruption_recovery__f5355abc06__i01,latent_corruption_recovery,latent_corruption_recovery__f5355abc06,1,658929854,"{""corruption_fraction"": 0.0, ""corruption_mode"": ""none"", ""latent_homophily"": 0.5, ""n"": 600, ""target_avg_degree"": 12}","{""actual_changed_edge_fraction"": 0.0, ""clean_edge_homophily"": 0.5012455023526156, ""clean_edges"": 3613, ""clean_observed_edge_jaccard"": 1.0, ""controlled_property"": ""latent_graph_corruption_recovery"", ""corruption_fraction_requested"": 0.0, ""corruption_mode"": ""none"", ""degree_sequence_preserved"": true, ""generation_attempt"": 0, ""labels_generated_before_graph"": true, ""observed_edge_homophily"": 0.5012455023526156, ""observed_edges"": 3613, ""target_latent_homophily"": 0.5}",600,12,0.5,0.0,none,600,3613,0.0201057317751808,12.043333333333331,10.301455555555556,3.209588066334301,0.2665032991697454,1,1.0,0,0.0182273124902348,0.018702023726448,-0.0351676706170022,0.4566542501275351,3.2465756535226595,0.2283271250637675,0.9556717534044156,2.8247991444073457,4.0,0.1902368623329265,0.1914042094876039,64,,,0.3161683277962347,0.2517538804310081,-0.007205759645027752,0.05413474195268529,-0.03043781685610676,0.023232057211079,6,0.3333333333333333,0,1,0,1,0,1
latent_corruption_recovery__f5355abc06__i02,latent_corruption_recovery,latent_corruption_recovery__f5355abc06,2,393116920,"{""corruption_fraction"": 0.0, ""corruption_mode"": ""none"", ""latent_homophily"": 0.5, ""n"": 600, ""target_avg_degree"": 12}","{""actual_changed_edge_fraction"": 0.0, ""clean_edge_homophily"": 0.4971827206868795, ""clean_edges"": 3727, ""clean_observed_edge_jaccard"": 1.0, ""controlled_property"": ""latent_graph_corruption_recovery"", ""corruption_fraction_requested"": 0.0, ""corruption_mode"": ""none"", ""degree_sequence_preserved"": true, ""generation_attempt"": 0, ""labels_generated_before_graph"": true, ""observed_edge_homophily"": 0.4971827206868795, ""observed_edges"": 3727, ""target_latent_homophily"": 0.5}",600,12,0.5,0.0,none,600,3727,0.0207401224262659,12.423333333333334,12.964122222222224,3.6005724853448267,0.2898233822386498,1,1.0,0,0.0214562392055728,0.0210485537190082,-0.023590185782551,0.4647681774827283,3.3651046336991786,0.2323840887413641,0.9641246573786278,2.7914101627712853,4.0,0.1979125636339757,0.1919119722242074,64,,,0.3193661026054257,0.2502904676992503,-0.03788854486697773,0.06309536200209911,-0.0823825481272978,0.05467518010816355,6,0.3333333333333333,0,1,0,1,0,1
latent_corruption_recovery__f5e62919fb__i00,latent_corruption_recovery,latent_corruption_recovery__f5e62919fb,0,1436708114,"{""corruption_fraction"": 0.5, ""corruption_mode"": ""homophily_attack"", ""latent_homophily"": 0.8, ""n"": 240, ""target_avg_degree"": 12}","{""actual_changed_edge_fraction"": 0.49965870307167237, ""clean_edge_homophily"": 0.7972696245733788, ""clean_edges"": 1465, ""clean_observed_edge_jaccard"": 0.3336367774237597, ""controlled_property"": ""latent_graph_corruption_recovery"", ""corruption_fraction_requested"": 0.5, ""corruption_mode"": ""homophily_attack"", ""degree_sequence_preserved"": false, ""generation_attempt"": 0, ""labels_generated_before_graph"": true, ""observed_edge_homophily"": 0.2976109215017065, ""observed_edges"": 1465, ""target_latent_homophily"": 0.8}",240,12,0.8,0.5,homophily_attack,240,1465,0.0510808926080892,12.208333333333334,9.273263888888888,3.0452034232361043,0.2494364578759949,1,1.0,0,0.0512298588566002,0.0511606684537728,-0.0039819010542014,0.4648851575541305,4.09359669768944,0.2324425787770652,0.9642459826767552,2.4667233263598325,4.0,0.1918537169284522,0.1910109476038544,64,5.0,0.0017064846416382,0.3137388926862611,0.2383855373970576,0.03886794628325333,0.09305066317477764,0.012436017913054617,0.008703170200264065,6,0.6666666666666666,1,1,1,1,1,0
latent_corruption_recovery__f5e62919fb__i01,latent_corruption_recovery,latent_corruption_recovery__f5e62919fb,1,1088261786,"{""corruption_fraction"": 0.5, ""corruption_mode"": ""homophily_attack"", ""latent_homophily"": 0.8, ""n"": 240, ""target_avg_degree"": 12}","{""actual_changed_edge_fraction"": 0.5, ""clean_edge_homophily"": 0.8170391061452514, ""clean_edges"": 1432, ""clean_observed_edge_jaccard"": 0.3333333333333333, ""controlled_property"": ""latent_graph_corruption_recovery"", ""corruption_fraction_requested"": 0.5, ""corruption_mode"": ""homophily_attack"", ""degree_sequence_preserved"": false, ""generation_attempt"": 0, ""labels_generated_before_graph"": true, ""observed_edge_homophily"": 0.3170391061452514, ""observed_edges"": 1432, ""target_latent_homophily"": 0.8}",240,12,0.8,0.5,homophily_attack,240,1432,0.0499302649930264,11.933333333333334,12.395555555555555,3.520732247069572,0.2950334285253831,1,1.0,0,0.0439282923532149,0.044447036864209,-0.0244785696608644,0.47293672480582,3.330459189942613,0.23646836240291,0.9725602550030716,2.477347018828452,4.0,0.2105047027297881,0.2006947930603939,64,5.0,0.0017458100558659,0.3338008415147265,0.2397738444492993,-0.051977346098751535,0.07791156497138563,-0.038353353568700066,-0.017058522370356398,6,0.16666666666666666,0,0,0,0,0,0
latent_corruption_recovery__f5e62919fb__i02,latent_corruption_recovery,latent_corruption_recovery__f5e62919fb,2,1451459118,"{""corruption_fraction"": 0.5, ""corruption_mode"": ""homophily_attack"", ""latent_homophily"": 0.8, ""n"": 240, ""target_avg_degree"": 12}","{""actual_changed_edge_fraction"": 0.5, ""clean_edge_homophily"": 0.7921195652173914, ""clean_edges"": 1472, ""clean_observed_edge_jaccard"": 0.3333333333333333, ""controlled_property"": ""latent_graph_corruption_recovery"", ""corruption_fraction_requested"": 0.5, ""corruption_mode"": ""homophily_attack"", ""degree_sequence_preserved"": false, ""generation_attempt"": 0, ""labels_generated_before_graph"": true, ""observed_edge_homophily"": 0.2921195652173913, ""observed_edges"": 1472, ""target_latent_homophily"": 0.8}",240,12,0.8,0.5,homophily_attack,240,1472,0.0513249651324965,12.266666666666667,12.503888888888888,3.536083835104717,0.2882677039487541,1,1.0,0,0.0490294814404721,0.0489355819740116,-0.000138212021452,0.4872309878105449,2.6746846105059072,0.2436154939052724,0.9871484060773688,2.4806158472803346,4.0,0.1973838825256534,0.1886498121490037,64,3.0,0.0010190217391304,0.3333333333333333,0.2339550227433837,-0.05649793837535098,0.03484761359712213,-0.047150987345576816,0.007728212368918602,6,0.16666666666666666,0,1,0,1,0,0
latent_corruption_recovery__f64e9a117d__i00,latent_corruption_recovery,latent_corruption_recovery__f64e9a117d,0,229225580,"{""corruption_fraction"": 0.25, ""corruption_mode"": ""homophily_attack"", ""latent_homophily"": 0.5, ""n"": 240, ""target_avg_degree"": 6}","{""actual_changed_edge_fraction"": 0.24932249322493225, ""clean_edge_homophily"": 0.491869918699187, ""clean_edges"": 738, ""clean_observed_edge_jaccard"": 0.6008676789587852, ""controlled_property"": ""latent_graph_corruption_recovery"", ""corruption_fraction_requested"": 0.25, ""corruption_mode"": ""homophily_attack"", ""degree_sequence_preserved"": false, ""generation_attempt"": 0, ""labels_generated_before_graph"": true, ""observed_edge_homophily"": 0.24254742547425473, ""observed_edges"": 738, ""target_latent_homophily"": 0.5}",240,6,0.5,0.25,homophily_attack,240,738,0.0257322175732217,6.15,6.610833333333333,2.571154085879205,0.4180738351023098,1,1.0,0,0.0263686544936544,0.0248149760557248,-0.0196063832687719,0.2610570927632498,0.7807294756635149,0.1305285463816249,0.7225746920052623,3.219109571129707,6.0,0.4969182168943021,0.4318728879354695,64,1.0,0.0006775067750677,0.2433192686357243,0.3675648680606047,0.003922922466726084,0.07279557609504941,0.0167343667934825,-0.009597936701484084,6,0.5,1,0,0,0,0,0
latent_corruption_recovery__f64e9a117d__i01,latent_corruption_recovery,latent_corruption_recovery__f64e9a117d,1,248594575,"{""corruption_fraction"": 0.25, ""corruption_mode"": ""homophily_attack"", ""latent_homophily"": 0.5, ""n"": 240, ""target_avg_degree"": 6}","{""actual_changed_edge_fraction"": 0.25, ""clean_edge_homophily"": 0.5212765957446809, ""clean_edges"": 752, ""clean_observed_edge_jaccard"": 0.6, ""controlled_property"": ""latent_graph_corruption_recovery"", ""corruption_fraction_requested"": 0.25, ""corruption_mode"": ""homophily_attack"", ""degree_sequence_preserved"": false, ""generation_attempt"": 0, ""labels_generated_before_graph"": true, ""observed_edge_homophily"": 0.2712765957446808, ""observed_edges"": 752, ""target_latent_homophily"": 0.5}",240,6,0.5,0.25,homophily_attack,240,752,0.0262203626220362,6.266666666666667,5.320555555555555,2.306632947730426,0.3680797257016637,1,1.0,0,0.0297712010212009,0.030006523157208,-0.0638092245238591,0.2794114807465491,0.8347106575545343,0.1397057403732745,0.7475446217404673,3.206393828451883,6.0,0.4681750854019806,0.4176315137153032,64,1.0,0.0006648936170212,0.2459893048128342,0.3797815753734721,0.03856069959512661,0.10673101094547366,0.01925387115976923,0.008527349029287349,6,0.6666666666666666,1,1,1,1,1,0
latent_corruption_recovery__f64e9a117d__i02,latent_corruption_recovery,latent_corruption_recovery__f64e9a117d,2,1863042065,"{""corruption_fraction"": 0.25, ""corruption_mode"": ""homophily_attack"", ""latent_homophily"": 0.5, ""n"": 240, ""target_avg_degree"": 6}","{""actual_changed_edge_fraction"": 0.25, ""clean_edge_homophily"": 0.4857142857142857, ""clean_edges"": 700, ""clean_observed_edge_jaccard"": 0.6, ""controlled_property"": ""latent_graph_corruption_recovery"", ""corruption_fraction_requested"": 0.25, ""corruption_mode"": ""homophily_attack"", ""degree_sequence_preserved"": false, ""generation_attempt"": 0, ""labels_generated_before_graph"": true, ""observed_edge_homophily"": 0.2357142857142857, ""observed_edges"": 700, ""target_latent_homophily"": 0.5}",240,6,0.5,0.25,homophily_attack,240,700,0.0244072524407252,5.833333333333333,5.630555555555556,2.372879170028587,0.4067792862906149,1,1.0,0,0.0267572936322936,0.0266075388026607,-0.0730058355235326,0.2300939492041976,0.3417361124814685,0.1150469746020988,0.6783715047143382,3.321097018828452,7.0,0.5408145254484531,0.4694845032124615,64,1.0,0.0007142857142857,0.2861271676300578,0.3838418367346938,-0.04395292097869344,0.05993495798573075,-0.09917261587839038,0.05521969489969691,6,0.16666666666666666,0,1,0,1,0,1
latent_corruption_recovery__f92fcfb1bd__i00,latent_corruption_recovery,latent_corruption_recovery__f92fcfb1bd,0,169021248,"{""corruption_fraction"": 0.5, ""corruption_mode"": ""homophily_attack"", ""latent_homophily"": 0.2, ""n"": 600, ""target_avg_degree"": 6}","{""actual_changed_edge_fraction"": 0.19755147468002227, ""clean_edge_homophily"": 0.19755147468002227, ""clean_edges"": 1797, ""clean_observed_edge_jaccard"": 0.6700743494423792, ""controlled_property"": ""latent_graph_corruption_recovery"", ""corruption_fraction_requested"": 0.5, ""corruption_mode"": ""homophily_attack"", ""degree_sequence_preserved"": false, ""generation_attempt"": 0, ""labels_generated_before_graph"": true, ""observed_edge_homophily"": 0.0, ""observed_edges"": 1797, ""target_latent_homophily"": 0.2}",600,6,0.2,0.5,homophily_attack,600,1797,0.01,5.99,5.583233333333332,2.36288665266308,0.3944718952692954,1,1.0,0,0.0,0.0,-0.0209312662227492,0.2624608895981683,0.7163530561068773,0.1312304447990841,0.7245148578161366,3.9986696577629375,7.0,0.4971257314724341,0.4452249071539296,64,,,0.2494432071269487,0.3936656004612894,0.014410155060678985,0.07255601782420196,0.005951117623841216,0.008459037436837784,6,0.8333333333333334,1,1,1,1,1,0
latent_corruption_recovery__f92fcfb1bd__i01,latent_corruption_recovery,latent_corruption_recovery__f92fcfb1bd,1,1496342771,"{""corruption_fraction"": 0.5, ""corruption_mode"": ""homophily_attack"", ""latent_homophily"": 0.2, ""n"": 600, ""target_avg_degree"": 6}","{""actual_changed_edge_fraction"": 0.21018418201516792, ""clean_edge_homophily"": 0.21018418201516792, ""clean_edges"": 1846, ""clean_observed_edge_jaccard"": 0.6526410026857654, ""controlled_property"": ""latent_graph_corruption_recovery"", ""corruption_fraction_requested"": 0.5, ""corruption_mode"": ""homophily_attack"", ""degree_sequence_preserved"": false, ""generation_attempt"": 0, ""labels_generated_before_graph"": true, ""observed_edge_homophily"": 0.0, ""observed_edges"": 1846, ""target_latent_homophily"": 0.2}",600,6,0.2,0.5,homophily_attack,600,1846,0.0102726766833611,6.153333333333333,5.516488888888889,2.3487206919701817,0.3816989206885452,1,1.0,0,0.0,0.0,-0.0184836495621396,0.2635053665250624,0.5410018055750618,0.1317526832625312,0.7259550489184058,3.916579716193656,7.0,0.460420080086422,0.4275416731454552,64,,,0.2467391304347826,0.3831821665889998,-0.0510576407500061,0.04267770943902414,-0.07348603233018464,0.03765093837331438,6,0.0,0,1,0,1,0,1
latent_corruption_recovery__f92fcfb1bd__i02,latent_corruption_recovery,latent_corruption_recovery__f92fcfb1bd,2,1531802740,"{""corruption_fraction"": 0.5, ""corruption_mode"": ""homophily_attack"", ""latent_homophily"": 0.2, ""n"": 600, ""target_avg_degree"": 6}","{""actual_changed_edge_fraction"": 0.20156774916013437, ""clean_edge_homophily"": 0.20156774916013437, ""clean_edges"": 1786, ""clean_observed_edge_jaccard"": 0.6644920782851818, ""controlled_property"": ""latent_graph_corruption_recovery"", ""corruption_fraction_requested"": 0.5, ""corruption_mode"": ""homophily_attack"", ""degree_sequence_preserved"": false, ""generation_attempt"": 0, ""labels_generated_before_graph"": true, ""observed_edge_homophily"": 0.0, ""observed_edges"": 1786, ""target_latent_homophily"": 0.2}",600,6,0.2,0.5,homophily_attack,600,1786,0.0099387868670005,5.953333333333333,5.824488888888888,2.413397789194497,0.4053859668299828,1,1.0,0,0.0,0.0,0.0182666532016358,0.2623275909744465,0.693737464416048,0.1311637954872232,0.7243308511646408,4.005608305509182,7.0,0.5359838250971664,0.4705786922446984,64,,,0.2488789237668161,0.3834201309425431,-0.029623299709267786,0.05218822329900871,-0.022355646585999683,-0.034723479674580365,6,0.5,0,0,0,0,0,0
latent_corruption_recovery__fe06a9f9fd__i00,latent_corruption_recovery,latent_corruption_recovery__fe06a9f9fd,0,1337319079,"{""corruption_fraction"": 0.25, ""corruption_mode"": ""homophily_attack"", ""latent_homophily"": 0.8, ""n"": 240, ""target_avg_degree"": 6}","{""actual_changed_edge_fraction"": 0.25034770514603616, ""clean_edge_homophily"": 0.7872044506258693, ""clean_edges"": 719, ""clean_observed_edge_jaccard"": 0.5995550611790879, ""controlled_property"": ""latent_graph_corruption_recovery"", ""corruption_fraction_requested"": 0.25, ""corruption_mode"": ""homophily_attack"", ""degree_sequence_preserved"": false, ""generation_attempt"": 0, ""labels_generated_before_graph"": true, ""observed_edge_homophily"": 0.5368567454798331, ""observed_edges"": 719, ""target_latent_homophily"": 0.8}",240,6,0.8,0.25,homophily_attack,240,719,0.0250697350069735,5.991666666666666,7.733263888888888,2.7808746625637206,0.4641237267143901,1,1.0,0,0.0273004827416591,0.030551250830197,-0.0326017545531083,0.2764409815086213,0.6899034983267262,0.1382204907543106,0.7435603291039958,3.208649320083682,6.0,0.5801903054180444,0.4697148329407377,64,1.0,0.0006954102920723,0.2714285714285714,0.3852273188886588,-0.0189926932863007,0.06464387351177303,-0.055988298043463,0.020341465832767514,6,0.3333333333333333,0,1,0,1,0,1
latent_corruption_recovery__fe06a9f9fd__i01,latent_corruption_recovery,latent_corruption_recovery__fe06a9f9fd,1,815987984,"{""corruption_fraction"": 0.25, ""corruption_mode"": ""homophily_attack"", ""latent_homophily"": 0.8, ""n"": 240, ""target_avg_degree"": 6}","{""actual_changed_edge_fraction"": 0.2492753623188406, ""clean_edge_homophily"": 0.8072463768115942, ""clean_edges"": 690, ""clean_observed_edge_jaccard"": 0.6009280742459396, ""controlled_property"": ""latent_graph_corruption_recovery"", ""corruption_fraction_requested"": 0.25, ""corruption_mode"": ""homophily_attack"", ""degree_sequence_preserved"": false, ""generation_attempt"": 0, ""labels_generated_before_graph"": true, ""observed_edge_homophily"": 0.5579710144927537, ""observed_edges"": 690, ""target_latent_homophily"": 0.8}",240,6,0.8,0.25,homophily_attack,240,690,0.0240585774058577,5.75,5.6125,2.369071548096427,0.4120124431472046,1,1.0,0,0.0309295334295334,0.0334092634776006,0.027384163037034,0.2544796908483738,0.6213371189979846,0.1272398454241869,0.7134138922790525,3.345286349372385,7.0,0.5606889909091287,0.5472209438032318,64,1.0,0.0007246376811594,0.2525547445255474,0.3941944969544213,-0.09655527729873387,0.07645710170347966,-0.09088402089144977,-0.005671256407284085,6,0.16666666666666666,0,0,0,0,0,0
latent_corruption_recovery__fe06a9f9fd__i02,latent_corruption_recovery,latent_corruption_recovery__fe06a9f9fd,2,2015081240,"{""corruption_fraction"": 0.25, ""corruption_mode"": ""homophily_attack"", ""latent_homophily"": 0.8, ""n"": 240, ""target_avg_degree"": 6}","{""actual_changed_edge_fraction"": 0.2496570644718793, ""clean_edge_homophily"": 0.7818930041152263, ""clean_edges"": 729, ""clean_observed_edge_jaccard"": 0.6004390779363337, ""controlled_property"": ""latent_graph_corruption_recovery"", ""corruption_fraction_requested"": 0.25, ""corruption_mode"": ""homophily_attack"", ""degree_sequence_preserved"": false, ""generation_attempt"": 0, ""labels_generated_before_graph"": true, ""observed_edge_homophily"": 0.532235939643347, ""observed_edges"": 729, ""target_latent_homophily"": 0.8}",240,6,0.8,0.25,homophily_attack,240,729,0.025418410041841,6.075,5.961041666666668,2.441524455471759,0.4018970297072853,1,1.0,0,0.031554094054094,0.0305775764439411,0.0057896058426826,0.2676341375915842,0.8033890757146032,0.1338170687957921,0.7316203080718635,3.227085512552301,6.0,0.5056799224790166,0.4878480196626236,64,1.0,0.0006858710562414,0.2448132780082987,0.3785989413688443,-0.014296656880855435,0.06897575778756343,-0.03726950500676457,0.022972848125909134,6,0.5,0,1,0,1,0,1
