graph_id,family,configuration_id,instance_index,generation_seed,generation_parameters,generation_metadata,param_n,param_target_avg_degree,param_latent_homophily,param_corruption_fraction,param_corruption_mode,num_nodes,num_edges,density,avg_degree,degree_variance,degree_std,degree_cv,num_components,largest_cc_ratio,num_isolates,avg_clustering,transitivity,degree_assortativity,lambda2_norm_laplacian,algebraic_connectivity,cheeger_lower_bound,cheeger_upper_bound,approx_avg_shortest_path,approx_diameter,effective_resistance_sample,effective_resistance_median,effective_resistance_pairs,edge_connectivity,edge_connectivity_ratio,spectral_sweep_conductance,modularity
latent_corruption_recovery__00f33bc43c__i00,latent_corruption_recovery,latent_corruption_recovery__00f33bc43c,0,1159439877,"{""corruption_fraction"": 0.5, ""corruption_mode"": ""homophily_attack"", ""latent_homophily"": 0.5, ""n"": 600, ""target_avg_degree"": 12}","{""actual_changed_edge_fraction"": 0.4914397979230985, ""clean_edge_homophily"": 0.4914397979230985, ""clean_edges"": 3563, ""clean_observed_edge_jaccard"": 0.3409860745201355, ""controlled_property"": ""latent_graph_corruption_recovery"", ""corruption_fraction_requested"": 0.5, ""corruption_mode"": ""homophily_attack"", ""degree_sequence_preserved"": false, ""generation_attempt"": 0, ""labels_generated_before_graph"": true, ""observed_edge_homophily"": 0.0, ""observed_edges"": 3563, ""target_latent_homophily"": 0.5}",600,12,0.5,0.5,homophily_attack,600,3563,0.019827490261547023,11.876666666666667,10.418122222222221,3.2277116076598635,0.2717691502379902,1,1.0,0,0.0,0.0,-0.005736988913995986,0.45815519565015617,2.6823021038823525,0.22907759782507808,0.9572410309322894,3.10238418196995,5.0,0.1987048925208176,0.19266621487829355,64,,,0.3280943025540275,0.24069716121402113
latent_corruption_recovery__00f33bc43c__i01,latent_corruption_recovery,latent_corruption_recovery__00f33bc43c,1,214334933,"{""corruption_fraction"": 0.5, ""corruption_mode"": ""homophily_attack"", ""latent_homophily"": 0.5, ""n"": 600, ""target_avg_degree"": 12}","{""actual_changed_edge_fraction"": 0.49971526195899774, ""clean_edge_homophily"": 0.49971526195899774, ""clean_edges"": 3512, ""clean_observed_edge_jaccard"": 0.3335864818682362, ""controlled_property"": ""latent_graph_corruption_recovery"", ""corruption_fraction_requested"": 0.5, ""corruption_mode"": ""homophily_attack"", ""degree_sequence_preserved"": false, ""generation_attempt"": 0, ""labels_generated_before_graph"": true, ""observed_edge_homophily"": 0.0, ""observed_edges"": 3512, ""target_latent_homophily"": 0.5}",600,12,0.5,0.5,homophily_attack,600,3512,0.01954368391764051,11.706666666666667,10.783955555555556,3.2838933532554853,0.28051480807991047,1,1.0,0,0.0,0.0,-0.009910288787803298,0.45940345659482085,2.5873756907745795,0.22970172829741042,0.958544163400749,3.1182961185308846,5.0,0.21134476926740953,0.2042279953453532,64,,,0.32516386434881733,0.2513314259992424
latent_corruption_recovery__00f33bc43c__i02,latent_corruption_recovery,latent_corruption_recovery__00f33bc43c,2,77897340,"{""corruption_fraction"": 0.5, ""corruption_mode"": ""homophily_attack"", ""latent_homophily"": 0.5, ""n"": 600, ""target_avg_degree"": 12}","{""actual_changed_edge_fraction"": 0.4998609952738393, ""clean_edge_homophily"": 0.5162635529608006, ""clean_edges"": 3597, ""clean_observed_edge_jaccard"": 0.3334569045412419, ""controlled_property"": ""latent_graph_corruption_recovery"", ""corruption_fraction_requested"": 0.5, ""corruption_mode"": ""homophily_attack"", ""degree_sequence_preserved"": false, ""generation_attempt"": 0, ""labels_generated_before_graph"": true, ""observed_edge_homophily"": 0.016402557686961357, ""observed_edges"": 3597, ""target_latent_homophily"": 0.5}",600,12,0.5,0.5,homophily_attack,600,3597,0.02001669449081803,11.99,10.653233333333334,3.263929125047499,0.2722209445410758,1,1.0,0,0.0025779549397970426,0.0027383153509490487,-0.02479671464888105,0.4599148426750985,2.6338961050984575,0.22995742133754926,0.9590775179046775,3.0419188230383973,5.0,0.20286064160588976,0.19278370660653493,64,,,0.3231368186874305,0.2482373605595557
latent_corruption_recovery__0b41cbe917__i00,latent_corruption_recovery,latent_corruption_recovery__0b41cbe917,0,490424347,"{""corruption_fraction"": 0.25, ""corruption_mode"": ""homophily_attack"", ""latent_homophily"": 0.2, ""n"": 600, ""target_avg_degree"": 12}","{""actual_changed_edge_fraction"": 0.2105557106953365, ""clean_edge_homophily"": 0.2105557106953365, ""clean_edges"": 3581, ""clean_observed_edge_jaccard"": 0.6521337946943483, ""controlled_property"": ""latent_graph_corruption_recovery"", ""corruption_fraction_requested"": 0.25, ""corruption_mode"": ""homophily_attack"", ""degree_sequence_preserved"": false, ""generation_attempt"": 0, ""labels_generated_before_graph"": true, ""observed_edge_homophily"": 0.0, ""observed_edges"": 3581, ""target_latent_homophily"": 0.2}",600,12,0.2,0.25,homophily_attack,600,3581,0.0199276572064552,11.936666666666667,11.53598888888889,3.396467118770457,0.28454066898384167,1,1.0,0,0.0,0.0,-0.005093444121290707,0.4537656859044238,2.4110385827266154,0.2268828429522119,0.9526444099499286,3.1123747913188646,5.0,0.19836091481788132,0.184056013964947,64,,,0.33053691275167785,0.2465597894375829
latent_corruption_recovery__0b41cbe917__i01,latent_corruption_recovery,latent_corruption_recovery__0b41cbe917,1,1886953864,"{""corruption_fraction"": 0.25, ""corruption_mode"": ""homophily_attack"", ""latent_homophily"": 0.2, ""n"": 600, ""target_avg_degree"": 12}","{""actual_changed_edge_fraction"": 0.2043527416619559, ""clean_edge_homophily"": 0.2043527416619559, ""clean_edges"": 3538, ""clean_observed_edge_jaccard"": 0.6606430415395447, ""controlled_property"": ""latent_graph_corruption_recovery"", ""corruption_fraction_requested"": 0.25, ""corruption_mode"": ""homophily_attack"", ""degree_sequence_preserved"": false, ""generation_attempt"": 0, ""labels_generated_before_graph"": true, ""observed_edge_homophily"": 0.0, ""observed_edges"": 3538, ""target_latent_homophily"": 0.2}",600,12,0.2,0.25,homophily_attack,600,3538,0.019688369504730106,11.793333333333333,9.760622222222223,3.1241994530154797,0.26491233349481175,1,1.0,0,0.0,0.0,-0.011702027827069268,0.4591085789695512,2.5785511989577703,0.2295542894847756,0.958236483306236,3.105410058430718,5.0,0.20112539034321802,0.19626427824393572,64,,,0.32032796154933557,0.2438811789371696
latent_corruption_recovery__0b41cbe917__i02,latent_corruption_recovery,latent_corruption_recovery__0b41cbe917,2,1806899850,"{""corruption_fraction"": 0.25, ""corruption_mode"": ""homophily_attack"", ""latent_homophily"": 0.2, ""n"": 600, ""target_avg_degree"": 12}","{""actual_changed_edge_fraction"": 0.20687742651136995, ""clean_edge_homophily"": 0.20687742651136995, ""clean_edges"": 3606, ""clean_observed_edge_jaccard"": 0.6571691176470589, ""controlled_property"": ""latent_graph_corruption_recovery"", ""corruption_fraction_requested"": 0.25, ""corruption_mode"": ""homophily_attack"", ""degree_sequence_preserved"": false, ""generation_attempt"": 0, ""labels_generated_before_graph"": true, ""observed_edge_homophily"": 0.0, ""observed_edges"": 3606, ""target_latent_homophily"": 0.2}",600,12,0.2,0.25,homophily_attack,600,3606,0.02006677796327212,12.02,11.716266666666668,3.4229032511402755,0.2847673253860462,1,1.0,0,0.0,0.0,-0.010726796208063813,0.4626295277257006,3.2714378421641173,0.2313147638628503,0.9619038701717554,3.098288814691152,5.0,0.18773349530753802,0.18324689967374114,64,,,0.32759578012215435,0.239799462226172
latent_corruption_recovery__111c2be72f__i00,latent_corruption_recovery,latent_corruption_recovery__111c2be72f,0,1664743173,"{""corruption_fraction"": 0.25, ""corruption_mode"": ""degree_preserving"", ""latent_homophily"": 0.2, ""n"": 240, ""target_avg_degree"": 6}","{""actual_changed_edge_fraction"": 0.4005524861878453, ""clean_edge_homophily"": 0.20303867403314918, ""clean_edges"": 724, ""clean_observed_edge_jaccard"": 0.4280078895463511, ""controlled_property"": ""latent_graph_corruption_recovery"", ""corruption_fraction_requested"": 0.25, ""corruption_mode"": ""degree_preserving"", ""degree_sequence_preserved"": true, ""generation_attempt"": 0, ""labels_generated_before_graph"": true, ""observed_edge_homophily"": 0.35220994475138123, ""observed_edges"": 724, ""target_latent_homophily"": 0.2}",240,6,0.2,0.25,degree_preserving,240,724,0.025244072524407253,6.033333333333333,6.590555555555555,2.567207735177571,0.4255040445045698,3,0.9916666666666667,2,0.025575974950974942,0.022998872604284102,-0.03161768956028818,0.2890146815039248,0.8492853054528658,0.1445073407519624,0.7602824231874952,3.2151898734177213,6.0,0.4673138327635608,0.4409195017704979,64,1.0,0.0006906077348066298,0.2608089260808926,0.3660812398888923
latent_corruption_recovery__111c2be72f__i01,latent_corruption_recovery,latent_corruption_recovery__111c2be72f,1,1091094404,"{""corruption_fraction"": 0.25, ""corruption_mode"": ""degree_preserving"", ""latent_homophily"": 0.2, ""n"": 240, ""target_avg_degree"": 6}","{""actual_changed_edge_fraction"": 0.37916666666666665, ""clean_edge_homophily"": 0.20694444444444443, ""clean_edges"": 720, ""clean_observed_edge_jaccard"": 0.4501510574018127, ""controlled_property"": ""latent_graph_corruption_recovery"", ""corruption_fraction_requested"": 0.25, ""corruption_mode"": ""degree_preserving"", ""degree_sequence_preserved"": true, ""generation_attempt"": 0, ""labels_generated_before_graph"": true, ""observed_edge_homophily"": 0.31527777777777777, ""observed_edges"": 720, ""target_latent_homophily"": 0.2}",240,6,0.2,0.25,degree_preserving,240,720,0.02510460251046025,6.0,5.691666666666666,2.3857214143035783,0.39762023571726307,2,0.9958333333333333,1,0.0264127539127539,0.02311463927153864,-0.061983112291903404,0.2888102847118198,0.7374745652943039,0.1444051423559099,0.760013532395075,3.22718618697479,6.0,0.4458215676215945,0.4162512877180419,64,1.0,0.0006944444444444445,0.26944444444444443,0.3764168595679012
latent_corruption_recovery__111c2be72f__i02,latent_corruption_recovery,latent_corruption_recovery__111c2be72f,2,38694297,"{""corruption_fraction"": 0.25, ""corruption_mode"": ""degree_preserving"", ""latent_homophily"": 0.2, ""n"": 240, ""target_avg_degree"": 6}","{""actual_changed_edge_fraction"": 0.40256045519203415, ""clean_edge_homophily"": 0.20768136557610242, ""clean_edges"": 703, ""clean_observed_edge_jaccard"": 0.4259634888438134, ""controlled_property"": ""latent_graph_corruption_recovery"", ""corruption_fraction_requested"": 0.25, ""corruption_mode"": ""degree_preserving"", ""degree_sequence_preserved"": true, ""generation_attempt"": 0, ""labels_generated_before_graph"": true, ""observed_edge_homophily"": 0.3157894736842105, ""observed_edges"": 703, ""target_latent_homophily"": 0.2}",240,6,0.2,0.25,degree_preserving,240,703,0.024511854951185495,5.858333333333333,5.554930555555556,2.356890017704593,0.40231408552567727,2,0.9958333333333333,1,0.02345360657860656,0.021313081822635964,-0.03612507718412001,0.2713352408661704,0.7476889414278814,0.1356676204330852,0.7366617145829834,3.2739298844537816,6.0,0.552470596446996,0.5078846247304013,64,1.0,0.0007112375533428165,0.2489208633093525,0.37868594056360766
latent_corruption_recovery__15738b1afc__i00,latent_corruption_recovery,latent_corruption_recovery__15738b1afc,0,488077377,"{""corruption_fraction"": 0.25, ""corruption_mode"": ""degree_preserving"", ""latent_homophily"": 0.2, ""n"": 240, ""target_avg_degree"": 12}","{""actual_changed_edge_fraction"": 0.40177960301163584, ""clean_edge_homophily"": 0.1971252566735113, ""clean_edges"": 1461, ""clean_observed_edge_jaccard"": 0.4267578125, ""controlled_property"": ""latent_graph_corruption_recovery"", ""corruption_fraction_requested"": 0.25, ""corruption_mode"": ""degree_preserving"", ""degree_sequence_preserved"": true, ""generation_attempt"": 0, ""labels_generated_before_graph"": true, ""observed_edge_homophily"": 0.3271731690622861, ""observed_edges"": 1461, ""target_latent_homophily"": 0.2}",240,12,0.2,0.25,degree_preserving,240,1461,0.050941422594142256,12.175,11.711041666666665,3.4221399250566398,0.28107925462477534,1,1.0,0,0.04834187613212378,0.04855628242725017,-0.01390520411085021,0.4706087059754215,3.778742964815097,0.23530435298771074,0.9701636006111768,2.4738166841004183,4.0,0.20537968832400338,0.19995582015295998,64,5.0,0.0017111567419575632,0.34111187371310914,0.2401377170803192
latent_corruption_recovery__15738b1afc__i01,latent_corruption_recovery,latent_corruption_recovery__15738b1afc,1,171494620,"{""corruption_fraction"": 0.25, ""corruption_mode"": ""degree_preserving"", ""latent_homophily"": 0.2, ""n"": 240, ""target_avg_degree"": 12}","{""actual_changed_edge_fraction"": 0.39462517680339465, ""clean_edge_homophily"": 0.20014144271570014, ""clean_edges"": 1414, ""clean_observed_edge_jaccard"": 0.4340770791075051, ""controlled_property"": ""latent_graph_corruption_recovery"", ""corruption_fraction_requested"": 0.25, ""corruption_mode"": ""degree_preserving"", ""degree_sequence_preserved"": true, ""generation_attempt"": 0, ""labels_generated_before_graph"": true, ""observed_edge_homophily"": 0.318953323903819, ""observed_edges"": 1414, ""target_latent_homophily"": 0.2}",240,12,0.2,0.25,degree_preserving,240,1414,0.049302649930264994,11.783333333333333,10.86972222222222,3.2969261778544907,0.27979571523517605,1,1.0,0,0.044354431115267004,0.04476800386660222,-0.005329335937752487,0.4773515821570575,0.9057250338012732,0.23867579107852874,0.9770891281321857,2.491010721757322,4.0,0.21261083673795372,0.19768129705029472,64,1.0,0.0003536067892503536,0.3323903818953324,0.2374559617004335
latent_corruption_recovery__15738b1afc__i02,latent_corruption_recovery,latent_corruption_recovery__15738b1afc,2,1095430687,"{""corruption_fraction"": 0.25, ""corruption_mode"": ""degree_preserving"", ""latent_homophily"": 0.2, ""n"": 240, ""target_avg_degree"": 12}","{""actual_changed_edge_fraction"": 0.3870967741935484, ""clean_edge_homophily"": 0.20126227208976158, ""clean_edges"": 1426, ""clean_observed_edge_jaccard"": 0.4418604651162791, ""controlled_property"": ""latent_graph_corruption_recovery"", ""corruption_fraction_requested"": 0.25, ""corruption_mode"": ""degree_preserving"", ""degree_sequence_preserved"": true, ""generation_attempt"": 0, ""labels_generated_before_graph"": true, ""observed_edge_homophily"": 0.3288920056100982, ""observed_edges"": 1426, ""target_latent_homophily"": 0.2}",240,12,0.2,0.25,degree_preserving,240,1426,0.049721059972106,11.883333333333333,11.369722222222224,3.3719018701946566,0.28375050801077056,1,1.0,0,0.042203749517023464,0.04388770433546553,-0.0058392421998612245,0.4702298157732538,2.607153860542264,0.2351149078866269,0.9697729793856434,2.496731171548117,4.0,0.1954407846726986,0.18891550666702325,64,3.0,0.0010518934081346423,0.32770745428973275,0.25105213929252174
latent_corruption_recovery__17e84e0dfe__i00,latent_corruption_recovery,latent_corruption_recovery__17e84e0dfe,0,1783499963,"{""corruption_fraction"": 0.0, ""corruption_mode"": ""none"", ""latent_homophily"": 0.5, ""n"": 240, ""target_avg_degree"": 6}","{""actual_changed_edge_fraction"": 0.0, ""clean_edge_homophily"": 0.5195681511470985, ""clean_edges"": 741, ""clean_observed_edge_jaccard"": 1.0, ""controlled_property"": ""latent_graph_corruption_recovery"", ""corruption_fraction_requested"": 0.0, ""corruption_mode"": ""none"", ""degree_sequence_preserved"": true, ""generation_attempt"": 0, ""labels_generated_before_graph"": true, ""observed_edge_homophily"": 0.5195681511470985, ""observed_edges"": 741, ""target_latent_homophily"": 0.5}",240,6,0.5,0.0,none,240,741,0.02583682008368201,6.175,5.511041666666667,2.347560790835174,0.38017178798950185,2,0.9958333333333333,1,0.028230010730010715,0.026690391459074734,0.0014094959251723708,0.2861885848024573,0.8098777334224205,0.14309429240122865,0.7565561245571373,3.1990217962184873,5.0,0.48340514653356625,0.43917399106022226,64,1.0,0.0006747638326585695,0.26116373477672533,0.3768469497214436
latent_corruption_recovery__17e84e0dfe__i01,latent_corruption_recovery,latent_corruption_recovery__17e84e0dfe,1,1262101859,"{""corruption_fraction"": 0.0, ""corruption_mode"": ""none"", ""latent_homophily"": 0.5, ""n"": 240, ""target_avg_degree"": 6}","{""actual_changed_edge_fraction"": 0.0, ""clean_edge_homophily"": 0.525, ""clean_edges"": 720, ""clean_observed_edge_jaccard"": 1.0, ""controlled_property"": ""latent_graph_corruption_recovery"", ""corruption_fraction_requested"": 0.0, ""corruption_mode"": ""none"", ""degree_sequence_preserved"": true, ""generation_attempt"": 0, ""labels_generated_before_graph"": true, ""observed_edge_homophily"": 0.525, ""observed_edges"": 720, ""target_latent_homophily"": 0.5}",240,6,0.5,0.0,none,240,720,0.02510460251046025,6.0,5.633333333333334,2.37346441585572,0.39557740264262,1,1.0,0,0.022940439190439185,0.02315247895229186,0.03752678774527869,0.2583768705962359,0.7058116869265976,0.12918843529811794,0.7188558556431683,3.223914748953975,6.0,0.48455410554424605,0.4240491561029523,64,1.0,0.0006944444444444445,0.2618384401114206,0.3733950617283951
latent_corruption_recovery__17e84e0dfe__i02,latent_corruption_recovery,latent_corruption_recovery__17e84e0dfe,2,1273381207,"{""corruption_fraction"": 0.0, ""corruption_mode"": ""none"", ""latent_homophily"": 0.5, ""n"": 240, ""target_avg_degree"": 6}","{""actual_changed_edge_fraction"": 0.0, ""clean_edge_homophily"": 0.49654218533886585, ""clean_edges"": 723, ""clean_observed_edge_jaccard"": 1.0, ""controlled_property"": ""latent_graph_corruption_recovery"", ""corruption_fraction_requested"": 0.0, ""corruption_mode"": ""none"", ""degree_sequence_preserved"": true, ""generation_attempt"": 0, ""labels_generated_before_graph"": true, ""observed_edge_homophily"": 0.49654218533886585, ""observed_edges"": 723, ""target_latent_homophily"": 0.5}",240,6,0.5,0.0,none,240,723,0.025209205020920503,6.025,5.982708333333334,2.445957549372706,0.40596805798717106,1,1.0,0,0.01831931956931956,0.020684900022983222,-0.03542878481431329,0.25437319834168465,0.701992330800832,0.12718659917084232,0.7132646049562317,3.2571587343096233,6.0,0.4940541414020092,0.4342039092255038,64,1.0,0.0006915629322268327,0.2524407252440725,0.36983982139885113
latent_corruption_recovery__1fb6104978__i00,latent_corruption_recovery,latent_corruption_recovery__1fb6104978,0,1082522528,"{""corruption_fraction"": 0.25, ""corruption_mode"": ""homophily_attack"", ""latent_homophily"": 0.2, ""n"": 240, ""target_avg_degree"": 12}","{""actual_changed_edge_fraction"": 0.19930795847750865, ""clean_edge_homophily"": 0.19930795847750865, ""clean_edges"": 1445, ""clean_observed_edge_jaccard"": 0.6676283900750144, ""controlled_property"": ""latent_graph_corruption_recovery"", ""corruption_fraction_requested"": 0.25, ""corruption_mode"": ""homophily_attack"", ""degree_sequence_preserved"": false, ""generation_attempt"": 0, ""labels_generated_before_graph"": true, ""observed_edge_homophily"": 0.0, ""observed_edges"": 1445, ""target_latent_homophily"": 0.2}",240,12,0.2,0.25,homophily_attack,240,1445,0.05038354253835425,12.041666666666666,8.57326388888889,2.9280136421965133,0.24315684225853398,1,1.0,0,0.0,0.0,0.003848440511051011,0.48655360158912575,3.739058347739172,0.24327680079456288,0.9864619623575211,2.6995292887029287,5.0,0.19727471344638464,0.19221426592220697,64,5.0,0.0017301038062283738,0.3240804996530187,0.23018043366339008
latent_corruption_recovery__1fb6104978__i01,latent_corruption_recovery,latent_corruption_recovery__1fb6104978,1,633669619,"{""corruption_fraction"": 0.25, ""corruption_mode"": ""homophily_attack"", ""latent_homophily"": 0.2, ""n"": 240, ""target_avg_degree"": 12}","{""actual_changed_edge_fraction"": 0.20165175498967652, ""clean_edge_homophily"": 0.20165175498967652, ""clean_edges"": 1453, ""clean_observed_edge_jaccard"": 0.6643757159221076, ""controlled_property"": ""latent_graph_corruption_recovery"", ""corruption_fraction_requested"": 0.25, ""corruption_mode"": ""homophily_attack"", ""degree_sequence_preserved"": false, ""generation_attempt"": 0, ""labels_generated_before_graph"": true, ""observed_edge_homophily"": 0.0, ""observed_edges"": 1453, ""target_latent_homophily"": 0.2}",240,12,0.2,0.25,homophily_attack,240,1453,0.05066248256624826,12.108333333333333,10.288263888888888,3.207532367551244,0.2649028796325873,1,1.0,0,0.0,0.0,-0.006735348146687537,0.48094496471233694,3.3858890460775606,0.24047248235616847,0.9807598734780466,2.696129707112971,5.0,0.19776247307930903,0.18807176315034135,64,4.0,0.0013764624913971094,0.32688320663441606,0.23391218017732968
latent_corruption_recovery__1fb6104978__i02,latent_corruption_recovery,latent_corruption_recovery__1fb6104978,2,339013738,"{""corruption_fraction"": 0.25, ""corruption_mode"": ""homophily_attack"", ""latent_homophily"": 0.2, ""n"": 240, ""target_avg_degree"": 12}","{""actual_changed_edge_fraction"": 0.20148247978436656, ""clean_edge_homophily"": 0.20148247978436656, ""clean_edges"": 1484, ""clean_observed_edge_jaccard"": 0.6646102075154234, ""controlled_property"": ""latent_graph_corruption_recovery"", ""corruption_fraction_requested"": 0.25, ""corruption_mode"": ""homophily_attack"", ""degree_sequence_preserved"": false, ""generation_attempt"": 0, ""labels_generated_before_graph"": true, ""observed_edge_homophily"": 0.0, ""observed_edges"": 1484, ""target_latent_homophily"": 0.2}",240,12,0.2,0.25,homophily_attack,240,1484,0.05174337517433752,12.366666666666667,11.940555555555557,3.455510896460255,0.27942136629058667,1,1.0,0,0.0,0.0,-0.029486271469124456,0.48994188314757964,4.0763889980041235,0.24497094157378982,0.9898907850339649,2.689199790794979,5.0,0.184217761242904,0.17566799523268994,64,5.0,0.0016846361185983828,0.3265720081135903,0.23662280861080637
latent_corruption_recovery__203a989a87__i00,latent_corruption_recovery,latent_corruption_recovery__203a989a87,0,1591974383,"{""corruption_fraction"": 0.5, ""corruption_mode"": ""homophily_attack"", ""latent_homophily"": 0.5, ""n"": 240, ""target_avg_degree"": 12}","{""actual_changed_edge_fraction"": 0.49299719887955185, ""clean_edge_homophily"": 0.49299719887955185, ""clean_edges"": 1428, ""clean_observed_edge_jaccard"": 0.3395872420262664, ""controlled_property"": ""latent_graph_corruption_recovery"", ""corruption_fraction_requested"": 0.5, ""corruption_mode"": ""homophily_attack"", ""degree_sequence_preserved"": false, ""generation_attempt"": 0, ""labels_generated_before_graph"": true, ""observed_edge_homophily"": 0.0, ""observed_edges"": 1428, ""target_latent_homophily"": 0.5}",240,12,0.5,0.5,homophily_attack,240,1428,0.0497907949790795,11.9,8.740000000000002,2.956349099818897,0.24843269746377286,1,1.0,0,0.0,0.0,-0.009139871694585041,0.47956862843885606,4.158148282683239,0.23978431421942803,0.9793555313969039,2.7148927824267783,5.0,0.1978101161904466,0.18788438516806055,64,5.0,0.0017507002801120449,0.3361462728551336,0.2310223108851384
latent_corruption_recovery__203a989a87__i01,latent_corruption_recovery,latent_corruption_recovery__203a989a87,1,2057328042,"{""corruption_fraction"": 0.5, ""corruption_mode"": ""homophily_attack"", ""latent_homophily"": 0.5, ""n"": 240, ""target_avg_degree"": 12}","{""actual_changed_edge_fraction"": 0.5, ""clean_edge_homophily"": 0.5141442715700142, ""clean_edges"": 1414, ""clean_observed_edge_jaccard"": 0.3333333333333333, ""controlled_property"": ""latent_graph_corruption_recovery"", ""corruption_fraction_requested"": 0.5, ""corruption_mode"": ""homophily_attack"", ""degree_sequence_preserved"": false, ""generation_attempt"": 0, ""labels_generated_before_graph"": true, ""observed_edge_homophily"": 0.014144271570014143, ""observed_edges"": 1414, ""target_latent_homophily"": 0.5}",240,12,0.5,0.5,homophily_attack,240,1414,0.049302649930264994,11.783333333333333,11.294722222222223,3.3607621490105815,0.28521319510698007,1,1.0,0,0.004496887772816564,0.0046979461543094625,-0.042407082513070786,0.4841574060452163,2.371548184164175,0.24207870302260814,0.9840298837385136,2.6645528242677825,5.0,0.1948097188715346,0.19314116349500696,64,3.0,0.0010608203677510608,0.32200990799716916,0.24092375897521048
latent_corruption_recovery__203a989a87__i02,latent_corruption_recovery,latent_corruption_recovery__203a989a87,2,1265758990,"{""corruption_fraction"": 0.5, ""corruption_mode"": ""homophily_attack"", ""latent_homophily"": 0.5, ""n"": 240, ""target_avg_degree"": 12}","{""actual_changed_edge_fraction"": 0.5, ""clean_edge_homophily"": 0.508100147275405, ""clean_edges"": 1358, ""clean_observed_edge_jaccard"": 0.3333333333333333, ""controlled_property"": ""latent_graph_corruption_recovery"", ""corruption_fraction_requested"": 0.5, ""corruption_mode"": ""homophily_attack"", ""degree_sequence_preserved"": false, ""generation_attempt"": 0, ""labels_generated_before_graph"": true, ""observed_edge_homophily"": 0.008100147275405008, ""observed_edges"": 1358, ""target_latent_homophily"": 0.5}",240,12,0.5,0.5,homophily_attack,240,1358,0.047350069735006974,11.316666666666666,9.699722222222222,3.1144377056255634,0.27520804467972576,1,1.0,0,0.004122289747289747,0.003756425464610518,-0.010507093129575968,0.4652572141923849,2.531872035534143,0.23262860709619246,0.964631757918414,2.6998234832635983,5.0,0.21316155211459054,0.20260920771162239,64,3.0,0.0011045655375552283,0.3416974169741697,0.24691025310113418
latent_corruption_recovery__20a08c4847__i00,latent_corruption_recovery,latent_corruption_recovery__20a08c4847,0,1432901831,"{""corruption_fraction"": 0.25, ""corruption_mode"": ""degree_preserving"", ""latent_homophily"": 0.8, ""n"": 240, ""target_avg_degree"": 12}","{""actual_changed_edge_fraction"": 0.3811563169164882, ""clean_edge_homophily"": 0.7894361170592434, ""clean_edges"": 1401, ""clean_observed_edge_jaccard"": 0.448062015503876, ""controlled_property"": ""latent_graph_corruption_recovery"", ""corruption_fraction_requested"": 0.25, ""corruption_mode"": ""degree_preserving"", ""degree_sequence_preserved"": true, ""generation_attempt"": 0, ""labels_generated_before_graph"": true, ""observed_edge_homophily"": 0.6638115631691649, ""observed_edges"": 1401, ""target_latent_homophily"": 0.8}",240,12,0.8,0.25,degree_preserving,240,1401,0.04884937238493724,11.675,10.644374999999998,3.2625718382895417,0.2794494079905389,1,1.0,0,0.04982184367633282,0.051007207540195894,0.01299270086257318,0.4522914439822084,3.3508870909896893,0.2261457219911042,0.9510956250369449,2.5010133368200838,4.0,0.20135546694191903,0.18292562689285377,64,4.0,0.0014275517487508922,0.3132183908045977,0.24690174908205156
latent_corruption_recovery__20a08c4847__i01,latent_corruption_recovery,latent_corruption_recovery__20a08c4847,1,229337882,"{""corruption_fraction"": 0.25, ""corruption_mode"": ""degree_preserving"", ""latent_homophily"": 0.8, ""n"": 240, ""target_avg_degree"": 12}","{""actual_changed_edge_fraction"": 0.38762886597938145, ""clean_edge_homophily"": 0.8054982817869416, ""clean_edges"": 1455, ""clean_observed_edge_jaccard"": 0.4413075780089153, ""controlled_property"": ""latent_graph_corruption_recovery"", ""corruption_fraction_requested"": 0.25, ""corruption_mode"": ""degree_preserving"", ""degree_sequence_preserved"": true, ""generation_attempt"": 0, ""labels_generated_before_graph"": true, ""observed_edge_homophily"": 0.6872852233676976, ""observed_edges"": 1455, ""target_latent_homophily"": 0.8}",240,12,0.8,0.25,degree_preserving,240,1455,0.05073221757322176,12.125,10.409375,3.226356303944126,0.26609124156240216,1,1.0,0,0.05560215820471236,0.056434962147281484,-0.002074576683345555,0.46125584745565323,3.7984096113774384,0.23062792372782662,0.9604747237232776,2.475418410041841,4.0,0.1953135164952316,0.19115048030661547,64,5.0,0.001718213058419244,0.30303030303030304,0.24550938226993066
latent_corruption_recovery__20a08c4847__i02,latent_corruption_recovery,latent_corruption_recovery__20a08c4847,2,370132020,"{""corruption_fraction"": 0.25, ""corruption_mode"": ""degree_preserving"", ""latent_homophily"": 0.8, ""n"": 240, ""target_avg_degree"": 12}","{""actual_changed_edge_fraction"": 0.38225483655770515, ""clean_edge_homophily"": 0.790527018012008, ""clean_edges"": 1499, ""clean_observed_edge_jaccard"": 0.4469111969111969, ""controlled_property"": ""latent_graph_corruption_recovery"", ""corruption_fraction_requested"": 0.25, ""corruption_mode"": ""degree_preserving"", ""degree_sequence_preserved"": true, ""generation_attempt"": 0, ""labels_generated_before_graph"": true, ""observed_edge_homophily"": 0.6704469646430954, ""observed_edges"": 1499, ""target_latent_homophily"": 0.8}",240,12,0.8,0.25,degree_preserving,240,1499,0.052266387726638774,12.491666666666667,11.024930555555555,3.320381085892936,0.2658076919994345,1,1.0,0,0.053307188991205984,0.054989487303897785,-0.006506250437461813,0.468399141562022,4.122997249238113,0.234199570781011,0.9678834036825118,2.4422724895397487,4.0,0.19611408359646715,0.18809401379569493,64,5.0,0.001667778519012675,0.3190348525469169,0.23875445538297493
latent_corruption_recovery__20a28ba05a__i00,latent_corruption_recovery,latent_corruption_recovery__20a28ba05a,0,815836269,"{""corruption_fraction"": 0.5, ""corruption_mode"": ""degree_preserving"", ""latent_homophily"": 0.5, ""n"": 600, ""target_avg_degree"": 6}","{""actual_changed_edge_fraction"": 0.6244703389830508, ""clean_edge_homophily"": 0.5005296610169492, ""clean_edges"": 1888, ""clean_observed_edge_jaccard"": 0.231170524942941, ""controlled_property"": ""latent_graph_corruption_recovery"", ""corruption_fraction_requested"": 0.5, ""corruption_mode"": ""degree_preserving"", ""degree_sequence_preserved"": true, ""generation_attempt"": 0, ""labels_generated_before_graph"": true, ""observed_edge_homophily"": 0.5111228813559322, ""observed_edges"": 1888, ""target_latent_homophily"": 0.5}",600,6,0.5,0.5,degree_preserving,600,1888,0.010506399554813578,6.293333333333333,6.340622222222223,2.5180592173779837,0.400115341744383,2,0.9983333333333333,1,0.008946497946497938,0.010843981170141223,0.009485289559842711,0.2662495070105521,0.721584106004051,0.13312475350527606,0.729725300384401,3.6977163461538463,7.0,0.5289876992474978,0.42741910116332504,64,,,0.25556733828207845,0.3771927068371157
latent_corruption_recovery__20a28ba05a__i01,latent_corruption_recovery,latent_corruption_recovery__20a28ba05a,1,1045694489,"{""corruption_fraction"": 0.5, ""corruption_mode"": ""degree_preserving"", ""latent_homophily"": 0.5, ""n"": 600, ""target_avg_degree"": 6}","{""actual_changed_edge_fraction"": 0.6311702717692734, ""clean_edge_homophily"": 0.5069328896283971, ""clean_edges"": 1803, ""clean_observed_edge_jaccard"": 0.22611356681400885, ""controlled_property"": ""latent_graph_corruption_recovery"", ""corruption_fraction_requested"": 0.5, ""corruption_mode"": ""degree_preserving"", ""degree_sequence_preserved"": true, ""generation_attempt"": 0, ""labels_generated_before_graph"": true, ""observed_edge_homophily"": 0.516916250693289, ""observed_edges"": 1803, ""target_latent_homophily"": 0.5}",600,6,0.5,0.5,degree_preserving,600,1803,0.01003338898163606,6.01,5.743233333333334,2.396504398771956,0.3987528117756999,1,1.0,0,0.008474687349687343,0.00920416511714392,-0.014188309717130691,0.25758763191300227,0.6538625383280794,0.12879381595650113,0.7177571064266829,3.8044527337228713,7.0,0.5128334190446084,0.4881334645214074,64,,,0.24818739542665924,0.390127657453883
latent_corruption_recovery__20a28ba05a__i02,latent_corruption_recovery,latent_corruption_recovery__20a28ba05a,2,1254587227,"{""corruption_fraction"": 0.5, ""corruption_mode"": ""degree_preserving"", ""latent_homophily"": 0.5, ""n"": 600, ""target_avg_degree"": 6}","{""actual_changed_edge_fraction"": 0.6271563717306622, ""clean_edge_homophily"": 0.5075125208681135, ""clean_edges"": 1797, ""clean_observed_edge_jaccard"": 0.22913816689466485, ""controlled_property"": ""latent_graph_corruption_recovery"", ""corruption_fraction_requested"": 0.5, ""corruption_mode"": ""degree_preserving"", ""degree_sequence_preserved"": true, ""generation_attempt"": 0, ""labels_generated_before_graph"": true, ""observed_edge_homophily"": 0.5342237061769616, ""observed_edges"": 1797, ""target_latent_homophily"": 0.5}",600,6,0.5,0.5,degree_preserving,600,1797,0.01,5.99,5.963233333333334,2.4419732458266887,0.40767499930328693,2,0.9983333333333333,1,0.0076062271062271,0.008646336928226106,0.03177150365654354,0.23858548754224207,0.5246388550056743,0.11929274377112103,0.6907756329550747,3.7598636078595318,7.0,0.5549138081913562,0.47811357575390245,64,,,0.27566964285714285,0.39334539820742487
latent_corruption_recovery__253c8694ca__i00,latent_corruption_recovery,latent_corruption_recovery__253c8694ca,0,19167460,"{""corruption_fraction"": 0.5, ""corruption_mode"": ""degree_preserving"", ""latent_homophily"": 0.2, ""n"": 600, ""target_avg_degree"": 6}","{""actual_changed_edge_fraction"": 0.637123745819398, ""clean_edge_homophily"": 0.19899665551839466, ""clean_edges"": 1794, ""clean_observed_edge_jaccard"": 0.2216547497446374, ""controlled_property"": ""latent_graph_corruption_recovery"", ""corruption_fraction_requested"": 0.5, ""corruption_mode"": ""degree_preserving"", ""degree_sequence_preserved"": true, ""generation_attempt"": 0, ""labels_generated_before_graph"": true, ""observed_edge_homophily"": 0.38851727982162765, ""observed_edges"": 1794, ""target_latent_homophily"": 0.2}",600,6,0.2,0.5,degree_preserving,600,1794,0.00998330550918197,5.98,6.1896,2.4878906728391423,0.4160352295717629,3,0.9966666666666667,2,0.010866605616605613,0.010842368640533779,-0.01472073987530671,0.2680073519669187,0.6193667775860972,0.13400367598345936,0.7321302506616137,3.739151486599665,7.0,0.5279338050972948,0.4840430953856333,64,,,0.25264919129949803,0.38608535325853915
latent_corruption_recovery__253c8694ca__i01,latent_corruption_recovery,latent_corruption_recovery__253c8694ca,1,1372302182,"{""corruption_fraction"": 0.5, ""corruption_mode"": ""degree_preserving"", ""latent_homophily"": 0.2, ""n"": 600, ""target_avg_degree"": 6}","{""actual_changed_edge_fraction"": 0.6344750140370579, ""clean_edge_homophily"": 0.18360471645143178, ""clean_edges"": 1781, ""clean_observed_edge_jaccard"": 0.2236344898660254, ""controlled_property"": ""latent_graph_corruption_recovery"", ""corruption_fraction_requested"": 0.5, ""corruption_mode"": ""degree_preserving"", ""degree_sequence_preserved"": true, ""generation_attempt"": 0, ""labels_generated_before_graph"": true, ""observed_edge_homophily"": 0.3902302077484559, ""observed_edges"": 1781, ""target_latent_homophily"": 0.2}",600,6,0.2,0.5,degree_preserving,600,1781,0.009910962715637173,5.9366666666666665,6.025988888888889,2.4547889703371424,0.41349617692371854,1,1.0,0,0.012633153883153874,0.010471698113207547,-0.07572738859073068,0.23247457782909928,0.4520881849136353,0.11623728891454964,0.6818718029499377,3.790510225375626,7.0,0.5085395702352917,0.4575533373156411,64,,,0.2619718309859155,0.3906673190496352
latent_corruption_recovery__253c8694ca__i02,latent_corruption_recovery,latent_corruption_recovery__253c8694ca,2,245278722,"{""corruption_fraction"": 0.5, ""corruption_mode"": ""degree_preserving"", ""latent_homophily"": 0.2, ""n"": 600, ""target_avg_degree"": 6}","{""actual_changed_edge_fraction"": 0.6284403669724771, ""clean_edge_homophily"": 0.19610091743119265, ""clean_edges"": 1744, ""clean_observed_edge_jaccard"": 0.22816901408450704, ""controlled_property"": ""latent_graph_corruption_recovery"", ""corruption_fraction_requested"": 0.5, ""corruption_mode"": ""degree_preserving"", ""degree_sequence_preserved"": true, ""generation_attempt"": 0, ""labels_generated_before_graph"": true, ""observed_edge_homophily"": 0.37270642201834864, ""observed_edges"": 1744, ""target_latent_homophily"": 0.2}",600,6,0.2,0.5,degree_preserving,600,1744,0.009705063995548135,5.8133333333333335,5.771822222222222,2.4024617004693796,0.41326749434679694,5,0.9933333333333333,4,0.005964285714285713,0.006221607742445191,-0.05733468884859297,0.2608821971775948,0.6198567873219268,0.1304410985887974,0.7223326064599255,3.8271927521008404,7.0,0.49459308882184516,0.4480224068741977,64,,,0.240858966918166,0.4001660674080465
latent_corruption_recovery__28b07d710a__i00,latent_corruption_recovery,latent_corruption_recovery__28b07d710a,0,227510802,"{""corruption_fraction"": 0.25, ""corruption_mode"": ""degree_preserving"", ""latent_homophily"": 0.5, ""n"": 600, ""target_avg_degree"": 6}","{""actual_changed_edge_fraction"": 0.3949489521762493, ""clean_edge_homophily"": 0.5249865663621709, ""clean_edges"": 1861, ""clean_observed_edge_jaccard"": 0.4337442218798151, ""controlled_property"": ""latent_graph_corruption_recovery"", ""corruption_fraction_requested"": 0.25, ""corruption_mode"": ""degree_preserving"", ""degree_sequence_preserved"": true, ""generation_attempt"": 0, ""labels_generated_before_graph"": true, ""observed_edge_homophily"": 0.5013433637829124, ""observed_edges"": 1861, ""target_latent_homophily"": 0.5}",600,6,0.5,0.25,degree_preserving,600,1861,0.010356149137451308,6.203333333333333,5.928655555555556,2.434883068148357,0.39251204752525903,2,0.9983333333333333,1,0.00962390387390387,0.008898970511254581,0.010932231182379785,0.2633185345575916,0.5228856753512141,0.1316592672787958,0.7256976430409452,3.721571906354515,7.0,0.4315772181739773,0.4100701221829774,64,,,0.25962059620596206,0.3900467210518459
latent_corruption_recovery__28b07d710a__i01,latent_corruption_recovery,latent_corruption_recovery__28b07d710a,1,1194227629,"{""corruption_fraction"": 0.25, ""corruption_mode"": ""degree_preserving"", ""latent_homophily"": 0.5, ""n"": 600, ""target_avg_degree"": 6}","{""actual_changed_edge_fraction"": 0.3952195664257921, ""clean_edge_homophily"": 0.4974986103390773, ""clean_edges"": 1799, ""clean_observed_edge_jaccard"": 0.4334661354581673, ""controlled_property"": ""latent_graph_corruption_recovery"", ""corruption_fraction_requested"": 0.25, ""corruption_mode"": ""degree_preserving"", ""degree_sequence_preserved"": true, ""generation_attempt"": 0, ""labels_generated_before_graph"": true, ""observed_edge_homophily"": 0.4963868816008894, ""observed_edges"": 1799, ""target_latent_homophily"": 0.5}",600,6,0.5,0.25,degree_preserving,600,1799,0.010011129660545353,5.996666666666667,6.469988888888889,2.543617284280182,0.4241718650828541,4,0.995,3,0.01177420727420727,0.012076852698993596,0.024096613568475114,0.21208514971313097,0.5355547956224164,0.10604257485656549,0.6512835783483735,3.8162489513422817,8.0,0.4951926582387973,0.41849915330640264,64,,,0.29477196885428253,0.3891816866945721
latent_corruption_recovery__28b07d710a__i02,latent_corruption_recovery,latent_corruption_recovery__28b07d710a,2,1127598057,"{""corruption_fraction"": 0.25, ""corruption_mode"": ""degree_preserving"", ""latent_homophily"": 0.5, ""n"": 600, ""target_avg_degree"": 6}","{""actual_changed_edge_fraction"": 0.4, ""clean_edge_homophily"": 0.49367816091954025, ""clean_edges"": 1740, ""clean_observed_edge_jaccard"": 0.42857142857142855, ""controlled_property"": ""latent_graph_corruption_recovery"", ""corruption_fraction_requested"": 0.25, ""corruption_mode"": ""degree_preserving"", ""degree_sequence_preserved"": true, ""generation_attempt"": 0, ""labels_generated_before_graph"": true, ""observed_edge_homophily"": 0.4959770114942529, ""observed_edges"": 1740, ""target_latent_homophily"": 0.5}",600,6,0.5,0.25,degree_preserving,600,1740,0.009682804674457429,5.8,5.35,2.3130067012440754,0.39879425883518543,1,1.0,0,0.012353100603100594,0.011449231696294065,0.03345038396699058,0.2400236305828649,0.5865193692626218,0.12001181529143246,0.6928544299964674,3.8791475375626043,7.0,0.5369778120623795,0.46407545832910485,64,,,0.2628538417099942,0.40681860219315624
latent_corruption_recovery__2df011944b__i00,latent_corruption_recovery,latent_corruption_recovery__2df011944b,0,816016334,"{""corruption_fraction"": 0.0, ""corruption_mode"": ""none"", ""latent_homophily"": 0.2, ""n"": 600, ""target_avg_degree"": 12}","{""actual_changed_edge_fraction"": 0.0, ""clean_edge_homophily"": 0.20818456468003296, ""clean_edges"": 3641, ""clean_observed_edge_jaccard"": 1.0, ""controlled_property"": ""latent_graph_corruption_recovery"", ""corruption_fraction_requested"": 0.0, ""corruption_mode"": ""none"", ""degree_sequence_preserved"": true, ""generation_attempt"": 0, ""labels_generated_before_graph"": true, ""observed_edge_homophily"": 0.20818456468003296, ""observed_edges"": 3641, ""target_latent_homophily"": 0.2}",600,12,0.2,0.0,none,600,3641,0.020261547022815803,12.136666666666667,12.041322222222222,3.4700608384035894,0.28591547693520375,1,1.0,0,0.01520688282131612,0.015284979959692942,-0.009825743198455736,0.46513593290670974,2.5960780203567784,0.23256796645335487,0.964506021657418,2.8406458681135227,5.0,0.20126052941081,0.18927435950115384,64,,,0.32706142778085223,0.2471931369075426
latent_corruption_recovery__2df011944b__i01,latent_corruption_recovery,latent_corruption_recovery__2df011944b,1,1404941653,"{""corruption_fraction"": 0.0, ""corruption_mode"": ""none"", ""latent_homophily"": 0.2, ""n"": 600, ""target_avg_degree"": 12}","{""actual_changed_edge_fraction"": 0.0, ""clean_edge_homophily"": 0.19480519480519481, ""clean_edges"": 3619, ""clean_observed_edge_jaccard"": 1.0, ""controlled_property"": ""latent_graph_corruption_recovery"", ""corruption_fraction_requested"": 0.0, ""corruption_mode"": ""none"", ""degree_sequence_preserved"": true, ""generation_attempt"": 0, ""labels_generated_before_graph"": true, ""observed_edge_homophily"": 0.19480519480519481, ""observed_edges"": 3619, ""target_latent_homophily"": 0.2}",600,12,0.2,0.0,none,600,3619,0.020139120756816918,12.063333333333333,11.365988888888891,3.371348230143082,0.27947070158688164,1,1.0,0,0.016602896730605693,0.017054870189652,0.00020696471944392869,0.4583380842032639,2.6778809768816676,0.22916904210163194,0.957432069865287,2.8259599332220366,4.0,0.1910922564533567,0.18037944827661995,64,,,0.31970157502072394,0.2523900790407936
latent_corruption_recovery__2df011944b__i02,latent_corruption_recovery,latent_corruption_recovery__2df011944b,2,1745996605,"{""corruption_fraction"": 0.0, ""corruption_mode"": ""none"", ""latent_homophily"": 0.2, ""n"": 600, ""target_avg_degree"": 12}","{""actual_changed_edge_fraction"": 0.0, ""clean_edge_homophily"": 0.18975069252077562, ""clean_edges"": 3610, ""clean_observed_edge_jaccard"": 1.0, ""controlled_property"": ""latent_graph_corruption_recovery"", ""corruption_fraction_requested"": 0.0, ""corruption_mode"": ""none"", ""degree_sequence_preserved"": true, ""generation_attempt"": 0, ""labels_generated_before_graph"": true, ""observed_edge_homophily"": 0.18975069252077562, ""observed_edges"": 3610, ""target_latent_homophily"": 0.2}",600,12,0.2,0.0,none,600,3610,0.020089037284362826,12.033333333333333,11.088888888888889,3.3299983316645805,0.27673116329622555,1,1.0,0,0.013522798574747018,0.013138077252821095,-0.027535217165947614,0.45159063995382204,3.247320546628815,0.22579531997691102,0.9503585007288797,2.8375939065108513,5.0,0.2060197372976453,0.1983013604146669,64,,,0.314491548905514,0.2548502160050951
latent_corruption_recovery__354c3b2d88__i00,latent_corruption_recovery,latent_corruption_recovery__354c3b2d88,0,117947067,"{""corruption_fraction"": 0.5, ""corruption_mode"": ""degree_preserving"", ""latent_homophily"": 0.2, ""n"": 240, ""target_avg_degree"": 6}","{""actual_changed_edge_fraction"": 0.6356164383561644, ""clean_edge_homophily"": 0.19726027397260273, ""clean_edges"": 730, ""clean_observed_edge_jaccard"": 0.22278056951423786, ""controlled_property"": ""latent_graph_corruption_recovery"", ""corruption_fraction_requested"": 0.5, ""corruption_mode"": ""degree_preserving"", ""degree_sequence_preserved"": true, ""generation_attempt"": 0, ""labels_generated_before_graph"": true, ""observed_edge_homophily"": 0.40273972602739727, ""observed_edges"": 730, ""target_latent_homophily"": 0.2}",240,6,0.2,0.5,degree_preserving,240,730,0.025453277545327755,6.083333333333333,5.709722222222222,2.389502505171782,0.3927949323570053,1,1.0,0,0.025422031672031654,0.02388535031847134,-0.03136491771367307,0.2898401751435444,0.7678769047655004,0.1449200875717722,0.7613674213460205,3.2441814853556483,6.0,0.46933495692662586,0.41751612806019905,64,1.0,0.0006849315068493151,0.2845303867403315,0.37926346406455247
latent_corruption_recovery__354c3b2d88__i01,latent_corruption_recovery,latent_corruption_recovery__354c3b2d88,1,1930160121,"{""corruption_fraction"": 0.5, ""corruption_mode"": ""degree_preserving"", ""latent_homophily"": 0.2, ""n"": 240, ""target_avg_degree"": 6}","{""actual_changed_edge_fraction"": 0.6229508196721312, ""clean_edge_homophily"": 0.21311475409836064, ""clean_edges"": 732, ""clean_observed_edge_jaccard"": 0.23232323232323232, ""controlled_property"": ""latent_graph_corruption_recovery"", ""corruption_fraction_requested"": 0.5, ""corruption_mode"": ""degree_preserving"", ""degree_sequence_preserved"": true, ""generation_attempt"": 0, ""labels_generated_before_graph"": true, ""observed_edge_homophily"": 0.366120218579235, ""observed_edges"": 732, ""target_latent_homophily"": 0.2}",240,6,0.2,0.5,degree_preserving,240,732,0.025523012552301255,6.1,5.823333333333334,2.413158373031769,0.3955997332838966,1,1.0,0,0.021890632515632495,0.023691335740072202,-0.02455480573763226,0.2636142249867107,0.5318397000552636,0.13180711249335536,0.7261049855037641,3.243004707112971,7.0,0.5159698459359572,0.49060489675734553,64,1.0,0.0006830601092896175,0.27548209366391185,0.36572923198662244
latent_corruption_recovery__354c3b2d88__i02,latent_corruption_recovery,latent_corruption_recovery__354c3b2d88,2,1759755294,"{""corruption_fraction"": 0.5, ""corruption_mode"": ""degree_preserving"", ""latent_homophily"": 0.2, ""n"": 240, ""target_avg_degree"": 6}","{""actual_changed_edge_fraction"": 0.61794500723589, ""clean_edge_homophily"": 0.20839363241678727, ""clean_edges"": 691, ""clean_observed_edge_jaccard"": 0.23613595706618962, ""controlled_property"": ""latent_graph_corruption_recovery"", ""corruption_fraction_requested"": 0.5, ""corruption_mode"": ""degree_preserving"", ""degree_sequence_preserved"": true, ""generation_attempt"": 0, ""labels_generated_before_graph"": true, ""observed_edge_homophily"": 0.39652677279305354, ""observed_edges"": 691, ""target_latent_homophily"": 0.2}",240,6,0.2,0.5,degree_preserving,240,691,0.02409344490934449,5.758333333333334,5.024930555555556,2.241635687518281,0.38928550289753067,3,0.9916666666666667,2,0.01685305435305435,0.02081727062451812,-0.009403462307125268,0.2698050016329212,0.6441550501163226,0.1349025008164606,0.7345815157392965,3.287018723628692,6.0,0.536870383373181,0.45284694165281664,64,1.0,0.000723589001447178,0.27510917030567683,0.3851692528079651
latent_corruption_recovery__49593b9fe7__i00,latent_corruption_recovery,latent_corruption_recovery__49593b9fe7,0,540839754,"{""corruption_fraction"": 0.5, ""corruption_mode"": ""degree_preserving"", ""latent_homophily"": 0.5, ""n"": 600, ""target_avg_degree"": 12}","{""actual_changed_edge_fraction"": 0.6373929853631594, ""clean_edge_homophily"": 0.49930958298812483, ""clean_edges"": 3621, ""clean_observed_edge_jaccard"": 0.22145387080452014, ""controlled_property"": ""latent_graph_corruption_recovery"", ""corruption_fraction_requested"": 0.5, ""corruption_mode"": ""degree_preserving"", ""degree_sequence_preserved"": true, ""generation_attempt"": 0, ""labels_generated_before_graph"": true, ""observed_edge_homophily"": 0.49378624689312345, ""observed_edges"": 3621, ""target_latent_homophily"": 0.5}",600,12,0.5,0.5,degree_preserving,600,3621,0.02015025041736227,12.07,12.331766666666667,3.5116615250713825,0.29094130282281544,1,1.0,0,0.020959897708618964,0.021103599488397587,0.02219157988776387,0.45229249129775273,2.590551232262039,0.22614624564887637,0.9510967262037576,2.812630425709516,4.0,0.2090966467248854,0.19424140060253736,64,,,0.3316735822959889,0.2534112625566853
latent_corruption_recovery__49593b9fe7__i01,latent_corruption_recovery,latent_corruption_recovery__49593b9fe7,1,619089355,"{""corruption_fraction"": 0.5, ""corruption_mode"": ""degree_preserving"", ""latent_homophily"": 0.5, ""n"": 600, ""target_avg_degree"": 12}","{""actual_changed_edge_fraction"": 0.6288631346578366, ""clean_edge_homophily"": 0.494757174392936, ""clean_edges"": 3624, ""clean_observed_edge_jaccard"": 0.22785024563781128, ""controlled_property"": ""latent_graph_corruption_recovery"", ""corruption_fraction_requested"": 0.5, ""corruption_mode"": ""degree_preserving"", ""degree_sequence_preserved"": true, ""generation_attempt"": 0, ""labels_generated_before_graph"": true, ""observed_edge_homophily"": 0.4936534216335541, ""observed_edges"": 3624, ""target_latent_homophily"": 0.5}",600,12,0.5,0.5,degree_preserving,600,3624,0.0201669449081803,12.08,12.020266666666666,3.4670256224416147,0.2870054323213257,1,1.0,0,0.020743169410668415,0.02070383912248629,-0.035862180546120774,0.4572531656868874,1.7809821945043705,0.2286265828434437,0.9562982439457759,2.828281510851419,4.0,0.19649627903447586,0.18861989445216065,64,,,0.3213594915722575,0.2543778537978354
latent_corruption_recovery__49593b9fe7__i02,latent_corruption_recovery,latent_corruption_recovery__49593b9fe7,2,1168975060,"{""corruption_fraction"": 0.5, ""corruption_mode"": ""degree_preserving"", ""latent_homophily"": 0.5, ""n"": 600, ""target_avg_degree"": 12}","{""actual_changed_edge_fraction"": 0.615699100572363, ""clean_edge_homophily"": 0.49005178522758247, ""clean_edges"": 3669, ""clean_observed_edge_jaccard"": 0.23785425101214575, ""controlled_property"": ""latent_graph_corruption_recovery"", ""corruption_fraction_requested"": 0.5, ""corruption_mode"": ""degree_preserving"", ""degree_sequence_preserved"": true, ""generation_attempt"": 0, ""labels_generated_before_graph"": true, ""observed_edge_homophily"": 0.5047696920141728, ""observed_edges"": 3669, ""target_latent_homophily"": 0.5}",600,12,0.5,0.5,degree_preserving,600,3669,0.02041736227045075,12.23,11.633766666666666,3.410830788336863,0.278890497819858,1,1.0,0,0.01957319306890247,0.019533260242096076,-0.027183864458676942,0.4685021019450739,3.5339890281247675,0.23425105097253696,0.9679897746826398,2.8068525667779634,4.0,0.19760429863939283,0.18870103980872846,64,,,0.32950191570881227,0.24986883021961573
latent_corruption_recovery__4abebbb8a2__i00,latent_corruption_recovery,latent_corruption_recovery__4abebbb8a2,0,404748542,"{""corruption_fraction"": 0.25, ""corruption_mode"": ""homophily_attack"", ""latent_homophily"": 0.5, ""n"": 600, ""target_avg_degree"": 6}","{""actual_changed_edge_fraction"": 0.24985899605188946, ""clean_edge_homophily"": 0.4890016920473773, ""clean_edges"": 1773, ""clean_observed_edge_jaccard"": 0.6001805054151624, ""controlled_property"": ""latent_graph_corruption_recovery"", ""corruption_fraction_requested"": 0.25, ""corruption_mode"": ""homophily_attack"", ""degree_sequence_preserved"": false, ""generation_attempt"": 0, ""labels_generated_before_graph"": true, ""observed_edge_homophily"": 0.23914269599548788, ""observed_edges"": 1773, ""target_latent_homophily"": 0.5}",600,6,0.5,0.25,homophily_attack,600,1773,0.009866444073455759,5.91,5.715233333333333,2.3906554191964458,0.4045102232142886,1,1.0,0,0.007201335701335697,0.009213051823416507,-0.013320607007991755,0.254109085840449,0.6642407195485204,0.1270545429202245,0.7128942219438295,3.7982183848080133,7.0,0.4900647825322499,0.4637717476173877,64,,,0.23771880293619424,0.4014702902375005
latent_corruption_recovery__4abebbb8a2__i01,latent_corruption_recovery,latent_corruption_recovery__4abebbb8a2,1,2096353198,"{""corruption_fraction"": 0.25, ""corruption_mode"": ""homophily_attack"", ""latent_homophily"": 0.5, ""n"": 600, ""target_avg_degree"": 6}","{""actual_changed_edge_fraction"": 0.24986361156573922, ""clean_edge_homophily"": 0.5122749590834698, ""clean_edges"": 1833, ""clean_observed_edge_jaccard"": 0.6001745962461807, ""controlled_property"": ""latent_graph_corruption_recovery"", ""corruption_fraction_requested"": 0.25, ""corruption_mode"": ""homophily_attack"", ""degree_sequence_preserved"": false, ""generation_attempt"": 0, ""labels_generated_before_graph"": true, ""observed_edge_homophily"": 0.2624113475177305, ""observed_edges"": 1833, ""target_latent_homophily"": 0.5}",600,6,0.5,0.25,homophily_attack,600,1833,0.01020033388981636,6.11,5.864566666666667,2.421686739994805,0.3963480752855655,2,0.9983333333333333,1,0.008359520109520105,0.007010605788243754,0.04358715990932865,0.26292161756222443,0.5260744480226783,0.13146080878111222,0.7251504913633092,3.7425402382943145,7.0,0.479563476879717,0.4589216202391986,64,,,0.26952695269526955,0.3747245816751685
latent_corruption_recovery__4abebbb8a2__i02,latent_corruption_recovery,latent_corruption_recovery__4abebbb8a2,2,301805739,"{""corruption_fraction"": 0.25, ""corruption_mode"": ""homophily_attack"", ""latent_homophily"": 0.5, ""n"": 600, ""target_avg_degree"": 6}","{""actual_changed_edge_fraction"": 0.2501380452788515, ""clean_edge_homophily"": 0.4947542794036444, ""clean_edges"": 1811, ""clean_observed_edge_jaccard"": 0.5998233215547704, ""controlled_property"": ""latent_graph_corruption_recovery"", ""corruption_fraction_requested"": 0.25, ""corruption_mode"": ""homophily_attack"", ""degree_sequence_preserved"": false, ""generation_attempt"": 0, ""labels_generated_before_graph"": true, ""observed_edge_homophily"": 0.24461623412479294, ""observed_edges"": 1811, ""target_latent_homophily"": 0.5}",600,6,0.5,0.25,homophily_attack,600,1811,0.010077907623817474,6.036666666666667,5.488655555555555,2.3427879877521045,0.38809298527091735,2,0.9983333333333333,1,0.009912758537758531,0.009193907875185736,-0.04656231873096457,0.2647263682292968,0.6264927452394297,0.1323631841146484,0.7276350297082965,3.7751619983277593,7.0,0.4678214929620508,0.4627788127532513,64,,,0.24237382140876318,0.3831418892033804
latent_corruption_recovery__4c2b984808__i00,latent_corruption_recovery,latent_corruption_recovery__4c2b984808,0,932498550,"{""corruption_fraction"": 0.5, ""corruption_mode"": ""degree_preserving"", ""latent_homophily"": 0.8, ""n"": 240, ""target_avg_degree"": 12}","{""actual_changed_edge_fraction"": 0.6133682830930537, ""clean_edge_homophily"": 0.7876802096985583, ""clean_edges"": 1526, ""clean_observed_edge_jaccard"": 0.239642567018684, ""controlled_property"": ""latent_graph_corruption_recovery"", ""corruption_fraction_requested"": 0.5, ""corruption_mode"": ""degree_preserving"", ""degree_sequence_preserved"": true, ""generation_attempt"": 0, ""labels_generated_before_graph"": true, ""observed_edge_homophily"": 0.6120576671035387, ""observed_edges"": 1526, ""target_latent_homophily"": 0.8}",240,12,0.8,0.5,degree_preserving,240,1526,0.053207810320781035,12.716666666666667,10.23638888888889,3.199435714135993,0.2515938962623323,1,1.0,0,0.05400942735598304,0.05275277370734771,0.011895034874970763,0.48152751570227387,4.070699063071146,0.24076375785113693,0.981353672945971,2.4280857740585775,4.0,0.1827875309524698,0.17779659125605182,64,5.0,0.00163826998689384,0.33377049180327867,0.23242928599770854
latent_corruption_recovery__4c2b984808__i01,latent_corruption_recovery,latent_corruption_recovery__4c2b984808,1,1008883397,"{""corruption_fraction"": 0.5, ""corruption_mode"": ""degree_preserving"", ""latent_homophily"": 0.8, ""n"": 240, ""target_avg_degree"": 12}","{""actual_changed_edge_fraction"": 0.607681755829904, ""clean_edge_homophily"": 0.8093278463648834, ""clean_edges"": 1458, ""clean_observed_edge_jaccard"": 0.2440273037542662, ""controlled_property"": ""latent_graph_corruption_recovery"", ""corruption_fraction_requested"": 0.5, ""corruption_mode"": ""degree_preserving"", ""degree_sequence_preserved"": true, ""generation_attempt"": 0, ""labels_generated_before_graph"": true, ""observed_edge_homophily"": 0.5953360768175583, ""observed_edges"": 1458, ""target_latent_homophily"": 0.8}",240,12,0.8,0.5,degree_preserving,240,1458,0.05083682008368201,12.15,11.044166666666664,3.3232764956690954,0.2735206992320243,1,1.0,0,0.0553876243940098,0.05408940962347856,-0.019057601690659978,0.45838519626580815,4.202281855623033,0.22919259813290407,0.9574812752903402,2.465742677824268,4.0,0.20609973005221738,0.19808596628829414,64,5.0,0.0017146776406035665,0.3278236914600551,0.24494652275605378
latent_corruption_recovery__4c2b984808__i02,latent_corruption_recovery,latent_corruption_recovery__4c2b984808,2,560013234,"{""corruption_fraction"": 0.5, ""corruption_mode"": ""degree_preserving"", ""latent_homophily"": 0.8, ""n"": 240, ""target_avg_degree"": 12}","{""actual_changed_edge_fraction"": 0.6036834924965894, ""clean_edge_homophily"": 0.781718963165075, ""clean_edges"": 1466, ""clean_observed_edge_jaccard"": 0.24712888132709485, ""controlled_property"": ""latent_graph_corruption_recovery"", ""corruption_fraction_requested"": 0.5, ""corruption_mode"": ""degree_preserving"", ""degree_sequence_preserved"": true, ""generation_attempt"": 0, ""labels_generated_before_graph"": true, ""observed_edge_homophily"": 0.592087312414734, ""observed_edges"": 1466, ""target_latent_homophily"": 0.8}",240,12,0.8,0.5,degree_preserving,240,1466,0.05111576011157601,12.216666666666667,12.578055555555554,3.5465554493840292,0.2903046752565372,1,1.0,0,0.048652727315484715,0.04896117640505765,-0.0406922055387532,0.4778713115523475,3.4893115679541977,0.23893565577617376,0.9776208994823582,2.458649320083682,4.0,0.19303137638956003,0.19351916965511062,64,4.0,0.001364256480218281,0.3237113402061856,0.24260058367098525
latent_corruption_recovery__4c6c6843cb__i00,latent_corruption_recovery,latent_corruption_recovery__4c6c6843cb,0,388397063,"{""corruption_fraction"": 0.0, ""corruption_mode"": ""none"", ""latent_homophily"": 0.8, ""n"": 600, ""target_avg_degree"": 6}","{""actual_changed_edge_fraction"": 0.0, ""clean_edge_homophily"": 0.8055555555555556, ""clean_edges"": 1800, ""clean_observed_edge_jaccard"": 1.0, ""controlled_property"": ""latent_graph_corruption_recovery"", ""corruption_fraction_requested"": 0.0, ""corruption_mode"": ""none"", ""degree_sequence_preserved"": true, ""generation_attempt"": 0, ""labels_generated_before_graph"": true, ""observed_edge_homophily"": 0.8055555555555556, ""observed_edges"": 1800, ""target_latent_homophily"": 0.8}",600,6,0.8,0.0,none,600,1800,0.01001669449081803,6.0,6.07,2.463736998950984,0.41062283315849735,3,0.9966666666666667,2,0.009502099752099744,0.011921264208483504,0.04400686788444943,0.22583904124108567,0.6152943587688617,0.11291952062054283,0.6720699982012077,3.7989426298157456,7.0,0.4592112706885827,0.42308024438716096,64,,,0.1935483870967742,0.39457067901234566
latent_corruption_recovery__4c6c6843cb__i01,latent_corruption_recovery,latent_corruption_recovery__4c6c6843cb,1,1036748340,"{""corruption_fraction"": 0.0, ""corruption_mode"": ""none"", ""latent_homophily"": 0.8, ""n"": 600, ""target_avg_degree"": 6}","{""actual_changed_edge_fraction"": 0.0, ""clean_edge_homophily"": 0.7830241708825183, ""clean_edges"": 1779, ""clean_observed_edge_jaccard"": 1.0, ""controlled_property"": ""latent_graph_corruption_recovery"", ""corruption_fraction_requested"": 0.0, ""corruption_mode"": ""none"", ""degree_sequence_preserved"": true, ""generation_attempt"": 0, ""labels_generated_before_graph"": true, ""observed_edge_homophily"": 0.7830241708825183, ""observed_edges"": 1779, ""target_latent_homophily"": 0.8}",600,6,0.8,0.0,none,600,1779,0.00989983305509182,5.93,6.4651,2.5426560915703877,0.4287784302816843,3,0.9966666666666667,2,0.016031218781218774,0.015966386554621848,-0.0381941185845092,0.2422485502336931,0.6957244132911753,0.12112427511684655,0.6960582593916879,3.773332809882747,6.0,0.5364013532998853,0.46666027237078483,64,,,0.2144063027574564,0.3937041386913276
latent_corruption_recovery__4c6c6843cb__i02,latent_corruption_recovery,latent_corruption_recovery__4c6c6843cb,2,2063577684,"{""corruption_fraction"": 0.0, ""corruption_mode"": ""none"", ""latent_homophily"": 0.8, ""n"": 600, ""target_avg_degree"": 6}","{""actual_changed_edge_fraction"": 0.0, ""clean_edge_homophily"": 0.802624073017684, ""clean_edges"": 1753, ""clean_observed_edge_jaccard"": 1.0, ""controlled_property"": ""latent_graph_corruption_recovery"", ""corruption_fraction_requested"": 0.0, ""corruption_mode"": ""none"", ""degree_sequence_preserved"": true, ""generation_attempt"": 0, ""labels_generated_before_graph"": true, ""observed_edge_homophily"": 0.802624073017684, ""observed_edges"": 1753, ""target_latent_homophily"": 0.8}",600,6,0.8,0.0,none,600,1753,0.009755147468002226,5.843333333333334,5.498788888888889,2.344949655939097,0.40130342086807136,1,1.0,0,0.009525710400710397,0.007692307692307693,0.045765488742403417,0.22753873926025758,0.6156701207558496,0.11376936963012879,0.6745943066173292,3.813008660267112,7.0,0.5874871672072551,0.4960341851155692,64,,,0.19794637763833428,0.40111971686382963
latent_corruption_recovery__53ea971c90__i00,latent_corruption_recovery,latent_corruption_recovery__53ea971c90,0,1635047210,"{""corruption_fraction"": 0.0, ""corruption_mode"": ""none"", ""latent_homophily"": 0.2, ""n"": 600, ""target_avg_degree"": 6}","{""actual_changed_edge_fraction"": 0.0, ""clean_edge_homophily"": 0.19730941704035873, ""clean_edges"": 1784, ""clean_observed_edge_jaccard"": 1.0, ""controlled_property"": ""latent_graph_corruption_recovery"", ""corruption_fraction_requested"": 0.0, ""corruption_mode"": ""none"", ""degree_sequence_preserved"": true, ""generation_attempt"": 0, ""labels_generated_before_graph"": true, ""observed_edge_homophily"": 0.19730941704035873, ""observed_edges"": 1784, ""target_latent_homophily"": 0.2}",600,6,0.2,0.0,none,600,1784,0.009927657206455203,5.946666666666666,5.977155555555555,2.4448221930348137,0.41112480824576464,2,0.9983333333333333,1,0.005296379546379545,0.004520625353173856,-0.03434562416629353,0.2495147263300931,0.5672967324656573,0.12475736316504656,0.7064201672235768,3.7969795150501673,7.0,0.5063916605136772,0.4630067916743206,64,,,0.24845765563656758,0.3848312541474793
latent_corruption_recovery__53ea971c90__i01,latent_corruption_recovery,latent_corruption_recovery__53ea971c90,1,200107458,"{""corruption_fraction"": 0.0, ""corruption_mode"": ""none"", ""latent_homophily"": 0.2, ""n"": 600, ""target_avg_degree"": 6}","{""actual_changed_edge_fraction"": 0.0, ""clean_edge_homophily"": 0.19956966110812266, ""clean_edges"": 1859, ""clean_observed_edge_jaccard"": 1.0, ""controlled_property"": ""latent_graph_corruption_recovery"", ""corruption_fraction_requested"": 0.0, ""corruption_mode"": ""none"", ""degree_sequence_preserved"": true, ""generation_attempt"": 0, ""labels_generated_before_graph"": true, ""observed_edge_homophily"": 0.19956966110812266, ""observed_edges"": 1859, ""target_latent_homophily"": 0.2}",600,6,0.2,0.0,none,600,1859,0.010345019476905954,6.196666666666666,5.694655555555555,2.3863477440548255,0.385101841428966,4,0.995,3,0.0071884319384319315,0.008444014425191309,-0.052638713167949845,0.27266412138355645,0.7516320463422813,0.13633206069177822,0.7384634336019035,3.724583158557047,7.0,0.5010452009824813,0.44380007329842047,64,,,0.2571428571428571,0.3821532049280632
latent_corruption_recovery__53ea971c90__i02,latent_corruption_recovery,latent_corruption_recovery__53ea971c90,2,1193786014,"{""corruption_fraction"": 0.0, ""corruption_mode"": ""none"", ""latent_homophily"": 0.2, ""n"": 600, ""target_avg_degree"": 6}","{""actual_changed_edge_fraction"": 0.0, ""clean_edge_homophily"": 0.20987654320987653, ""clean_edges"": 1782, ""clean_observed_edge_jaccard"": 1.0, ""controlled_property"": ""latent_graph_corruption_recovery"", ""corruption_fraction_requested"": 0.0, ""corruption_mode"": ""none"", ""degree_sequence_preserved"": true, ""generation_attempt"": 0, ""labels_generated_before_graph"": true, ""observed_edge_homophily"": 0.20987654320987653, ""observed_edges"": 1782, ""target_latent_homophily"": 0.2}",600,6,0.2,0.0,none,600,1782,0.00991652754590985,5.94,5.883066666666667,2.4255033841795948,0.4083339030605378,2,0.9983333333333333,1,0.011739454989454983,0.010787282361847086,-0.003111338957757229,0.25247225181852206,0.5200219971695341,0.12623612590926103,0.7105944720000601,3.768708193979933,7.0,0.530585695556373,0.4619425252379481,64,,,0.2549246813441483,0.3982282924015061
latent_corruption_recovery__5889e400de__i00,latent_corruption_recovery,latent_corruption_recovery__5889e400de,0,129342620,"{""corruption_fraction"": 0.25, ""corruption_mode"": ""degree_preserving"", ""latent_homophily"": 0.2, ""n"": 600, ""target_avg_degree"": 6}","{""actual_changed_edge_fraction"": 0.39020363236103467, ""clean_edge_homophily"": 0.189873417721519, ""clean_edges"": 1817, ""clean_observed_edge_jaccard"": 0.4386381631037213, ""controlled_property"": ""latent_graph_corruption_recovery"", ""corruption_fraction_requested"": 0.25, ""corruption_mode"": ""degree_preserving"", ""degree_sequence_preserved"": true, ""generation_attempt"": 0, ""labels_generated_before_graph"": true, ""observed_edge_homophily"": 0.33736929003852506, ""observed_edges"": 1817, ""target_latent_homophily"": 0.2}",600,6,0.2,0.25,degree_preserving,600,1817,0.010111296605453533,6.056666666666667,5.826788888888889,2.413874248772891,0.3985483074473678,4,0.995,3,0.008256502756502753,0.01014996342355523,-0.009754963134997473,0.260655171552402,0.5379601097058903,0.130327585776201,0.7220182429168974,3.7345978397651005,7.0,0.4751531762460026,0.4467548326445954,64,,,0.263215859030837,0.38723300304801866
latent_corruption_recovery__5889e400de__i01,latent_corruption_recovery,latent_corruption_recovery__5889e400de,1,935141076,"{""corruption_fraction"": 0.25, ""corruption_mode"": ""degree_preserving"", ""latent_homophily"": 0.2, ""n"": 600, ""target_avg_degree"": 6}","{""actual_changed_edge_fraction"": 0.389351081530782, ""clean_edge_homophily"": 0.20909595119245702, ""clean_edges"": 1803, ""clean_observed_edge_jaccard"": 0.43952095808383235, ""controlled_property"": ""latent_graph_corruption_recovery"", ""corruption_fraction_requested"": 0.25, ""corruption_mode"": ""degree_preserving"", ""degree_sequence_preserved"": true, ""generation_attempt"": 0, ""labels_generated_before_graph"": true, ""observed_edge_homophily"": 0.324459234608985, ""observed_edges"": 1803, ""target_latent_homophily"": 0.2}",600,6,0.2,0.25,degree_preserving,600,1803,0.01003338898163606,6.01,5.406566666666667,2.3252025001420127,0.38688893513178246,1,1.0,0,0.010703342953342946,0.009291412482402627,-0.003973493406497378,0.2580906363731236,0.5169399230941483,0.1290453181865618,0.7184575650281979,3.792179674457429,7.0,0.47554694349069204,0.46245726743700083,64,,,0.2447163515016685,0.3986962937533396
latent_corruption_recovery__5889e400de__i02,latent_corruption_recovery,latent_corruption_recovery__5889e400de,2,743273307,"{""corruption_fraction"": 0.25, ""corruption_mode"": ""degree_preserving"", ""latent_homophily"": 0.2, ""n"": 600, ""target_avg_degree"": 6}","{""actual_changed_edge_fraction"": 0.3939051918735892, ""clean_edge_homophily"": 0.2025959367945824, ""clean_edges"": 1772, ""clean_observed_edge_jaccard"": 0.4348178137651822, ""controlled_property"": ""latent_graph_corruption_recovery"", ""corruption_fraction_requested"": 0.25, ""corruption_mode"": ""degree_preserving"", ""degree_sequence_preserved"": true, ""generation_attempt"": 0, ""labels_generated_before_graph"": true, ""observed_edge_homophily"": 0.32336343115124155, ""observed_edges"": 1772, ""target_latent_homophily"": 0.2}",600,6,0.2,0.25,degree_preserving,600,1772,0.009860879243183083,5.906666666666666,5.78128888888889,2.4044310946435727,0.40707072708412634,4,0.995,3,0.006792563917563917,0.008054463515198005,0.03938878728201107,0.25119231754362903,0.6325731382573235,0.12559615877181451,0.7087909671315359,3.8237206375838926,8.0,0.5835019530156738,0.5102025692595566,64,,,0.24449463579898362,0.39166027597592856
latent_corruption_recovery__6b67dc3c0a__i00,latent_corruption_recovery,latent_corruption_recovery__6b67dc3c0a,0,294743629,"{""corruption_fraction"": 0.25, ""corruption_mode"": ""homophily_attack"", ""latent_homophily"": 0.8, ""n"": 600, ""target_avg_degree"": 6}","{""actual_changed_edge_fraction"": 0.24972375690607734, ""clean_edge_homophily"": 0.7950276243093922, ""clean_edges"": 1810, ""clean_observed_edge_jaccard"": 0.6003536693191865, ""controlled_property"": ""latent_graph_corruption_recovery"", ""corruption_fraction_requested"": 0.25, ""corruption_mode"": ""homophily_attack"", ""degree_sequence_preserved"": false, ""generation_attempt"": 0, ""labels_generated_before_graph"": true, ""observed_edge_homophily"": 0.5453038674033149, ""observed_edges"": 1810, ""target_latent_homophily"": 0.8}",600,6,0.8,0.25,homophily_attack,600,1810,0.010072342793544797,6.033333333333333,6.002222222222222,2.4499433100017276,0.40606795193398804,4,0.995,3,0.008921356421356413,0.009898267803134452,0.019044026133353643,0.2687569931737765,0.7478563424352435,0.13437849658688825,0.7331534534785695,3.68776216442953,7.0,0.581843568740682,0.4685009999738601,64,,,0.2520775623268698,0.3822865602393089
latent_corruption_recovery__6b67dc3c0a__i01,latent_corruption_recovery,latent_corruption_recovery__6b67dc3c0a,1,1454968455,"{""corruption_fraction"": 0.25, ""corruption_mode"": ""homophily_attack"", ""latent_homophily"": 0.8, ""n"": 600, ""target_avg_degree"": 6}","{""actual_changed_edge_fraction"": 0.24986508364813814, ""clean_edge_homophily"": 0.7906098219104155, ""clean_edges"": 1853, ""clean_observed_edge_jaccard"": 0.6001727115716753, ""controlled_property"": ""latent_graph_corruption_recovery"", ""corruption_fraction_requested"": 0.25, ""corruption_mode"": ""homophily_attack"", ""degree_sequence_preserved"": false, ""generation_attempt"": 0, ""labels_generated_before_graph"": true, ""observed_edge_homophily"": 0.5407447382622774, ""observed_edges"": 1853, ""target_latent_homophily"": 0.8}",600,6,0.8,0.25,homophily_attack,600,1853,0.010311630495269895,6.176666666666667,5.702122222222223,2.3879116864369636,0.38660199996281114,3,0.9966666666666667,2,0.010964849964849957,0.011678315491462444,0.02067867598975266,0.2733027364191369,0.6447386650401329,0.13665136820956844,0.7393277168064739,3.755967336683417,7.0,0.5062864360051195,0.4355491218847082,64,,,0.2548596112311015,0.37724985576400805
latent_corruption_recovery__6b67dc3c0a__i02,latent_corruption_recovery,latent_corruption_recovery__6b67dc3c0a,2,1074951977,"{""corruption_fraction"": 0.25, ""corruption_mode"": ""homophily_attack"", ""latent_homophily"": 0.8, ""n"": 600, ""target_avg_degree"": 6}","{""actual_changed_edge_fraction"": 0.2501395868230039, ""clean_edge_homophily"": 0.7906197654941374, ""clean_edges"": 1791, ""clean_observed_edge_jaccard"": 0.5998213488164359, ""controlled_property"": ""latent_graph_corruption_recovery"", ""corruption_fraction_requested"": 0.25, ""corruption_mode"": ""homophily_attack"", ""degree_sequence_preserved"": false, ""generation_attempt"": 0, ""labels_generated_before_graph"": true, ""observed_edge_homophily"": 0.5404801786711334, ""observed_edges"": 1791, ""target_latent_homophily"": 0.8}",600,6,0.8,0.25,homophily_attack,600,1791,0.009966611018363939,5.97,5.9591,2.441126789005438,0.4088989596324017,4,0.995,3,0.00805505605505605,0.009542520348021331,-0.02248075294762504,0.2621648302149947,0.5284997894305611,0.13108241510749735,0.7241061113055112,3.785929635067114,7.0,0.49301635569128377,0.4574118011748871,64,,,0.2554499720514254,0.3865428014818182
latent_corruption_recovery__719a7d188c__i00,latent_corruption_recovery,latent_corruption_recovery__719a7d188c,0,1814261617,"{""corruption_fraction"": 0.5, ""corruption_mode"": ""homophily_attack"", ""latent_homophily"": 0.8, ""n"": 600, ""target_avg_degree"": 12}","{""actual_changed_edge_fraction"": 0.5001374003847211, ""clean_edge_homophily"": 0.7966474306128057, ""clean_edges"": 3639, ""clean_observed_edge_jaccard"": 0.333211210844477, ""controlled_property"": ""latent_graph_corruption_recovery"", ""corruption_fraction_requested"": 0.5, ""corruption_mode"": ""homophily_attack"", ""degree_sequence_preserved"": false, ""generation_attempt"": 0, ""labels_generated_before_graph"": true, ""observed_edge_homophily"": 0.29651003022808464, ""observed_edges"": 3639, ""target_latent_homophily"": 0.8}",600,12,0.8,0.5,homophily_attack,600,3639,0.02025041736227045,12.13,11.4931,3.3901474894169428,0.2794845415842492,1,1.0,0,0.018610706831917623,0.018839590443686008,-0.010443815267968566,0.46386966947029323,2.647028305024799,0.23193483473514662,0.963192264784444,2.8074655676126876,4.0,0.19355657589083677,0.19099283757560243,64,,,0.32691249312052834,0.24524503672732292
latent_corruption_recovery__719a7d188c__i01,latent_corruption_recovery,latent_corruption_recovery__719a7d188c,1,67454078,"{""corruption_fraction"": 0.5, ""corruption_mode"": ""homophily_attack"", ""latent_homophily"": 0.8, ""n"": 600, ""target_avg_degree"": 12}","{""actual_changed_edge_fraction"": 0.5, ""clean_edge_homophily"": 0.8077136514983352, ""clean_edges"": 3604, ""clean_observed_edge_jaccard"": 0.3333333333333333, ""controlled_property"": ""latent_graph_corruption_recovery"", ""corruption_fraction_requested"": 0.5, ""corruption_mode"": ""homophily_attack"", ""degree_sequence_preserved"": false, ""generation_attempt"": 0, ""labels_generated_before_graph"": true, ""observed_edge_homophily"": 0.3077136514983352, ""observed_edges"": 3604, ""target_latent_homophily"": 0.8}",600,12,0.8,0.5,homophily_attack,600,3604,0.020055648302726766,12.013333333333334,11.923155555555555,3.452992261149097,0.28742998844193374,1,1.0,0,0.021860328669152215,0.0215627816681689,-0.033555534303983406,0.45477762702166685,2.742277647257627,0.22738881351083343,0.9537060627066044,2.8379982262103507,5.0,0.20090522811796827,0.18942461976780361,64,,,0.3186874304783092,0.25944108377545727
latent_corruption_recovery__719a7d188c__i02,latent_corruption_recovery,latent_corruption_recovery__719a7d188c,2,1222859755,"{""corruption_fraction"": 0.5, ""corruption_mode"": ""homophily_attack"", ""latent_homophily"": 0.8, ""n"": 600, ""target_avg_degree"": 12}","{""actual_changed_edge_fraction"": 0.5, ""clean_edge_homophily"": 0.7848, ""clean_edges"": 3750, ""clean_observed_edge_jaccard"": 0.3333333333333333, ""controlled_property"": ""latent_graph_corruption_recovery"", ""corruption_fraction_requested"": 0.5, ""corruption_mode"": ""homophily_attack"", ""degree_sequence_preserved"": false, ""generation_attempt"": 0, ""labels_generated_before_graph"": true, ""observed_edge_homophily"": 0.2848, ""observed_edges"": 3750, ""target_latent_homophily"": 0.8}",600,12,0.8,0.5,homophily_attack,600,3750,0.020868113522537562,12.5,12.646666666666667,3.556215216584433,0.28449721732675465,1,1.0,0,0.01663619170871158,0.017391675014386494,0.002839974493556208,0.464516950298955,2.527409042206799,0.2322584751494775,0.9638640467399487,2.7907580342237064,5.0,0.19523349048835453,0.1842131886778804,64,,,0.3255069370330843,0.24438524444444443
latent_corruption_recovery__7658ee3b8e__i00,latent_corruption_recovery,latent_corruption_recovery__7658ee3b8e,0,1828266526,"{""corruption_fraction"": 0.0, ""corruption_mode"": ""none"", ""latent_homophily"": 0.8, ""n"": 240, ""target_avg_degree"": 12}","{""actual_changed_edge_fraction"": 0.0, ""clean_edge_homophily"": 0.8001448225923244, ""clean_edges"": 1381, ""clean_observed_edge_jaccard"": 1.0, ""controlled_property"": ""latent_graph_corruption_recovery"", ""corruption_fraction_requested"": 0.0, ""corruption_mode"": ""none"", ""degree_sequence_preserved"": true, ""generation_attempt"": 0, ""labels_generated_before_graph"": true, ""observed_edge_homophily"": 0.8001448225923244, ""observed_edges"": 1381, ""target_latent_homophily"": 0.8}",240,12,0.8,0.0,none,240,1381,0.04815202231520223,11.508333333333333,10.83326388888889,3.2913923936366034,0.2860007872819641,1,1.0,0,0.05924058490815453,0.058436630407285604,-0.05210315860697005,0.3080165336631131,3.2647661421397607,0.15400826683155655,0.784877740368668,2.5425601464435146,4.0,0.2084986604284269,0.19546751697165549,64,4.0,0.001448225923244026,0.20203488372093023,0.2953631077816713
latent_corruption_recovery__7658ee3b8e__i01,latent_corruption_recovery,latent_corruption_recovery__7658ee3b8e,1,102209124,"{""corruption_fraction"": 0.0, ""corruption_mode"": ""none"", ""latent_homophily"": 0.8, ""n"": 240, ""target_avg_degree"": 12}","{""actual_changed_edge_fraction"": 0.0, ""clean_edge_homophily"": 0.797486033519553, ""clean_edges"": 1432, ""clean_observed_edge_jaccard"": 1.0, ""controlled_property"": ""latent_graph_corruption_recovery"", ""corruption_fraction_requested"": 0.0, ""corruption_mode"": ""none"", ""degree_sequence_preserved"": true, ""generation_attempt"": 0, ""labels_generated_before_graph"": true, ""observed_edge_homophily"": 0.797486033519553, ""observed_edges"": 1432, ""target_latent_homophily"": 0.8}",240,12,0.8,0.0,none,240,1432,0.049930264993026496,11.933333333333334,9.445555555555556,3.0733622558292013,0.25754432311417885,1,1.0,0,0.06046301945102251,0.06039309112567004,-0.0306067405322348,0.3131548025947959,3.495948112382344,0.15657740129739794,0.7913972486618789,2.5055896966527196,4.0,0.1994172112331227,0.1916027477365697,64,5.0,0.0017458100558659217,0.20391061452513967,0.29547908343996754
latent_corruption_recovery__7658ee3b8e__i02,latent_corruption_recovery,latent_corruption_recovery__7658ee3b8e,2,1563659454,"{""corruption_fraction"": 0.0, ""corruption_mode"": ""none"", ""latent_homophily"": 0.8, ""n"": 240, ""target_avg_degree"": 12}","{""actual_changed_edge_fraction"": 0.0, ""clean_edge_homophily"": 0.8274398868458275, ""clean_edges"": 1414, ""clean_observed_edge_jaccard"": 1.0, ""controlled_property"": ""latent_graph_corruption_recovery"", ""corruption_fraction_requested"": 0.0, ""corruption_mode"": ""none"", ""degree_sequence_preserved"": true, ""generation_attempt"": 0, ""labels_generated_before_graph"": true, ""observed_edge_homophily"": 0.8274398868458275, ""observed_edges"": 1414, ""target_latent_homophily"": 0.8}",240,12,0.8,0.0,none,240,1414,0.049302649930264994,11.783333333333333,10.928055555555554,3.3057609646729684,0.2805454849793184,1,1.0,0,0.06511439497894597,0.06558367051150432,-0.003388387234117714,0.2835072474668031,2.6264893500696878,0.14175362373340156,0.7530036486854538,2.528340742677824,4.0,0.20786793008890703,0.18816425601373796,64,3.0,0.0010608203677510608,0.18035190615835778,0.319467479178712
latent_corruption_recovery__785fbb2db8__i00,latent_corruption_recovery,latent_corruption_recovery__785fbb2db8,0,1021516259,"{""corruption_fraction"": 0.5, ""corruption_mode"": ""homophily_attack"", ""latent_homophily"": 0.8, ""n"": 600, ""target_avg_degree"": 6}","{""actual_changed_edge_fraction"": 0.49971799210377893, ""clean_edge_homophily"": 0.7868020304568528, ""clean_edges"": 1773, ""clean_observed_edge_jaccard"": 0.33358405415569764, ""controlled_property"": ""latent_graph_corruption_recovery"", ""corruption_fraction_requested"": 0.5, ""corruption_mode"": ""homophily_attack"", ""degree_sequence_preserved"": false, ""generation_attempt"": 0, ""labels_generated_before_graph"": true, ""observed_edge_homophily"": 0.2870840383530739, ""observed_edges"": 1773, ""target_latent_homophily"": 0.8}",600,6,0.8,0.5,homophily_attack,600,1773,0.009866444073455759,5.91,5.678566666666667,2.3829743319361767,0.4032105468589131,2,0.9983333333333333,1,0.0075182502682502655,0.008069939475453935,0.026416181013691874,0.26262581259373474,0.6313833663814222,0.13131290629686737,0.7247424543846382,3.826217600334448,7.0,0.4978590479776562,0.4375366402714507,64,,,0.2502870264064294,0.39041281311545084
latent_corruption_recovery__785fbb2db8__i01,latent_corruption_recovery,latent_corruption_recovery__785fbb2db8,1,1891972429,"{""corruption_fraction"": 0.5, ""corruption_mode"": ""homophily_attack"", ""latent_homophily"": 0.8, ""n"": 600, ""target_avg_degree"": 6}","{""actual_changed_edge_fraction"": 0.49973074851911686, ""clean_edge_homophily"": 0.7910608508346796, ""clean_edges"": 1857, ""clean_observed_edge_jaccard"": 0.333572710951526, ""controlled_property"": ""latent_graph_corruption_recovery"", ""corruption_fraction_requested"": 0.5, ""corruption_mode"": ""homophily_attack"", ""degree_sequence_preserved"": false, ""generation_attempt"": 0, ""labels_generated_before_graph"": true, ""observed_edge_homophily"": 0.2913301023155627, ""observed_edges"": 1857, ""target_latent_homophily"": 0.8}",600,6,0.8,0.5,homophily_attack,600,1857,0.010333889816360601,6.19,5.7939,2.4070521390281514,0.38886141179776273,3,0.9966666666666667,2,0.012600297850297834,0.012130801687763712,0.03828508110146966,0.26377596818148447,0.5384262173691433,0.13188798409074223,0.7263277059034503,3.765690431323283,7.0,0.492483891902252,0.44599536750714486,64,,,0.2599784250269687,0.37498727688882744
latent_corruption_recovery__785fbb2db8__i02,latent_corruption_recovery,latent_corruption_recovery__785fbb2db8,2,351260247,"{""corruption_fraction"": 0.5, ""corruption_mode"": ""homophily_attack"", ""latent_homophily"": 0.8, ""n"": 600, ""target_avg_degree"": 6}","{""actual_changed_edge_fraction"": 0.5002748763056625, ""clean_edge_homophily"": 0.8081363386476086, ""clean_edges"": 1819, ""clean_observed_edge_jaccard"": 0.3330890436057164, ""controlled_property"": ""latent_graph_corruption_recovery"", ""corruption_fraction_requested"": 0.5, ""corruption_mode"": ""homophily_attack"", ""degree_sequence_preserved"": false, ""generation_attempt"": 0, ""labels_generated_before_graph"": true, ""observed_edge_homophily"": 0.3078614623419461, ""observed_edges"": 1819, ""target_latent_homophily"": 0.8}",600,6,0.8,0.5,homophily_attack,600,1819,0.010122426265998886,6.0633333333333335,6.60598888888889,2.570211837356775,0.4238942007735198,1,1.0,0,0.009004074629074625,0.010721944245889922,0.030720098496476056,0.19798239138649978,0.38118305879767167,0.09899119569324989,0.6292573263562369,3.7119939482470783,8.0,0.5457168067820061,0.4360702934773554,64,,,0.28822882288228824,0.37980410189796115
latent_corruption_recovery__7cdad96fc6__i00,latent_corruption_recovery,latent_corruption_recovery__7cdad96fc6,0,1047218522,"{""corruption_fraction"": 0.5, ""corruption_mode"": ""homophily_attack"", ""latent_homophily"": 0.2, ""n"": 240, ""target_avg_degree"": 12}","{""actual_changed_edge_fraction"": 0.20149761742682096, ""clean_edge_homophily"": 0.20149761742682096, ""clean_edges"": 1469, ""clean_observed_edge_jaccard"": 0.6645892351274788, ""controlled_property"": ""latent_graph_corruption_recovery"", ""corruption_fraction_requested"": 0.5, ""corruption_mode"": ""homophily_attack"", ""degree_sequence_preserved"": false, ""generation_attempt"": 0, ""labels_generated_before_graph"": true, ""observed_edge_homophily"": 0.0, ""observed_edges"": 1469, ""target_latent_homophily"": 0.2}",240,12,0.2,0.5,homophily_attack,240,1469,0.05122036262203626,12.241666666666667,11.29159722222222,3.3602971925444662,0.27449670735557247,1,1.0,0,0.0,0.0,-0.018729525501342107,0.4915269662237548,3.2107097258531634,0.2457634831118774,0.9914907626637324,2.663245292887029,5.0,0.19305820543801602,0.1914370299339331,64,4.0,0.0013614703880190605,0.33923705722070846,0.2240747168275979
latent_corruption_recovery__7cdad96fc6__i01,latent_corruption_recovery,latent_corruption_recovery__7cdad96fc6,1,1542169086,"{""corruption_fraction"": 0.5, ""corruption_mode"": ""homophily_attack"", ""latent_homophily"": 0.2, ""n"": 240, ""target_avg_degree"": 12}","{""actual_changed_edge_fraction"": 0.18449389806173727, ""clean_edge_homophily"": 0.18449389806173727, ""clean_edges"": 1393, ""clean_observed_edge_jaccard"": 0.6884848484848485, ""controlled_property"": ""latent_graph_corruption_recovery"", ""corruption_fraction_requested"": 0.5, ""corruption_mode"": ""homophily_attack"", ""degree_sequence_preserved"": false, ""generation_attempt"": 0, ""labels_generated_before_graph"": true, ""observed_edge_homophily"": 0.0, ""observed_edges"": 1393, ""target_latent_homophily"": 0.2}",240,12,0.2,0.5,homophily_attack,240,1393,0.04857043235704324,11.608333333333333,10.571597222222222,3.251399271424877,0.2800918252483742,1,1.0,0,0.0,0.0,-0.011556634514648676,0.4815877850184639,3.2860518353154418,0.24079389250923194,0.9814150854948827,2.7295371338912133,5.0,0.20609746177978477,0.19600506471963802,64,4.0,0.0014357501794687725,0.3338129496402878,0.23279354417456996
latent_corruption_recovery__7cdad96fc6__i02,latent_corruption_recovery,latent_corruption_recovery__7cdad96fc6,2,75249978,"{""corruption_fraction"": 0.5, ""corruption_mode"": ""homophily_attack"", ""latent_homophily"": 0.2, ""n"": 240, ""target_avg_degree"": 12}","{""actual_changed_edge_fraction"": 0.18952446588559613, ""clean_edge_homophily"": 0.18952446588559613, ""clean_edges"": 1451, ""clean_observed_edge_jaccard"": 0.6813441483198146, ""controlled_property"": ""latent_graph_corruption_recovery"", ""corruption_fraction_requested"": 0.5, ""corruption_mode"": ""homophily_attack"", ""degree_sequence_preserved"": false, ""generation_attempt"": 0, ""labels_generated_before_graph"": true, ""observed_edge_homophily"": 0.0, ""observed_edges"": 1451, ""target_latent_homophily"": 0.2}",240,12,0.2,0.5,homophily_attack,240,1451,0.05059274755927476,12.091666666666667,10.549930555555557,3.2480656636766994,0.2686201789394927,1,1.0,0,0.0,0.0,-0.0037549929412634604,0.4705328898361099,2.522996163035296,0.23526644491805496,0.970085449675553,2.692468619246862,5.0,0.19782299833174105,0.18072486668666585,64,3.0,0.0010337698139214334,0.32320441988950277,0.231274944772991
latent_corruption_recovery__828bf1723f__i00,latent_corruption_recovery,latent_corruption_recovery__828bf1723f,0,761655545,"{""corruption_fraction"": 0.5, ""corruption_mode"": ""homophily_attack"", ""latent_homophily"": 0.8, ""n"": 240, ""target_avg_degree"": 6}","{""actual_changed_edge_fraction"": 0.5, ""clean_edge_homophily"": 0.8002793296089385, ""clean_edges"": 716, ""clean_observed_edge_jaccard"": 0.3333333333333333, ""controlled_property"": ""latent_graph_corruption_recovery"", ""corruption_fraction_requested"": 0.5, ""corruption_mode"": ""homophily_attack"", ""degree_sequence_preserved"": false, ""generation_attempt"": 0, ""labels_generated_before_graph"": true, ""observed_edge_homophily"": 0.30027932960893855, ""observed_edges"": 716, ""target_latent_homophily"": 0.8}",240,6,0.8,0.5,homophily_attack,240,716,0.024965132496513248,5.966666666666667,6.090555555555555,2.4679050945195513,0.4136153789697572,2,0.9958333333333333,1,0.020093494468494462,0.02309307207837649,0.05753220261951359,0.22224197392292847,0.3352619369454667,0.11112098696146423,0.6666962935594114,3.27859112394958,7.0,0.6339735604402426,0.43987357787086956,64,1.0,0.0006983240223463687,0.28291316526610644,0.3842498673574482
latent_corruption_recovery__828bf1723f__i01,latent_corruption_recovery,latent_corruption_recovery__828bf1723f,1,282211313,"{""corruption_fraction"": 0.5, ""corruption_mode"": ""homophily_attack"", ""latent_homophily"": 0.8, ""n"": 240, ""target_avg_degree"": 6}","{""actual_changed_edge_fraction"": 0.5, ""clean_edge_homophily"": 0.7946927374301676, ""clean_edges"": 716, ""clean_observed_edge_jaccard"": 0.3333333333333333, ""controlled_property"": ""latent_graph_corruption_recovery"", ""corruption_fraction_requested"": 0.5, ""corruption_mode"": ""homophily_attack"", ""degree_sequence_preserved"": false, ""generation_attempt"": 0, ""labels_generated_before_graph"": true, ""observed_edge_homophily"": 0.2946927374301676, ""observed_edges"": 716, ""target_latent_homophily"": 0.8}",240,6,0.8,0.5,homophily_attack,240,716,0.024965132496513248,5.966666666666667,5.815555555555554,2.411546299691456,0.4041697708980094,1,1.0,0,0.01711408961408961,0.018335684062059238,0.065612634354035,0.2574021100050921,0.6968444244491222,0.12870105500254606,0.7174985853715561,3.2614082112970713,6.0,0.4996274366371867,0.4872120817002631,64,1.0,0.0006983240223463687,0.24645892351274787,0.36854147810617643
latent_corruption_recovery__828bf1723f__i02,latent_corruption_recovery,latent_corruption_recovery__828bf1723f,2,1985645379,"{""corruption_fraction"": 0.5, ""corruption_mode"": ""homophily_attack"", ""latent_homophily"": 0.8, ""n"": 240, ""target_avg_degree"": 6}","{""actual_changed_edge_fraction"": 0.5, ""clean_edge_homophily"": 0.8048780487804879, ""clean_edges"": 738, ""clean_observed_edge_jaccard"": 0.3333333333333333, ""controlled_property"": ""latent_graph_corruption_recovery"", ""corruption_fraction_requested"": 0.5, ""corruption_mode"": ""homophily_attack"", ""degree_sequence_preserved"": false, ""generation_attempt"": 0, ""labels_generated_before_graph"": true, ""observed_edge_homophily"": 0.3048780487804878, ""observed_edges"": 738, ""target_latent_homophily"": 0.8}",240,6,0.8,0.5,homophily_attack,240,738,0.025732217573221756,6.15,6.535833333333333,2.5565275929145246,0.4156955435633373,2,0.9958333333333333,1,0.026825974950974926,0.02682660850599782,-0.019984367934396532,0.2887858990002064,0.6847311820128589,0.1443929495001032,0.759981445826418,3.198529411764706,6.0,0.47571026924187537,0.4474177590594035,64,1.0,0.0006775067750677507,0.24932249322493225,0.3675354910730679
latent_corruption_recovery__8b09f4cf10__i00,latent_corruption_recovery,latent_corruption_recovery__8b09f4cf10,0,1541688761,"{""corruption_fraction"": 0.0, ""corruption_mode"": ""none"", ""latent_homophily"": 0.2, ""n"": 240, ""target_avg_degree"": 12}","{""actual_changed_edge_fraction"": 0.0, ""clean_edge_homophily"": 0.19649122807017544, ""clean_edges"": 1425, ""clean_observed_edge_jaccard"": 1.0, ""controlled_property"": ""latent_graph_corruption_recovery"", ""corruption_fraction_requested"": 0.0, ""corruption_mode"": ""none"", ""degree_sequence_preserved"": true, ""generation_attempt"": 0, ""labels_generated_before_graph"": true, ""observed_edge_homophily"": 0.19649122807017544, ""observed_edges"": 1425, ""target_latent_homophily"": 0.2}",240,12,0.2,0.0,none,240,1425,0.049686192468619245,11.875,12.051041666666666,3.4714610276750433,0.2923335602252668,1,1.0,0,0.03911316399029244,0.03895414035294812,0.004212883839712553,0.47819609954507036,2.7339047647864523,0.23909804977253518,0.9779530658933182,2.5017978556485354,4.0,0.20924247321412803,0.20586559453032516,64,3.0,0.0010526315789473684,0.32865168539325845,0.23966266543551862
latent_corruption_recovery__8b09f4cf10__i01,latent_corruption_recovery,latent_corruption_recovery__8b09f4cf10,1,1424853931,"{""corruption_fraction"": 0.0, ""corruption_mode"": ""none"", ""latent_homophily"": 0.2, ""n"": 240, ""target_avg_degree"": 12}","{""actual_changed_edge_fraction"": 0.0, ""clean_edge_homophily"": 0.19424964936886396, ""clean_edges"": 1426, ""clean_observed_edge_jaccard"": 1.0, ""controlled_property"": ""latent_graph_corruption_recovery"", ""corruption_fraction_requested"": 0.0, ""corruption_mode"": ""none"", ""degree_sequence_preserved"": true, ""generation_attempt"": 0, ""labels_generated_before_graph"": true, ""observed_edge_homophily"": 0.19424964936886396, ""observed_edges"": 1426, ""target_latent_homophily"": 0.2}",240,12,0.2,0.0,none,240,1426,0.049721059972106,11.883333333333333,10.211388888888889,3.195526386824069,0.26890825134564394,1,1.0,0,0.0371614237084438,0.037623171095849506,0.012961131282940856,0.47546252416776597,2.7859738304619794,0.23773126208388298,0.975153858801539,2.4920567468619246,4.0,0.20537930364977602,0.1984386144802654,64,4.0,0.001402524544179523,0.33004926108374383,0.238542525212985
latent_corruption_recovery__8b09f4cf10__i02,latent_corruption_recovery,latent_corruption_recovery__8b09f4cf10,2,1215704282,"{""corruption_fraction"": 0.0, ""corruption_mode"": ""none"", ""latent_homophily"": 0.2, ""n"": 240, ""target_avg_degree"": 12}","{""actual_changed_edge_fraction"": 0.0, ""clean_edge_homophily"": 0.20600272851296045, ""clean_edges"": 1466, ""clean_observed_edge_jaccard"": 1.0, ""controlled_property"": ""latent_graph_corruption_recovery"", ""corruption_fraction_requested"": 0.0, ""corruption_mode"": ""none"", ""degree_sequence_preserved"": true, ""generation_attempt"": 0, ""labels_generated_before_graph"": true, ""observed_edge_homophily"": 0.20600272851296045, ""observed_edges"": 1466, ""target_latent_homophily"": 0.2}",240,12,0.2,0.0,none,240,1466,0.05111576011157601,12.216666666666667,11.144722222222223,3.3383711929955036,0.27326367200508894,1,1.0,0,0.03643622536298198,0.03610595579551206,-0.03313317185215469,0.4914662785905999,4.12121715411865,0.24573313929529994,0.9914295523037427,2.469926778242678,4.0,0.1921368616249741,0.1860761964929799,64,5.0,0.0017053206002728514,0.339273474982865,0.2413289216790219
latent_corruption_recovery__8f997d742a__i00,latent_corruption_recovery,latent_corruption_recovery__8f997d742a,0,290708227,"{""corruption_fraction"": 0.5, ""corruption_mode"": ""degree_preserving"", ""latent_homophily"": 0.5, ""n"": 240, ""target_avg_degree"": 12}","{""actual_changed_edge_fraction"": 0.621492128678987, ""clean_edge_homophily"": 0.49828884325804246, ""clean_edges"": 1461, ""clean_observed_edge_jaccard"": 0.23343182777543267, ""controlled_property"": ""latent_graph_corruption_recovery"", ""corruption_fraction_requested"": 0.5, ""corruption_mode"": ""degree_preserving"", ""degree_sequence_preserved"": true, ""generation_attempt"": 0, ""labels_generated_before_graph"": true, ""observed_edge_homophily"": 0.4996577686516085, ""observed_edges"": 1461, ""target_latent_homophily"": 0.5}",240,12,0.5,0.5,degree_preserving,240,1461,0.050941422594142256,12.175,10.644375,3.2625718382895417,0.2679730462660814,1,1.0,0,0.047519728973869815,0.048738922972051804,-0.014226480268408968,0.4764830886677468,3.440257880017873,0.2382415443338734,0.9761998654658244,2.4536153242677825,4.0,0.19813563714521143,0.19238629951737876,64,4.0,0.0013689253935660506,0.3168044077134986,0.24459094101205844
latent_corruption_recovery__8f997d742a__i01,latent_corruption_recovery,latent_corruption_recovery__8f997d742a,1,674486170,"{""corruption_fraction"": 0.5, ""corruption_mode"": ""degree_preserving"", ""latent_homophily"": 0.5, ""n"": 240, ""target_avg_degree"": 12}","{""actual_changed_edge_fraction"": 0.6319060773480663, ""clean_edge_homophily"": 0.5138121546961326, ""clean_edges"": 1448, ""clean_observed_edge_jaccard"": 0.2255607278882776, ""controlled_property"": ""latent_graph_corruption_recovery"", ""corruption_fraction_requested"": 0.5, ""corruption_mode"": ""degree_preserving"", ""degree_sequence_preserved"": true, ""generation_attempt"": 0, ""labels_generated_before_graph"": true, ""observed_edge_homophily"": 0.494475138121547, ""observed_edges"": 1448, ""target_latent_homophily"": 0.5}",240,12,0.5,0.5,degree_preserving,240,1448,0.050488145048814506,12.066666666666666,11.137222222222222,3.3372477016580926,0.27656748908768725,1,1.0,0,0.05435144064884771,0.052531536201831694,-0.024858970612511987,0.4748850429011674,3.8032921629565792,0.2374425214505837,0.9745614838491898,2.474633891213389,4.0,0.20613075566147737,0.205503715160021,64,5.0,0.0017265193370165745,0.31950207468879666,0.24736038086444248
latent_corruption_recovery__8f997d742a__i02,latent_corruption_recovery,latent_corruption_recovery__8f997d742a,2,293403136,"{""corruption_fraction"": 0.5, ""corruption_mode"": ""degree_preserving"", ""latent_homophily"": 0.5, ""n"": 240, ""target_avg_degree"": 12}","{""actual_changed_edge_fraction"": 0.6089655172413793, ""clean_edge_homophily"": 0.4924137931034483, ""clean_edges"": 1450, ""clean_observed_edge_jaccard"": 0.24303471924560652, ""controlled_property"": ""latent_graph_corruption_recovery"", ""corruption_fraction_requested"": 0.5, ""corruption_mode"": ""degree_preserving"", ""degree_sequence_preserved"": true, ""generation_attempt"": 0, ""labels_generated_before_graph"": true, ""observed_edge_homophily"": 0.5006896551724138, ""observed_edges"": 1450, ""target_latent_homophily"": 0.5}",240,12,0.5,0.5,degree_preserving,240,1450,0.050557880055788006,12.083333333333334,10.443055555555556,3.2315716850405094,0.26744041531369733,1,1.0,0,0.05266728978222782,0.05160471022858462,0.015412032180482102,0.4711908149262404,3.720529905200883,0.2355954074631202,0.9707634263055447,2.478850679916318,4.0,0.19902964272639645,0.20351330914983362,64,5.0,0.0017241379310344827,0.34073560027758504,0.24145826397146256
latent_corruption_recovery__92138bd023__i00,latent_corruption_recovery,latent_corruption_recovery__92138bd023,0,934770612,"{""corruption_fraction"": 0.5, ""corruption_mode"": ""degree_preserving"", ""latent_homophily"": 0.5, ""n"": 240, ""target_avg_degree"": 6}","{""actual_changed_edge_fraction"": 0.6111888111888112, ""clean_edge_homophily"": 0.5020979020979021, ""clean_edges"": 715, ""clean_observed_edge_jaccard"": 0.24131944444444445, ""controlled_property"": ""latent_graph_corruption_recovery"", ""corruption_fraction_requested"": 0.5, ""corruption_mode"": ""degree_preserving"", ""degree_sequence_preserved"": true, ""generation_attempt"": 0, ""labels_generated_before_graph"": true, ""observed_edge_homophily"": 0.5048951048951049, ""observed_edges"": 715, ""target_latent_homophily"": 0.5}",240,6,0.5,0.5,degree_preserving,240,715,0.0249302649930265,5.958333333333333,5.306597222222222,2.303605266147441,0.386619065647123,1,1.0,0,0.02970467032967031,0.02080344332855093,-0.047723134239036125,0.2605434021542873,0.5130663111013966,0.13027170107714364,0.7218634249694152,3.250719142259414,7.0,0.5851843353077544,0.4838001474185869,64,1.0,0.0006993006993006993,0.2783216783216783,0.3851347254144457
latent_corruption_recovery__92138bd023__i01,latent_corruption_recovery,latent_corruption_recovery__92138bd023,1,1706661851,"{""corruption_fraction"": 0.5, ""corruption_mode"": ""degree_preserving"", ""latent_homophily"": 0.5, ""n"": 240, ""target_avg_degree"": 6}","{""actual_changed_edge_fraction"": 0.606993006993007, ""clean_edge_homophily"": 0.5020979020979021, ""clean_edges"": 715, ""clean_observed_edge_jaccard"": 0.24456048738033073, ""controlled_property"": ""latent_graph_corruption_recovery"", ""corruption_fraction_requested"": 0.5, ""corruption_mode"": ""degree_preserving"", ""degree_sequence_preserved"": true, ""generation_attempt"": 0, ""labels_generated_before_graph"": true, ""observed_edge_homophily"": 0.4965034965034965, ""observed_edges"": 715, ""target_latent_homophily"": 0.5}",240,6,0.5,0.5,degree_preserving,240,715,0.0249302649930265,5.958333333333333,5.556597222222223,2.357243564467241,0.39562129753296355,1,1.0,0,0.02730618918118916,0.022792022792022793,0.012745702447347663,0.27713625027103167,0.5330341326930871,0.13856812513551583,0.744494795510394,3.2117873953974896,6.0,0.4928911823604229,0.4447610193098797,64,1.0,0.0006993006993006993,0.2552891396332863,0.3870996136730402
latent_corruption_recovery__92138bd023__i02,latent_corruption_recovery,latent_corruption_recovery__92138bd023,2,1832139973,"{""corruption_fraction"": 0.5, ""corruption_mode"": ""degree_preserving"", ""latent_homophily"": 0.5, ""n"": 240, ""target_avg_degree"": 6}","{""actual_changed_edge_fraction"": 0.5994277539341917, ""clean_edge_homophily"": 0.47353361945636624, ""clean_edges"": 699, ""clean_observed_edge_jaccard"": 0.2504472271914132, ""controlled_property"": ""latent_graph_corruption_recovery"", ""corruption_fraction_requested"": 0.5, ""corruption_mode"": ""degree_preserving"", ""degree_sequence_preserved"": true, ""generation_attempt"": 0, ""labels_generated_before_graph"": true, ""observed_edge_homophily"": 0.4821173104434907, ""observed_edges"": 699, ""target_latent_homophily"": 0.5}",240,6,0.5,0.5,degree_preserving,240,699,0.024372384937238492,5.825,5.952708333333334,2.439817274578843,0.4188527510006597,1,1.0,0,0.026287624412624395,0.029361389772449228,0.023189145210674323,0.24687821294820492,0.5244060589539017,0.12343910647410246,0.7026780385755698,3.298607479079498,7.0,0.48908637977686553,0.4329835120660468,64,1.0,0.000715307582260372,0.2276657060518732,0.38297097222478055
latent_corruption_recovery__99fa93bce3__i00,latent_corruption_recovery,latent_corruption_recovery__99fa93bce3,0,1071761949,"{""corruption_fraction"": 0.0, ""corruption_mode"": ""none"", ""latent_homophily"": 0.2, ""n"": 240, ""target_avg_degree"": 6}","{""actual_changed_edge_fraction"": 0.0, ""clean_edge_homophily"": 0.18507462686567164, ""clean_edges"": 670, ""clean_observed_edge_jaccard"": 1.0, ""controlled_property"": ""latent_graph_corruption_recovery"", ""corruption_fraction_requested"": 0.0, ""corruption_mode"": ""none"", ""degree_sequence_preserved"": true, ""generation_attempt"": 0, ""labels_generated_before_graph"": true, ""observed_edge_homophily"": 0.18507462686567164, ""observed_edges"": 670, ""target_latent_homophily"": 0.2}",240,6,0.2,0.0,none,240,670,0.023361227336122732,5.583333333333333,5.159722222222222,2.271502195073168,0.4068362140429555,2,0.9958333333333333,1,0.016988243238243238,0.013821138211382113,-0.040252845638187484,0.2622512994145103,0.6254117183993044,0.13112564970725515,0.7242255165547681,3.3293067226890756,6.0,0.5834335007082174,0.48993874184673,64,1.0,0.0007462686567164179,0.27761194029850744,0.3883470706170639
latent_corruption_recovery__99fa93bce3__i01,latent_corruption_recovery,latent_corruption_recovery__99fa93bce3,1,886756487,"{""corruption_fraction"": 0.0, ""corruption_mode"": ""none"", ""latent_homophily"": 0.2, ""n"": 240, ""target_avg_degree"": 6}","{""actual_changed_edge_fraction"": 0.0, ""clean_edge_homophily"": 0.17462482946793997, ""clean_edges"": 733, ""clean_observed_edge_jaccard"": 1.0, ""controlled_property"": ""latent_graph_corruption_recovery"", ""corruption_fraction_requested"": 0.0, ""corruption_mode"": ""none"", ""degree_sequence_preserved"": true, ""generation_attempt"": 0, ""labels_generated_before_graph"": true, ""observed_edge_homophily"": 0.17462482946793997, ""observed_edges"": 733, ""target_latent_homophily"": 0.2}",240,6,0.2,0.0,none,240,733,0.025557880055788004,6.108333333333333,5.588263888888889,2.3639509066156363,0.3870042411921915,1,1.0,0,0.016066780441780438,0.019026047565118914,0.052802084846621036,0.26244758144744,0.6221637845847297,0.13122379072372,0.7244964892219148,3.2167560146443517,7.0,0.49340682079291476,0.4348055041811295,64,1.0,0.0006821282401091405,0.2664835164835165,0.374917409438868
latent_corruption_recovery__99fa93bce3__i02,latent_corruption_recovery,latent_corruption_recovery__99fa93bce3,2,51310928,"{""corruption_fraction"": 0.0, ""corruption_mode"": ""none"", ""latent_homophily"": 0.2, ""n"": 240, ""target_avg_degree"": 6}","{""actual_changed_edge_fraction"": 0.0, ""clean_edge_homophily"": 0.20584144645340752, ""clean_edges"": 719, ""clean_observed_edge_jaccard"": 1.0, ""controlled_property"": ""latent_graph_corruption_recovery"", ""corruption_fraction_requested"": 0.0, ""corruption_mode"": ""none"", ""degree_sequence_preserved"": true, ""generation_attempt"": 0, ""labels_generated_before_graph"": true, ""observed_edge_homophily"": 0.20584144645340752, ""observed_edges"": 719, ""target_latent_homophily"": 0.2}",240,6,0.2,0.0,none,240,719,0.0250697350069735,5.991666666666666,5.333263888888889,2.3093860415463,0.38543299719826984,1,1.0,0,0.01811658249158249,0.018444076613856705,0.035440842663674435,0.2524409884958716,0.5537729520094571,0.1262204942479358,0.7105504746263585,3.3041644874476988,6.0,0.5007895566985743,0.44981974084275145,64,1.0,0.0006954102920723226,0.27399165507649514,0.3781793984459175
latent_corruption_recovery__9b652fd5a4__i00,latent_corruption_recovery,latent_corruption_recovery__9b652fd5a4,0,1074924383,"{""corruption_fraction"": 0.25, ""corruption_mode"": ""homophily_attack"", ""latent_homophily"": 0.8, ""n"": 240, ""target_avg_degree"": 12}","{""actual_changed_edge_fraction"": 0.25018234865062, ""clean_edge_homophily"": 0.8227571115973742, ""clean_edges"": 1371, ""clean_observed_edge_jaccard"": 0.5997666277712952, ""controlled_property"": ""latent_graph_corruption_recovery"", ""corruption_fraction_requested"": 0.25, ""corruption_mode"": ""homophily_attack"", ""degree_sequence_preserved"": false, ""generation_attempt"": 0, ""labels_generated_before_graph"": true, ""observed_edge_homophily"": 0.5725747629467542, ""observed_edges"": 1371, ""target_latent_homophily"": 0.8}",240,12,0.8,0.25,homophily_attack,240,1371,0.04780334728033473,11.425,10.419375000000002,3.2279056677666405,0.2825300365660079,1,1.0,0,0.04819297790273018,0.04941131055780737,0.025175291226851044,0.45912053211903286,3.402567109434154,0.22956026605951643,0.9582489573373225,2.529157949790795,4.0,0.21176068736300513,0.1957651875484171,64,5.0,0.0018234865061998542,0.3201174743024963,0.25230615846323845
latent_corruption_recovery__9b652fd5a4__i01,latent_corruption_recovery,latent_corruption_recovery__9b652fd5a4,1,1441792091,"{""corruption_fraction"": 0.25, ""corruption_mode"": ""homophily_attack"", ""latent_homophily"": 0.8, ""n"": 240, ""target_avg_degree"": 12}","{""actual_changed_edge_fraction"": 0.2496570644718793, ""clean_edge_homophily"": 0.8017832647462277, ""clean_edges"": 1458, ""clean_observed_edge_jaccard"": 0.6004390779363337, ""controlled_property"": ""latent_graph_corruption_recovery"", ""corruption_fraction_requested"": 0.25, ""corruption_mode"": ""homophily_attack"", ""degree_sequence_preserved"": false, ""generation_attempt"": 0, ""labels_generated_before_graph"": true, ""observed_edge_homophily"": 0.5521262002743484, ""observed_edges"": 1458, ""target_latent_homophily"": 0.8}",240,12,0.8,0.25,homophily_attack,240,1458,0.05083682008368201,12.15,11.5025,3.391533576422324,0.2791385659606851,1,1.0,0,0.05282059665767088,0.051879571355672734,-0.05433724819559718,0.46952172490548627,3.129935381713277,0.23476086245274314,0.9690425428282148,2.4556419979079496,4.0,0.18844408026793535,0.18058208861721692,64,4.0,0.0013717421124828531,0.3342541436464088,0.2514086700122873
latent_corruption_recovery__9b652fd5a4__i02,latent_corruption_recovery,latent_corruption_recovery__9b652fd5a4,2,1915852864,"{""corruption_fraction"": 0.25, ""corruption_mode"": ""homophily_attack"", ""latent_homophily"": 0.8, ""n"": 240, ""target_avg_degree"": 12}","{""actual_changed_edge_fraction"": 0.24982888432580425, ""clean_edge_homophily"": 0.784394250513347, ""clean_edges"": 1461, ""clean_observed_edge_jaccard"": 0.6002190580503833, ""controlled_property"": ""latent_graph_corruption_recovery"", ""corruption_fraction_requested"": 0.25, ""corruption_mode"": ""homophily_attack"", ""degree_sequence_preserved"": false, ""generation_attempt"": 0, ""labels_generated_before_graph"": true, ""observed_edge_homophily"": 0.5345653661875428, ""observed_edges"": 1461, ""target_latent_homophily"": 0.8}",240,12,0.8,0.25,homophily_attack,240,1461,0.050941422594142256,12.175,12.902708333333333,3.5920340106036486,0.29503359430009435,1,1.0,0,0.05063687723319736,0.05051748251748252,0.0010029956085967939,0.4878531932714487,3.4185098377882195,0.24392659663572436,0.9877785108732106,2.456328451882845,4.0,0.20362900475130202,0.19559101616880825,64,4.0,0.0013689253935660506,0.3324175824175824,0.24150219182664398
latent_corruption_recovery__9b6e71ff04__i00,latent_corruption_recovery,latent_corruption_recovery__9b6e71ff04,0,734013555,"{""corruption_fraction"": 0.25, ""corruption_mode"": ""homophily_attack"", ""latent_homophily"": 0.2, ""n"": 600, ""target_avg_degree"": 6}","{""actual_changed_edge_fraction"": 0.20643729189789123, ""clean_edge_homophily"": 0.20643729189789123, ""clean_edges"": 1802, ""clean_observed_edge_jaccard"": 0.6577736890524379, ""controlled_property"": ""latent_graph_corruption_recovery"", ""corruption_fraction_requested"": 0.25, ""corruption_mode"": ""homophily_attack"", ""degree_sequence_preserved"": false, ""generation_attempt"": 0, ""labels_generated_before_graph"": true, ""observed_edge_homophily"": 0.0, ""observed_edges"": 1802, ""target_latent_homophily"": 0.2}",600,6,0.2,0.25,homophily_attack,600,1802,0.010027824151363383,6.006666666666667,6.3299555555555544,2.5159402925259484,0.4188579843272944,3,0.9966666666666667,2,0.0,0.0,-0.02177521324010796,0.2641958724170171,0.7209011786304536,0.13209793620850854,0.7269055955445893,3.957652847571189,8.0,0.508178327367855,0.4224482708846559,64,,,0.245136186770428,0.38435035187194905
latent_corruption_recovery__9b6e71ff04__i01,latent_corruption_recovery,latent_corruption_recovery__9b6e71ff04,1,788002444,"{""corruption_fraction"": 0.25, ""corruption_mode"": ""homophily_attack"", ""latent_homophily"": 0.2, ""n"": 600, ""target_avg_degree"": 6}","{""actual_changed_edge_fraction"": 0.19852524106636416, ""clean_edge_homophily"": 0.19852524106636416, ""clean_edges"": 1763, ""clean_observed_edge_jaccard"": 0.6687174633222905, ""controlled_property"": ""latent_graph_corruption_recovery"", ""corruption_fraction_requested"": 0.25, ""corruption_mode"": ""homophily_attack"", ""degree_sequence_preserved"": false, ""generation_attempt"": 0, ""labels_generated_before_graph"": true, ""observed_edge_homophily"": 0.0, ""observed_edges"": 1763, ""target_latent_homophily"": 0.2}",600,6,0.2,0.25,homophily_attack,600,1763,0.009810795770728993,5.876666666666667,5.781455555555555,2.4044657526268813,0.4091546941509157,3,0.9966666666666667,2,0.0,0.0,0.010915580938783214,0.2618636298795464,0.5308355116276379,0.1309318149397732,0.7236900301642222,3.9704512144053603,8.0,0.5320953402118457,0.4649031321710633,64,,,0.24188958451906659,0.3881782168215435
latent_corruption_recovery__9b6e71ff04__i02,latent_corruption_recovery,latent_corruption_recovery__9b6e71ff04,2,1596551282,"{""corruption_fraction"": 0.25, ""corruption_mode"": ""homophily_attack"", ""latent_homophily"": 0.2, ""n"": 600, ""target_avg_degree"": 6}","{""actual_changed_edge_fraction"": 0.1822125813449024, ""clean_edge_homophily"": 0.1822125813449024, ""clean_edges"": 1844, ""clean_observed_edge_jaccard"": 0.691743119266055, ""controlled_property"": ""latent_graph_corruption_recovery"", ""corruption_fraction_requested"": 0.25, ""corruption_mode"": ""homophily_attack"", ""degree_sequence_preserved"": false, ""generation_attempt"": 0, ""labels_generated_before_graph"": true, ""observed_edge_homophily"": 0.0, ""observed_edges"": 1844, ""target_latent_homophily"": 0.2}",600,6,0.2,0.25,homophily_attack,600,1844,0.010261547022815804,6.1466666666666665,6.021822222222222,2.4539401423470424,0.39923104268118914,1,1.0,0,0.0,0.0,-0.044483955544754164,0.2696387961708063,0.6342942408251655,0.13481939808540316,0.73435522217903,3.9289701585976626,8.0,0.5120953124503702,0.45171610854292205,64,,,0.2623574144486692,0.37026590901605017
latent_corruption_recovery__9e4e7863db__i00,latent_corruption_recovery,latent_corruption_recovery__9e4e7863db,0,601956082,"{""corruption_fraction"": 0.5, ""corruption_mode"": ""degree_preserving"", ""latent_homophily"": 0.8, ""n"": 600, ""target_avg_degree"": 6}","{""actual_changed_edge_fraction"": 0.637153720803911, ""clean_edge_homophily"": 0.7941336230309615, ""clean_edges"": 1841, ""clean_observed_edge_jaccard"": 0.2216323822163238, ""controlled_property"": ""latent_graph_corruption_recovery"", ""corruption_fraction_requested"": 0.5, ""corruption_mode"": ""degree_preserving"", ""degree_sequence_preserved"": true, ""generation_attempt"": 0, ""labels_generated_before_graph"": true, ""observed_edge_homophily"": 0.5996740901683868, ""observed_edges"": 1841, ""target_latent_homophily"": 0.8}",600,6,0.8,0.5,degree_preserving,600,1841,0.010244852531997774,6.136666666666667,6.207988888888888,2.491583610655859,0.4060157974995968,2,0.9983333333333333,1,0.011063334813334807,0.011396766498807316,-0.00263227933528363,0.27382866867768724,0.6224087924735755,0.13691433433884362,0.7400387404422653,3.681007002508361,6.0,0.49825123165996876,0.4395241490015923,64,,,0.257360959651036,0.3844331585371647
latent_corruption_recovery__9e4e7863db__i01,latent_corruption_recovery,latent_corruption_recovery__9e4e7863db,1,1190630058,"{""corruption_fraction"": 0.5, ""corruption_mode"": ""degree_preserving"", ""latent_homophily"": 0.8, ""n"": 600, ""target_avg_degree"": 6}","{""actual_changed_edge_fraction"": 0.6393889798145117, ""clean_edge_homophily"": 0.7855973813420621, ""clean_edges"": 1833, ""clean_observed_edge_jaccard"": 0.2199667221297837, ""controlled_property"": ""latent_graph_corruption_recovery"", ""corruption_fraction_requested"": 0.5, ""corruption_mode"": ""degree_preserving"", ""degree_sequence_preserved"": true, ""generation_attempt"": 0, ""labels_generated_before_graph"": true, ""observed_edge_homophily"": 0.5935624659028914, ""observed_edges"": 1833, ""target_latent_homophily"": 0.8}",600,6,0.8,0.5,degree_preserving,600,1833,0.01020033388981636,6.11,5.927899999999999,2.434727910876285,0.3984824731385082,4,0.995,3,0.008348845598845595,0.010497981157469718,0.04505148340192054,0.2710016166927106,0.6184231136949911,0.1355008083463553,0.7362086887462149,3.7139786073825505,7.0,0.5079668011118853,0.433265692245685,64,,,0.24890829694323144,0.38650086357019525
latent_corruption_recovery__9e4e7863db__i02,latent_corruption_recovery,latent_corruption_recovery__9e4e7863db,2,1159430456,"{""corruption_fraction"": 0.5, ""corruption_mode"": ""degree_preserving"", ""latent_homophily"": 0.8, ""n"": 600, ""target_avg_degree"": 6}","{""actual_changed_edge_fraction"": 0.633221850613155, ""clean_edge_homophily"": 0.7993311036789298, ""clean_edges"": 1794, ""clean_observed_edge_jaccard"": 0.22457337883959044, ""controlled_property"": ""latent_graph_corruption_recovery"", ""corruption_fraction_requested"": 0.5, ""corruption_mode"": ""degree_preserving"", ""degree_sequence_preserved"": true, ""generation_attempt"": 0, ""labels_generated_before_graph"": true, ""observed_edge_homophily"": 0.6131549609810479, ""observed_edges"": 1794, ""target_latent_homophily"": 0.8}",600,6,0.8,0.5,degree_preserving,600,1794,0.00998330550918197,5.98,5.672933333333333,2.3817920424196006,0.39829298368220745,1,1.0,0,0.01148660598660598,0.011000376081233547,0.030961451788949098,0.21681445955460893,0.3404376442758334,0.10840722977730446,0.65850506384478,3.7892059682804673,7.0,0.5772522627116493,0.4724479579705021,64,,,0.28084868788386375,0.39316550026161773
latent_corruption_recovery__a3a30aba84__i00,latent_corruption_recovery,latent_corruption_recovery__a3a30aba84,0,1302473725,"{""corruption_fraction"": 0.0, ""corruption_mode"": ""none"", ""latent_homophily"": 0.5, ""n"": 240, ""target_avg_degree"": 12}","{""actual_changed_edge_fraction"": 0.0, ""clean_edge_homophily"": 0.502092050209205, ""clean_edges"": 1434, ""clean_observed_edge_jaccard"": 1.0, ""controlled_property"": ""latent_graph_corruption_recovery"", ""corruption_fraction_requested"": 0.0, ""corruption_mode"": ""none"", ""degree_sequence_preserved"": true, ""generation_attempt"": 0, ""labels_generated_before_graph"": true, ""observed_edge_homophily"": 0.502092050209205, ""observed_edges"": 1434, ""target_latent_homophily"": 0.5}",240,12,0.5,0.0,none,240,1434,0.05,11.95,12.597499999999998,3.54929570478426,0.2970121928689758,1,1.0,0,0.05130659932833003,0.052805855698849775,-0.013102740203049808,0.46913570935440196,3.9212757506353912,0.23456785467720098,0.9686441135467679,2.4697960251046025,4.0,0.1923627788309969,0.17678515867532468,64,5.0,0.0017433751743375174,0.34175438596491226,0.25294282702022414
latent_corruption_recovery__a3a30aba84__i01,latent_corruption_recovery,latent_corruption_recovery__a3a30aba84,1,2092471796,"{""corruption_fraction"": 0.0, ""corruption_mode"": ""none"", ""latent_homophily"": 0.5, ""n"": 240, ""target_avg_degree"": 12}","{""actual_changed_edge_fraction"": 0.0, ""clean_edge_homophily"": 0.5222929936305732, ""clean_edges"": 1413, ""clean_observed_edge_jaccard"": 1.0, ""controlled_property"": ""latent_graph_corruption_recovery"", ""corruption_fraction_requested"": 0.0, ""corruption_mode"": ""none"", ""degree_sequence_preserved"": true, ""generation_attempt"": 0, ""labels_generated_before_graph"": true, ""observed_edge_homophily"": 0.5222929936305732, ""observed_edges"": 1413, ""target_latent_homophily"": 0.5}",240,12,0.5,0.0,none,240,1413,0.04926778242677824,11.775,10.149375,3.1858083746515575,0.2705569744927013,1,1.0,0,0.04563935336629336,0.04597701149425287,0.006115650971881817,0.4541531700660758,2.7084062835533707,0.2270765850330379,0.9530510690053035,2.4841461820083683,4.0,0.21233426376349734,0.2070757940428521,64,3.0,0.0010615711252653928,0.3281027104136947,0.2504388778950289
latent_corruption_recovery__a3a30aba84__i02,latent_corruption_recovery,latent_corruption_recovery__a3a30aba84,2,1055058298,"{""corruption_fraction"": 0.0, ""corruption_mode"": ""none"", ""latent_homophily"": 0.5, ""n"": 240, ""target_avg_degree"": 12}","{""actual_changed_edge_fraction"": 0.0, ""clean_edge_homophily"": 0.5157750342935528, ""clean_edges"": 1458, ""clean_observed_edge_jaccard"": 1.0, ""controlled_property"": ""latent_graph_corruption_recovery"", ""corruption_fraction_requested"": 0.0, ""corruption_mode"": ""none"", ""degree_sequence_preserved"": true, ""generation_attempt"": 0, ""labels_generated_before_graph"": true, ""observed_edge_homophily"": 0.5157750342935528, ""observed_edges"": 1458, ""target_latent_homophily"": 0.5}",240,12,0.5,0.0,none,240,1458,0.05083682008368201,12.15,9.210833333333333,3.034935474327804,0.24978892792821433,1,1.0,0,0.046545493585934725,0.04699919364128557,-0.008513370903917834,0.473204888149812,4.188733336477075,0.236602444074906,0.9728359452135925,2.467475156903766,4.0,0.19714021196095333,0.2040827333187456,64,5.0,0.0017146776406035665,0.31862068965517243,0.23756070758560216
latent_corruption_recovery__a522dad82c__i00,latent_corruption_recovery,latent_corruption_recovery__a522dad82c,0,1709345308,"{""corruption_fraction"": 0.0, ""corruption_mode"": ""none"", ""latent_homophily"": 0.8, ""n"": 600, ""target_avg_degree"": 12}","{""actual_changed_edge_fraction"": 0.0, ""clean_edge_homophily"": 0.7985223074737141, ""clean_edges"": 3519, ""clean_observed_edge_jaccard"": 1.0, ""controlled_property"": ""latent_graph_corruption_recovery"", ""corruption_fraction_requested"": 0.0, ""corruption_mode"": ""none"", ""degree_sequence_preserved"": true, ""generation_attempt"": 0, ""labels_generated_before_graph"": true, ""observed_edge_homophily"": 0.7985223074737141, ""observed_edges"": 3519, ""target_latent_homophily"": 0.8}",600,12,0.8,0.0,none,600,3519,0.019582637729549247,11.73,10.380433333333333,3.2218679881915295,0.2746690527017502,1,1.0,0,0.025098516163918654,0.0243681648031708,-0.018111228931285094,0.31673476230490666,3.2351303194905823,0.15836738115245333,0.7959079875273355,2.879943134390651,4.0,0.21079004544446128,0.20426859837024736,64,,,0.20147979510529312,0.2955720179683044
latent_corruption_recovery__a522dad82c__i01,latent_corruption_recovery,latent_corruption_recovery__a522dad82c,1,1838666128,"{""corruption_fraction"": 0.0, ""corruption_mode"": ""none"", ""latent_homophily"": 0.8, ""n"": 600, ""target_avg_degree"": 12}","{""actual_changed_edge_fraction"": 0.0, ""clean_edge_homophily"": 0.7910407725321889, ""clean_edges"": 3728, ""clean_observed_edge_jaccard"": 1.0, ""controlled_property"": ""latent_graph_corruption_recovery"", ""corruption_fraction_requested"": 0.0, ""corruption_mode"": ""none"", ""degree_sequence_preserved"": true, ""generation_attempt"": 0, ""labels_generated_before_graph"": true, ""observed_edge_homophily"": 0.7910407725321889, ""observed_edges"": 3728, ""target_latent_homophily"": 0.8}",600,12,0.8,0.0,none,600,3728,0.020745687256538674,12.426666666666666,12.797955555555554,3.5774230327926766,0.2878827547848184,1,1.0,0,0.024694678676742226,0.024742667642878677,-0.019843247092129233,0.3277328194565754,2.672511284753453,0.1638664097282877,0.8096083243847921,2.793692612687813,4.0,0.18696860310278554,0.17308484808097974,64,,,0.20655385441847973,0.2926596044433495
latent_corruption_recovery__a522dad82c__i02,latent_corruption_recovery,latent_corruption_recovery__a522dad82c,2,596671918,"{""corruption_fraction"": 0.0, ""corruption_mode"": ""none"", ""latent_homophily"": 0.8, ""n"": 600, ""target_avg_degree"": 12}","{""actual_changed_edge_fraction"": 0.0, ""clean_edge_homophily"": 0.8186783178590934, ""clean_edges"": 3662, ""clean_observed_edge_jaccard"": 1.0, ""controlled_property"": ""latent_graph_corruption_recovery"", ""corruption_fraction_requested"": 0.0, ""corruption_mode"": ""none"", ""degree_sequence_preserved"": true, ""generation_attempt"": 0, ""labels_generated_before_graph"": true, ""observed_edge_homophily"": 0.8186783178590934, ""observed_edges"": 3662, ""target_latent_homophily"": 0.8}",600,12,0.8,0.0,none,600,3662,0.020378408458542014,12.206666666666667,11.943955555555554,3.4560028292169487,0.28312420774579045,1,1.0,0,0.026597511895432215,0.026758101384967058,-0.033098426917913294,0.291229418932054,2.5834182091567643,0.145614709466027,0.7631899094354616,2.846801961602671,5.0,0.1904434315154338,0.18630273051273472,64,,,0.1839080459770115,0.30577474951238764
latent_corruption_recovery__ad8ea30a23__i00,latent_corruption_recovery,latent_corruption_recovery__ad8ea30a23,0,2036668351,"{""corruption_fraction"": 0.5, ""corruption_mode"": ""homophily_attack"", ""latent_homophily"": 0.2, ""n"": 240, ""target_avg_degree"": 6}","{""actual_changed_edge_fraction"": 0.20487106017191978, ""clean_edge_homophily"": 0.20487106017191978, ""clean_edges"": 698, ""clean_observed_edge_jaccard"": 0.6599286563614745, ""controlled_property"": ""latent_graph_corruption_recovery"", ""corruption_fraction_requested"": 0.5, ""corruption_mode"": ""homophily_attack"", ""degree_sequence_preserved"": false, ""generation_attempt"": 0, ""labels_generated_before_graph"": true, ""observed_edge_homophily"": 0.0, ""observed_edges"": 698, ""target_latent_homophily"": 0.2}",240,6,0.2,0.5,homophily_attack,240,698,0.024337517433751742,5.816666666666666,5.908055555555555,2.4306492045450647,0.4178766540765154,2,0.9958333333333333,1,0.0,0.0,-0.020026810639864598,0.27254476403282607,0.7043382074614606,0.13627238201641304,0.7383017865789383,3.46546743697479,7.0,0.5444181528860843,0.43213437100077284,64,1.0,0.0007163323782234957,0.2608695652173913,0.3798059950246714
latent_corruption_recovery__ad8ea30a23__i01,latent_corruption_recovery,latent_corruption_recovery__ad8ea30a23,1,433198758,"{""corruption_fraction"": 0.5, ""corruption_mode"": ""homophily_attack"", ""latent_homophily"": 0.2, ""n"": 240, ""target_avg_degree"": 6}","{""actual_changed_edge_fraction"": 0.17983651226158037, ""clean_edge_homophily"": 0.17983651226158037, ""clean_edges"": 734, ""clean_observed_edge_jaccard"": 0.6951501154734411, ""controlled_property"": ""latent_graph_corruption_recovery"", ""corruption_fraction_requested"": 0.5, ""corruption_mode"": ""homophily_attack"", ""degree_sequence_preserved"": false, ""generation_attempt"": 0, ""labels_generated_before_graph"": true, ""observed_edge_homophily"": 0.0, ""observed_edges"": 734, ""target_latent_homophily"": 0.2}",240,6,0.2,0.5,homophily_attack,240,734,0.025592747559274757,6.116666666666666,5.803055555555557,2.408953207423415,0.39383431184034035,2,0.9958333333333333,1,0.0,0.0,0.008142083989860879,0.27935187800441486,0.8507510493799332,0.13967593900220743,0.7474648861376899,3.4065126050420167,7.0,0.49638248209339875,0.4313535329976245,64,1.0,0.0006811989100817438,0.289437585733882,0.3729796048675096
latent_corruption_recovery__ad8ea30a23__i02,latent_corruption_recovery,latent_corruption_recovery__ad8ea30a23,2,1749239664,"{""corruption_fraction"": 0.5, ""corruption_mode"": ""homophily_attack"", ""latent_homophily"": 0.2, ""n"": 240, ""target_avg_degree"": 6}","{""actual_changed_edge_fraction"": 0.22443181818181818, ""clean_edge_homophily"": 0.22443181818181818, ""clean_edges"": 704, ""clean_observed_edge_jaccard"": 0.6334106728538283, ""controlled_property"": ""latent_graph_corruption_recovery"", ""corruption_fraction_requested"": 0.5, ""corruption_mode"": ""homophily_attack"", ""degree_sequence_preserved"": false, ""generation_attempt"": 0, ""labels_generated_before_graph"": true, ""observed_edge_homophily"": 0.0, ""observed_edges"": 704, ""target_latent_homophily"": 0.2}",240,6,0.2,0.5,homophily_attack,240,704,0.024546722454672244,5.866666666666666,5.282222222222221,2.29830855679176,0.3917571403622318,2,0.9958333333333333,1,0.0,0.0,-0.09076924046882168,0.27431374356801747,0.8488117402820343,0.13715687178400873,0.7406939227076424,3.441012342436975,6.0,0.4544443496542408,0.42708449372838053,64,1.0,0.0007102272727272727,0.23186344238975817,0.36189206966683884
latent_corruption_recovery__b0c2cce030__i00,latent_corruption_recovery,latent_corruption_recovery__b0c2cce030,0,1576358710,"{""corruption_fraction"": 0.25, ""corruption_mode"": ""degree_preserving"", ""latent_homophily"": 0.8, ""n"": 600, ""target_avg_degree"": 12}","{""actual_changed_edge_fraction"": 0.39354488744236504, ""clean_edge_homophily"": 0.8039056143205858, ""clean_edges"": 3687, ""clean_observed_edge_jaccard"": 0.43518878941222267, ""controlled_property"": ""latent_graph_corruption_recovery"", ""corruption_fraction_requested"": 0.25, ""corruption_mode"": ""degree_preserving"", ""degree_sequence_preserved"": true, ""generation_attempt"": 0, ""labels_generated_before_graph"": true, ""observed_edge_homophily"": 0.6802278275020341, ""observed_edges"": 3687, ""target_latent_homophily"": 0.8}",600,12,0.8,0.25,degree_preserving,600,3687,0.02051752921535893,12.29,12.8459,3.5841177436016247,0.29162878304325673,1,1.0,0,0.02002437328006043,0.02104221635883905,0.00928919869323324,0.442767589292709,3.164026836433008,0.2213837946463545,0.9410287873308755,2.8044136060100167,4.0,0.19295107870667186,0.186954028960636,64,,,0.3018201575658788,0.24528013121112752
latent_corruption_recovery__b0c2cce030__i01,latent_corruption_recovery,latent_corruption_recovery__b0c2cce030,1,1639713666,"{""corruption_fraction"": 0.25, ""corruption_mode"": ""degree_preserving"", ""latent_homophily"": 0.8, ""n"": 600, ""target_avg_degree"": 12}","{""actual_changed_edge_fraction"": 0.39418968954713757, ""clean_edge_homophily"": 0.7892338365138137, ""clean_edges"": 3511, ""clean_observed_edge_jaccard"": 0.4345250255362615, ""controlled_property"": ""latent_graph_corruption_recovery"", ""corruption_fraction_requested"": 0.25, ""corruption_mode"": ""degree_preserving"", ""degree_sequence_preserved"": true, ""generation_attempt"": 0, ""labels_generated_before_graph"": true, ""observed_edge_homophily"": 0.6718883508971802, ""observed_edges"": 3511, ""target_latent_homophily"": 0.8}",600,12,0.8,0.25,degree_preserving,600,3511,0.019538119087367835,11.703333333333333,13.145322222222225,3.6256478348320353,0.30979616931062676,1,1.0,0,0.02133627280299108,0.020085253955639044,-0.02998777374985975,0.44186139769220206,1.813157044247648,0.22093069884610103,0.9400653144246969,2.8450933848080133,5.0,0.21123103555570222,0.20507217725324012,64,,,0.31841652323580033,0.254668669188856
latent_corruption_recovery__b0c2cce030__i02,latent_corruption_recovery,latent_corruption_recovery__b0c2cce030,2,1609085831,"{""corruption_fraction"": 0.25, ""corruption_mode"": ""degree_preserving"", ""latent_homophily"": 0.8, ""n"": 600, ""target_avg_degree"": 12}","{""actual_changed_edge_fraction"": 0.39574235807860264, ""clean_edge_homophily"": 0.8024017467248908, ""clean_edges"": 3664, ""clean_observed_edge_jaccard"": 0.4329292139225655, ""controlled_property"": ""latent_graph_corruption_recovery"", ""corruption_fraction_requested"": 0.25, ""corruption_mode"": ""degree_preserving"", ""degree_sequence_preserved"": true, ""generation_attempt"": 0, ""labels_generated_before_graph"": true, ""observed_edge_homophily"": 0.6724890829694323, ""observed_edges"": 3664, ""target_latent_homophily"": 0.8}",600,12,0.8,0.25,degree_preserving,600,3664,0.020389538119087367,12.213333333333333,11.277822222222222,3.358246897150688,0.2749656302252201,1,1.0,0,0.019782129535668602,0.01983404169196519,-0.0040276532397549945,0.4414752290919146,2.688254411195855,0.2207376145459573,0.9396544355154341,2.8199603505843074,4.0,0.18116351855077167,0.17416404868608376,64,,,0.3116457080371788,0.2528237835138537
latent_corruption_recovery__bc9a50917a__i00,latent_corruption_recovery,latent_corruption_recovery__bc9a50917a,0,198392551,"{""corruption_fraction"": 0.5, ""corruption_mode"": ""degree_preserving"", ""latent_homophily"": 0.8, ""n"": 600, ""target_avg_degree"": 12}","{""actual_changed_edge_fraction"": 0.6259228876127974, ""clean_edge_homophily"": 0.8124145474432595, ""clean_edges"": 3657, ""clean_observed_edge_jaccard"": 0.23007063572149344, ""controlled_property"": ""latent_graph_corruption_recovery"", ""corruption_fraction_requested"": 0.5, ""corruption_mode"": ""degree_preserving"", ""degree_sequence_preserved"": true, ""generation_attempt"": 0, ""labels_generated_before_graph"": true, ""observed_edge_homophily"": 0.6171725458025704, ""observed_edges"": 3657, ""target_latent_homophily"": 0.8}",600,12,0.8,0.5,degree_preserving,600,3657,0.02035058430717863,12.19,13.0539,3.6130181289332053,0.29639197120042704,1,1.0,0,0.019949098648418886,0.02040679780543289,0.0009588524808237221,0.46089918338382974,2.6319888288651976,0.23044959169191487,0.9601033104659412,2.8328594532554257,5.0,0.20057002644756133,0.1930745263233744,64,,,0.33169129720853857,0.24304529751005127
latent_corruption_recovery__bc9a50917a__i01,latent_corruption_recovery,latent_corruption_recovery__bc9a50917a,1,1141209035,"{""corruption_fraction"": 0.5, ""corruption_mode"": ""degree_preserving"", ""latent_homophily"": 0.8, ""n"": 600, ""target_avg_degree"": 12}","{""actual_changed_edge_fraction"": 0.6281578200397389, ""clean_edge_homophily"": 0.8154981549815498, ""clean_edges"": 3523, ""clean_observed_edge_jaccard"": 0.22838214783821478, ""controlled_property"": ""latent_graph_corruption_recovery"", ""corruption_fraction_requested"": 0.5, ""corruption_mode"": ""degree_preserving"", ""degree_sequence_preserved"": true, ""generation_attempt"": 0, ""labels_generated_before_graph"": true, ""observed_edge_homophily"": 0.6190746522849844, ""observed_edges"": 3523, ""target_latent_homophily"": 0.8}",600,12,0.8,0.5,degree_preserving,600,3523,0.019604897050639957,11.743333333333334,13.124122222222224,3.6227230396791614,0.3084918852976862,1,1.0,0,0.020775973835885437,0.020604987316326043,-0.0024283432119826033,0.44482614527336745,1.7852376110560562,0.22241307263668372,0.9432138095610851,2.8516146702838063,5.0,0.2010814686034845,0.1838361335114202,64,,,0.30531099119568306,0.25462120742738464
latent_corruption_recovery__bc9a50917a__i02,latent_corruption_recovery,latent_corruption_recovery__bc9a50917a,2,1395600960,"{""corruption_fraction"": 0.5, ""corruption_mode"": ""degree_preserving"", ""latent_homophily"": 0.8, ""n"": 600, ""target_avg_degree"": 12}","{""actual_changed_edge_fraction"": 0.6209744013212222, ""clean_edge_homophily"": 0.8117258464079273, ""clean_edges"": 3633, ""clean_observed_edge_jaccard"": 0.2338257768721345, ""controlled_property"": ""latent_graph_corruption_recovery"", ""corruption_fraction_requested"": 0.5, ""corruption_mode"": ""degree_preserving"", ""degree_sequence_preserved"": true, ""generation_attempt"": 0, ""labels_generated_before_graph"": true, ""observed_edge_homophily"": 0.6118909991742362, ""observed_edges"": 3633, ""target_latent_homophily"": 0.8}",600,12,0.8,0.5,degree_preserving,600,3633,0.02021702838063439,12.11,11.681233333333335,3.4177819317992384,0.2822280703385003,1,1.0,0,0.020652503971776433,0.02106366972895343,-0.02211205220267523,0.4544951111729141,2.6742075593206027,0.22724755558645704,0.9534097872089567,2.8278250208681137,4.0,0.20200849520913705,0.1909426231304735,64,,,0.31019283746556475,0.24900048785148282
latent_corruption_recovery__c1d8cb8c85__i00,latent_corruption_recovery,latent_corruption_recovery__c1d8cb8c85,0,1402507795,"{""corruption_fraction"": 0.25, ""corruption_mode"": ""degree_preserving"", ""latent_homophily"": 0.5, ""n"": 240, ""target_avg_degree"": 12}","{""actual_changed_edge_fraction"": 0.3887719298245614, ""clean_edge_homophily"": 0.5059649122807017, ""clean_edges"": 1425, ""clean_observed_edge_jaccard"": 0.4401212733703891, ""controlled_property"": ""latent_graph_corruption_recovery"", ""corruption_fraction_requested"": 0.25, ""corruption_mode"": ""degree_preserving"", ""degree_sequence_preserved"": true, ""generation_attempt"": 0, ""labels_generated_before_graph"": true, ""observed_edge_homophily"": 0.5059649122807017, ""observed_edges"": 1425, ""target_latent_homophily"": 0.5}",240,12,0.5,0.25,degree_preserving,240,1425,0.049686192468619245,11.875,13.409375,3.661881347067379,0.30836895554251614,1,1.0,0,0.051160188961079024,0.050683970536653807,-0.0369484252466813,0.4633771925618614,3.3439291481947433,0.2316885962809307,0.9626808324277173,2.468553870292887,4.0,0.21604377487275694,0.19859152723806014,64,4.0,0.0014035087719298245,0.3196894848270995,0.24532274546014157
latent_corruption_recovery__c1d8cb8c85__i01,latent_corruption_recovery,latent_corruption_recovery__c1d8cb8c85,1,1262892381,"{""corruption_fraction"": 0.25, ""corruption_mode"": ""degree_preserving"", ""latent_homophily"": 0.5, ""n"": 240, ""target_avg_degree"": 12}","{""actual_changed_edge_fraction"": 0.39986043265875787, ""clean_edge_homophily"": 0.5059316120027914, ""clean_edges"": 1433, ""clean_observed_edge_jaccard"": 0.4287138584247258, ""controlled_property"": ""latent_graph_corruption_recovery"", ""corruption_fraction_requested"": 0.25, ""corruption_mode"": ""degree_preserving"", ""degree_sequence_preserved"": true, ""generation_attempt"": 0, ""labels_generated_before_graph"": true, ""observed_edge_homophily"": 0.4989532449406839, ""observed_edges"": 1433, ""target_latent_homophily"": 0.5}",240,12,0.5,0.25,degree_preserving,240,1433,0.04996513249651325,11.941666666666666,11.396597222222223,3.3758846577189545,0.2826979476107987,1,1.0,0,0.04854250851680682,0.04945151639584678,-0.022536214667764246,0.4720449292248009,2.61152483855487,0.23602246461240045,0.9716428656917118,2.480910041841004,4.0,0.19314213737535163,0.18931944767829129,64,3.0,0.00104675505931612,0.34217877094972066,0.24391145995912325
latent_corruption_recovery__c1d8cb8c85__i02,latent_corruption_recovery,latent_corruption_recovery__c1d8cb8c85,2,693631743,"{""corruption_fraction"": 0.25, ""corruption_mode"": ""degree_preserving"", ""latent_homophily"": 0.5, ""n"": 240, ""target_avg_degree"": 12}","{""actual_changed_edge_fraction"": 0.39819318971507994, ""clean_edge_homophily"": 0.4927032661570535, ""clean_edges"": 1439, ""clean_observed_edge_jaccard"": 0.4304174950298211, ""controlled_property"": ""latent_graph_corruption_recovery"", ""corruption_fraction_requested"": 0.25, ""corruption_mode"": ""degree_preserving"", ""degree_sequence_preserved"": true, ""generation_attempt"": 0, ""labels_generated_before_graph"": true, ""observed_edge_homophily"": 0.5024322446143155, ""observed_edges"": 1439, ""target_latent_homophily"": 0.5}",240,12,0.5,0.25,degree_preserving,240,1439,0.050174337517433755,11.991666666666667,11.758263888888889,3.4290325004130375,0.2859512856494541,1,1.0,0,0.04588156947012442,0.04614580914789877,0.01000858964782443,0.47497439234080596,3.898916381819753,0.23748719617040298,0.9746531612228074,2.481106171548117,4.0,0.20070614160272987,0.19222042044511617,64,5.0,0.0017373175816539264,0.34075104311543813,0.2465829534736935
latent_corruption_recovery__c1f7fce3b8__i00,latent_corruption_recovery,latent_corruption_recovery__c1f7fce3b8,0,354212987,"{""corruption_fraction"": 0.25, ""corruption_mode"": ""homophily_attack"", ""latent_homophily"": 0.8, ""n"": 600, ""target_avg_degree"": 12}","{""actual_changed_edge_fraction"": 0.25, ""clean_edge_homophily"": 0.8081587651598677, ""clean_edges"": 3628, ""clean_observed_edge_jaccard"": 0.6, ""controlled_property"": ""latent_graph_corruption_recovery"", ""corruption_fraction_requested"": 0.25, ""corruption_mode"": ""homophily_attack"", ""degree_sequence_preserved"": false, ""generation_attempt"": 0, ""labels_generated_before_graph"": true, ""observed_edge_homophily"": 0.5581587651598677, ""observed_edges"": 3628, ""target_latent_homophily"": 0.8}",600,12,0.8,0.25,homophily_attack,600,3628,0.020189204229271007,12.093333333333334,11.131288888888887,3.3363586271396075,0.2758841202155133,1,1.0,0,0.021461651801233172,0.021337126600284494,-0.010249398881079915,0.45419796435345827,3.2015823940030983,0.22709898217672914,0.9530980687772463,2.8173387938230383,4.0,0.19970320396804567,0.19224294319032428,64,,,0.3217535153019024,0.2528533964667799
latent_corruption_recovery__c1f7fce3b8__i01,latent_corruption_recovery,latent_corruption_recovery__c1f7fce3b8,1,164671100,"{""corruption_fraction"": 0.25, ""corruption_mode"": ""homophily_attack"", ""latent_homophily"": 0.8, ""n"": 600, ""target_avg_degree"": 12}","{""actual_changed_edge_fraction"": 0.2501427755568247, ""clean_edge_homophily"": 0.7892632781267847, ""clean_edges"": 3502, ""clean_observed_edge_jaccard"": 0.5998172681589767, ""controlled_property"": ""latent_graph_corruption_recovery"", ""corruption_fraction_requested"": 0.25, ""corruption_mode"": ""homophily_attack"", ""degree_sequence_preserved"": false, ""generation_attempt"": 0, ""labels_generated_before_graph"": true, ""observed_edge_homophily"": 0.53912050256996, ""observed_edges"": 3502, ""target_latent_homophily"": 0.8}",600,12,0.8,0.25,homophily_attack,600,3502,0.019488035614913746,11.673333333333334,10.806622222222222,3.287342729656009,0.2816113132201036,1,1.0,0,0.019191028513396945,0.01964549483013294,-0.02498951539733633,0.4485137936467924,2.5277417653771956,0.2242568968233962,0.9471154033662343,2.8642398789649417,5.0,0.1985738741845483,0.18983342136002107,64,,,0.32267275842375787,0.25237883157898516
latent_corruption_recovery__c1f7fce3b8__i02,latent_corruption_recovery,latent_corruption_recovery__c1f7fce3b8,2,1552994205,"{""corruption_fraction"": 0.25, ""corruption_mode"": ""homophily_attack"", ""latent_homophily"": 0.8, ""n"": 600, ""target_avg_degree"": 12}","{""actual_changed_edge_fraction"": 0.25, ""clean_edge_homophily"": 0.804140127388535, ""clean_edges"": 3768, ""clean_observed_edge_jaccard"": 0.6, ""controlled_property"": ""latent_graph_corruption_recovery"", ""corruption_fraction_requested"": 0.25, ""corruption_mode"": ""homophily_attack"", ""degree_sequence_preserved"": false, ""generation_attempt"": 0, ""labels_generated_before_graph"": true, ""observed_edge_homophily"": 0.554140127388535, ""observed_edges"": 3768, ""target_latent_homophily"": 0.8}",600,12,0.8,0.25,homophily_attack,600,3768,0.020968280467445744,12.56,11.2864,3.3595237757753704,0.26747800762542756,1,1.0,0,0.022374677276279117,0.021855828220858894,-0.04107688821348311,0.47205504932154774,3.5090131494731645,0.23602752466077387,0.9716532810849225,2.7711811352253757,4.0,0.19473623502937554,0.19205901546154508,64,,,0.32695883134130144,0.2442345390392218
latent_corruption_recovery__c2603cb2c8__i00,latent_corruption_recovery,latent_corruption_recovery__c2603cb2c8,0,2060265026,"{""corruption_fraction"": 0.0, ""corruption_mode"": ""none"", ""latent_homophily"": 0.8, ""n"": 240, ""target_avg_degree"": 6}","{""actual_changed_edge_fraction"": 0.0, ""clean_edge_homophily"": 0.7970430107526881, ""clean_edges"": 744, ""clean_observed_edge_jaccard"": 1.0, ""controlled_property"": ""latent_graph_corruption_recovery"", ""corruption_fraction_requested"": 0.0, ""corruption_mode"": ""none"", ""degree_sequence_preserved"": true, ""generation_attempt"": 0, ""labels_generated_before_graph"": true, ""observed_edge_homophily"": 0.7970430107526881, ""observed_edges"": 744, ""target_latent_homophily"": 0.8}",240,6,0.8,0.0,none,240,744,0.02594142259414226,6.2,6.11,2.471841418861655,0.39868409981639596,1,1.0,0,0.03268592518592516,0.03129074315514994,0.0005268610748684906,0.2337365338128984,0.7136085608582198,0.1168682669064492,0.6837200213726352,3.229929393305439,6.0,0.47555244124382506,0.41633120156768155,64,1.0,0.0006720430107526882,0.19618528610354224,0.38982198086483993
latent_corruption_recovery__c2603cb2c8__i01,latent_corruption_recovery,latent_corruption_recovery__c2603cb2c8,1,1652396601,"{""corruption_fraction"": 0.0, ""corruption_mode"": ""none"", ""latent_homophily"": 0.8, ""n"": 240, ""target_avg_degree"": 6}","{""actual_changed_edge_fraction"": 0.0, ""clean_edge_homophily"": 0.7903448275862069, ""clean_edges"": 725, ""clean_observed_edge_jaccard"": 1.0, ""controlled_property"": ""latent_graph_corruption_recovery"", ""corruption_fraction_requested"": 0.0, ""corruption_mode"": ""none"", ""degree_sequence_preserved"": true, ""generation_attempt"": 0, ""labels_generated_before_graph"": true, ""observed_edge_homophily"": 0.7903448275862069, ""observed_edges"": 725, ""target_latent_homophily"": 0.8}",240,6,0.8,0.0,none,240,725,0.025278940027894003,6.041666666666667,6.256597222222222,2.5013190964413603,0.41401143665236306,2,0.9958333333333333,1,0.04013340825840825,0.037448933272809806,0.03911675077636969,0.23801637210597776,0.6409969235233319,0.11900818605298888,0.689951262200422,3.252330619747899,7.0,0.5276944003217596,0.4855616221753236,64,1.0,0.000689655172413793,0.20943134535367544,0.40324851367419745
latent_corruption_recovery__c2603cb2c8__i02,latent_corruption_recovery,latent_corruption_recovery__c2603cb2c8,2,1081345224,"{""corruption_fraction"": 0.0, ""corruption_mode"": ""none"", ""latent_homophily"": 0.8, ""n"": 240, ""target_avg_degree"": 6}","{""actual_changed_edge_fraction"": 0.0, ""clean_edge_homophily"": 0.8149210903873745, ""clean_edges"": 697, ""clean_observed_edge_jaccard"": 1.0, ""controlled_property"": ""latent_graph_corruption_recovery"", ""corruption_fraction_requested"": 0.0, ""corruption_mode"": ""none"", ""degree_sequence_preserved"": true, ""generation_attempt"": 0, ""labels_generated_before_graph"": true, ""observed_edge_homophily"": 0.8149210903873745, ""observed_edges"": 697, ""target_latent_homophily"": 0.8}",240,6,0.8,0.0,none,240,697,0.024302649930264993,5.808333333333334,5.588263888888889,2.3639509066156363,0.4069929824876275,1,1.0,0,0.035535089910089884,0.03654898060666335,0.04354701851043867,0.20741308326028748,0.6688160374869071,0.10370654163014374,0.6440700012580737,3.310211820083682,7.0,0.5610765279793073,0.4683008861010662,64,1.0,0.0007173601147776184,0.1729106628242075,0.4094716236216289
latent_corruption_recovery__c3104f2dbd__i00,latent_corruption_recovery,latent_corruption_recovery__c3104f2dbd,0,1144692814,"{""corruption_fraction"": 0.5, ""corruption_mode"": ""homophily_attack"", ""latent_homophily"": 0.5, ""n"": 240, ""target_avg_degree"": 6}","{""actual_changed_edge_fraction"": 0.4946524064171123, ""clean_edge_homophily"": 0.4946524064171123, ""clean_edges"": 748, ""clean_observed_edge_jaccard"": 0.33810375670840787, ""controlled_property"": ""latent_graph_corruption_recovery"", ""corruption_fraction_requested"": 0.5, ""corruption_mode"": ""homophily_attack"", ""degree_sequence_preserved"": false, ""generation_attempt"": 0, ""labels_generated_before_graph"": true, ""observed_edge_homophily"": 0.0, ""observed_edges"": 748, ""target_latent_homophily"": 0.5}",240,6,0.5,0.5,homophily_attack,240,748,0.02608089260808926,6.233333333333333,5.620555555555556,2.370771088813839,0.38033760783109716,1,1.0,0,0.0,0.0,-0.00015838130981086959,0.28749951741930135,0.8075952174644189,0.14374975870965068,0.7582869079963089,3.37611140167364,7.0,0.4477928729376971,0.4089617182805295,64,1.0,0.0006684491978609625,0.2637215528781794,0.36329498984815123
latent_corruption_recovery__c3104f2dbd__i01,latent_corruption_recovery,latent_corruption_recovery__c3104f2dbd,1,1555814644,"{""corruption_fraction"": 0.5, ""corruption_mode"": ""homophily_attack"", ""latent_homophily"": 0.5, ""n"": 240, ""target_avg_degree"": 6}","{""actual_changed_edge_fraction"": 0.49291784702549574, ""clean_edge_homophily"": 0.49291784702549574, ""clean_edges"": 706, ""clean_observed_edge_jaccard"": 0.3396584440227704, ""controlled_property"": ""latent_graph_corruption_recovery"", ""corruption_fraction_requested"": 0.5, ""corruption_mode"": ""homophily_attack"", ""degree_sequence_preserved"": false, ""generation_attempt"": 0, ""labels_generated_before_graph"": true, ""observed_edge_homophily"": 0.0, ""observed_edges"": 706, ""target_latent_homophily"": 0.5}",240,6,0.5,0.5,homophily_attack,240,706,0.024616457461645747,5.883333333333334,5.2780555555555555,2.297401914240422,0.3904932432136694,1,1.0,0,0.0,0.0,0.03956840354552727,0.2365600397652124,0.34066640567516754,0.1182800198826062,0.6878372478504089,3.4765298117154813,7.0,0.5354730504203831,0.4788903780171927,64,1.0,0.000708215297450425,0.29545454545454547,0.37548150615124104
latent_corruption_recovery__c3104f2dbd__i02,latent_corruption_recovery,latent_corruption_recovery__c3104f2dbd,2,1740501435,"{""corruption_fraction"": 0.5, ""corruption_mode"": ""homophily_attack"", ""latent_homophily"": 0.5, ""n"": 240, ""target_avg_degree"": 6}","{""actual_changed_edge_fraction"": 0.5, ""clean_edge_homophily"": 0.5212464589235127, ""clean_edges"": 706, ""clean_observed_edge_jaccard"": 0.3333333333333333, ""controlled_property"": ""latent_graph_corruption_recovery"", ""corruption_fraction_requested"": 0.5, ""corruption_mode"": ""homophily_attack"", ""degree_sequence_preserved"": false, ""generation_attempt"": 0, ""labels_generated_before_graph"": true, ""observed_edge_homophily"": 0.021246458923512748, ""observed_edges"": 706, ""target_latent_homophily"": 0.5}",240,6,0.5,0.5,homophily_attack,240,706,0.024616457461645747,5.883333333333334,5.203055555555556,2.281020726682587,0.3877089053851422,2,0.9958333333333333,1,0.0017848124098124095,0.0029469548133595285,-0.07569504845445507,0.2771036058768891,0.7618184327553089,0.13855180293844455,0.7444509465060665,3.3864889705882355,6.0,0.5169832618331038,0.45190179505476646,64,1.0,0.000708215297450425,0.2557471264367816,0.373112094632009
latent_corruption_recovery__c51036667a__i00,latent_corruption_recovery,latent_corruption_recovery__c51036667a,0,1098128698,"{""corruption_fraction"": 0.25, ""corruption_mode"": ""degree_preserving"", ""latent_homophily"": 0.8, ""n"": 600, ""target_avg_degree"": 6}","{""actual_changed_edge_fraction"": 0.3894849785407725, ""clean_edge_homophily"": 0.7950643776824035, ""clean_edges"": 1864, ""clean_observed_edge_jaccard"": 0.43938223938223936, ""controlled_property"": ""latent_graph_corruption_recovery"", ""corruption_fraction_requested"": 0.25, ""corruption_mode"": ""degree_preserving"", ""degree_sequence_preserved"": true, ""generation_attempt"": 0, ""labels_generated_before_graph"": true, ""observed_edge_homophily"": 0.6738197424892703, ""observed_edges"": 1864, ""target_latent_homophily"": 0.8}",600,6,0.8,0.25,degree_preserving,600,1864,0.010372843628269337,6.213333333333333,6.447822222222222,2.5392562340619,0.40867857844343886,1,1.0,0,0.011525710400710388,0.012873326467559218,0.02324809542466373,0.2135856470173911,0.3199394872410782,0.10679282350869555,0.6535834254590475,3.7074551335559267,7.0,0.5160294603539586,0.4449651941281166,64,,,0.3025255239118753,0.3775095726113946
latent_corruption_recovery__c51036667a__i01,latent_corruption_recovery,latent_corruption_recovery__c51036667a,1,1588772048,"{""corruption_fraction"": 0.25, ""corruption_mode"": ""degree_preserving"", ""latent_homophily"": 0.8, ""n"": 600, ""target_avg_degree"": 6}","{""actual_changed_edge_fraction"": 0.39418416801292405, ""clean_edge_homophily"": 0.8082929456112009, ""clean_edges"": 1857, ""clean_observed_edge_jaccard"": 0.43453070683661643, ""controlled_property"": ""latent_graph_corruption_recovery"", ""corruption_fraction_requested"": 0.25, ""corruption_mode"": ""degree_preserving"", ""degree_sequence_preserved"": true, ""generation_attempt"": 0, ""labels_generated_before_graph"": true, ""observed_edge_homophily"": 0.6919763058696823, ""observed_edges"": 1857, ""target_latent_homophily"": 0.8}",600,6,0.8,0.25,degree_preserving,600,1857,0.010333889816360601,6.19,6.3072333333333335,2.511420580733807,0.4057222262897911,3,0.9966666666666667,2,0.012276977651977638,0.01248915871639202,0.029198236707516666,0.2282458580885817,0.3373881952313994,0.11412292904429085,0.675641706955072,3.7517273869346734,7.0,0.5277991886617784,0.44716653019968705,64,,,0.2733153638814016,0.37754117865741965
latent_corruption_recovery__c51036667a__i02,latent_corruption_recovery,latent_corruption_recovery__c51036667a,2,1634311831,"{""corruption_fraction"": 0.25, ""corruption_mode"": ""degree_preserving"", ""latent_homophily"": 0.8, ""n"": 600, ""target_avg_degree"": 6}","{""actual_changed_edge_fraction"": 0.3936285097192225, ""clean_edge_homophily"": 0.8050755939524838, ""clean_edges"": 1852, ""clean_observed_edge_jaccard"": 0.43510267338240993, ""controlled_property"": ""latent_graph_corruption_recovery"", ""corruption_fraction_requested"": 0.25, ""corruption_mode"": ""degree_preserving"", ""degree_sequence_preserved"": true, ""generation_attempt"": 0, ""labels_generated_before_graph"": true, ""observed_edge_homophily"": 0.6798056155507559, ""observed_edges"": 1852, ""target_latent_homophily"": 0.8}",600,6,0.8,0.25,degree_preserving,600,1852,0.010306065664997218,6.173333333333333,6.2766222222222225,2.5053187865463795,0.4058291770863466,2,0.9983333333333333,1,0.009649470899470889,0.010729239357990231,0.00927590498366997,0.27431091371396205,0.6448269280612887,0.13715545685698102,0.7406901021533392,3.7049148202341136,7.0,0.4944390282894,0.42208724041284007,64,,,0.25013506212857917,0.3822082192387892
latent_corruption_recovery__cf32a116fc__i00,latent_corruption_recovery,latent_corruption_recovery__cf32a116fc,0,1530639903,"{""corruption_fraction"": 0.0, ""corruption_mode"": ""none"", ""latent_homophily"": 0.5, ""n"": 600, ""target_avg_degree"": 6}","{""actual_changed_edge_fraction"": 0.0, ""clean_edge_homophily"": 0.4928335170893054, ""clean_edges"": 1814, ""clean_observed_edge_jaccard"": 1.0, ""controlled_property"": ""latent_graph_corruption_recovery"", ""corruption_fraction_requested"": 0.0, ""corruption_mode"": ""none"", ""degree_sequence_preserved"": true, ""generation_attempt"": 0, ""labels_generated_before_graph"": true, ""observed_edge_homophily"": 0.4928335170893054, ""observed_edges"": 1814, ""target_latent_homophily"": 0.5}",600,6,0.5,0.0,none,600,1814,0.010094602114635504,6.046666666666667,5.921155555555554,2.4333424657362874,0.40242708915153597,4,0.995,3,0.013621535871535858,0.012899094318909524,-0.0008325328853844429,0.26104352447046886,0.5389956681882158,0.13052176223523443,0.7225559140585162,3.775718330536913,7.0,0.4876227680053639,0.4152565255913601,64,,,0.25468577728776187,0.38962333875079164
latent_corruption_recovery__cf32a116fc__i01,latent_corruption_recovery,latent_corruption_recovery__cf32a116fc,1,987196163,"{""corruption_fraction"": 0.0, ""corruption_mode"": ""none"", ""latent_homophily"": 0.5, ""n"": 600, ""target_avg_degree"": 6}","{""actual_changed_edge_fraction"": 0.0, ""clean_edge_homophily"": 0.5191135734072022, ""clean_edges"": 1805, ""clean_observed_edge_jaccard"": 1.0, ""controlled_property"": ""latent_graph_corruption_recovery"", ""corruption_fraction_requested"": 0.0, ""corruption_mode"": ""none"", ""degree_sequence_preserved"": true, ""generation_attempt"": 0, ""labels_generated_before_graph"": true, ""observed_edge_homophily"": 0.5191135734072022, ""observed_edges"": 1805, ""target_latent_homophily"": 0.5}",600,6,0.5,0.0,none,600,1805,0.010044518642181413,6.016666666666667,6.046388888888889,2.458940602960732,0.40868818885773944,4,0.995,3,0.009300236800236793,0.010212531051614683,-0.015020964586067439,0.25910791307116093,0.5911294740492139,0.12955395653558047,0.7198720901259625,3.7791002516778525,7.0,0.5307422784962736,0.4778182054514354,64,,,0.27151582454192114,0.38720083486161094
latent_corruption_recovery__cf32a116fc__i02,latent_corruption_recovery,latent_corruption_recovery__cf32a116fc,2,1990413285,"{""corruption_fraction"": 0.0, ""corruption_mode"": ""none"", ""latent_homophily"": 0.5, ""n"": 600, ""target_avg_degree"": 6}","{""actual_changed_edge_fraction"": 0.0, ""clean_edge_homophily"": 0.4989059080962801, ""clean_edges"": 1828, ""clean_observed_edge_jaccard"": 1.0, ""controlled_property"": ""latent_graph_corruption_recovery"", ""corruption_fraction_requested"": 0.0, ""corruption_mode"": ""none"", ""degree_sequence_preserved"": true, ""generation_attempt"": 0, ""labels_generated_before_graph"": true, ""observed_edge_homophily"": 0.4989059080962801, ""observed_edges"": 1828, ""target_latent_homophily"": 0.5}",600,6,0.5,0.0,none,600,1828,0.010172509738452977,6.093333333333334,6.097955555555556,2.469403886681066,0.40526321991483577,2,0.9983333333333333,1,0.007170079920079918,0.007271095152603231,-0.01936496838631626,0.2513295749324062,0.644470827092006,0.1256647874662031,0.7089845907104134,3.7630513168896322,7.0,0.511153281763089,0.44638861265787166,64,,,0.26593406593406593,0.37806800607137214
latent_corruption_recovery__d1b5f49f34__i00,latent_corruption_recovery,latent_corruption_recovery__d1b5f49f34,0,81067616,"{""corruption_fraction"": 0.25, ""corruption_mode"": ""degree_preserving"", ""latent_homophily"": 0.2, ""n"": 600, ""target_avg_degree"": 12}","{""actual_changed_edge_fraction"": 0.3888127227858514, ""clean_edge_homophily"": 0.20071291472443104, ""clean_edges"": 3647, ""clean_observed_edge_jaccard"": 0.44007897334649554, ""controlled_property"": ""latent_graph_corruption_recovery"", ""corruption_fraction_requested"": 0.25, ""corruption_mode"": ""degree_preserving"", ""degree_sequence_preserved"": true, ""generation_attempt"": 0, ""labels_generated_before_graph"": true, ""observed_edge_homophily"": 0.31203729092404714, ""observed_edges"": 3647, ""target_latent_homophily"": 0.2}",600,12,0.2,0.25,degree_preserving,600,3647,0.020294936004451865,12.156666666666666,11.938788888888888,3.455255256690725,0.28422719413414244,1,1.0,0,0.02036914406866622,0.020600858369098713,0.00813580446035645,0.4576078638390285,3.3523987457496864,0.22880393191951426,0.9566690795034911,2.8102175500834723,4.0,0.19456455784757742,0.18836018055726247,64,,,0.31263736263736264,0.251616561316854
latent_corruption_recovery__d1b5f49f34__i01,latent_corruption_recovery,latent_corruption_recovery__d1b5f49f34,1,621144332,"{""corruption_fraction"": 0.25, ""corruption_mode"": ""degree_preserving"", ""latent_homophily"": 0.2, ""n"": 600, ""target_avg_degree"": 12}","{""actual_changed_edge_fraction"": 0.3933066361556064, ""clean_edge_homophily"": 0.20194508009153317, ""clean_edges"": 3496, ""clean_observed_edge_jaccard"": 0.4354342024225005, ""controlled_property"": ""latent_graph_corruption_recovery"", ""corruption_fraction_requested"": 0.25, ""corruption_mode"": ""degree_preserving"", ""degree_sequence_preserved"": true, ""generation_attempt"": 0, ""labels_generated_before_graph"": true, ""observed_edge_homophily"": 0.3295194508009153, ""observed_edges"": 3496, ""target_latent_homophily"": 0.2}",600,12,0.2,0.25,degree_preserving,600,3496,0.019454646633277686,11.653333333333334,11.139822222222222,3.3376372214820202,0.2864105167175646,1,1.0,0,0.01800964939075722,0.018109692997585376,0.006192767928036255,0.447953277316339,2.588364238623682,0.2239766386581695,0.9465234041653053,2.85181030884808,4.0,0.2050380507614722,0.2048619438123156,64,,,0.31443298969072164,0.2532009858275427
latent_corruption_recovery__d1b5f49f34__i02,latent_corruption_recovery,latent_corruption_recovery__d1b5f49f34,2,237765619,"{""corruption_fraction"": 0.25, ""corruption_mode"": ""degree_preserving"", ""latent_homophily"": 0.2, ""n"": 600, ""target_avg_degree"": 12}","{""actual_changed_edge_fraction"": 0.39124449339207046, ""clean_edge_homophily"": 0.1968612334801762, ""clean_edges"": 3632, ""clean_observed_edge_jaccard"": 0.4375618444488423, ""controlled_property"": ""latent_graph_corruption_recovery"", ""corruption_fraction_requested"": 0.25, ""corruption_mode"": ""degree_preserving"", ""degree_sequence_preserved"": true, ""generation_attempt"": 0, ""labels_generated_before_graph"": true, ""observed_edge_homophily"": 0.3235132158590308, ""observed_edges"": 3632, ""target_latent_homophily"": 0.2}",600,12,0.2,0.25,degree_preserving,600,3632,0.020211463550361713,12.106666666666667,10.205288888888887,3.1945717849015205,0.26386881483217406,1,1.0,0,0.018721699404950873,0.019077901430842606,0.008505075141409812,0.45663468714336336,2.70185295651864,0.22831734357168168,0.9556512827840115,2.8287771285475793,4.0,0.19923922963446125,0.1921663451442032,64,,,0.3335170893054024,0.2461117920248792
latent_corruption_recovery__d53820a8ec__i00,latent_corruption_recovery,latent_corruption_recovery__d53820a8ec,0,1702434970,"{""corruption_fraction"": 0.25, ""corruption_mode"": ""degree_preserving"", ""latent_homophily"": 0.5, ""n"": 600, ""target_avg_degree"": 12}","{""actual_changed_edge_fraction"": 0.3877941981390257, ""clean_edge_homophily"": 0.4874110563765736, ""clean_edges"": 3654, ""clean_observed_edge_jaccard"": 0.44113587063695525, ""controlled_property"": ""latent_graph_corruption_recovery"", ""corruption_fraction_requested"": 0.25, ""corruption_mode"": ""degree_preserving"", ""degree_sequence_preserved"": true, ""generation_attempt"": 0, ""labels_generated_before_graph"": true, ""observed_edge_homophily"": 0.4879584017515052, ""observed_edges"": 3654, ""target_latent_homophily"": 0.5}",600,12,0.5,0.25,degree_preserving,600,3654,0.0203338898163606,12.18,11.630933333333333,3.4104154194662755,0.2800012659660325,1,1.0,0,0.021784652610891006,0.02137976139464604,-0.01581119838331273,0.45309988197180245,1.820170274446807,0.22654994098590123,0.9519452525978608,2.827498956594324,5.0,0.1861188762430246,0.17539971373449875,64,,,0.3220060290490545,0.2537043178569707
latent_corruption_recovery__d53820a8ec__i01,latent_corruption_recovery,latent_corruption_recovery__d53820a8ec,1,547732676,"{""corruption_fraction"": 0.25, ""corruption_mode"": ""degree_preserving"", ""latent_homophily"": 0.5, ""n"": 600, ""target_avg_degree"": 12}","{""actual_changed_edge_fraction"": 0.3871499176276771, ""clean_edge_homophily"": 0.5021965952773202, ""clean_edges"": 3642, ""clean_observed_edge_jaccard"": 0.4418052256532066, ""controlled_property"": ""latent_graph_corruption_recovery"", ""corruption_fraction_requested"": 0.25, ""corruption_mode"": ""degree_preserving"", ""degree_sequence_preserved"": true, ""generation_attempt"": 0, ""labels_generated_before_graph"": true, ""observed_edge_homophily"": 0.5, ""observed_edges"": 3642, ""target_latent_homophily"": 0.5}",600,12,0.5,0.25,degree_preserving,600,3642,0.02026711185308848,12.14,11.547066666666666,3.398097506939238,0.2799091850856044,1,1.0,0,0.02055429346407273,0.020165319284222,0.014769292039362687,0.4581387911570811,2.690610626362008,0.22906939557854056,0.9572238935140317,2.8174300918196993,5.0,0.18682570525784292,0.18249366185835425,64,,,0.3181318681318681,0.2523361819108992
latent_corruption_recovery__d53820a8ec__i02,latent_corruption_recovery,latent_corruption_recovery__d53820a8ec,2,1219290701,"{""corruption_fraction"": 0.25, ""corruption_mode"": ""degree_preserving"", ""latent_homophily"": 0.5, ""n"": 600, ""target_avg_degree"": 12}","{""actual_changed_edge_fraction"": 0.38917879703378194, ""clean_edge_homophily"": 0.49217248008788794, ""clean_edges"": 3641, ""clean_observed_edge_jaccard"": 0.43969948596283115, ""controlled_property"": ""latent_graph_corruption_recovery"", ""corruption_fraction_requested"": 0.25, ""corruption_mode"": ""degree_preserving"", ""degree_sequence_preserved"": true, ""generation_attempt"": 0, ""labels_generated_before_graph"": true, ""observed_edge_homophily"": 0.4872287833012909, ""observed_edges"": 3641, ""target_latent_homophily"": 0.5}",600,12,0.5,0.25,degree_preserving,600,3641,0.020261547022815803,12.136666666666667,11.587988888888889,3.404113524677003,0.28048175155262317,1,1.0,0,0.020255006637544665,0.02051107325383305,-0.026035001574827223,0.4557767181954947,3.515161931317826,0.22788835909774735,0.9547530761359134,2.825294762103506,4.0,0.19578435212770395,0.18828690688505376,64,,,0.3205163416643779,0.2557873152817771
latent_corruption_recovery__d77a9e82e8__i00,latent_corruption_recovery,latent_corruption_recovery__d77a9e82e8,0,328409885,"{""corruption_fraction"": 0.25, ""corruption_mode"": ""homophily_attack"", ""latent_homophily"": 0.2, ""n"": 240, ""target_avg_degree"": 6}","{""actual_changed_edge_fraction"": 0.20079787234042554, ""clean_edge_homophily"": 0.20079787234042554, ""clean_edges"": 752, ""clean_observed_edge_jaccard"": 0.6655592469545958, ""controlled_property"": ""latent_graph_corruption_recovery"", ""corruption_fraction_requested"": 0.25, ""corruption_mode"": ""homophily_attack"", ""degree_sequence_preserved"": false, ""generation_attempt"": 0, ""labels_generated_before_graph"": true, ""observed_edge_homophily"": 0.0, ""observed_edges"": 752, ""target_latent_homophily"": 0.2}",240,6,0.2,0.25,homophily_attack,240,752,0.026220362622036263,6.266666666666667,5.678888888888889,2.3830419402286838,0.3802726500364921,1,1.0,0,0.0,0.0,-0.07957792335549053,0.30000042250884024,0.8436704278637283,0.15000021125442012,0.7745972146978586,3.3863755230125525,6.0,0.4979996152360431,0.39028034874654793,64,1.0,0.0006648936170212766,0.26861702127659576,0.36130159998868266
latent_corruption_recovery__d77a9e82e8__i01,latent_corruption_recovery,latent_corruption_recovery__d77a9e82e8,1,1966310392,"{""corruption_fraction"": 0.25, ""corruption_mode"": ""homophily_attack"", ""latent_homophily"": 0.2, ""n"": 240, ""target_avg_degree"": 6}","{""actual_changed_edge_fraction"": 0.20396600566572237, ""clean_edge_homophily"": 0.20396600566572237, ""clean_edges"": 706, ""clean_observed_edge_jaccard"": 0.6611764705882353, ""controlled_property"": ""latent_graph_corruption_recovery"", ""corruption_fraction_requested"": 0.25, ""corruption_mode"": ""homophily_attack"", ""degree_sequence_preserved"": false, ""generation_attempt"": 0, ""labels_generated_before_graph"": true, ""observed_edge_homophily"": 0.0, ""observed_edges"": 706, ""target_latent_homophily"": 0.2}",240,6,0.2,0.25,homophily_attack,240,706,0.024616457461645747,5.883333333333334,4.83638888888889,2.1991791397903198,0.373798154072009,3,0.9916666666666667,2,0.0,0.0,-0.0004233295808109247,0.28235561168534634,0.843980799134338,0.14117780584267317,0.7514727030110226,3.448641877637131,6.0,0.5019079856631461,0.4384331722503285,64,1.0,0.000708215297450425,0.2755681818181818,0.3760502852923946
latent_corruption_recovery__d77a9e82e8__i02,latent_corruption_recovery,latent_corruption_recovery__d77a9e82e8,2,424744514,"{""corruption_fraction"": 0.25, ""corruption_mode"": ""homophily_attack"", ""latent_homophily"": 0.2, ""n"": 240, ""target_avg_degree"": 6}","{""actual_changed_edge_fraction"": 0.21002710027100271, ""clean_edge_homophily"": 0.21002710027100271, ""clean_edges"": 738, ""clean_observed_edge_jaccard"": 0.6528555431131019, ""controlled_property"": ""latent_graph_corruption_recovery"", ""corruption_fraction_requested"": 0.25, ""corruption_mode"": ""homophily_attack"", ""degree_sequence_preserved"": false, ""generation_attempt"": 0, ""labels_generated_before_graph"": true, ""observed_edge_homophily"": 0.0, ""observed_edges"": 738, ""target_latent_homophily"": 0.2}",240,6,0.2,0.25,homophily_attack,240,738,0.025732217573221756,6.15,5.2025,2.280898945591409,0.3708778773319364,1,1.0,0,0.0,0.0,0.027796884219309585,0.28924730527552606,0.6374742781148794,0.14462365263776303,0.7605883318530807,3.389840481171548,7.0,0.5327240816572014,0.46626646566687674,64,1.0,0.0006775067750677507,0.26330150068212826,0.35823124830164293
latent_corruption_recovery__da6b50fe28__i00,latent_corruption_recovery,latent_corruption_recovery__da6b50fe28,0,839704945,"{""corruption_fraction"": 0.25, ""corruption_mode"": ""homophily_attack"", ""latent_homophily"": 0.5, ""n"": 240, ""target_avg_degree"": 12}","{""actual_changed_edge_fraction"": 0.24966622162883845, ""clean_edge_homophily"": 0.4939919893190921, ""clean_edges"": 1498, ""clean_observed_edge_jaccard"": 0.6004273504273504, ""controlled_property"": ""latent_graph_corruption_recovery"", ""corruption_fraction_requested"": 0.25, ""corruption_mode"": ""homophily_attack"", ""degree_sequence_preserved"": false, ""generation_attempt"": 0, ""labels_generated_before_graph"": true, ""observed_edge_homophily"": 0.24432576769025366, ""observed_edges"": 1498, ""target_latent_homophily"": 0.5}",240,12,0.5,0.25,homophily_attack,240,1498,0.05223152022315202,12.483333333333333,12.974722222222223,3.6020441727194603,0.28854826483734,1,1.0,0,0.04730644326487752,0.04749720134335519,0.044815703211168,0.47226884393002505,3.361173765097795,0.23613442196501253,0.9718732879650773,2.449888859832636,4.0,0.1920571173193732,0.19516767413865949,64,4.0,0.0013351134846461949,0.32665330661322645,0.2399046525763769
latent_corruption_recovery__da6b50fe28__i01,latent_corruption_recovery,latent_corruption_recovery__da6b50fe28,1,297626281,"{""corruption_fraction"": 0.25, ""corruption_mode"": ""homophily_attack"", ""latent_homophily"": 0.5, ""n"": 240, ""target_avg_degree"": 12}","{""actual_changed_edge_fraction"": 0.24982456140350878, ""clean_edge_homophily"": 0.5101754385964913, ""clean_edges"": 1425, ""clean_observed_edge_jaccard"": 0.6002245929253228, ""controlled_property"": ""latent_graph_corruption_recovery"", ""corruption_fraction_requested"": 0.25, ""corruption_mode"": ""homophily_attack"", ""degree_sequence_preserved"": false, ""generation_attempt"": 0, ""labels_generated_before_graph"": true, ""observed_edge_homophily"": 0.26035087719298244, ""observed_edges"": 1425, ""target_latent_homophily"": 0.5}",240,12,0.5,0.25,homophily_attack,240,1425,0.049686192468619245,11.875,10.042708333333334,3.169023245943982,0.2668651154479143,1,1.0,0,0.038463213537794576,0.038977367979882646,0.026162224535342008,0.4811254286555813,2.5166776149264445,0.24056271432779064,0.9809438604278853,2.4766278765690375,4.0,0.2065359312130483,0.18987138027432485,64,3.0,0.0010526315789473684,0.34225352112676055,0.24403348722683904
latent_corruption_recovery__da6b50fe28__i02,latent_corruption_recovery,latent_corruption_recovery__da6b50fe28,2,1512139024,"{""corruption_fraction"": 0.25, ""corruption_mode"": ""homophily_attack"", ""latent_homophily"": 0.5, ""n"": 240, ""target_avg_degree"": 12}","{""actual_changed_edge_fraction"": 0.25017421602787454, ""clean_edge_homophily"": 0.49477351916376305, ""clean_edges"": 1435, ""clean_observed_edge_jaccard"": 0.5997770345596433, ""controlled_property"": ""latent_graph_corruption_recovery"", ""corruption_fraction_requested"": 0.25, ""corruption_mode"": ""homophily_attack"", ""degree_sequence_preserved"": false, ""generation_attempt"": 0, ""labels_generated_before_graph"": true, ""observed_edge_homophily"": 0.2445993031358885, ""observed_edges"": 1435, ""target_latent_homophily"": 0.5}",240,12,0.5,0.25,homophily_attack,240,1435,0.05003486750348675,11.958333333333334,10.581597222222221,3.252936707380305,0.27202258180183736,1,1.0,0,0.03969188585876566,0.03971756398940865,-0.034601077814958504,0.46915540014981993,3.136136493047107,0.23457770007490997,0.9686644415377493,2.481661872384937,4.0,0.19819238854873603,0.1986475380187886,64,4.0,0.0013937282229965157,0.3435969209237229,0.2387888647428037
latent_corruption_recovery__dbbbe612ce__i00,latent_corruption_recovery,latent_corruption_recovery__dbbbe612ce,0,1828709851,"{""corruption_fraction"": 0.5, ""corruption_mode"": ""homophily_attack"", ""latent_homophily"": 0.5, ""n"": 600, ""target_avg_degree"": 6}","{""actual_changed_edge_fraction"": 0.5, ""clean_edge_homophily"": 0.5169584245076586, ""clean_edges"": 1828, ""clean_observed_edge_jaccard"": 0.3333333333333333, ""controlled_property"": ""latent_graph_corruption_recovery"", ""corruption_fraction_requested"": 0.5, ""corruption_mode"": ""homophily_attack"", ""degree_sequence_preserved"": false, ""generation_attempt"": 0, ""labels_generated_before_graph"": true, ""observed_edge_homophily"": 0.016958424507658644, ""observed_edges"": 1828, ""target_latent_homophily"": 0.5}",600,6,0.5,0.5,homophily_attack,600,1828,0.010172509738452977,6.093333333333334,6.094622222222222,2.468728867701397,0.4051524399947588,3,0.9966666666666667,2,0.0012407407407407406,0.0010772959870724481,0.038212633576441196,0.2714710879296959,0.6308445664047555,0.13573554396484794,0.7368461005253347,3.8323649497487438,7.0,0.44700240384866596,0.4166831295778569,64,,,0.24642464246424642,0.3720711494907804
latent_corruption_recovery__dbbbe612ce__i01,latent_corruption_recovery,latent_corruption_recovery__dbbbe612ce,1,1679719871,"{""corruption_fraction"": 0.5, ""corruption_mode"": ""homophily_attack"", ""latent_homophily"": 0.5, ""n"": 600, ""target_avg_degree"": 6}","{""actual_changed_edge_fraction"": 0.4947016174010039, ""clean_edge_homophily"": 0.4947016174010039, ""clean_edges"": 1793, ""clean_observed_edge_jaccard"": 0.33805970149253733, ""controlled_property"": ""latent_graph_corruption_recovery"", ""corruption_fraction_requested"": 0.5, ""corruption_mode"": ""homophily_attack"", ""degree_sequence_preserved"": false, ""generation_attempt"": 0, ""labels_generated_before_graph"": true, ""observed_edge_homophily"": 0.0, ""observed_edges"": 1793, ""target_latent_homophily"": 0.5}",600,6,0.5,0.5,homophily_attack,600,1793,0.009977740678909294,5.976666666666667,5.996122222222222,2.4486980667738973,0.40970965980600627,1,1.0,0,0.0,0.0,0.028387875438457798,0.24774900937980016,0.548510829537687,0.12387450468990008,0.7039162015180502,4.006834307178631,8.0,0.5369011472138616,0.44494765779160406,64,,,0.26409826912339474,0.3831826938061477
latent_corruption_recovery__dbbbe612ce__i02,latent_corruption_recovery,latent_corruption_recovery__dbbbe612ce,2,758582025,"{""corruption_fraction"": 0.5, ""corruption_mode"": ""homophily_attack"", ""latent_homophily"": 0.5, ""n"": 600, ""target_avg_degree"": 6}","{""actual_changed_edge_fraction"": 0.5, ""clean_edge_homophily"": 0.5061728395061729, ""clean_edges"": 1782, ""clean_observed_edge_jaccard"": 0.3333333333333333, ""controlled_property"": ""latent_graph_corruption_recovery"", ""corruption_fraction_requested"": 0.5, ""corruption_mode"": ""homophily_attack"", ""degree_sequence_preserved"": false, ""generation_attempt"": 0, ""labels_generated_before_graph"": true, ""observed_edge_homophily"": 0.006172839506172839, ""observed_edges"": 1782, ""target_latent_homophily"": 0.5}",600,6,0.5,0.5,homophily_attack,600,1782,0.00991652754590985,5.94,5.7264,2.3929897617833635,0.4028602292564585,3,0.9966666666666667,2,0.00037037037037037035,0.0005702879954376961,-0.011612353258577077,0.25183548454759797,0.4721030060361406,0.12591774227379898,0.7096978012472605,3.9469221105527637,8.0,0.5210721840257344,0.4758454715463353,64,,,0.2530933633295838,0.38803296715754626
latent_corruption_recovery__de1718bfa1__i00,latent_corruption_recovery,latent_corruption_recovery__de1718bfa1,0,1944947345,"{""corruption_fraction"": 0.5, ""corruption_mode"": ""homophily_attack"", ""latent_homophily"": 0.2, ""n"": 600, ""target_avg_degree"": 12}","{""actual_changed_edge_fraction"": 0.20869322931178602, ""clean_edge_homophily"": 0.20869322931178602, ""clean_edges"": 3589, ""clean_observed_edge_jaccard"": 0.6546795758414016, ""controlled_property"": ""latent_graph_corruption_recovery"", ""corruption_fraction_requested"": 0.5, ""corruption_mode"": ""homophily_attack"", ""degree_sequence_preserved"": false, ""generation_attempt"": 0, ""labels_generated_before_graph"": true, ""observed_edge_homophily"": 0.0, ""observed_edges"": 3589, ""target_latent_homophily"": 0.2}",600,12,0.2,0.5,homophily_attack,600,3589,0.019972175848636618,11.963333333333333,13.068655555555557,3.6150595507620005,0.3021782851013096,1,1.0,0,0.0,0.0,-0.015160297845391944,0.45918553613316826,2.5252590633641354,0.22959276806658413,0.9583167911845939,3.110887938230384,5.0,0.20819701743817892,0.19579326815579967,64,,,0.32292247629670945,0.24883826241927884
latent_corruption_recovery__de1718bfa1__i01,latent_corruption_recovery,latent_corruption_recovery__de1718bfa1,1,666589016,"{""corruption_fraction"": 0.5, ""corruption_mode"": ""homophily_attack"", ""latent_homophily"": 0.2, ""n"": 600, ""target_avg_degree"": 12}","{""actual_changed_edge_fraction"": 0.1981212638770282, ""clean_edge_homophily"": 0.1981212638770282, ""clean_edges"": 3513, ""clean_observed_edge_jaccard"": 0.66928011404134, ""controlled_property"": ""latent_graph_corruption_recovery"", ""corruption_fraction_requested"": 0.5, ""corruption_mode"": ""homophily_attack"", ""degree_sequence_preserved"": false, ""generation_attempt"": 0, ""labels_generated_before_graph"": true, ""observed_edge_homophily"": 0.0, ""observed_edges"": 3513, ""target_latent_homophily"": 0.2}",600,12,0.2,0.5,homophily_attack,600,3513,0.019549248747913188,11.71,11.379233333333335,3.3733119235157214,0.2880710438527516,1,1.0,0,0.0,0.0,-0.011280683509978533,0.45565241289264286,2.5001207993842924,0.22782620644632143,0.9546228709732895,3.1210872287145244,5.0,0.2189090233232613,0.2083251402682802,64,,,0.32343705395375394,0.24108178082643553
latent_corruption_recovery__de1718bfa1__i02,latent_corruption_recovery,latent_corruption_recovery__de1718bfa1,2,1988074499,"{""corruption_fraction"": 0.5, ""corruption_mode"": ""homophily_attack"", ""latent_homophily"": 0.2, ""n"": 600, ""target_avg_degree"": 12}","{""actual_changed_edge_fraction"": 0.19727148703956343, ""clean_edge_homophily"": 0.19727148703956343, ""clean_edges"": 3665, ""clean_observed_edge_jaccard"": 0.6704649042844121, ""controlled_property"": ""latent_graph_corruption_recovery"", ""corruption_fraction_requested"": 0.5, ""corruption_mode"": ""homophily_attack"", ""degree_sequence_preserved"": false, ""generation_attempt"": 0, ""labels_generated_before_graph"": true, ""observed_edge_homophily"": 0.0, ""observed_edges"": 3665, ""target_latent_homophily"": 0.2}",600,12,0.2,0.5,homophily_attack,600,3665,0.020395102949360044,12.216666666666667,10.599722222222221,3.2557214595573467,0.26649834593920985,1,1.0,0,0.0,0.0,-0.003249775290251934,0.4705327147619198,3.432709626099929,0.2352663573809599,0.9700852692025788,3.086028797996661,5.0,0.1829748531223544,0.17833597816046706,64,,,0.3306033306033306,0.24720829944406086
latent_corruption_recovery__e2cfe58247__i00,latent_corruption_recovery,latent_corruption_recovery__e2cfe58247,0,1689195443,"{""corruption_fraction"": 0.25, ""corruption_mode"": ""homophily_attack"", ""latent_homophily"": 0.5, ""n"": 600, ""target_avg_degree"": 12}","{""actual_changed_edge_fraction"": 0.25, ""clean_edge_homophily"": 0.4922048997772829, ""clean_edges"": 3592, ""clean_observed_edge_jaccard"": 0.6, ""controlled_property"": ""latent_graph_corruption_recovery"", ""corruption_fraction_requested"": 0.25, ""corruption_mode"": ""homophily_attack"", ""degree_sequence_preserved"": false, ""generation_attempt"": 0, ""labels_generated_before_graph"": true, ""observed_edge_homophily"": 0.24220489977728285, ""observed_edges"": 3592, ""target_latent_homophily"": 0.5}",600,12,0.5,0.25,homophily_attack,600,3592,0.019988870339454647,11.973333333333333,11.71262222222222,3.422370848143465,0.28583275457768365,1,1.0,0,0.018168565911212995,0.01761006289308176,-0.01949364987045817,0.4646339680657494,2.476672804284791,0.2323169840328747,0.9639854439417116,2.827342445742905,5.0,0.20743810126897683,0.1912959896525146,64,,,0.31844822774211556,0.25364577649664427
latent_corruption_recovery__e2cfe58247__i01,latent_corruption_recovery,latent_corruption_recovery__e2cfe58247,1,1910956003,"{""corruption_fraction"": 0.25, ""corruption_mode"": ""homophily_attack"", ""latent_homophily"": 0.5, ""n"": 600, ""target_avg_degree"": 12}","{""actual_changed_edge_fraction"": 0.25, ""clean_edge_homophily"": 0.49197120708748615, ""clean_edges"": 3612, ""clean_observed_edge_jaccard"": 0.6, ""controlled_property"": ""latent_graph_corruption_recovery"", ""corruption_fraction_requested"": 0.25, ""corruption_mode"": ""homophily_attack"", ""degree_sequence_preserved"": false, ""generation_attempt"": 0, ""labels_generated_before_graph"": true, ""observed_edge_homophily"": 0.24197120708748615, ""observed_edges"": 3612, ""target_latent_homophily"": 0.5}",600,12,0.5,0.25,homophily_attack,600,3612,0.02010016694490818,12.04,11.655066666666666,3.413951766892243,0.2835508112036747,1,1.0,0,0.019170007460221496,0.018536877781108064,-0.004779195354283986,0.456453050822217,2.604864632177846,0.2282265254111085,0.9554611983981526,2.8409849749582636,4.0,0.20181078780937142,0.18490120160760226,64,,,0.3290752568730908,0.25352334687255107
latent_corruption_recovery__e2cfe58247__i02,latent_corruption_recovery,latent_corruption_recovery__e2cfe58247,2,1751915987,"{""corruption_fraction"": 0.25, ""corruption_mode"": ""homophily_attack"", ""latent_homophily"": 0.5, ""n"": 600, ""target_avg_degree"": 12}","{""actual_changed_edge_fraction"": 0.25, ""clean_edge_homophily"": 0.5043811610076671, ""clean_edges"": 3652, ""clean_observed_edge_jaccard"": 0.6, ""controlled_property"": ""latent_graph_corruption_recovery"", ""corruption_fraction_requested"": 0.25, ""corruption_mode"": ""homophily_attack"", ""degree_sequence_preserved"": false, ""generation_attempt"": 0, ""labels_generated_before_graph"": true, ""observed_edge_homophily"": 0.25438116100766706, ""observed_edges"": 3652, ""target_latent_homophily"": 0.5}",600,12,0.5,0.25,homophily_attack,600,3652,0.02032276015581525,12.173333333333334,12.066622222222222,3.473704394766806,0.2853535921221363,1,1.0,0,0.01568003420877295,0.0157343837929094,0.0024446872743995886,0.465728774312311,2.6538037922381394,0.2328643871561555,0.9651204839939012,2.8206385642737897,4.0,0.1959080291836982,0.19380814650008382,64,,,0.32986301369863014,0.24225750207841223
latent_corruption_recovery__ed4dd8c549__i00,latent_corruption_recovery,latent_corruption_recovery__ed4dd8c549,0,918909045,"{""corruption_fraction"": 0.5, ""corruption_mode"": ""degree_preserving"", ""latent_homophily"": 0.2, ""n"": 600, ""target_avg_degree"": 12}","{""actual_changed_edge_fraction"": 0.6218371837183718, ""clean_edge_homophily"": 0.19224422442244224, ""clean_edges"": 3636, ""clean_observed_edge_jaccard"": 0.23316940817364762, ""controlled_property"": ""latent_graph_corruption_recovery"", ""corruption_fraction_requested"": 0.5, ""corruption_mode"": ""degree_preserving"", ""degree_sequence_preserved"": true, ""generation_attempt"": 0, ""labels_generated_before_graph"": true, ""observed_edge_homophily"": 0.3990649064906491, ""observed_edges"": 3636, ""target_latent_homophily"": 0.2}",600,12,0.2,0.5,degree_preserving,600,3636,0.02023372287145242,12.12,11.542266666666666,3.397391155970514,0.2803128016477322,1,1.0,0,0.01908160651697805,0.018726506435812734,-0.02061201643190734,0.4678232483921594,3.549106634763302,0.2339116241960797,0.9672882180530883,2.8301857262103507,5.0,0.19456327587971928,0.19899761981602743,64,,,0.32268722466960353,0.24954007020614052
latent_corruption_recovery__ed4dd8c549__i01,latent_corruption_recovery,latent_corruption_recovery__ed4dd8c549,1,1530200041,"{""corruption_fraction"": 0.5, ""corruption_mode"": ""degree_preserving"", ""latent_homophily"": 0.2, ""n"": 600, ""target_avg_degree"": 12}","{""actual_changed_edge_fraction"": 0.6213326021387442, ""clean_edge_homophily"": 0.19577735124760076, ""clean_edges"": 3647, ""clean_observed_edge_jaccard"": 0.23355318789108742, ""controlled_property"": ""latent_graph_corruption_recovery"", ""corruption_fraction_requested"": 0.5, ""corruption_mode"": ""degree_preserving"", ""degree_sequence_preserved"": true, ""generation_attempt"": 0, ""labels_generated_before_graph"": true, ""observed_edge_homophily"": 0.3921030984370716, ""observed_edges"": 3647, ""target_latent_homophily"": 0.2}",600,12,0.2,0.5,degree_preserving,600,3647,0.020294936004451865,12.156666666666666,12.332122222222223,3.5117121496817223,0.28887130378517045,1,1.0,0,0.019758717972059844,0.02020816436874831,0.007032567569091771,0.4582020854794752,2.6247701594812116,0.2291010427397376,0.9572900140286382,2.8242383138564273,4.0,0.19151748979734592,0.1898677208958436,64,,,0.3296763576522216,0.2514402160081542
latent_corruption_recovery__ed4dd8c549__i02,latent_corruption_recovery,latent_corruption_recovery__ed4dd8c549,2,406474089,"{""corruption_fraction"": 0.5, ""corruption_mode"": ""degree_preserving"", ""latent_homophily"": 0.2, ""n"": 600, ""target_avg_degree"": 12}","{""actual_changed_edge_fraction"": 0.620253164556962, ""clean_edge_homophily"": 0.1992294991744634, ""clean_edges"": 3634, ""clean_observed_edge_jaccard"": 0.234375, ""controlled_property"": ""latent_graph_corruption_recovery"", ""corruption_fraction_requested"": 0.5, ""corruption_mode"": ""degree_preserving"", ""degree_sequence_preserved"": true, ""generation_attempt"": 0, ""labels_generated_before_graph"": true, ""observed_edge_homophily"": 0.3869014859658778, ""observed_edges"": 3634, ""target_latent_homophily"": 0.2}",600,12,0.2,0.5,degree_preserving,600,3634,0.020222593210907067,12.113333333333333,11.80048888888889,3.4351839672554494,0.2835870088543299,1,1.0,0,0.020227011183852596,0.020967080999863406,0.02877013124672153,0.4559011232959629,1.7889306427402125,0.22795056164798144,0.9548833680570239,2.8235079298831387,5.0,0.20266332025815736,0.1922626158017161,64,,,0.31936017650303367,0.2508165255131851
latent_corruption_recovery__ee85428499__i00,latent_corruption_recovery,latent_corruption_recovery__ee85428499,0,1862115341,"{""corruption_fraction"": 0.5, ""corruption_mode"": ""degree_preserving"", ""latent_homophily"": 0.2, ""n"": 240, ""target_avg_degree"": 12}","{""actual_changed_edge_fraction"": 0.5979827089337176, ""clean_edge_homophily"": 0.19956772334293948, ""clean_edges"": 1388, ""clean_observed_edge_jaccard"": 0.2515779981965735, ""controlled_property"": ""latent_graph_corruption_recovery"", ""corruption_fraction_requested"": 0.5, ""corruption_mode"": ""degree_preserving"", ""degree_sequence_preserved"": true, ""generation_attempt"": 0, ""labels_generated_before_graph"": true, ""observed_edge_homophily"": 0.3984149855907781, ""observed_edges"": 1388, ""target_latent_homophily"": 0.2}",240,12,0.2,0.5,degree_preserving,240,1388,0.04839609483960949,11.566666666666666,11.095555555555556,3.330999182761166,0.28798263827906334,1,1.0,0,0.044929462452303635,0.043692961620202524,0.004991852487446771,0.4588209353357536,2.6197188905313733,0.2294104676678768,0.9579362560585685,2.4995750523012554,4.0,0.20613957910198322,0.19964515882377035,64,3.0,0.001080691642651297,0.3212996389891697,0.24526094394937253
latent_corruption_recovery__ee85428499__i01,latent_corruption_recovery,latent_corruption_recovery__ee85428499,1,1698062908,"{""corruption_fraction"": 0.5, ""corruption_mode"": ""degree_preserving"", ""latent_homophily"": 0.2, ""n"": 240, ""target_avg_degree"": 12}","{""actual_changed_edge_fraction"": 0.6106500691562933, ""clean_edge_homophily"": 0.20401106500691563, ""clean_edges"": 1446, ""clean_observed_edge_jaccard"": 0.24173465006440534, ""controlled_property"": ""latent_graph_corruption_recovery"", ""corruption_fraction_requested"": 0.5, ""corruption_mode"": ""degree_preserving"", ""degree_sequence_preserved"": true, ""generation_attempt"": 0, ""labels_generated_before_graph"": true, ""observed_edge_homophily"": 0.40594744121715076, ""observed_edges"": 1446, ""target_latent_homophily"": 0.2}",240,12,0.2,0.5,degree_preserving,240,1446,0.05041841004184101,12.05,12.0975,3.478146057887736,0.28864282638072497,1,1.0,0,0.05339592095784042,0.05370051635111876,-0.005245623180388275,0.4736431712186248,3.626416382825473,0.2368215856093124,0.973286361990781,2.462081589958159,4.0,0.20409861698357662,0.20335870281991697,64,4.0,0.0013831258644536654,0.3305613305613306,0.23957394749478222
latent_corruption_recovery__ee85428499__i02,latent_corruption_recovery,latent_corruption_recovery__ee85428499,2,1191237029,"{""corruption_fraction"": 0.5, ""corruption_mode"": ""degree_preserving"", ""latent_homophily"": 0.2, ""n"": 240, ""target_avg_degree"": 12}","{""actual_changed_edge_fraction"": 0.6304801670146137, ""clean_edge_homophily"": 0.2164231036882394, ""clean_edges"": 1437, ""clean_observed_edge_jaccard"": 0.2266325224071703, ""controlled_property"": ""latent_graph_corruption_recovery"", ""corruption_fraction_requested"": 0.5, ""corruption_mode"": ""degree_preserving"", ""degree_sequence_preserved"": true, ""generation_attempt"": 0, ""labels_generated_before_graph"": true, ""observed_edge_homophily"": 0.4057063326374391, ""observed_edges"": 1437, ""target_latent_homophily"": 0.2}",240,12,0.2,0.5,degree_preserving,240,1437,0.05010460251046025,11.975,11.149375,3.3390679837343833,0.2788365748421197,1,1.0,0,0.04704657968880103,0.04769419603717342,-0.019684992800243013,0.4590379441534177,3.471575630228944,0.22951897207670885,0.9581627671261472,2.4841461820083683,4.0,0.20198689483097904,0.19952764363432776,64,4.0,0.0013917884481558804,0.318941504178273,0.2483589342019178
latent_corruption_recovery__f101d416ea__i00,latent_corruption_recovery,latent_corruption_recovery__f101d416ea,0,1916798352,"{""corruption_fraction"": 0.25, ""corruption_mode"": ""degree_preserving"", ""latent_homophily"": 0.8, ""n"": 240, ""target_avg_degree"": 6}","{""actual_changed_edge_fraction"": 0.3814866760168303, ""clean_edge_homophily"": 0.7868162692847125, ""clean_edges"": 713, ""clean_observed_edge_jaccard"": 0.44771573604060916, ""controlled_property"": ""latent_graph_corruption_recovery"", ""corruption_fraction_requested"": 0.25, ""corruption_mode"": ""degree_preserving"", ""degree_sequence_preserved"": true, ""generation_attempt"": 0, ""labels_generated_before_graph"": true, ""observed_edge_homophily"": 0.6437587657784011, ""observed_edges"": 713, ""target_latent_homophily"": 0.8}",240,6,0.8,0.25,degree_preserving,240,713,0.024860529986053,5.941666666666666,5.721597222222223,2.3919860413936833,0.40257829588673494,1,1.0,0,0.028488349885408677,0.027078384798099764,-0.004560883073896798,0.2645077888503012,0.8528780475310843,0.1322538944251506,0.7273345706761107,3.242972018828452,6.0,0.4994310856397111,0.44778292806919784,64,1.0,0.0007012622720897616,0.25036603221083453,0.3801687357018228
latent_corruption_recovery__f101d416ea__i01,latent_corruption_recovery,latent_corruption_recovery__f101d416ea,1,659700784,"{""corruption_fraction"": 0.25, ""corruption_mode"": ""degree_preserving"", ""latent_homophily"": 0.8, ""n"": 240, ""target_avg_degree"": 6}","{""actual_changed_edge_fraction"": 0.3979591836734694, ""clean_edge_homophily"": 0.798469387755102, ""clean_edges"": 784, ""clean_observed_edge_jaccard"": 0.4306569343065693, ""controlled_property"": ""latent_graph_corruption_recovery"", ""corruption_fraction_requested"": 0.25, ""corruption_mode"": ""degree_preserving"", ""degree_sequence_preserved"": true, ""generation_attempt"": 0, ""labels_generated_before_graph"": true, ""observed_edge_homophily"": 0.6887755102040817, ""observed_edges"": 784, ""target_latent_homophily"": 0.8}",240,6,0.8,0.25,degree_preserving,240,784,0.027336122733612273,6.533333333333333,6.040555555555557,2.4577541690648306,0.3761868626119639,1,1.0,0,0.02072159322159321,0.0225162946869445,0.00786756929768993,0.3054277483372572,0.8158093150488179,0.1527138741686286,0.7815724513277796,3.109767259414226,6.0,0.43639163013515,0.39734660044785797,64,1.0,0.0006377551020408163,0.27458492975734355,0.34832654362765514
latent_corruption_recovery__f101d416ea__i02,latent_corruption_recovery,latent_corruption_recovery__f101d416ea,2,251336586,"{""corruption_fraction"": 0.25, ""corruption_mode"": ""degree_preserving"", ""latent_homophily"": 0.8, ""n"": 240, ""target_avg_degree"": 6}","{""actual_changed_edge_fraction"": 0.3997113997113997, ""clean_edge_homophily"": 0.784992784992785, ""clean_edges"": 693, ""clean_observed_edge_jaccard"": 0.4288659793814433, ""controlled_property"": ""latent_graph_corruption_recovery"", ""corruption_fraction_requested"": 0.25, ""corruption_mode"": ""degree_preserving"", ""degree_sequence_preserved"": true, ""generation_attempt"": 0, ""labels_generated_before_graph"": true, ""observed_edge_homophily"": 0.6724386724386724, ""observed_edges"": 693, ""target_latent_homophily"": 0.8}",240,6,0.8,0.25,degree_preserving,240,693,0.02416317991631799,5.775,5.416041666666667,2.3272390652158337,0.40298511951789323,1,1.0,0,0.019207875457875452,0.020459712048497097,-0.0079205052743964,0.26668851819460915,0.7022060536834409,0.13334425909730457,0.7303266641642069,3.3023012552301254,6.0,0.5398816160392224,0.5160105114997726,64,1.0,0.0007215007215007215,0.2536443148688047,0.3911783262432613
latent_corruption_recovery__f14dcf4321__i00,latent_corruption_recovery,latent_corruption_recovery__f14dcf4321,0,1062004695,"{""corruption_fraction"": 0.25, ""corruption_mode"": ""degree_preserving"", ""latent_homophily"": 0.5, ""n"": 240, ""target_avg_degree"": 6}","{""actual_changed_edge_fraction"": 0.40236686390532544, ""clean_edge_homophily"": 0.4985207100591716, ""clean_edges"": 676, ""clean_observed_edge_jaccard"": 0.42616033755274263, ""controlled_property"": ""latent_graph_corruption_recovery"", ""corruption_fraction_requested"": 0.25, ""corruption_mode"": ""degree_preserving"", ""degree_sequence_preserved"": true, ""generation_attempt"": 0, ""labels_generated_before_graph"": true, ""observed_edge_homophily"": 0.522189349112426, ""observed_edges"": 676, ""target_latent_homophily"": 0.5}",240,6,0.5,0.25,degree_preserving,240,676,0.023570432357043234,5.633333333333334,6.198888888888889,2.4897567931203417,0.44196866150065234,4,0.9875,3,0.02414532227032225,0.02476780185758514,-0.01053831262099615,0.24331060000096755,0.6935009185314696,0.12165530000048377,0.6975823965682728,3.3102820444915255,6.0,0.5644087853903372,0.5170567104062394,64,1.0,0.0007396449704142012,0.23328380386329867,0.39823863835299883
latent_corruption_recovery__f14dcf4321__i01,latent_corruption_recovery,latent_corruption_recovery__f14dcf4321,1,89218054,"{""corruption_fraction"": 0.25, ""corruption_mode"": ""degree_preserving"", ""latent_homophily"": 0.5, ""n"": 240, ""target_avg_degree"": 6}","{""actual_changed_edge_fraction"": 0.3878437047756874, ""clean_edge_homophily"": 0.4645441389290883, ""clean_edges"": 691, ""clean_observed_edge_jaccard"": 0.4410844629822732, ""controlled_property"": ""latent_graph_corruption_recovery"", ""corruption_fraction_requested"": 0.25, ""corruption_mode"": ""degree_preserving"", ""degree_sequence_preserved"": true, ""generation_attempt"": 0, ""labels_generated_before_graph"": true, ""observed_edge_homophily"": 0.4905933429811867, ""observed_edges"": 691, ""target_latent_homophily"": 0.5}",240,6,0.5,0.25,degree_preserving,240,691,0.02409344490934449,5.758333333333334,6.1165972222222225,2.473175534049741,0.4294950276207944,1,1.0,0,0.01889087764087764,0.019393336648433616,-0.023905104867461835,0.25192061082175593,0.6343293158027954,0.12596030541087797,0.7098177383268974,3.329269089958159,6.0,0.537757616201582,0.4499099562933568,64,1.0,0.000723589001447178,0.2692867540029112,0.3867965426896567
latent_corruption_recovery__f14dcf4321__i02,latent_corruption_recovery,latent_corruption_recovery__f14dcf4321,2,425139917,"{""corruption_fraction"": 0.25, ""corruption_mode"": ""degree_preserving"", ""latent_homophily"": 0.5, ""n"": 240, ""target_avg_degree"": 6}","{""actual_changed_edge_fraction"": 0.40715268225584594, ""clean_edge_homophily"": 0.5075653370013755, ""clean_edges"": 727, ""clean_observed_edge_jaccard"": 0.42130987292277616, ""controlled_property"": ""latent_graph_corruption_recovery"", ""corruption_fraction_requested"": 0.25, ""corruption_mode"": ""degree_preserving"", ""degree_sequence_preserved"": true, ""generation_attempt"": 0, ""labels_generated_before_graph"": true, ""observed_edge_homophily"": 0.5103163686382394, ""observed_edges"": 727, ""target_latent_homophily"": 0.5}",240,6,0.5,0.25,degree_preserving,240,727,0.025348675034867502,6.058333333333334,6.221597222222221,2.49431297599604,0.41171603455230366,1,1.0,0,0.022643999518999498,0.02305605786618445,-0.0193779395048254,0.2525891662579955,0.7586950724749462,0.12629458312899774,0.7107589834226444,3.2221495815899583,6.0,0.5403103697849663,0.45607912579087806,64,1.0,0.000687757909215956,0.2535612535612536,0.366521042364752
latent_corruption_recovery__f3f6b58ede__i00,latent_corruption_recovery,latent_corruption_recovery__f3f6b58ede,0,582573256,"{""corruption_fraction"": 0.5, ""corruption_mode"": ""degree_preserving"", ""latent_homophily"": 0.8, ""n"": 240, ""target_avg_degree"": 6}","{""actual_changed_edge_fraction"": 0.6159217877094972, ""clean_edge_homophily"": 0.8114525139664804, ""clean_edges"": 716, ""clean_observed_edge_jaccard"": 0.23768366464995677, ""controlled_property"": ""latent_graph_corruption_recovery"", ""corruption_fraction_requested"": 0.5, ""corruption_mode"": ""degree_preserving"", ""degree_sequence_preserved"": true, ""generation_attempt"": 0, ""labels_generated_before_graph"": true, ""observed_edge_homophily"": 0.6243016759776536, ""observed_edges"": 716, ""target_latent_homophily"": 0.8}",240,6,0.8,0.5,degree_preserving,240,716,0.024965132496513248,5.966666666666667,5.373888888888889,2.3181649831038533,0.3885192709112603,1,1.0,0,0.026385373885373865,0.025708164722685074,-0.01204175505774455,0.2736202994952983,0.7899380191355034,0.13681014974764916,0.739757121622088,3.251372907949791,6.0,0.49642579036187723,0.4666594089946797,64,1.0,0.0006983240223463687,0.24719101123595505,0.3925634343497394
latent_corruption_recovery__f3f6b58ede__i01,latent_corruption_recovery,latent_corruption_recovery__f3f6b58ede,1,1898434021,"{""corruption_fraction"": 0.5, ""corruption_mode"": ""degree_preserving"", ""latent_homophily"": 0.8, ""n"": 240, ""target_avg_degree"": 6}","{""actual_changed_edge_fraction"": 0.605890603085554, ""clean_edge_homophily"": 0.8106591865357644, ""clean_edges"": 713, ""clean_observed_edge_jaccard"": 0.24541484716157205, ""controlled_property"": ""latent_graph_corruption_recovery"", ""corruption_fraction_requested"": 0.5, ""corruption_mode"": ""degree_preserving"", ""degree_sequence_preserved"": true, ""generation_attempt"": 0, ""labels_generated_before_graph"": true, ""observed_edge_homophily"": 0.6115007012622721, ""observed_edges"": 713, ""target_latent_homophily"": 0.8}",240,6,0.8,0.5,degree_preserving,240,713,0.024860529986053,5.941666666666666,6.0799305555555545,2.4657515194267963,0.4149932431012841,1,1.0,0,0.022092583342583332,0.022572301904537972,-0.023413022590512363,0.26944977651428687,0.6450632583136393,0.13472488825714343,0.734097781653489,3.2365324267782425,6.0,0.5053699615593914,0.42644082267582195,64,1.0,0.0007012622720897616,0.24788732394366197,0.3730400555502007
latent_corruption_recovery__f3f6b58ede__i02,latent_corruption_recovery,latent_corruption_recovery__f3f6b58ede,2,592696726,"{""corruption_fraction"": 0.5, ""corruption_mode"": ""degree_preserving"", ""latent_homophily"": 0.8, ""n"": 240, ""target_avg_degree"": 6}","{""actual_changed_edge_fraction"": 0.6446629213483146, ""clean_edge_homophily"": 0.800561797752809, ""clean_edges"": 712, ""clean_observed_edge_jaccard"": 0.21605465414175917, ""controlled_property"": ""latent_graph_corruption_recovery"", ""corruption_fraction_requested"": 0.5, ""corruption_mode"": ""degree_preserving"", ""degree_sequence_preserved"": true, ""generation_attempt"": 0, ""labels_generated_before_graph"": true, ""observed_edge_homophily"": 0.5926966292134831, ""observed_edges"": 712, ""target_latent_homophily"": 0.8}",240,6,0.8,0.5,degree_preserving,240,712,0.02482566248256625,5.933333333333334,6.103888888888889,2.4706049641512684,0.4163940950816744,1,1.0,0,0.02468223905723904,0.02685512367491166,-0.05092422513180537,0.2661371456683785,0.4985536177902,0.13306857283418924,0.7295713065470414,3.241010721757322,7.0,0.4879842793189233,0.4216226547877674,64,1.0,0.0007022471910112359,0.28651685393258425,0.37526235639439465
latent_corruption_recovery__f5355abc06__i00,latent_corruption_recovery,latent_corruption_recovery__f5355abc06,0,1933563003,"{""corruption_fraction"": 0.0, ""corruption_mode"": ""none"", ""latent_homophily"": 0.5, ""n"": 600, ""target_avg_degree"": 12}","{""actual_changed_edge_fraction"": 0.0, ""clean_edge_homophily"": 0.4954077372669079, ""clean_edges"": 3593, ""clean_observed_edge_jaccard"": 1.0, ""controlled_property"": ""latent_graph_corruption_recovery"", ""corruption_fraction_requested"": 0.0, ""corruption_mode"": ""none"", ""degree_sequence_preserved"": true, ""generation_attempt"": 0, ""labels_generated_before_graph"": true, ""observed_edge_homophily"": 0.4954077372669079, ""observed_edges"": 3593, ""target_latent_homophily"": 0.5}",600,12,0.5,0.0,none,600,3593,0.019994435169727324,11.976666666666667,10.60278888888889,3.2561923912583683,0.2718780176391624,1,1.0,0,0.01859891089439817,0.018793993430314408,-0.014627945896454027,0.4558337685692805,1.780876636950785,0.22791688428464024,0.9548128283273958,2.8273946160267114,4.0,0.20085733474111778,0.19027193778970017,64,,,0.3210804789752158,0.25563096254592205
latent_corruption_recovery__f5355abc06__i01,latent_corruption_recovery,latent_corruption_recovery__f5355abc06,1,658929854,"{""corruption_fraction"": 0.0, ""corruption_mode"": ""none"", ""latent_homophily"": 0.5, ""n"": 600, ""target_avg_degree"": 12}","{""actual_changed_edge_fraction"": 0.0, ""clean_edge_homophily"": 0.5012455023526156, ""clean_edges"": 3613, ""clean_observed_edge_jaccard"": 1.0, ""controlled_property"": ""latent_graph_corruption_recovery"", ""corruption_fraction_requested"": 0.0, ""corruption_mode"": ""none"", ""degree_sequence_preserved"": true, ""generation_attempt"": 0, ""labels_generated_before_graph"": true, ""observed_edge_homophily"": 0.5012455023526156, ""observed_edges"": 3613, ""target_latent_homophily"": 0.5}",600,12,0.5,0.0,none,600,3613,0.02010573177518086,12.043333333333333,10.301455555555556,3.209588066334301,0.26650329916974547,1,1.0,0,0.018227312490234838,0.01870202372644801,-0.035167670617002204,0.4566542501275351,3.2465756535226595,0.22832712506376754,0.9556717534044156,2.8247991444073457,4.0,0.1902368623329265,0.1914042094876039,64,,,0.31616832779623477,0.2517538804310081
latent_corruption_recovery__f5355abc06__i02,latent_corruption_recovery,latent_corruption_recovery__f5355abc06,2,393116920,"{""corruption_fraction"": 0.0, ""corruption_mode"": ""none"", ""latent_homophily"": 0.5, ""n"": 600, ""target_avg_degree"": 12}","{""actual_changed_edge_fraction"": 0.0, ""clean_edge_homophily"": 0.4971827206868795, ""clean_edges"": 3727, ""clean_observed_edge_jaccard"": 1.0, ""controlled_property"": ""latent_graph_corruption_recovery"", ""corruption_fraction_requested"": 0.0, ""corruption_mode"": ""none"", ""degree_sequence_preserved"": true, ""generation_attempt"": 0, ""labels_generated_before_graph"": true, ""observed_edge_homophily"": 0.4971827206868795, ""observed_edges"": 3727, ""target_latent_homophily"": 0.5}",600,12,0.5,0.0,none,600,3727,0.020740122426265998,12.423333333333334,12.964122222222223,3.6005724853448267,0.28982338223864984,1,1.0,0,0.021456239205572897,0.021048553719008264,-0.023590185782551083,0.4647681774827283,3.3651046336991786,0.23238408874136415,0.9641246573786278,2.7914101627712853,4.0,0.19791256363397575,0.19191197222420747,64,,,0.31936610260542575,0.2502904676992503
latent_corruption_recovery__f5e62919fb__i00,latent_corruption_recovery,latent_corruption_recovery__f5e62919fb,0,1436708114,"{""corruption_fraction"": 0.5, ""corruption_mode"": ""homophily_attack"", ""latent_homophily"": 0.8, ""n"": 240, ""target_avg_degree"": 12}","{""actual_changed_edge_fraction"": 0.49965870307167237, ""clean_edge_homophily"": 0.7972696245733788, ""clean_edges"": 1465, ""clean_observed_edge_jaccard"": 0.3336367774237597, ""controlled_property"": ""latent_graph_corruption_recovery"", ""corruption_fraction_requested"": 0.5, ""corruption_mode"": ""homophily_attack"", ""degree_sequence_preserved"": false, ""generation_attempt"": 0, ""labels_generated_before_graph"": true, ""observed_edge_homophily"": 0.2976109215017065, ""observed_edges"": 1465, ""target_latent_homophily"": 0.8}",240,12,0.8,0.5,homophily_attack,240,1465,0.05108089260808926,12.208333333333334,9.273263888888888,3.0452034232361043,0.2494364578759949,1,1.0,0,0.05122985885660027,0.05116066845377289,-0.003981901054201417,0.46488515755413057,4.09359669768944,0.23244257877706528,0.9642459826767551,2.4667233263598325,4.0,0.19185371692845227,0.1910109476038544,64,5.0,0.0017064846416382253,0.3137388926862611,0.23838553739705765
latent_corruption_recovery__f5e62919fb__i01,latent_corruption_recovery,latent_corruption_recovery__f5e62919fb,1,1088261786,"{""corruption_fraction"": 0.5, ""corruption_mode"": ""homophily_attack"", ""latent_homophily"": 0.8, ""n"": 240, ""target_avg_degree"": 12}","{""actual_changed_edge_fraction"": 0.5, ""clean_edge_homophily"": 0.8170391061452514, ""clean_edges"": 1432, ""clean_observed_edge_jaccard"": 0.3333333333333333, ""controlled_property"": ""latent_graph_corruption_recovery"", ""corruption_fraction_requested"": 0.5, ""corruption_mode"": ""homophily_attack"", ""degree_sequence_preserved"": false, ""generation_attempt"": 0, ""labels_generated_before_graph"": true, ""observed_edge_homophily"": 0.3170391061452514, ""observed_edges"": 1432, ""target_latent_homophily"": 0.8}",240,12,0.8,0.5,homophily_attack,240,1432,0.049930264993026496,11.933333333333334,12.395555555555555,3.5207322470695717,0.2950334285253831,1,1.0,0,0.04392829235321494,0.044447036864209054,-0.02447856966086449,0.47293672480582,3.330459189942613,0.23646836240291,0.9725602550030717,2.477347018828452,4.0,0.2105047027297881,0.20069479306039392,64,5.0,0.0017458100558659217,0.3338008415147265,0.23977384444929933
latent_corruption_recovery__f5e62919fb__i02,latent_corruption_recovery,latent_corruption_recovery__f5e62919fb,2,1451459118,"{""corruption_fraction"": 0.5, ""corruption_mode"": ""homophily_attack"", ""latent_homophily"": 0.8, ""n"": 240, ""target_avg_degree"": 12}","{""actual_changed_edge_fraction"": 0.5, ""clean_edge_homophily"": 0.7921195652173914, ""clean_edges"": 1472, ""clean_observed_edge_jaccard"": 0.3333333333333333, ""controlled_property"": ""latent_graph_corruption_recovery"", ""corruption_fraction_requested"": 0.5, ""corruption_mode"": ""homophily_attack"", ""degree_sequence_preserved"": false, ""generation_attempt"": 0, ""labels_generated_before_graph"": true, ""observed_edge_homophily"": 0.2921195652173913, ""observed_edges"": 1472, ""target_latent_homophily"": 0.8}",240,12,0.8,0.5,homophily_attack,240,1472,0.051324965132496514,12.266666666666667,12.503888888888888,3.5360838351047175,0.2882677039487541,1,1.0,0,0.04902948144047211,0.04893558197401161,-0.0001382120214520943,0.48723098781054497,2.6746846105059072,0.24361549390527248,0.9871484060773689,2.4806158472803346,4.0,0.19738388252565348,0.18864981214900373,64,3.0,0.0010190217391304348,0.3333333333333333,0.23395502274338373
latent_corruption_recovery__f64e9a117d__i00,latent_corruption_recovery,latent_corruption_recovery__f64e9a117d,0,229225580,"{""corruption_fraction"": 0.25, ""corruption_mode"": ""homophily_attack"", ""latent_homophily"": 0.5, ""n"": 240, ""target_avg_degree"": 6}","{""actual_changed_edge_fraction"": 0.24932249322493225, ""clean_edge_homophily"": 0.491869918699187, ""clean_edges"": 738, ""clean_observed_edge_jaccard"": 0.6008676789587852, ""controlled_property"": ""latent_graph_corruption_recovery"", ""corruption_fraction_requested"": 0.25, ""corruption_mode"": ""homophily_attack"", ""degree_sequence_preserved"": false, ""generation_attempt"": 0, ""labels_generated_before_graph"": true, ""observed_edge_homophily"": 0.24254742547425473, ""observed_edges"": 738, ""target_latent_homophily"": 0.5}",240,6,0.5,0.25,homophily_attack,240,738,0.025732217573221756,6.15,6.610833333333333,2.5711540858792055,0.41807383510230983,1,1.0,0,0.026368654493654484,0.024814976055724858,-0.019606383268771992,0.2610570927632498,0.7807294756635149,0.1305285463816249,0.7225746920052623,3.219109571129707,6.0,0.4969182168943021,0.4318728879354695,64,1.0,0.0006775067750677507,0.24331926863572434,0.36756486806060473
latent_corruption_recovery__f64e9a117d__i01,latent_corruption_recovery,latent_corruption_recovery__f64e9a117d,1,248594575,"{""corruption_fraction"": 0.25, ""corruption_mode"": ""homophily_attack"", ""latent_homophily"": 0.5, ""n"": 240, ""target_avg_degree"": 6}","{""actual_changed_edge_fraction"": 0.25, ""clean_edge_homophily"": 0.5212765957446809, ""clean_edges"": 752, ""clean_observed_edge_jaccard"": 0.6, ""controlled_property"": ""latent_graph_corruption_recovery"", ""corruption_fraction_requested"": 0.25, ""corruption_mode"": ""homophily_attack"", ""degree_sequence_preserved"": false, ""generation_attempt"": 0, ""labels_generated_before_graph"": true, ""observed_edge_homophily"": 0.2712765957446808, ""observed_edges"": 752, ""target_latent_homophily"": 0.5}",240,6,0.5,0.25,homophily_attack,240,752,0.026220362622036263,6.266666666666667,5.320555555555555,2.306632947730426,0.36807972570166375,1,1.0,0,0.029771201021200993,0.030006523157208087,-0.06380922452385913,0.27941148074654915,0.8347106575545343,0.13970574037327457,0.7475446217404673,3.206393828451883,6.0,0.46817508540198066,0.41763151371530327,64,1.0,0.0006648936170212766,0.24598930481283424,0.3797815753734721
latent_corruption_recovery__f64e9a117d__i02,latent_corruption_recovery,latent_corruption_recovery__f64e9a117d,2,1863042065,"{""corruption_fraction"": 0.25, ""corruption_mode"": ""homophily_attack"", ""latent_homophily"": 0.5, ""n"": 240, ""target_avg_degree"": 6}","{""actual_changed_edge_fraction"": 0.25, ""clean_edge_homophily"": 0.4857142857142857, ""clean_edges"": 700, ""clean_observed_edge_jaccard"": 0.6, ""controlled_property"": ""latent_graph_corruption_recovery"", ""corruption_fraction_requested"": 0.25, ""corruption_mode"": ""homophily_attack"", ""degree_sequence_preserved"": false, ""generation_attempt"": 0, ""labels_generated_before_graph"": true, ""observed_edge_homophily"": 0.2357142857142857, ""observed_edges"": 700, ""target_latent_homophily"": 0.5}",240,6,0.5,0.25,homophily_attack,240,700,0.024407252440725245,5.833333333333333,5.6305555555555555,2.372879170028587,0.40677928629061494,1,1.0,0,0.026757293632293615,0.026607538802660754,-0.07300583552353261,0.23009394920419768,0.34173611248146857,0.11504697460209884,0.6783715047143382,3.321097018828452,7.0,0.5408145254484531,0.4694845032124615,64,1.0,0.0007142857142857143,0.2861271676300578,0.38384183673469385
latent_corruption_recovery__f92fcfb1bd__i00,latent_corruption_recovery,latent_corruption_recovery__f92fcfb1bd,0,169021248,"{""corruption_fraction"": 0.5, ""corruption_mode"": ""homophily_attack"", ""latent_homophily"": 0.2, ""n"": 600, ""target_avg_degree"": 6}","{""actual_changed_edge_fraction"": 0.19755147468002227, ""clean_edge_homophily"": 0.19755147468002227, ""clean_edges"": 1797, ""clean_observed_edge_jaccard"": 0.6700743494423792, ""controlled_property"": ""latent_graph_corruption_recovery"", ""corruption_fraction_requested"": 0.5, ""corruption_mode"": ""homophily_attack"", ""degree_sequence_preserved"": false, ""generation_attempt"": 0, ""labels_generated_before_graph"": true, ""observed_edge_homophily"": 0.0, ""observed_edges"": 1797, ""target_latent_homophily"": 0.2}",600,6,0.2,0.5,homophily_attack,600,1797,0.01,5.99,5.583233333333332,2.3628866526630796,0.39447189526929544,1,1.0,0,0.0,0.0,-0.020931266222749247,0.2624608895981683,0.7163530561068773,0.13123044479908416,0.7245148578161366,3.9986696577629384,7.0,0.4971257314724341,0.4452249071539296,64,,,0.24944320712694878,0.39366560046128946
latent_corruption_recovery__f92fcfb1bd__i01,latent_corruption_recovery,latent_corruption_recovery__f92fcfb1bd,1,1496342771,"{""corruption_fraction"": 0.5, ""corruption_mode"": ""homophily_attack"", ""latent_homophily"": 0.2, ""n"": 600, ""target_avg_degree"": 6}","{""actual_changed_edge_fraction"": 0.21018418201516792, ""clean_edge_homophily"": 0.21018418201516792, ""clean_edges"": 1846, ""clean_observed_edge_jaccard"": 0.6526410026857654, ""controlled_property"": ""latent_graph_corruption_recovery"", ""corruption_fraction_requested"": 0.5, ""corruption_mode"": ""homophily_attack"", ""degree_sequence_preserved"": false, ""generation_attempt"": 0, ""labels_generated_before_graph"": true, ""observed_edge_homophily"": 0.0, ""observed_edges"": 1846, ""target_latent_homophily"": 0.2}",600,6,0.2,0.5,homophily_attack,600,1846,0.010272676683361157,6.153333333333333,5.516488888888889,2.3487206919701817,0.3816989206885452,1,1.0,0,0.0,0.0,-0.018483649562139697,0.26350536652506246,0.5410018055750618,0.13175268326253123,0.7259550489184058,3.916579716193656,7.0,0.460420080086422,0.42754167314545527,64,,,0.2467391304347826,0.3831821665889998
latent_corruption_recovery__f92fcfb1bd__i02,latent_corruption_recovery,latent_corruption_recovery__f92fcfb1bd,2,1531802740,"{""corruption_fraction"": 0.5, ""corruption_mode"": ""homophily_attack"", ""latent_homophily"": 0.2, ""n"": 600, ""target_avg_degree"": 6}","{""actual_changed_edge_fraction"": 0.20156774916013437, ""clean_edge_homophily"": 0.20156774916013437, ""clean_edges"": 1786, ""clean_observed_edge_jaccard"": 0.6644920782851818, ""controlled_property"": ""latent_graph_corruption_recovery"", ""corruption_fraction_requested"": 0.5, ""corruption_mode"": ""homophily_attack"", ""degree_sequence_preserved"": false, ""generation_attempt"": 0, ""labels_generated_before_graph"": true, ""observed_edge_homophily"": 0.0, ""observed_edges"": 1786, ""target_latent_homophily"": 0.2}",600,6,0.2,0.5,homophily_attack,600,1786,0.009938786867000556,5.953333333333333,5.8244888888888875,2.4133977891944975,0.4053859668299828,1,1.0,0,0.0,0.0,0.0182666532016358,0.2623275909744465,0.693737464416048,0.13116379548722326,0.7243308511646408,4.005608305509182,7.0,0.5359838250971664,0.47057869224469845,64,,,0.24887892376681614,0.3834201309425431
latent_corruption_recovery__fe06a9f9fd__i00,latent_corruption_recovery,latent_corruption_recovery__fe06a9f9fd,0,1337319079,"{""corruption_fraction"": 0.25, ""corruption_mode"": ""homophily_attack"", ""latent_homophily"": 0.8, ""n"": 240, ""target_avg_degree"": 6}","{""actual_changed_edge_fraction"": 0.25034770514603616, ""clean_edge_homophily"": 0.7872044506258693, ""clean_edges"": 719, ""clean_observed_edge_jaccard"": 0.5995550611790879, ""controlled_property"": ""latent_graph_corruption_recovery"", ""corruption_fraction_requested"": 0.25, ""corruption_mode"": ""homophily_attack"", ""degree_sequence_preserved"": false, ""generation_attempt"": 0, ""labels_generated_before_graph"": true, ""observed_edge_homophily"": 0.5368567454798331, ""observed_edges"": 719, ""target_latent_homophily"": 0.8}",240,6,0.8,0.25,homophily_attack,240,719,0.0250697350069735,5.991666666666666,7.733263888888888,2.7808746625637206,0.4641237267143901,1,1.0,0,0.02730048274165919,0.030551250830197035,-0.032601754553108396,0.2764409815086213,0.6899034983267262,0.13822049075431064,0.7435603291039958,3.208649320083682,6.0,0.5801903054180444,0.4697148329407377,64,1.0,0.0006954102920723226,0.2714285714285714,0.38522731888865885
latent_corruption_recovery__fe06a9f9fd__i01,latent_corruption_recovery,latent_corruption_recovery__fe06a9f9fd,1,815987984,"{""corruption_fraction"": 0.25, ""corruption_mode"": ""homophily_attack"", ""latent_homophily"": 0.8, ""n"": 240, ""target_avg_degree"": 6}","{""actual_changed_edge_fraction"": 0.2492753623188406, ""clean_edge_homophily"": 0.8072463768115942, ""clean_edges"": 690, ""clean_observed_edge_jaccard"": 0.6009280742459396, ""controlled_property"": ""latent_graph_corruption_recovery"", ""corruption_fraction_requested"": 0.25, ""corruption_mode"": ""homophily_attack"", ""degree_sequence_preserved"": false, ""generation_attempt"": 0, ""labels_generated_before_graph"": true, ""observed_edge_homophily"": 0.5579710144927537, ""observed_edges"": 690, ""target_latent_homophily"": 0.8}",240,6,0.8,0.25,homophily_attack,240,690,0.02405857740585774,5.75,5.6125,2.369071548096427,0.41201244314720464,1,1.0,0,0.03092953342953342,0.033409263477600606,0.027384163037034094,0.2544796908483738,0.6213371189979846,0.1272398454241869,0.7134138922790525,3.345286349372385,7.0,0.5606889909091287,0.5472209438032318,64,1.0,0.0007246376811594203,0.25255474452554744,0.3941944969544213
latent_corruption_recovery__fe06a9f9fd__i02,latent_corruption_recovery,latent_corruption_recovery__fe06a9f9fd,2,2015081240,"{""corruption_fraction"": 0.25, ""corruption_mode"": ""homophily_attack"", ""latent_homophily"": 0.8, ""n"": 240, ""target_avg_degree"": 6}","{""actual_changed_edge_fraction"": 0.2496570644718793, ""clean_edge_homophily"": 0.7818930041152263, ""clean_edges"": 729, ""clean_observed_edge_jaccard"": 0.6004390779363337, ""controlled_property"": ""latent_graph_corruption_recovery"", ""corruption_fraction_requested"": 0.25, ""corruption_mode"": ""homophily_attack"", ""degree_sequence_preserved"": false, ""generation_attempt"": 0, ""labels_generated_before_graph"": true, ""observed_edge_homophily"": 0.532235939643347, ""observed_edges"": 729, ""target_latent_homophily"": 0.8}",240,6,0.8,0.25,homophily_attack,240,729,0.025418410041841005,6.075,5.9610416666666675,2.441524455471759,0.40189702970728536,1,1.0,0,0.03155409405409402,0.030577576443941108,0.0057896058426826335,0.2676341375915842,0.8033890757146032,0.1338170687957921,0.7316203080718635,3.2270855125523012,6.0,0.5056799224790166,0.4878480196626236,64,1.0,0.0006858710562414266,0.24481327800829875,0.37859894136884437
