dataset,method,backbone,seed,candidate_ratio,val_acc,val_f1,test_acc,test_f1,loss,best_epoch,selection_metric,selection_value
Actor,SDRF,gcn,12345,0.0,0.3217105263157894,0.3018414777486385,0.2875,0.249234790787316,1.2760683298110962,92.0,f1,0.3018414777486385
Actor,SDRF,gcn,12345,0.1,0.3203947368421053,0.3018162407735557,0.2881578947368421,0.25779146998826,1.268122673034668,96.0,f1,0.3018162407735557
Actor,SDRF,gcn,12345,0.25,0.3210526315789473,0.3014030551207886,0.2868421052631579,0.2531352631035496,1.294708490371704,88.0,f1,0.3014030551207886
Actor,SDRF,gcn,12345,0.4,0.3203947368421053,0.295728703064664,0.2769736842105263,0.2409376431929454,1.2786149978637695,95.0,f1,0.295728703064664
Actor,SDRF,gcn,12345,0.55,0.3131578947368421,0.2944261406912688,0.275,0.2421195243298576,1.2534775733947754,106.0,f1,0.2944261406912688
Actor,SDRF,gcn,12346,0.0,0.2828947368421052,0.2592580003222366,0.2973684210526315,0.2658689434037475,1.1267480850219729,161.0,f1,0.2592580003222366
Actor,SDRF,gcn,12346,0.1,0.2769736842105263,0.2542120465363305,0.2881578947368421,0.2588770203157678,1.0926026105880735,190.0,f1,0.2542120465363305
Actor,SDRF,gcn,12346,0.25,0.2802631578947368,0.2521859531257748,0.3,0.2683136016573903,1.1975387334823608,129.0,f1,0.2521859531257748
Actor,SDRF,gcn,12346,0.4,0.2828947368421052,0.257465368882691,0.3026315789473684,0.2689876054947141,1.1863678693771362,134.0,f1,0.257465368882691
Actor,SDRF,gcn,12346,0.55,0.2828947368421052,0.2588429585881919,0.2934210526315789,0.2631866985882113,1.1810203790664673,140.0,f1,0.2588429585881919
Actor,SDRF,gcn,12347,0.0,0.3210526315789473,0.2749715264703022,0.3059210526315789,0.2548435878854278,1.3368422985076904,77.0,f1,0.2749715264703022
Actor,SDRF,gcn,12347,0.1,0.2947368421052631,0.2709757902391846,0.2894736842105263,0.2646709321540223,0.9186526536941528,333.0,f1,0.2709757902391846
Actor,SDRF,gcn,12347,0.25,0.2993421052631579,0.2747926960109023,0.2881578947368421,0.2611226669228605,0.8897640109062195,365.0,f1,0.2747926960109023
Actor,SDRF,gcn,12347,0.4,0.2914473684210526,0.2665933889760064,0.2947368421052631,0.2692361013155156,0.9170255064964294,349.0,f1,0.2665933889760064
Actor,SDRF,gcn,12347,0.55,0.3131578947368421,0.2677958719906394,0.3006578947368421,0.2525408811880565,1.3286679983139038,82.0,f1,0.2677958719906394
Actor,SDRF,gcn,12348,0.0,0.3138157894736842,0.2906527167902102,0.3046052631578947,0.2702153636473138,1.1868479251861572,130.0,f1,0.2906527167902102
Actor,SDRF,gcn,12348,0.1,0.3111842105263158,0.2883696469698463,0.2986842105263158,0.2638843495650279,1.19053852558136,130.0,f1,0.2883696469698463
Actor,SDRF,gcn,12348,0.25,0.3131578947368421,0.2859163375679139,0.3052631578947368,0.2713675788729675,1.1922101974487305,129.0,f1,0.2859163375679139
Actor,SDRF,gcn,12348,0.4,0.3085526315789473,0.2860928949173037,0.2993421052631579,0.2672932269476539,1.1494613885879517,155.0,f1,0.2860928949173037
Actor,SDRF,gcn,12348,0.55,0.3013157894736842,0.2863042821384715,0.2934210526315789,0.2723292763092324,0.9436371326446532,314.0,f1,0.2863042821384715
Actor,SDRF,gcn,12349,0.0,0.2973684210526315,0.2767158227082549,0.3006578947368421,0.2758327105452627,1.102403998374939,184.0,f1,0.2767158227082549
Actor,SDRF,gcn,12349,0.1,0.2993421052631579,0.2749263172214967,0.3052631578947368,0.277429515086219,1.1580668687820437,149.0,f1,0.2749263172214967
Actor,SDRF,gcn,12349,0.25,0.3006578947368421,0.2752527085673882,0.3019736842105263,0.2722007766691099,1.182136297225952,143.0,f1,0.2752527085673882
Actor,SDRF,gcn,12349,0.4,0.3046052631578947,0.2756007749218103,0.2947368421052631,0.2649833397671772,1.1945855617523191,134.0,f1,0.2756007749218103
Actor,SDRF,gcn,12349,0.55,0.3118421052631579,0.2771108649757738,0.3026315789473684,0.2702645227483998,1.2353582382202148,116.0,f1,0.2771108649757738
Actor,SDRF,gcn,12350,0.0,0.3388157894736842,0.2915531129227827,0.2973684210526315,0.258647098665705,1.3423244953155518,71.0,f1,0.2915531129227827
Actor,SDRF,gcn,12350,0.1,0.3355263157894737,0.2904305668408139,0.294078947368421,0.2562192765663962,1.3522456884384155,70.0,f1,0.2904305668408139
Actor,SDRF,gcn,12350,0.25,0.3361842105263158,0.2873307829347988,0.2934210526315789,0.2555643056849953,1.3556196689605713,70.0,f1,0.2873307829347988
Actor,SDRF,gcn,12350,0.4,0.306578947368421,0.2837850378541928,0.2809210526315789,0.266187067970404,0.9926316738128662,267.0,f1,0.2837850378541928
Actor,SDRF,gcn,12350,0.55,0.3197368421052631,0.2823463122786044,0.2934210526315789,0.2747413807627135,1.196466088294983,127.0,f1,0.2823463122786044
Actor,SDRF,gcn,12351,0.0,0.3026315789473684,0.2799290125899757,0.2934210526315789,0.2721374653469717,1.1497752666473389,145.0,f1,0.2799290125899757
Actor,SDRF,gcn,12351,0.1,0.3039473684210526,0.2804019185677764,0.2888157894736842,0.2650730086312869,1.1519635915756226,147.0,f1,0.2804019185677764
Actor,SDRF,gcn,12351,0.25,0.3092105263157895,0.2756577035660508,0.3046052631578947,0.2734420539407117,1.2327665090560913,110.0,f1,0.2756577035660508
Actor,SDRF,gcn,12351,0.4,0.3111842105263158,0.2786459155973347,0.3006578947368421,0.2694772133578502,1.2466840744018557,109.0,f1,0.2786459155973347
Actor,SDRF,gcn,12351,0.55,0.2914473684210526,0.2711240707634473,0.2960526315789473,0.2742800256563112,1.1239385604858398,170.0,f1,0.2711240707634473
Actor,SDRF,gcn,12352,0.0,0.2914473684210526,0.2775718576265779,0.2842105263157894,0.2692040189373372,0.9507189393043518,308.0,f1,0.2775718576265779
Actor,SDRF,gcn,12352,0.1,0.2907894736842105,0.2790637630736851,0.2736842105263158,0.2629339203427008,0.9268875122070312,334.0,f1,0.2790637630736851
Actor,SDRF,gcn,12352,0.25,0.3223684210526316,0.275585159040234,0.3177631578947368,0.2787376275388337,1.2982776165008545,90.0,f1,0.275585159040234
Actor,SDRF,gcn,12352,0.4,0.2842105263157894,0.2681741179091199,0.2717105263157894,0.2625825342608431,0.921312928199768,351.0,f1,0.2681741179091199
Actor,SDRF,gcn,12352,0.55,0.2914473684210526,0.2777410546831707,0.2848684210526316,0.2726251392610787,0.923551082611084,351.0,f1,0.2777410546831707
Actor,SDRF,gcn,12353,0.0,0.2993421052631579,0.2747906446741253,0.2894736842105263,0.2666635322537301,1.04048752784729,220.0,f1,0.2747906446741253
Actor,SDRF,gcn,12353,0.1,0.3,0.2714676608180466,0.2861842105263157,0.2631444484835418,1.0625841617584229,203.0,f1,0.2714676608180466
Actor,SDRF,gcn,12353,0.25,0.2960526315789473,0.2720187241259528,0.2868421052631579,0.261559506234029,1.077722430229187,196.0,f1,0.2720187241259528
Actor,SDRF,gcn,12353,0.4,0.3,0.2671813087238879,0.281578947368421,0.2516665548825289,1.1640026569366455,143.0,f1,0.2671813087238879
Actor,SDRF,gcn,12353,0.55,0.2993421052631579,0.2670637821476232,0.2855263157894737,0.2547549756630235,1.1440786123275757,158.0,f1,0.2670637821476232
Actor,SDRF,gcn,12354,0.0,0.3151315789473684,0.2779150208616682,0.3098684210526315,0.27360456302841,1.313153862953186,83.0,f1,0.2779150208616682
Actor,SDRF,gcn,12354,0.1,0.3236842105263158,0.2779286813097229,0.3118421052631579,0.2635630571364155,1.3616818189620972,71.0,f1,0.2779286813097229
Actor,SDRF,gcn,12354,0.25,0.3157894736842105,0.2811614222294615,0.3105263157894737,0.270011074944348,1.3258893489837646,82.0,f1,0.2811614222294615
Actor,SDRF,gcn,12354,0.4,0.3190789473684211,0.2717720840223538,0.3059210526315789,0.2553894856550069,1.3716741800308228,71.0,f1,0.2717720840223538
Actor,SDRF,gcn,12354,0.55,0.3171052631578947,0.2696179322759477,0.3072368421052631,0.2561249793144204,1.3724727630615234,71.0,f1,0.2696179322759477
Actor,SDRF,gcn,12355,0.0,0.3263157894736842,0.2847656366410179,0.3013157894736842,0.2596768862455422,1.2949364185333252,86.0,f1,0.2847656366410179
Actor,SDRF,gcn,12355,0.1,0.325,0.2830800736500135,0.3046052631578947,0.2652554995602348,1.2992826700210571,86.0,f1,0.2830800736500135
Actor,SDRF,gcn,12355,0.25,0.3289473684210526,0.2833023885433295,0.3013157894736842,0.2586913901181876,1.3193796873092651,80.0,f1,0.2833023885433295
Actor,SDRF,gcn,12355,0.4,0.3171052631578947,0.2744927512016565,0.3039473684210526,0.2590755528257392,1.3055016994476318,86.0,f1,0.2744927512016565
Actor,SDRF,gcn,12355,0.55,0.3190789473684211,0.2757748625154604,0.3085526315789473,0.2700465019816439,1.2926329374313354,91.0,f1,0.2757748625154604
Actor,SDRF,gcn,12356,0.0,0.3105263157894737,0.271806906888607,0.3006578947368421,0.254568916668522,1.3202887773513794,78.0,f1,0.271806906888607
Actor,SDRF,gcn,12356,0.1,0.2986842105263158,0.2776138899385681,0.2960526315789473,0.2575806115810908,1.1715210676193235,140.0,f1,0.2776138899385681
Actor,SDRF,gcn,12356,0.25,0.2993421052631579,0.2769349326968205,0.3,0.2641074055841458,1.1974732875823977,130.0,f1,0.2769349326968205
Actor,SDRF,gcn,12356,0.4,0.3006578947368421,0.2760712823742234,0.2973684210526315,0.2592037287356108,1.2150518894195557,123.0,f1,0.2760712823742234
Actor,SDRF,gcn,12356,0.55,0.3039473684210526,0.2776620409307894,0.2888157894736842,0.2548524423208706,1.206242918968201,129.0,f1,0.2776620409307894
Actor,SDRF,gcn,12357,0.0,0.3164473684210526,0.2762053108974164,0.2980263157894737,0.2548498470445124,1.332023024559021,74.0,f1,0.2762053108974164
Actor,SDRF,gcn,12357,0.1,0.3105263157894737,0.2762041223680119,0.2921052631578947,0.2616309363885121,1.285982608795166,90.0,f1,0.2762041223680119
Actor,SDRF,gcn,12357,0.25,0.2855263157894737,0.267722775906539,0.2717105263157894,0.255541866893564,0.8857517838478088,375.0,f1,0.267722775906539
Actor,SDRF,gcn,12357,0.4,0.2822368421052632,0.2663059394875284,0.2769736842105263,0.2588404152155818,0.9717512130737304,304.0,f1,0.2663059394875284
Actor,SDRF,gcn,12357,0.55,0.2894736842105263,0.2714219149032802,0.2782894736842105,0.2611129523738119,0.9052252769470216,374.0,f1,0.2714219149032802
Actor,SDRF,gcn,12358,0.0,0.3131578947368421,0.2865930838094713,0.2828947368421052,0.2487418197787328,1.2747533321380615,94.0,f1,0.2865930838094713
Actor,SDRF,gcn,12358,0.1,0.3190789473684211,0.2926416497351769,0.2809210526315789,0.2447716127795222,1.2379543781280518,109.0,f1,0.2926416497351769
Actor,SDRF,gcn,12358,0.25,0.3243421052631579,0.2929552910141928,0.2907894736842105,0.2527685490961873,1.263179898262024,100.0,f1,0.2929552910141928
Actor,SDRF,gcn,12358,0.4,0.3164473684210526,0.28605361176609,0.2835526315789474,0.2429947068032209,1.2776869535446167,98.0,f1,0.28605361176609
Actor,SDRF,gcn,12358,0.55,0.3203947368421053,0.2842385559188838,0.2881578947368421,0.2445591274326969,1.3034346103668213,90.0,f1,0.2842385559188838
Actor,SDRF,gcn,12359,0.0,0.3164473684210526,0.2919143262040721,0.3052631578947368,0.2795988594987225,1.2296441793441772,115.0,f1,0.2919143262040721
Actor,SDRF,gcn,12359,0.1,0.3203947368421053,0.2956015733272494,0.3059210526315789,0.2800924838053115,1.2135401964187622,124.0,f1,0.2956015733272494
Actor,SDRF,gcn,12359,0.25,0.3282894736842105,0.297224651734662,0.306578947368421,0.2765349228238042,1.2567943334579468,106.0,f1,0.297224651734662
Actor,SDRF,gcn,12359,0.4,0.3269736842105263,0.2995124344126896,0.3006578947368421,0.2730389245600048,1.2502925395965576,112.0,f1,0.2995124344126896
Actor,SDRF,gcn,12359,0.55,0.3276315789473684,0.2996502614427908,0.3026315789473684,0.273328323425933,1.255491018295288,111.0,f1,0.2996502614427908
Actor,SDRF,gcn,12360,0.0,0.3223684210526316,0.2923711881267935,0.3157894736842105,0.2836459989882435,1.2266676425933838,114.0,f1,0.2923711881267935
Actor,SDRF,gcn,12360,0.1,0.3164473684210526,0.2911293594856586,0.3157894736842105,0.2840122032408446,1.2035843133926392,125.0,f1,0.2911293594856586
Actor,SDRF,gcn,12360,0.25,0.3171052631578947,0.2842477318264664,0.3197368421052631,0.2838111981654624,1.2520924806594849,106.0,f1,0.2842477318264664
Actor,SDRF,gcn,12360,0.4,0.3118421052631579,0.2807398777676189,0.3138157894736842,0.2780482102533847,1.2367032766342163,114.0,f1,0.2807398777676189
Actor,SDRF,gcn,12360,0.55,0.3131578947368421,0.2829379627193533,0.3138157894736842,0.2768800557483378,1.219157099723816,126.0,f1,0.2829379627193533
Actor,SDRF,gcn,12361,0.0,0.331578947368421,0.2941502540602898,0.2875,0.2574199757648266,1.2602171897888184,99.0,f1,0.2941502540602898
Actor,SDRF,gcn,12361,0.1,0.3269736842105263,0.2883490330803685,0.2888157894736842,0.253108938759595,1.270780086517334,97.0,f1,0.2883490330803685
Actor,SDRF,gcn,12361,0.25,0.3243421052631579,0.2877662818133952,0.2769736842105263,0.2409992981444903,1.269406795501709,98.0,f1,0.2877662818133952
Actor,SDRF,gcn,12361,0.4,0.3223684210526316,0.2810716024323371,0.2848684210526316,0.2511667216666375,1.2518322467803955,109.0,f1,0.2810716024323371
Actor,SDRF,gcn,12361,0.55,0.3236842105263158,0.2788313730667406,0.2703947368421052,0.2331880802670839,1.3138891458511353,87.0,f1,0.2788313730667406
Actor,SDRF,gcn,12362,0.0,0.3177631578947368,0.2932464742196269,0.2855263157894737,0.2634668509562057,1.1140426397323608,176.0,f1,0.2932464742196269
Actor,SDRF,gcn,12362,0.1,0.3243421052631579,0.2952361157390933,0.2868421052631579,0.2623608769738987,1.1353378295898438,165.0,f1,0.2952361157390933
Actor,SDRF,gcn,12362,0.25,0.3144736842105263,0.2889465944140592,0.2671052631578947,0.246477434432252,1.045422077178955,229.0,f1,0.2889465944140592
Actor,SDRF,gcn,12362,0.4,0.3164473684210526,0.287460115290827,0.2934210526315789,0.2676590988032066,1.157148361206055,158.0,f1,0.287460115290827
Actor,SDRF,gcn,12362,0.55,0.3151315789473684,0.2866211149600011,0.2953947368421052,0.2646199780780136,1.2127104997634888,129.0,f1,0.2866211149600011
Actor,SDRF,gcn,12363,0.0,0.3125,0.2785256550320579,0.3197368421052631,0.2798585581544554,1.2694644927978516,98.0,f1,0.2785256550320579
Actor,SDRF,gcn,12363,0.1,0.3171052631578947,0.2742432368041248,0.3217105263157894,0.2764956112452972,1.328766942024231,80.0,f1,0.2742432368041248
Actor,SDRF,gcn,12363,0.25,0.3197368421052631,0.2770061144273447,0.3197368421052631,0.2768307554166899,1.326559066772461,82.0,f1,0.2770061144273447
Actor,SDRF,gcn,12363,0.4,0.3131578947368421,0.2720506221486699,0.3184210526315789,0.2774565642251628,1.3382352590560913,81.0,f1,0.2720506221486699
Actor,SDRF,gcn,12363,0.55,0.3046052631578947,0.2696191960724083,0.3157894736842105,0.2775497535211054,1.27344012260437,103.0,f1,0.2696191960724083
Actor,SDRF,gcn,12364,0.0,0.3039473684210526,0.2695462607214492,0.2953947368421052,0.2585288640421663,1.218592643737793,113.0,f1,0.2695462607214492
Actor,SDRF,gcn,12364,0.1,0.306578947368421,0.2709249816557694,0.2934210526315789,0.2581346362322328,1.24201762676239,105.0,f1,0.2709249816557694
Actor,SDRF,gcn,12364,0.25,0.3059210526315789,0.2712953070939461,0.2828947368421052,0.2488074726316999,1.245427489280701,105.0,f1,0.2712953070939461
Actor,SDRF,gcn,12364,0.4,0.3006578947368421,0.2714985164074965,0.2927631578947368,0.2583675319970541,1.250368595123291,105.0,f1,0.2714985164074965
Actor,SDRF,gcn,12364,0.55,0.2973684210526315,0.2631297135615933,0.2848684210526316,0.2520326025962854,1.232161045074463,114.0,f1,0.2631297135615933
Actor,SDRF,gcn,12365,0.0,0.3098684210526315,0.2816197431151303,0.3105263157894737,0.2863699128623755,1.077647686004639,191.0,f1,0.2816197431151303
Actor,SDRF,gcn,12365,0.1,0.3098684210526315,0.2813297632719151,0.3230263157894736,0.2948845477013088,1.1430999040603638,152.0,f1,0.2813297632719151
Actor,SDRF,gcn,12365,0.25,0.3092105263157895,0.2823651821010879,0.3052631578947368,0.2795317333013204,1.0521022081375122,214.0,f1,0.2823651821010879
Actor,SDRF,gcn,12365,0.4,0.3098684210526315,0.2786261786983789,0.3111842105263158,0.2819725266153666,1.096453309059143,188.0,f1,0.2786261786983789
Actor,SDRF,gcn,12365,0.55,0.3105263157894737,0.2778891186651968,0.3125,0.2806046064572409,1.1336969137191772,167.0,f1,0.2778891186651968
Actor,SDRF,gcn,12366,0.0,0.3223684210526316,0.2874604020543962,0.3026315789473684,0.2704075412215915,1.29576313495636,87.0,f1,0.2874604020543962
Actor,SDRF,gcn,12366,0.1,0.3256578947368421,0.2840769531785928,0.3013157894736842,0.2610015588270419,1.2922183275222778,90.0,f1,0.2840769531785928
Actor,SDRF,gcn,12366,0.25,0.3296052631578947,0.2847319308469877,0.3078947368421053,0.2665512836441187,1.3143905401229858,85.0,f1,0.2847319308469877
Actor,SDRF,gcn,12366,0.4,0.3190789473684211,0.2834683134665838,0.3006578947368421,0.2676452133809285,1.2485265731811523,110.0,f1,0.2834683134665838
Actor,SDRF,gcn,12366,0.55,0.3276315789473684,0.2816319145675412,0.2967105263157895,0.2544917764930764,1.316909909248352,84.0,f1,0.2816319145675412
Actor,SDRF,gcn,12367,0.0,0.3151315789473684,0.287393328158524,0.2960526315789473,0.2741527960062581,1.1346871852874756,151.0,f1,0.287393328158524
Actor,SDRF,gcn,12367,0.1,0.3184210526315789,0.2872153663314016,0.2914473684210526,0.2689753369585708,1.1335952281951904,159.0,f1,0.2872153663314016
Actor,SDRF,gcn,12367,0.25,0.3118421052631579,0.2840833917091057,0.2868421052631579,0.2626249020581598,1.13310444355011,157.0,f1,0.2840833917091057
Actor,SDRF,gcn,12367,0.4,0.3078947368421053,0.2778748021319104,0.2927631578947368,0.2680783453813354,1.1411925554275513,159.0,f1,0.2778748021319104
Actor,SDRF,gcn,12367,0.55,0.2953947368421052,0.2766979675567268,0.2822368421052632,0.2679191822621591,0.9169007539749146,348.0,f1,0.2766979675567268
Actor,SDRF,gcn,12368,0.0,0.2934210526315789,0.2717328083217305,0.2907894736842105,0.2671260748581068,0.982929229736328,269.0,f1,0.2717328083217305
Actor,SDRF,gcn,12368,0.1,0.2960526315789473,0.265694321767156,0.2914473684210526,0.26606040729917,1.1672683954238892,139.0,f1,0.265694321767156
Actor,SDRF,gcn,12368,0.25,0.2927631578947368,0.2604329300540974,0.2967105263157895,0.2677451399042634,1.1520764827728271,148.0,f1,0.2604329300540974
Actor,SDRF,gcn,12368,0.4,0.2921052631578947,0.2585151225485367,0.2828947368421052,0.2537138158575435,1.1614325046539309,147.0,f1,0.2585151225485367
Actor,SDRF,gcn,12368,0.55,0.2796052631578947,0.260327531194597,0.2835526315789474,0.2642130246149385,0.8819738030433655,384.0,f1,0.260327531194597
Actor,SDRF,gcn,12369,0.0,0.3210526315789473,0.285461202483018,0.3078947368421053,0.2779136289394061,1.2438886165618896,102.0,f1,0.285461202483018
Actor,SDRF,gcn,12369,0.1,0.325,0.2825391802792437,0.3164473684210526,0.2721272754647283,1.3201327323913574,78.0,f1,0.2825391802792437
Actor,SDRF,gcn,12369,0.25,0.3210526315789473,0.2814904750738383,0.3026315789473684,0.2706201409873849,1.2459346055984497,104.0,f1,0.2814904750738383
Actor,SDRF,gcn,12369,0.4,0.3111842105263158,0.2796923994313257,0.2967105263157895,0.2699057502543945,1.180802583694458,136.0,f1,0.2796923994313257
Actor,SDRF,gcn,12369,0.55,0.3177631578947368,0.2822777681521556,0.2986842105263158,0.2683800196710988,1.2329508066177368,113.0,f1,0.2822777681521556
Actor,SDRF,gcn,12370,0.0,0.2888157894736842,0.2561665305562158,0.3355263157894737,0.2999270311524499,1.232990264892578,112.0,f1,0.2561665305562158
Actor,SDRF,gcn,12370,0.1,0.2881578947368421,0.2598807682494676,0.3217105263157894,0.2926172078051926,1.1069830656051636,180.0,f1,0.2598807682494676
Actor,SDRF,gcn,12370,0.25,0.2894736842105263,0.2617962348980055,0.331578947368421,0.2999230887639704,1.1961326599121094,133.0,f1,0.2617962348980055
Actor,SDRF,gcn,12370,0.4,0.2828947368421052,0.2553810011357921,0.3243421052631579,0.2926541093312499,1.2128199338912964,126.0,f1,0.2553810011357921
Actor,SDRF,gcn,12370,0.55,0.2769736842105263,0.2571094283965912,0.2947368421052631,0.270904960069962,0.9059574604034424,358.0,f1,0.2571094283965912
Actor,SDRF,gcn,12371,0.0,0.2973684210526315,0.2669821742724683,0.2927631578947368,0.2704304561328544,1.0370078086853027,217.0,f1,0.2669821742724683
Actor,SDRF,gcn,12371,0.1,0.2894736842105263,0.2629574889327424,0.2796052631578947,0.2592715031483036,0.9390835165977478,304.0,f1,0.2629574889327424
Actor,SDRF,gcn,12371,0.25,0.3,0.2623428379495065,0.3118421052631579,0.2832920822858378,1.2011297941207886,126.0,f1,0.2623428379495065
Actor,SDRF,gcn,12371,0.4,0.2921052631578947,0.2585624697568446,0.2894736842105263,0.2659948201874294,1.058345913887024,217.0,f1,0.2585624697568446
Actor,SDRF,gcn,12371,0.55,0.2953947368421052,0.2611448956543584,0.2842105263157894,0.2569027024219298,1.0520209074020386,231.0,f1,0.2611448956543584
Actor,SDRF,gcn,12372,0.0,0.3098684210526315,0.2763029142015297,0.3138157894736842,0.2865869954177346,1.2303844690322876,116.0,f1,0.2763029142015297
Actor,SDRF,gcn,12372,0.1,0.3111842105263158,0.2762216454104629,0.3164473684210526,0.2846567609393818,1.2977967262268066,90.0,f1,0.2762216454104629
Actor,SDRF,gcn,12372,0.25,0.3184210526315789,0.2792436509361474,0.325,0.2904874262988849,1.326788067817688,81.0,f1,0.2792436509361474
Actor,SDRF,gcn,12372,0.4,0.3171052631578947,0.2793543224610751,0.3263157894736842,0.2893445271899321,1.3204553127288818,87.0,f1,0.2793543224610751
Actor,SDRF,gcn,12372,0.55,0.3144736842105263,0.2745297502251335,0.3203947368421053,0.2853527188881243,1.2968555688858032,94.0,f1,0.2745297502251335
Actor,SDRF,gcn,12373,0.0,0.3144736842105263,0.2816029235103638,0.3118421052631579,0.273996146841626,1.2757984399795532,97.0,f1,0.2816029235103638
Actor,SDRF,gcn,12373,0.1,0.3105263157894737,0.2761522402564646,0.3039473684210526,0.2686708970518855,1.2229983806610107,119.0,f1,0.2761522402564646
Actor,SDRF,gcn,12373,0.25,0.306578947368421,0.2773417211262958,0.3072368421052631,0.2768573597840486,1.1881420612335205,139.0,f1,0.2773417211262958
Actor,SDRF,gcn,12373,0.4,0.3085526315789473,0.2803574280071969,0.3046052631578947,0.2754333914473091,1.1932640075683594,139.0,f1,0.2803574280071969
Actor,SDRF,gcn,12373,0.55,0.306578947368421,0.2743801166213478,0.3019736842105263,0.2676622098694084,1.2273186445236206,122.0,f1,0.2743801166213478
Actor,SDRF,gcn,12374,0.0,0.3085526315789473,0.2761907973298372,0.3085526315789473,0.2690996428410913,1.267045974731445,97.0,f1,0.2761907973298372
Actor,SDRF,gcn,12374,0.1,0.3098684210526315,0.279907377513497,0.3052631578947368,0.2690591215031214,1.2427185773849487,107.0,f1,0.279907377513497
Actor,SDRF,gcn,12374,0.25,0.3052631578947368,0.2725649041394549,0.3059210526315789,0.2684510201976026,1.2360455989837646,111.0,f1,0.2725649041394549
Actor,SDRF,gcn,12374,0.4,0.3085526315789473,0.2740743983124784,0.3105263157894737,0.2660565048789221,1.2812319993972778,96.0,f1,0.2740743983124784
Actor,SDRF,gcn,12374,0.55,0.3111842105263158,0.2721869116169682,0.3078947368421053,0.2573511043066223,1.3168679475784302,84.0,f1,0.2721869116169682
Actor,SDRF,sage,12345,0.0,0.3631578947368421,0.3418635879851895,0.3375,0.3163636235387186,0.8629443645477295,162.0,f1,0.3418635879851895
Actor,SDRF,sage,12345,0.1,0.3572368421052631,0.3354778460889518,0.3348684210526316,0.3130192110304319,0.86319500207901,162.0,f1,0.3354778460889518
Actor,SDRF,sage,12345,0.25,0.3592105263157895,0.3343216013408992,0.3269736842105263,0.3015242757735635,0.9214699268341064,148.0,f1,0.3343216013408992
Actor,SDRF,sage,12345,0.4,0.3618421052631579,0.3357928458798255,0.3263157894736842,0.295971091255561,0.9896408319473268,133.0,f1,0.3357928458798255
Actor,SDRF,sage,12345,0.55,0.3684210526315789,0.3419700094768235,0.3282894736842105,0.3007103966415019,0.9607264399528505,140.0,f1,0.3419700094768235
Actor,SDRF,sage,12346,0.0,0.3664473684210526,0.3430058216413028,0.3434210526315789,0.3166827765679391,0.8534694910049438,158.0,f1,0.3430058216413028
Actor,SDRF,sage,12346,0.1,0.3710526315789473,0.3411012233907903,0.356578947368421,0.3249419359180113,1.0028398036956787,125.0,f1,0.3411012233907903
Actor,SDRF,sage,12346,0.25,0.3644736842105263,0.3470208849641245,0.3480263157894737,0.3209081194936774,0.8462951183319092,162.0,f1,0.3470208849641245
Actor,SDRF,sage,12346,0.4,0.3677631578947368,0.343948030539324,0.3506578947368421,0.320629960685837,0.8999701142311096,149.0,f1,0.343948030539324
Actor,SDRF,sage,12346,0.55,0.3644736842105263,0.3412855564008449,0.3480263157894737,0.31901912169046,0.8959192037582397,150.0,f1,0.3412855564008449
Actor,SDRF,sage,12347,0.0,0.3625,0.334912091278048,0.3460526315789474,0.3193405738632286,0.981347680091858,135.0,f1,0.334912091278048
Actor,SDRF,sage,12347,0.1,0.3644736842105263,0.3379224706906069,0.3519736842105263,0.3224751535871322,1.0516233444213867,120.0,f1,0.3379224706906069
Actor,SDRF,sage,12347,0.25,0.3657894736842105,0.3403347187960082,0.3480263157894737,0.3187203801855727,1.0522849559783936,120.0,f1,0.3403347187960082
Actor,SDRF,sage,12347,0.4,0.3618421052631579,0.3382276267851428,0.3309210526315789,0.3074082275565037,0.946970283985138,142.0,f1,0.3382276267851428
Actor,SDRF,sage,12347,0.55,0.3651315789473684,0.3386171411167731,0.3348684210526316,0.3112912618246121,0.9761022925376892,136.0,f1,0.3386171411167731
Actor,SDRF,sage,12348,0.0,0.3513157894736842,0.3355093902958555,0.3552631578947368,0.3273685931335443,1.023592829704285,127.0,f1,0.3355093902958555
Actor,SDRF,sage,12348,0.1,0.35,0.3332321108470849,0.3539473684210526,0.3275164293361266,1.0338115692138672,124.0,f1,0.3332321108470849
Actor,SDRF,sage,12348,0.25,0.3513157894736842,0.3325323911508314,0.3532894736842105,0.3278238854958979,1.0288207530975342,126.0,f1,0.3325323911508314
Actor,SDRF,sage,12348,0.4,0.3473684210526316,0.330781592957702,0.3572368421052631,0.331740033213546,1.0083023309707642,131.0,f1,0.330781592957702
Actor,SDRF,sage,12348,0.55,0.3519736842105263,0.3313955600284088,0.3552631578947368,0.3253458321881087,1.0701651573181152,118.0,f1,0.3313955600284088
Actor,SDRF,sage,12349,0.0,0.3486842105263157,0.3246916273516426,0.369078947368421,0.3273970724874361,1.0467288494110107,119.0,f1,0.3246916273516426
Actor,SDRF,sage,12349,0.1,0.3513157894736842,0.3257393241991347,0.369078947368421,0.3276511579578475,1.0369362831115725,121.0,f1,0.3257393241991347
Actor,SDRF,sage,12349,0.25,0.35,0.3228169093443574,0.3710526315789473,0.3315891073848082,1.037932276725769,121.0,f1,0.3228169093443574
Actor,SDRF,sage,12349,0.4,0.35,0.3240170206701018,0.3703947368421053,0.3301540114360167,1.0492441654205322,119.0,f1,0.3240170206701018
Actor,SDRF,sage,12349,0.55,0.3506578947368421,0.3227658038349968,0.3723684210526315,0.3329266742205223,1.0533775091171265,118.0,f1,0.3227658038349968
Actor,SDRF,sage,12350,0.0,0.3677631578947368,0.3287927433875374,0.3546052631578947,0.3144168101544674,1.1140427589416504,105.0,f1,0.3287927433875374
Actor,SDRF,sage,12350,0.1,0.3671052631578947,0.3307135926351982,0.3552631578947368,0.3151328965737568,1.1204614639282229,104.0,f1,0.3307135926351982
Actor,SDRF,sage,12350,0.25,0.3631578947368421,0.3284786692919751,0.35,0.3123688900909052,1.095583438873291,109.0,f1,0.3284786692919751
Actor,SDRF,sage,12350,0.4,0.3611842105263158,0.327817171154277,0.35,0.3130587668477996,1.100138545036316,108.0,f1,0.327817171154277
Actor,SDRF,sage,12350,0.55,0.3605263157894737,0.3275235651483539,0.3473684210526316,0.3116131928337531,1.0961419343948364,109.0,f1,0.3275235651483539
Actor,SDRF,sage,12351,0.0,0.3677631578947368,0.3411726869882404,0.3552631578947368,0.3226771368611256,1.0669630765914917,110.0,f1,0.3411726869882404
Actor,SDRF,sage,12351,0.1,0.3651315789473684,0.3401304757556351,0.3526315789473684,0.3220346644437115,1.0450321435928345,114.0,f1,0.3401304757556351
Actor,SDRF,sage,12351,0.25,0.3651315789473684,0.3408760492513593,0.3539473684210526,0.3317457747776114,1.024559736251831,118.0,f1,0.3408760492513593
Actor,SDRF,sage,12351,0.4,0.3638157894736842,0.3394612234758979,0.3546052631578947,0.3306705301201154,1.0300824642181396,117.0,f1,0.3394612234758979
Actor,SDRF,sage,12351,0.55,0.3546052631578947,0.3388330871555203,0.3414473684210526,0.3272024613412746,0.8390846252441406,157.0,f1,0.3388330871555203
Actor,SDRF,sage,12352,0.0,0.3526315789473684,0.3332433773478948,0.3421052631578947,0.3283405309880513,0.8059579133987427,179.0,f1,0.3332433773478948
Actor,SDRF,sage,12352,0.1,0.3657894736842105,0.3317306667755331,0.3506578947368421,0.3230517283827741,0.9918972253799438,133.0,f1,0.3317306667755331
Actor,SDRF,sage,12352,0.25,0.3526315789473684,0.3339803203520389,0.3467105263157894,0.3293528523948511,0.8118472695350647,177.0,f1,0.3339803203520389
Actor,SDRF,sage,12352,0.4,0.344078947368421,0.3266205182982705,0.3394736842105263,0.3244649400784691,0.7940759658813477,182.0,f1,0.3266205182982705
Actor,SDRF,sage,12352,0.55,0.3506578947368421,0.3292753975435535,0.3473684210526316,0.3315284733089186,0.853681743144989,167.0,f1,0.3292753975435535
Actor,SDRF,sage,12353,0.0,0.3605263157894737,0.3411418623360714,0.3572368421052631,0.3291468462918833,0.935316562652588,141.0,f1,0.3411418623360714
Actor,SDRF,sage,12353,0.1,0.3631578947368421,0.3447979338917975,0.3559210526315789,0.3281484843049457,0.9224892258644104,144.0,f1,0.3447979338917975
Actor,SDRF,sage,12353,0.25,0.3723684210526315,0.3524078765776559,0.3546052631578947,0.3270151019597011,0.9194331765174866,145.0,f1,0.3524078765776559
Actor,SDRF,sage,12353,0.4,0.3756578947368421,0.3467470278229758,0.3677631578947368,0.3337955868026718,0.9979962110519408,128.0,f1,0.3467470278229758
Actor,SDRF,sage,12353,0.55,0.3671052631578947,0.3455216818578974,0.3578947368421052,0.3308576514285162,0.9200958013534546,145.0,f1,0.3455216818578974
Actor,SDRF,sage,12354,0.0,0.3697368421052631,0.3243326184314724,0.3526315789473684,0.3088561217696649,1.0943901538848877,109.0,f1,0.3243326184314724
Actor,SDRF,sage,12354,0.1,0.3664473684210526,0.3279662927093181,0.3493421052631579,0.3118791158174919,1.0596983432769775,116.0,f1,0.3279662927093181
Actor,SDRF,sage,12354,0.25,0.35,0.3245967446225967,0.3381578947368421,0.3134150236653237,0.8508654832839966,162.0,f1,0.3245967446225967
Actor,SDRF,sage,12354,0.4,0.3546052631578947,0.3278772011951275,0.3355263157894737,0.3128442778265879,0.8427542448043823,164.0,f1,0.3278772011951275
Actor,SDRF,sage,12354,0.55,0.3578947368421052,0.3290526598927622,0.3460526315789474,0.3195056906750343,0.9104634523391724,148.0,f1,0.3290526598927622
Actor,SDRF,sage,12355,0.0,0.3730263157894737,0.3335388385171384,0.3671052631578947,0.3347832004619162,1.060598373413086,115.0,f1,0.3335388385171384
Actor,SDRF,sage,12355,0.1,0.3815789473684211,0.3315647143061773,0.3605263157894737,0.3057583207032314,1.1522918939590454,97.0,f1,0.3315647143061773
Actor,SDRF,sage,12355,0.25,0.369078947368421,0.3312483291951784,0.3638157894736842,0.3313357099226673,1.035868763923645,120.0,f1,0.3312483291951784
Actor,SDRF,sage,12355,0.4,0.3888157894736842,0.3331783200837785,0.3631578947368421,0.305702855756601,1.1576206684112549,96.0,f1,0.3331783200837785
Actor,SDRF,sage,12355,0.55,0.3710526315789473,0.3330389405223836,0.3631578947368421,0.3308214194661895,1.0498732328414917,117.0,f1,0.3330389405223836
Actor,SDRF,sage,12356,0.0,0.3625,0.3342981712495049,0.3592105263157895,0.3226795618112243,1.0233373641967771,122.0,f1,0.3342981712495049
Actor,SDRF,sage,12356,0.1,0.3585526315789473,0.3313422036879963,0.3592105263157895,0.3233751672091731,1.0292458534240725,121.0,f1,0.3313422036879963
Actor,SDRF,sage,12356,0.25,0.3552631578947368,0.3311426908841319,0.3605263157894737,0.3303812620023441,0.9554640650749208,136.0,f1,0.3311426908841319
Actor,SDRF,sage,12356,0.4,0.3631578947368421,0.3297347153725335,0.3651315789473684,0.3224837391432905,1.0518720149993896,117.0,f1,0.3297347153725335
Actor,SDRF,sage,12356,0.55,0.3578947368421052,0.3290224511796975,0.3592105263157895,0.3228077373181614,1.0168352127075195,124.0,f1,0.3290224511796975
Actor,SDRF,sage,12357,0.0,0.3651315789473684,0.3448998784845697,0.3342105263157894,0.3076797292181999,0.9021039009094238,148.0,f1,0.3448998784845697
Actor,SDRF,sage,12357,0.1,0.369078947368421,0.3435649402081934,0.3493421052631579,0.3161244806787551,0.9897035956382751,129.0,f1,0.3435649402081934
Actor,SDRF,sage,12357,0.25,0.375,0.3481430729762974,0.3552631578947368,0.3212048128817263,1.0146948099136353,124.0,f1,0.3481430729762974
Actor,SDRF,sage,12357,0.4,0.3710526315789473,0.3434496503169827,0.3513157894736842,0.3176791747702973,0.99771386384964,127.0,f1,0.3434496503169827
Actor,SDRF,sage,12357,0.55,0.369078947368421,0.3452123312823887,0.3453947368421052,0.3150801354928985,0.9678683280944824,134.0,f1,0.3452123312823887
Actor,SDRF,sage,12358,0.0,0.3532894736842105,0.3310245079963091,0.3375,0.3211517185769322,0.7675064206123352,189.0,f1,0.3310245079963091
Actor,SDRF,sage,12358,0.1,0.3598684210526315,0.3402938066225544,0.3407894736842105,0.3218322084724697,0.792969286441803,182.0,f1,0.3402938066225544
Actor,SDRF,sage,12358,0.25,0.3572368421052631,0.3386873402682183,0.3486842105263157,0.3301564540253654,0.7849013209342957,185.0,f1,0.3386873402682183
Actor,SDRF,sage,12358,0.4,0.3546052631578947,0.3385485612594664,0.3506578947368421,0.3325158839391112,0.7864059805870056,185.0,f1,0.3385485612594664
Actor,SDRF,sage,12358,0.55,0.3631578947368421,0.3403691325189745,0.35,0.3294544475271989,0.9037131071090698,154.0,f1,0.3403691325189745
Actor,SDRF,sage,12359,0.0,0.3677631578947368,0.351047069573519,0.3401315789473684,0.3166092102253612,0.9066815376281738,151.0,f1,0.351047069573519
Actor,SDRF,sage,12359,0.1,0.3730263157894737,0.355998850137261,0.3421052631578947,0.324096888940082,0.8397624492645264,168.0,f1,0.355998850137261
Actor,SDRF,sage,12359,0.25,0.369078947368421,0.3538928807675575,0.3414473684210526,0.3245189175789423,0.8343704342842102,170.0,f1,0.3538928807675575
Actor,SDRF,sage,12359,0.4,0.3723684210526315,0.3534170177541785,0.3434210526315789,0.3129702360874815,0.934512197971344,146.0,f1,0.3534170177541785
Actor,SDRF,sage,12359,0.55,0.3730263157894737,0.3558894194217605,0.3388157894736842,0.3127988264143219,0.919137179851532,150.0,f1,0.3558894194217605
Actor,SDRF,sage,12360,0.0,0.3657894736842105,0.3450666852227423,0.3578947368421052,0.3306102399946874,0.9087207317352296,147.0,f1,0.3450666852227423
Actor,SDRF,sage,12360,0.1,0.3651315789473684,0.3399069415779573,0.3598684210526315,0.3308700695034428,0.976227045059204,132.0,f1,0.3399069415779573
Actor,SDRF,sage,12360,0.25,0.3677631578947368,0.3431382983654107,0.3552631578947368,0.3243310745950137,0.9583014249801636,136.0,f1,0.3431382983654107
Actor,SDRF,sage,12360,0.4,0.3651315789473684,0.3384118937268839,0.3578947368421052,0.3258380125373035,0.9594086408615112,136.0,f1,0.3384118937268839
Actor,SDRF,sage,12360,0.55,0.3585526315789473,0.3386602146826808,0.3519736842105263,0.3283720045743563,0.895307719707489,150.0,f1,0.3386602146826808
Actor,SDRF,sage,12361,0.0,0.3578947368421052,0.328237293536629,0.3388157894736842,0.3104434861056462,1.0148131847381592,123.0,f1,0.328237293536629
Actor,SDRF,sage,12361,0.1,0.356578947368421,0.3242841558917418,0.3375,0.3077304795475329,1.0355160236358645,119.0,f1,0.3242841558917418
Actor,SDRF,sage,12361,0.25,0.3552631578947368,0.3240953658295118,0.3375,0.3077532117516847,1.0284489393234253,120.0,f1,0.3240953658295118
Actor,SDRF,sage,12361,0.4,0.3605263157894737,0.3270400541212339,0.3388157894736842,0.3023101981920192,1.0598810911178589,114.0,f1,0.3270400541212339
Actor,SDRF,sage,12361,0.55,0.3677631578947368,0.3328121996176273,0.3355263157894737,0.2972256051348941,1.0720871686935425,111.0,f1,0.3328121996176273
Actor,SDRF,sage,12362,0.0,0.3638157894736842,0.3358736601481407,0.3552631578947368,0.3344468401645632,0.9300971627235411,146.0,f1,0.3358736601481407
Actor,SDRF,sage,12362,0.1,0.3611842105263158,0.334515784189434,0.3592105263157895,0.3377410614359336,0.9133917689323424,150.0,f1,0.334515784189434
Actor,SDRF,sage,12362,0.25,0.3651315789473684,0.3371172298051241,0.3592105263157895,0.3419775237721998,0.9143926501274108,150.0,f1,0.3371172298051241
Actor,SDRF,sage,12362,0.4,0.369078947368421,0.3393055140449909,0.3552631578947368,0.335051372084606,0.9427597522735596,144.0,f1,0.3393055140449909
Actor,SDRF,sage,12362,0.55,0.369078947368421,0.3376574190551261,0.3585526315789473,0.3381583049977199,0.9648485779762268,138.0,f1,0.3376574190551261
Actor,SDRF,sage,12363,0.0,0.3651315789473684,0.3367433794961705,0.3578947368421052,0.3280719231990158,0.9665262699127196,140.0,f1,0.3367433794961705
Actor,SDRF,sage,12363,0.1,0.3657894736842105,0.3360075709134517,0.3578947368421052,0.3270339078551985,1.0053904056549072,131.0,f1,0.3360075709134517
Actor,SDRF,sage,12363,0.25,0.3572368421052631,0.3346603728656829,0.3473684210526316,0.3243207178429195,0.8517221212387085,168.0,f1,0.3346603728656829
Actor,SDRF,sage,12363,0.4,0.3559210526315789,0.3358527968140078,0.3467105263157894,0.3245021284672533,0.8221038579940796,177.0,f1,0.3358527968140078
Actor,SDRF,sage,12363,0.55,0.3638157894736842,0.3380894907119618,0.3546052631578947,0.3274349492076323,0.9380401372909546,147.0,f1,0.3380894907119618
Actor,SDRF,sage,12364,0.0,0.3625,0.335456245025292,0.3414473684210526,0.3193757887958414,0.8694863319396973,159.0,f1,0.335456245025292
Actor,SDRF,sage,12364,0.1,0.3631578947368421,0.3354927115226829,0.3480263157894737,0.3235257920404049,0.9039875268936156,151.0,f1,0.3354927115226829
Actor,SDRF,sage,12364,0.25,0.3559210526315789,0.3290341585088936,0.3434210526315789,0.3187942738033298,0.8828579187393188,156.0,f1,0.3290341585088936
Actor,SDRF,sage,12364,0.4,0.3506578947368421,0.3214296347375069,0.3375,0.3165708205702687,0.8474751114845276,165.0,f1,0.3214296347375069
Actor,SDRF,sage,12364,0.55,0.356578947368421,0.3240698995060187,0.3480263157894737,0.320925375541062,0.9152271747589112,148.0,f1,0.3240698995060187
Actor,SDRF,sage,12365,0.0,0.3644736842105263,0.3400302803765031,0.3605263157894737,0.3335267350801597,1.022040843963623,125.0,f1,0.3400302803765031
Actor,SDRF,sage,12365,0.1,0.3605263157894737,0.339046998433447,0.3559210526315789,0.3332624709409035,0.8856245279312134,155.0,f1,0.339046998433447
Actor,SDRF,sage,12365,0.25,0.3625,0.3423584984572567,0.3592105263157895,0.3367118143734327,0.908219277858734,150.0,f1,0.3423584984572567
Actor,SDRF,sage,12365,0.4,0.3625,0.3326040142074911,0.3625,0.3355935924824694,1.04060161113739,122.0,f1,0.3326040142074911
Actor,SDRF,sage,12365,0.55,0.3671052631578947,0.3391890950554094,0.3598684210526315,0.3334329861408175,1.04114031791687,122.0,f1,0.3391890950554094
Actor,SDRF,sage,12366,0.0,0.3605263157894737,0.3256877577083655,0.3460526315789474,0.3113493392728269,1.0558340549468994,119.0,f1,0.3256877577083655
Actor,SDRF,sage,12366,0.1,0.3631578947368421,0.3321267721739346,0.3322368421052631,0.3096381019812348,0.9946465492248536,132.0,f1,0.3321267721739346
Actor,SDRF,sage,12366,0.25,0.3651315789473684,0.3324386255851341,0.3328947368421052,0.3098043066715034,0.9800363779067992,135.0,f1,0.3324386255851341
Actor,SDRF,sage,12366,0.4,0.3578947368421052,0.3264241780819182,0.3342105263157894,0.3119449101489953,0.974846124649048,136.0,f1,0.3264241780819182
Actor,SDRF,sage,12366,0.55,0.3598684210526315,0.3296113072833401,0.3348684210526316,0.311925782399977,0.9752305150032043,136.0,f1,0.3296113072833401
Actor,SDRF,sage,12367,0.0,0.3684210526315789,0.3307600863514783,0.3618421052631579,0.3349196388324501,1.1002416610717771,108.0,f1,0.3307600863514783
Actor,SDRF,sage,12367,0.1,0.3506578947368421,0.3282641444527331,0.3414473684210526,0.323762915944104,0.8041845560073853,176.0,f1,0.3282641444527331
Actor,SDRF,sage,12367,0.25,0.3532894736842105,0.3310278887644793,0.3407894736842105,0.3232227574462745,0.8171629309654236,170.0,f1,0.3310278887644793
Actor,SDRF,sage,12367,0.4,0.3638157894736842,0.3370042513510567,0.3625,0.3390487629732638,0.9701467156410216,133.0,f1,0.3370042513510567
Actor,SDRF,sage,12367,0.55,0.3611842105263158,0.3349477394188392,0.3552631578947368,0.3313705751584502,0.9492910504341124,139.0,f1,0.3349477394188392
Actor,SDRF,sage,12368,0.0,0.3552631578947368,0.3357667268441773,0.3572368421052631,0.3338344487221776,0.985706090927124,134.0,f1,0.3357667268441773
Actor,SDRF,sage,12368,0.1,0.3578947368421052,0.3355820635550164,0.3585526315789473,0.3385473429583128,0.998462438583374,131.0,f1,0.3355820635550164
Actor,SDRF,sage,12368,0.25,0.3710526315789473,0.3374754859010045,0.3671052631578947,0.3286471935904271,1.103946328163147,110.0,f1,0.3374754859010045
Actor,SDRF,sage,12368,0.4,0.3638157894736842,0.3308463865133219,0.3631578947368421,0.3287802318841639,1.0959993600845337,111.0,f1,0.3308463865133219
Actor,SDRF,sage,12368,0.55,0.3677631578947368,0.3319741936241197,0.369078947368421,0.3286189929343719,1.1059051752090454,109.0,f1,0.3319741936241197
Actor,SDRF,sage,12369,0.0,0.3671052631578947,0.3375287057715534,0.3723684210526315,0.3500650842253624,0.9781445860862732,136.0,f1,0.3375287057715534
Actor,SDRF,sage,12369,0.1,0.3657894736842105,0.3373789447498443,0.369078947368421,0.3454149183150125,0.9820500016212464,135.0,f1,0.3373789447498443
Actor,SDRF,sage,12369,0.25,0.3638157894736842,0.3357117005770282,0.3703947368421053,0.3470622304174678,0.9778459668159484,137.0,f1,0.3357117005770282
Actor,SDRF,sage,12369,0.4,0.3736842105263158,0.3446210715308159,0.3703947368421053,0.3479507165636906,0.9864045977592468,134.0,f1,0.3446210715308159
Actor,SDRF,sage,12369,0.55,0.3651315789473684,0.3389103919442626,0.3717105263157895,0.3476218532091718,0.979857325553894,136.0,f1,0.3389103919442626
Actor,SDRF,sage,12370,0.0,0.3578947368421052,0.337660177238145,0.3585526315789473,0.3392887649060523,0.8788560032844543,158.0,f1,0.337660177238145
Actor,SDRF,sage,12370,0.1,0.3532894736842105,0.3345361243923497,0.3552631578947368,0.3388816208283489,0.8590216040611267,163.0,f1,0.3345361243923497
Actor,SDRF,sage,12370,0.25,0.3598684210526315,0.3350890582447552,0.3684210526315789,0.3493296920919393,0.9386657476425172,144.0,f1,0.3350890582447552
Actor,SDRF,sage,12370,0.4,0.3730263157894737,0.3316305522167918,0.3697368421052631,0.3260623824649518,1.1082823276519775,108.0,f1,0.3316305522167918
Actor,SDRF,sage,12370,0.55,0.3598684210526315,0.3328298096225227,0.3664473684210526,0.3471165046747857,0.9635096788406372,139.0,f1,0.3328298096225227
Actor,SDRF,sage,12371,0.0,0.3434210526315789,0.3223870436336068,0.3164473684210526,0.3030677970150131,0.498757928609848,282.0,f1,0.3223870436336068
Actor,SDRF,sage,12371,0.1,0.3421052631578947,0.3209093613227122,0.3184210526315789,0.3018546546648173,0.540804386138916,265.0,f1,0.3209093613227122
Actor,SDRF,sage,12371,0.25,0.3401315789473684,0.3154003927280075,0.3276315789473684,0.3140062382162129,0.6043569445610046,239.0,f1,0.3154003927280075
Actor,SDRF,sage,12371,0.4,0.3493421052631579,0.3129171787425316,0.3546052631578947,0.3191379144664061,1.0452702045440674,121.0,f1,0.3129171787425316
Actor,SDRF,sage,12371,0.55,0.3546052631578947,0.3139008591019442,0.3605263157894737,0.3213202685816534,1.067082405090332,117.0,f1,0.3139008591019442
Actor,SDRF,sage,12372,0.0,0.3572368421052631,0.3446843269857309,0.3605263157894737,0.3357276649691521,0.6841758489608765,212.0,f1,0.3446843269857309
Actor,SDRF,sage,12372,0.1,0.3605263157894737,0.3437191619296706,0.3559210526315789,0.3318684885749105,0.91114342212677,148.0,f1,0.3437191619296706
Actor,SDRF,sage,12372,0.25,0.3572368421052631,0.3409059319642937,0.3519736842105263,0.3282776787756079,0.644834041595459,228.0,f1,0.3409059319642937
Actor,SDRF,sage,12372,0.4,0.3671052631578947,0.3428248442206992,0.3769736842105263,0.3510950165696118,1.0211145877838137,124.0,f1,0.3428248442206992
Actor,SDRF,sage,12372,0.55,0.3657894736842105,0.3436755918669842,0.369078947368421,0.343644688041135,1.0057579278945925,127.0,f1,0.3436755918669842
Actor,SDRF,sage,12373,0.0,0.3684210526315789,0.3432907517297069,0.3677631578947368,0.3422377683437853,0.9761715531349182,134.0,f1,0.3432907517297069
Actor,SDRF,sage,12373,0.1,0.3664473684210526,0.3426474835696771,0.3710526315789473,0.341672203804428,1.0094177722930908,127.0,f1,0.3426474835696771
Actor,SDRF,sage,12373,0.25,0.3736842105263158,0.3437885575886992,0.3894736842105263,0.350113190001079,1.091435432434082,111.0,f1,0.3437885575886992
Actor,SDRF,sage,12373,0.4,0.3657894736842105,0.3434445312458768,0.3796052631578947,0.3508176635889551,1.0118895769119265,127.0,f1,0.3434445312458768
Actor,SDRF,sage,12373,0.55,0.3697368421052631,0.3438572694001459,0.3815789473684211,0.3527453364473809,1.0230752229690552,124.0,f1,0.3438572694001459
Actor,SDRF,sage,12374,0.0,0.3598684210526315,0.3321130187515776,0.3638157894736842,0.3317191865325023,0.9808276891708374,135.0,f1,0.3321130187515776
Actor,SDRF,sage,12374,0.1,0.356578947368421,0.3314707400704925,0.3631578947368421,0.3369338020455662,0.9299047589302064,146.0,f1,0.3314707400704925
Actor,SDRF,sage,12374,0.25,0.3611842105263158,0.3373895120264148,0.3611842105263158,0.3366550466752849,0.9236140847206116,148.0,f1,0.3373895120264148
Actor,SDRF,sage,12374,0.4,0.3592105263157895,0.3365023861416282,0.3605263157894737,0.3393522291199368,0.8938532471656799,156.0,f1,0.3365023861416282
Actor,SDRF,sage,12374,0.55,0.3605263157894737,0.3362673110837669,0.3592105263157895,0.330345558823992,0.9511470198631288,142.0,f1,0.3362673110837669
Actor,SDRF,gat,12345,0.0,0.3203947368421053,0.2797998489922262,0.3059210526315789,0.2578811579457934,1.2828596830368042,166.0,f1,0.2797998489922262
Actor,SDRF,gat,12345,0.1,0.3302631578947368,0.2846731291152239,0.2986842105263158,0.2497988484398298,1.3037588596343994,158.0,f1,0.2846731291152239
Actor,SDRF,gat,12345,0.25,0.3263157894736842,0.2811333100931064,0.2927631578947368,0.2439559015210176,1.2866768836975098,166.0,f1,0.2811333100931064
Actor,SDRF,gat,12345,0.4,0.3151315789473684,0.2712802742306383,0.2934210526315789,0.2432883029315543,1.2842310667037964,169.0,f1,0.2712802742306383
Actor,SDRF,gat,12345,0.55,0.3006578947368421,0.2724909643956872,0.2868421052631579,0.255899866170567,1.1351873874664309,240.0,f1,0.2724909643956872
Actor,SDRF,gat,12346,0.0,0.2736842105263158,0.2556966817791331,0.2776315789473684,0.2537495729738891,1.157059907913208,233.0,f1,0.2556966817791331
Actor,SDRF,gat,12346,0.1,0.2796052631578947,0.2628308733186796,0.2769736842105263,0.2570019144733791,1.09263277053833,262.0,f1,0.2628308733186796
Actor,SDRF,gat,12346,0.25,0.2802631578947368,0.2617650890048237,0.2842105263157894,0.2596975415699377,1.1430672407150269,241.0,f1,0.2617650890048237
Actor,SDRF,gat,12346,0.4,0.275,0.2565978142186427,0.2828947368421052,0.2546813959401343,1.1529899835586548,243.0,f1,0.2565978142186427
Actor,SDRF,gat,12346,0.55,0.2802631578947368,0.2512275467329202,0.2947368421052631,0.2543792124531853,1.324310302734375,159.0,f1,0.2512275467329202
Actor,SDRF,gat,12347,0.0,0.3059210526315789,0.2664919153414201,0.2993421052631579,0.257613195927806,1.1696635484695437,248.0,f1,0.2664919153414201
Actor,SDRF,gat,12347,0.1,0.2960526315789473,0.2631096270214745,0.2927631578947368,0.2568147576717093,0.9943892359733582,339.0,f1,0.2631096270214745
Actor,SDRF,gat,12347,0.25,0.3092105263157895,0.2702232352108539,0.3006578947368421,0.2572476928930064,1.2025372982025146,235.0,f1,0.2702232352108539
Actor,SDRF,gat,12347,0.4,0.3085526315789473,0.2745264010930534,0.3098684210526315,0.2700792395150785,1.1567615270614624,259.0,f1,0.2745264010930534
Actor,SDRF,gat,12347,0.55,0.3111842105263158,0.2759065983315237,0.3105263157894737,0.2710348528852043,1.1758075952529907,253.0,f1,0.2759065983315237
Actor,SDRF,gat,12348,0.0,0.3026315789473684,0.2812590606160381,0.2822368421052632,0.2534337445171609,0.930059254169464,328.0,f1,0.2812590606160381
Actor,SDRF,gat,12348,0.1,0.3019736842105263,0.2804166201661818,0.2677631578947368,0.2421197066086048,0.926272451877594,333.0,f1,0.2804166201661818
Actor,SDRF,gat,12348,0.25,0.3006578947368421,0.2700622816787504,0.2875,0.254039815205121,1.0743019580841064,269.0,f1,0.2700622816787504
Actor,SDRF,gat,12348,0.4,0.3059210526315789,0.2792647281939883,0.275,0.2456175293856914,0.9692342281341552,320.0,f1,0.2792647281939883
Actor,SDRF,gat,12348,0.55,0.3032894736842105,0.275975350300477,0.294078947368421,0.2630596252334001,1.06233811378479,279.0,f1,0.275975350300477
Actor,SDRF,gat,12349,0.0,0.3,0.2670755977365935,0.2927631578947368,0.2542469632476069,1.1789748668670654,212.0,f1,0.2670755977365935
Actor,SDRF,gat,12349,0.1,0.2960526315789473,0.2625513809047098,0.2907894736842105,0.2523018396130388,1.164056658744812,220.0,f1,0.2625513809047098
Actor,SDRF,gat,12349,0.25,0.3032894736842105,0.2671528531198876,0.2907894736842105,0.2533150081485768,1.1497048139572144,228.0,f1,0.2671528531198876
Actor,SDRF,gat,12349,0.4,0.3085526315789473,0.275170380965247,0.2809210526315789,0.2459171686418555,1.0920794010162354,253.0,f1,0.275170380965247
Actor,SDRF,gat,12349,0.55,0.3032894736842105,0.2707099798719619,0.2822368421052632,0.2423142604587739,1.1285502910614014,241.0,f1,0.2707099798719619
Actor,SDRF,gat,12350,0.0,0.3118421052631579,0.272620238327675,0.2802631578947368,0.2501669917759463,1.1733421087265017,230.0,f1,0.272620238327675
Actor,SDRF,gat,12350,0.1,0.3190789473684211,0.2753931952072467,0.2861842105263157,0.252695820653348,1.2386267185211182,197.0,f1,0.2753931952072467
Actor,SDRF,gat,12350,0.25,0.3230263157894736,0.2673868728715873,0.2868421052631579,0.2435013441078932,1.3696876764297483,138.0,f1,0.2673868728715873
Actor,SDRF,gat,12350,0.4,0.3078947368421053,0.2596667818521024,0.2828947368421052,0.2447415244102415,1.2747089862823486,185.0,f1,0.2596667818521024
Actor,SDRF,gat,12350,0.55,0.3006578947368421,0.259457978405288,0.2782894736842105,0.2488668833862166,1.146647572517395,251.0,f1,0.259457978405288
Actor,SDRF,gat,12351,0.0,0.3111842105263158,0.2657431718033633,0.3026315789473684,0.2612814057297775,1.2829233407974243,172.0,f1,0.2657431718033633
Actor,SDRF,gat,12351,0.1,0.2973684210526315,0.2594034846476661,0.2986842105263158,0.266371314222496,1.1855261325836182,217.0,f1,0.2594034846476661
Actor,SDRF,gat,12351,0.25,0.3059210526315789,0.2665507584924936,0.2973684210526315,0.2663352050426378,1.2331422567367554,197.0,f1,0.2665507584924936
Actor,SDRF,gat,12351,0.4,0.2973684210526315,0.2664636418664056,0.2934210526315789,0.2649492001158351,1.0969587564468384,262.0,f1,0.2664636418664056
Actor,SDRF,gat,12351,0.55,0.3111842105263158,0.2651705138080558,0.3006578947368421,0.2609234207462811,1.2824740409851074,179.0,f1,0.2651705138080558
Actor,SDRF,gat,12352,0.0,0.2934210526315789,0.2722357552096467,0.2907894736842105,0.2712775088911578,0.898814857006073,336.0,f1,0.2722357552096467
Actor,SDRF,gat,12352,0.1,0.2934210526315789,0.2745739024345491,0.2861842105263157,0.2645354141947376,0.8597533106803894,357.0,f1,0.2745739024345491
Actor,SDRF,gat,12352,0.25,0.2980263157894737,0.2765108613284596,0.2868421052631579,0.2645192799180169,0.9281412959098816,323.0,f1,0.2765108613284596
Actor,SDRF,gat,12352,0.4,0.3,0.2746512696517898,0.3026315789473684,0.2743908980822326,1.0775448083877563,263.0,f1,0.2746512696517898
Actor,SDRF,gat,12352,0.55,0.2914473684210526,0.265643776385916,0.3052631578947368,0.2790542185375182,1.0765360593795776,262.0,f1,0.265643776385916
Actor,SDRF,gat,12353,0.0,0.281578947368421,0.2533160592609492,0.2921052631578947,0.2681893568681425,1.2098320722579956,207.0,f1,0.2533160592609492
Actor,SDRF,gat,12353,0.1,0.2875,0.2552710832957088,0.2973684210526315,0.2692260429907764,1.2646005153656006,183.0,f1,0.2552710832957088
Actor,SDRF,gat,12353,0.25,0.2855263157894737,0.2527932930389022,0.2914473684210526,0.2636357721690791,1.282624363899231,176.0,f1,0.2527932930389022
Actor,SDRF,gat,12353,0.4,0.2651315789473684,0.250104578810525,0.2822368421052632,0.27078569932516,0.8923064470291138,394.0,f1,0.250104578810525
Actor,SDRF,gat,12353,0.55,0.2769736842105263,0.2490223816260667,0.2822368421052632,0.2599185413508408,1.1884076595306396,230.0,f1,0.2490223816260667
Actor,SDRF,gat,12354,0.0,0.2973684210526315,0.2804549662104181,0.2907894736842105,0.2654260661356424,1.1910277605056765,210.0,f1,0.2804549662104181
Actor,SDRF,gat,12354,0.1,0.2973684210526315,0.2778612420527136,0.2881578947368421,0.2621001566078938,1.213996648788452,203.0,f1,0.2778612420527136
Actor,SDRF,gat,12354,0.25,0.2973684210526315,0.2791315307630271,0.2960526315789473,0.2736223735746877,1.1967040300369265,215.0,f1,0.2791315307630271
Actor,SDRF,gat,12354,0.4,0.3,0.2853972101487471,0.2868421052631579,0.2668336425821326,1.174900770187378,227.0,f1,0.2853972101487471
Actor,SDRF,gat,12354,0.55,0.2993421052631579,0.2845606752873573,0.2894736842105263,0.269224946711798,1.1885229349136353,224.0,f1,0.2845606752873573
Actor,SDRF,gat,12355,0.0,0.2947368421052631,0.2627887047702612,0.2782894736842105,0.255709821077458,0.992439031600952,298.0,f1,0.2627887047702612
Actor,SDRF,gat,12355,0.1,0.3,0.267535868675037,0.2822368421052632,0.2560266484698408,0.9933553338050842,299.0,f1,0.267535868675037
Actor,SDRF,gat,12355,0.25,0.2980263157894737,0.2627722634359611,0.2796052631578947,0.2546541388365348,1.029453158378601,283.0,f1,0.2627722634359611
Actor,SDRF,gat,12355,0.4,0.2993421052631579,0.2631343825437979,0.2921052631578947,0.2645383869324403,1.0621795654296875,273.0,f1,0.2631343825437979
Actor,SDRF,gat,12355,0.55,0.294078947368421,0.260775377013119,0.2868421052631579,0.2623181732424551,0.9452733993530272,326.0,f1,0.260775377013119
Actor,SDRF,gat,12356,0.0,0.2947368421052631,0.2592694865897895,0.294078947368421,0.2581952765305707,1.034833312034607,284.0,f1,0.2592694865897895
Actor,SDRF,gat,12356,0.1,0.2973684210526315,0.2628067003139688,0.2901315789473684,0.2554798989067876,1.0363759994506836,284.0,f1,0.2628067003139688
Actor,SDRF,gat,12356,0.25,0.2881578947368421,0.2555849972503284,0.2835526315789474,0.258070605977606,0.9285308122634888,332.0,f1,0.2555849972503284
Actor,SDRF,gat,12356,0.4,0.2835526315789474,0.2525869586142899,0.2855263157894737,0.2563454954631425,0.9662865400314332,315.0,f1,0.2525869586142899
Actor,SDRF,gat,12356,0.55,0.2901315789473684,0.2573870413000848,0.2861842105263157,0.2588813024623783,0.9555534720420836,322.0,f1,0.2573870413000848
Actor,SDRF,gat,12357,0.0,0.2967105263157895,0.2847333951209324,0.2710526315789474,0.2532900064498807,1.1688170433044434,220.0,f1,0.2847333951209324
Actor,SDRF,gat,12357,0.1,0.3013157894736842,0.2899348888595286,0.2717105263157894,0.2546205720176863,1.1373236179351809,239.0,f1,0.2899348888595286
Actor,SDRF,gat,12357,0.25,0.2921052631578947,0.2796561037004454,0.2743421052631579,0.2572817582338815,1.1767752170562744,223.0,f1,0.2796561037004454
Actor,SDRF,gat,12357,0.4,0.294078947368421,0.2811749417506544,0.275,0.2574244560570874,1.248354196548462,191.0,f1,0.2811749417506544
Actor,SDRF,gat,12357,0.55,0.2947368421052631,0.2823067861567547,0.2868421052631579,0.2693913847008683,1.2246360778808594,203.0,f1,0.2823067861567547
Actor,SDRF,gat,12358,0.0,0.3276315789473684,0.2841236911874706,0.2947368421052631,0.2494796369364947,1.3342803716659546,152.0,f1,0.2841236911874706
Actor,SDRF,gat,12358,0.1,0.3217105263157894,0.2761331496622253,0.2986842105263158,0.2530713129247185,1.3381164073944092,152.0,f1,0.2761331496622253
Actor,SDRF,gat,12358,0.25,0.3269736842105263,0.2834636711598287,0.2953947368421052,0.2497664627034853,1.3263696432113647,158.0,f1,0.2834636711598287
Actor,SDRF,gat,12358,0.4,0.331578947368421,0.2832663909357538,0.294078947368421,0.2382167326990852,1.365727424621582,145.0,f1,0.2832663909357538
Actor,SDRF,gat,12358,0.55,0.3243421052631579,0.281631137516012,0.2888157894736842,0.2378719088672117,1.3104732036590576,171.0,f1,0.281631137516012
Actor,SDRF,gat,12359,0.0,0.3059210526315789,0.280949724501002,0.2907894736842105,0.2642447517711701,1.0974797010421753,267.0,f1,0.280949724501002
Actor,SDRF,gat,12359,0.1,0.3144736842105263,0.2849743160238821,0.3,0.2702876687676872,1.1000202894210815,269.0,f1,0.2849743160238821
Actor,SDRF,gat,12359,0.25,0.3098684210526315,0.2804102141424487,0.3,0.2700966145943683,1.128702163696289,258.0,f1,0.2804102141424487
Actor,SDRF,gat,12359,0.4,0.3105263157894737,0.281929032992485,0.3013157894736842,0.2708924693303105,1.1454031467437744,251.0,f1,0.281929032992485
Actor,SDRF,gat,12359,0.55,0.3118421052631579,0.2833121329092699,0.2934210526315789,0.2604495907298764,1.1474227905273438,251.0,f1,0.2833121329092699
Actor,SDRF,gat,12360,0.0,0.3138157894736842,0.2705687430105494,0.2960526315789473,0.252646994523638,1.3216516971588137,164.0,f1,0.2705687430105494
Actor,SDRF,gat,12360,0.1,0.2986842105263158,0.2714133394166974,0.2842105263157894,0.2521704030945275,1.155436873435974,241.0,f1,0.2714133394166974
Actor,SDRF,gat,12360,0.25,0.3006578947368421,0.2780989295548982,0.2901315789473684,0.263438659041142,1.0204825401306152,295.0,f1,0.2780989295548982
Actor,SDRF,gat,12360,0.4,0.3059210526315789,0.275710049227353,0.294078947368421,0.2537019377867933,1.1713796854019165,236.0,f1,0.275710049227353
Actor,SDRF,gat,12360,0.55,0.3006578947368421,0.2712964122599025,0.3013157894736842,0.2603693578056166,1.1822141408920288,235.0,f1,0.2712964122599025
Actor,SDRF,gat,12361,0.0,0.3243421052631579,0.2796210484253949,0.2973684210526315,0.2594916743047676,1.229371428489685,198.0,f1,0.2796210484253949
Actor,SDRF,gat,12361,0.1,0.325,0.2772639957416746,0.2960526315789473,0.2568491112114813,1.2334179878234863,197.0,f1,0.2772639957416746
Actor,SDRF,gat,12361,0.25,0.3184210526315789,0.2781200956405392,0.2894736842105263,0.2544870897105976,1.1585931777954102,233.0,f1,0.2781200956405392
Actor,SDRF,gat,12361,0.4,0.3236842105263158,0.2822591351325494,0.2756578947368421,0.2417280853495473,1.1624267101287842,235.0,f1,0.2822591351325494
Actor,SDRF,gat,12361,0.55,0.3105263157894737,0.2762546838953664,0.2769736842105263,0.2494699032100933,1.055271029472351,287.0,f1,0.2762546838953664
Actor,SDRF,gat,12362,0.0,0.3203947368421053,0.280904129776968,0.2914473684210526,0.259298727358395,1.2720426321029663,173.0,f1,0.280904129776968
Actor,SDRF,gat,12362,0.1,0.3144736842105263,0.277613943443092,0.2967105263157895,0.2632149198006984,1.268687129020691,176.0,f1,0.277613943443092
Actor,SDRF,gat,12362,0.25,0.3157894736842105,0.2757513688081129,0.3039473684210526,0.2652020115218753,1.3003581762313845,163.0,f1,0.2757513688081129
Actor,SDRF,gat,12362,0.4,0.2973684210526315,0.2734124499491214,0.2828947368421052,0.2581253764543333,1.1105331182479858,255.0,f1,0.2734124499491214
Actor,SDRF,gat,12362,0.55,0.3059210526315789,0.2684888110942934,0.2914473684210526,0.2549004167559738,1.3026936054229736,166.0,f1,0.2684888110942934
Actor,SDRF,gat,12363,0.0,0.2855263157894737,0.2533775738951246,0.2888157894736842,0.2615739817242808,1.0679031610488892,301.0,f1,0.2533775738951246
Actor,SDRF,gat,12363,0.1,0.3,0.2533003620321822,0.3013157894736842,0.2578423888554503,1.3152527809143066,169.0,f1,0.2533003620321822
Actor,SDRF,gat,12363,0.25,0.3046052631578947,0.2616949963455842,0.2973684210526315,0.261367458044391,1.246490716934204,210.0,f1,0.2616949963455842
Actor,SDRF,gat,12363,0.4,0.3131578947368421,0.2648591761671459,0.294078947368421,0.2500933338493518,1.3167868852615356,174.0,f1,0.2648591761671459
Actor,SDRF,gat,12363,0.55,0.3052631578947368,0.2578658801336628,0.2953947368421052,0.2537645923899002,1.3156325817108154,175.0,f1,0.2578658801336628
Actor,SDRF,gat,12364,0.0,0.3026315789473684,0.2627079853556244,0.2789473684210526,0.2439575104635198,1.1776896715164185,218.0,f1,0.2627079853556244
Actor,SDRF,gat,12364,0.1,0.3059210526315789,0.2647606113946971,0.281578947368421,0.2414054436084673,1.1936564445495603,211.0,f1,0.2647606113946971
Actor,SDRF,gat,12364,0.25,0.3085526315789473,0.2632732567184421,0.2855263157894737,0.249566996395481,1.1593992710113523,227.0,f1,0.2632732567184421
Actor,SDRF,gat,12364,0.4,0.3085526315789473,0.2631461499708481,0.2953947368421052,0.2602040487824965,1.1883161067962646,220.0,f1,0.2631461499708481
Actor,SDRF,gat,12364,0.55,0.2993421052631579,0.2593265204411025,0.2973684210526315,0.2652775716958321,1.140783190727234,241.0,f1,0.2593265204411025
Actor,SDRF,gat,12365,0.0,0.2828947368421052,0.2595250952057004,0.2789473684210526,0.2475667407880871,0.8329537510871887,387.0,f1,0.2595250952057004
Actor,SDRF,gat,12365,0.1,0.3118421052631579,0.2624700952783182,0.3184210526315789,0.2663248267667928,1.2646403312683103,179.0,f1,0.2624700952783182
Actor,SDRF,gat,12365,0.25,0.3151315789473684,0.260546474649115,0.3151315789473684,0.2566006052616063,1.3075222969055176,162.0,f1,0.260546474649115
Actor,SDRF,gat,12365,0.4,0.2967105263157895,0.2579696626354068,0.3039473684210526,0.2611139510294631,1.1699081659317017,228.0,f1,0.2579696626354068
Actor,SDRF,gat,12365,0.55,0.3032894736842105,0.259450339595545,0.3078947368421053,0.2625022133281903,1.201433181762695,215.0,f1,0.259450339595545
Actor,SDRF,gat,12366,0.0,0.3013157894736842,0.2739175104435774,0.2736842105263158,0.250489068924232,0.9912532567977904,300.0,f1,0.2739175104435774
Actor,SDRF,gat,12366,0.1,0.3210526315789473,0.2795027744630623,0.3026315789473684,0.2644998210119268,1.2156096696853638,204.0,f1,0.2795027744630623
Actor,SDRF,gat,12366,0.25,0.3072368421052631,0.2771368324633836,0.2822368421052632,0.2585605268839158,1.0031888484954834,296.0,f1,0.2771368324633836
Actor,SDRF,gat,12366,0.4,0.3256578947368421,0.2724956738729759,0.2960526315789473,0.2477634695767258,1.2748905420303345,180.0,f1,0.2724956738729759
Actor,SDRF,gat,12366,0.55,0.3230263157894736,0.2734072462437998,0.3006578947368421,0.2596491203493253,1.2581055164337158,187.0,f1,0.2734072462437998
Actor,SDRF,gat,12367,0.0,0.3039473684210526,0.2620296546440607,0.2842105263157894,0.2579276837908854,1.2587875127792358,180.0,f1,0.2620296546440607
Actor,SDRF,gat,12367,0.1,0.2927631578947368,0.2737395760642594,0.2605263157894736,0.243004451711995,0.8396644592285156,376.0,f1,0.2737395760642594
Actor,SDRF,gat,12367,0.25,0.2934210526315789,0.263963236557141,0.2631578947368421,0.2466077105486894,1.1525225639343262,232.0,f1,0.263963236557141
Actor,SDRF,gat,12367,0.4,0.2934210526315789,0.2594780158775485,0.2763157894736842,0.2479756217735355,1.2757713794708252,179.0,f1,0.2594780158775485
Actor,SDRF,gat,12367,0.55,0.294078947368421,0.2595542995997516,0.2789473684210526,0.25181383178102,1.2590023279190063,188.0,f1,0.2595542995997516
Actor,SDRF,gat,12368,0.0,0.2855263157894737,0.262004150760465,0.2789473684210526,0.257339736738857,0.8917429447174072,358.0,f1,0.262004150760465
Actor,SDRF,gat,12368,0.1,0.2796052631578947,0.2544854715780571,0.2763157894736842,0.2549614796271083,0.966972589492798,321.0,f1,0.2544854715780571
Actor,SDRF,gat,12368,0.25,0.2756578947368421,0.2535596041884839,0.2809210526315789,0.2542239791380624,0.9493448734283448,334.0,f1,0.2535596041884839
Actor,SDRF,gat,12368,0.4,0.2743421052631579,0.2523933404020092,0.2776315789473684,0.2615081960477102,0.8371318578720093,396.0,f1,0.2523933404020092
Actor,SDRF,gat,12368,0.55,0.294078947368421,0.2519017319886329,0.2828947368421052,0.2430790853074615,1.2936526536941528,176.0,f1,0.2519017319886329
Actor,SDRF,gat,12369,0.0,0.2868421052631579,0.2628708773697059,0.2828947368421052,0.2629542044236488,1.254893183708191,184.0,f1,0.2628708773697059
Actor,SDRF,gat,12369,0.1,0.2907894736842105,0.2662601298358266,0.2822368421052632,0.2623283430150401,1.2553926706314087,185.0,f1,0.2662601298358266
Actor,SDRF,gat,12369,0.25,0.2875,0.2593386015328501,0.281578947368421,0.2552979074755114,1.3065786361694336,159.0,f1,0.2593386015328501
Actor,SDRF,gat,12369,0.4,0.2861842105263157,0.264972087047447,0.2782894736842105,0.2630886377388339,1.1917495727539062,220.0,f1,0.264972087047447
Actor,SDRF,gat,12369,0.55,0.2901315789473684,0.2737306914313556,0.2638157894736842,0.2463541313134666,1.0547915697097778,284.0,f1,0.2737306914313556
Actor,SDRF,gat,12370,0.0,0.294078947368421,0.2599891168207968,0.3197368421052631,0.2812403996127807,1.2320823669433594,193.0,f1,0.2599891168207968
Actor,SDRF,gat,12370,0.1,0.3098684210526315,0.2679825263314339,0.3335526315789474,0.2819508756425895,1.283285140991211,170.0,f1,0.2679825263314339
Actor,SDRF,gat,12370,0.25,0.3078947368421053,0.2631848007844739,0.3302631578947368,0.2778948367182475,1.2900311946868896,169.0,f1,0.2631848007844739
Actor,SDRF,gat,12370,0.4,0.3032894736842105,0.2588381035612026,0.3230263157894736,0.2761128824573925,1.2576738595962524,184.0,f1,0.2588381035612026
Actor,SDRF,gat,12370,0.55,0.3052631578947368,0.2548850561147915,0.3282894736842105,0.2768498971265847,1.2964789867401123,167.0,f1,0.2548850561147915
Actor,SDRF,gat,12371,0.0,0.3085526315789473,0.2729367118054132,0.3006578947368421,0.2708088157660459,1.2050483226776123,208.0,f1,0.2729367118054132
Actor,SDRF,gat,12371,0.1,0.3,0.2744758068639479,0.3006578947368421,0.281649547378567,1.0700172185897827,266.0,f1,0.2744758068639479
Actor,SDRF,gat,12371,0.25,0.2914473684210526,0.2706547166417631,0.2973684210526315,0.2799471099189922,0.8738909959793091,356.0,f1,0.2706547166417631
Actor,SDRF,gat,12371,0.4,0.3,0.2829773773127403,0.2802631578947368,0.2622309067040677,0.9352988600730896,331.0,f1,0.2829773773127403
Actor,SDRF,gat,12371,0.55,0.2986842105263158,0.2797080155981747,0.2960526315789473,0.2777190344422343,0.9840126633644104,311.0,f1,0.2797080155981747
Actor,SDRF,gat,12372,0.0,0.3085526315789473,0.2761776215255625,0.3026315789473684,0.2725121613642186,1.1445655822753906,246.0,f1,0.2761776215255625
Actor,SDRF,gat,12372,0.1,0.3217105263157894,0.2795312178083431,0.3072368421052631,0.2658676576624465,1.304502010345459,172.0,f1,0.2795312178083431
Actor,SDRF,gat,12372,0.25,0.3177631578947368,0.2731978798575757,0.3032894736842105,0.2631970016497769,1.3119277954101562,171.0,f1,0.2731978798575757
Actor,SDRF,gat,12372,0.4,0.3197368421052631,0.2679951874421119,0.306578947368421,0.2530037297251578,1.3547483682632446,153.0,f1,0.2679951874421119
Actor,SDRF,gat,12372,0.55,0.3177631578947368,0.2692513151836662,0.3078947368421053,0.2590668991032806,1.3220771551132202,169.0,f1,0.2692513151836662
Actor,SDRF,gat,12373,0.0,0.2717105263157894,0.2549806352570618,0.2802631578947368,0.2678453796339752,1.0387725830078125,281.0,f1,0.2549806352570618
Actor,SDRF,gat,12373,0.1,0.2730263157894737,0.2543412612872434,0.3059210526315789,0.2847461310389706,1.2159900665283203,203.0,f1,0.2543412612872434
Actor,SDRF,gat,12373,0.25,0.2710526315789474,0.2525964703867517,0.3013157894736842,0.2815780755494892,1.1885250806808472,215.0,f1,0.2525964703867517
Actor,SDRF,gat,12373,0.4,0.2723684210526316,0.2555490160536015,0.2855263157894737,0.2742765774509211,1.0861872434616089,271.0,f1,0.2555490160536015
Actor,SDRF,gat,12373,0.55,0.2723684210526316,0.2599133222270069,0.2973684210526315,0.2827852286843796,1.151742935180664,243.0,f1,0.2599133222270069
Actor,SDRF,gat,12374,0.0,0.2960526315789473,0.2605053630655068,0.2921052631578947,0.2440982674042163,1.3193527460098269,155.0,f1,0.2605053630655068
Actor,SDRF,gat,12374,0.1,0.2848684210526316,0.2658561969882048,0.2625,0.2409258173264866,0.9647576808929444,316.0,f1,0.2658561969882048
Actor,SDRF,gat,12374,0.25,0.281578947368421,0.2567860152509172,0.2736842105263158,0.2460645307189489,1.087177872657776,261.0,f1,0.2567860152509172
Actor,SDRF,gat,12374,0.4,0.2894736842105263,0.2614935236729412,0.2769736842105263,0.2425665407873998,1.1538749933242798,230.0,f1,0.2614935236729412
Actor,SDRF,gat,12374,0.55,0.2934210526315789,0.2679411554095808,0.2743421052631579,0.2403475581863835,1.1714696884155271,224.0,f1,0.2679411554095808
Actor,DiffWire CT,gcn,12345,,0.3230263157894736,0.2955187646277143,0.3,0.2679225055861561,1.209756851196289,103.0,f1,0.2955187646277143
Actor,DiffWire CT,gcn,12346,,0.3289473684210526,0.2736134719103586,0.3388157894736842,0.2914445622486532,1.34078049659729,59.0,f1,0.2736134719103586
Actor,DiffWire CT,gcn,12347,,0.3105263157894737,0.2835614532748062,0.3111842105263158,0.2761652187938506,1.0764424800872805,179.0,f1,0.2835614532748062
Actor,DiffWire CT,gcn,12348,,0.3197368421052631,0.2900162448095726,0.3085526315789473,0.2714846660523894,1.1491491794586182,129.0,f1,0.2900162448095726
Actor,DiffWire CT,gcn,12349,,0.3355263157894737,0.3001784001706936,0.3151315789473684,0.2820748146354649,1.2290725708007812,97.0,f1,0.3001784001706936
Actor,DiffWire CT,gcn,12350,,0.3361842105263158,0.291133974954038,0.3046052631578947,0.2613567379676832,1.3007323741912842,69.0,f1,0.291133974954038
Actor,DiffWire CT,gcn,12351,,0.3138157894736842,0.272379991016853,0.3092105263157895,0.2792900863595032,1.193348050117493,107.0,f1,0.272379991016853
Actor,DiffWire CT,gcn,12352,,0.2973684210526315,0.2791235015762067,0.2901315789473684,0.2723866607315656,0.9156331419944764,312.0,f1,0.2791235015762067
Actor,DiffWire CT,gcn,12353,,0.3111842105263158,0.2686683402952193,0.3164473684210526,0.27391416870504,1.288297176361084,72.0,f1,0.2686683402952193
Actor,DiffWire CT,gcn,12354,,0.3184210526315789,0.2828265182744818,0.3190789473684211,0.285123136771716,1.2392359972000122,94.0,f1,0.2828265182744818
Actor,DiffWire CT,gcn,12355,,0.3269736842105263,0.2961097863322733,0.2967105263157895,0.2648797120954897,1.0987266302108765,158.0,f1,0.2961097863322733
Actor,DiffWire CT,gcn,12356,,0.3190789473684211,0.2753554731807987,0.3125,0.258398749045591,1.3447808027267456,59.0,f1,0.2753554731807987
Actor,DiffWire CT,gcn,12357,,0.3197368421052631,0.2884120691718879,0.2921052631578947,0.2645778799454734,1.1290220022201538,143.0,f1,0.2884120691718879
Actor,DiffWire CT,gcn,12358,,0.3098684210526315,0.2864217646042443,0.2986842105263158,0.2736390303556327,1.0039702653884888,224.0,f1,0.2864217646042443
Actor,DiffWire CT,gcn,12359,,0.3105263157894737,0.2785093307292841,0.3059210526315789,0.2565119629404352,1.270028591156006,80.0,f1,0.2785093307292841
Actor,DiffWire CT,gcn,12360,,0.3138157894736842,0.2745884543989682,0.3263157894736842,0.2879215266391862,1.3133150339126587,68.0,f1,0.2745884543989682
Actor,DiffWire CT,gcn,12361,,0.3210526315789473,0.2738086332612427,0.2888157894736842,0.2455242584203123,1.305730938911438,68.0,f1,0.2738086332612427
Actor,DiffWire CT,gcn,12362,,0.35,0.2936550415499986,0.3144736842105263,0.2758434760552449,1.3255606889724731,65.0,f1,0.2936550415499986
Actor,DiffWire CT,gcn,12363,,0.3197368421052631,0.281309930673256,0.3368421052631579,0.2881239079734434,1.2772676944732666,80.0,f1,0.281309930673256
Actor,DiffWire CT,gcn,12364,,0.3006578947368421,0.2729085245922784,0.2934210526315789,0.2663377328427513,0.8736401796340942,373.0,f1,0.2729085245922784
Actor,DiffWire CT,gcn,12365,,0.3243421052631579,0.2917736898984911,0.3171052631578947,0.2860456457745929,1.1327526569366455,139.0,f1,0.2917736898984911
Actor,DiffWire CT,gcn,12366,,0.3217105263157894,0.2929689898461028,0.3039473684210526,0.2721585492854228,1.0346417427062988,214.0,f1,0.2929689898461028
Actor,DiffWire CT,gcn,12367,,0.3006578947368421,0.2807769127366003,0.2894736842105263,0.2646697337122773,0.8976199626922607,337.0,f1,0.2807769127366003
Actor,DiffWire CT,gcn,12368,,0.3282894736842105,0.2854913248719691,0.3164473684210526,0.2800246596495944,1.2508163452148438,82.0,f1,0.2854913248719691
Actor,DiffWire CT,gcn,12369,,0.3328947368421052,0.2876432033844058,0.3171052631578947,0.2793597515332613,1.238384246826172,91.0,f1,0.2876432033844058
Actor,DiffWire CT,gcn,12370,,0.2901315789473684,0.2605049342551561,0.3151315789473684,0.286302922292849,0.9879084825515748,256.0,f1,0.2605049342551561
Actor,DiffWire CT,gcn,12371,,0.3217105263157894,0.2737336693805634,0.3217105263157894,0.2831113169334622,1.2274819612503052,96.0,f1,0.2737336693805634
Actor,DiffWire CT,gcn,12372,,0.3131578947368421,0.2761827793870034,0.3210526315789473,0.2865699986435855,1.2779849767684937,78.0,f1,0.2761827793870034
Actor,DiffWire CT,gcn,12373,,0.3177631578947368,0.27946836288772,0.3072368421052631,0.2598191940272319,1.184821605682373,112.0,f1,0.27946836288772
Actor,DiffWire CT,gcn,12374,,0.2894736842105263,0.2594036186127297,0.2967105263157895,0.2722241896596535,0.9495205283164978,272.0,f1,0.2594036186127297
Airports-Brazil,SDRF,gcn,12345,0.0,0.6153846153846154,0.6222222222222222,0.4444444444444444,0.4053921568627451,0.879341721534729,66.0,f1,0.6222222222222222
Airports-Brazil,SDRF,gcn,12345,0.1,0.5384615384615384,0.5366161616161615,0.4814814814814814,0.4703525641025641,0.6433732509613037,226.0,f1,0.5366161616161615
Airports-Brazil,SDRF,gcn,12345,0.25,0.6153846153846154,0.6117408906882591,0.4814814814814814,0.4571549773755656,0.7950677871704102,99.0,f1,0.6117408906882591
Airports-Brazil,SDRF,gcn,12345,0.4,0.6538461538461539,0.6380566801619433,0.4074074074074074,0.4073083778966132,0.6980337500572205,224.0,f1,0.6380566801619433
Airports-Brazil,SDRF,gcn,12345,0.55,0.6538461538461539,0.6346542346542347,0.4074074074074074,0.4073083778966132,0.6798430681228638,225.0,f1,0.6346542346542347
Airports-Brazil,SDRF,gcn,12346,0.0,0.4615384615384615,0.4406371406371406,0.4444444444444444,0.4475274725274725,0.7651630640029907,82.0,f1,0.4406371406371406
Airports-Brazil,SDRF,gcn,12346,0.1,0.4615384615384615,0.4558213716108452,0.3333333333333333,0.2614468864468864,0.8189408779144287,60.0,f1,0.4558213716108452
Airports-Brazil,SDRF,gcn,12346,0.25,0.4615384615384615,0.4512759170653907,0.3333333333333333,0.2614468864468864,0.8190141916275024,60.0,f1,0.4512759170653907
Airports-Brazil,SDRF,gcn,12346,0.4,0.4615384615384615,0.4512759170653907,0.3333333333333333,0.2678571428571428,0.7933405041694641,62.0,f1,0.4512759170653907
Airports-Brazil,SDRF,gcn,12346,0.55,0.4615384615384615,0.4512759170653907,0.3333333333333333,0.2678571428571428,0.7961288690567017,62.0,f1,0.4512759170653907
Airports-Brazil,SDRF,gcn,12347,0.0,0.6153846153846154,0.6037296037296038,0.5925925925925926,0.5705741626794258,0.8407610654830933,85.0,f1,0.6037296037296038
Airports-Brazil,SDRF,gcn,12347,0.1,0.5384615384615384,0.4814560439560439,0.6666666666666666,0.6525856496444731,0.7873867750167847,90.0,f1,0.4814560439560439
Airports-Brazil,SDRF,gcn,12347,0.25,0.5384615384615384,0.5285714285714286,0.6666666666666666,0.6577922077922078,0.7463346719741821,111.0,f1,0.5285714285714286
Airports-Brazil,SDRF,gcn,12347,0.4,0.5769230769230769,0.5478896103896104,0.6666666666666666,0.6517697988286224,0.7952889800071716,90.0,f1,0.5478896103896104
Airports-Brazil,SDRF,gcn,12347,0.55,0.5384615384615384,0.5554945054945055,0.6296296296296297,0.6116354234001293,0.7314944267272949,142.0,f1,0.5554945054945055
Airports-Brazil,SDRF,gcn,12348,0.0,0.4615384615384615,0.401010101010101,0.4074074074074074,0.376068376068376,0.8879567384719849,58.0,f1,0.401010101010101
Airports-Brazil,SDRF,gcn,12348,0.1,0.4615384615384615,0.4039682539682539,0.3333333333333333,0.3001686909581646,0.6916505694389343,111.0,f1,0.4039682539682539
Airports-Brazil,SDRF,gcn,12348,0.25,0.4615384615384615,0.4383928571428571,0.5185185185185185,0.4867408906882591,0.752306342124939,91.0,f1,0.4383928571428571
Airports-Brazil,SDRF,gcn,12348,0.4,0.5,0.4701388888888889,0.4444444444444444,0.4131313131313131,0.7546584606170654,91.0,f1,0.4701388888888889
Airports-Brazil,SDRF,gcn,12348,0.55,0.5,0.4626068376068376,0.4444444444444444,0.4129679144385026,0.771346926689148,91.0,f1,0.4626068376068376
Airports-Brazil,SDRF,gcn,12349,0.0,0.6153846153846154,0.5758928571428572,0.4814814814814814,0.465967365967366,0.8165017366409302,71.0,f1,0.5758928571428572
Airports-Brazil,SDRF,gcn,12349,0.1,0.6153846153846154,0.5758928571428572,0.4814814814814814,0.4354118104118104,0.8249902725219727,70.0,f1,0.5758928571428572
Airports-Brazil,SDRF,gcn,12349,0.25,0.6153846153846154,0.5744047619047619,0.4814814814814814,0.4354118104118104,0.8785322904586792,61.0,f1,0.5744047619047619
Airports-Brazil,SDRF,gcn,12349,0.4,0.6153846153846154,0.5744047619047619,0.5185185185185185,0.4713900134952766,0.8676406741142273,61.0,f1,0.5744047619047619
Airports-Brazil,SDRF,gcn,12349,0.55,0.6153846153846154,0.5946969696969697,0.3703703703703703,0.3118686868686868,0.6988095641136169,139.0,f1,0.5946969696969697
Airports-Brazil,SDRF,gcn,12350,0.0,0.5769230769230769,0.5451388888888888,0.4444444444444444,0.4409090909090908,0.6936673521995544,92.0,f1,0.5451388888888888
Airports-Brazil,SDRF,gcn,12350,0.1,0.6153846153846154,0.6047348484848485,0.4814814814814814,0.45625,0.7457062602043152,86.0,f1,0.6047348484848485
Airports-Brazil,SDRF,gcn,12350,0.25,0.6153846153846154,0.6047348484848485,0.4814814814814814,0.4595238095238095,0.7371460199356079,92.0,f1,0.6047348484848485
Airports-Brazil,SDRF,gcn,12350,0.4,0.6153846153846154,0.6143665158371041,0.4814814814814814,0.4599463036963037,0.7153202295303345,122.0,f1,0.6143665158371041
Airports-Brazil,SDRF,gcn,12350,0.55,0.6153846153846154,0.6047348484848485,0.4814814814814814,0.4589169000933706,0.7278467416763306,94.0,f1,0.6047348484848485
Airports-Brazil,SDRF,gcn,12351,0.0,0.5,0.4622766122766123,0.4444444444444444,0.4142246642246642,0.4981176853179931,386.0,f1,0.4622766122766123
Airports-Brazil,SDRF,gcn,12351,0.1,0.5,0.4569377990430622,0.4444444444444444,0.3899159663865546,0.6300703287124634,145.0,f1,0.4569377990430622
Airports-Brazil,SDRF,gcn,12351,0.25,0.5384615384615384,0.4955741626794258,0.4444444444444444,0.4009049773755656,0.6834007501602173,94.0,f1,0.4955741626794258
Airports-Brazil,SDRF,gcn,12351,0.4,0.5,0.4684149184149184,0.4814814814814814,0.4345238095238095,0.6922601461410522,94.0,f1,0.4684149184149184
Airports-Brazil,SDRF,gcn,12351,0.55,0.5,0.4651985441459125,0.4814814814814814,0.4241071428571428,0.6659312844276428,148.0,f1,0.4651985441459125
Airports-Brazil,SDRF,gcn,12352,0.0,0.6923076923076923,0.6866258741258742,0.4074074074074074,0.4039432789432789,0.5415598154067993,372.0,f1,0.6866258741258742
Airports-Brazil,SDRF,gcn,12352,0.1,0.6538461538461539,0.6232600732600733,0.3703703703703703,0.3839285714285714,0.567253053188324,243.0,f1,0.6232600732600733
Airports-Brazil,SDRF,gcn,12352,0.25,0.6923076923076923,0.6496489621489622,0.3703703703703703,0.3755729564553094,0.6160078048706055,181.0,f1,0.6496489621489622
Airports-Brazil,SDRF,gcn,12352,0.4,0.6153846153846154,0.6006410256410256,0.4444444444444444,0.4526411088911088,0.5969299077987671,244.0,f1,0.6006410256410256
Airports-Brazil,SDRF,gcn,12352,0.55,0.6153846153846154,0.6006410256410256,0.4444444444444444,0.4451465201465201,0.6408863067626953,165.0,f1,0.6006410256410256
Airports-Brazil,SDRF,gcn,12353,0.0,0.5769230769230769,0.5642482517482518,0.5185185185185185,0.4845238095238095,0.7831541895866394,99.0,f1,0.5642482517482518
Airports-Brazil,SDRF,gcn,12353,0.1,0.6153846153846154,0.6030844155844155,0.4074074074074074,0.4117424242424242,0.7098796963691711,154.0,f1,0.6030844155844155
Airports-Brazil,SDRF,gcn,12353,0.25,0.5769230769230769,0.5731768231768232,0.4074074074074074,0.4154761904761904,0.7772269248962402,115.0,f1,0.5731768231768232
Airports-Brazil,SDRF,gcn,12353,0.4,0.5384615384615384,0.5416666666666666,0.3703703703703703,0.3769993164730006,0.7323054075241089,126.0,f1,0.5416666666666666
Airports-Brazil,SDRF,gcn,12353,0.55,0.5384615384615384,0.5416666666666666,0.4444444444444444,0.4485171261487051,0.7497251629829407,126.0,f1,0.5416666666666666
Airports-Brazil,SDRF,gcn,12354,0.0,0.6538461538461539,0.6607142857142857,0.4444444444444444,0.3621794871794871,0.7556087374687195,72.0,f1,0.6607142857142857
Airports-Brazil,SDRF,gcn,12354,0.1,0.6538461538461539,0.6585810023310024,0.4074074074074074,0.3492063492063492,0.6302220225334167,139.0,f1,0.6585810023310024
Airports-Brazil,SDRF,gcn,12354,0.25,0.6923076923076923,0.6916221033868093,0.4444444444444444,0.3954545454545455,0.6798233985900879,105.0,f1,0.6916221033868093
Airports-Brazil,SDRF,gcn,12354,0.4,0.6923076923076923,0.6916221033868093,0.4074074074074074,0.3424242424242424,0.6287328004837036,115.0,f1,0.6916221033868093
Airports-Brazil,SDRF,gcn,12354,0.55,0.6923076923076923,0.6916666666666667,0.4074074074074074,0.3424242424242424,0.7099114656448364,94.0,f1,0.6916666666666667
Airports-Brazil,SDRF,gcn,12355,0.0,0.3846153846153846,0.3809523809523809,0.4814814814814814,0.4739819004524886,0.6485374569892883,182.0,f1,0.3809523809523809
Airports-Brazil,SDRF,gcn,12355,0.1,0.5,0.5101731601731602,0.4074074074074074,0.3803921568627451,0.6451554894447327,182.0,f1,0.5101731601731602
Airports-Brazil,SDRF,gcn,12355,0.25,0.4230769230769231,0.4345238095238095,0.4444444444444444,0.3919413919413919,0.5774789452552795,326.0,f1,0.4345238095238095
Airports-Brazil,SDRF,gcn,12355,0.4,0.3846153846153846,0.388961038961039,0.3703703703703703,0.3645604395604396,0.6273845434188843,181.0,f1,0.388961038961039
Airports-Brazil,SDRF,gcn,12355,0.55,0.3846153846153846,0.388961038961039,0.4444444444444444,0.4359078421578422,0.641687273979187,194.0,f1,0.388961038961039
Airports-Brazil,SDRF,gcn,12356,0.0,0.6153846153846154,0.6085218702865762,0.5925925925925926,0.5985739750445633,0.5386242270469666,134.0,f1,0.6085218702865762
Airports-Brazil,SDRF,gcn,12356,0.1,0.6153846153846154,0.5944444444444444,0.5925925925925926,0.5873737373737373,0.5297948122024536,160.0,f1,0.5944444444444444
Airports-Brazil,SDRF,gcn,12356,0.25,0.5769230769230769,0.5444444444444445,0.4814814814814814,0.4815789473684211,0.4743700623512268,282.0,f1,0.5444444444444445
Airports-Brazil,SDRF,gcn,12356,0.4,0.6153846153846154,0.5933014354066986,0.5185185185185185,0.5163419913419913,0.7619192004203796,67.0,f1,0.5933014354066986
Airports-Brazil,SDRF,gcn,12356,0.55,0.6153846153846154,0.5938316993464052,0.5925925925925926,0.5873737373737373,0.6442397236824036,138.0,f1,0.5938316993464052
Airports-Brazil,SDRF,gcn,12357,0.0,0.5,0.4558823529411765,0.4074074074074074,0.3454545454545454,0.8859530687332153,65.0,f1,0.4558823529411765
Airports-Brazil,SDRF,gcn,12357,0.1,0.4615384615384615,0.4312908496732026,0.4074074074074074,0.334090909090909,0.7711816430091858,90.0,f1,0.4312908496732026
Airports-Brazil,SDRF,gcn,12357,0.25,0.4615384615384615,0.4166666666666666,0.3333333333333333,0.2861111111111111,0.7684059739112854,90.0,f1,0.4166666666666666
Airports-Brazil,SDRF,gcn,12357,0.4,0.5,0.4611336032388663,0.3333333333333333,0.2936507936507936,0.7744089365005493,98.0,f1,0.4611336032388663
Airports-Brazil,SDRF,gcn,12357,0.55,0.5,0.453030303030303,0.3333333333333333,0.2697802197802197,0.7846058011054993,97.0,f1,0.453030303030303
Airports-Brazil,SDRF,gcn,12358,0.0,0.5384615384615384,0.4714743589743589,0.4444444444444444,0.4439033189033188,0.8033580780029297,83.0,f1,0.4714743589743589
Airports-Brazil,SDRF,gcn,12358,0.1,0.4615384615384615,0.4532738095238094,0.4444444444444444,0.426004916136495,0.6564065217971802,146.0,f1,0.4532738095238094
Airports-Brazil,SDRF,gcn,12358,0.25,0.4615384615384615,0.4532738095238094,0.4444444444444444,0.4177631578947368,0.6737514138221741,145.0,f1,0.4532738095238094
Airports-Brazil,SDRF,gcn,12358,0.4,0.5384615384615384,0.4563492063492064,0.4444444444444444,0.4513888888888889,0.8328685164451599,74.0,f1,0.4563492063492064
Airports-Brazil,SDRF,gcn,12358,0.55,0.5384615384615384,0.4563492063492064,0.4814814814814814,0.4817179144385026,0.8370394706726074,74.0,f1,0.4563492063492064
Airports-Brazil,SDRF,gcn,12359,0.0,0.5769230769230769,0.5621794871794872,0.5185185185185185,0.5108225108225108,0.6126297116279602,135.0,f1,0.5621794871794872
Airports-Brazil,SDRF,gcn,12359,0.1,0.6153846153846154,0.5944805194805195,0.4444444444444444,0.4348039215686274,0.5518165230751038,204.0,f1,0.5944805194805195
Airports-Brazil,SDRF,gcn,12359,0.25,0.6153846153846154,0.5916666666666667,0.4814814814814814,0.4367201426024955,0.5884082317352295,195.0,f1,0.5916666666666667
Airports-Brazil,SDRF,gcn,12359,0.4,0.6153846153846154,0.5944805194805195,0.5185185185185185,0.5108225108225108,0.5856777429580688,205.0,f1,0.5944805194805195
Airports-Brazil,SDRF,gcn,12359,0.55,0.6153846153846154,0.5944805194805195,0.5185185185185185,0.5144230769230769,0.6122257709503174,215.0,f1,0.5944805194805195
Airports-Brazil,SDRF,gcn,12360,0.0,0.5384615384615384,0.5,0.4444444444444444,0.4060897435897436,0.9032513499259948,68.0,f1,0.5
Airports-Brazil,SDRF,gcn,12360,0.1,0.5769230769230769,0.5261752136752137,0.4444444444444444,0.4181372549019608,0.8655876517295837,74.0,f1,0.5261752136752137
Airports-Brazil,SDRF,gcn,12360,0.25,0.5769230769230769,0.5389610389610389,0.4444444444444444,0.4169823232323232,0.941158413887024,61.0,f1,0.5389610389610389
Airports-Brazil,SDRF,gcn,12360,0.4,0.5769230769230769,0.5359848484848484,0.3333333333333333,0.2854853479853479,0.9371914863586426,60.0,f1,0.5359848484848484
Airports-Brazil,SDRF,gcn,12360,0.55,0.6153846153846154,0.5138808559861191,0.3703703703703703,0.3422799422799423,0.903168797492981,62.0,f1,0.5138808559861191
Airports-Brazil,SDRF,gcn,12361,0.0,0.6153846153846154,0.5467105263157894,0.3703703703703703,0.3115131578947368,0.9543927311897278,54.0,f1,0.5467105263157894
Airports-Brazil,SDRF,gcn,12361,0.1,0.5769230769230769,0.5291666666666667,0.4074074074074074,0.3585858585858585,1.0032790899276731,51.0,f1,0.5291666666666667
Airports-Brazil,SDRF,gcn,12361,0.25,0.5384615384615384,0.4960921431509666,0.4444444444444444,0.4325757575757575,0.7971948385238647,101.0,f1,0.4960921431509666
Airports-Brazil,SDRF,gcn,12361,0.4,0.6153846153846154,0.575362872421696,0.4444444444444444,0.4259803921568628,0.7708722949028015,108.0,f1,0.575362872421696
Airports-Brazil,SDRF,gcn,12361,0.55,0.5769230769230769,0.5450757575757575,0.4814814814814814,0.475,0.8119837641716003,104.0,f1,0.5450757575757575
Airports-Brazil,SDRF,gcn,12362,0.0,0.6153846153846154,0.599504662004662,0.5185185185185185,0.5092627960275019,0.7111888527870178,124.0,f1,0.599504662004662
Airports-Brazil,SDRF,gcn,12362,0.1,0.6153846153846154,0.599504662004662,0.5185185185185185,0.503393665158371,0.6908733248710632,125.0,f1,0.599504662004662
Airports-Brazil,SDRF,gcn,12362,0.25,0.6538461538461539,0.6458333333333333,0.4444444444444444,0.4308608058608059,0.7659550905227661,84.0,f1,0.6458333333333333
Airports-Brazil,SDRF,gcn,12362,0.4,0.6153846153846154,0.6007130124777184,0.4444444444444444,0.4146270396270396,0.6542165279388428,168.0,f1,0.6007130124777184
Airports-Brazil,SDRF,gcn,12362,0.55,0.6153846153846154,0.6061334498834499,0.4814814814814814,0.4757326007326007,0.7009646892547607,128.0,f1,0.6061334498834499
Airports-Brazil,SDRF,gcn,12363,0.0,0.5769230769230769,0.5568124685771745,0.4814814814814814,0.4422348484848484,0.8843382000923157,75.0,f1,0.5568124685771745
Airports-Brazil,SDRF,gcn,12363,0.1,0.5769230769230769,0.5190058479532164,0.5185185185185185,0.4966450216450216,0.9102239608764648,74.0,f1,0.5190058479532164
Airports-Brazil,SDRF,gcn,12363,0.25,0.5769230769230769,0.5444444444444444,0.5185185185185185,0.5196908354803091,0.8116372227668762,101.0,f1,0.5444444444444444
Airports-Brazil,SDRF,gcn,12363,0.4,0.5769230769230769,0.5598290598290598,0.5555555555555556,0.5595238095238095,0.7800016403198242,123.0,f1,0.5598290598290598
Airports-Brazil,SDRF,gcn,12363,0.55,0.5769230769230769,0.5598290598290598,0.5555555555555556,0.5595238095238095,0.7617928385734558,140.0,f1,0.5598290598290598
Airports-Brazil,SDRF,gcn,12364,0.0,0.6923076923076923,0.6801948051948052,0.3333333333333333,0.2792703619909502,0.7771396636962891,86.0,f1,0.6801948051948052
Airports-Brazil,SDRF,gcn,12364,0.1,0.6923076923076923,0.686261655011655,0.3703703703703703,0.3177319004524886,0.7636080980300903,95.0,f1,0.686261655011655
Airports-Brazil,SDRF,gcn,12364,0.25,0.6538461538461539,0.658974358974359,0.4814814814814814,0.4256302521008404,0.788447380065918,94.0,f1,0.658974358974359
Airports-Brazil,SDRF,gcn,12364,0.4,0.6538461538461539,0.6476998491704374,0.4444444444444444,0.3946549773755656,0.7857745885848999,94.0,f1,0.6476998491704374
Airports-Brazil,SDRF,gcn,12364,0.55,0.6538461538461539,0.6333770396270397,0.3333333333333333,0.2707834928229665,0.7784662246704102,106.0,f1,0.6333770396270397
Airports-Brazil,SDRF,gcn,12365,0.0,0.5,0.4806663924310983,0.4444444444444444,0.4026570048309178,0.6323363184928894,148.0,f1,0.4806663924310983
Airports-Brazil,SDRF,gcn,12365,0.1,0.4615384615384615,0.4114832535885167,0.4074074074074074,0.3669191919191919,0.5650487542152405,289.0,f1,0.4114832535885167
Airports-Brazil,SDRF,gcn,12365,0.25,0.5,0.4501196172248803,0.5555555555555556,0.5078947368421053,0.5863067507743835,159.0,f1,0.4501196172248803
Airports-Brazil,SDRF,gcn,12365,0.4,0.5,0.45,0.4444444444444444,0.3673076923076923,0.6556089520454407,145.0,f1,0.45
Airports-Brazil,SDRF,gcn,12365,0.55,0.4615384615384615,0.3999999999999999,0.4444444444444444,0.3649350649350649,0.684647262096405,158.0,f1,0.3999999999999999
Airports-Brazil,SDRF,gcn,12366,0.0,0.4230769230769231,0.3834224598930481,0.4074074074074074,0.4363247863247863,0.618026852607727,228.0,f1,0.3834224598930481
Airports-Brazil,SDRF,gcn,12366,0.1,0.4230769230769231,0.375,0.5555555555555556,0.5562770562770563,0.7365832924842834,102.0,f1,0.375
Airports-Brazil,SDRF,gcn,12366,0.25,0.4615384615384615,0.406578947368421,0.5185185185185185,0.5369318181818181,0.7434198260307312,103.0,f1,0.406578947368421
Airports-Brazil,SDRF,gcn,12366,0.4,0.5,0.5014430014430014,0.4814814814814814,0.4553571428571428,0.847033679485321,72.0,f1,0.5014430014430014
Airports-Brazil,SDRF,gcn,12366,0.55,0.4615384615384615,0.4433080808080808,0.4814814814814814,0.4627039627039626,0.8521785140037537,72.0,f1,0.4433080808080808
Airports-Brazil,SDRF,gcn,12367,0.0,0.5769230769230769,0.5601648351648352,0.5185185185185185,0.4539682539682539,0.8428735733032227,70.0,f1,0.5601648351648352
Airports-Brazil,SDRF,gcn,12367,0.1,0.6153846153846154,0.6036713286713287,0.5555555555555556,0.5111111111111111,0.8392587304115295,68.0,f1,0.6036713286713287
Airports-Brazil,SDRF,gcn,12367,0.25,0.5769230769230769,0.542957042957043,0.5555555555555556,0.5111111111111111,0.8430284261703491,68.0,f1,0.542957042957043
Airports-Brazil,SDRF,gcn,12367,0.4,0.6153846153846154,0.5804029304029303,0.5555555555555556,0.5111111111111111,0.8371043801307678,68.0,f1,0.5804029304029303
Airports-Brazil,SDRF,gcn,12367,0.55,0.6153846153846154,0.5804029304029303,0.5555555555555556,0.5111111111111111,0.8403885960578918,68.0,f1,0.5804029304029303
Airports-Brazil,SDRF,gcn,12368,0.0,0.5,0.4813186813186813,0.4444444444444444,0.4208874458874458,0.6824345588684082,99.0,f1,0.4813186813186813
Airports-Brazil,SDRF,gcn,12368,0.1,0.5,0.494047619047619,0.3333333333333333,0.3305555555555555,0.7030483484268188,96.0,f1,0.494047619047619
Airports-Brazil,SDRF,gcn,12368,0.25,0.5,0.4720238095238095,0.4074074074074074,0.383502024291498,0.6960715055465698,99.0,f1,0.4720238095238095
Airports-Brazil,SDRF,gcn,12368,0.4,0.5384615384615384,0.4784075573549258,0.3333333333333333,0.3233187134502924,0.6734707355499268,109.0,f1,0.4784075573549258
Airports-Brazil,SDRF,gcn,12368,0.55,0.5384615384615384,0.4794764059469942,0.4074074074074074,0.3784090909090909,0.7950952053070068,82.0,f1,0.4794764059469942
Airports-Brazil,SDRF,gcn,12369,0.0,0.6153846153846154,0.6246753246753247,0.4444444444444444,0.3541666666666666,0.83587646484375,66.0,f1,0.6246753246753247
Airports-Brazil,SDRF,gcn,12369,0.1,0.5769230769230769,0.5900307422046552,0.4444444444444444,0.3580952380952381,0.8793426752090454,61.0,f1,0.5900307422046552
Airports-Brazil,SDRF,gcn,12369,0.25,0.6153846153846154,0.6246753246753247,0.4814814814814814,0.4210858585858585,0.8198227882385254,76.0,f1,0.6246753246753247
Airports-Brazil,SDRF,gcn,12369,0.4,0.5769230769230769,0.5792929292929293,0.4814814814814814,0.4146825396825396,0.8385260105133057,78.0,f1,0.5792929292929293
Airports-Brazil,SDRF,gcn,12369,0.55,0.5769230769230769,0.5792929292929293,0.4444444444444444,0.3541666666666666,0.8042556643486023,77.0,f1,0.5792929292929293
Airports-Brazil,SDRF,gcn,12370,0.0,0.5,0.4947552447552448,0.5185185185185185,0.4858391608391608,0.5692098140716553,230.0,f1,0.4947552447552448
Airports-Brazil,SDRF,gcn,12370,0.1,0.4615384615384615,0.4375,0.4074074074074074,0.3068181818181818,0.8102934956550598,60.0,f1,0.4375
Airports-Brazil,SDRF,gcn,12370,0.25,0.4615384615384615,0.4353937728937729,0.4074074074074074,0.3025078369905956,1.0343797206878662,37.0,f1,0.4353937728937729
Airports-Brazil,SDRF,gcn,12370,0.4,0.4615384615384615,0.4353937728937729,0.4074074074074074,0.3025078369905956,1.075150966644287,33.0,f1,0.4353937728937729
Airports-Brazil,SDRF,gcn,12370,0.55,0.4615384615384615,0.4455128205128205,0.3703703703703703,0.2972027972027972,0.8612068295478821,58.0,f1,0.4455128205128205
Airports-Brazil,SDRF,gcn,12371,0.0,0.5769230769230769,0.5952380952380952,0.2962962962962963,0.265126050420168,0.624798059463501,191.0,f1,0.5952380952380952
Airports-Brazil,SDRF,gcn,12371,0.1,0.5769230769230769,0.5952380952380952,0.2962962962962963,0.265126050420168,0.5190088152885437,331.0,f1,0.5952380952380952
Airports-Brazil,SDRF,gcn,12371,0.25,0.5384615384615384,0.548992673992674,0.2962962962962963,0.2842194570135746,0.5698499083518982,332.0,f1,0.548992673992674
Airports-Brazil,SDRF,gcn,12371,0.4,0.5,0.5089743589743589,0.2592592592592592,0.2232142857142857,0.6586718559265137,191.0,f1,0.5089743589743589
Airports-Brazil,SDRF,gcn,12371,0.55,0.5,0.5089743589743589,0.2592592592592592,0.2392857142857142,0.5606569647789001,300.0,f1,0.5089743589743589
Airports-Brazil,SDRF,gcn,12372,0.0,0.5,0.4871413308913309,0.5185185185185185,0.5168581418581418,0.8017531633377075,86.0,f1,0.4871413308913309
Airports-Brazil,SDRF,gcn,12372,0.1,0.4615384615384615,0.4333836098541981,0.4814814814814814,0.4826043237807944,0.6826040148735046,146.0,f1,0.4333836098541981
Airports-Brazil,SDRF,gcn,12372,0.25,0.4230769230769231,0.3973214285714286,0.5925925925925926,0.584040959040959,0.7650851011276245,84.0,f1,0.3973214285714286
Airports-Brazil,SDRF,gcn,12372,0.4,0.4615384615384615,0.4310897435897435,0.5555555555555556,0.5544871794871795,0.7537163496017456,84.0,f1,0.4310897435897435
Airports-Brazil,SDRF,gcn,12372,0.55,0.4615384615384615,0.4310897435897435,0.5925925925925926,0.5893665158371041,0.7964879870414734,86.0,f1,0.4310897435897435
Airports-Brazil,SDRF,gcn,12373,0.0,0.6538461538461539,0.6347285067873303,0.4444444444444444,0.4375901875901876,0.7296546101570129,137.0,f1,0.6347285067873303
Airports-Brazil,SDRF,gcn,12373,0.1,0.6538461538461539,0.6347285067873303,0.4444444444444444,0.4375901875901876,0.7133752107620239,131.0,f1,0.6347285067873303
Airports-Brazil,SDRF,gcn,12373,0.25,0.6538461538461539,0.6339597902097902,0.4444444444444444,0.4551698301698302,0.6964890956878662,155.0,f1,0.6339597902097902
Airports-Brazil,SDRF,gcn,12373,0.4,0.6538461538461539,0.6347285067873303,0.4444444444444444,0.4551698301698302,0.690137505531311,186.0,f1,0.6347285067873303
Airports-Brazil,SDRF,gcn,12373,0.55,0.6153846153846154,0.610989010989011,0.4074074074074074,0.4193181818181818,0.6870709657669067,193.0,f1,0.610989010989011
Airports-Brazil,SDRF,gcn,12374,0.0,0.6153846153846154,0.6024038461538461,0.3333333333333333,0.3242424242424242,0.6217871904373169,312.0,f1,0.6024038461538461
Airports-Brazil,SDRF,gcn,12374,0.1,0.6538461538461539,0.6357142857142857,0.6296296296296297,0.5892857142857143,0.7605608701705933,106.0,f1,0.6357142857142857
Airports-Brazil,SDRF,gcn,12374,0.25,0.6538461538461539,0.6416666666666666,0.2592592592592592,0.2696428571428572,0.7467374801635742,142.0,f1,0.6416666666666666
Airports-Brazil,SDRF,gcn,12374,0.4,0.6538461538461539,0.6416666666666666,0.3703703703703703,0.3799533799533799,0.7300474643707275,129.0,f1,0.6416666666666666
Airports-Brazil,SDRF,gcn,12374,0.55,0.6538461538461539,0.6427853192559075,0.4074074074074074,0.3775917065390749,0.789230465888977,128.0,f1,0.6427853192559075
Airports-Brazil,SDRF,sage,12345,0.0,0.5,0.4350961538461538,0.5555555555555556,0.5437038451744334,0.0418733991682529,139.0,f1,0.4350961538461538
Airports-Brazil,SDRF,sage,12345,0.1,0.5384615384615384,0.4699754901960784,0.5925925925925926,0.5857371794871795,0.0415246561169624,139.0,f1,0.4699754901960784
Airports-Brazil,SDRF,sage,12345,0.25,0.5384615384615384,0.4699754901960784,0.5185185185185185,0.5000646412411118,0.0337196998298168,166.0,f1,0.4699754901960784
Airports-Brazil,SDRF,sage,12345,0.4,0.5384615384615384,0.4699754901960784,0.5185185185185185,0.4993006993006993,0.0518822781741619,137.0,f1,0.4699754901960784
Airports-Brazil,SDRF,sage,12345,0.55,0.5384615384615384,0.4699754901960784,0.5185185185185185,0.4928571428571429,0.051805593073368,137.0,f1,0.4699754901960784
Airports-Brazil,SDRF,sage,12346,0.0,0.4230769230769231,0.3411377708978328,0.2592592592592592,0.2,0.6985471844673157,30.0,f1,0.3411377708978328
Airports-Brazil,SDRF,sage,12346,0.1,0.4230769230769231,0.3411377708978328,0.2592592592592592,0.2,0.6682135462760925,31.0,f1,0.3411377708978328
Airports-Brazil,SDRF,sage,12346,0.25,0.4230769230769231,0.3411377708978328,0.2592592592592592,0.2,0.6625380516052246,32.0,f1,0.3411377708978328
Airports-Brazil,SDRF,sage,12346,0.4,0.4230769230769231,0.3411377708978328,0.2592592592592592,0.2,0.705147922039032,30.0,f1,0.3411377708978328
Airports-Brazil,SDRF,sage,12346,0.55,0.4230769230769231,0.3411377708978328,0.2592592592592592,0.2,0.7075527310371399,30.0,f1,0.3411377708978328
Airports-Brazil,SDRF,sage,12347,0.0,0.5769230769230769,0.5938375350140056,0.4444444444444444,0.4267045454545454,0.2172480374574661,72.0,f1,0.5938375350140056
Airports-Brazil,SDRF,sage,12347,0.1,0.6153846153846154,0.625,0.4444444444444444,0.4267045454545454,0.2425746172666549,68.0,f1,0.625
Airports-Brazil,SDRF,sage,12347,0.25,0.6153846153846154,0.625,0.4074074074074074,0.3975378787878788,0.2758086025714874,67.0,f1,0.625
Airports-Brazil,SDRF,sage,12347,0.4,0.6153846153846154,0.625,0.4074074074074074,0.3975378787878788,0.2550041377544403,69.0,f1,0.625
Airports-Brazil,SDRF,sage,12347,0.55,0.5769230769230769,0.5938375350140056,0.4444444444444444,0.4267045454545454,0.227640226483345,71.0,f1,0.5938375350140056
Airports-Brazil,SDRF,sage,12348,0.0,0.4615384615384615,0.4,0.4444444444444444,0.4216450216450216,0.3560433983802795,55.0,f1,0.4
Airports-Brazil,SDRF,sage,12348,0.1,0.4615384615384615,0.3982793522267206,0.4074074074074074,0.3653846153846154,0.3426715731620788,58.0,f1,0.3982793522267206
Airports-Brazil,SDRF,sage,12348,0.25,0.4230769230769231,0.3641884431358115,0.4444444444444444,0.411682615629984,0.3247385323047638,57.0,f1,0.3641884431358115
Airports-Brazil,SDRF,sage,12348,0.4,0.4230769230769231,0.3641884431358115,0.4814814814814814,0.4608391608391609,0.3771955668926239,56.0,f1,0.3641884431358115
Airports-Brazil,SDRF,sage,12348,0.55,0.4230769230769231,0.3659090909090909,0.4814814814814814,0.4608391608391609,0.3655681014060974,55.0,f1,0.3659090909090909
Airports-Brazil,SDRF,sage,12349,0.0,0.5769230769230769,0.5731768231768232,0.4074074074074074,0.3871212121212121,0.1583095490932464,91.0,f1,0.5731768231768232
Airports-Brazil,SDRF,sage,12349,0.1,0.5384615384615384,0.5292207792207793,0.4074074074074074,0.389292080468551,0.2367793321609497,73.0,f1,0.5292207792207793
Airports-Brazil,SDRF,sage,12349,0.25,0.5384615384615384,0.5292207792207793,0.3703703703703703,0.3476254138018844,0.2673781812191009,68.0,f1,0.5292207792207793
Airports-Brazil,SDRF,sage,12349,0.4,0.5,0.4799783549783549,0.4074074074074074,0.389292080468551,0.2876581847667694,69.0,f1,0.4799783549783549
Airports-Brazil,SDRF,sage,12349,0.55,0.5,0.4799783549783549,0.3703703703703703,0.3476254138018844,0.2735858261585235,68.0,f1,0.4799783549783549
Airports-Brazil,SDRF,sage,12350,0.0,0.5384615384615384,0.5,0.3703703703703703,0.3570114096429886,0.29893559217453,62.0,f1,0.5
Airports-Brazil,SDRF,sage,12350,0.1,0.5384615384615384,0.5,0.3703703703703703,0.3435748462064251,0.3168242871761322,60.0,f1,0.5
Airports-Brazil,SDRF,sage,12350,0.25,0.5769230769230769,0.5585699023199023,0.3333333333333333,0.3115568641884432,0.4153180122375488,51.0,f1,0.5585699023199023
Airports-Brazil,SDRF,sage,12350,0.4,0.5384615384615384,0.5301587301587302,0.3333333333333333,0.3215329991645781,0.5028618574142456,44.0,f1,0.5301587301587302
Airports-Brazil,SDRF,sage,12350,0.55,0.5384615384615384,0.5301587301587302,0.3703703703703703,0.344017094017094,0.50566565990448,44.0,f1,0.5301587301587302
Airports-Brazil,SDRF,sage,12351,0.0,0.5,0.4267482517482517,0.4074074074074074,0.3476190476190476,0.3619283139705658,56.0,f1,0.4267482517482517
Airports-Brazil,SDRF,sage,12351,0.1,0.5,0.4267482517482517,0.4074074074074074,0.3535714285714285,0.3923025727272033,53.0,f1,0.4267482517482517
Airports-Brazil,SDRF,sage,12351,0.25,0.5,0.4359587780640412,0.4074074074074074,0.3535714285714285,0.3927737772464752,54.0,f1,0.4359587780640412
Airports-Brazil,SDRF,sage,12351,0.4,0.5384615384615384,0.5050505050505051,0.3703703703703703,0.3035714285714286,0.380271166563034,52.0,f1,0.5050505050505051
Airports-Brazil,SDRF,sage,12351,0.55,0.5384615384615384,0.5050505050505051,0.3703703703703703,0.2976190476190476,0.4171934425830841,51.0,f1,0.5050505050505051
Airports-Brazil,SDRF,sage,12352,0.0,0.5769230769230769,0.5410714285714285,0.4814814814814814,0.4825757575757575,0.2006434202194214,71.0,f1,0.5410714285714285
Airports-Brazil,SDRF,sage,12352,0.1,0.6153846153846154,0.5723039215686274,0.5185185185185185,0.5318181818181817,0.0449349656701087,154.0,f1,0.5723039215686274
Airports-Brazil,SDRF,sage,12352,0.25,0.6153846153846154,0.5723039215686274,0.5185185185185185,0.5318181818181817,0.0471551567316055,139.0,f1,0.5723039215686274
Airports-Brazil,SDRF,sage,12352,0.4,0.6153846153846154,0.5723039215686274,0.5185185185185185,0.5318181818181817,0.0546433143317699,118.0,f1,0.5723039215686274
Airports-Brazil,SDRF,sage,12352,0.55,0.6153846153846154,0.5723039215686274,0.5185185185185185,0.5318181818181817,0.0712940469384193,115.0,f1,0.5723039215686274
Airports-Brazil,SDRF,sage,12353,0.0,0.5384615384615384,0.5416666666666666,0.4444444444444444,0.3680830039525692,0.3568587601184845,59.0,f1,0.5416666666666666
Airports-Brazil,SDRF,sage,12353,0.1,0.5384615384615384,0.5431818181818182,0.4444444444444444,0.370819397993311,0.0092211347073316,333.0,f1,0.5431818181818182
Airports-Brazil,SDRF,sage,12353,0.25,0.5384615384615384,0.5483405483405484,0.4444444444444444,0.370819397993311,0.008223284035921,291.0,f1,0.5483405483405484
Airports-Brazil,SDRF,sage,12353,0.4,0.5384615384615384,0.5403846153846154,0.3333333333333333,0.3019230769230769,0.2638881206512451,64.0,f1,0.5403846153846154
Airports-Brazil,SDRF,sage,12353,0.55,0.5384615384615384,0.5403846153846154,0.3333333333333333,0.3019230769230769,0.2642790377140045,64.0,f1,0.5403846153846154
Airports-Brazil,SDRF,sage,12354,0.0,0.5769230769230769,0.5410714285714285,0.2222222222222222,0.204656862745098,0.2126851677894592,76.0,f1,0.5410714285714285
Airports-Brazil,SDRF,sage,12354,0.1,0.5769230769230769,0.5410714285714285,0.2592592592592592,0.2333333333333333,0.1629791408777237,79.0,f1,0.5410714285714285
Airports-Brazil,SDRF,sage,12354,0.25,0.5769230769230769,0.5443181818181818,0.2592592592592592,0.2414473684210526,0.0117392446845769,282.0,f1,0.5443181818181818
Airports-Brazil,SDRF,sage,12354,0.4,0.5769230769230769,0.5389705882352941,0.1851851851851851,0.188235294117647,0.0267295744270086,185.0,f1,0.5389705882352941
Airports-Brazil,SDRF,sage,12354,0.55,0.5769230769230769,0.5380952380952381,0.2962962962962963,0.2666666666666667,0.0120928948745131,267.0,f1,0.5380952380952381
Airports-Brazil,SDRF,sage,12355,0.0,0.4615384615384615,0.4265873015873015,0.5185185185185185,0.4457393483709273,0.0152375055477023,242.0,f1,0.4265873015873015
Airports-Brazil,SDRF,sage,12355,0.1,0.5,0.4659945317840054,0.4814814814814814,0.4166666666666667,0.0152928903698921,242.0,f1,0.4659945317840054
Airports-Brazil,SDRF,sage,12355,0.25,0.5,0.4659945317840054,0.5185185185185185,0.4457393483709273,0.0286515373736619,174.0,f1,0.4659945317840054
Airports-Brazil,SDRF,sage,12355,0.4,0.5,0.4659945317840054,0.4814814814814814,0.4092261904761904,0.0183270704001188,189.0,f1,0.4659945317840054
Airports-Brazil,SDRF,sage,12355,0.55,0.5,0.4659945317840054,0.5555555555555556,0.4737179487179487,0.0104565601795911,243.0,f1,0.4659945317840054
Airports-Brazil,SDRF,sage,12356,0.0,0.4615384615384615,0.459717365967366,0.5555555555555556,0.5208333333333333,0.0501095578074455,142.0,f1,0.459717365967366
Airports-Brazil,SDRF,sage,12356,0.1,0.4615384615384615,0.4530885780885781,0.5185185185185185,0.489670868347339,0.3062971532344818,63.0,f1,0.4530885780885781
Airports-Brazil,SDRF,sage,12356,0.25,0.4615384615384615,0.4594988344988344,0.4814814814814814,0.4738095238095238,0.1895991414785385,83.0,f1,0.4594988344988344
Airports-Brazil,SDRF,sage,12356,0.4,0.4230769230769231,0.4166666666666666,0.5555555555555556,0.5411706349206349,0.05577302724123,118.0,f1,0.4166666666666666
Airports-Brazil,SDRF,sage,12356,0.55,0.4615384615384615,0.448018648018648,0.5185185185185185,0.4563492063492063,0.3075903356075287,63.0,f1,0.448018648018648
Airports-Brazil,SDRF,sage,12357,0.0,0.5769230769230769,0.5592105263157894,0.4444444444444444,0.4137254901960784,0.0940847024321556,102.0,f1,0.5592105263157894
Airports-Brazil,SDRF,sage,12357,0.1,0.6153846153846154,0.6014957264957265,0.4074074074074074,0.3811247575953458,0.0690623819828033,116.0,f1,0.6014957264957265
Airports-Brazil,SDRF,sage,12357,0.25,0.5769230769230769,0.5571708992761625,0.4444444444444444,0.4214847652347652,0.1646337807178497,84.0,f1,0.5571708992761625
Airports-Brazil,SDRF,sage,12357,0.4,0.5769230769230769,0.5507381507381508,0.4444444444444444,0.4131313131313131,0.1515380144119262,87.0,f1,0.5507381507381508
Airports-Brazil,SDRF,sage,12357,0.55,0.5769230769230769,0.5507381507381508,0.4074074074074074,0.3873440285204991,0.1449717432260513,89.0,f1,0.5507381507381508
Airports-Brazil,SDRF,sage,12358,0.0,0.6538461538461539,0.6029519500107735,0.4814814814814814,0.4862637362637362,0.0461793690919876,134.0,f1,0.6029519500107735
Airports-Brazil,SDRF,sage,12358,0.1,0.6538461538461539,0.6029519500107735,0.4444444444444444,0.45503663003663,0.0461699366569519,134.0,f1,0.6029519500107735
Airports-Brazil,SDRF,sage,12358,0.25,0.6538461538461539,0.5955433455433455,0.4444444444444444,0.4478937728937728,0.0308363195508718,161.0,f1,0.5955433455433455
Airports-Brazil,SDRF,sage,12358,0.4,0.6538461538461539,0.5949248120300752,0.4814814814814814,0.4835164835164836,0.0462504029273986,140.0,f1,0.5949248120300752
Airports-Brazil,SDRF,sage,12358,0.55,0.6538461538461539,0.5949248120300752,0.3703703703703703,0.3697552447552448,0.0460355356335639,140.0,f1,0.5949248120300752
Airports-Brazil,SDRF,sage,12359,0.0,0.5,0.4920995670995671,0.6666666666666666,0.6431372549019607,0.092938520014286,105.0,f1,0.4920995670995671
Airports-Brazil,SDRF,sage,12359,0.1,0.5,0.4920995670995671,0.7037037037037037,0.6937866055513114,0.102200798690319,100.0,f1,0.4920995670995671
Airports-Brazil,SDRF,sage,12359,0.25,0.5,0.4920995670995671,0.6296296296296297,0.5861928104575164,0.1014076918363571,100.0,f1,0.4920995670995671
Airports-Brazil,SDRF,sage,12359,0.4,0.4615384615384615,0.4583333333333333,0.6296296296296297,0.5903540903540904,0.3061491549015045,61.0,f1,0.4583333333333333
Airports-Brazil,SDRF,sage,12359,0.55,0.4615384615384615,0.4583333333333333,0.7037037037037037,0.6937866055513114,0.1502829194068908,83.0,f1,0.4583333333333333
Airports-Brazil,SDRF,sage,12360,0.0,0.5,0.444760101010101,0.6296296296296297,0.6204266321913381,0.088346891105175,111.0,f1,0.444760101010101
Airports-Brazil,SDRF,sage,12360,0.1,0.5769230769230769,0.4944444444444444,0.4444444444444444,0.4155844155844156,0.0060438485816121,386.0,f1,0.4944444444444444
Airports-Brazil,SDRF,sage,12360,0.25,0.5384615384615384,0.4666666666666667,0.5555555555555556,0.5450742240215924,0.0422971509397029,155.0,f1,0.4666666666666667
Airports-Brazil,SDRF,sage,12360,0.4,0.5769230769230769,0.4944444444444444,0.4444444444444444,0.4125541125541125,0.0072238384746015,350.0,f1,0.4944444444444444
Airports-Brazil,SDRF,sage,12360,0.55,0.5384615384615384,0.4398989898989899,0.4444444444444444,0.4125541125541125,0.0076872622594237,340.0,f1,0.4398989898989899
Airports-Brazil,SDRF,sage,12361,0.0,0.3076923076923077,0.3181818181818182,0.3333333333333333,0.2517482517482518,0.464934766292572,47.0,f1,0.3181818181818182
Airports-Brazil,SDRF,sage,12361,0.1,0.3461538461538461,0.3425120772946859,0.3333333333333333,0.2474747474747474,0.4560452103614807,46.0,f1,0.3425120772946859
Airports-Brazil,SDRF,sage,12361,0.25,0.3076923076923077,0.3191919191919191,0.4074074074074074,0.4141025641025641,0.4609741270542145,53.0,f1,0.3191919191919191
Airports-Brazil,SDRF,sage,12361,0.4,0.2692307692307692,0.2948412698412698,0.4074074074074074,0.4044393106893106,0.3920637667179107,57.0,f1,0.2948412698412698
Airports-Brazil,SDRF,sage,12361,0.55,0.3076923076923077,0.2833333333333333,0.3333333333333333,0.2517482517482518,0.5064535140991211,48.0,f1,0.2833333333333333
Airports-Brazil,SDRF,sage,12362,0.0,0.5,0.4942307692307692,0.4444444444444444,0.4480643539467069,0.5180796384811401,44.0,f1,0.4942307692307692
Airports-Brazil,SDRF,sage,12362,0.1,0.5,0.4926739926739926,0.4814814814814814,0.4868131868131867,0.3734323382377624,56.0,f1,0.4926739926739926
Airports-Brazil,SDRF,sage,12362,0.25,0.5384615384615384,0.5277222777222778,0.4444444444444444,0.4520833333333333,0.4968414902687073,48.0,f1,0.5277222777222778
Airports-Brazil,SDRF,sage,12362,0.4,0.5,0.4986263736263736,0.3703703703703703,0.3756016042780749,0.0214163865894079,212.0,f1,0.4986263736263736
Airports-Brazil,SDRF,sage,12362,0.55,0.5384615384615384,0.5370879120879121,0.4444444444444444,0.4371212121212121,0.0866979509592056,114.0,f1,0.5370879120879121
Airports-Brazil,SDRF,sage,12363,0.0,0.5384615384615384,0.5174603174603174,0.4814814814814814,0.4327731092436975,0.3598874509334564,61.0,f1,0.5174603174603174
Airports-Brazil,SDRF,sage,12363,0.1,0.5384615384615384,0.5174603174603174,0.4814814814814814,0.4327731092436975,0.358319491147995,61.0,f1,0.5174603174603174
Airports-Brazil,SDRF,sage,12363,0.25,0.5384615384615384,0.509280303030303,0.4444444444444444,0.3943833943833944,0.1184718087315559,98.0,f1,0.509280303030303
Airports-Brazil,SDRF,sage,12363,0.4,0.5384615384615384,0.509280303030303,0.4074074074074074,0.3449754901960784,0.1180265396833419,97.0,f1,0.509280303030303
Airports-Brazil,SDRF,sage,12363,0.55,0.5384615384615384,0.509280303030303,0.4444444444444444,0.401010101010101,0.1200769022107124,98.0,f1,0.509280303030303
Airports-Brazil,SDRF,sage,12364,0.0,0.6538461538461539,0.6499999999999999,0.5185185185185185,0.5095238095238095,0.1877938956022262,77.0,f1,0.6499999999999999
Airports-Brazil,SDRF,sage,12364,0.1,0.6153846153846154,0.5925595238095238,0.4444444444444444,0.4238095238095238,0.115483745932579,97.0,f1,0.5925595238095238
Airports-Brazil,SDRF,sage,12364,0.25,0.5769230769230769,0.5551136363636363,0.4814814814814814,0.4555555555555555,0.1947348862886428,80.0,f1,0.5551136363636363
Airports-Brazil,SDRF,sage,12364,0.4,0.5384615384615384,0.5450455976771766,0.3703703703703703,0.3676470588235294,0.3317518234252929,59.0,f1,0.5450455976771766
Airports-Brazil,SDRF,sage,12364,0.55,0.5384615384615384,0.5388846447669977,0.3333333333333333,0.3279539088362617,0.285819947719574,65.0,f1,0.5388846447669977
Airports-Brazil,SDRF,sage,12365,0.0,0.4615384615384615,0.4234126984126984,0.4074074074074074,0.3763458763458763,0.0128757385537028,239.0,f1,0.4234126984126984
Airports-Brazil,SDRF,sage,12365,0.1,0.4230769230769231,0.4,0.4444444444444444,0.4375901875901876,0.3022008538246155,59.0,f1,0.4
Airports-Brazil,SDRF,sage,12365,0.25,0.4615384615384615,0.4214646464646464,0.4444444444444444,0.4188422688422688,0.0063312598504126,290.0,f1,0.4214646464646464
Airports-Brazil,SDRF,sage,12365,0.4,0.4615384615384615,0.4214646464646464,0.4074074074074074,0.3744588744588744,0.0106868799775838,251.0,f1,0.4214646464646464
Airports-Brazil,SDRF,sage,12365,0.55,0.4615384615384615,0.4214646464646464,0.4074074074074074,0.3883477633477633,0.0165958199650049,231.0,f1,0.4214646464646464
Airports-Brazil,SDRF,sage,12366,0.0,0.4615384615384615,0.438034188034188,0.6296296296296297,0.6291208791208791,0.2412179261445999,73.0,f1,0.438034188034188
Airports-Brazil,SDRF,sage,12366,0.1,0.4615384615384615,0.4561237373737374,0.5925925925925926,0.5963369963369963,0.0421765930950641,150.0,f1,0.4561237373737374
Airports-Brazil,SDRF,sage,12366,0.25,0.5,0.4832070707070707,0.5555555555555556,0.5580357142857142,0.0988136455416679,105.0,f1,0.4832070707070707
Airports-Brazil,SDRF,sage,12366,0.4,0.4615384615384615,0.4008097165991903,0.5555555555555556,0.5580357142857142,0.1727403849363327,86.0,f1,0.4008097165991903
Airports-Brazil,SDRF,sage,12366,0.55,0.4230769230769231,0.3824786324786324,0.5555555555555556,0.5580357142857142,0.0098265903070569,293.0,f1,0.3824786324786324
Airports-Brazil,SDRF,sage,12367,0.0,0.3846153846153846,0.3704545454545455,0.4814814814814814,0.4125,0.3242054879665375,55.0,f1,0.3704545454545455
Airports-Brazil,SDRF,sage,12367,0.1,0.3461538461538461,0.3380952380952381,0.4814814814814814,0.4086134453781512,0.3218774199485779,55.0,f1,0.3380952380952381
Airports-Brazil,SDRF,sage,12367,0.25,0.3076923076923077,0.2916666666666666,0.4814814814814814,0.4086134453781512,0.3162508308887481,57.0,f1,0.2916666666666666
Airports-Brazil,SDRF,sage,12367,0.4,0.3461538461538461,0.3475961538461538,0.2962962962962963,0.2598039215686274,0.5493239164352417,41.0,f1,0.3475961538461538
Airports-Brazil,SDRF,sage,12367,0.55,0.3076923076923077,0.3036199095022625,0.2962962962962963,0.2598039215686274,0.5494375228881836,41.0,f1,0.3036199095022625
Airports-Brazil,SDRF,sage,12368,0.0,0.5384615384615384,0.5103174603174603,0.3703703703703703,0.3176470588235294,0.0073280609212815,327.0,f1,0.5103174603174603
Airports-Brazil,SDRF,sage,12368,0.1,0.5384615384615384,0.5103174603174603,0.4074074074074074,0.3520833333333333,0.0059461491182446,384.0,f1,0.5103174603174603
Airports-Brazil,SDRF,sage,12368,0.25,0.5384615384615384,0.5095238095238095,0.4074074074074074,0.3520833333333333,0.0205671843141317,243.0,f1,0.5095238095238095
Airports-Brazil,SDRF,sage,12368,0.4,0.5769230769230769,0.5523310023310024,0.4074074074074074,0.3520833333333333,0.0191996190696954,239.0,f1,0.5523310023310024
Airports-Brazil,SDRF,sage,12368,0.55,0.5769230769230769,0.5451923076923078,0.4444444444444444,0.4234126984126984,0.027891382575035,179.0,f1,0.5451923076923078
Airports-Brazil,SDRF,sage,12369,0.0,0.5769230769230769,0.5994652406417111,0.3333333333333333,0.3586309523809523,0.39894700050354,54.0,f1,0.5994652406417111
Airports-Brazil,SDRF,sage,12369,0.1,0.5769230769230769,0.5994652406417111,0.3333333333333333,0.3586309523809523,0.3877474367618561,56.0,f1,0.5994652406417111
Airports-Brazil,SDRF,sage,12369,0.25,0.5769230769230769,0.5994652406417111,0.3333333333333333,0.3483839689722042,0.4062612354755401,54.0,f1,0.5994652406417111
Airports-Brazil,SDRF,sage,12369,0.4,0.6153846153846154,0.6297348484848484,0.3703703703703703,0.3889517345399698,0.362991064786911,53.0,f1,0.6297348484848484
Airports-Brazil,SDRF,sage,12369,0.55,0.6153846153846154,0.6297348484848484,0.3333333333333333,0.3483839689722042,0.4133877456188202,54.0,f1,0.6297348484848484
Airports-Brazil,SDRF,sage,12370,0.0,0.5,0.4944444444444444,0.4074074074074074,0.4050133689839572,0.1839603036642074,76.0,f1,0.4944444444444444
Airports-Brazil,SDRF,sage,12370,0.1,0.5,0.4944444444444444,0.4074074074074074,0.4050133689839572,0.1790066510438919,77.0,f1,0.4944444444444444
Airports-Brazil,SDRF,sage,12370,0.25,0.4230769230769231,0.428030303030303,0.4074074074074074,0.4050133689839572,0.1803984940052032,77.0,f1,0.428030303030303
Airports-Brazil,SDRF,sage,12370,0.4,0.4230769230769231,0.3978174603174603,0.3703703703703703,0.2796296296296296,0.4492633938789367,47.0,f1,0.3978174603174603
Airports-Brazil,SDRF,sage,12370,0.55,0.4230769230769231,0.3978174603174603,0.3703703703703703,0.2796296296296296,0.4507769644260406,47.0,f1,0.3978174603174603
Airports-Brazil,SDRF,sage,12371,0.0,0.4615384615384615,0.4370192307692307,0.3703703703703703,0.365018315018315,0.0409567914903163,142.0,f1,0.4370192307692307
Airports-Brazil,SDRF,sage,12371,0.1,0.5,0.4682692307692307,0.2962962962962963,0.2890442890442891,0.1012243404984474,95.0,f1,0.4682692307692307
Airports-Brazil,SDRF,sage,12371,0.25,0.5,0.4627953745600804,0.3333333333333333,0.3216450216450216,0.0242334697395563,205.0,f1,0.4627953745600804
Airports-Brazil,SDRF,sage,12371,0.4,0.5,0.4561965811965812,0.3333333333333333,0.3169477581242287,0.04285703971982,139.0,f1,0.4561965811965812
Airports-Brazil,SDRF,sage,12371,0.55,0.4615384615384615,0.4162280701754386,0.2962962962962963,0.2890442890442891,0.0685560181736946,112.0,f1,0.4162280701754386
Airports-Brazil,SDRF,sage,12372,0.0,0.4230769230769231,0.3863636363636363,0.5185185185185185,0.5254079254079254,0.2707741260528564,63.0,f1,0.3863636363636363
Airports-Brazil,SDRF,sage,12372,0.1,0.4230769230769231,0.389044289044289,0.5925925925925926,0.6023310023310022,0.1294822692871093,88.0,f1,0.389044289044289
Airports-Brazil,SDRF,sage,12372,0.25,0.4230769230769231,0.3863636363636363,0.6296296296296297,0.6387254901960785,0.0297671090811491,150.0,f1,0.3863636363636363
Airports-Brazil,SDRF,sage,12372,0.4,0.4230769230769231,0.3863636363636363,0.5925925925925926,0.5972027972027971,0.1779964566230774,79.0,f1,0.3863636363636363
Airports-Brazil,SDRF,sage,12372,0.55,0.4615384615384615,0.428030303030303,0.5555555555555556,0.5605956543456544,0.1590798646211624,87.0,f1,0.428030303030303
Airports-Brazil,SDRF,sage,12373,0.0,0.6153846153846154,0.5978298017771702,0.5185185185185185,0.4916666666666667,0.1039109602570533,110.0,f1,0.5978298017771702
Airports-Brazil,SDRF,sage,12373,0.1,0.5769230769230769,0.5649350649350648,0.4074074074074074,0.404505582137161,0.2737104594707489,67.0,f1,0.5649350649350648
Airports-Brazil,SDRF,sage,12373,0.25,0.6153846153846154,0.6119938884644767,0.4074074074074074,0.3833333333333333,0.2346378415822982,72.0,f1,0.6119938884644767
Airports-Brazil,SDRF,sage,12373,0.4,0.5769230769230769,0.5649350649350648,0.4444444444444444,0.4251686909581647,0.2500847578048706,71.0,f1,0.5649350649350648
Airports-Brazil,SDRF,sage,12373,0.55,0.5384615384615384,0.509014012303486,0.4444444444444444,0.4466513878278584,0.2667562365531921,68.0,f1,0.509014012303486
Airports-Brazil,SDRF,sage,12374,0.0,0.6153846153846154,0.6006944444444444,0.4074074074074074,0.3864468864468864,0.341530293226242,58.0,f1,0.6006944444444444
Airports-Brazil,SDRF,sage,12374,0.1,0.6153846153846154,0.5997786935286935,0.4074074074074074,0.3952380952380953,0.2393122911453247,66.0,f1,0.5997786935286935
Airports-Brazil,SDRF,sage,12374,0.25,0.6153846153846154,0.6006944444444444,0.3703703703703703,0.3643180349062702,0.3399894833564758,58.0,f1,0.6006944444444444
Airports-Brazil,SDRF,sage,12374,0.4,0.6153846153846154,0.6217341482047365,0.3333333333333333,0.3119047619047619,0.4432366788387298,49.0,f1,0.6217341482047365
Airports-Brazil,SDRF,sage,12374,0.55,0.6153846153846154,0.6217341482047365,0.3333333333333333,0.3119047619047619,0.4386206269264221,48.0,f1,0.6217341482047365
Airports-Brazil,SDRF,gat,12345,0.0,0.5384615384615384,0.5483405483405484,0.3703703703703703,0.3382867132867133,0.8898254632949829,70.0,f1,0.5483405483405484
Airports-Brazil,SDRF,gat,12345,0.1,0.5769230769230769,0.5625,0.4074074074074074,0.3903202061096797,0.1328659206628799,267.0,f1,0.5625
Airports-Brazil,SDRF,gat,12345,0.25,0.5769230769230769,0.5625,0.3703703703703703,0.3351370851370852,0.1403278559446334,231.0,f1,0.5625
Airports-Brazil,SDRF,gat,12345,0.4,0.4615384615384615,0.3951465201465202,0.4074074074074074,0.3474747474747475,1.3786885738372805,58.0,f1,0.3951465201465202
Airports-Brazil,SDRF,gat,12345,0.55,0.5384615384615384,0.502020202020202,0.2962962962962963,0.25,0.6631511449813843,168.0,f1,0.502020202020202
Airports-Brazil,SDRF,gat,12346,0.0,0.4615384615384615,0.4510233918128655,0.3703703703703703,0.3572472848788638,1.0593444108963013,85.0,f1,0.4510233918128655
Airports-Brazil,SDRF,gat,12346,0.1,0.4230769230769231,0.3833333333333333,0.3703703703703703,0.3123376623376623,0.5245671272277832,245.0,f1,0.3833333333333333
Airports-Brazil,SDRF,gat,12346,0.25,0.4615384615384615,0.4600815850815851,0.2222222222222222,0.2190656565656565,2.55729603767395,41.0,f1,0.4600815850815851
Airports-Brazil,SDRF,gat,12346,0.4,0.4230769230769231,0.4462412587412587,0.3333333333333333,0.3439393939393939,0.5985357165336609,210.0,f1,0.4462412587412587
Airports-Brazil,SDRF,gat,12346,0.55,0.3846153846153846,0.3723776223776224,0.3333333333333333,0.3061821219715956,0.8159409165382385,182.0,f1,0.3723776223776224
Airports-Brazil,SDRF,gat,12347,0.0,0.6153846153846154,0.6055944055944056,0.5185185185185185,0.4884049773755656,0.4075669646263122,250.0,f1,0.6055944055944056
Airports-Brazil,SDRF,gat,12347,0.1,0.4615384615384615,0.4734917043740573,0.3333333333333333,0.3208741830065359,0.9545779228210448,92.0,f1,0.4734917043740573
Airports-Brazil,SDRF,gat,12347,0.25,0.5769230769230769,0.5482456140350876,0.4074074074074074,0.38125,0.693943440914154,157.0,f1,0.5482456140350876
Airports-Brazil,SDRF,gat,12347,0.4,0.5769230769230769,0.5694444444444444,0.2222222222222222,0.2117243867243867,0.8798658847808838,150.0,f1,0.5694444444444444
Airports-Brazil,SDRF,gat,12347,0.55,0.5384615384615384,0.5114219114219114,0.4814814814814814,0.4678571428571428,0.4441272914409637,286.0,f1,0.5114219114219114
Airports-Brazil,SDRF,gat,12348,0.0,0.5384615384615384,0.5062621202327084,0.4074074074074074,0.3916666666666666,0.7080401182174683,187.0,f1,0.5062621202327084
Airports-Brazil,SDRF,gat,12348,0.1,0.5384615384615384,0.5403846153846155,0.4814814814814814,0.4824175824175824,0.5509423017501831,227.0,f1,0.5403846153846155
Airports-Brazil,SDRF,gat,12348,0.25,0.5,0.4642482517482517,0.4814814814814814,0.4142628205128205,1.1643637418746948,70.0,f1,0.4642482517482517
Airports-Brazil,SDRF,gat,12348,0.4,0.5384615384615384,0.5333333333333333,0.3333333333333333,0.3266806722689075,0.3559426963329315,227.0,f1,0.5333333333333333
Airports-Brazil,SDRF,gat,12348,0.55,0.5384615384615384,0.5538315850815851,0.3703703703703703,0.3409806567701304,0.4433616101741791,167.0,f1,0.5538315850815851
Airports-Brazil,SDRF,gat,12349,0.0,0.6923076923076923,0.672349709114415,0.5185185185185185,0.5095959595959596,0.4768036603927612,204.0,f1,0.672349709114415
Airports-Brazil,SDRF,gat,12349,0.1,0.6538461538461539,0.6484985602632662,0.4074074074074074,0.403030303030303,0.4916605949401855,194.0,f1,0.6484985602632662
Airports-Brazil,SDRF,gat,12349,0.25,0.5769230769230769,0.5718181818181818,0.3333333333333333,0.2571428571428571,1.2218666076660156,35.0,f1,0.5718181818181818
Airports-Brazil,SDRF,gat,12349,0.4,0.6153846153846154,0.5882575757575758,0.4074074074074074,0.3583333333333334,0.9574638605117798,77.0,f1,0.5882575757575758
Airports-Brazil,SDRF,gat,12349,0.55,0.5,0.4383541295306001,0.2222222222222222,0.2105429292929292,1.9331735372543333,52.0,f1,0.4383541295306001
Airports-Brazil,SDRF,gat,12350,0.0,0.6153846153846154,0.5832167832167832,0.4814814814814814,0.4532828282828283,0.8056237697601318,87.0,f1,0.5832167832167832
Airports-Brazil,SDRF,gat,12350,0.1,0.6923076923076923,0.6784188034188035,0.5185185185185185,0.4967032967032967,0.7591871619224548,112.0,f1,0.6784188034188035
Airports-Brazil,SDRF,gat,12350,0.25,0.6153846153846154,0.6089743589743589,0.4444444444444444,0.4229166666666666,0.4420234858989715,252.0,f1,0.6089743589743589
Airports-Brazil,SDRF,gat,12350,0.4,0.6153846153846154,0.6153846153846154,0.3703703703703703,0.3520833333333333,0.3161778450012207,245.0,f1,0.6153846153846154
Airports-Brazil,SDRF,gat,12350,0.55,0.6538461538461539,0.6245941558441559,0.4074074074074074,0.3942460317460317,0.7211258411407471,97.0,f1,0.6245941558441559
Airports-Brazil,SDRF,gat,12351,0.0,0.6538461538461539,0.6458874458874458,0.5925925925925926,0.5771287535993419,0.9250817894935608,89.0,f1,0.6458874458874458
Airports-Brazil,SDRF,gat,12351,0.1,0.5384615384615384,0.5225815850815851,0.6296296296296297,0.6464932126696833,0.8298447728157043,217.0,f1,0.5225815850815851
Airports-Brazil,SDRF,gat,12351,0.25,0.5,0.4494949494949495,0.5555555555555556,0.5359307359307359,0.5783554911613464,88.0,f1,0.4494949494949495
Airports-Brazil,SDRF,gat,12351,0.4,0.5384615384615384,0.5246753246753246,0.4814814814814814,0.4351648351648352,0.585616409778595,243.0,f1,0.5246753246753246
Airports-Brazil,SDRF,gat,12351,0.55,0.5384615384615384,0.5010375494071146,0.4074074074074074,0.4027777777777777,2.016317844390869,54.0,f1,0.5010375494071146
Airports-Brazil,SDRF,gat,12352,0.0,0.5384615384615384,0.5431818181818182,0.4814814814814814,0.445593149540518,0.5582897067070007,119.0,f1,0.5431818181818182
Airports-Brazil,SDRF,gat,12352,0.1,0.6538461538461539,0.6544372294372294,0.5925925925925926,0.5897129186602871,0.3198660910129547,326.0,f1,0.6544372294372294
Airports-Brazil,SDRF,gat,12352,0.25,0.6153846153846154,0.5922619047619048,0.4814814814814814,0.4334629186602871,0.7860088348388672,250.0,f1,0.5922619047619048
Airports-Brazil,SDRF,gat,12352,0.4,0.6923076923076923,0.6902930402930404,0.4814814814814814,0.4910130718954248,1.008855223655701,190.0,f1,0.6902930402930404
Airports-Brazil,SDRF,gat,12352,0.55,0.6538461538461539,0.5756410256410257,0.5925925925925926,0.5653594771241831,1.0427987575531006,131.0,f1,0.5756410256410257
Airports-Brazil,SDRF,gat,12353,0.0,0.6153846153846154,0.6004329004329004,0.3333333333333333,0.3012265512265512,0.3591382503509521,186.0,f1,0.6004329004329004
Airports-Brazil,SDRF,gat,12353,0.1,0.5769230769230769,0.5756493506493506,0.2962962962962963,0.2964285714285714,0.2505412101745605,286.0,f1,0.5756493506493506
Airports-Brazil,SDRF,gat,12353,0.25,0.6153846153846154,0.6205436720142602,0.4074074074074074,0.3906371406371406,3.2733891010284424,243.0,f1,0.6205436720142602
Airports-Brazil,SDRF,gat,12353,0.4,0.6538461538461539,0.6499999999999999,0.3703703703703703,0.325328947368421,1.2000077962875366,91.0,f1,0.6499999999999999
Airports-Brazil,SDRF,gat,12353,0.55,0.6153846153846154,0.5651629072681704,0.3703703703703703,0.3008893280632411,0.8077235817909241,139.0,f1,0.5651629072681704
Airports-Brazil,SDRF,gat,12354,0.0,0.7307692307692307,0.7407925407925409,0.4444444444444444,0.3736455108359133,0.4353895783424377,157.0,f1,0.7407925407925409
Airports-Brazil,SDRF,gat,12354,0.1,0.5384615384615384,0.5389277389277389,0.3333333333333333,0.3325757575757575,0.2009712904691696,195.0,f1,0.5389277389277389
Airports-Brazil,SDRF,gat,12354,0.25,0.5769230769230769,0.5750891265597148,0.4074074074074074,0.3798076923076923,0.3687105774879455,163.0,f1,0.5750891265597148
Airports-Brazil,SDRF,gat,12354,0.4,0.6153846153846154,0.6245532245532246,0.4814814814814814,0.4199134199134199,1.09469473361969,66.0,f1,0.6245532245532246
Airports-Brazil,SDRF,gat,12354,0.55,0.5769230769230769,0.5883971291866028,0.4074074074074074,0.3992063492063492,0.5651854276657104,131.0,f1,0.5883971291866028
Airports-Brazil,SDRF,gat,12355,0.0,0.5769230769230769,0.56745337995338,0.4444444444444444,0.417239010989011,0.2386872172355651,225.0,f1,0.56745337995338
Airports-Brazil,SDRF,gat,12355,0.1,0.5384615384615384,0.5393939393939393,0.4814814814814814,0.4839743589743589,0.2087147533893585,221.0,f1,0.5393939393939393
Airports-Brazil,SDRF,gat,12355,0.25,0.4615384615384615,0.4656990068754774,0.4814814814814814,0.4329545454545455,0.8069824576377869,323.0,f1,0.4656990068754774
Airports-Brazil,SDRF,gat,12355,0.4,0.5,0.4813519813519813,0.4074074074074074,0.3662280701754385,0.3487779200077057,298.0,f1,0.4813519813519813
Airports-Brazil,SDRF,gat,12355,0.55,0.3846153846153846,0.3357100415923945,0.4444444444444444,0.3392379679144385,1.7795120477676392,232.0,f1,0.3357100415923945
Airports-Brazil,SDRF,gat,12356,0.0,0.5,0.5040106951871658,0.4074074074074074,0.4158730158730158,0.7602831721305847,301.0,f1,0.5040106951871658
Airports-Brazil,SDRF,gat,12356,0.1,0.6153846153846154,0.5855314276366907,0.3703703703703703,0.3418040293040293,0.3931978046894073,334.0,f1,0.5855314276366907
Airports-Brazil,SDRF,gat,12356,0.25,0.5769230769230769,0.5490481740481741,0.3703703703703703,0.3681818181818181,1.1507409811019895,90.0,f1,0.5490481740481741
Airports-Brazil,SDRF,gat,12356,0.4,0.6153846153846154,0.6007575757575757,0.4074074074074074,0.3471014492753623,0.7640690207481384,210.0,f1,0.6007575757575757
Airports-Brazil,SDRF,gat,12356,0.55,0.5769230769230769,0.5585218702865762,0.4444444444444444,0.4179037336932074,0.6366709470748901,210.0,f1,0.5585218702865762
Airports-Brazil,SDRF,gat,12357,0.0,0.4615384615384615,0.4566080977845684,0.1111111111111111,0.0859649122807017,1.3689812421798706,70.0,f1,0.4566080977845684
Airports-Brazil,SDRF,gat,12357,0.1,0.4615384615384615,0.4282188399835459,0.4444444444444444,0.4211898395721926,0.7916666865348816,100.0,f1,0.4282188399835459
Airports-Brazil,SDRF,gat,12357,0.25,0.5384615384615384,0.530011655011655,0.1481481481481481,0.1338235294117647,0.6272925734519958,149.0,f1,0.530011655011655
Airports-Brazil,SDRF,gat,12357,0.4,0.4615384615384615,0.4344635627530364,0.3333333333333333,0.2532467532467532,19.0745906829834,125.0,f1,0.4344635627530364
Airports-Brazil,SDRF,gat,12357,0.55,0.5769230769230769,0.5554029304029304,0.3333333333333333,0.2950174825174825,59.30050659179688,321.0,f1,0.5554029304029304
Airports-Brazil,SDRF,gat,12358,0.0,0.4615384615384615,0.472077922077922,0.3703703703703703,0.3454380764163373,0.9857783913612366,87.0,f1,0.472077922077922
Airports-Brazil,SDRF,gat,12358,0.1,0.6538461538461539,0.6110576923076922,0.6296296296296297,0.6165501165501165,0.4270327687263489,205.0,f1,0.6110576923076922
Airports-Brazil,SDRF,gat,12358,0.25,0.6153846153846154,0.5933441558441559,0.4814814814814814,0.5095959595959596,0.7550693154335022,82.0,f1,0.5933441558441559
Airports-Brazil,SDRF,gat,12358,0.4,0.4615384615384615,0.4606060606060606,0.4074074074074074,0.4134615384615384,0.5209063291549683,267.0,f1,0.4606060606060606
Airports-Brazil,SDRF,gat,12358,0.55,0.5769230769230769,0.5585218702865762,0.4074074074074074,0.4010270774976657,0.4194201529026031,146.0,f1,0.5585218702865762
Airports-Brazil,SDRF,gat,12359,0.0,0.5384615384615384,0.5364219114219114,0.4814814814814814,0.4150014072614691,0.8068189024925232,83.0,f1,0.5364219114219114
Airports-Brazil,SDRF,gat,12359,0.1,0.5769230769230769,0.5522226311699996,0.4814814814814814,0.4243961352657005,0.564491331577301,114.0,f1,0.5522226311699996
Airports-Brazil,SDRF,gat,12359,0.25,0.6153846153846154,0.608982683982684,0.5555555555555556,0.5197552447552448,0.5165749788284302,167.0,f1,0.608982683982684
Airports-Brazil,SDRF,gat,12359,0.4,0.5769230769230769,0.571301247771836,0.5555555555555556,0.5318181818181817,0.7001315951347351,77.0,f1,0.571301247771836
Airports-Brazil,SDRF,gat,12359,0.55,0.5769230769230769,0.5410714285714286,0.5185185185185185,0.4647129186602871,0.5437644124031067,126.0,f1,0.5410714285714286
Airports-Brazil,SDRF,gat,12360,0.0,0.6153846153846154,0.5381723539618276,0.5185185185185185,0.4600815850815851,1.760663390159607,73.0,f1,0.5381723539618276
Airports-Brazil,SDRF,gat,12360,0.1,0.6153846153846154,0.6060606060606062,0.5925925925925926,0.6006410256410256,0.9978440403938292,145.0,f1,0.6060606060606062
Airports-Brazil,SDRF,gat,12360,0.25,0.5769230769230769,0.5372408293460925,0.4074074074074074,0.3791666666666666,1.1329851150512695,244.0,f1,0.5372408293460925
Airports-Brazil,SDRF,gat,12360,0.4,0.6153846153846154,0.5875457875457876,0.2962962962962963,0.261111111111111,2.999276876449585,68.0,f1,0.5875457875457876
Airports-Brazil,SDRF,gat,12360,0.55,0.5384615384615384,0.5051169590643274,0.4074074074074074,0.3769230769230769,0.7365305423736572,103.0,f1,0.5051169590643274
Airports-Brazil,SDRF,gat,12361,0.0,0.6538461538461539,0.6468614718614719,0.3333333333333333,0.3472850678733031,0.6831358075141907,197.0,f1,0.6468614718614719
Airports-Brazil,SDRF,gat,12361,0.1,0.5,0.5092261904761906,0.4814814814814814,0.4775641025641025,0.4438032507896423,286.0,f1,0.5092261904761906
Airports-Brazil,SDRF,gat,12361,0.25,0.5769230769230769,0.5276612276612277,0.4074074074074074,0.39375,0.683329701423645,205.0,f1,0.5276612276612277
Airports-Brazil,SDRF,gat,12361,0.4,0.6153846153846154,0.5883541295306001,0.4814814814814814,0.4271708683473389,0.5187090635299683,219.0,f1,0.5883541295306001
Airports-Brazil,SDRF,gat,12361,0.55,0.5,0.4881944444444444,0.4074074074074074,0.4149350649350649,0.4755410850048065,292.0,f1,0.4881944444444444
Airports-Brazil,SDRF,gat,12362,0.0,0.5384615384615384,0.5280303030303031,0.3703703703703703,0.3270833333333333,1.1679292917251587,88.0,f1,0.5280303030303031
Airports-Brazil,SDRF,gat,12362,0.1,0.5384615384615384,0.455316742081448,0.2962962962962963,0.2492063492063491,13.890806198120115,147.0,f1,0.455316742081448
Airports-Brazil,SDRF,gat,12362,0.25,0.5769230769230769,0.5784527972027973,0.3333333333333333,0.3168220668220668,0.8581750392913818,354.0,f1,0.5784527972027973
Airports-Brazil,SDRF,gat,12362,0.4,0.4615384615384615,0.4628593628593628,0.2222222222222222,0.2330659536541889,0.822946310043335,380.0,f1,0.4628593628593628
Airports-Brazil,SDRF,gat,12362,0.55,0.4615384615384615,0.4290458937198068,0.2222222222222222,0.1821862348178137,2.5322866439819336,188.0,f1,0.4290458937198068
Airports-Brazil,SDRF,gat,12363,0.0,0.6153846153846154,0.6068764568764569,0.4814814814814814,0.4801136363636363,0.8786367774009705,184.0,f1,0.6068764568764569
Airports-Brazil,SDRF,gat,12363,0.1,0.6923076923076923,0.6722374847374848,0.4814814814814814,0.4883180544945251,0.8133641481399536,109.0,f1,0.6722374847374848
Airports-Brazil,SDRF,gat,12363,0.25,0.6923076923076923,0.6681839402427637,0.4814814814814814,0.4313725490196078,0.8777601718902588,96.0,f1,0.6681839402427637
Airports-Brazil,SDRF,gat,12363,0.4,0.6538461538461539,0.65,0.4814814814814814,0.4917729329494035,0.5822610259056091,134.0,f1,0.65
Airports-Brazil,SDRF,gat,12363,0.55,0.5769230769230769,0.5808080808080808,0.3703703703703703,0.3359683794466403,0.9061935544013976,83.0,f1,0.5808080808080808
Airports-Brazil,SDRF,gat,12364,0.0,0.7307692307692307,0.7048611111111112,0.2962962962962963,0.2791666666666667,0.8747747540473938,67.0,f1,0.7048611111111112
Airports-Brazil,SDRF,gat,12364,0.1,0.6538461538461539,0.6475815850815851,0.3333333333333333,0.2667182662538699,0.6339796781539917,300.0,f1,0.6475815850815851
Airports-Brazil,SDRF,gat,12364,0.25,0.4230769230769231,0.3864809081527347,0.2962962962962963,0.246813725490196,2.1727840900421143,132.0,f1,0.3864809081527347
Airports-Brazil,SDRF,gat,12364,0.4,0.6538461538461539,0.6114718614718615,0.3703703703703703,0.3073038073038073,0.9421030879020692,104.0,f1,0.6114718614718615
Airports-Brazil,SDRF,gat,12364,0.55,0.5769230769230769,0.4993872549019608,0.3703703703703703,0.3302631578947368,1.1760317087173462,56.0,f1,0.4993872549019608
Airports-Brazil,SDRF,gat,12365,0.0,0.4615384615384615,0.460304401480872,0.4074074074074074,0.3557692307692308,1.0067522525787354,89.0,f1,0.460304401480872
Airports-Brazil,SDRF,gat,12365,0.1,0.5,0.4736652236652237,0.4444444444444444,0.4421952316689159,0.6778880953788757,224.0,f1,0.4736652236652237
Airports-Brazil,SDRF,gat,12365,0.25,0.4615384615384615,0.4184149184149184,0.4444444444444444,0.3304347826086956,0.8878467082977295,171.0,f1,0.4184149184149184
Airports-Brazil,SDRF,gat,12365,0.4,0.4615384615384615,0.448051948051948,0.3703703703703703,0.3651837928153717,0.7372207045555115,200.0,f1,0.448051948051948
Airports-Brazil,SDRF,gat,12365,0.55,0.5384615384615384,0.5046650717703349,0.2592592592592592,0.225,0.7576993107795715,140.0,f1,0.5046650717703349
Airports-Brazil,SDRF,gat,12366,0.0,0.4615384615384615,0.4348788638262322,0.5555555555555556,0.5400641025641025,0.7241517901420593,174.0,f1,0.4348788638262322
Airports-Brazil,SDRF,gat,12366,0.1,0.5,0.4772058823529411,0.5185185185185185,0.5132867132867134,1.7172061204910278,93.0,f1,0.4772058823529411
Airports-Brazil,SDRF,gat,12366,0.25,0.4615384615384615,0.4226270053475935,0.4074074074074074,0.3875,0.5718590617179871,136.0,f1,0.4226270053475935
Airports-Brazil,SDRF,gat,12366,0.4,0.6153846153846154,0.6317460317460317,0.4814814814814814,0.490967365967366,1.926074743270874,106.0,f1,0.6317460317460317
Airports-Brazil,SDRF,gat,12366,0.55,0.5,0.4847027972027972,0.4074074074074074,0.365359477124183,0.9546759128570556,68.0,f1,0.4847027972027972
Airports-Brazil,SDRF,gat,12367,0.0,0.6153846153846154,0.6333333333333333,0.5185185185185185,0.5124320124320124,0.3058974742889404,167.0,f1,0.6333333333333333
Airports-Brazil,SDRF,gat,12367,0.1,0.6153846153846154,0.5804029304029303,0.4074074074074074,0.3461300309597523,0.5640994310379028,204.0,f1,0.5804029304029303
Airports-Brazil,SDRF,gat,12367,0.25,0.5384615384615384,0.5337995337995338,0.5185185185185185,0.4860368389780154,0.8187487721443176,175.0,f1,0.5337995337995338
Airports-Brazil,SDRF,gat,12367,0.4,0.6153846153846154,0.6063795853269538,0.4074074074074074,0.3682121971595655,0.5149652361869812,174.0,f1,0.6063795853269538
Airports-Brazil,SDRF,gat,12367,0.55,0.5769230769230769,0.5892857142857143,0.6666666666666666,0.6636500754147813,0.8879470825195312,108.0,f1,0.5892857142857143
Airports-Brazil,SDRF,gat,12368,0.0,0.5384615384615384,0.5357142857142857,0.4444444444444444,0.4309703368526898,0.506206750869751,176.0,f1,0.5357142857142857
Airports-Brazil,SDRF,gat,12368,0.1,0.5769230769230769,0.5583333333333333,0.4814814814814814,0.4295815295815296,0.8682835102081299,77.0,f1,0.5583333333333333
Airports-Brazil,SDRF,gat,12368,0.25,0.5769230769230769,0.5792929292929292,0.4814814814814814,0.3948076923076923,0.9240066409111024,76.0,f1,0.5792929292929292
Airports-Brazil,SDRF,gat,12368,0.4,0.5,0.4996031746031746,0.4444444444444444,0.4196428571428571,0.4319515824317932,134.0,f1,0.4996031746031746
Airports-Brazil,SDRF,gat,12368,0.55,0.5769230769230769,0.5673160173160172,0.3333333333333333,0.3200757575757575,0.378341406583786,221.0,f1,0.5673160173160172
Airports-Brazil,SDRF,gat,12369,0.0,0.5384615384615384,0.5344751866490998,0.3703703703703703,0.2678571428571428,1.0790669918060305,41.0,f1,0.5344751866490998
Airports-Brazil,SDRF,gat,12369,0.1,0.6153846153846154,0.5784722222222222,0.2962962962962963,0.2975961538461538,1.0710302591323853,104.0,f1,0.5784722222222222
Airports-Brazil,SDRF,gat,12369,0.25,0.5384615384615384,0.512987012987013,0.4074074074074074,0.3809294871794871,1.6104633808135986,113.0,f1,0.512987012987013
Airports-Brazil,SDRF,gat,12369,0.4,0.5,0.4812409812409812,0.4444444444444444,0.3595238095238094,0.5470596551895142,202.0,f1,0.4812409812409812
Airports-Brazil,SDRF,gat,12369,0.55,0.5,0.4706349206349206,0.3703703703703703,0.3183483183483183,0.734314501285553,280.0,f1,0.4706349206349206
Airports-Brazil,SDRF,gat,12370,0.0,0.6538461538461539,0.6439393939393939,0.4444444444444444,0.4714285714285714,0.3183397948741913,107.0,f1,0.6439393939393939
Airports-Brazil,SDRF,gat,12370,0.1,0.5769230769230769,0.5808213716108453,0.4074074074074074,0.4359848484848485,0.2910660803318023,196.0,f1,0.5808213716108453
Airports-Brazil,SDRF,gat,12370,0.25,0.6538461538461539,0.6440058479532164,0.5185185185185185,0.5038770053475936,0.9075751900672911,100.0,f1,0.6440058479532164
Airports-Brazil,SDRF,gat,12370,0.4,0.5769230769230769,0.5957792207792207,0.4074074074074074,0.4215686274509803,0.4865271747112274,161.0,f1,0.5957792207792207
Airports-Brazil,SDRF,gat,12370,0.55,0.6538461538461539,0.6337995337995338,0.4814814814814814,0.4732323232323232,0.1811855584383011,274.0,f1,0.6337995337995338
Airports-Brazil,SDRF,gat,12371,0.0,0.4615384615384615,0.4933634992458522,0.2962962962962963,0.3026334776334776,1.2117977142333984,71.0,f1,0.4933634992458522
Airports-Brazil,SDRF,gat,12371,0.1,0.5769230769230769,0.6062791375291375,0.2222222222222222,0.2427350427350427,0.5800302624702454,156.0,f1,0.6062791375291375
Airports-Brazil,SDRF,gat,12371,0.25,0.5384615384615384,0.5472027972027973,0.2592592592592592,0.2811965811965812,0.5061430335044861,119.0,f1,0.5472027972027973
Airports-Brazil,SDRF,gat,12371,0.4,0.5,0.5,0.2962962962962963,0.2723214285714286,0.3436211347579956,151.0,f1,0.5
Airports-Brazil,SDRF,gat,12371,0.55,0.5769230769230769,0.5574484339190222,0.2962962962962963,0.2416666666666666,0.6778720021247864,100.0,f1,0.5574484339190222
Airports-Brazil,SDRF,gat,12372,0.0,0.5384615384615384,0.4910714285714286,0.5925925925925926,0.5967341482047364,0.664843738079071,250.0,f1,0.4910714285714286
Airports-Brazil,SDRF,gat,12372,0.1,0.5,0.4903846153846154,0.4814814814814814,0.4742424242424242,3.373955249786377,142.0,f1,0.4903846153846154
Airports-Brazil,SDRF,gat,12372,0.25,0.5,0.4611111111111111,0.5185185185185185,0.4993006993006993,1.2048271894454956,226.0,f1,0.4611111111111111
Airports-Brazil,SDRF,gat,12372,0.4,0.4615384615384615,0.4722222222222222,0.2592592592592592,0.2528846153846154,4.546924591064453,72.0,f1,0.4722222222222222
Airports-Brazil,SDRF,gat,12372,0.55,0.4615384615384615,0.3895833333333333,0.2962962962962963,0.246031746031746,50.42526626586914,117.0,f1,0.3895833333333333
Airports-Brazil,SDRF,gat,12373,0.0,0.5384615384615384,0.507051282051282,0.4074074074074074,0.3413461538461538,2.8815338611602783,53.0,f1,0.507051282051282
Airports-Brazil,SDRF,gat,12373,0.1,0.6153846153846154,0.6109250398724082,0.3703703703703703,0.3759920634920635,0.9328530430793762,249.0,f1,0.6109250398724082
Airports-Brazil,SDRF,gat,12373,0.25,0.5769230769230769,0.5736322501028384,0.1851851851851851,0.1903711484593837,1.593161702156067,148.0,f1,0.5736322501028384
Airports-Brazil,SDRF,gat,12373,0.4,0.6153846153846154,0.6098484848484849,0.2222222222222222,0.2468253968253968,0.5630418658256531,158.0,f1,0.6098484848484849
Airports-Brazil,SDRF,gat,12373,0.55,0.6538461538461539,0.6446969696969697,0.4074074074074074,0.3848178137651822,0.7196292877197266,184.0,f1,0.6446969696969697
Airports-Brazil,SDRF,gat,12374,0.0,0.5769230769230769,0.5782967032967032,0.4074074074074074,0.4389952153110047,0.1378142833709716,298.0,f1,0.5782967032967032
Airports-Brazil,SDRF,gat,12374,0.1,0.6923076923076923,0.6875457875457875,0.4444444444444444,0.4523809523809524,0.4544224739074707,156.0,f1,0.6875457875457875
Airports-Brazil,SDRF,gat,12374,0.25,0.6923076923076923,0.6923076923076923,0.4444444444444444,0.4499389499389499,0.6407366394996643,156.0,f1,0.6923076923076923
Airports-Brazil,SDRF,gat,12374,0.4,0.5769230769230769,0.5850815850815851,0.4814814814814814,0.4662878787878788,1.571881651878357,135.0,f1,0.5850815850815851
Airports-Brazil,SDRF,gat,12374,0.55,0.6153846153846154,0.6093604108309991,0.3703703703703703,0.3975681181563534,0.8215745687484741,98.0,f1,0.6093604108309991
Airports-Brazil,DiffWire CT,gcn,12345,,0.6923076923076923,0.7117965367965369,0.5555555555555556,0.5285714285714286,0.7676659226417542,86.0,f1,0.7117965367965369
Airports-Brazil,DiffWire CT,gcn,12346,,0.5,0.4837662337662337,0.5185185185185185,0.5166666666666666,0.6703551411628723,82.0,f1,0.4837662337662337
Airports-Brazil,DiffWire CT,gcn,12347,,0.6538461538461539,0.6415055532702592,0.6296296296296297,0.6004159239453357,0.8895268440246582,46.0,f1,0.6415055532702592
Airports-Brazil,DiffWire CT,gcn,12348,,0.5384615384615384,0.4675716440422323,0.4444444444444444,0.429978354978355,0.7804950475692749,65.0,f1,0.4675716440422323
Airports-Brazil,DiffWire CT,gcn,12349,,0.5769230769230769,0.5661838161838162,0.4444444444444444,0.4419191919191919,1.0109295845031738,36.0,f1,0.5661838161838162
Airports-Brazil,DiffWire CT,gcn,12350,,0.6153846153846154,0.587202380952381,0.5185185185185185,0.5164835164835164,0.6149092316627502,71.0,f1,0.587202380952381
Airports-Brazil,DiffWire CT,gcn,12351,,0.5769230769230769,0.5505793226381461,0.5925925925925926,0.5856227106227107,0.4931865632534027,198.0,f1,0.5505793226381461
Airports-Brazil,DiffWire CT,gcn,12352,,0.6538461538461539,0.6375457875457876,0.4444444444444444,0.4607627666451196,0.8337826728820801,59.0,f1,0.6375457875457876
Airports-Brazil,DiffWire CT,gcn,12353,,0.6538461538461539,0.6455128205128206,0.4444444444444444,0.4364468864468864,0.8853256106376648,56.0,f1,0.6455128205128206
Airports-Brazil,DiffWire CT,gcn,12354,,0.6538461538461539,0.6349206349206349,0.4444444444444444,0.3687343358395989,0.7713782787322998,58.0,f1,0.6349206349206349
Airports-Brazil,DiffWire CT,gcn,12355,,0.5384615384615384,0.5361471861471861,0.5925925925925926,0.5627705627705627,0.67247074842453,88.0,f1,0.5361471861471861
Airports-Brazil,DiffWire CT,gcn,12356,,0.5769230769230769,0.5829170829170829,0.5925925925925926,0.5863095238095238,0.5464746952056885,132.0,f1,0.5829170829170829
Airports-Brazil,DiffWire CT,gcn,12357,,0.5769230769230769,0.562004662004662,0.5185185185185185,0.5133928571428571,0.5035544633865356,263.0,f1,0.562004662004662
Airports-Brazil,DiffWire CT,gcn,12358,,0.4615384615384615,0.4752747252747252,0.5555555555555556,0.5636302294197031,0.6992307305335999,74.0,f1,0.4752747252747252
Airports-Brazil,DiffWire CT,gcn,12359,,0.6153846153846154,0.6163315850815851,0.6296296296296297,0.603615134865135,0.6159353256225586,134.0,f1,0.6163315850815851
Airports-Brazil,DiffWire CT,gcn,12360,,0.5384615384615384,0.5126984126984128,0.4444444444444444,0.4502747252747252,0.4855846464633941,357.0,f1,0.5126984126984128
Airports-Brazil,DiffWire CT,gcn,12361,,0.6538461538461539,0.5978015448603684,0.4444444444444444,0.3768568033273916,1.0125724077224731,36.0,f1,0.5978015448603684
Airports-Brazil,DiffWire CT,gcn,12362,,0.5769230769230769,0.5723443223443223,0.5925925925925926,0.5752136752136753,0.5636413097381592,160.0,f1,0.5723443223443223
Airports-Brazil,DiffWire CT,gcn,12363,,0.6538461538461539,0.6354929792429792,0.6296296296296297,0.6220238095238095,0.8021363615989685,78.0,f1,0.6354929792429792
Airports-Brazil,DiffWire CT,gcn,12364,,0.6538461538461539,0.6440559440559441,0.4444444444444444,0.4432900432900433,0.9526362419128418,39.0,f1,0.6440559440559441
Airports-Brazil,DiffWire CT,gcn,12365,,0.4230769230769231,0.4275724275724276,0.4814814814814814,0.4876858435681965,0.6317875385284424,65.0,f1,0.4275724275724276
Airports-Brazil,DiffWire CT,gcn,12366,,0.5384615384615384,0.483288770053476,0.4444444444444444,0.4032738095238095,0.6251602172851562,118.0,f1,0.483288770053476
Airports-Brazil,DiffWire CT,gcn,12367,,0.5769230769230769,0.5634920634920635,0.5555555555555556,0.5284090909090909,0.5607376098632812,158.0,f1,0.5634920634920635
Airports-Brazil,DiffWire CT,gcn,12368,,0.4615384615384615,0.4438061938061938,0.4814814814814814,0.4571549773755656,0.7214775085449219,57.0,f1,0.4438061938061938
Airports-Brazil,DiffWire CT,gcn,12369,,0.4615384615384615,0.4256854256854256,0.5555555555555556,0.5196969696969697,0.64259272813797,106.0,f1,0.4256854256854256
Airports-Brazil,DiffWire CT,gcn,12370,,0.6153846153846154,0.6208874458874458,0.4814814814814814,0.488235294117647,0.5102369785308838,371.0,f1,0.6208874458874458
Airports-Brazil,DiffWire CT,gcn,12371,,0.5,0.5017482517482518,0.2962962962962963,0.2923076923076923,0.6240910887718201,180.0,f1,0.5017482517482518
Airports-Brazil,DiffWire CT,gcn,12372,,0.5384615384615384,0.5136904761904763,0.6296296296296297,0.6365693130399013,0.658539354801178,81.0,f1,0.5136904761904763
Airports-Brazil,DiffWire CT,gcn,12373,,0.6923076923076923,0.671780303030303,0.4444444444444444,0.4226998491704374,0.6216847896575928,140.0,f1,0.671780303030303
Airports-Brazil,DiffWire CT,gcn,12374,,0.6923076923076923,0.6880952380952381,0.5925925925925926,0.5561868686868687,0.6251690983772278,165.0,f1,0.6880952380952381
Airports-Europe,SDRF,gcn,12345,0.0,0.5875,0.5728517004366726,0.475,0.4728212356119332,0.2671774625778198,249.0,f1,0.5728517004366726
Airports-Europe,SDRF,gcn,12345,0.1,0.575,0.5565220414406897,0.5,0.5032942203994836,0.188886672258377,325.0,f1,0.5565220414406897
Airports-Europe,SDRF,gcn,12345,0.25,0.5875,0.5728517004366726,0.525,0.5303177120037585,0.2079070061445236,299.0,f1,0.5728517004366726
Airports-Europe,SDRF,gcn,12345,0.4,0.5875,0.571994671994672,0.4875,0.4773729194781826,0.2582354247570038,210.0,f1,0.571994671994672
Airports-Europe,SDRF,gcn,12345,0.55,0.575,0.5588235294117647,0.5125,0.5082544705496015,0.4023905098438263,125.0,f1,0.5588235294117647
Airports-Europe,SDRF,gcn,12346,0.0,0.4875,0.4695973298880275,0.525,0.4882000903342367,0.2153211086988449,194.0,f1,0.4695973298880275
Airports-Europe,SDRF,gcn,12346,0.1,0.4875,0.4724302388821487,0.5125,0.4710704729456504,0.2511158287525177,182.0,f1,0.4724302388821487
Airports-Europe,SDRF,gcn,12346,0.25,0.5,0.4817508710801393,0.5,0.466517809859566,0.3130296468734741,139.0,f1,0.4817508710801393
Airports-Europe,SDRF,gcn,12346,0.4,0.475,0.4568764568764569,0.5,0.4654567815905026,0.3164113759994507,139.0,f1,0.4568764568764569
Airports-Europe,SDRF,gcn,12346,0.55,0.475,0.4635808995198449,0.45,0.4358527131782945,0.1832319796085357,231.0,f1,0.4635808995198449
Airports-Europe,SDRF,gcn,12347,0.0,0.55,0.5195114662742895,0.4125,0.3765327490937246,0.4187687933444977,111.0,f1,0.5195114662742895
Airports-Europe,SDRF,gcn,12347,0.1,0.5375,0.5110091346693976,0.425,0.399559620596206,0.3922828733921051,137.0,f1,0.5110091346693976
Airports-Europe,SDRF,gcn,12347,0.25,0.55,0.5282393397987586,0.425,0.3971391547049441,0.4120449125766754,111.0,f1,0.5282393397987586
Airports-Europe,SDRF,gcn,12347,0.4,0.55,0.5299374236874237,0.35,0.3144787644787645,0.4256163537502289,111.0,f1,0.5299374236874237
Airports-Europe,SDRF,gcn,12347,0.55,0.5625,0.5369379459100714,0.4125,0.3823232323232323,0.2883438169956207,184.0,f1,0.5369379459100714
Airports-Europe,SDRF,gcn,12348,0.0,0.6125,0.5983782841199721,0.4875,0.4313204508856683,0.303168922662735,199.0,f1,0.5983782841199721
Airports-Europe,SDRF,gcn,12348,0.1,0.6125,0.6035196687370601,0.4375,0.4123371429142794,0.1406386494636535,384.0,f1,0.6035196687370601
Airports-Europe,SDRF,gcn,12348,0.25,0.6,0.5901178622231255,0.4375,0.3944669913419913,0.2749063670635223,194.0,f1,0.5901178622231255
Airports-Europe,SDRF,gcn,12348,0.4,0.575,0.5855753943989238,0.4,0.3878146602321637,0.1333976984024047,379.0,f1,0.5855753943989238
Airports-Europe,SDRF,gcn,12348,0.55,0.6125,0.6035028383865593,0.425,0.3799171006769214,0.1431100368499755,382.0,f1,0.6035028383865593
Airports-Europe,SDRF,gcn,12349,0.0,0.625,0.6242364655677349,0.525,0.5157846922552805,0.2320674806833267,324.0,f1,0.6242364655677349
Airports-Europe,SDRF,gcn,12349,0.1,0.6125,0.6160401415536204,0.4125,0.413832466006379,0.1954682618379593,310.0,f1,0.6160401415536204
Airports-Europe,SDRF,gcn,12349,0.25,0.6125,0.6178245553245554,0.45,0.4566649135109865,0.245765283703804,251.0,f1,0.6178245553245554
Airports-Europe,SDRF,gcn,12349,0.4,0.6375,0.635771744595274,0.425,0.4237275882012724,0.2087357491254806,333.0,f1,0.635771744595274
Airports-Europe,SDRF,gcn,12349,0.55,0.625,0.6274861364712248,0.375,0.3701330532212885,0.217324748635292,325.0,f1,0.6274861364712248
Airports-Europe,SDRF,gcn,12350,0.0,0.5125,0.5092940685045948,0.475,0.4577352472089313,0.3184215128421783,157.0,f1,0.5092940685045948
Airports-Europe,SDRF,gcn,12350,0.1,0.5375,0.5347662988640433,0.5,0.4838731240296705,0.3455916345119476,149.0,f1,0.5347662988640433
Airports-Europe,SDRF,gcn,12350,0.25,0.5,0.4965686274509804,0.4625,0.4522501308215593,0.3220347762107849,141.0,f1,0.4965686274509804
Airports-Europe,SDRF,gcn,12350,0.4,0.5,0.4915070709232015,0.5375,0.5219917394506998,0.3823660314083099,134.0,f1,0.4915070709232015
Airports-Europe,SDRF,gcn,12350,0.55,0.5125,0.474079620406515,0.425,0.3790748834984929,0.3646833896636963,121.0,f1,0.474079620406515
Airports-Europe,SDRF,gcn,12351,0.0,0.5125,0.4941065732991199,0.4625,0.4247194209499024,0.1583904772996902,376.0,f1,0.4941065732991199
Airports-Europe,SDRF,gcn,12351,0.1,0.525,0.5127979523276276,0.5125,0.4838219770666887,0.2419783473014831,224.0,f1,0.5127979523276276
Airports-Europe,SDRF,gcn,12351,0.25,0.525,0.5195083491353218,0.575,0.5683317932666024,0.223673403263092,248.0,f1,0.5195083491353218
Airports-Europe,SDRF,gcn,12351,0.4,0.5,0.5018977435763663,0.4875,0.4898452611218569,0.1637113094329834,395.0,f1,0.5018977435763663
Airports-Europe,SDRF,gcn,12351,0.55,0.5125,0.5018609229290474,0.6,0.58119280468167,0.140376940369606,395.0,f1,0.5018609229290474
Airports-Europe,SDRF,gcn,12352,0.0,0.5125,0.4884825042433738,0.4,0.3491012706022848,0.2264141589403152,259.0,f1,0.4884825042433738
Airports-Europe,SDRF,gcn,12352,0.1,0.55,0.5344286363193926,0.5,0.4756216577540107,0.3501860499382019,117.0,f1,0.5344286363193926
Airports-Europe,SDRF,gcn,12352,0.25,0.525,0.5178328867141097,0.5,0.4781317204301075,0.3399819433689117,119.0,f1,0.5178328867141097
Airports-Europe,SDRF,gcn,12352,0.4,0.5375,0.522305683406966,0.5125,0.4968817392318004,0.3850847482681274,110.0,f1,0.522305683406966
Airports-Europe,SDRF,gcn,12352,0.55,0.525,0.5165711165711165,0.5375,0.5219213136617488,0.3373968005180359,117.0,f1,0.5165711165711165
Airports-Europe,SDRF,gcn,12353,0.0,0.5375,0.5041345410476608,0.4125,0.3677750410509031,0.339331567287445,168.0,f1,0.5041345410476608
Airports-Europe,SDRF,gcn,12353,0.1,0.5375,0.5103226227795193,0.4,0.375222396650968,0.2405473291873932,243.0,f1,0.5103226227795193
Airports-Europe,SDRF,gcn,12353,0.25,0.5375,0.5066093789930999,0.4875,0.4536949088145896,0.4063575565814972,120.0,f1,0.5066093789930999
Airports-Europe,SDRF,gcn,12353,0.4,0.55,0.5218428014480646,0.4625,0.444992550658673,0.387388527393341,140.0,f1,0.5218428014480646
Airports-Europe,SDRF,gcn,12353,0.55,0.55,0.5305555555555556,0.45,0.4298752834467119,0.3541477620601654,145.0,f1,0.5305555555555556
Airports-Europe,SDRF,gcn,12354,0.0,0.525,0.5217462624584718,0.45,0.4277837496587496,0.1500568985939026,314.0,f1,0.5217462624584718
Airports-Europe,SDRF,gcn,12354,0.1,0.55,0.5346062667491238,0.4625,0.4169347627176983,0.2354162335395813,269.0,f1,0.5346062667491238
Airports-Europe,SDRF,gcn,12354,0.25,0.525,0.5186208468436253,0.4875,0.4693952898740133,0.1883361488580703,244.0,f1,0.5186208468436253
Airports-Europe,SDRF,gcn,12354,0.4,0.525,0.5075763184217107,0.4625,0.4283510638297872,0.1132001280784607,391.0,f1,0.5075763184217107
Airports-Europe,SDRF,gcn,12354,0.55,0.55,0.5322916666666666,0.4625,0.4382682383298146,0.1427506953477859,396.0,f1,0.5322916666666666
Airports-Europe,SDRF,gcn,12355,0.0,0.5375,0.5168338907469343,0.5,0.4958265013322402,0.1873780190944671,356.0,f1,0.5168338907469343
Airports-Europe,SDRF,gcn,12355,0.1,0.525,0.5007548309178744,0.475,0.4730040249909888,0.2276984006166458,340.0,f1,0.5007548309178744
Airports-Europe,SDRF,gcn,12355,0.25,0.525,0.4933473458785271,0.4625,0.4584726867335563,0.1701830327510833,376.0,f1,0.4933473458785271
Airports-Europe,SDRF,gcn,12355,0.4,0.525,0.5037718320327016,0.4125,0.4155885780885781,0.2243907451629638,301.0,f1,0.5037718320327016
Airports-Europe,SDRF,gcn,12355,0.55,0.5125,0.4789043276885222,0.4625,0.4525239225700055,0.1881674379110336,313.0,f1,0.4789043276885222
Airports-Europe,SDRF,gcn,12356,0.0,0.6125,0.6090947964723974,0.35,0.3330884028252449,0.2563632428646087,175.0,f1,0.6090947964723974
Airports-Europe,SDRF,gcn,12356,0.1,0.6125,0.6043469358686749,0.425,0.3897912342121841,0.2654649019241333,171.0,f1,0.6043469358686749
Airports-Europe,SDRF,gcn,12356,0.25,0.625,0.6155239687848384,0.375,0.3329502395335045,0.2392763495445251,177.0,f1,0.6155239687848384
Airports-Europe,SDRF,gcn,12356,0.4,0.6125,0.6186021747564573,0.3625,0.3497263605959258,0.2313737720251083,214.0,f1,0.6186021747564573
Airports-Europe,SDRF,gcn,12356,0.55,0.6,0.5917712008996083,0.3375,0.30487677901471,0.1410713195800781,267.0,f1,0.5917712008996083
Airports-Europe,SDRF,gcn,12357,0.0,0.4875,0.4825496115182826,0.45,0.4423737373737373,0.2912847101688385,200.0,f1,0.4825496115182826
Airports-Europe,SDRF,gcn,12357,0.1,0.5,0.4985231445056386,0.4875,0.4630894114738891,0.3275757730007171,174.0,f1,0.4985231445056386
Airports-Europe,SDRF,gcn,12357,0.25,0.525,0.4972685857119819,0.4625,0.4174810373836545,0.3281696736812591,175.0,f1,0.4972685857119819
Airports-Europe,SDRF,gcn,12357,0.4,0.5,0.4966577540106952,0.525,0.5052894702334121,0.3371497690677643,149.0,f1,0.4966577540106952
Airports-Europe,SDRF,gcn,12357,0.55,0.525,0.4956572465646875,0.4875,0.4558756684491979,0.4177795052528381,117.0,f1,0.4956572465646875
Airports-Europe,SDRF,gcn,12358,0.0,0.475,0.4619786283251827,0.4125,0.4070046466623912,0.3901976644992828,120.0,f1,0.4619786283251827
Airports-Europe,SDRF,gcn,12358,0.1,0.475,0.476222237621704,0.4625,0.4315565948601663,0.4170303344726562,121.0,f1,0.476222237621704
Airports-Europe,SDRF,gcn,12358,0.25,0.5125,0.5140340689121177,0.4375,0.4221355881062102,0.4198730289936065,121.0,f1,0.5140340689121177
Airports-Europe,SDRF,gcn,12358,0.4,0.4625,0.464115711456137,0.4625,0.4468678380443086,0.4091575741767883,121.0,f1,0.464115711456137
Airports-Europe,SDRF,gcn,12358,0.55,0.4375,0.4336486035384444,0.4625,0.455622009569378,0.396770715713501,120.0,f1,0.4336486035384444
Airports-Europe,SDRF,gcn,12359,0.0,0.55,0.5314935064935065,0.4375,0.3948688566335625,0.2865013778209686,180.0,f1,0.5314935064935065
Airports-Europe,SDRF,gcn,12359,0.1,0.55,0.5462676962676962,0.4625,0.4358457853122487,0.3405531048774719,146.0,f1,0.5462676962676962
Airports-Europe,SDRF,gcn,12359,0.25,0.5875,0.5765918478684436,0.4625,0.4274447159533933,0.432943731546402,131.0,f1,0.5765918478684436
Airports-Europe,SDRF,gcn,12359,0.4,0.5375,0.5215716721471197,0.4625,0.4270719040304294,0.2855426967144012,183.0,f1,0.5215716721471197
Airports-Europe,SDRF,gcn,12359,0.55,0.525,0.5200856491179072,0.5125,0.4821360000548567,0.2357473820447921,232.0,f1,0.5200856491179072
Airports-Europe,SDRF,gcn,12360,0.0,0.4875,0.476594727462053,0.375,0.3879979203327467,0.1866642981767654,385.0,f1,0.476594727462053
Airports-Europe,SDRF,gcn,12360,0.1,0.5,0.4908697861953377,0.4125,0.4138300335289462,0.1723018288612365,385.0,f1,0.4908697861953377
Airports-Europe,SDRF,gcn,12360,0.25,0.5375,0.5195904257311454,0.45,0.4441663285318185,0.2399295568466186,253.0,f1,0.5195904257311454
Airports-Europe,SDRF,gcn,12360,0.4,0.5125,0.4980266244428806,0.4875,0.4821227477477477,0.2791789770126343,220.0,f1,0.4980266244428806
Airports-Europe,SDRF,gcn,12360,0.55,0.525,0.5117458013684429,0.475,0.4654970760233917,0.2741736769676208,221.0,f1,0.5117458013684429
Airports-Europe,SDRF,gcn,12361,0.0,0.5875,0.5917735042735043,0.4875,0.4973290598290598,0.3109894096851349,172.0,f1,0.5917735042735043
Airports-Europe,SDRF,gcn,12361,0.1,0.6125,0.6127100840336135,0.5125,0.5220318688403796,0.1977520585060119,284.0,f1,0.6127100840336135
Airports-Europe,SDRF,gcn,12361,0.25,0.6,0.5825756334387796,0.5375,0.5283466963033526,0.236133798956871,251.0,f1,0.5825756334387796
Airports-Europe,SDRF,gcn,12361,0.4,0.6125,0.5953441229891022,0.5625,0.5650890437475804,0.4004310369491577,139.0,f1,0.5953441229891022
Airports-Europe,SDRF,gcn,12361,0.55,0.6125,0.6022727272727273,0.5875,0.5767352976655302,0.4411297440528869,132.0,f1,0.6022727272727273
Airports-Europe,SDRF,gcn,12362,0.0,0.5125,0.4971558564774883,0.4,0.3900579246978927,0.2613897919654846,264.0,f1,0.4971558564774883
Airports-Europe,SDRF,gcn,12362,0.1,0.5125,0.4991719294044876,0.425,0.4171765734265734,0.4169983565807342,158.0,f1,0.4991719294044876
Airports-Europe,SDRF,gcn,12362,0.25,0.5125,0.5009615384615385,0.4625,0.4580882352941177,0.4632342457771301,125.0,f1,0.5009615384615385
Airports-Europe,SDRF,gcn,12362,0.4,0.5,0.4795878585352269,0.45,0.4390051108801108,0.2619741559028625,268.0,f1,0.4795878585352269
Airports-Europe,SDRF,gcn,12362,0.55,0.5,0.4753546099290781,0.4625,0.4506851489610111,0.3848039507865906,177.0,f1,0.4753546099290781
Airports-Europe,SDRF,gcn,12363,0.0,0.5125,0.4815710872162485,0.45,0.4256222639149468,0.3447746932506561,178.0,f1,0.4815710872162485
Airports-Europe,SDRF,gcn,12363,0.1,0.4875,0.4599481834775952,0.4375,0.4138973771326712,0.4036484658718109,132.0,f1,0.4599481834775952
Airports-Europe,SDRF,gcn,12363,0.25,0.5,0.476486013986014,0.4375,0.4204972633544062,0.3389052748680115,165.0,f1,0.476486013986014
Airports-Europe,SDRF,gcn,12363,0.4,0.475,0.4601511210206862,0.475,0.4462733720180528,0.4427176713943481,123.0,f1,0.4601511210206862
Airports-Europe,SDRF,gcn,12363,0.55,0.4625,0.4306878306878307,0.4,0.3772619047619048,0.38801309466362,146.0,f1,0.4306878306878307
Airports-Europe,SDRF,gcn,12364,0.0,0.5875,0.5778636737939064,0.475,0.4811594584166404,0.2681292593479156,207.0,f1,0.5778636737939064
Airports-Europe,SDRF,gcn,12364,0.1,0.625,0.6062782805429865,0.4375,0.408354996258222,0.3989944756031036,134.0,f1,0.6062782805429865
Airports-Europe,SDRF,gcn,12364,0.25,0.6,0.5856091074208615,0.4125,0.4134170653907496,0.4024832248687744,145.0,f1,0.5856091074208615
Airports-Europe,SDRF,gcn,12364,0.4,0.6125,0.5971176001417937,0.425,0.4190280367466135,0.3964919447898865,145.0,f1,0.5971176001417937
Airports-Europe,SDRF,gcn,12364,0.55,0.5625,0.563588850174216,0.3625,0.3612463057284789,0.3560742437839508,151.0,f1,0.563588850174216
Airports-Europe,SDRF,gcn,12365,0.0,0.5375,0.5218302361595044,0.45,0.4343508528291137,0.3680912554264068,127.0,f1,0.5218302361595044
Airports-Europe,SDRF,gcn,12365,0.1,0.525,0.501271645021645,0.5,0.4940205627705628,0.3759743571281433,134.0,f1,0.501271645021645
Airports-Europe,SDRF,gcn,12365,0.25,0.525,0.5157758737930096,0.4625,0.4465663112266457,0.1532460749149322,356.0,f1,0.5157758737930096
Airports-Europe,SDRF,gcn,12365,0.4,0.525,0.5240082914501518,0.45,0.4426104676104676,0.1898134648799896,285.0,f1,0.5240082914501518
Airports-Europe,SDRF,gcn,12365,0.55,0.5375,0.5442546583850931,0.45,0.4440813914218169,0.2774273157119751,191.0,f1,0.5442546583850931
Airports-Europe,SDRF,gcn,12366,0.0,0.5,0.4942677817677817,0.4625,0.4615225853030731,0.4881509244441986,106.0,f1,0.4942677817677817
Airports-Europe,SDRF,gcn,12366,0.1,0.5375,0.5046087773590301,0.5,0.4528875044185224,0.4779280424118042,107.0,f1,0.5046087773590301
Airports-Europe,SDRF,gcn,12366,0.25,0.5125,0.4889566519931524,0.525,0.5048824372008525,0.3482595086097717,172.0,f1,0.4889566519931524
Airports-Europe,SDRF,gcn,12366,0.4,0.5375,0.5082110484579538,0.5,0.4546273101864874,0.4696514308452606,107.0,f1,0.5082110484579538
Airports-Europe,SDRF,gcn,12366,0.55,0.525,0.4848617756512493,0.5625,0.521686691812588,0.4558971226215362,112.0,f1,0.4848617756512493
Airports-Europe,SDRF,gcn,12367,0.0,0.5625,0.5572669200717981,0.5125,0.5107989836250706,0.2001032829284668,225.0,f1,0.5572669200717981
Airports-Europe,SDRF,gcn,12367,0.1,0.55,0.5549712192569335,0.4125,0.4187311837340198,0.1654315888881683,305.0,f1,0.5549712192569335
Airports-Europe,SDRF,gcn,12367,0.25,0.5875,0.5789059954382535,0.45,0.4486542907015143,0.2657321691513061,210.0,f1,0.5789059954382535
Airports-Europe,SDRF,gcn,12367,0.4,0.575,0.560797722613992,0.4,0.4047444892272478,0.1509771049022674,305.0,f1,0.560797722613992
Airports-Europe,SDRF,gcn,12367,0.55,0.575,0.5661202661721603,0.425,0.4237296747967479,0.2017681449651718,229.0,f1,0.5661202661721603
Airports-Europe,SDRF,gcn,12368,0.0,0.5875,0.5883458646616541,0.525,0.5290008490742885,0.4240444302558899,112.0,f1,0.5883458646616541
Airports-Europe,SDRF,gcn,12368,0.1,0.6,0.592479674796748,0.5,0.4942508710801393,0.4172790944576263,110.0,f1,0.592479674796748
Airports-Europe,SDRF,gcn,12368,0.25,0.6125,0.5994172494172494,0.4625,0.4441510870082298,0.4236496090888977,110.0,f1,0.5994172494172494
Airports-Europe,SDRF,gcn,12368,0.4,0.6,0.591424887169568,0.4875,0.4897109736647606,0.4007997810840606,109.0,f1,0.591424887169568
Airports-Europe,SDRF,gcn,12368,0.55,0.575,0.5686098173552274,0.55,0.5385711018235502,0.4159122109413147,108.0,f1,0.5686098173552274
Airports-Europe,SDRF,gcn,12369,0.0,0.5875,0.5706521739130435,0.5,0.4739264982893169,0.4880540668964386,119.0,f1,0.5706521739130435
Airports-Europe,SDRF,gcn,12369,0.1,0.5875,0.5748904052936311,0.5125,0.4814263322884012,0.4886612296104431,119.0,f1,0.5748904052936311
Airports-Europe,SDRF,gcn,12369,0.25,0.575,0.5525307125307125,0.4625,0.4172115384615384,0.5234384536743164,104.0,f1,0.5525307125307125
Airports-Europe,SDRF,gcn,12369,0.4,0.575,0.5581362612612613,0.5125,0.4816083306936965,0.4803262948989868,120.0,f1,0.5581362612612613
Airports-Europe,SDRF,gcn,12369,0.55,0.575,0.5587622549019609,0.475,0.4548544375353307,0.2096260637044906,349.0,f1,0.5587622549019609
Airports-Europe,SDRF,gcn,12370,0.0,0.575,0.5664943409765485,0.375,0.3507414571244359,0.458111047744751,117.0,f1,0.5664943409765485
Airports-Europe,SDRF,gcn,12370,0.1,0.5875,0.5763139621835274,0.375,0.3514917083434164,0.348861426115036,169.0,f1,0.5763139621835274
Airports-Europe,SDRF,gcn,12370,0.25,0.575,0.5694915118256795,0.375,0.3714494982787666,0.3996060192584991,131.0,f1,0.5694915118256795
Airports-Europe,SDRF,gcn,12370,0.4,0.5875,0.5758335592301437,0.4,0.3766426783479349,0.3251615464687347,181.0,f1,0.5758335592301437
Airports-Europe,SDRF,gcn,12370,0.55,0.575,0.5664764972202803,0.375,0.3732532051282051,0.2146563231945037,395.0,f1,0.5664764972202803
Airports-Europe,SDRF,gcn,12371,0.0,0.525,0.4973954025365315,0.4375,0.4042211328976035,0.3823572397232055,118.0,f1,0.4973954025365315
Airports-Europe,SDRF,gcn,12371,0.1,0.5375,0.5140698999394652,0.45,0.4171802054154995,0.1658624112606048,320.0,f1,0.5140698999394652
Airports-Europe,SDRF,gcn,12371,0.25,0.5375,0.5365448424607739,0.4125,0.3880427170868347,0.4067126512527466,112.0,f1,0.5365448424607739
Airports-Europe,SDRF,gcn,12371,0.4,0.5125,0.4985041190923543,0.45,0.4066742695774953,0.1596965938806533,325.0,f1,0.4985041190923543
Airports-Europe,SDRF,gcn,12371,0.55,0.5375,0.515147706324177,0.4,0.3613941458261233,0.4261846542358398,105.0,f1,0.515147706324177
Airports-Europe,SDRF,gcn,12372,0.0,0.5875,0.5810204653770675,0.4,0.3819169960474308,0.1588089019060135,394.0,f1,0.5810204653770675
Airports-Europe,SDRF,gcn,12372,0.1,0.575,0.5694805194805195,0.3875,0.3776800260671228,0.1486230045557022,394.0,f1,0.5694805194805195
Airports-Europe,SDRF,gcn,12372,0.25,0.625,0.6099308300395256,0.425,0.3988970588235294,0.4172451496124267,126.0,f1,0.6099308300395256
Airports-Europe,SDRF,gcn,12372,0.4,0.6,0.5964203817862355,0.35,0.350693913929208,0.204533502459526,294.0,f1,0.5964203817862355
Airports-Europe,SDRF,gcn,12372,0.55,0.6125,0.6118854045683314,0.3875,0.3721941037207354,0.1820954233407974,324.0,f1,0.6118854045683314
Airports-Europe,SDRF,gcn,12373,0.0,0.5875,0.5761083911328709,0.425,0.4109022556390977,0.1624033898115158,304.0,f1,0.5761083911328709
Airports-Europe,SDRF,gcn,12373,0.1,0.5625,0.5425235807599705,0.425,0.4094561369000786,0.1485121250152588,342.0,f1,0.5425235807599705
Airports-Europe,SDRF,gcn,12373,0.25,0.5875,0.5746486605182257,0.425,0.4036452002809064,0.096307523548603,369.0,f1,0.5746486605182257
Airports-Europe,SDRF,gcn,12373,0.4,0.55,0.547772206595736,0.425,0.41483258814265,0.1750401556491851,290.0,f1,0.547772206595736
Airports-Europe,SDRF,gcn,12373,0.55,0.55,0.5368252349384425,0.4625,0.4379514609325177,0.1114510670304298,356.0,f1,0.5368252349384425
Airports-Europe,SDRF,gcn,12374,0.0,0.5125,0.5001068376068376,0.5625,0.5441766924129745,0.4383354783058166,122.0,f1,0.5001068376068376
Airports-Europe,SDRF,gcn,12374,0.1,0.5125,0.5083385449239108,0.5625,0.5603819411746241,0.4118950366973877,131.0,f1,0.5083385449239108
Airports-Europe,SDRF,gcn,12374,0.25,0.5375,0.5313438438438438,0.5875,0.5771281254976908,0.4119439423084259,131.0,f1,0.5313438438438438
Airports-Europe,SDRF,gcn,12374,0.4,0.5375,0.5261800699300699,0.5125,0.4919757033248081,0.2423947900533676,321.0,f1,0.5261800699300699
Airports-Europe,SDRF,gcn,12374,0.55,0.55,0.5377599066457762,0.475,0.4601000351000351,0.1705271899700164,390.0,f1,0.5377599066457762
Airports-Europe,SDRF,sage,12345,0.0,0.5875,0.5745810407451362,0.5125,0.5002246485534427,0.5745435953140259,64.0,f1,0.5745810407451362
Airports-Europe,SDRF,sage,12345,0.1,0.5875,0.5777910685805423,0.525,0.5127864005912787,0.5194535851478577,66.0,f1,0.5777910685805423
Airports-Europe,SDRF,sage,12345,0.25,0.5625,0.5528716216216216,0.5375,0.527906976744186,0.5206442475318909,66.0,f1,0.5528716216216216
Airports-Europe,SDRF,sage,12345,0.4,0.5625,0.5528716216216216,0.5375,0.5252736726874658,0.4632308185100555,68.0,f1,0.5528716216216216
Airports-Europe,SDRF,sage,12345,0.55,0.5625,0.5528716216216216,0.55,0.5396239864563842,0.4644918441772461,68.0,f1,0.5528716216216216
Airports-Europe,SDRF,sage,12346,0.0,0.5,0.4793367346938775,0.5,0.451716674676306,1.2190067768096924,34.0,f1,0.4793367346938775
Airports-Europe,SDRF,sage,12346,0.1,0.5125,0.4927272727272728,0.5,0.4772136222910217,0.99122554063797,46.0,f1,0.4927272727272728
Airports-Europe,SDRF,sage,12346,0.25,0.4875,0.4728230112448021,0.475,0.453855580693816,0.9449352025985718,48.0,f1,0.4728230112448021
Airports-Europe,SDRF,sage,12346,0.4,0.475,0.4837458553540302,0.4625,0.4634531144700106,0.4517462849617004,66.0,f1,0.4837458553540302
Airports-Europe,SDRF,sage,12346,0.55,0.4875,0.493640886947175,0.45,0.4540221683078826,0.4520690143108368,66.0,f1,0.493640886947175
Airports-Europe,SDRF,sage,12347,0.0,0.4875,0.4819064656273958,0.425,0.4188954009782677,0.5218213200569153,64.0,f1,0.4819064656273958
Airports-Europe,SDRF,sage,12347,0.1,0.4875,0.4851020601020601,0.4125,0.4112781954887218,0.1464245468378067,83.0,f1,0.4851020601020601
Airports-Europe,SDRF,sage,12347,0.25,0.4875,0.4819059748680311,0.4125,0.4082571031059273,0.5469884872436523,63.0,f1,0.4819059748680311
Airports-Europe,SDRF,sage,12347,0.4,0.4875,0.4759501923984608,0.45,0.4481649069884363,0.0169203355908393,113.0,f1,0.4759501923984608
Airports-Europe,SDRF,sage,12347,0.55,0.5,0.4885482369557192,0.4375,0.4366420173533716,0.0031867860816419,189.0,f1,0.4885482369557192
Airports-Europe,SDRF,sage,12348,0.0,0.5375,0.5149480740912966,0.425,0.412235353411824,0.8310176134109497,54.0,f1,0.5149480740912966
Airports-Europe,SDRF,sage,12348,0.1,0.5375,0.5237511671335201,0.45,0.4411717797166713,0.6014080047607422,62.0,f1,0.5237511671335201
Airports-Europe,SDRF,sage,12348,0.25,0.5375,0.5244047619047619,0.45,0.4411717797166713,0.6044443845748901,62.0,f1,0.5244047619047619
Airports-Europe,SDRF,sage,12348,0.4,0.55,0.5203094777562862,0.425,0.4097222222222222,0.9438509941101074,50.0,f1,0.5203094777562862
Airports-Europe,SDRF,sage,12348,0.55,0.525,0.5171376877656069,0.45,0.443301055065761,0.603846549987793,62.0,f1,0.5171376877656069
Airports-Europe,SDRF,sage,12349,0.0,0.6,0.5855527984560243,0.3875,0.3584508905957193,0.8723291754722595,52.0,f1,0.5855527984560243
Airports-Europe,SDRF,sage,12349,0.1,0.6,0.5925361237861237,0.3875,0.3513071895424837,0.7367137670516968,57.0,f1,0.5925361237861237
Airports-Europe,SDRF,sage,12349,0.25,0.6,0.5925361237861237,0.4,0.369664385793418,0.7911295890808105,55.0,f1,0.5925361237861237
Airports-Europe,SDRF,sage,12349,0.4,0.6,0.5791713117800074,0.3875,0.3639661349265007,0.9815691709518432,48.0,f1,0.5791713117800074
Airports-Europe,SDRF,sage,12349,0.55,0.5875,0.563821008208389,0.3875,0.3604051265341587,0.9046074151992798,51.0,f1,0.563821008208389
Airports-Europe,SDRF,sage,12350,0.0,0.525,0.5248026315789474,0.5125,0.5017678621834682,0.5621711015701294,62.0,f1,0.5248026315789474
Airports-Europe,SDRF,sage,12350,0.1,0.5125,0.5072431077694235,0.5125,0.5044456762749446,0.5342211127281189,63.0,f1,0.5072431077694235
Airports-Europe,SDRF,sage,12350,0.25,0.525,0.5220272215888716,0.5375,0.5282048630262917,0.5050167441368103,64.0,f1,0.5220272215888716
Airports-Europe,SDRF,sage,12350,0.4,0.525,0.5228460318658914,0.5375,0.5282048630262917,0.4488439261913299,66.0,f1,0.5228460318658914
Airports-Europe,SDRF,sage,12350,0.55,0.5125,0.5128697093319734,0.525,0.5154166666666666,0.5048192739486694,64.0,f1,0.5128697093319734
Airports-Europe,SDRF,sage,12351,0.0,0.525,0.5245496840324426,0.4875,0.4842807924203273,0.4823753237724304,68.0,f1,0.5245496840324426
Airports-Europe,SDRF,sage,12351,0.1,0.525,0.5245496840324426,0.4875,0.4842807924203273,0.4846576452255249,68.0,f1,0.5245496840324426
Airports-Europe,SDRF,sage,12351,0.25,0.525,0.5272740569848113,0.5,0.4907111941995663,0.4531915187835693,69.0,f1,0.5272740569848113
Airports-Europe,SDRF,sage,12351,0.4,0.525,0.5269227175030371,0.5,0.4892452297246643,0.4432170391082763,70.0,f1,0.5269227175030371
Airports-Europe,SDRF,sage,12351,0.55,0.525,0.5272740569848113,0.5125,0.5097975882859604,0.443763792514801,70.0,f1,0.5272740569848113
Airports-Europe,SDRF,sage,12352,0.0,0.4875,0.497491115138174,0.475,0.4517640169814082,0.8953397870063782,51.0,f1,0.497491115138174
Airports-Europe,SDRF,sage,12352,0.1,0.5,0.506858340820605,0.475,0.4466550116550116,0.2771359980106354,74.0,f1,0.506858340820605
Airports-Europe,SDRF,sage,12352,0.25,0.5125,0.5232783882783882,0.4875,0.461060606060606,0.7390938401222229,57.0,f1,0.5232783882783882
Airports-Europe,SDRF,sage,12352,0.4,0.5125,0.5225990652306441,0.5,0.4746787696787697,0.7048678398132324,58.0,f1,0.5225990652306441
Airports-Europe,SDRF,sage,12352,0.55,0.5,0.5074053724053724,0.5,0.4746787696787697,0.7411168813705444,57.0,f1,0.5074053724053724
Airports-Europe,SDRF,sage,12353,0.0,0.475,0.4406084656084656,0.4625,0.4437352245862884,0.182202011346817,78.0,f1,0.4406084656084656
Airports-Europe,SDRF,sage,12353,0.1,0.4875,0.4610104807473228,0.475,0.4551101823708206,0.1818717420101165,78.0,f1,0.4610104807473228
Airports-Europe,SDRF,sage,12353,0.25,0.4875,0.4555804550868175,0.4375,0.4159380859215782,0.0665014311671257,90.0,f1,0.4555804550868175
Airports-Europe,SDRF,sage,12353,0.4,0.475,0.4429894179894179,0.4625,0.4392124665958337,0.0822475478053093,87.0,f1,0.4429894179894179
Airports-Europe,SDRF,sage,12353,0.55,0.4875,0.4520856087793208,0.4625,0.438183765260227,0.099522091448307,85.0,f1,0.4520856087793208
Airports-Europe,SDRF,sage,12354,0.0,0.5,0.4895833333333333,0.5,0.4796653991300089,0.1348461359739303,84.0,f1,0.4895833333333333
Airports-Europe,SDRF,sage,12354,0.1,0.5,0.4892773741567203,0.4875,0.4682276101767627,0.1230700016021728,85.0,f1,0.4892773741567203
Airports-Europe,SDRF,sage,12354,0.25,0.5125,0.5022594364699628,0.5125,0.4992063492063492,0.0018407148309051,251.0,f1,0.5022594364699628
Airports-Europe,SDRF,sage,12354,0.4,0.5,0.493065268065268,0.45,0.445110457158989,0.2772096395492553,75.0,f1,0.493065268065268
Airports-Europe,SDRF,sage,12354,0.55,0.5,0.493065268065268,0.45,0.4468393613554904,0.2762966752052307,75.0,f1,0.493065268065268
Airports-Europe,SDRF,sage,12355,0.0,0.525,0.5157090948487804,0.45,0.449207410236822,0.2547581493854522,75.0,f1,0.5157090948487804
Airports-Europe,SDRF,sage,12355,0.1,0.5125,0.502385265700483,0.4625,0.460312641609539,0.1316942125558853,83.0,f1,0.502385265700483
Airports-Europe,SDRF,sage,12355,0.25,0.5125,0.4996457538308113,0.4625,0.4651952214452214,0.2369511425495147,76.0,f1,0.4996457538308113
Airports-Europe,SDRF,sage,12355,0.4,0.525,0.5114892115345836,0.5,0.5000369254401512,0.1877141296863556,79.0,f1,0.5114892115345836
Airports-Europe,SDRF,sage,12355,0.55,0.5375,0.5203703703703704,0.4625,0.4600250626566415,0.1751447767019271,80.0,f1,0.5203703703703704
Airports-Europe,SDRF,sage,12356,0.0,0.5,0.5067717717717718,0.3875,0.3481784632300476,0.445413202047348,67.0,f1,0.5067717717717718
Airports-Europe,SDRF,sage,12356,0.1,0.5,0.5067717717717718,0.375,0.3386886982865156,0.4981456696987152,65.0,f1,0.5067717717717718
Airports-Europe,SDRF,sage,12356,0.25,0.5,0.5067717717717718,0.4,0.3589372949184322,0.5498183369636536,63.0,f1,0.5067717717717718
Airports-Europe,SDRF,sage,12356,0.4,0.5,0.506882957070927,0.4,0.3589372949184322,0.5491340160369873,63.0,f1,0.506882957070927
Airports-Europe,SDRF,sage,12356,0.55,0.5375,0.536001456506451,0.4125,0.3807017543859649,0.4190001487731933,68.0,f1,0.536001456506451
Airports-Europe,SDRF,sage,12357,0.0,0.45,0.4275350140056022,0.525,0.4966052731394497,0.016843095421791,116.0,f1,0.4275350140056022
Airports-Europe,SDRF,sage,12357,0.1,0.45,0.4441964285714286,0.525,0.5005829275185163,0.0289357379078865,107.0,f1,0.4441964285714286
Airports-Europe,SDRF,sage,12357,0.25,0.4625,0.4352922077922078,0.5,0.4792508417508417,0.0776750072836875,93.0,f1,0.4352922077922078
Airports-Europe,SDRF,sage,12357,0.4,0.4625,0.4466931956852037,0.5125,0.4935338050314465,0.098395712673664,90.0,f1,0.4466931956852037
Airports-Europe,SDRF,sage,12357,0.55,0.4875,0.4734267967026587,0.5125,0.4892401242021735,0.0290277805179357,107.0,f1,0.4734267967026587
Airports-Europe,SDRF,sage,12358,0.0,0.4875,0.4733843537414965,0.4375,0.4156615741981596,0.6740967631340027,61.0,f1,0.4733843537414965
Airports-Europe,SDRF,sage,12358,0.1,0.4875,0.4662730912730913,0.4,0.3731947464706086,0.7736474275588989,57.0,f1,0.4662730912730913
Airports-Europe,SDRF,sage,12358,0.25,0.5125,0.4948588988544593,0.4125,0.3901471749038779,0.7748584747314453,57.0,f1,0.4948588988544593
Airports-Europe,SDRF,sage,12358,0.4,0.5125,0.4950710108604845,0.425,0.4018883941442163,0.7558237910270691,58.0,f1,0.4950710108604845
Airports-Europe,SDRF,sage,12358,0.55,0.5,0.4807547715442452,0.3875,0.3598721386305074,0.7575569748878479,58.0,f1,0.4807547715442452
Airports-Europe,SDRF,sage,12359,0.0,0.625,0.6292033858998145,0.375,0.3603219696969696,0.0046038306318223,156.0,f1,0.6292033858998145
Airports-Europe,SDRF,sage,12359,0.1,0.625,0.6302513615416842,0.3625,0.345961131067514,0.0022864064667373,213.0,f1,0.6302513615416842
Airports-Europe,SDRF,sage,12359,0.25,0.6125,0.6151270053475936,0.375,0.3552498418722328,0.0029662931337952,187.0,f1,0.6151270053475936
Airports-Europe,SDRF,sage,12359,0.4,0.625,0.6313194444444444,0.4125,0.4179583574320415,0.282567948102951,73.0,f1,0.6313194444444444
Airports-Europe,SDRF,sage,12359,0.55,0.625,0.6329394257703082,0.4375,0.4373015873015873,0.2646945118904114,74.0,f1,0.6329394257703082
Airports-Europe,SDRF,sage,12360,0.0,0.4,0.3760821401731424,0.4375,0.4201565266845037,0.5059525966644287,64.0,f1,0.3760821401731424
Airports-Europe,SDRF,sage,12360,0.1,0.4125,0.3843434343434343,0.4,0.3768299031456926,0.6287321448326111,60.0,f1,0.3843434343434343
Airports-Europe,SDRF,sage,12360,0.25,0.375,0.3497314715359828,0.4375,0.416150529687115,0.6021548509597778,61.0,f1,0.3497314715359828
Airports-Europe,SDRF,sage,12360,0.4,0.3875,0.3492371580752911,0.45,0.4294337606837606,0.6961837410926819,58.0,f1,0.3492371580752911
Airports-Europe,SDRF,sage,12360,0.55,0.4,0.3648298687144414,0.4625,0.443361041474249,0.6983991861343384,58.0,f1,0.3648298687144414
Airports-Europe,SDRF,sage,12361,0.0,0.55,0.5520299145299146,0.425,0.4237009936023947,0.5695668458938599,63.0,f1,0.5520299145299146
Airports-Europe,SDRF,sage,12361,0.1,0.5375,0.5411493268636126,0.3625,0.3532530579799487,0.7121115326881409,58.0,f1,0.5411493268636126
Airports-Europe,SDRF,sage,12361,0.25,0.5375,0.5389957264957265,0.4125,0.4105835207288243,0.5734075307846069,63.0,f1,0.5389957264957265
Airports-Europe,SDRF,sage,12361,0.4,0.55,0.5521825396825397,0.4,0.3997743767096895,0.57416832447052,63.0,f1,0.5521825396825397
Airports-Europe,SDRF,sage,12361,0.55,0.5375,0.540151696129957,0.4,0.3979949874686717,0.5770859718322754,63.0,f1,0.540151696129957
Airports-Europe,SDRF,sage,12362,0.0,0.4375,0.4259178321678321,0.4875,0.4802511598144297,0.8346797227859497,53.0,f1,0.4259178321678321
Airports-Europe,SDRF,sage,12362,0.1,0.4375,0.4263593549307835,0.4875,0.4802511598144297,0.8350517153739929,53.0,f1,0.4263593549307835
Airports-Europe,SDRF,sage,12362,0.25,0.4625,0.454781388823942,0.4625,0.4563329054343175,0.7862205505371094,55.0,f1,0.454781388823942
Airports-Europe,SDRF,sage,12362,0.4,0.4375,0.4297434273044028,0.5,0.4965690429105063,0.5014516115188599,65.0,f1,0.4297434273044028
Airports-Europe,SDRF,sage,12362,0.55,0.45,0.4397153092006033,0.45,0.4410940981335841,0.8350549340248108,53.0,f1,0.4397153092006033
Airports-Europe,SDRF,sage,12363,0.0,0.4875,0.4681372549019608,0.4875,0.4770278992246956,1.0195863246917725,44.0,f1,0.4681372549019608
Airports-Europe,SDRF,sage,12363,0.1,0.4875,0.4681372549019608,0.475,0.4617405867405867,1.021267294883728,44.0,f1,0.4681372549019608
Airports-Europe,SDRF,sage,12363,0.25,0.5,0.4735133783445861,0.4625,0.4465073478784226,1.1258537769317627,39.0,f1,0.4735133783445861
Airports-Europe,SDRF,sage,12363,0.4,0.5,0.4735133783445861,0.45,0.432402825995263,1.1107721328735352,40.0,f1,0.4735133783445861
Airports-Europe,SDRF,sage,12363,0.55,0.4875,0.4609330904154609,0.4625,0.4460869919693449,1.1256853342056274,39.0,f1,0.4609330904154609
Airports-Europe,SDRF,sage,12364,0.0,0.55,0.542833266670476,0.4625,0.4579435664936402,0.6923139691352844,59.0,f1,0.542833266670476
Airports-Europe,SDRF,sage,12364,0.1,0.5375,0.527339768859489,0.4,0.3969191919191919,0.0054280674085021,151.0,f1,0.527339768859489
Airports-Europe,SDRF,sage,12364,0.25,0.55,0.5403978512674166,0.3625,0.354330263482929,0.0034479573369026,179.0,f1,0.5403978512674166
Airports-Europe,SDRF,sage,12364,0.4,0.5375,0.530952380952381,0.45,0.4380721692042446,0.7256948351860046,58.0,f1,0.530952380952381
Airports-Europe,SDRF,sage,12364,0.55,0.5375,0.5310772560772561,0.4375,0.4288811459543167,0.6989375948905945,59.0,f1,0.5310772560772561
Airports-Europe,SDRF,sage,12365,0.0,0.45,0.4295366795366795,0.4375,0.424763353617309,0.4484591484069824,67.0,f1,0.4295366795366795
Airports-Europe,SDRF,sage,12365,0.1,0.45,0.4295366795366795,0.4375,0.425762599469496,0.4480519890785217,67.0,f1,0.4295366795366795
Airports-Europe,SDRF,sage,12365,0.25,0.45,0.4349517584811702,0.4125,0.4047706231577199,0.6607356667518616,60.0,f1,0.4349517584811702
Airports-Europe,SDRF,sage,12365,0.4,0.45,0.4352534562211981,0.425,0.4284423037507686,0.6096435785293579,62.0,f1,0.4352534562211981
Airports-Europe,SDRF,sage,12365,0.55,0.45,0.4359788359788359,0.4125,0.4119475240206947,0.6107291579246521,62.0,f1,0.4359788359788359
Airports-Europe,SDRF,sage,12366,0.0,0.5375,0.5260413549584056,0.4625,0.4415182518630794,0.9303906559944152,50.0,f1,0.5260413549584056
Airports-Europe,SDRF,sage,12366,0.1,0.525,0.5150226757369615,0.4375,0.4134749311368319,0.9513470530509948,49.0,f1,0.5150226757369615
Airports-Europe,SDRF,sage,12366,0.25,0.5375,0.5170454545454545,0.4625,0.4394490644490645,0.4871740937232971,66.0,f1,0.5170454545454545
Airports-Europe,SDRF,sage,12366,0.4,0.525,0.5138398570230793,0.4375,0.4166912270360546,0.9305419325828552,50.0,f1,0.5138398570230793
Airports-Europe,SDRF,sage,12366,0.55,0.525,0.5113233665559247,0.45,0.435614068327317,0.8777124881744385,52.0,f1,0.5113233665559247
Airports-Europe,SDRF,sage,12367,0.0,0.55,0.5451514914476429,0.55,0.5489453903973002,0.1858289688825607,81.0,f1,0.5451514914476429
Airports-Europe,SDRF,sage,12367,0.1,0.5625,0.5548833218943033,0.55,0.5471842280457544,0.2876465916633606,75.0,f1,0.5548833218943033
Airports-Europe,SDRF,sage,12367,0.25,0.575,0.5681159420289855,0.5375,0.5366414454441483,0.307403564453125,74.0,f1,0.5681159420289855
Airports-Europe,SDRF,sage,12367,0.4,0.575,0.5681159420289855,0.55,0.5471842280457544,0.286902368068695,75.0,f1,0.5681159420289855
Airports-Europe,SDRF,sage,12367,0.55,0.5625,0.5568100358422939,0.5375,0.5354157844480425,0.2002330720424652,80.0,f1,0.5568100358422939
Airports-Europe,SDRF,sage,12368,0.0,0.425,0.41775633640553,0.5,0.4742125199362041,0.7460553646087646,58.0,f1,0.41775633640553
Airports-Europe,SDRF,sage,12368,0.1,0.4125,0.4023617511520737,0.5125,0.4902492938207223,0.7255913019180298,59.0,f1,0.4023617511520737
Airports-Europe,SDRF,sage,12368,0.25,0.4125,0.4005952380952381,0.4875,0.4605896328284472,0.2808585166931152,77.0,f1,0.4005952380952381
Airports-Europe,SDRF,sage,12368,0.4,0.4125,0.404192789968652,0.5125,0.4920918920593611,0.6691018342971802,61.0,f1,0.404192789968652
Airports-Europe,SDRF,sage,12368,0.55,0.425,0.4145610070229156,0.5125,0.4923795527243803,0.7290165424346924,59.0,f1,0.4145610070229156
Airports-Europe,SDRF,sage,12369,0.0,0.5375,0.5179064513429839,0.425,0.4175045978789597,0.8384572267532349,54.0,f1,0.5179064513429839
Airports-Europe,SDRF,sage,12369,0.1,0.5375,0.5164799253034547,0.4375,0.4319805194805195,0.2782433927059173,78.0,f1,0.5164799253034547
Airports-Europe,SDRF,sage,12369,0.25,0.5375,0.5181817500074992,0.4375,0.431084518064432,0.859893262386322,53.0,f1,0.5181817500074992
Airports-Europe,SDRF,sage,12369,0.4,0.5375,0.5200554323725056,0.4375,0.4339128741515522,0.7489582896232605,58.0,f1,0.5200554323725056
Airports-Europe,SDRF,sage,12369,0.55,0.525,0.5051523066228949,0.4125,0.3985797876462838,1.223889708518982,34.0,f1,0.5051523066228949
Airports-Europe,SDRF,sage,12370,0.0,0.5625,0.5705033811819129,0.4625,0.4308441558441558,0.035911064594984,97.0,f1,0.5705033811819129
Airports-Europe,SDRF,sage,12370,0.1,0.5625,0.5705033811819129,0.45,0.412037037037037,0.0356086306273937,97.0,f1,0.5705033811819129
Airports-Europe,SDRF,sage,12370,0.25,0.55,0.5582276468086779,0.425,0.3849336603156637,0.0311841312795877,99.0,f1,0.5582276468086779
Airports-Europe,SDRF,sage,12370,0.4,0.55,0.5582276468086779,0.4125,0.3750579747248751,0.0291002988815307,100.0,f1,0.5582276468086779
Airports-Europe,SDRF,sage,12370,0.55,0.55,0.5550262878846659,0.45,0.415119515147936,0.072668932378292,88.0,f1,0.5550262878846659
Airports-Europe,SDRF,sage,12371,0.0,0.5375,0.5327891922319167,0.3625,0.3323168498168498,0.7547643184661865,55.0,f1,0.5327891922319167
Airports-Europe,SDRF,sage,12371,0.1,0.5375,0.5311210010319917,0.3625,0.3351478343656066,1.0549720525741575,43.0,f1,0.5311210010319917
Airports-Europe,SDRF,sage,12371,0.25,0.5625,0.5576181315263062,0.35,0.3274509803921568,1.0552934408187866,43.0,f1,0.5576181315263062
Airports-Europe,SDRF,sage,12371,0.4,0.5625,0.5597744360902256,0.35,0.3171873280762883,0.7091425657272339,57.0,f1,0.5597744360902256
Airports-Europe,SDRF,sage,12371,0.55,0.5625,0.5591582294368672,0.375,0.335958815958816,0.7345266938209534,56.0,f1,0.5591582294368672
Airports-Europe,SDRF,sage,12372,0.0,0.45,0.4193121693121693,0.475,0.4449848243965891,0.1577027142047882,84.0,f1,0.4193121693121693
Airports-Europe,SDRF,sage,12372,0.1,0.4375,0.4070011187658247,0.5125,0.4858198924731182,0.0188427474349737,112.0,f1,0.4070011187658247
Airports-Europe,SDRF,sage,12372,0.25,0.45,0.4093016383736695,0.4125,0.3793785049133096,0.8897697925567627,51.0,f1,0.4093016383736695
Airports-Europe,SDRF,sage,12372,0.4,0.45,0.4087325962325963,0.4125,0.3793785049133096,0.9400052428245544,49.0,f1,0.4087325962325963
Airports-Europe,SDRF,sage,12372,0.55,0.4625,0.431385394828791,0.4875,0.4583413781169742,0.0019910130649805,231.0,f1,0.431385394828791
Airports-Europe,SDRF,sage,12373,0.0,0.525,0.5162663006177076,0.4875,0.48425901378579,0.8292425274848938,54.0,f1,0.5162663006177076
Airports-Europe,SDRF,sage,12373,0.1,0.525,0.5209932621697327,0.45,0.4412505295263916,0.5502779483795166,64.0,f1,0.5209932621697327
Airports-Europe,SDRF,sage,12373,0.25,0.525,0.5220712560386473,0.45,0.4407843633907463,0.7495449781417847,57.0,f1,0.5220712560386473
Airports-Europe,SDRF,sage,12373,0.4,0.525,0.5205012531328321,0.4375,0.4293795393095367,0.6087914109230042,62.0,f1,0.5205012531328321
Airports-Europe,SDRF,sage,12373,0.55,0.5125,0.5074797486562193,0.4375,0.4295036502047614,0.5850183963775635,63.0,f1,0.5074797486562193
Airports-Europe,SDRF,sage,12374,0.0,0.5,0.4973822506717243,0.475,0.4716071428571428,0.8241556882858276,56.0,f1,0.4973822506717243
Airports-Europe,SDRF,sage,12374,0.1,0.4875,0.4831641184902054,0.4375,0.4372148859543817,0.7734382152557373,58.0,f1,0.4831641184902054
Airports-Europe,SDRF,sage,12374,0.25,0.5,0.4920248868778281,0.4875,0.4816584428761617,0.2445147335529327,81.0,f1,0.4920248868778281
Airports-Europe,SDRF,sage,12374,0.4,0.5125,0.508198664081017,0.5,0.5006535409153774,0.6329625844955444,63.0,f1,0.508198664081017
Airports-Europe,SDRF,sage,12374,0.55,0.5125,0.5083325479551895,0.475,0.4778321340821341,0.6936472654342651,61.0,f1,0.5083325479551895
Airports-Europe,SDRF,gat,12345,0.0,0.55,0.5389939939939941,0.4875,0.4739099034034486,0.3946461081504822,50.0,f1,0.5389939939939941
Airports-Europe,SDRF,gat,12345,0.1,0.525,0.5200957229913515,0.4875,0.4747540697093778,0.3647406995296478,60.0,f1,0.5200957229913515
Airports-Europe,SDRF,gat,12345,0.25,0.525,0.516424887169568,0.5,0.4887396254048177,0.4493557214736938,44.0,f1,0.516424887169568
Airports-Europe,SDRF,gat,12345,0.4,0.5625,0.5600500194250194,0.425,0.4195624853869534,0.2805790901184082,78.0,f1,0.5600500194250194
Airports-Europe,SDRF,gat,12345,0.55,0.55,0.5415462509955626,0.4375,0.4301493392828726,0.1956348121166229,127.0,f1,0.5415462509955626
Airports-Europe,SDRF,gat,12346,0.0,0.475,0.4670784240049384,0.4625,0.4356357063479156,1.0046322345733645,24.0,f1,0.4670784240049384
Airports-Europe,SDRF,gat,12346,0.1,0.4625,0.4262152777777778,0.4,0.3636083743842364,1.0010764598846436,25.0,f1,0.4262152777777778
Airports-Europe,SDRF,gat,12346,0.25,0.4625,0.4362982594172291,0.4125,0.3887721755368815,0.9100181460380554,30.0,f1,0.4362982594172291
Airports-Europe,SDRF,gat,12346,0.4,0.4625,0.4499999999999999,0.4125,0.3910799746295336,0.7128211259841919,45.0,f1,0.4499999999999999
Airports-Europe,SDRF,gat,12346,0.55,0.4375,0.4381894391485184,0.4875,0.460443376068376,0.8736000657081604,32.0,f1,0.4381894391485184
Airports-Europe,SDRF,gat,12347,0.0,0.5375,0.5158663465386154,0.4125,0.3922032828282829,0.6537564992904663,36.0,f1,0.5158663465386154
Airports-Europe,SDRF,gat,12347,0.1,0.5125,0.5179473591238297,0.425,0.4107318213701192,0.7908666729927063,29.0,f1,0.5179473591238297
Airports-Europe,SDRF,gat,12347,0.25,0.5375,0.5191287560852778,0.4125,0.3955687805617679,0.6726788282394409,35.0,f1,0.5191287560852778
Airports-Europe,SDRF,gat,12347,0.4,0.55,0.5122331760987223,0.375,0.3472354159054927,0.6204606890678406,37.0,f1,0.5122331760987223
Airports-Europe,SDRF,gat,12347,0.55,0.525,0.5166847420625151,0.3375,0.3091619062182561,0.1175857856869697,308.0,f1,0.5166847420625151
Airports-Europe,SDRF,gat,12348,0.0,0.55,0.5347564597564598,0.325,0.3059135816488758,0.1207896694540977,227.0,f1,0.5347564597564598
Airports-Europe,SDRF,gat,12348,0.1,0.525,0.5096905111018015,0.4125,0.371923686012669,0.3661025166511535,55.0,f1,0.5096905111018015
Airports-Europe,SDRF,gat,12348,0.25,0.5375,0.5215329991645781,0.3625,0.3294117647058823,0.2503921091556549,79.0,f1,0.5215329991645781
Airports-Europe,SDRF,gat,12348,0.4,0.525,0.5140832293087931,0.35,0.3386970172684458,0.1358734369277954,236.0,f1,0.5140832293087931
Airports-Europe,SDRF,gat,12348,0.55,0.4875,0.4813711240310078,0.3875,0.3634655475093263,0.7208313941955566,31.0,f1,0.4813711240310078
Airports-Europe,SDRF,gat,12349,0.0,0.5125,0.5084134894346466,0.4875,0.4568181818181818,0.5920118093490601,39.0,f1,0.5084134894346466
Airports-Europe,SDRF,gat,12349,0.1,0.525,0.5132395382395383,0.5375,0.4982584338083059,0.5415728092193604,44.0,f1,0.5132395382395383
Airports-Europe,SDRF,gat,12349,0.25,0.525,0.517434988179669,0.475,0.4379148629148629,0.6104140281677246,40.0,f1,0.517434988179669
Airports-Europe,SDRF,gat,12349,0.4,0.5125,0.5030853174603175,0.425,0.4086253369272237,0.5543418526649475,47.0,f1,0.5030853174603175
Airports-Europe,SDRF,gat,12349,0.55,0.5,0.4908913308913309,0.4625,0.4341840903872388,0.5580945611000061,46.0,f1,0.4908913308913309
Airports-Europe,SDRF,gat,12350,0.0,0.5125,0.5023270495654217,0.5125,0.487828144078144,0.5272690653800964,35.0,f1,0.5023270495654217
Airports-Europe,SDRF,gat,12350,0.1,0.525,0.5147916890333368,0.4875,0.4708216478980598,0.4176676571369171,44.0,f1,0.5147916890333368
Airports-Europe,SDRF,gat,12350,0.25,0.525,0.5036599099099099,0.4375,0.4054700633648002,0.8491520285606384,20.0,f1,0.5036599099099099
Airports-Europe,SDRF,gat,12350,0.4,0.525,0.5159682187730968,0.45,0.4383272759904877,0.2470069080591201,76.0,f1,0.5159682187730968
Airports-Europe,SDRF,gat,12350,0.55,0.55,0.5376196071848245,0.475,0.4650212376276206,0.4789171814918518,42.0,f1,0.5376196071848245
Airports-Europe,SDRF,gat,12351,0.0,0.5125,0.5013743082823161,0.5375,0.522071438546093,0.4985200762748718,35.0,f1,0.5013743082823161
Airports-Europe,SDRF,gat,12351,0.1,0.525,0.513671238049467,0.55,0.5321475625823452,0.4677108824253082,36.0,f1,0.513671238049467
Airports-Europe,SDRF,gat,12351,0.25,0.5375,0.53495670995671,0.55,0.5413383056571911,0.2725209891796112,79.0,f1,0.53495670995671
Airports-Europe,SDRF,gat,12351,0.4,0.5125,0.5064929903165197,0.55,0.5364940417726952,0.1742753833532333,97.0,f1,0.5064929903165197
Airports-Europe,SDRF,gat,12351,0.55,0.5125,0.4982175173707431,0.5375,0.5248923959827834,0.5054055452346802,35.0,f1,0.4982175173707431
Airports-Europe,SDRF,gat,12352,0.0,0.5,0.4982241857241857,0.3375,0.3306171606573664,0.2907558977603912,81.0,f1,0.4982241857241857
Airports-Europe,SDRF,gat,12352,0.1,0.5375,0.5291138739309471,0.3625,0.340170635740861,0.1466384381055832,125.0,f1,0.5291138739309471
Airports-Europe,SDRF,gat,12352,0.25,0.5125,0.502650688005379,0.35,0.3133604261376682,0.1377020329236984,140.0,f1,0.502650688005379
Airports-Europe,SDRF,gat,12352,0.4,0.5125,0.5032163742690059,0.3875,0.3587115008256171,0.2885945439338684,75.0,f1,0.5032163742690059
Airports-Europe,SDRF,gat,12352,0.55,0.525,0.518031968031968,0.4375,0.4185462268323416,0.1094088703393936,395.0,f1,0.518031968031968
Airports-Europe,SDRF,gat,12353,0.0,0.4875,0.4594524119947849,0.3875,0.3513810270749505,0.3842402398586273,49.0,f1,0.4594524119947849
Airports-Europe,SDRF,gat,12353,0.1,0.475,0.4386018393371335,0.475,0.4490384615384615,0.0809060186147689,293.0,f1,0.4386018393371335
Airports-Europe,SDRF,gat,12353,0.25,0.475,0.445021645021645,0.3875,0.3426406926406926,0.1968641877174377,81.0,f1,0.445021645021645
Airports-Europe,SDRF,gat,12353,0.4,0.5,0.4804831785963861,0.4,0.3688590820943762,0.1236076354980468,275.0,f1,0.4804831785963861
Airports-Europe,SDRF,gat,12353,0.55,0.5,0.4727477477477477,0.3875,0.3607567570333527,0.0991540998220443,282.0,f1,0.4727477477477477
Airports-Europe,SDRF,gat,12354,0.0,0.5,0.484175607001694,0.4875,0.465803872053872,0.4938521981239319,41.0,f1,0.484175607001694
Airports-Europe,SDRF,gat,12354,0.1,0.5,0.4966772993088782,0.4875,0.4776866030965231,0.176208809018135,100.0,f1,0.4966772993088782
Airports-Europe,SDRF,gat,12354,0.25,0.5125,0.5078040861577447,0.525,0.4950144682903303,0.4405167996883392,42.0,f1,0.5078040861577447
Airports-Europe,SDRF,gat,12354,0.4,0.525,0.5157051282051281,0.4625,0.4319085757872943,0.2639349997043609,66.0,f1,0.5157051282051281
Airports-Europe,SDRF,gat,12354,0.55,0.525,0.5136752136752137,0.5125,0.4852718360071301,0.0480375215411186,368.0,f1,0.5136752136752137
Airports-Europe,SDRF,gat,12355,0.0,0.5,0.4833035598531138,0.4625,0.4573852922690131,0.7403250336647034,28.0,f1,0.4833035598531138
Airports-Europe,SDRF,gat,12355,0.1,0.4875,0.4650494159928121,0.4875,0.4670366795366795,0.6993992924690247,32.0,f1,0.4650494159928121
Airports-Europe,SDRF,gat,12355,0.25,0.475,0.459390664160401,0.475,0.4571855313960576,0.0702684223651886,368.0,f1,0.459390664160401
Airports-Europe,SDRF,gat,12355,0.4,0.475,0.4574440870022918,0.4375,0.4325396825396825,0.4875413477420807,46.0,f1,0.4574440870022918
Airports-Europe,SDRF,gat,12355,0.55,0.475,0.4634936319718928,0.4375,0.4266152793854572,0.745699405670166,28.0,f1,0.4634936319718928
Airports-Europe,SDRF,gat,12356,0.0,0.4625,0.4547038327526132,0.3875,0.3618804234246512,0.060757927596569,399.0,f1,0.4547038327526132
Airports-Europe,SDRF,gat,12356,0.1,0.4875,0.4732866455250176,0.3875,0.3606060606060606,0.0379591658711433,368.0,f1,0.4732866455250176
Airports-Europe,SDRF,gat,12356,0.25,0.475,0.4541569541569541,0.3625,0.3321973910405501,0.0944567397236824,321.0,f1,0.4541569541569541
Airports-Europe,SDRF,gat,12356,0.4,0.475,0.4517374517374516,0.3625,0.3230476939203354,0.0572271980345249,328.0,f1,0.4517374517374516
Airports-Europe,SDRF,gat,12356,0.55,0.4875,0.4551703400801268,0.3375,0.2831798483206934,0.7155102491378784,58.0,f1,0.4551703400801268
Airports-Europe,SDRF,gat,12357,0.0,0.525,0.5316270739064857,0.525,0.5164854419480155,0.6438997387886047,38.0,f1,0.5316270739064857
Airports-Europe,SDRF,gat,12357,0.1,0.525,0.5263634969111269,0.5125,0.501664673046252,0.6251959204673767,38.0,f1,0.5263634969111269
Airports-Europe,SDRF,gat,12357,0.25,0.5375,0.5286863786863787,0.4625,0.4496966951093659,0.3756719827651977,58.0,f1,0.5286863786863787
Airports-Europe,SDRF,gat,12357,0.4,0.5625,0.540053050397878,0.475,0.4547534165181224,0.0776194185018539,232.0,f1,0.540053050397878
Airports-Europe,SDRF,gat,12357,0.55,0.525,0.516211238714121,0.45,0.4194862155388471,0.259190946817398,73.0,f1,0.516211238714121
Airports-Europe,SDRF,gat,12358,0.0,0.4625,0.4532458282458282,0.475,0.4243163847407603,0.6500992178916931,32.0,f1,0.4532458282458282
Airports-Europe,SDRF,gat,12358,0.1,0.4625,0.4610341415141019,0.4375,0.4005496453900709,0.766245424747467,23.0,f1,0.4610341415141019
Airports-Europe,SDRF,gat,12358,0.25,0.4875,0.4609259648105375,0.375,0.3373770883204846,0.1652676910161972,136.0,f1,0.4609259648105375
Airports-Europe,SDRF,gat,12358,0.4,0.4875,0.4711904761904762,0.45,0.4105964957028787,0.3222572207450866,75.0,f1,0.4711904761904762
Airports-Europe,SDRF,gat,12358,0.55,0.4875,0.4717880333951763,0.4375,0.4117547425474255,0.1719042062759399,125.0,f1,0.4717880333951763
Airports-Europe,SDRF,gat,12359,0.0,0.6,0.5887377480119416,0.35,0.3484197626418989,0.1031251922249794,190.0,f1,0.5887377480119416
Airports-Europe,SDRF,gat,12359,0.1,0.6,0.5918794326241135,0.4,0.3718917112299466,0.579529345035553,29.0,f1,0.5918794326241135
Airports-Europe,SDRF,gat,12359,0.25,0.6125,0.6048730479721379,0.4625,0.4354653966722932,0.2455843240022659,88.0,f1,0.6048730479721379
Airports-Europe,SDRF,gat,12359,0.4,0.6125,0.5971242773568355,0.45,0.427299568476039,0.2809738516807556,67.0,f1,0.5971242773568355
Airports-Europe,SDRF,gat,12359,0.55,0.6125,0.6019671751961857,0.4375,0.4161508689497304,0.3469826877117157,47.0,f1,0.6019671751961857
Airports-Europe,SDRF,gat,12360,0.0,0.5125,0.4816789215686274,0.375,0.3674147203558968,0.9378597736358644,25.0,f1,0.4816789215686274
Airports-Europe,SDRF,gat,12360,0.1,0.4875,0.4629762739597943,0.4,0.3966588966588966,0.9376675486564636,25.0,f1,0.4629762739597943
Airports-Europe,SDRF,gat,12360,0.25,0.5,0.4756272401433692,0.4,0.3990233801554557,0.9427036046981812,25.0,f1,0.4756272401433692
Airports-Europe,SDRF,gat,12360,0.4,0.4875,0.4619338988550503,0.375,0.358056133056133,0.9156554341316224,29.0,f1,0.4619338988550503
Airports-Europe,SDRF,gat,12360,0.55,0.475,0.4479067495337833,0.4,0.3940500338066261,0.9179610013961792,29.0,f1,0.4479067495337833
Airports-Europe,SDRF,gat,12361,0.0,0.5125,0.4800744254144489,0.4375,0.3963356667530895,0.9320130348205566,30.0,f1,0.4800744254144489
Airports-Europe,SDRF,gat,12361,0.1,0.475,0.4616882797572215,0.425,0.408868092691622,0.1099122762680053,257.0,f1,0.4616882797572215
Airports-Europe,SDRF,gat,12361,0.25,0.5125,0.4827480827999769,0.4625,0.4342373971245976,0.8985841870307922,33.0,f1,0.4827480827999769
Airports-Europe,SDRF,gat,12361,0.4,0.5375,0.5157513348588864,0.45,0.4405021520803444,0.9593174457550048,29.0,f1,0.5157513348588864
Airports-Europe,SDRF,gat,12361,0.55,0.4875,0.4687106918238993,0.375,0.3577242649823295,0.47700235247612,74.0,f1,0.4687106918238993
Airports-Europe,SDRF,gat,12362,0.0,0.525,0.5092294598746212,0.4625,0.4420937314319667,0.4014584124088287,54.0,f1,0.5092294598746212
Airports-Europe,SDRF,gat,12362,0.1,0.525,0.5124541024041931,0.4,0.3850876907823091,0.3594575524330139,58.0,f1,0.5124541024041931
Airports-Europe,SDRF,gat,12362,0.25,0.5,0.4860037523452157,0.4,0.3875646711012564,0.2690761387348175,70.0,f1,0.4860037523452157
Airports-Europe,SDRF,gat,12362,0.4,0.5375,0.5227029914529915,0.3875,0.3761363636363636,0.2588267624378204,72.0,f1,0.5227029914529915
Airports-Europe,SDRF,gat,12362,0.55,0.525,0.5165032441495954,0.3625,0.3463668947539915,0.4945236444473266,43.0,f1,0.5165032441495954
Airports-Europe,SDRF,gat,12363,0.0,0.5625,0.5443072532469907,0.475,0.4336111111111111,0.7521277666091919,34.0,f1,0.5443072532469907
Airports-Europe,SDRF,gat,12363,0.1,0.525,0.5129419191919192,0.4875,0.4679786751361161,0.8640198111534119,26.0,f1,0.5129419191919192
Airports-Europe,SDRF,gat,12363,0.25,0.5375,0.5250938752680913,0.5,0.4829365079365079,0.9937451481819152,19.0,f1,0.5250938752680913
Airports-Europe,SDRF,gat,12363,0.4,0.5375,0.5337327057481102,0.475,0.4710801393728223,0.931804656982422,21.0,f1,0.5337327057481102
Airports-Europe,SDRF,gat,12363,0.55,0.55,0.5281862745098039,0.475,0.4571270303352758,1.009607195854187,19.0,f1,0.5281862745098039
Airports-Europe,SDRF,gat,12364,0.0,0.5625,0.5574744152046783,0.525,0.5138790779852579,0.5851470828056335,30.0,f1,0.5574744152046783
Airports-Europe,SDRF,gat,12364,0.1,0.5875,0.5748511904761905,0.475,0.4703271571196099,0.3468716740608215,48.0,f1,0.5748511904761905
Airports-Europe,SDRF,gat,12364,0.25,0.6125,0.6034816247582204,0.45,0.4319151980339679,0.5921002626419067,30.0,f1,0.6034816247582204
Airports-Europe,SDRF,gat,12364,0.4,0.575,0.5665335986403018,0.4875,0.492356131641846,0.4614311754703522,36.0,f1,0.5665335986403018
Airports-Europe,SDRF,gat,12364,0.55,0.575,0.5589234069218163,0.4625,0.4642439431913115,0.2027763575315475,102.0,f1,0.5589234069218163
Airports-Europe,SDRF,gat,12365,0.0,0.5,0.4895339822551468,0.4625,0.4588292239608028,0.1395062655210495,287.0,f1,0.4895339822551468
Airports-Europe,SDRF,gat,12365,0.1,0.4875,0.4678249678249678,0.4,0.3936443021969338,0.2120572179555893,99.0,f1,0.4678249678249678
Airports-Europe,SDRF,gat,12365,0.25,0.475,0.4689268215584005,0.4125,0.3899572649572649,0.1438723057508468,159.0,f1,0.4689268215584005
Airports-Europe,SDRF,gat,12365,0.4,0.5,0.490541412738209,0.4,0.3898595848595848,0.1098719537258148,282.0,f1,0.490541412738209
Airports-Europe,SDRF,gat,12365,0.55,0.4625,0.4522978642257818,0.375,0.3689048491275426,0.120716817677021,214.0,f1,0.4522978642257818
Airports-Europe,SDRF,gat,12366,0.0,0.525,0.5156691134952005,0.475,0.4577437491839665,0.5044296979904175,41.0,f1,0.5156691134952005
Airports-Europe,SDRF,gat,12366,0.1,0.5,0.4819194569381975,0.525,0.4902104236343367,0.4833676517009735,45.0,f1,0.4819194569381975
Airports-Europe,SDRF,gat,12366,0.25,0.4875,0.4733377659574468,0.4375,0.4088719764368859,0.5253803133964539,41.0,f1,0.4733377659574468
Airports-Europe,SDRF,gat,12366,0.4,0.5125,0.4945192307692307,0.4125,0.4096483942414175,0.1355471909046173,245.0,f1,0.4945192307692307
Airports-Europe,SDRF,gat,12366,0.55,0.5125,0.4806883158916819,0.45,0.4343038225391167,0.5090316534042358,40.0,f1,0.4806883158916819
Airports-Europe,SDRF,gat,12367,0.0,0.425,0.4316168249095078,0.4,0.412203302373581,0.8148494958877563,33.0,f1,0.4316168249095078
Airports-Europe,SDRF,gat,12367,0.1,0.4875,0.4756870315693845,0.4,0.4080697192931773,0.4361220598220825,85.0,f1,0.4756870315693845
Airports-Europe,SDRF,gat,12367,0.25,0.4625,0.452485966319166,0.4125,0.4197330136579856,0.7352733612060547,38.0,f1,0.452485966319166
Airports-Europe,SDRF,gat,12367,0.4,0.5125,0.5093840251734988,0.375,0.3671253423764183,0.0944410488009452,307.0,f1,0.5093840251734988
Airports-Europe,SDRF,gat,12367,0.55,0.5125,0.5080665389130238,0.4375,0.4215055760051555,0.0901663079857826,360.0,f1,0.5080665389130238
Airports-Europe,SDRF,gat,12368,0.0,0.6125,0.5995847902097902,0.45,0.4268774703557312,0.8495337963104248,19.0,f1,0.5995847902097902
Airports-Europe,SDRF,gat,12368,0.1,0.5875,0.5777991727285694,0.5,0.4834158565138479,0.3776952624320984,42.0,f1,0.5777991727285694
Airports-Europe,SDRF,gat,12368,0.25,0.625,0.6136593324093325,0.45,0.4269120247568523,0.833972692489624,20.0,f1,0.6136593324093325
Airports-Europe,SDRF,gat,12368,0.4,0.625,0.6125909563409564,0.4375,0.4164308905380334,0.8579875826835632,20.0,f1,0.6125909563409564
Airports-Europe,SDRF,gat,12368,0.55,0.5875,0.5741215193732059,0.4625,0.4402920843295537,0.8270944356918335,20.0,f1,0.5741215193732059
Airports-Europe,SDRF,gat,12369,0.0,0.5,0.4971685292051425,0.45,0.431530800515904,0.793421745300293,22.0,f1,0.4971685292051425
Airports-Europe,SDRF,gat,12369,0.1,0.5125,0.4983391608391608,0.475,0.4490424281821136,0.7916960716247559,22.0,f1,0.4983391608391608
Airports-Europe,SDRF,gat,12369,0.25,0.5125,0.5044113907958302,0.4375,0.4219404724491934,0.7941527366638184,22.0,f1,0.5044113907958302
Airports-Europe,SDRF,gat,12369,0.4,0.475,0.4725207978823974,0.475,0.4648644833427441,0.7961733341217041,22.0,f1,0.4725207978823974
Airports-Europe,SDRF,gat,12369,0.55,0.525,0.502558554077022,0.5125,0.4789232225148124,0.6755928993225098,26.0,f1,0.502558554077022
Airports-Europe,SDRF,gat,12370,0.0,0.5625,0.552469980240158,0.4,0.3626136606760804,0.8008041977882385,27.0,f1,0.552469980240158
Airports-Europe,SDRF,gat,12370,0.1,0.5625,0.5577583950521541,0.3875,0.3671536796536796,0.8373353481292725,28.0,f1,0.5577583950521541
Airports-Europe,SDRF,gat,12370,0.25,0.5875,0.5864504121201073,0.4125,0.3904913434769302,0.7753540277481079,33.0,f1,0.5864504121201073
Airports-Europe,SDRF,gat,12370,0.4,0.6,0.5910481504231504,0.4125,0.3785344793527143,0.8385317921638489,27.0,f1,0.5910481504231504
Airports-Europe,SDRF,gat,12370,0.55,0.6,0.6004703629703629,0.4,0.3741897199085063,0.7807353734970093,33.0,f1,0.6004703629703629
Airports-Europe,SDRF,gat,12371,0.0,0.5125,0.4962919394435351,0.425,0.4126346306330117,0.0437444970011711,372.0,f1,0.4962919394435351
Airports-Europe,SDRF,gat,12371,0.1,0.45,0.4285077667430608,0.325,0.3136435830616626,0.2825855612754822,72.0,f1,0.4285077667430608
Airports-Europe,SDRF,gat,12371,0.25,0.4625,0.4386190174994729,0.4,0.3812302340290955,0.2644972801208496,81.0,f1,0.4386190174994729
Airports-Europe,SDRF,gat,12371,0.4,0.4625,0.4525972860540097,0.4625,0.449077468230694,0.0779969915747642,256.0,f1,0.4525972860540097
Airports-Europe,SDRF,gat,12371,0.55,0.4625,0.437215909090909,0.35,0.3233488151029381,0.090614415705204,213.0,f1,0.437215909090909
Airports-Europe,SDRF,gat,12372,0.0,0.5,0.4704000921106184,0.4125,0.3861911439741628,0.6381017565727234,29.0,f1,0.4704000921106184
Airports-Europe,SDRF,gat,12372,0.1,0.525,0.5237188635184225,0.4125,0.4108947456773544,0.1320292204618454,187.0,f1,0.5237188635184225
Airports-Europe,SDRF,gat,12372,0.25,0.5375,0.5277354482141716,0.4375,0.43372140281565,0.1215053275227546,393.0,f1,0.5277354482141716
Airports-Europe,SDRF,gat,12372,0.4,0.55,0.5294117647058824,0.4125,0.3984977324263038,0.1528171896934509,222.0,f1,0.5294117647058824
Airports-Europe,SDRF,gat,12372,0.55,0.4875,0.4814241486068111,0.3875,0.3798465612275102,0.1087277308106422,296.0,f1,0.4814241486068111
Airports-Europe,SDRF,gat,12373,0.0,0.525,0.5189796905222437,0.375,0.3722177844954863,0.7424071431159973,23.0,f1,0.5189796905222437
Airports-Europe,SDRF,gat,12373,0.1,0.5375,0.5145115728084564,0.4,0.3746217302988848,0.2254681289196014,77.0,f1,0.5145115728084564
Airports-Europe,SDRF,gat,12373,0.25,0.55,0.5313002975586665,0.325,0.3070578231292517,0.095569260418415,305.0,f1,0.5313002975586665
Airports-Europe,SDRF,gat,12373,0.4,0.4875,0.4693627450980392,0.3125,0.3026754026754026,0.2813946902751922,72.0,f1,0.4693627450980392
Airports-Europe,SDRF,gat,12373,0.55,0.55,0.5217529711375213,0.375,0.3436483739837398,0.0929795503616333,352.0,f1,0.5217529711375213
Airports-Europe,SDRF,gat,12374,0.0,0.5125,0.5033604094803605,0.425,0.383803071364047,0.0805263146758079,367.0,f1,0.5033604094803605
Airports-Europe,SDRF,gat,12374,0.1,0.5375,0.5236299648064353,0.45,0.4174473392461197,0.1425390839576721,182.0,f1,0.5236299648064353
Airports-Europe,SDRF,gat,12374,0.25,0.55,0.5348797349481345,0.475,0.4572834903192045,0.3773586750030517,60.0,f1,0.5348797349481345
Airports-Europe,SDRF,gat,12374,0.4,0.525,0.5062092404529379,0.4875,0.4640149198972728,0.3016188740730285,68.0,f1,0.5062092404529379
Airports-Europe,SDRF,gat,12374,0.55,0.55,0.5372513107807225,0.425,0.3997013497013497,0.3294860124588012,60.0,f1,0.5372513107807225
Airports-Europe,DiffWire CT,gcn,12345,,0.6125,0.5990406976744186,0.5375,0.5257213365230287,0.5031653046607971,128.0,f1,0.5990406976744186
Airports-Europe,DiffWire CT,gcn,12346,,0.5,0.491391349501615,0.475,0.4529870129870129,0.1412131637334823,385.0,f1,0.491391349501615
Airports-Europe,DiffWire CT,gcn,12347,,0.5625,0.5548106839635079,0.425,0.3813497822931785,0.1354320794343948,352.0,f1,0.5548106839635079
Airports-Europe,DiffWire CT,gcn,12348,,0.5875,0.5590668999205585,0.4625,0.407883064516129,0.5168298482894897,88.0,f1,0.5590668999205585
Airports-Europe,DiffWire CT,gcn,12349,,0.6,0.604685172897444,0.575,0.5467432950191571,0.4376382231712341,115.0,f1,0.604685172897444
Airports-Europe,DiffWire CT,gcn,12350,,0.5,0.4884262754635263,0.5,0.4704805491990846,0.489309161901474,84.0,f1,0.4884262754635263
Airports-Europe,DiffWire CT,gcn,12351,,0.575,0.5569246107843089,0.55,0.5362762237762237,0.3564562797546386,162.0,f1,0.5569246107843089
Airports-Europe,DiffWire CT,gcn,12352,,0.6,0.5980769230769231,0.4,0.3937655943469897,0.1575285941362381,303.0,f1,0.5980769230769231
Airports-Europe,DiffWire CT,gcn,12353,,0.525,0.5172898338220919,0.375,0.3661198774925929,0.2031106352806091,388.0,f1,0.5172898338220919
Airports-Europe,DiffWire CT,gcn,12354,,0.575,0.5625307125307125,0.4625,0.4471770448972877,0.2942675352096557,242.0,f1,0.5625307125307125
Airports-Europe,DiffWire CT,gcn,12355,,0.55,0.5393304130162704,0.45,0.446807951987997,0.2457923740148544,290.0,f1,0.5393304130162704
Airports-Europe,DiffWire CT,gcn,12356,,0.6,0.5832681747672691,0.4375,0.4240262953276313,0.1273552179336547,361.0,f1,0.5832681747672691
Airports-Europe,DiffWire CT,gcn,12357,,0.575,0.5606063258636789,0.5,0.4848276325778853,0.4435670077800751,119.0,f1,0.5606063258636789
Airports-Europe,DiffWire CT,gcn,12358,,0.5,0.4854582843713279,0.425,0.394209536581431,0.1740035563707351,378.0,f1,0.4854582843713279
Airports-Europe,DiffWire CT,gcn,12359,,0.6125,0.6106150793650793,0.5,0.4794172162593215,0.4339686632156372,98.0,f1,0.6106150793650793
Airports-Europe,DiffWire CT,gcn,12360,,0.4875,0.480171277997365,0.5,0.4924634273772204,0.3985993266105652,129.0,f1,0.480171277997365
Airports-Europe,DiffWire CT,gcn,12361,,0.6375,0.6354359677317704,0.475,0.4463147759103641,0.4425407946109772,118.0,f1,0.6354359677317704
Airports-Europe,DiffWire CT,gcn,12362,,0.5875,0.5606874973026628,0.525,0.5027425652545999,0.3539360463619232,247.0,f1,0.5606874973026628
Airports-Europe,DiffWire CT,gcn,12363,,0.575,0.5573115394806571,0.4375,0.4244615604050777,0.3265411257743835,216.0,f1,0.5573115394806571
Airports-Europe,DiffWire CT,gcn,12364,,0.6125,0.59837075453594,0.575,0.5792254119176276,0.4520512521266937,123.0,f1,0.59837075453594
Airports-Europe,DiffWire CT,gcn,12365,,0.55,0.5545596954254328,0.5,0.5098364321768578,0.2953635156154632,234.0,f1,0.5545596954254328
Airports-Europe,DiffWire CT,gcn,12366,,0.5125,0.5058108558108558,0.5,0.4957156611039794,0.1608014553785324,382.0,f1,0.5058108558108558
Airports-Europe,DiffWire CT,gcn,12367,,0.55,0.5463704994192798,0.5,0.5016222406806111,0.2633708119392395,257.0,f1,0.5463704994192798
Airports-Europe,DiffWire CT,gcn,12368,,0.575,0.5682376055307571,0.5375,0.5132323268080287,0.5352202653884888,85.0,f1,0.5682376055307571
Airports-Europe,DiffWire CT,gcn,12369,,0.5375,0.5139944076928323,0.5,0.4898399557492539,0.4026269018650055,142.0,f1,0.5139944076928323
Airports-Europe,DiffWire CT,gcn,12370,,0.625,0.6122467071935157,0.425,0.4151034919068131,0.316119372844696,248.0,f1,0.6122467071935157
Airports-Europe,DiffWire CT,gcn,12371,,0.575,0.568953568953569,0.45,0.4232345039427005,0.2271400839090347,241.0,f1,0.568953568953569
Airports-Europe,DiffWire CT,gcn,12372,,0.6125,0.6055350186230768,0.475,0.4566303274139289,0.1977923065423965,349.0,f1,0.6055350186230768
Airports-Europe,DiffWire CT,gcn,12373,,0.6125,0.6060326086956522,0.45,0.4517554772271753,0.2918211817741394,187.0,f1,0.6060326086956522
Airports-Europe,DiffWire CT,gcn,12374,,0.55,0.5383924251848781,0.5625,0.5516787968991613,0.4072366952896118,155.0,f1,0.5383924251848781
Airports-USA,SDRF,gcn,12345,0.0,0.5504201680672269,0.533494031221304,0.5084033613445378,0.4952428711092602,0.2004338353872299,96.0,f1,0.533494031221304
Airports-USA,SDRF,gcn,12345,0.1,0.5672268907563025,0.5443595620066208,0.5126050420168067,0.4917743030526545,0.0778120532631874,291.0,f1,0.5443595620066208
Airports-USA,SDRF,gcn,12345,0.25,0.5630252100840336,0.5478430463392951,0.5084033613445378,0.4943032292844345,0.1288656145334243,133.0,f1,0.5478430463392951
Airports-USA,SDRF,gcn,12345,0.4,0.5546218487394958,0.541416997755542,0.5168067226890757,0.504089944873355,0.1188133284449577,149.0,f1,0.541416997755542
Airports-USA,SDRF,gcn,12345,0.55,0.5588235294117647,0.5446373997534047,0.5252100840336135,0.5163580204115592,0.1100903004407882,149.0,f1,0.5446373997534047
Airports-USA,SDRF,gcn,12346,0.0,0.5588235294117647,0.5501289592760181,0.5798319327731093,0.5630992776020809,0.1756111979484558,119.0,f1,0.5501289592760181
Airports-USA,SDRF,gcn,12346,0.1,0.5546218487394958,0.5450786797988832,0.592436974789916,0.5705778862170796,0.2049924433231353,100.0,f1,0.5450786797988832
Airports-USA,SDRF,gcn,12346,0.25,0.5588235294117647,0.5520525744153684,0.5672268907563025,0.5495751056095883,0.2137591540813446,95.0,f1,0.5520525744153684
Airports-USA,SDRF,gcn,12346,0.4,0.5630252100840336,0.5503075743287917,0.542016806722689,0.5214189664021731,0.1833395659923553,105.0,f1,0.5503075743287917
Airports-USA,SDRF,gcn,12346,0.55,0.5504201680672269,0.5433135931537261,0.5756302521008403,0.5597712111963725,0.2015546858310699,95.0,f1,0.5433135931537261
Airports-USA,SDRF,gcn,12347,0.0,0.5714285714285714,0.5677940750712128,0.5084033613445378,0.4985549079614219,0.2482649683952331,85.0,f1,0.5677940750712128
Airports-USA,SDRF,gcn,12347,0.1,0.592436974789916,0.5778164251207729,0.5084033613445378,0.4884767110562476,0.1173270940780639,196.0,f1,0.5778164251207729
Airports-USA,SDRF,gcn,12347,0.25,0.5966386554621849,0.5868656973973961,0.5168067226890757,0.5084347941533732,0.2114236056804657,93.0,f1,0.5868656973973961
Airports-USA,SDRF,gcn,12347,0.4,0.5882352941176471,0.582408484653704,0.5168067226890757,0.5058393696784852,0.217267632484436,93.0,f1,0.582408484653704
Airports-USA,SDRF,gcn,12347,0.55,0.5882352941176471,0.5786166100532708,0.5378151260504201,0.5262029202707073,0.2150620371103286,93.0,f1,0.5786166100532708
Airports-USA,SDRF,gcn,12348,0.0,0.5546218487394958,0.5560433480757644,0.5504201680672269,0.5404479456728658,0.2100975662469864,89.0,f1,0.5560433480757644
Airports-USA,SDRF,gcn,12348,0.1,0.5504201680672269,0.5443193949168443,0.5336134453781513,0.5168368099270275,0.1883576363325119,97.0,f1,0.5443193949168443
Airports-USA,SDRF,gcn,12348,0.25,0.5588235294117647,0.5449024988097843,0.5252100840336135,0.503991101665119,0.164527416229248,116.0,f1,0.5449024988097843
Airports-USA,SDRF,gcn,12348,0.4,0.5504201680672269,0.5338675213675214,0.5126050420168067,0.4871931081438124,0.166840985417366,118.0,f1,0.5338675213675214
Airports-USA,SDRF,gcn,12348,0.55,0.5504201680672269,0.5375617654065875,0.5210084033613446,0.5056709653841184,0.1797258853912353,96.0,f1,0.5375617654065875
Airports-USA,SDRF,gcn,12349,0.0,0.5630252100840336,0.5442879149274498,0.5252100840336135,0.5152643652643653,0.1838383823633194,94.0,f1,0.5442879149274498
Airports-USA,SDRF,gcn,12349,0.1,0.5546218487394958,0.5390076853877144,0.5294117647058824,0.5206091139431629,0.178428515791893,93.0,f1,0.5390076853877144
Airports-USA,SDRF,gcn,12349,0.25,0.5588235294117647,0.5448687074877244,0.5042016806722689,0.4990966133593665,0.0796152874827385,238.0,f1,0.5448687074877244
Airports-USA,SDRF,gcn,12349,0.4,0.5504201680672269,0.5333499938719858,0.5126050420168067,0.5045959612948075,0.0945905819535255,214.0,f1,0.5333499938719858
Airports-USA,SDRF,gcn,12349,0.55,0.5546218487394958,0.5381494096928487,0.4789915966386555,0.4749192782575884,0.1976223289966583,95.0,f1,0.5381494096928487
Airports-USA,SDRF,gcn,12350,0.0,0.5756302521008403,0.5629089241607871,0.5084033613445378,0.5046373196329664,0.1726409494876861,112.0,f1,0.5629089241607871
Airports-USA,SDRF,gcn,12350,0.1,0.592436974789916,0.5687665595853917,0.5252100840336135,0.520547268907563,0.1505756676197052,113.0,f1,0.5687665595853917
Airports-USA,SDRF,gcn,12350,0.25,0.592436974789916,0.5745268819630672,0.4957983193277311,0.4880118516466193,0.1056102141737937,181.0,f1,0.5745268819630672
Airports-USA,SDRF,gcn,12350,0.4,0.592436974789916,0.5710459577496989,0.5252100840336135,0.5158975017787968,0.1508902609348297,113.0,f1,0.5710459577496989
Airports-USA,SDRF,gcn,12350,0.55,0.592436974789916,0.5702377526875326,0.5168067226890757,0.5097968505830027,0.1558837294578552,113.0,f1,0.5702377526875326
Airports-USA,SDRF,gcn,12351,0.0,0.6176470588235294,0.6123999011506509,0.4915966386554621,0.4771312249082426,0.1920355409383773,103.0,f1,0.6123999011506509
Airports-USA,SDRF,gcn,12351,0.1,0.6092436974789915,0.6007110187604877,0.5252100840336135,0.5012097448538126,0.1876900345087051,108.0,f1,0.6007110187604877
Airports-USA,SDRF,gcn,12351,0.25,0.6050420168067226,0.594431643625192,0.5210084033613446,0.4993568583071626,0.1777912378311157,115.0,f1,0.594431643625192
Airports-USA,SDRF,gcn,12351,0.4,0.6134453781512605,0.607062585138263,0.5042016806722689,0.4836970977101549,0.2296347916126251,88.0,f1,0.607062585138263
Airports-USA,SDRF,gcn,12351,0.55,0.6008403361344538,0.5977610153256706,0.4621848739495798,0.4455910347517087,0.1869827210903167,103.0,f1,0.5977610153256706
Airports-USA,SDRF,gcn,12352,0.0,0.5756302521008403,0.5579500251033097,0.4915966386554621,0.481540223986748,0.2036416977643966,91.0,f1,0.5579500251033097
Airports-USA,SDRF,gcn,12352,0.1,0.5798319327731093,0.5608017299743526,0.5042016806722689,0.4898808737329889,0.1734765172004699,99.0,f1,0.5608017299743526
Airports-USA,SDRF,gcn,12352,0.25,0.5966386554621849,0.5776038853556438,0.4915966386554621,0.4807256829924426,0.1410316079854965,120.0,f1,0.5776038853556438
Airports-USA,SDRF,gcn,12352,0.4,0.5882352941176471,0.5717703521134179,0.5,0.4872218392137416,0.1337789744138717,120.0,f1,0.5717703521134179
Airports-USA,SDRF,gcn,12352,0.55,0.6008403361344538,0.5811241164828951,0.4831932773109244,0.4712223334675158,0.1390449404716491,134.0,f1,0.5811241164828951
Airports-USA,SDRF,gcn,12353,0.0,0.5504201680672269,0.5380139807870351,0.4915966386554621,0.4621980339450511,0.1512861400842666,142.0,f1,0.5380139807870351
Airports-USA,SDRF,gcn,12353,0.1,0.5546218487394958,0.5401517787691751,0.4831932773109244,0.4516805065447415,0.1108917668461799,190.0,f1,0.5401517787691751
Airports-USA,SDRF,gcn,12353,0.25,0.542016806722689,0.5290958437647684,0.4873949579831932,0.4601647661685367,0.1689689308404922,138.0,f1,0.5290958437647684
Airports-USA,SDRF,gcn,12353,0.4,0.5546218487394958,0.5444173881673882,0.5042016806722689,0.4772525138211678,0.0780709981918335,252.0,f1,0.5444173881673882
Airports-USA,SDRF,gcn,12353,0.55,0.5504201680672269,0.5405478613371528,0.4831932773109244,0.4578428663063653,0.0750154107809066,295.0,f1,0.5405478613371528
Airports-USA,SDRF,gcn,12354,0.0,0.5,0.4730280647290763,0.5798319327731093,0.5549895757389713,0.2042112201452255,103.0,f1,0.4730280647290763
Airports-USA,SDRF,gcn,12354,0.1,0.5126050420168067,0.4937767272635285,0.5798319327731093,0.5685902462326997,0.2166010588407516,92.0,f1,0.4937767272635285
Airports-USA,SDRF,gcn,12354,0.25,0.5126050420168067,0.4877769691446538,0.5798319327731093,0.563453490113629,0.2219556868076324,98.0,f1,0.4877769691446538
Airports-USA,SDRF,gcn,12354,0.4,0.5,0.4681111605625344,0.5756302521008403,0.5548814210286439,0.2090741693973541,103.0,f1,0.4681111605625344
Airports-USA,SDRF,gcn,12354,0.55,0.4957983193277311,0.4714178801177933,0.5840336134453782,0.5706282847587196,0.2119233012199401,93.0,f1,0.4714178801177933
Airports-USA,SDRF,gcn,12355,0.0,0.5546218487394958,0.531836219635527,0.5672268907563025,0.5648190454592208,0.2023493498563766,100.0,f1,0.531836219635527
Airports-USA,SDRF,gcn,12355,0.1,0.5588235294117647,0.5398140516876622,0.5714285714285714,0.5634424516440604,0.1115091145038604,183.0,f1,0.5398140516876622
Airports-USA,SDRF,gcn,12355,0.25,0.5630252100840336,0.5385123057755157,0.6092436974789915,0.5982685610522002,0.2038455009460449,98.0,f1,0.5385123057755157
Airports-USA,SDRF,gcn,12355,0.4,0.5588235294117647,0.5358633354280693,0.5798319327731093,0.5668366152853166,0.205597847700119,98.0,f1,0.5358633354280693
Airports-USA,SDRF,gcn,12355,0.55,0.5588235294117647,0.5398866370197565,0.5504201680672269,0.5444157735557992,0.2101678997278213,100.0,f1,0.5398866370197565
Airports-USA,SDRF,gcn,12356,0.0,0.6176470588235294,0.6135290100394787,0.5462184873949579,0.5384704005671748,0.2398605197668075,93.0,f1,0.6135290100394787
Airports-USA,SDRF,gcn,12356,0.1,0.6134453781512605,0.6047190768962953,0.542016806722689,0.531234649122807,0.2080162763595581,105.0,f1,0.6047190768962953
Airports-USA,SDRF,gcn,12356,0.25,0.6092436974789915,0.5965167783109253,0.5042016806722689,0.4855470293426497,0.1778457015752792,122.0,f1,0.5965167783109253
Airports-USA,SDRF,gcn,12356,0.4,0.5882352941176471,0.5727137898224594,0.542016806722689,0.5270528113811696,0.1752773076295852,125.0,f1,0.5727137898224594
Airports-USA,SDRF,gcn,12356,0.55,0.5966386554621849,0.5815717900063251,0.5336134453781513,0.5187955896624887,0.186199203133583,116.0,f1,0.5815717900063251
Airports-USA,SDRF,gcn,12357,0.0,0.5840336134453782,0.5731494252873564,0.5504201680672269,0.5445204742290549,0.2339696437120437,91.0,f1,0.5731494252873564
Airports-USA,SDRF,gcn,12357,0.1,0.5966386554621849,0.586960655036765,0.5630252100840336,0.5558395580454404,0.2306972444057464,91.0,f1,0.586960655036765
Airports-USA,SDRF,gcn,12357,0.25,0.5882352941176471,0.5820823763927084,0.5504201680672269,0.5465426983464876,0.2361233085393905,92.0,f1,0.5820823763927084
Airports-USA,SDRF,gcn,12357,0.4,0.5840336134453782,0.5644125249040696,0.5714285714285714,0.5569608108222291,0.1022019460797309,253.0,f1,0.5644125249040696
Airports-USA,SDRF,gcn,12357,0.55,0.5756302521008403,0.5653882986828471,0.5840336134453782,0.5782372712955963,0.2179591357707977,90.0,f1,0.5653882986828471
Airports-USA,SDRF,gcn,12358,0.0,0.5798319327731093,0.5656605405547298,0.5546218487394958,0.551827237889919,0.1576994508504867,101.0,f1,0.5656605405547298
Airports-USA,SDRF,gcn,12358,0.1,0.5714285714285714,0.5566892945210828,0.5504201680672269,0.5499472315330128,0.1600672900676727,96.0,f1,0.5566892945210828
Airports-USA,SDRF,gcn,12358,0.25,0.5756302521008403,0.5616434603490693,0.5,0.5049135795286752,0.1643990874290466,102.0,f1,0.5616434603490693
Airports-USA,SDRF,gcn,12358,0.4,0.5798319327731093,0.5660223122378976,0.5462184873949579,0.543286861489998,0.168798565864563,93.0,f1,0.5660223122378976
Airports-USA,SDRF,gcn,12358,0.55,0.5840336134453782,0.5684934855212013,0.5168067226890757,0.5198138642605744,0.1498590409755706,101.0,f1,0.5684934855212013
Airports-USA,SDRF,gcn,12359,0.0,0.5756302521008403,0.5556368273095788,0.5714285714285714,0.5582412371281984,0.213165670633316,98.0,f1,0.5556368273095788
Airports-USA,SDRF,gcn,12359,0.1,0.5630252100840336,0.5470024750415783,0.5756302521008403,0.56256142849607,0.2108815461397171,98.0,f1,0.5470024750415783
Airports-USA,SDRF,gcn,12359,0.25,0.5588235294117647,0.5409963136012406,0.5588235294117647,0.5445939590472455,0.2106456011533737,98.0,f1,0.5409963136012406
Airports-USA,SDRF,gcn,12359,0.4,0.5630252100840336,0.5429366023690212,0.5588235294117647,0.5465768833849329,0.2357543855905532,87.0,f1,0.5429366023690212
Airports-USA,SDRF,gcn,12359,0.55,0.5462184873949579,0.5254779942279942,0.5588235294117647,0.5506691924338264,0.1921908110380172,98.0,f1,0.5254779942279942
Airports-USA,SDRF,gcn,12360,0.0,0.5168067226890757,0.5029416354581655,0.4831932773109244,0.4608992974980436,0.1056997254490852,245.0,f1,0.5029416354581655
Airports-USA,SDRF,gcn,12360,0.1,0.5126050420168067,0.5026546640161441,0.4873949579831932,0.4715924045179869,0.1319766342639923,146.0,f1,0.5026546640161441
Airports-USA,SDRF,gcn,12360,0.25,0.5210084033613446,0.5073675568230922,0.4747899159663865,0.4607333151381326,0.0909757018089294,264.0,f1,0.5073675568230922
Airports-USA,SDRF,gcn,12360,0.4,0.5210084033613446,0.5080225077059931,0.4873949579831932,0.4679618344466301,0.1530109494924545,131.0,f1,0.5080225077059931
Airports-USA,SDRF,gcn,12360,0.55,0.5168067226890757,0.5039032400569613,0.4915966386554621,0.4731625444718117,0.1553041934967041,130.0,f1,0.5039032400569613
Airports-USA,SDRF,gcn,12361,0.0,0.5378151260504201,0.5331618364906409,0.5630252100840336,0.5506350853333133,0.2196125239133834,88.0,f1,0.5331618364906409
Airports-USA,SDRF,gcn,12361,0.1,0.542016806722689,0.5406287827779434,0.5630252100840336,0.5574287808364241,0.2079783231019973,86.0,f1,0.5406287827779434
Airports-USA,SDRF,gcn,12361,0.25,0.5546218487394958,0.5506988518157638,0.5798319327731093,0.5746971091341554,0.2203715145587921,85.0,f1,0.5506988518157638
Airports-USA,SDRF,gcn,12361,0.4,0.5630252100840336,0.5575617138055698,0.5504201680672269,0.5444779051928796,0.2171363234519958,85.0,f1,0.5575617138055698
Airports-USA,SDRF,gcn,12361,0.55,0.5840336134453782,0.5782299966327489,0.5588235294117647,0.54951704431127,0.2078644782304763,86.0,f1,0.5782299966327489
Airports-USA,SDRF,gcn,12362,0.0,0.6134453781512605,0.5995812773624882,0.542016806722689,0.5309833994025809,0.1400012075901031,179.0,f1,0.5995812773624882
Airports-USA,SDRF,gcn,12362,0.1,0.6176470588235294,0.6032864787245041,0.5546218487394958,0.5445816431109782,0.1718564480543136,124.0,f1,0.6032864787245041
Airports-USA,SDRF,gcn,12362,0.25,0.6134453781512605,0.6007918123543123,0.5504201680672269,0.5378267973856209,0.1452749520540237,162.0,f1,0.6007918123543123
Airports-USA,SDRF,gcn,12362,0.4,0.6050420168067226,0.5908798223595016,0.542016806722689,0.5292203691521173,0.1070735603570938,212.0,f1,0.5908798223595016
Airports-USA,SDRF,gcn,12362,0.55,0.6050420168067226,0.5921462000739052,0.5462184873949579,0.5329605171075569,0.1277135759592056,206.0,f1,0.5921462000739052
Airports-USA,SDRF,gcn,12363,0.0,0.5966386554621849,0.5912949608262108,0.4915966386554621,0.4833280873324939,0.1934489160776138,95.0,f1,0.5912949608262108
Airports-USA,SDRF,gcn,12363,0.1,0.6134453781512605,0.6069755159898953,0.4957983193277311,0.4875448964281887,0.1925380527973175,96.0,f1,0.6069755159898953
Airports-USA,SDRF,gcn,12363,0.25,0.6092436974789915,0.6030820563393235,0.5126050420168067,0.5024912698722874,0.198768138885498,96.0,f1,0.6030820563393235
Airports-USA,SDRF,gcn,12363,0.4,0.6176470588235294,0.6092285790565195,0.4957983193277311,0.4841712962962963,0.1688685864210128,106.0,f1,0.6092285790565195
Airports-USA,SDRF,gcn,12363,0.55,0.6134453781512605,0.6112629399585922,0.5084033613445378,0.4981925418569254,0.2005350589752197,89.0,f1,0.6112629399585922
Airports-USA,SDRF,gcn,12364,0.0,0.5588235294117647,0.5469489582216983,0.5210084033613446,0.5122278384601637,0.2206843793392181,92.0,f1,0.5469489582216983
Airports-USA,SDRF,gcn,12364,0.1,0.5630252100840336,0.5539171674764027,0.4957983193277311,0.484759386538547,0.1011484488844871,197.0,f1,0.5539171674764027
Airports-USA,SDRF,gcn,12364,0.25,0.5630252100840336,0.5483972514931696,0.5252100840336135,0.5123609833379087,0.2084724754095077,92.0,f1,0.5483972514931696
Airports-USA,SDRF,gcn,12364,0.4,0.5588235294117647,0.5415223979295413,0.5126050420168067,0.4964578301697159,0.1467774212360382,120.0,f1,0.5415223979295413
Airports-USA,SDRF,gcn,12364,0.55,0.5546218487394958,0.5432230229898892,0.5336134453781513,0.524481653615161,0.080940768122673,216.0,f1,0.5432230229898892
Airports-USA,SDRF,gcn,12365,0.0,0.5756302521008403,0.5522004241781548,0.5168067226890757,0.4977087838533621,0.1914840787649154,112.0,f1,0.5522004241781548
Airports-USA,SDRF,gcn,12365,0.1,0.5462184873949579,0.5334311697216566,0.5168067226890757,0.5177149353378862,0.2115130424499511,91.0,f1,0.5334311697216566
Airports-USA,SDRF,gcn,12365,0.25,0.5462184873949579,0.5305362894052291,0.4915966386554621,0.4819945773565856,0.0849549621343612,230.0,f1,0.5305362894052291
Airports-USA,SDRF,gcn,12365,0.4,0.5546218487394958,0.5365992832298734,0.4831932773109244,0.4716221887601288,0.1705622673034668,111.0,f1,0.5365992832298734
Airports-USA,SDRF,gcn,12365,0.55,0.5672268907563025,0.5467279049614084,0.4789915966386555,0.4668340475235037,0.1766173839569091,111.0,f1,0.5467279049614084
Airports-USA,SDRF,gcn,12366,0.0,0.5756302521008403,0.5700689209164819,0.5714285714285714,0.5652533840209567,0.2338421642780304,89.0,f1,0.5700689209164819
Airports-USA,SDRF,gcn,12366,0.1,0.5756302521008403,0.5724709303889512,0.5714285714285714,0.5687230226344894,0.2123443037271499,96.0,f1,0.5724709303889512
Airports-USA,SDRF,gcn,12366,0.25,0.5714285714285714,0.5631070024041958,0.5798319327731093,0.570169085862493,0.2021302729845047,106.0,f1,0.5631070024041958
Airports-USA,SDRF,gcn,12366,0.4,0.5882352941176471,0.5858133545824095,0.5546218487394958,0.554149814831633,0.1984512656927108,96.0,f1,0.5858133545824095
Airports-USA,SDRF,gcn,12366,0.55,0.5840336134453782,0.5799621709726074,0.5756302521008403,0.574944448181216,0.1918113827705383,96.0,f1,0.5799621709726074
Airports-USA,SDRF,gcn,12367,0.0,0.592436974789916,0.5793627500357879,0.542016806722689,0.5251152026751489,0.1798556745052337,95.0,f1,0.5793627500357879
Airports-USA,SDRF,gcn,12367,0.1,0.6008403361344538,0.5814601148353548,0.5210084033613446,0.498086934178823,0.1254200935363769,142.0,f1,0.5814601148353548
Airports-USA,SDRF,gcn,12367,0.25,0.6134453781512605,0.5987804864909128,0.5546218487394958,0.5366347970548625,0.1602735370397567,109.0,f1,0.5987804864909128
Airports-USA,SDRF,gcn,12367,0.4,0.592436974789916,0.5801636383213545,0.5336134453781513,0.5144891543921499,0.1776026338338852,95.0,f1,0.5801636383213545
Airports-USA,SDRF,gcn,12367,0.55,0.6134453781512605,0.5985355790043291,0.5462184873949579,0.5273490908333428,0.1813401579856872,90.0,f1,0.5985355790043291
Airports-USA,SDRF,gcn,12368,0.0,0.5840336134453782,0.5704310344827587,0.5084033613445378,0.4786902998584642,0.1706579178571701,106.0,f1,0.5704310344827587
Airports-USA,SDRF,gcn,12368,0.1,0.5840336134453782,0.5702785867852613,0.5252100840336135,0.4979975358943708,0.1721220016479492,114.0,f1,0.5702785867852613
Airports-USA,SDRF,gcn,12368,0.25,0.5798319327731093,0.5640793140302673,0.5252100840336135,0.4978608958725085,0.1680359989404678,114.0,f1,0.5640793140302673
Airports-USA,SDRF,gcn,12368,0.4,0.5840336134453782,0.5699743652644398,0.5210084033613446,0.4954360970201901,0.1246083453297615,145.0,f1,0.5699743652644398
Airports-USA,SDRF,gcn,12368,0.55,0.5798319327731093,0.5678804558592772,0.5252100840336135,0.5014347826365074,0.1560966074466705,119.0,f1,0.5678804558592772
Airports-USA,SDRF,gcn,12369,0.0,0.5966386554621849,0.5887924468032827,0.5462184873949579,0.5319218895515437,0.1443121135234832,156.0,f1,0.5887924468032827
Airports-USA,SDRF,gcn,12369,0.1,0.5966386554621849,0.5908959632613028,0.5504201680672269,0.5379012445166411,0.1437605917453766,160.0,f1,0.5908959632613028
Airports-USA,SDRF,gcn,12369,0.25,0.592436974789916,0.5879111533200564,0.5462184873949579,0.5371996332111464,0.1421523094177246,160.0,f1,0.5879111533200564
Airports-USA,SDRF,gcn,12369,0.4,0.592436974789916,0.5890254827535958,0.5168067226890757,0.5087603651313498,0.1443625539541244,158.0,f1,0.5890254827535958
Airports-USA,SDRF,gcn,12369,0.55,0.5966386554621849,0.59087636887471,0.5504201680672269,0.5353564061435736,0.1628234833478927,134.0,f1,0.59087636887471
Airports-USA,SDRF,gcn,12370,0.0,0.5756302521008403,0.5657435852486248,0.5504201680672269,0.5433623793159875,0.2421618402004242,87.0,f1,0.5657435852486248
Airports-USA,SDRF,gcn,12370,0.1,0.5882352941176471,0.5627747252747253,0.542016806722689,0.5304181873566648,0.1379986852407455,147.0,f1,0.5627747252747253
Airports-USA,SDRF,gcn,12370,0.25,0.5882352941176471,0.5653555626092834,0.5504201680672269,0.5332503883193538,0.1579518318176269,120.0,f1,0.5653555626092834
Airports-USA,SDRF,gcn,12370,0.4,0.5798319327731093,0.5559930854343774,0.5462184873949579,0.5252246551778395,0.196608766913414,106.0,f1,0.5559930854343774
Airports-USA,SDRF,gcn,12370,0.55,0.5798319327731093,0.5553285476698473,0.542016806722689,0.5238651429297883,0.180858239531517,109.0,f1,0.5553285476698473
Airports-USA,SDRF,gcn,12371,0.0,0.5546218487394958,0.5317847833012695,0.4789915966386555,0.4762843956809474,0.2187115997076034,88.0,f1,0.5317847833012695
Airports-USA,SDRF,gcn,12371,0.1,0.5672268907563025,0.542162748409267,0.5042016806722689,0.4892575322812051,0.1591602861881256,144.0,f1,0.542162748409267
Airports-USA,SDRF,gcn,12371,0.25,0.5588235294117647,0.5374421999074328,0.4747899159663865,0.4703110474821373,0.193099245429039,105.0,f1,0.5374421999074328
Airports-USA,SDRF,gcn,12371,0.4,0.5546218487394958,0.5288371032767437,0.4873949579831932,0.4819647689537371,0.2169045656919479,88.0,f1,0.5288371032767437
Airports-USA,SDRF,gcn,12371,0.55,0.5462184873949579,0.5215880221416712,0.4789915966386555,0.4690802015250545,0.2020031362771988,95.0,f1,0.5215880221416712
Airports-USA,SDRF,gcn,12372,0.0,0.5462184873949579,0.5400686611802166,0.5084033613445378,0.4889546238490317,0.0980231910943985,216.0,f1,0.5400686611802166
Airports-USA,SDRF,gcn,12372,0.1,0.5336134453781513,0.5310330563676463,0.5126050420168067,0.5020510144633856,0.1121602654457092,168.0,f1,0.5310330563676463
Airports-USA,SDRF,gcn,12372,0.25,0.5462184873949579,0.5393759804711034,0.5336134453781513,0.5242727302155578,0.0973579883575439,208.0,f1,0.5393759804711034
Airports-USA,SDRF,gcn,12372,0.4,0.5336134453781513,0.5326935523360771,0.5042016806722689,0.4957716926377752,0.0710852667689323,304.0,f1,0.5326935523360771
Airports-USA,SDRF,gcn,12372,0.55,0.5462184873949579,0.5464636265803647,0.5,0.4881696469436195,0.0652734041213989,336.0,f1,0.5464636265803647
Airports-USA,SDRF,gcn,12373,0.0,0.5966386554621849,0.5801707059271017,0.5588235294117647,0.5386313388305792,0.1653958559036255,132.0,f1,0.5801707059271017
Airports-USA,SDRF,gcn,12373,0.1,0.5966386554621849,0.5779422472041006,0.5546218487394958,0.53367572098354,0.1696276366710662,132.0,f1,0.5779422472041006
Airports-USA,SDRF,gcn,12373,0.25,0.6092436974789915,0.5911649108757528,0.5672268907563025,0.5492551826247184,0.1639271080493927,132.0,f1,0.5911649108757528
Airports-USA,SDRF,gcn,12373,0.4,0.5966386554621849,0.5808732876983467,0.5672268907563025,0.5490734510793384,0.1307960599660873,178.0,f1,0.5808732876983467
Airports-USA,SDRF,gcn,12373,0.55,0.5966386554621849,0.5775103317614482,0.5630252100840336,0.5421592775041051,0.203623279929161,108.0,f1,0.5775103317614482
Airports-USA,SDRF,gcn,12374,0.0,0.5504201680672269,0.5498883356699229,0.5882352941176471,0.5815958961573784,0.2193410098552703,92.0,f1,0.5498883356699229
Airports-USA,SDRF,gcn,12374,0.1,0.5294117647058824,0.5283297614491644,0.5882352941176471,0.5822395833333334,0.214369535446167,92.0,f1,0.5283297614491644
Airports-USA,SDRF,gcn,12374,0.25,0.542016806722689,0.5338982020083214,0.6134453781512605,0.601633149944352,0.211040660738945,93.0,f1,0.5338982020083214
Airports-USA,SDRF,gcn,12374,0.4,0.5294117647058824,0.5266869095816464,0.5714285714285714,0.5665070046089947,0.2240107506513595,90.0,f1,0.5266869095816464
Airports-USA,SDRF,gcn,12374,0.55,0.5252100840336135,0.5157389834362172,0.5966386554621849,0.5866800284451952,0.1803582608699798,112.0,f1,0.5157389834362172
Airports-USA,SDRF,sage,12345,0.0,0.6092436974789915,0.6065850649445739,0.5714285714285714,0.5643700542776637,0.5885993838310242,18.0,f1,0.6065850649445739
Airports-USA,SDRF,sage,12345,0.1,0.5966386554621849,0.5933092400591206,0.5672268907563025,0.5612426187954576,0.597974956035614,18.0,f1,0.5933092400591206
Airports-USA,SDRF,sage,12345,0.25,0.592436974789916,0.5858455172419536,0.5336134453781513,0.5245144798506494,0.0097473990172147,125.0,f1,0.5858455172419536
Airports-USA,SDRF,sage,12345,0.4,0.5882352941176471,0.5806337477374133,0.5546218487394958,0.5455749396532806,0.4261119067668915,21.0,f1,0.5806337477374133
Airports-USA,SDRF,sage,12345,0.55,0.592436974789916,0.5810603916928195,0.5252100840336135,0.5163499214055527,0.0064959092997014,108.0,f1,0.5810603916928195
Airports-USA,SDRF,sage,12346,0.0,0.5798319327731093,0.5679243649732949,0.5462184873949579,0.5364956034494925,0.0071978974156081,149.0,f1,0.5679243649732949
Airports-USA,SDRF,sage,12346,0.1,0.5798319327731093,0.5673810445345572,0.5504201680672269,0.5372659364218001,0.0089371409267187,137.0,f1,0.5673810445345572
Airports-USA,SDRF,sage,12346,0.25,0.5798319327731093,0.5656300673965887,0.5588235294117647,0.5505818655643422,0.0053619756363332,140.0,f1,0.5656300673965887
Airports-USA,SDRF,sage,12346,0.4,0.5756302521008403,0.5628617350830492,0.542016806722689,0.5316278061979453,0.0046293423511087,148.0,f1,0.5628617350830492
Airports-USA,SDRF,sage,12346,0.55,0.5714285714285714,0.5509723251786678,0.5756302521008403,0.5673680624943228,0.0052738101221621,230.0,f1,0.5509723251786678
Airports-USA,SDRF,sage,12347,0.0,0.6008403361344538,0.5908026960784314,0.5588235294117647,0.5384958113255077,0.0043729161843657,302.0,f1,0.5908026960784314
Airports-USA,SDRF,sage,12347,0.1,0.6050420168067226,0.5990272958177383,0.5672268907563025,0.548167440544936,0.0037783016450703,378.0,f1,0.5990272958177383
Airports-USA,SDRF,sage,12347,0.25,0.6008403361344538,0.5925137332889452,0.5462184873949579,0.5264541829964791,0.0063707241788506,118.0,f1,0.5925137332889452
Airports-USA,SDRF,sage,12347,0.4,0.5882352941176471,0.5764720494721567,0.5462184873949579,0.5254127278023225,0.0058706696145236,119.0,f1,0.5764720494721567
Airports-USA,SDRF,sage,12347,0.55,0.5882352941176471,0.5816803087355161,0.5462184873949579,0.5268993705193215,0.0050758966244757,157.0,f1,0.5816803087355161
Airports-USA,SDRF,sage,12348,0.0,0.5756302521008403,0.5632430601636805,0.5210084033613446,0.5148353241370169,0.0045214793644845,146.0,f1,0.5632430601636805
Airports-USA,SDRF,sage,12348,0.1,0.5714285714285714,0.5594753795491165,0.5252100840336135,0.5191054674573149,0.0048027988523244,147.0,f1,0.5594753795491165
Airports-USA,SDRF,sage,12348,0.25,0.5630252100840336,0.5499065519613278,0.5294117647058824,0.5222427894239192,0.0049778809770941,147.0,f1,0.5499065519613278
Airports-USA,SDRF,sage,12348,0.4,0.5546218487394958,0.543019722045673,0.542016806722689,0.5327632347169496,0.0041262391023337,190.0,f1,0.543019722045673
Airports-USA,SDRF,sage,12348,0.55,0.5462184873949579,0.5336760053072056,0.5504201680672269,0.5409983972381511,0.0041657602414488,190.0,f1,0.5336760053072056
Airports-USA,SDRF,sage,12349,0.0,0.6386554621848739,0.6324174195425709,0.5504201680672269,0.5445447105729084,0.0052023758180439,272.0,f1,0.6324174195425709
Airports-USA,SDRF,sage,12349,0.1,0.6470588235294118,0.6396633483263552,0.5504201680672269,0.5451741864881114,0.0043524685315787,276.0,f1,0.6396633483263552
Airports-USA,SDRF,sage,12349,0.25,0.6470588235294118,0.6431282435293989,0.5630252100840336,0.5609967332211901,0.004089965019375,294.0,f1,0.6431282435293989
Airports-USA,SDRF,sage,12349,0.4,0.6386554621848739,0.6336625204705618,0.5378151260504201,0.5363263809159331,0.0051134983077645,275.0,f1,0.6336625204705618
Airports-USA,SDRF,sage,12349,0.55,0.6302521008403361,0.6271140034961353,0.5588235294117647,0.5599433962264151,0.0047321496531367,294.0,f1,0.6271140034961353
Airports-USA,SDRF,sage,12350,0.0,0.6008403361344538,0.5916129358762713,0.6008403361344538,0.5965741416154117,0.5167102217674255,20.0,f1,0.5916129358762713
Airports-USA,SDRF,sage,12350,0.1,0.6050420168067226,0.5973599467376215,0.5798319327731093,0.5752206603465184,0.5201676487922668,20.0,f1,0.5973599467376215
Airports-USA,SDRF,sage,12350,0.25,0.6092436974789915,0.6000917185127712,0.5882352941176471,0.5825967114670667,0.5177068710327148,20.0,f1,0.6000917185127712
Airports-USA,SDRF,sage,12350,0.4,0.5966386554621849,0.5810685141512383,0.5798319327731093,0.5731622797316228,0.5941434502601624,19.0,f1,0.5810685141512383
Airports-USA,SDRF,sage,12350,0.55,0.5798319327731093,0.5689917223064381,0.5756302521008403,0.5705692850032421,0.5128758549690247,20.0,f1,0.5689917223064381
Airports-USA,SDRF,sage,12351,0.0,0.5756302521008403,0.5715926165282429,0.5504201680672269,0.5447057755830623,0.0062783439643681,193.0,f1,0.5715926165282429
Airports-USA,SDRF,sage,12351,0.1,0.5840336134453782,0.5785637095981924,0.5378151260504201,0.5303913428913429,0.0048995944671332,300.0,f1,0.5785637095981924
Airports-USA,SDRF,sage,12351,0.25,0.5672268907563025,0.5623502523520439,0.5546218487394958,0.5482289981606454,0.0043687084689736,187.0,f1,0.5623502523520439
Airports-USA,SDRF,sage,12351,0.4,0.5672268907563025,0.562188652914468,0.5336134453781513,0.5249404552975981,0.0038226344622671,367.0,f1,0.562188652914468
Airports-USA,SDRF,sage,12351,0.55,0.5714285714285714,0.5678583770949002,0.5504201680672269,0.5439965032216408,0.0039898864924907,184.0,f1,0.5678583770949002
Airports-USA,SDRF,sage,12352,0.0,0.6218487394957983,0.6147607419157345,0.5378151260504201,0.5285501983234084,0.5556631088256836,19.0,f1,0.6147607419157345
Airports-USA,SDRF,sage,12352,0.1,0.6218487394957983,0.614673113735839,0.5378151260504201,0.5277666971605728,0.5528552532196045,19.0,f1,0.614673113735839
Airports-USA,SDRF,sage,12352,0.25,0.6092436974789915,0.6007575757575757,0.542016806722689,0.5370228272114217,0.0046120528131723,330.0,f1,0.6007575757575757
Airports-USA,SDRF,sage,12352,0.4,0.6050420168067226,0.5996307798481711,0.5462184873949579,0.5425116089662549,0.0038701351732015,244.0,f1,0.5996307798481711
Airports-USA,SDRF,sage,12352,0.55,0.6092436974789915,0.5999336576735957,0.5462184873949579,0.5401801154895203,0.0032233360689133,365.0,f1,0.5999336576735957
Airports-USA,SDRF,sage,12353,0.0,0.5714285714285714,0.5637242470532543,0.5630252100840336,0.547574007900457,0.8464068174362183,15.0,f1,0.5637242470532543
Airports-USA,SDRF,sage,12353,0.1,0.5840336134453782,0.5755653614324336,0.5546218487394958,0.5385354297119003,0.6454812288284302,17.0,f1,0.5755653614324336
Airports-USA,SDRF,sage,12353,0.25,0.5840336134453782,0.5755653614324336,0.5588235294117647,0.5430169691188309,0.6541699171066284,17.0,f1,0.5755653614324336
Airports-USA,SDRF,sage,12353,0.4,0.5840336134453782,0.5786115642575997,0.5672268907563025,0.556386134292881,0.556358814239502,18.0,f1,0.5786115642575997
Airports-USA,SDRF,sage,12353,0.55,0.5882352941176471,0.5829615435393838,0.5588235294117647,0.5476179320429465,0.5557745695114136,18.0,f1,0.5829615435393838
Airports-USA,SDRF,sage,12354,0.0,0.5672268907563025,0.5565760905760906,0.5378151260504201,0.5307197891061033,0.2979791462421417,26.0,f1,0.5565760905760906
Airports-USA,SDRF,sage,12354,0.1,0.5714285714285714,0.5600762873490146,0.5462184873949579,0.5396604413089409,0.298031747341156,26.0,f1,0.5600762873490146
Airports-USA,SDRF,sage,12354,0.25,0.5630252100840336,0.55489506604505,0.5336134453781513,0.528894993894994,0.2070472836494445,29.0,f1,0.55489506604505
Airports-USA,SDRF,sage,12354,0.4,0.5630252100840336,0.5491203703703704,0.5588235294117647,0.5452378464620733,0.4542281329631805,22.0,f1,0.5491203703703704
Airports-USA,SDRF,sage,12354,0.55,0.5756302521008403,0.5556218382096861,0.5378151260504201,0.5145396051974013,1.361802577972412,7.0,f1,0.5556218382096861
Airports-USA,SDRF,sage,12355,0.0,0.5882352941176471,0.5780394605994416,0.5882352941176471,0.5864788043169978,0.0050027468241751,110.0,f1,0.5780394605994416
Airports-USA,SDRF,sage,12355,0.1,0.5798319327731093,0.5740242234463184,0.6218487394957983,0.6217440042061717,0.006296404171735,80.0,f1,0.5740242234463184
Airports-USA,SDRF,sage,12355,0.25,0.5966386554621849,0.5883267490760801,0.592436974789916,0.5908648277280953,0.0056083481758832,99.0,f1,0.5883267490760801
Airports-USA,SDRF,sage,12355,0.4,0.6008403361344538,0.5952691939829665,0.5756302521008403,0.5756706500203475,0.0108392583206295,101.0,f1,0.5952691939829665
Airports-USA,SDRF,sage,12355,0.55,0.6008403361344538,0.5948606746453841,0.5840336134453782,0.5833752317997571,0.0057927821762859,99.0,f1,0.5948606746453841
Airports-USA,SDRF,sage,12356,0.0,0.5966386554621849,0.5886589176229768,0.5210084033613446,0.5178548137658612,0.0055709490552544,186.0,f1,0.5886589176229768
Airports-USA,SDRF,sage,12356,0.1,0.5756302521008403,0.5681139199788776,0.4663865546218487,0.4634257727587973,0.0044971322640776,214.0,f1,0.5681139199788776
Airports-USA,SDRF,sage,12356,0.25,0.5840336134453782,0.5752643778067507,0.4957983193277311,0.4907252955159186,0.0054999031126499,189.0,f1,0.5752643778067507
Airports-USA,SDRF,sage,12356,0.4,0.5630252100840336,0.5475298397833609,0.5252100840336135,0.5201093517234294,0.0048255012370646,292.0,f1,0.5475298397833609
Airports-USA,SDRF,sage,12356,0.55,0.5672268907563025,0.5579579498705478,0.4915966386554621,0.4783182694250587,0.3918066918849945,24.0,f1,0.5579579498705478
Airports-USA,SDRF,sage,12357,0.0,0.5840336134453782,0.5784713035820244,0.5,0.4964226657420774,0.0057649794034659,129.0,f1,0.5784713035820244
Airports-USA,SDRF,sage,12357,0.1,0.6050420168067226,0.6032811156431122,0.5126050420168067,0.5074394981017695,0.0063525447621941,143.0,f1,0.6032811156431122
Airports-USA,SDRF,sage,12357,0.25,0.5882352941176471,0.5827993920156361,0.5210084033613446,0.5131415962023439,0.0054726009257137,129.0,f1,0.5827993920156361
Airports-USA,SDRF,sage,12357,0.4,0.5882352941176471,0.5817846350803324,0.5168067226890757,0.5089628653937586,0.0057651000097393,124.0,f1,0.5817846350803324
Airports-USA,SDRF,sage,12357,0.55,0.5798319327731093,0.5744433297027413,0.5378151260504201,0.5308850036122763,0.0059335632249712,124.0,f1,0.5744433297027413
Airports-USA,SDRF,sage,12358,0.0,0.6050420168067226,0.5961195200738444,0.5378151260504201,0.5256283341143031,0.0040958388708531,364.0,f1,0.5961195200738444
Airports-USA,SDRF,sage,12358,0.1,0.6008403361344538,0.5902036142857303,0.5336134453781513,0.5210125227979472,0.0040360293351113,366.0,f1,0.5902036142857303
Airports-USA,SDRF,sage,12358,0.25,0.5882352941176471,0.5811440080128685,0.542016806722689,0.5346729599910455,0.2576757669448852,23.0,f1,0.5811440080128685
Airports-USA,SDRF,sage,12358,0.4,0.5798319327731093,0.5692630301231023,0.5210084033613446,0.510943266195367,0.0042901416309177,198.0,f1,0.5692630301231023
Airports-USA,SDRF,sage,12358,0.55,0.5798319327731093,0.5659150886423614,0.5294117647058824,0.5156808180794006,0.0033115346450358,273.0,f1,0.5659150886423614
Airports-USA,SDRF,sage,12359,0.0,0.6008403361344538,0.5915034180986513,0.6428571428571429,0.6367119471725584,0.0051516904495656,289.0,f1,0.5915034180986513
Airports-USA,SDRF,sage,12359,0.1,0.6134453781512605,0.6029698406069842,0.6134453781512605,0.6069202083136608,0.0053005116060376,211.0,f1,0.6029698406069842
Airports-USA,SDRF,sage,12359,0.25,0.6134453781512605,0.607834629896392,0.6218487394957983,0.6172979865334234,0.003946749959141,285.0,f1,0.607834629896392
Airports-USA,SDRF,sage,12359,0.4,0.6092436974789915,0.602683526240685,0.6176470588235294,0.6125703684623447,0.0047836592420935,282.0,f1,0.602683526240685
Airports-USA,SDRF,sage,12359,0.55,0.6008403361344538,0.5959075646575647,0.6176470588235294,0.6098282095230975,0.0038787736557424,332.0,f1,0.5959075646575647
Airports-USA,SDRF,sage,12360,0.0,0.6092436974789915,0.6054686022115601,0.634453781512605,0.6243308080808081,0.0066256229765713,92.0,f1,0.6054686022115601
Airports-USA,SDRF,sage,12360,0.1,0.6134453781512605,0.6054280332599535,0.5756302521008403,0.5637132277124746,0.0066585862077772,73.0,f1,0.6054280332599535
Airports-USA,SDRF,sage,12360,0.25,0.592436974789916,0.5875560520123668,0.6512605042016807,0.6461752808246652,0.0077366228215396,97.0,f1,0.5875560520123668
Airports-USA,SDRF,sage,12360,0.4,0.6008403361344538,0.5971921718461914,0.6134453781512605,0.6044233250335478,0.0052948263473808,143.0,f1,0.5971921718461914
Airports-USA,SDRF,sage,12360,0.55,0.5882352941176471,0.5838203930230667,0.592436974789916,0.5832436718890047,0.0041455151513218,284.0,f1,0.5838203930230667
Airports-USA,SDRF,sage,12361,0.0,0.592436974789916,0.5852305376133045,0.5672268907563025,0.5581889332407144,0.382243275642395,22.0,f1,0.5852305376133045
Airports-USA,SDRF,sage,12361,0.1,0.5882352941176471,0.5809108807295321,0.5588235294117647,0.5491345699798011,0.3822298347949981,22.0,f1,0.5809108807295321
Airports-USA,SDRF,sage,12361,0.25,0.592436974789916,0.582164811165184,0.5756302521008403,0.5653236858767757,0.480794221162796,21.0,f1,0.582164811165184
Airports-USA,SDRF,sage,12361,0.4,0.5882352941176471,0.5789546427167207,0.6008403361344538,0.5903403227319636,0.4689671397209167,21.0,f1,0.5789546427167207
Airports-USA,SDRF,sage,12361,0.55,0.6050420168067226,0.5947945604875791,0.5756302521008403,0.5651035728060478,0.3839369416236877,22.0,f1,0.5947945604875791
Airports-USA,SDRF,sage,12362,0.0,0.5714285714285714,0.5645206375841204,0.5294117647058824,0.5201903289529652,0.0040848450735211,290.0,f1,0.5645206375841204
Airports-USA,SDRF,sage,12362,0.1,0.5714285714285714,0.5652846620177892,0.5336134453781513,0.527073918100097,0.0055221584625542,201.0,f1,0.5652846620177892
Airports-USA,SDRF,sage,12362,0.25,0.5714285714285714,0.5588942867168674,0.5336134453781513,0.5182180480888008,0.7404329776763916,17.0,f1,0.5588942867168674
Airports-USA,SDRF,sage,12362,0.4,0.5756302521008403,0.5618404583921824,0.5336134453781513,0.5187879116772006,0.7363659143447876,17.0,f1,0.5618404583921824
Airports-USA,SDRF,sage,12362,0.55,0.5840336134453782,0.5715074502685121,0.5504201680672269,0.5359423314780458,0.7518182992935181,17.0,f1,0.5715074502685121
Airports-USA,SDRF,sage,12363,0.0,0.5798319327731093,0.564368530020704,0.5042016806722689,0.4883325760261244,0.0057125450111925,328.0,f1,0.564368530020704
Airports-USA,SDRF,sage,12363,0.1,0.5714285714285714,0.5538600735073507,0.5,0.4771624471030681,0.0044931694865226,393.0,f1,0.5538600735073507
Airports-USA,SDRF,sage,12363,0.25,0.5672268907563025,0.5528813173568237,0.5126050420168067,0.4918241115609537,0.6541473865509033,20.0,f1,0.5528813173568237
Airports-USA,SDRF,sage,12363,0.4,0.5672268907563025,0.5541205560873135,0.5042016806722689,0.4869142789309805,0.6510818600654602,20.0,f1,0.5541205560873135
Airports-USA,SDRF,sage,12363,0.55,0.5588235294117647,0.545285596756185,0.5084033613445378,0.4920182919550808,0.6380568742752075,20.0,f1,0.545285596756185
Airports-USA,SDRF,sage,12364,0.0,0.6008403361344538,0.5961496879453536,0.5546218487394958,0.5492830741674595,0.0044269179925322,178.0,f1,0.5961496879453536
Airports-USA,SDRF,sage,12364,0.1,0.6050420168067226,0.6044267905280141,0.5168067226890757,0.5171393969113307,0.0081454161554574,83.0,f1,0.6044267905280141
Airports-USA,SDRF,sage,12364,0.25,0.6008403361344538,0.59797407944603,0.542016806722689,0.5366807038199336,0.0065723052248358,119.0,f1,0.59797407944603
Airports-USA,SDRF,sage,12364,0.4,0.5966386554621849,0.5952794509141301,0.542016806722689,0.5382555662728077,0.0046454118564724,110.0,f1,0.5952794509141301
Airports-USA,SDRF,sage,12364,0.55,0.6008403361344538,0.5977298115648058,0.5588235294117647,0.5539479742333724,0.0049377079121768,189.0,f1,0.5977298115648058
Airports-USA,SDRF,sage,12365,0.0,0.5462184873949579,0.5414358541416372,0.5546218487394958,0.539282353104804,1.09591543674469,15.0,f1,0.5414358541416372
Airports-USA,SDRF,sage,12365,0.1,0.5378151260504201,0.5318999741053566,0.5462184873949579,0.527820945945946,1.0966423749923706,15.0,f1,0.5318999741053566
Airports-USA,SDRF,sage,12365,0.25,0.5294117647058824,0.5156173075290722,0.5756302521008403,0.5681360987791343,0.0056484388187527,138.0,f1,0.5156173075290722
Airports-USA,SDRF,sage,12365,0.4,0.5252100840336135,0.517338985201058,0.5672268907563025,0.55973515946601,0.0076015349477529,70.0,f1,0.517338985201058
Airports-USA,SDRF,sage,12365,0.55,0.542016806722689,0.5214890498008167,0.5714285714285714,0.5599167139236579,0.0049076909199357,160.0,f1,0.5214890498008167
Airports-USA,SDRF,sage,12366,0.0,0.5588235294117647,0.5508062410236323,0.5084033613445378,0.4911712987495107,0.0088676204904913,102.0,f1,0.5508062410236323
Airports-USA,SDRF,sage,12366,0.1,0.5546218487394958,0.5464127656274369,0.4789915966386555,0.4591921418597872,0.0083065386861562,99.0,f1,0.5464127656274369
Airports-USA,SDRF,sage,12366,0.25,0.5546218487394958,0.5372249435797617,0.4957983193277311,0.4696249788462903,0.9948480725288392,14.0,f1,0.5372249435797617
Airports-USA,SDRF,sage,12366,0.4,0.5546218487394958,0.540157291388963,0.5042016806722689,0.4803733819746801,0.8227983713150024,16.0,f1,0.540157291388963
Airports-USA,SDRF,sage,12366,0.55,0.5546218487394958,0.5407328181413454,0.5126050420168067,0.4879779602645354,0.8190852999687195,16.0,f1,0.5407328181413454
Airports-USA,SDRF,sage,12367,0.0,0.5504201680672269,0.5319926152279093,0.5252100840336135,0.4990886116677255,1.3525806665420532,7.0,f1,0.5319926152279093
Airports-USA,SDRF,sage,12367,0.1,0.5546218487394958,0.5209761050281543,0.5294117647058824,0.5084471722161529,0.7699919939041138,17.0,f1,0.5209761050281543
Airports-USA,SDRF,sage,12367,0.25,0.5756302521008403,0.551613644412833,0.5252100840336135,0.508572326366444,0.5023816823959351,20.0,f1,0.551613644412833
Airports-USA,SDRF,sage,12367,0.4,0.5714285714285714,0.5468712003828455,0.5294117647058824,0.512373544459106,0.4912385940551758,20.0,f1,0.5468712003828455
Airports-USA,SDRF,sage,12367,0.55,0.5714285714285714,0.5428505602924207,0.5336134453781513,0.5156599201028047,0.4958490431308746,20.0,f1,0.5428505602924207
Airports-USA,SDRF,sage,12368,0.0,0.5462184873949579,0.5330683194838834,0.5840336134453782,0.5763832632559023,0.4918164312839508,20.0,f1,0.5330683194838834
Airports-USA,SDRF,sage,12368,0.1,0.5588235294117647,0.5458104389141669,0.5756302521008403,0.566567265854565,0.4959996044635772,20.0,f1,0.5458104389141669
Airports-USA,SDRF,sage,12368,0.25,0.5630252100840336,0.5501276351953371,0.5756302521008403,0.5647229744172021,0.4932205379009247,20.0,f1,0.5501276351953371
Airports-USA,SDRF,sage,12368,0.4,0.5756302521008403,0.5664765985497693,0.5756302521008403,0.5631303146630897,0.005855472292751,162.0,f1,0.5664765985497693
Airports-USA,SDRF,sage,12368,0.55,0.5588235294117647,0.5470683458191996,0.5756302521008403,0.5640483636770977,0.5070428848266602,20.0,f1,0.5470683458191996
Airports-USA,SDRF,sage,12369,0.0,0.5756302521008403,0.5649586289512805,0.5168067226890757,0.4942496532606794,0.0048408042639493,71.0,f1,0.5649586289512805
Airports-USA,SDRF,sage,12369,0.1,0.5756302521008403,0.5678150170017408,0.5210084033613446,0.4965987889011025,0.0078688031062483,155.0,f1,0.5678150170017408
Airports-USA,SDRF,sage,12369,0.25,0.5714285714285714,0.5646258119359604,0.5168067226890757,0.4915062344595582,0.0073464117012917,155.0,f1,0.5646258119359604
Airports-USA,SDRF,sage,12369,0.4,0.5672268907563025,0.5574305074305074,0.5126050420168067,0.4879435935892132,0.0074413074180483,75.0,f1,0.5574305074305074
Airports-USA,SDRF,sage,12369,0.55,0.5798319327731093,0.5693674439376056,0.5378151260504201,0.5154995679484942,0.0086822900921106,73.0,f1,0.5693674439376056
Airports-USA,SDRF,sage,12370,0.0,0.592436974789916,0.5839070378364866,0.6260504201680672,0.6206235873887385,0.0044447239488363,236.0,f1,0.5839070378364866
Airports-USA,SDRF,sage,12370,0.1,0.5966386554621849,0.5870012870012871,0.6134453781512605,0.6058902429208971,0.004946959670633,287.0,f1,0.5870012870012871
Airports-USA,SDRF,sage,12370,0.25,0.6008403361344538,0.5911738942712393,0.6050420168067226,0.5969518347864915,0.0071794460527598,162.0,f1,0.5911738942712393
Airports-USA,SDRF,sage,12370,0.4,0.5882352941176471,0.5788187517811342,0.5714285714285714,0.5623857694662961,0.0064423684962093,196.0,f1,0.5788187517811342
Airports-USA,SDRF,sage,12370,0.55,0.5966386554621849,0.5879340446517923,0.5714285714285714,0.5623063700505687,0.0054380050860345,151.0,f1,0.5879340446517923
Airports-USA,SDRF,sage,12371,0.0,0.5882352941176471,0.5789534740995542,0.592436974789916,0.5849475051214515,0.0035200717393308,310.0,f1,0.5789534740995542
Airports-USA,SDRF,sage,12371,0.1,0.6008403361344538,0.5982610265395774,0.6092436974789915,0.6011627814967795,0.0049413768574595,359.0,f1,0.5982610265395774
Airports-USA,SDRF,sage,12371,0.25,0.5714285714285714,0.5652666453425654,0.6092436974789915,0.5960730261161271,0.0063893483020365,284.0,f1,0.5652666453425654
Airports-USA,SDRF,sage,12371,0.4,0.5630252100840336,0.5529431772709084,0.5882352941176471,0.5675293440941866,0.004338196478784,356.0,f1,0.5529431772709084
Airports-USA,SDRF,sage,12371,0.55,0.5588235294117647,0.5470260329969996,0.5546218487394958,0.5423524257132093,0.0055971280671656,188.0,f1,0.5470260329969996
Airports-USA,SDRF,sage,12372,0.0,0.5882352941176471,0.582149293876612,0.6050420168067226,0.6017794221282593,0.0042214319109916,255.0,f1,0.582149293876612
Airports-USA,SDRF,sage,12372,0.1,0.592436974789916,0.5859703152607234,0.5966386554621849,0.5932346723044397,0.0038507955614477,254.0,f1,0.5859703152607234
Airports-USA,SDRF,sage,12372,0.25,0.5882352941176471,0.5816985414855598,0.592436974789916,0.5879803581861945,0.0041986601427197,255.0,f1,0.5816985414855598
Airports-USA,SDRF,sage,12372,0.4,0.5840336134453782,0.5785048693697635,0.5546218487394958,0.5515192354814996,0.0048233503475785,140.0,f1,0.5785048693697635
Airports-USA,SDRF,sage,12372,0.55,0.5798319327731093,0.5761562172286432,0.5546218487394958,0.5534567017397569,0.004473736975342,123.0,f1,0.5761562172286432
Airports-USA,SDRF,sage,12373,0.0,0.6596638655462185,0.6548510859549714,0.5168067226890757,0.5003875215412488,0.0039972811937332,389.0,f1,0.6548510859549714
Airports-USA,SDRF,sage,12373,0.1,0.6512605042016807,0.6474447879734531,0.5084033613445378,0.4923332287052346,0.0041391029953956,390.0,f1,0.6474447879734531
Airports-USA,SDRF,sage,12373,0.25,0.6428571428571429,0.6388653981677237,0.5168067226890757,0.5032867757948976,0.0061325165443122,387.0,f1,0.6388653981677237
Airports-USA,SDRF,sage,12373,0.4,0.6428571428571429,0.6353485378761115,0.5126050420168067,0.4967833614028135,0.0043678088113665,399.0,f1,0.6353485378761115
Airports-USA,SDRF,sage,12373,0.55,0.6260504201680672,0.6193100912913871,0.4621848739495798,0.4493443578846923,0.0058286278508603,150.0,f1,0.6193100912913871
Airports-USA,SDRF,sage,12374,0.0,0.5672268907563025,0.5624615853359082,0.5588235294117647,0.5534623035217416,0.5791690349578857,21.0,f1,0.5624615853359082
Airports-USA,SDRF,sage,12374,0.1,0.5714285714285714,0.5656878941040594,0.5546218487394958,0.5478961115040603,0.5672351121902466,21.0,f1,0.5656878941040594
Airports-USA,SDRF,sage,12374,0.25,0.5714285714285714,0.5654516945883852,0.5504201680672269,0.5416779855333373,0.5509726405143738,21.0,f1,0.5654516945883852
Airports-USA,SDRF,sage,12374,0.4,0.5798319327731093,0.5702394426160897,0.5294117647058824,0.5160767478993796,0.720405101776123,19.0,f1,0.5702394426160897
Airports-USA,SDRF,sage,12374,0.55,0.5966386554621849,0.5885720575570199,0.5588235294117647,0.5487135457355827,0.5651553273200989,21.0,f1,0.5885720575570199
Airports-USA,SDRF,gat,12345,0.0,0.5462184873949579,0.5346116179602981,0.5546218487394958,0.5479474041199872,0.0272991359233856,141.0,f1,0.5346116179602981
Airports-USA,SDRF,gat,12345,0.1,0.5756302521008403,0.5608655982242416,0.5462184873949579,0.541646580753853,0.0312593765556812,135.0,f1,0.5608655982242416
Airports-USA,SDRF,gat,12345,0.25,0.5756302521008403,0.5608661472171637,0.5378151260504201,0.5277294596690816,0.0585102438926696,103.0,f1,0.5608661472171637
Airports-USA,SDRF,gat,12345,0.4,0.5966386554621849,0.5825669500838684,0.5588235294117647,0.5420204774325461,0.0605281330645084,102.0,f1,0.5825669500838684
Airports-USA,SDRF,gat,12345,0.55,0.5840336134453782,0.5743411536889798,0.5378151260504201,0.5230655813298607,0.070588931441307,107.0,f1,0.5743411536889798
Airports-USA,SDRF,gat,12346,0.0,0.6008403361344538,0.5959282727427888,0.6176470588235294,0.6086023883237506,0.0481237731873989,114.0,f1,0.5959282727427888
Airports-USA,SDRF,gat,12346,0.1,0.5756302521008403,0.5736172489628371,0.6302521008403361,0.6205515051531761,0.0438474081456661,132.0,f1,0.5736172489628371
Airports-USA,SDRF,gat,12346,0.25,0.6008403361344538,0.5968897900518454,0.5630252100840336,0.5543222887927911,0.0391696691513061,386.0,f1,0.5968897900518454
Airports-USA,SDRF,gat,12346,0.4,0.6050420168067226,0.5985017810993923,0.6092436974789915,0.5969182277426128,0.0453828386962413,151.0,f1,0.5985017810993923
Airports-USA,SDRF,gat,12346,0.55,0.6050420168067226,0.6025422194853269,0.6218487394957983,0.6075445631090195,0.043748565018177,186.0,f1,0.6025422194853269
Airports-USA,SDRF,gat,12347,0.0,0.634453781512605,0.6338512149045665,0.5966386554621849,0.5907805776824371,0.0543856732547283,117.0,f1,0.6338512149045665
Airports-USA,SDRF,gat,12347,0.1,0.6218487394957983,0.6227562584625099,0.5756302521008403,0.5691905484224073,0.0440237149596214,176.0,f1,0.6227562584625099
Airports-USA,SDRF,gat,12347,0.25,0.6260504201680672,0.6258051321138212,0.5798319327731093,0.5719009672498044,0.0391244255006313,385.0,f1,0.6258051321138212
Airports-USA,SDRF,gat,12347,0.4,0.6176470588235294,0.6182701663831323,0.5756302521008403,0.5683615676620569,0.0520666800439357,125.0,f1,0.6182701663831323
Airports-USA,SDRF,gat,12347,0.55,0.6176470588235294,0.6175331699973793,0.5630252100840336,0.5549232966708924,0.0446652732789516,322.0,f1,0.6175331699973793
Airports-USA,SDRF,gat,12348,0.0,0.6512605042016807,0.6521962407168403,0.6050420168067226,0.5998885028735775,0.0397963225841522,106.0,f1,0.6521962407168403
Airports-USA,SDRF,gat,12348,0.1,0.6512605042016807,0.6512499912591212,0.5630252100840336,0.5549082217509658,0.0200546607375144,363.0,f1,0.6512499912591212
Airports-USA,SDRF,gat,12348,0.25,0.6386554621848739,0.6410107662521866,0.5210084033613446,0.5225982066943166,0.0237731523811817,338.0,f1,0.6410107662521866
Airports-USA,SDRF,gat,12348,0.4,0.6218487394957983,0.6255608842267562,0.5504201680672269,0.5456036036036036,0.0199606269598007,358.0,f1,0.6255608842267562
Airports-USA,SDRF,gat,12348,0.55,0.6260504201680672,0.6307164233951913,0.5462184873949579,0.542153639806438,0.0205284599214792,274.0,f1,0.6307164233951913
Airports-USA,SDRF,gat,12349,0.0,0.6176470588235294,0.6145926022900992,0.5294117647058824,0.5205634353142632,0.031792938709259,190.0,f1,0.6145926022900992
Airports-USA,SDRF,gat,12349,0.1,0.592436974789916,0.5876991421568627,0.542016806722689,0.532560425217405,0.0496092624962329,100.0,f1,0.5876991421568627
Airports-USA,SDRF,gat,12349,0.25,0.5714285714285714,0.5662903481505743,0.5210084033613446,0.5084014383785551,0.0328126400709152,118.0,f1,0.5662903481505743
Airports-USA,SDRF,gat,12349,0.4,0.5756302521008403,0.5710695448925772,0.5378151260504201,0.5273515011035436,0.0390261113643646,122.0,f1,0.5710695448925772
Airports-USA,SDRF,gat,12349,0.55,0.5672268907563025,0.5634843602737631,0.5336134453781513,0.5239898326803701,0.0318764001131057,129.0,f1,0.5634843602737631
Airports-USA,SDRF,gat,12350,0.0,0.6302521008403361,0.6227885780035649,0.6008403361344538,0.6010287107909181,0.0251016430556774,224.0,f1,0.6227885780035649
Airports-USA,SDRF,gat,12350,0.1,0.634453781512605,0.628585576783905,0.6008403361344538,0.60170423781705,0.0399076454341411,98.0,f1,0.628585576783905
Airports-USA,SDRF,gat,12350,0.25,0.6470588235294118,0.6418630102002212,0.5756302521008403,0.5710504567647425,0.038315325975418,95.0,f1,0.6418630102002212
Airports-USA,SDRF,gat,12350,0.4,0.6092436974789915,0.6041296832663738,0.5714285714285714,0.5668929035485704,0.0332767516374588,112.0,f1,0.6041296832663738
Airports-USA,SDRF,gat,12350,0.55,0.6134453781512605,0.6082954163732465,0.5672268907563025,0.5612624439577409,0.0455496422946453,98.0,f1,0.6082954163732465
Airports-USA,SDRF,gat,12351,0.0,0.6596638655462185,0.6573931206891359,0.5462184873949579,0.5399608618055498,0.0360922813415527,145.0,f1,0.6573931206891359
Airports-USA,SDRF,gat,12351,0.1,0.6512605042016807,0.6500861307297774,0.542016806722689,0.5311658818866927,0.0108608184382319,370.0,f1,0.6500861307297774
Airports-USA,SDRF,gat,12351,0.25,0.6428571428571429,0.639629021080634,0.542016806722689,0.5353043881187362,0.0245084576308727,152.0,f1,0.639629021080634
Airports-USA,SDRF,gat,12351,0.4,0.6386554621848739,0.6356358354568379,0.5336134453781513,0.5254712319668213,0.0147259775549173,334.0,f1,0.6356358354568379
Airports-USA,SDRF,gat,12351,0.55,0.6302521008403361,0.6285505473561093,0.5462184873949579,0.5352981439979893,0.0599898472428321,94.0,f1,0.6285505473561093
Airports-USA,SDRF,gat,12352,0.0,0.6428571428571429,0.63787070724192,0.5966386554621849,0.5957145981752281,0.0285834781825542,115.0,f1,0.63787070724192
Airports-USA,SDRF,gat,12352,0.1,0.6428571428571429,0.634409085113535,0.5714285714285714,0.567990264381286,0.0166530832648277,236.0,f1,0.634409085113535
Airports-USA,SDRF,gat,12352,0.25,0.6554621848739496,0.650616750955964,0.6092436974789915,0.6059883535165539,0.0342493131756782,127.0,f1,0.650616750955964
Airports-USA,SDRF,gat,12352,0.4,0.6386554621848739,0.6347543873890554,0.592436974789916,0.5882249812418006,0.0250851418823003,118.0,f1,0.6347543873890554
Airports-USA,SDRF,gat,12352,0.55,0.6638655462184874,0.6581813066350127,0.5672268907563025,0.5664242424242424,0.0247455425560474,147.0,f1,0.6581813066350127
Airports-USA,SDRF,gat,12353,0.0,0.592436974789916,0.5882383530972204,0.5798319327731093,0.5755790682384896,0.0341398566961288,156.0,f1,0.5882383530972204
Airports-USA,SDRF,gat,12353,0.1,0.5672268907563025,0.5653066652973195,0.5672268907563025,0.5664016705072645,0.0163067653775215,392.0,f1,0.5653066652973195
Airports-USA,SDRF,gat,12353,0.25,0.592436974789916,0.5893786547512183,0.5756302521008403,0.5731799865206365,0.0177259501069784,391.0,f1,0.5893786547512183
Airports-USA,SDRF,gat,12353,0.4,0.5756302521008403,0.5740941473224938,0.5798319327731093,0.5762446461279971,0.0120754856616258,337.0,f1,0.5740941473224938
Airports-USA,SDRF,gat,12353,0.55,0.5798319327731093,0.5818172624623797,0.5630252100840336,0.5564435826800368,0.0160196702927351,359.0,f1,0.5818172624623797
Airports-USA,SDRF,gat,12354,0.0,0.6134453781512605,0.6077397471477027,0.5798319327731093,0.5727734573122827,0.0374809242784976,102.0,f1,0.6077397471477027
Airports-USA,SDRF,gat,12354,0.1,0.6218487394957983,0.6156074218574219,0.5798319327731093,0.5738045056140306,0.0270889475941658,134.0,f1,0.6156074218574219
Airports-USA,SDRF,gat,12354,0.25,0.6176470588235294,0.6106955169455169,0.5840336134453782,0.5720799808131465,0.0525840148329734,100.0,f1,0.6106955169455169
Airports-USA,SDRF,gat,12354,0.4,0.592436974789916,0.585751093695483,0.634453781512605,0.6274191032298658,0.0323876701295375,137.0,f1,0.585751093695483
Airports-USA,SDRF,gat,12354,0.55,0.5798319327731093,0.5756537248062672,0.6092436974789915,0.6081941004682048,0.0445029325783252,117.0,f1,0.5756537248062672
Airports-USA,SDRF,gat,12355,0.0,0.6302521008403361,0.6312385888610934,0.6008403361344538,0.5971477843679679,0.0421718806028366,158.0,f1,0.6312385888610934
Airports-USA,SDRF,gat,12355,0.1,0.6302521008403361,0.6255919904558653,0.6134453781512605,0.6107673153809688,0.0611940175294876,129.0,f1,0.6255919904558653
Airports-USA,SDRF,gat,12355,0.25,0.6134453781512605,0.6116466630682427,0.6008403361344538,0.5960089176429446,0.059551253914833,113.0,f1,0.6116466630682427
Airports-USA,SDRF,gat,12355,0.4,0.6050420168067226,0.6035924482109003,0.5966386554621849,0.5915071770334929,0.0535797849297523,123.0,f1,0.6035924482109003
Airports-USA,SDRF,gat,12355,0.55,0.6008403361344538,0.6003428621888938,0.5798319327731093,0.5779132722237998,0.0371073000133037,205.0,f1,0.6003428621888938
Airports-USA,SDRF,gat,12356,0.0,0.4957983193277311,0.4888678989819,0.4873949579831932,0.4803307561935052,0.0770185589790344,119.0,f1,0.4888678989819
Airports-USA,SDRF,gat,12356,0.1,0.5084033613445378,0.50144055696366,0.4915966386554621,0.482379387879213,0.0876703113317489,112.0,f1,0.50144055696366
Airports-USA,SDRF,gat,12356,0.25,0.5042016806722689,0.5012636456914097,0.4957983193277311,0.487152209492635,0.0628798380494117,140.0,f1,0.5012636456914097
Airports-USA,SDRF,gat,12356,0.4,0.5,0.4906237406661136,0.4873949579831932,0.4740118695005913,0.0954955294728279,99.0,f1,0.4906237406661136
Airports-USA,SDRF,gat,12356,0.55,0.5042016806722689,0.4895835775011144,0.4705882352941176,0.4489745090153367,0.1391082257032394,90.0,f1,0.4895835775011144
Airports-USA,SDRF,gat,12357,0.0,0.6302521008403361,0.6262097926738519,0.5840336134453782,0.5816571262220992,0.013081120327115,314.0,f1,0.6262097926738519
Airports-USA,SDRF,gat,12357,0.1,0.6260504201680672,0.6232994292838023,0.5882352941176471,0.5830343880894426,0.0478954799473285,102.0,f1,0.6232994292838023
Airports-USA,SDRF,gat,12357,0.25,0.5966386554621849,0.5971052524263927,0.6050420168067226,0.6047134462111098,0.0291886962950229,166.0,f1,0.5971052524263927
Airports-USA,SDRF,gat,12357,0.4,0.6260504201680672,0.6230673930845261,0.6008403361344538,0.5979290065227565,0.0518219098448753,106.0,f1,0.6230673930845261
Airports-USA,SDRF,gat,12357,0.55,0.6176470588235294,0.6128870536127761,0.5672268907563025,0.5614534950019611,0.0261207465082407,171.0,f1,0.6128870536127761
Airports-USA,SDRF,gat,12358,0.0,0.6932773109243697,0.6877521733589684,0.5798319327731093,0.5691846274293082,0.0347614213824272,108.0,f1,0.6877521733589684
Airports-USA,SDRF,gat,12358,0.1,0.6932773109243697,0.6862342495323009,0.5588235294117647,0.5495742765127792,0.0329581126570701,131.0,f1,0.6862342495323009
Airports-USA,SDRF,gat,12358,0.25,0.6764705882352942,0.6668910215006381,0.5546218487394958,0.548944445462337,0.0486375503242015,100.0,f1,0.6668910215006381
Airports-USA,SDRF,gat,12358,0.4,0.6680672268907563,0.6609825499222945,0.542016806722689,0.537259402723878,0.0356091931462287,192.0,f1,0.6609825499222945
Airports-USA,SDRF,gat,12358,0.55,0.6386554621848739,0.6306648975379626,0.5756302521008403,0.5646198362042765,0.037814013659954,153.0,f1,0.6306648975379626
Airports-USA,SDRF,gat,12359,0.0,0.6176470588235294,0.6104877734877735,0.5966386554621849,0.5904975442421564,0.0580409616231918,101.0,f1,0.6104877734877735
Airports-USA,SDRF,gat,12359,0.1,0.6134453781512605,0.6087573589686266,0.6092436974789915,0.6008977764659583,0.0649106279015541,97.0,f1,0.6087573589686266
Airports-USA,SDRF,gat,12359,0.25,0.6134453781512605,0.6129143737618314,0.5840336134453782,0.5798637110594053,0.0641255751252174,96.0,f1,0.6129143737618314
Airports-USA,SDRF,gat,12359,0.4,0.6092436974789915,0.6054698708751793,0.6008403361344538,0.5913950897275437,0.0780235081911087,102.0,f1,0.6054698708751793
Airports-USA,SDRF,gat,12359,0.55,0.592436974789916,0.5881764174276475,0.6218487394957983,0.6172397990359155,0.0407629609107971,134.0,f1,0.5881764174276475
Airports-USA,SDRF,gat,12360,0.0,0.6176470588235294,0.6119779937860729,0.6092436974789915,0.6005972595738225,0.0344443134963512,144.0,f1,0.6119779937860729
Airports-USA,SDRF,gat,12360,0.1,0.592436974789916,0.5873427297340341,0.5966386554621849,0.5915533596860618,0.0163858253508806,302.0,f1,0.5873427297340341
Airports-USA,SDRF,gat,12360,0.25,0.5882352941176471,0.5835256577568808,0.592436974789916,0.5888393175451999,0.0385859422385692,129.0,f1,0.5835256577568808
Airports-USA,SDRF,gat,12360,0.4,0.592436974789916,0.5869901871596468,0.592436974789916,0.5898910619485523,0.0495402812957763,124.0,f1,0.5869901871596468
Airports-USA,SDRF,gat,12360,0.55,0.5882352941176471,0.5820740182072558,0.6050420168067226,0.5990995878344347,0.0161536205559968,341.0,f1,0.5820740182072558
Airports-USA,SDRF,gat,12361,0.0,0.4957983193277311,0.4869233137552103,0.5462184873949579,0.5198917138102042,0.1073774099349975,91.0,f1,0.4869233137552103
Airports-USA,SDRF,gat,12361,0.1,0.5126050420168067,0.5008061986322856,0.5336134453781513,0.5037217846857115,0.1118490472435951,87.0,f1,0.5008061986322856
Airports-USA,SDRF,gat,12361,0.25,0.4957983193277311,0.4898407480078583,0.5168067226890757,0.5049955447988537,0.0607025474309921,125.0,f1,0.4898407480078583
Airports-USA,SDRF,gat,12361,0.4,0.5126050420168067,0.4995401312449324,0.5336134453781513,0.5101508034975777,0.0857474952936172,92.0,f1,0.4995401312449324
Airports-USA,SDRF,gat,12361,0.55,0.5,0.495427408412483,0.5042016806722689,0.4915683463297826,0.0710765421390533,121.0,f1,0.495427408412483
Airports-USA,SDRF,gat,12362,0.0,0.6512605042016807,0.6467445362554805,0.5840336134453782,0.5884408114853874,0.0172252487391233,323.0,f1,0.6467445362554805
Airports-USA,SDRF,gat,12362,0.1,0.6512605042016807,0.6473827675065484,0.592436974789916,0.5952444683342089,0.0250804889947175,397.0,f1,0.6473827675065484
Airports-USA,SDRF,gat,12362,0.25,0.6596638655462185,0.6560249635722283,0.5882352941176471,0.5924028147844503,0.0158798787742853,332.0,f1,0.6560249635722283
Airports-USA,SDRF,gat,12362,0.4,0.6428571428571429,0.6388475903181786,0.5840336134453782,0.5889020452526023,0.0178548395633697,282.0,f1,0.6388475903181786
Airports-USA,SDRF,gat,12362,0.55,0.6638655462184874,0.6584893048128342,0.6050420168067226,0.6022226223418905,0.0257146209478378,295.0,f1,0.6584893048128342
Airports-USA,SDRF,gat,12363,0.0,0.6596638655462185,0.653046218487395,0.6050420168067226,0.6020417723394428,0.0545583553612232,121.0,f1,0.653046218487395
Airports-USA,SDRF,gat,12363,0.1,0.6638655462184874,0.6581403335449614,0.6008403361344538,0.5950277618956864,0.0301387589424848,378.0,f1,0.6581403335449614
Airports-USA,SDRF,gat,12363,0.25,0.6554621848739496,0.6497013157446228,0.5840336134453782,0.5818820529908316,0.0400931015610694,134.0,f1,0.6497013157446228
Airports-USA,SDRF,gat,12363,0.4,0.6596638655462185,0.6554897900086363,0.5714285714285714,0.5682185074100212,0.0322803892195224,209.0,f1,0.6554897900086363
Airports-USA,SDRF,gat,12363,0.55,0.6596638655462185,0.6526752478916025,0.5630252100840336,0.5570509032754002,0.0239194929599761,300.0,f1,0.6526752478916025
Airports-USA,SDRF,gat,12364,0.0,0.5546218487394958,0.5486105181484942,0.5840336134453782,0.5813183895385139,0.0520799569785594,124.0,f1,0.5486105181484942
Airports-USA,SDRF,gat,12364,0.1,0.5588235294117647,0.5533562551258596,0.5588235294117647,0.5562278724724432,0.0359419547021389,253.0,f1,0.5533562551258596
Airports-USA,SDRF,gat,12364,0.25,0.5546218487394958,0.5416060862843041,0.6092436974789915,0.6033439963202242,0.0646543800830841,107.0,f1,0.5416060862843041
Airports-USA,SDRF,gat,12364,0.4,0.5210084033613446,0.5053572455290406,0.5504201680672269,0.5394813519813519,0.0593344010412693,113.0,f1,0.5053572455290406
Airports-USA,SDRF,gat,12364,0.55,0.542016806722689,0.5303972753846594,0.5840336134453782,0.5780128032783464,0.0549753122031688,121.0,f1,0.5303972753846594
Airports-USA,SDRF,gat,12365,0.0,0.6008403361344538,0.5925628139131958,0.6218487394957983,0.6144837706690173,0.024717029184103,287.0,f1,0.5925628139131958
Airports-USA,SDRF,gat,12365,0.1,0.5882352941176471,0.5819016403303269,0.5882352941176471,0.5796655958420665,0.051915492862463,122.0,f1,0.5819016403303269
Airports-USA,SDRF,gat,12365,0.25,0.5714285714285714,0.5669386628823715,0.5840336134453782,0.574557989862663,0.0203247033059597,342.0,f1,0.5669386628823715
Airports-USA,SDRF,gat,12365,0.4,0.5672268907563025,0.5620961194676903,0.5840336134453782,0.5760552908165754,0.0186782348901033,233.0,f1,0.5620961194676903
Airports-USA,SDRF,gat,12365,0.55,0.5630252100840336,0.5594041436811558,0.5840336134453782,0.5762513630160689,0.0325421951711177,214.0,f1,0.5594041436811558
Airports-USA,SDRF,gat,12366,0.0,0.5714285714285714,0.5632348206433714,0.5630252100840336,0.55604918256587,0.0195099078118801,134.0,f1,0.5632348206433714
Airports-USA,SDRF,gat,12366,0.1,0.5714285714285714,0.5638461177231768,0.5672268907563025,0.5595116631344099,0.0197233092039823,137.0,f1,0.5638461177231768
Airports-USA,SDRF,gat,12366,0.25,0.5840336134453782,0.579814597889965,0.5966386554621849,0.5886904761904761,0.0273622814565897,124.0,f1,0.579814597889965
Airports-USA,SDRF,gat,12366,0.4,0.5630252100840336,0.5549288144560658,0.5588235294117647,0.5463582881935514,0.0294112171977758,103.0,f1,0.5549288144560658
Airports-USA,SDRF,gat,12366,0.55,0.5546218487394958,0.5510712669306006,0.5672268907563025,0.5548614791809795,0.0312162712216377,99.0,f1,0.5510712669306006
Airports-USA,SDRF,gat,12367,0.0,0.6176470588235294,0.6065313308699923,0.5630252100840336,0.5517203685135297,0.0450565218925476,106.0,f1,0.6065313308699923
Airports-USA,SDRF,gat,12367,0.1,0.6218487394957983,0.6107599027031428,0.5756302521008403,0.5644995957915797,0.0504702925682067,103.0,f1,0.6107599027031428
Airports-USA,SDRF,gat,12367,0.25,0.6092436974789915,0.6006950624989204,0.5714285714285714,0.5630810536046076,0.025969848036766,166.0,f1,0.6006950624989204
Airports-USA,SDRF,gat,12367,0.4,0.6302521008403361,0.618357617801832,0.5756302521008403,0.5630449760549381,0.0629382133483886,101.0,f1,0.618357617801832
Airports-USA,SDRF,gat,12367,0.55,0.6218487394957983,0.6148333670498624,0.5378151260504201,0.5291666666666667,0.0142871737480163,332.0,f1,0.6148333670498624
Airports-USA,SDRF,gat,12368,0.0,0.6470588235294118,0.6436080159414931,0.5294117647058824,0.5258626992823888,0.0300780199468135,154.0,f1,0.6436080159414931
Airports-USA,SDRF,gat,12368,0.1,0.6386554621848739,0.6370045207405,0.5462184873949579,0.538713960729935,0.0315802507102489,114.0,f1,0.6370045207405
Airports-USA,SDRF,gat,12368,0.25,0.6092436974789915,0.6055742735779365,0.5504201680672269,0.5408760718116702,0.0134673668071627,364.0,f1,0.6055742735779365
Airports-USA,SDRF,gat,12368,0.4,0.6428571428571429,0.6356771496799439,0.5336134453781513,0.5212785687605417,0.0284514818340539,126.0,f1,0.6356771496799439
Airports-USA,SDRF,gat,12368,0.55,0.6218487394957983,0.6162609238162267,0.5336134453781513,0.5290785479666449,0.0102259907871484,378.0,f1,0.6162609238162267
Airports-USA,SDRF,gat,12369,0.0,0.592436974789916,0.5870748033255855,0.5756302521008403,0.5595978962980309,0.0318235643208026,173.0,f1,0.5870748033255855
Airports-USA,SDRF,gat,12369,0.1,0.5966386554621849,0.5935405687303392,0.5840336134453782,0.5734344920271693,0.0265271887183189,313.0,f1,0.5935405687303392
Airports-USA,SDRF,gat,12369,0.25,0.6050420168067226,0.602960070130393,0.5756302521008403,0.5618088540861871,0.0447690077126026,132.0,f1,0.602960070130393
Airports-USA,SDRF,gat,12369,0.4,0.6134453781512605,0.6104168683452571,0.5714285714285714,0.5557212208040166,0.0493395552039146,96.0,f1,0.6104168683452571
Airports-USA,SDRF,gat,12369,0.55,0.5840336134453782,0.5792686639873341,0.5798319327731093,0.5624344538278965,0.0722098648548126,95.0,f1,0.5792686639873341
Airports-USA,SDRF,gat,12370,0.0,0.6302521008403361,0.6217614085261144,0.5210084033613446,0.5140880182209409,0.0415345504879951,131.0,f1,0.6217614085261144
Airports-USA,SDRF,gat,12370,0.1,0.6134453781512605,0.6085743532892339,0.5294117647058824,0.5208333333333333,0.0426462553441524,135.0,f1,0.6085743532892339
Airports-USA,SDRF,gat,12370,0.25,0.6134453781512605,0.6035977432529156,0.5084033613445378,0.499757149295313,0.0329977683722972,168.0,f1,0.6035977432529156
Airports-USA,SDRF,gat,12370,0.4,0.5966386554621849,0.5887949801511078,0.5126050420168067,0.507029774099992,0.0204921439290046,199.0,f1,0.5887949801511078
Airports-USA,SDRF,gat,12370,0.55,0.6134453781512605,0.6056797483026991,0.5546218487394958,0.5474431571329527,0.0757743641734123,114.0,f1,0.6056797483026991
Airports-USA,SDRF,gat,12371,0.0,0.6176470588235294,0.6099648959062508,0.5714285714285714,0.5626938321302606,0.0093557508662343,249.0,f1,0.6099648959062508
Airports-USA,SDRF,gat,12371,0.1,0.6260504201680672,0.6179656279788295,0.5546218487394958,0.5456327985739751,0.0143272178247571,192.0,f1,0.6179656279788295
Airports-USA,SDRF,gat,12371,0.25,0.6176470588235294,0.6091921346297193,0.5504201680672269,0.5365625678654424,0.0108232721686363,318.0,f1,0.6091921346297193
Airports-USA,SDRF,gat,12371,0.4,0.6260504201680672,0.6177006372805323,0.5126050420168067,0.5001722813019013,0.0124868676066398,293.0,f1,0.6177006372805323
Airports-USA,SDRF,gat,12371,0.55,0.6050420168067226,0.5934817931651799,0.4915966386554621,0.4701610176234236,0.0299044828861951,97.0,f1,0.5934817931651799
Airports-USA,SDRF,gat,12372,0.0,0.592436974789916,0.5875829126779029,0.6134453781512605,0.616627687435605,0.0589957423508167,93.0,f1,0.5875829126779029
Airports-USA,SDRF,gat,12372,0.1,0.5840336134453782,0.5750363891812924,0.5798319327731093,0.5816127912440434,0.067177265882492,89.0,f1,0.5750363891812924
Airports-USA,SDRF,gat,12372,0.25,0.5840336134453782,0.5789794950811901,0.5672268907563025,0.574325214867978,0.0370462574064731,262.0,f1,0.5789794950811901
Airports-USA,SDRF,gat,12372,0.4,0.5966386554621849,0.5919708692019905,0.5840336134453782,0.5853716982431355,0.0437046438455581,148.0,f1,0.5919708692019905
Airports-USA,SDRF,gat,12372,0.55,0.6134453781512605,0.6092156781811954,0.592436974789916,0.5953204016849288,0.0660634264349937,103.0,f1,0.6092156781811954
Airports-USA,SDRF,gat,12373,0.0,0.6050420168067226,0.5989253393665158,0.5126050420168067,0.5051934895029762,0.0955293178558349,109.0,f1,0.5989253393665158
Airports-USA,SDRF,gat,12373,0.1,0.5840336134453782,0.5778919666736158,0.5252100840336135,0.5141468617039893,0.1100925132632255,93.0,f1,0.5778919666736158
Airports-USA,SDRF,gat,12373,0.25,0.5798319327731093,0.5758671359648245,0.5,0.490445788718198,0.0599508471786975,172.0,f1,0.5758671359648245
Airports-USA,SDRF,gat,12373,0.4,0.5630252100840336,0.5621711768112839,0.5084033613445378,0.5018715654972922,0.0827188268303871,131.0,f1,0.5621711768112839
Airports-USA,SDRF,gat,12373,0.55,0.5630252100840336,0.5593045462510327,0.5252100840336135,0.5156141065098734,0.0399143546819686,400.0,f1,0.5593045462510327
Airports-USA,SDRF,gat,12374,0.0,0.5882352941176471,0.5858003476139626,0.6176470588235294,0.6164347781579095,0.027241226285696,299.0,f1,0.5858003476139626
Airports-USA,SDRF,gat,12374,0.1,0.592436974789916,0.5900899571309328,0.6428571428571429,0.6415515416735595,0.0848733037710189,147.0,f1,0.5900899571309328
Airports-USA,SDRF,gat,12374,0.25,0.5588235294117647,0.5572508677205973,0.6386554621848739,0.6369749779480812,0.0570544563233852,160.0,f1,0.5572508677205973
Airports-USA,SDRF,gat,12374,0.4,0.5504201680672269,0.5495989137721421,0.6092436974789915,0.6072761395955479,0.0773390680551529,105.0,f1,0.5495989137721421
Airports-USA,SDRF,gat,12374,0.55,0.5588235294117647,0.5611687369274768,0.6050420168067226,0.6025513604642045,0.0887177214026451,120.0,f1,0.5611687369274768
Airports-USA,DiffWire CT,gcn,12345,,0.5798319327731093,0.5671132638242453,0.5294117647058824,0.5262951494479483,0.1515895277261734,200.0,f1,0.5671132638242453
Airports-USA,DiffWire CT,gcn,12346,,0.592436974789916,0.5816291013734295,0.5966386554621849,0.5769199655710227,0.2251792252063751,117.0,f1,0.5816291013734295
Airports-USA,DiffWire CT,gcn,12347,,0.5882352941176471,0.5810155252439514,0.5294117647058824,0.5178039938502664,0.1287314295768737,339.0,f1,0.5810155252439514
Airports-USA,DiffWire CT,gcn,12348,,0.6092436974789915,0.6061503718662229,0.592436974789916,0.5837454637912304,0.111602708697319,267.0,f1,0.6061503718662229
Airports-USA,DiffWire CT,gcn,12349,,0.5882352941176471,0.581482494993721,0.5126050420168067,0.5130103609231133,0.1665071845054626,196.0,f1,0.581482494993721
Airports-USA,DiffWire CT,gcn,12350,,0.5966386554621849,0.5871774041074846,0.5798319327731093,0.5791364610797168,0.1787057369947433,155.0,f1,0.5871774041074846
Airports-USA,DiffWire CT,gcn,12351,,0.6008403361344538,0.5957328867634384,0.5756302521008403,0.5742115093544848,0.1178172901272773,309.0,f1,0.5957328867634384
Airports-USA,DiffWire CT,gcn,12352,,0.592436974789916,0.5864707147567972,0.5798319327731093,0.5696699956926451,0.1237875744700431,259.0,f1,0.5864707147567972
Airports-USA,DiffWire CT,gcn,12353,,0.5252100840336135,0.5126015929587358,0.5840336134453782,0.5724358306243834,0.1750706434249878,162.0,f1,0.5126015929587358
Airports-USA,DiffWire CT,gcn,12354,,0.5756302521008403,0.5634737705792536,0.542016806722689,0.5245580697477343,0.1994009763002395,108.0,f1,0.5634737705792536
Airports-USA,DiffWire CT,gcn,12355,,0.5966386554621849,0.5861188305648883,0.5966386554621849,0.5926378579085227,0.1376981139183044,188.0,f1,0.5861188305648883
Airports-USA,DiffWire CT,gcn,12356,,0.5882352941176471,0.582273195414486,0.5588235294117647,0.5535532794972154,0.1948940008878708,135.0,f1,0.582273195414486
Airports-USA,DiffWire CT,gcn,12357,,0.5756302521008403,0.5679914524486893,0.5504201680672269,0.5408397740012325,0.1751852631568908,154.0,f1,0.5679914524486893
Airports-USA,DiffWire CT,gcn,12358,,0.5840336134453782,0.5816299876593994,0.5294117647058824,0.5210432766982709,0.1593368202447891,142.0,f1,0.5816299876593994
Airports-USA,DiffWire CT,gcn,12359,,0.592436974789916,0.5857479128902958,0.5840336134453782,0.5734226052726312,0.2033624798059463,122.0,f1,0.5857479128902958
Airports-USA,DiffWire CT,gcn,12360,,0.5798319327731093,0.5767153074717085,0.6134453781512605,0.609825245501707,0.1608773171901703,179.0,f1,0.5767153074717085
Airports-USA,DiffWire CT,gcn,12361,,0.6050420168067226,0.5985524463392745,0.5546218487394958,0.5357751393712678,0.1643310040235519,151.0,f1,0.5985524463392745
Airports-USA,DiffWire CT,gcn,12362,,0.6050420168067226,0.5980143857768325,0.5672268907563025,0.5580219308992893,0.1923393011093139,153.0,f1,0.5980143857768325
Airports-USA,DiffWire CT,gcn,12363,,0.6050420168067226,0.5983929529935973,0.5630252100840336,0.5440918126525602,0.2430594265460968,103.0,f1,0.5983929529935973
Airports-USA,DiffWire CT,gcn,12364,,0.5672268907563025,0.5678750789440444,0.5588235294117647,0.5556861742908255,0.0866330936551094,284.0,f1,0.5678750789440444
Airports-USA,DiffWire CT,gcn,12365,,0.5966386554621849,0.5782909846242507,0.5714285714285714,0.56026416518063,0.2337807863950729,87.0,f1,0.5782909846242507
Airports-USA,DiffWire CT,gcn,12366,,0.6092436974789915,0.6050832410356167,0.5756302521008403,0.5589493026510477,0.1902878135442733,107.0,f1,0.6050832410356167
Airports-USA,DiffWire CT,gcn,12367,,0.6092436974789915,0.6033236918291536,0.5546218487394958,0.538346478538107,0.1609833836555481,168.0,f1,0.6033236918291536
Airports-USA,DiffWire CT,gcn,12368,,0.5672268907563025,0.5576285018721847,0.5546218487394958,0.5429111595226725,0.1928731948137283,111.0,f1,0.5576285018721847
Airports-USA,DiffWire CT,gcn,12369,,0.6092436974789915,0.602172096908939,0.5798319327731093,0.564824879227053,0.1415333598852157,192.0,f1,0.602172096908939
Airports-USA,DiffWire CT,gcn,12370,,0.634453781512605,0.6245279832139787,0.5756302521008403,0.5617332131765481,0.2445157468318939,84.0,f1,0.6245279832139787
Airports-USA,DiffWire CT,gcn,12371,,0.6260504201680672,0.6188710714572783,0.5672268907563025,0.5597481948031544,0.1575790792703628,214.0,f1,0.6188710714572783
Airports-USA,DiffWire CT,gcn,12372,,0.5714285714285714,0.5697985739750445,0.5714285714285714,0.5679464535806542,0.1515994518995285,154.0,f1,0.5697985739750445
Airports-USA,DiffWire CT,gcn,12373,,0.6050420168067226,0.5938075055778687,0.542016806722689,0.5240096262619796,0.2214262336492538,103.0,f1,0.5938075055778687
Airports-USA,DiffWire CT,gcn,12374,,0.5840336134453782,0.5774725671205008,0.6428571428571429,0.64036068356046,0.1446181982755661,227.0,f1,0.5774725671205008
Amazon-Photo,SDRF,gcn,12345,0.0,0.9418300653594772,0.9345700429815598,0.9372549019607844,0.9341142651278294,0.0738219693303108,202.0,f1,0.9345700429815598
Amazon-Photo,SDRF,gcn,12345,0.1,0.9424836601307188,0.933801743381026,0.9398692810457516,0.9348342044733604,0.0822151377797126,174.0,f1,0.933801743381026
Amazon-Photo,SDRF,gcn,12345,0.25,0.9437908496732026,0.9342855492401896,0.9366013071895424,0.928034627153954,0.1121922433376312,102.0,f1,0.9342855492401896
Amazon-Photo,SDRF,gcn,12345,0.4,0.9424836601307188,0.933046549902088,0.938562091503268,0.9331035939277692,0.0772883296012878,198.0,f1,0.933046549902088
Amazon-Photo,SDRF,gcn,12345,0.55,0.9424836601307188,0.9322896747528504,0.937908496732026,0.9306786558728196,0.11468156427145,101.0,f1,0.9322896747528504
Amazon-Photo,SDRF,gcn,12346,0.0,0.945751633986928,0.942995490983237,0.94640522875817,0.9408254407641176,0.0992238223552703,126.0,f1,0.942995490983237
Amazon-Photo,SDRF,gcn,12346,0.1,0.94640522875817,0.943257776145461,0.9418300653594772,0.9376574188336948,0.0928266271948814,142.0,f1,0.943257776145461
Amazon-Photo,SDRF,gcn,12346,0.25,0.9450980392156862,0.941041540089989,0.9418300653594772,0.937998982793795,0.094133123755455,137.0,f1,0.941041540089989
Amazon-Photo,SDRF,gcn,12346,0.4,0.9431372549019608,0.93985476316993,0.9398692810457516,0.9364554545893377,0.0961194857954979,135.0,f1,0.93985476316993
Amazon-Photo,SDRF,gcn,12346,0.55,0.9437908496732026,0.9404953075043704,0.9405228758169936,0.9366540458060548,0.0954910889267921,137.0,f1,0.9404953075043704
Amazon-Photo,SDRF,gcn,12347,0.0,0.9444444444444444,0.9343680297592682,0.9352941176470588,0.928077808436949,0.0687278881669044,178.0,f1,0.9343680297592682
Amazon-Photo,SDRF,gcn,12347,0.1,0.9450980392156862,0.9348081408694764,0.9333333333333332,0.9273777875332948,0.0805884301662445,143.0,f1,0.9348081408694764
Amazon-Photo,SDRF,gcn,12347,0.25,0.9444444444444444,0.9338347826263558,0.9339869281045752,0.9288998553202484,0.0727837085723877,167.0,f1,0.9338347826263558
Amazon-Photo,SDRF,gcn,12347,0.4,0.9450980392156862,0.9329024831540362,0.9326797385620916,0.92982742407577,0.0873480513691902,133.0,f1,0.9329024831540362
Amazon-Photo,SDRF,gcn,12347,0.55,0.9424836601307188,0.931078831515954,0.9339869281045752,0.9288043173873816,0.0838857516646385,146.0,f1,0.931078831515954
Amazon-Photo,SDRF,gcn,12348,0.0,0.9555555555555556,0.9490306444100524,0.9437908496732026,0.9370263968487764,0.1191723123192787,104.0,f1,0.9490306444100524
Amazon-Photo,SDRF,gcn,12348,0.1,0.954248366013072,0.9482523859943528,0.94640522875817,0.9394518212368468,0.1109708100557327,119.0,f1,0.9482523859943528
Amazon-Photo,SDRF,gcn,12348,0.25,0.954248366013072,0.94829161429742,0.9483660130718954,0.9425907916250248,0.0901175141334533,170.0,f1,0.94829161429742
Amazon-Photo,SDRF,gcn,12348,0.4,0.954248366013072,0.9483414724701285,0.9411764705882352,0.936072825657726,0.0746337994933128,238.0,f1,0.9483414724701285
Amazon-Photo,SDRF,gcn,12348,0.55,0.9562091503267974,0.949820345320958,0.9431372549019608,0.937743284965302,0.0743492841720581,239.0,f1,0.949820345320958
Amazon-Photo,SDRF,gcn,12349,0.0,0.9490196078431372,0.9408864112913622,0.9405228758169936,0.933453880572468,0.0579693578183651,278.0,f1,0.9408864112913622
Amazon-Photo,SDRF,gcn,12349,0.1,0.9470588235294116,0.9386551253528248,0.9392156862745098,0.931860255452888,0.064358465373516,236.0,f1,0.9386551253528248
Amazon-Photo,SDRF,gcn,12349,0.25,0.9477124183006536,0.939670680342268,0.9411764705882352,0.9340596892642088,0.0653775781393051,236.0,f1,0.939670680342268
Amazon-Photo,SDRF,gcn,12349,0.4,0.9470588235294116,0.9389076341175706,0.938562091503268,0.9316000846555534,0.060958132147789,278.0,f1,0.9389076341175706
Amazon-Photo,SDRF,gcn,12349,0.55,0.9477124183006536,0.9391751644806304,0.9359477124183008,0.9278476500313276,0.0627609491348266,265.0,f1,0.9391751644806304
Amazon-Photo,SDRF,gcn,12350,0.0,0.954248366013072,0.947387116971436,0.9405228758169936,0.933131948218764,0.0865122973918914,161.0,f1,0.947387116971436
Amazon-Photo,SDRF,gcn,12350,0.1,0.954248366013072,0.9476006695682176,0.9411764705882352,0.9342660658724712,0.0995552465319633,131.0,f1,0.9476006695682176
Amazon-Photo,SDRF,gcn,12350,0.25,0.9522875816993464,0.9462581978622634,0.9392156862745098,0.9314083710086218,0.0715256184339523,217.0,f1,0.9462581978622634
Amazon-Photo,SDRF,gcn,12350,0.4,0.9516339869281044,0.9462221476489542,0.9372549019607844,0.9302177035235576,0.0882917046546936,161.0,f1,0.9462221476489542
Amazon-Photo,SDRF,gcn,12350,0.55,0.949673202614379,0.9440074696487376,0.937908496732026,0.929808855549507,0.0754513293504715,201.0,f1,0.9440074696487376
Amazon-Photo,SDRF,gcn,12351,0.0,0.9594771241830066,0.9552992567933772,0.9411764705882352,0.935886782874158,0.0984990373253822,133.0,f1,0.9552992567933772
Amazon-Photo,SDRF,gcn,12351,0.1,0.9588235294117649,0.9552724515554982,0.9411764705882352,0.9360014189661372,0.0988619700074195,133.0,f1,0.9552724515554982
Amazon-Photo,SDRF,gcn,12351,0.25,0.9568627450980391,0.9531176447597978,0.9411764705882352,0.9361756188405728,0.1000133231282234,133.0,f1,0.9531176447597978
Amazon-Photo,SDRF,gcn,12351,0.4,0.9555555555555556,0.9530805915947131,0.938562091503268,0.9311988431999508,0.0927764922380447,148.0,f1,0.9530805915947131
Amazon-Photo,SDRF,gcn,12351,0.55,0.954248366013072,0.95194329767921,0.9398692810457516,0.9325633689188152,0.0949480086565017,144.0,f1,0.95194329767921
Amazon-Photo,SDRF,gcn,12352,0.0,0.9503267973856208,0.9427293272846536,0.9424836601307188,0.9331344478169306,0.1213406398892402,90.0,f1,0.9427293272846536
Amazon-Photo,SDRF,gcn,12352,0.1,0.9503267973856208,0.9427012639671144,0.9405228758169936,0.9316431012057244,0.118960328400135,95.0,f1,0.9427012639671144
Amazon-Photo,SDRF,gcn,12352,0.25,0.9490196078431372,0.9415170501608736,0.9431372549019608,0.935447602210826,0.1168082728981971,99.0,f1,0.9415170501608736
Amazon-Photo,SDRF,gcn,12352,0.4,0.9483660130718954,0.9411702375545732,0.9411764705882352,0.9333962818994244,0.1181294396519661,99.0,f1,0.9411702375545732
Amazon-Photo,SDRF,gcn,12352,0.55,0.9483660130718954,0.9413342753868426,0.9392156862745098,0.9325537449282276,0.119726724922657,96.0,f1,0.9413342753868426
Amazon-Photo,SDRF,gcn,12353,0.0,0.9503267973856208,0.9447478620043608,0.9411764705882352,0.9356442291717332,0.0679168552160263,203.0,f1,0.9447478620043608
Amazon-Photo,SDRF,gcn,12353,0.1,0.9490196078431372,0.9435505473726606,0.9392156862745098,0.9336025304915628,0.069721333682537,199.0,f1,0.9435505473726606
Amazon-Photo,SDRF,gcn,12353,0.25,0.9490196078431372,0.9429242852446602,0.9392156862745098,0.9335075592090564,0.0861014202237129,147.0,f1,0.9429242852446602
Amazon-Photo,SDRF,gcn,12353,0.4,0.9483660130718954,0.9425078402221329,0.9366013071895424,0.9316621572565316,0.0957461670041084,126.0,f1,0.9425078402221329
Amazon-Photo,SDRF,gcn,12353,0.55,0.9470588235294116,0.9420921022440468,0.934640522875817,0.9287695938064222,0.0886614471673965,143.0,f1,0.9420921022440468
Amazon-Photo,SDRF,gcn,12354,0.0,0.9352941176470588,0.9240689191658336,0.9418300653594772,0.9353565374172904,0.0913291722536087,107.0,f1,0.9240689191658336
Amazon-Photo,SDRF,gcn,12354,0.1,0.9352941176470588,0.9244522724546258,0.945751633986928,0.9411161005417708,0.0872454270720481,114.0,f1,0.9244522724546258
Amazon-Photo,SDRF,gcn,12354,0.25,0.9352941176470588,0.9247417365884348,0.94640522875817,0.943025272577683,0.0762928798794746,140.0,f1,0.9247417365884348
Amazon-Photo,SDRF,gcn,12354,0.4,0.934640522875817,0.923744688579506,0.945751633986928,0.9425546111336852,0.0776811838150024,140.0,f1,0.923744688579506
Amazon-Photo,SDRF,gcn,12354,0.55,0.9326797385620916,0.9227894463590004,0.94640522875817,0.9429587982409284,0.0793436020612716,137.0,f1,0.9227894463590004
Amazon-Photo,SDRF,gcn,12355,0.0,0.9444444444444444,0.940181739117982,0.94640522875817,0.9367613268316886,0.1014461517333984,105.0,f1,0.940181739117982
Amazon-Photo,SDRF,gcn,12355,0.1,0.9431372549019608,0.9378330325915378,0.9450980392156862,0.9358359879501876,0.1032978594303131,102.0,f1,0.9378330325915378
Amazon-Photo,SDRF,gcn,12355,0.25,0.9418300653594772,0.936729092899115,0.9411764705882352,0.9337075897256158,0.0841650441288948,147.0,f1,0.936729092899115
Amazon-Photo,SDRF,gcn,12355,0.4,0.9411764705882352,0.9363343275852768,0.9405228758169936,0.9354884324142498,0.0856288522481918,147.0,f1,0.9363343275852768
Amazon-Photo,SDRF,gcn,12355,0.55,0.9411764705882352,0.9354300399309472,0.9405228758169936,0.9346930399580732,0.0928446054458618,131.0,f1,0.9354300399309472
Amazon-Photo,SDRF,gcn,12356,0.0,0.9339869281045752,0.9264814869624016,0.9555555555555556,0.9491410647204208,0.09683558344841,111.0,f1,0.9264814869624016
Amazon-Photo,SDRF,gcn,12356,0.1,0.934640522875817,0.9270251499014162,0.9575163398692812,0.9501055268735032,0.0965729057788848,114.0,f1,0.9270251499014162
Amazon-Photo,SDRF,gcn,12356,0.25,0.9359477124183008,0.9282322176438872,0.9555555555555556,0.9481543403706104,0.0987003669142723,110.0,f1,0.9282322176438872
Amazon-Photo,SDRF,gcn,12356,0.4,0.9352941176470588,0.927631828667159,0.954248366013072,0.9463626544584806,0.1000002846121788,110.0,f1,0.927631828667159
Amazon-Photo,SDRF,gcn,12356,0.55,0.934640522875817,0.9270876756746048,0.954248366013072,0.9463626544584806,0.100606121122837,111.0,f1,0.9270876756746048
Amazon-Photo,SDRF,gcn,12357,0.0,0.9477124183006536,0.9405508894693272,0.9405228758169936,0.9334666461854624,0.0741998553276062,189.0,f1,0.9405508894693272
Amazon-Photo,SDRF,gcn,12357,0.1,0.949673202614379,0.9425679276770316,0.9424836601307188,0.934322459476016,0.1072020307183265,110.0,f1,0.9425679276770316
Amazon-Photo,SDRF,gcn,12357,0.25,0.9490196078431372,0.9423142049425346,0.9431372549019608,0.936651395472176,0.1018900945782661,122.0,f1,0.9423142049425346
Amazon-Photo,SDRF,gcn,12357,0.4,0.9477124183006536,0.941210350519188,0.9418300653594772,0.9343044075893752,0.0998493582010269,129.0,f1,0.941210350519188
Amazon-Photo,SDRF,gcn,12357,0.55,0.9483660130718954,0.9415217552620732,0.9418300653594772,0.93333014396591,0.1003918200731277,129.0,f1,0.9415217552620732
Amazon-Photo,SDRF,gcn,12358,0.0,0.9444444444444444,0.9405311411774078,0.9424836601307188,0.9388735375207732,0.0603461638092994,242.0,f1,0.9405311411774078
Amazon-Photo,SDRF,gcn,12358,0.1,0.9431372549019608,0.9389468528046566,0.937908496732026,0.9337211724458302,0.0639860033988952,230.0,f1,0.9389468528046566
Amazon-Photo,SDRF,gcn,12358,0.25,0.9444444444444444,0.9404896818544944,0.9418300653594772,0.9375491336715552,0.0702539309859275,201.0,f1,0.9404896818544944
Amazon-Photo,SDRF,gcn,12358,0.4,0.9450980392156862,0.9396316911501406,0.9444444444444444,0.9388980604890638,0.0921160951256752,138.0,f1,0.9396316911501406
Amazon-Photo,SDRF,gcn,12358,0.55,0.9437908496732026,0.9403297548257225,0.9411764705882352,0.9372988446847622,0.0688124746084213,215.0,f1,0.9403297548257225
Amazon-Photo,SDRF,gcn,12359,0.0,0.9516339869281044,0.9472685669539312,0.9359477124183008,0.9276496496013856,0.0739483013749122,186.0,f1,0.9472685669539312
Amazon-Photo,SDRF,gcn,12359,0.1,0.949673202614379,0.9456679020118116,0.937908496732026,0.9302205517107992,0.0727730169892311,190.0,f1,0.9456679020118116
Amazon-Photo,SDRF,gcn,12359,0.25,0.9516339869281044,0.9472577485243076,0.9392156862745098,0.9313213884017856,0.0786700919270515,170.0,f1,0.9472577485243076
Amazon-Photo,SDRF,gcn,12359,0.4,0.9509803921568628,0.9457573827344992,0.938562091503268,0.9310923656486316,0.0864466875791549,152.0,f1,0.9457573827344992
Amazon-Photo,SDRF,gcn,12359,0.55,0.9509803921568628,0.9457526461629128,0.9359477124183008,0.9275415649209516,0.076816938817501,178.0,f1,0.9457526461629128
Amazon-Photo,SDRF,gcn,12360,0.0,0.9411764705882352,0.9355041089207522,0.9392156862745098,0.9258532990098228,0.0869610756635665,143.0,f1,0.9355041089207522
Amazon-Photo,SDRF,gcn,12360,0.1,0.9405228758169936,0.9351654002337696,0.934640522875817,0.9198302825522956,0.0571519955992698,291.0,f1,0.9351654002337696
Amazon-Photo,SDRF,gcn,12360,0.25,0.9398692810457516,0.9343113926972332,0.9366013071895424,0.9208188562450366,0.0936031565070152,132.0,f1,0.9343113926972332
Amazon-Photo,SDRF,gcn,12360,0.4,0.9411764705882352,0.9360783502664868,0.934640522875817,0.9208443069187104,0.0981841757893562,122.0,f1,0.9360783502664868
Amazon-Photo,SDRF,gcn,12360,0.55,0.9411764705882352,0.9354615097585628,0.934640522875817,0.9193274448448586,0.1008166521787643,121.0,f1,0.9354615097585628
Amazon-Photo,SDRF,gcn,12361,0.0,0.9490196078431372,0.9454319178316236,0.9431372549019608,0.9334236412966348,0.0922508761286735,152.0,f1,0.9454319178316236
Amazon-Photo,SDRF,gcn,12361,0.1,0.9483660130718954,0.9450543944958478,0.9418300653594772,0.9323812366387314,0.1024307981133461,131.0,f1,0.9450543944958478
Amazon-Photo,SDRF,gcn,12361,0.25,0.94640522875817,0.9437396254804872,0.9418300653594772,0.932217074728864,0.1039482429623603,131.0,f1,0.9437396254804872
Amazon-Photo,SDRF,gcn,12361,0.4,0.9450980392156862,0.9426959439846778,0.9418300653594772,0.932217074728864,0.1058762222528457,130.0,f1,0.9426959439846778
Amazon-Photo,SDRF,gcn,12361,0.55,0.94640522875817,0.9432090046062988,0.9418300653594772,0.9310838423441484,0.0977838337421417,148.0,f1,0.9432090046062988
Amazon-Photo,SDRF,gcn,12362,0.0,0.9470588235294116,0.9377595895802562,0.9437908496732026,0.9343139415475205,0.0806716904044151,159.0,f1,0.9377595895802562
Amazon-Photo,SDRF,gcn,12362,0.1,0.9450980392156862,0.938112457942386,0.94640522875817,0.9374143999932742,0.0693056806921958,214.0,f1,0.938112457942386
Amazon-Photo,SDRF,gcn,12362,0.25,0.945751633986928,0.937565530859782,0.945751633986928,0.9355411745023136,0.0683355927467346,219.0,f1,0.937565530859782
Amazon-Photo,SDRF,gcn,12362,0.4,0.94640522875817,0.9377379922343771,0.94640522875817,0.939187073469711,0.0948294699192047,131.0,f1,0.9377379922343771
Amazon-Photo,SDRF,gcn,12362,0.55,0.945751633986928,0.9374889541611956,0.9450980392156862,0.9365937143734164,0.0873323902487754,151.0,f1,0.9374889541611956
Amazon-Photo,SDRF,gcn,12363,0.0,0.9444444444444444,0.9409081618541172,0.9431372549019608,0.9320720297844054,0.080256387591362,168.0,f1,0.9409081618541172
Amazon-Photo,SDRF,gcn,12363,0.1,0.9450980392156862,0.942305398866033,0.9431372549019608,0.9326033416213038,0.0812968090176582,169.0,f1,0.942305398866033
Amazon-Photo,SDRF,gcn,12363,0.25,0.94640522875817,0.9424747341277424,0.9431372549019608,0.9330281143111054,0.0813800171017646,168.0,f1,0.9424747341277424
Amazon-Photo,SDRF,gcn,12363,0.4,0.9450980392156862,0.9419968529576848,0.9431372549019608,0.9340680188384656,0.0827632173895835,169.0,f1,0.9419968529576848
Amazon-Photo,SDRF,gcn,12363,0.55,0.945751633986928,0.9432550144745124,0.9405228758169936,0.9301855407046008,0.083784744143486,167.0,f1,0.9432550144745124
Amazon-Photo,SDRF,gcn,12364,0.0,0.9405228758169936,0.9360434954379044,0.9418300653594772,0.9415802359482982,0.0831533744931221,168.0,f1,0.9360434954379044
Amazon-Photo,SDRF,gcn,12364,0.1,0.9405228758169936,0.935982675024554,0.9424836601307188,0.9428687210662058,0.0959873273968696,134.0,f1,0.935982675024554
Amazon-Photo,SDRF,gcn,12364,0.25,0.9411764705882352,0.9375737174899093,0.9418300653594772,0.9390950813871672,0.0911510661244392,153.0,f1,0.9375737174899093
Amazon-Photo,SDRF,gcn,12364,0.4,0.9437908496732026,0.939813563912996,0.9392156862745098,0.9369683672175404,0.0983989685773849,136.0,f1,0.939813563912996
Amazon-Photo,SDRF,gcn,12364,0.55,0.9437908496732026,0.9398308608858854,0.938562091503268,0.9374664072763252,0.0985887050628662,137.0,f1,0.9398308608858854
Amazon-Photo,SDRF,gcn,12365,0.0,0.9477124183006536,0.9447495718071636,0.9431372549019608,0.9391299277446432,0.0706454813480377,227.0,f1,0.9447495718071636
Amazon-Photo,SDRF,gcn,12365,0.1,0.9470588235294116,0.9443254551812684,0.9424836601307188,0.9373382682007912,0.0733727216720581,214.0,f1,0.9443254551812684
Amazon-Photo,SDRF,gcn,12365,0.25,0.94640522875817,0.9430697623212958,0.9398692810457516,0.9340938882868284,0.0743549913167953,214.0,f1,0.9430697623212958
Amazon-Photo,SDRF,gcn,12365,0.4,0.945751633986928,0.9437635204144073,0.9398692810457516,0.9355415025313324,0.0768597647547721,207.0,f1,0.9437635204144073
Amazon-Photo,SDRF,gcn,12365,0.55,0.945751633986928,0.943281427001078,0.938562091503268,0.9332061320082607,0.0684014558792114,255.0,f1,0.943281427001078
Amazon-Photo,SDRF,gcn,12366,0.0,0.945751633986928,0.9434219115476844,0.937908496732026,0.9265049840634184,0.0937545225024223,126.0,f1,0.9434219115476844
Amazon-Photo,SDRF,gcn,12366,0.1,0.9470588235294116,0.9435485774757476,0.9359477124183008,0.9305827678713898,0.0626870617270469,257.0,f1,0.9435485774757476
Amazon-Photo,SDRF,gcn,12366,0.25,0.9470588235294116,0.9425277850612142,0.9333333333333332,0.9273266748951764,0.058714784681797,316.0,f1,0.9425277850612142
Amazon-Photo,SDRF,gcn,12366,0.4,0.94640522875817,0.9432353920531416,0.9320261437908496,0.9257037646139964,0.0593983046710491,316.0,f1,0.9432353920531416
Amazon-Photo,SDRF,gcn,12366,0.55,0.94640522875817,0.9429482428112904,0.9339869281045752,0.927336510852654,0.0644393414258956,257.0,f1,0.9429482428112904
Amazon-Photo,SDRF,gcn,12367,0.0,0.9411764705882352,0.9378852877594022,0.9444444444444444,0.9402019714865726,0.0843678340315818,134.0,f1,0.9378852877594022
Amazon-Photo,SDRF,gcn,12367,0.1,0.9398692810457516,0.9368072156264248,0.9437908496732026,0.9392456261825046,0.1029198840260505,96.0,f1,0.9368072156264248
Amazon-Photo,SDRF,gcn,12367,0.25,0.9405228758169936,0.9376301069412578,0.9450980392156862,0.940806332004778,0.0987513959407806,106.0,f1,0.9376301069412578
Amazon-Photo,SDRF,gcn,12367,0.4,0.938562091503268,0.9356347401674104,0.945751633986928,0.9411898216561868,0.0998935848474502,106.0,f1,0.9356347401674104
Amazon-Photo,SDRF,gcn,12367,0.55,0.9398692810457516,0.9369603190301524,0.9450980392156862,0.9403021748550972,0.1026574596762657,102.0,f1,0.9369603190301524
Amazon-Photo,SDRF,gcn,12368,0.0,0.9522875816993464,0.943275017328929,0.9503267973856208,0.9434429887037696,0.0960126519203186,138.0,f1,0.943275017328929
Amazon-Photo,SDRF,gcn,12368,0.1,0.9503267973856208,0.9425517356520272,0.9490196078431372,0.941723318203194,0.1021395176649093,124.0,f1,0.9425517356520272
Amazon-Photo,SDRF,gcn,12368,0.25,0.949673202614379,0.9427373446244872,0.9470588235294116,0.940659172868987,0.1063903123140335,120.0,f1,0.9427373446244872
Amazon-Photo,SDRF,gcn,12368,0.4,0.9503267973856208,0.9429239898509614,0.949673202614379,0.9428632227273808,0.0993934646248817,136.0,f1,0.9429239898509614
Amazon-Photo,SDRF,gcn,12368,0.55,0.9516339869281044,0.944369622871544,0.9483660130718954,0.9419862732030302,0.1106918901205062,117.0,f1,0.944369622871544
Amazon-Photo,SDRF,gcn,12369,0.0,0.9470588235294116,0.9374944837542788,0.9352941176470588,0.923058482444769,0.1035683155059814,109.0,f1,0.9374944837542788
Amazon-Photo,SDRF,gcn,12369,0.1,0.9431372549019608,0.935712827746905,0.9339869281045752,0.9211592439805624,0.0866760462522506,146.0,f1,0.935712827746905
Amazon-Photo,SDRF,gcn,12369,0.25,0.9418300653594772,0.936365044549064,0.9366013071895424,0.9249008706984404,0.081513836979866,160.0,f1,0.936365044549064
Amazon-Photo,SDRF,gcn,12369,0.4,0.9424836601307188,0.9364909898008608,0.9320261437908496,0.9183970969858593,0.0877128839492797,147.0,f1,0.9364909898008608
Amazon-Photo,SDRF,gcn,12369,0.55,0.9437908496732026,0.9360089133351432,0.9333333333333332,0.9203662151107186,0.1010517627000808,116.0,f1,0.9360089133351432
Amazon-Photo,SDRF,gcn,12370,0.0,0.9568627450980391,0.9519203061209875,0.9366013071895424,0.9254135563515624,0.0763679072260856,168.0,f1,0.9519203061209875
Amazon-Photo,SDRF,gcn,12370,0.1,0.9568627450980391,0.9519703387813834,0.9352941176470588,0.92488458320306,0.0766635686159133,168.0,f1,0.9519703387813834
Amazon-Photo,SDRF,gcn,12370,0.25,0.9549019607843138,0.9501832772727246,0.9366013071895424,0.9259404488669588,0.0887457206845283,139.0,f1,0.9501832772727246
Amazon-Photo,SDRF,gcn,12370,0.4,0.9549019607843138,0.9506622135773626,0.937908496732026,0.9256103074617392,0.0963345170021057,126.0,f1,0.9506622135773626
Amazon-Photo,SDRF,gcn,12370,0.55,0.9555555555555556,0.9508374459071408,0.9372549019607844,0.9270615275105656,0.0894780158996582,138.0,f1,0.9508374459071408
Amazon-Photo,SDRF,gcn,12371,0.0,0.9522875816993464,0.9472712405435332,0.9352941176470588,0.9288330253245736,0.0724231749773025,184.0,f1,0.9472712405435332
Amazon-Photo,SDRF,gcn,12371,0.1,0.9503267973856208,0.946290618565248,0.9366013071895424,0.9304377507994854,0.0834712162613868,150.0,f1,0.946290618565248
Amazon-Photo,SDRF,gcn,12371,0.25,0.9490196078431372,0.9451995228477488,0.9366013071895424,0.931073327022352,0.0768490433692932,173.0,f1,0.9451995228477488
Amazon-Photo,SDRF,gcn,12371,0.4,0.9483660130718954,0.9445768691035852,0.934640522875817,0.9305976585173626,0.0689358413219451,206.0,f1,0.9445768691035852
Amazon-Photo,SDRF,gcn,12371,0.55,0.9483660130718954,0.9441740008485536,0.9366013071895424,0.9331433763095988,0.0851077884435653,153.0,f1,0.9441740008485536
Amazon-Photo,SDRF,gcn,12372,0.0,0.9470588235294116,0.9432636569279896,0.9411764705882352,0.9312129210354648,0.0739954113960266,187.0,f1,0.9432636569279896
Amazon-Photo,SDRF,gcn,12372,0.1,0.9477124183006536,0.9439060596935628,0.9444444444444444,0.9354779184597868,0.0856062471866607,152.0,f1,0.9439060596935628
Amazon-Photo,SDRF,gcn,12372,0.25,0.9470588235294116,0.9425372579279928,0.9411764705882352,0.9316964632752184,0.0864735394716262,152.0,f1,0.9425372579279928
Amazon-Photo,SDRF,gcn,12372,0.4,0.9424836601307188,0.939527774264448,0.9411764705882352,0.931968547231719,0.0737644284963607,194.0,f1,0.939527774264448
Amazon-Photo,SDRF,gcn,12372,0.55,0.9431372549019608,0.939112948806898,0.9418300653594772,0.9335817951414156,0.0874984413385391,152.0,f1,0.939112948806898
Amazon-Photo,SDRF,gcn,12373,0.0,0.9470588235294116,0.941998804908352,0.9437908496732026,0.9370147739960342,0.0618804208934307,237.0,f1,0.941998804908352
Amazon-Photo,SDRF,gcn,12373,0.1,0.9470588235294116,0.9423558882539922,0.9529411764705882,0.9453520045494296,0.1043772473931312,114.0,f1,0.9423558882539922
Amazon-Photo,SDRF,gcn,12373,0.25,0.94640522875817,0.9420842525324732,0.9522875816993464,0.9447091705499614,0.1059927493333816,114.0,f1,0.9420842525324732
Amazon-Photo,SDRF,gcn,12373,0.4,0.9450980392156862,0.9403387429616356,0.9490196078431372,0.9374058995687607,0.0854772329330444,155.0,f1,0.9403387429616356
Amazon-Photo,SDRF,gcn,12373,0.55,0.94640522875817,0.9408944155869124,0.9444444444444444,0.9366881680351328,0.0806590765714645,174.0,f1,0.9408944155869124
Amazon-Photo,SDRF,gcn,12374,0.0,0.9470588235294116,0.9402608427827438,0.9398692810457516,0.933298637930966,0.1114063113927841,92.0,f1,0.9402608427827438
Amazon-Photo,SDRF,gcn,12374,0.1,0.945751633986928,0.9401245195709856,0.9411764705882352,0.9331471498187244,0.0552102960646152,275.0,f1,0.9401245195709856
Amazon-Photo,SDRF,gcn,12374,0.25,0.9444444444444444,0.9382820467538828,0.9372549019607844,0.9302988221775684,0.1138085350394249,92.0,f1,0.9382820467538828
Amazon-Photo,SDRF,gcn,12374,0.4,0.9437908496732026,0.9386748399564184,0.9359477124183008,0.9287003925191596,0.1154227182269096,92.0,f1,0.9386748399564184
Amazon-Photo,SDRF,gcn,12374,0.55,0.9437908496732026,0.9382878321794828,0.9411764705882352,0.9342395263064452,0.0667612552642822,218.0,f1,0.9382878321794828
Amazon-Photo,SDRF,sage,12345,0.0,0.9568627450980391,0.9478962404676776,0.9529411764705882,0.9430613068881224,0.0239823814481496,135.0,f1,0.9478962404676776
Amazon-Photo,SDRF,sage,12345,0.1,0.9568627450980391,0.9463007066689716,0.949673202614379,0.936451723326305,0.0242328252643346,135.0,f1,0.9463007066689716
Amazon-Photo,SDRF,sage,12345,0.25,0.9568627450980391,0.9489581143198472,0.949673202614379,0.939373585321711,0.0159927271306514,158.0,f1,0.9489581143198472
Amazon-Photo,SDRF,sage,12345,0.4,0.9549019607843138,0.9460825108088888,0.9490196078431372,0.9369145331698778,0.0177461393177509,161.0,f1,0.9460825108088888
Amazon-Photo,SDRF,sage,12345,0.55,0.95359477124183,0.9475394254106118,0.9516339869281044,0.944480897128398,0.0388770475983619,104.0,f1,0.9475394254106118
Amazon-Photo,SDRF,sage,12346,0.0,0.9575163398692812,0.952712644232959,0.954248366013072,0.947822754550649,0.0309467017650604,123.0,f1,0.952712644232959
Amazon-Photo,SDRF,sage,12346,0.1,0.9588235294117649,0.9536415677969085,0.9503267973856208,0.9405226950859183,0.0180511251091957,154.0,f1,0.9536415677969085
Amazon-Photo,SDRF,sage,12346,0.25,0.9568627450980391,0.9527199995150384,0.9549019607843138,0.9476865005477124,0.0170777719467878,153.0,f1,0.9527199995150384
Amazon-Photo,SDRF,sage,12346,0.4,0.9568627450980391,0.952090459119165,0.954248366013072,0.9466369246617562,0.0149993663653731,162.0,f1,0.952090459119165
Amazon-Photo,SDRF,sage,12346,0.55,0.9581699346405228,0.9537258441748572,0.9516339869281044,0.9437851592485612,0.0169563051313161,159.0,f1,0.9537258441748572
Amazon-Photo,SDRF,sage,12347,0.0,0.954248366013072,0.9437749737616072,0.9424836601307188,0.9331190736279252,0.0090757571160793,181.0,f1,0.9437749737616072
Amazon-Photo,SDRF,sage,12347,0.1,0.95359477124183,0.9434676209915828,0.9431372549019608,0.9313967537501666,0.0102997440844774,179.0,f1,0.9434676209915828
Amazon-Photo,SDRF,sage,12347,0.25,0.9522875816993464,0.9432705863029288,0.9450980392156862,0.93622056997677,0.0137019846588373,167.0,f1,0.9432705863029288
Amazon-Photo,SDRF,sage,12347,0.4,0.9529411764705882,0.942915960539584,0.9444444444444444,0.936092399845434,0.0135998586192727,167.0,f1,0.942915960539584
Amazon-Photo,SDRF,sage,12347,0.55,0.9562091503267974,0.9454823377302272,0.9418300653594772,0.9320682962998112,0.0130338678136467,177.0,f1,0.9454823377302272
Amazon-Photo,SDRF,sage,12348,0.0,0.9607843137254902,0.9526188589473144,0.9529411764705882,0.9420460146921243,0.0073384470306336,312.0,f1,0.9526188589473144
Amazon-Photo,SDRF,sage,12348,0.1,0.9601307189542484,0.9542278976787776,0.9581699346405228,0.951446751541112,0.0246966872364282,127.0,f1,0.9542278976787776
Amazon-Photo,SDRF,sage,12348,0.25,0.9627450980392156,0.9549863760760908,0.9549019607843138,0.9447081179816686,0.0138133922591805,176.0,f1,0.9549863760760908
Amazon-Photo,SDRF,sage,12348,0.4,0.9640522875816994,0.9558161790776176,0.9549019607843138,0.9441436520174478,0.0072250342927873,315.0,f1,0.9558161790776176
Amazon-Photo,SDRF,sage,12348,0.55,0.962091503267974,0.9546064474833262,0.9568627450980391,0.9464036337260628,0.0060379649512469,316.0,f1,0.9546064474833262
Amazon-Photo,SDRF,sage,12349,0.0,0.9568627450980391,0.947239065539438,0.9503267973856208,0.9424541876782806,0.0340012125670909,114.0,f1,0.947239065539438
Amazon-Photo,SDRF,sage,12349,0.1,0.9555555555555556,0.9462474375368064,0.9490196078431372,0.9422708633261514,0.0172433461993932,151.0,f1,0.9462474375368064
Amazon-Photo,SDRF,sage,12349,0.25,0.9588235294117649,0.9504610596927014,0.9516339869281044,0.9455308901184892,0.0170794613659381,169.0,f1,0.9504610596927014
Amazon-Photo,SDRF,sage,12349,0.4,0.954248366013072,0.9462866121476056,0.9509803921568628,0.943975061193726,0.0149040939286351,172.0,f1,0.9462866121476056
Amazon-Photo,SDRF,sage,12349,0.55,0.9581699346405228,0.9485256367573568,0.9516339869281044,0.9455821995430688,0.0227093417197465,142.0,f1,0.9485256367573568
Amazon-Photo,SDRF,sage,12350,0.0,0.9601307189542484,0.9511564439730636,0.9516339869281044,0.941560762731223,0.0296241547912359,120.0,f1,0.9511564439730636
Amazon-Photo,SDRF,sage,12350,0.1,0.9581699346405228,0.9514548009222634,0.9503267973856208,0.9423742844956984,0.0126963853836059,181.0,f1,0.9514548009222634
Amazon-Photo,SDRF,sage,12350,0.25,0.9568627450980391,0.9499978344886708,0.9477124183006536,0.9394018210398108,0.0095162214711308,220.0,f1,0.9499978344886708
Amazon-Photo,SDRF,sage,12350,0.4,0.9575163398692812,0.9498519940742536,0.95359477124183,0.9450970744838872,0.0095879370346665,220.0,f1,0.9498519940742536
Amazon-Photo,SDRF,sage,12350,0.55,0.9568627450980391,0.9497763440137712,0.949673202614379,0.9417645123739188,0.0096161412075161,220.0,f1,0.9497763440137712
Amazon-Photo,SDRF,sage,12351,0.0,0.9581699346405228,0.9517049223965935,0.9437908496732026,0.9341526054516492,0.0434259437024593,101.0,f1,0.9517049223965935
Amazon-Photo,SDRF,sage,12351,0.1,0.9562091503267974,0.9502643470975118,0.9444444444444444,0.9361580990479144,0.0297807212918996,122.0,f1,0.9502643470975118
Amazon-Photo,SDRF,sage,12351,0.25,0.9568627450980391,0.950702727735083,0.94640522875817,0.939275815770071,0.0306152813136577,118.0,f1,0.950702727735083
Amazon-Photo,SDRF,sage,12351,0.4,0.9575163398692812,0.9504804919629212,0.9470588235294116,0.9390856471150026,0.0176494549959898,153.0,f1,0.9504804919629212
Amazon-Photo,SDRF,sage,12351,0.55,0.9568627450980391,0.9489664448935444,0.9477124183006536,0.9401524996071842,0.0158994402736425,174.0,f1,0.9489664448935444
Amazon-Photo,SDRF,sage,12352,0.0,0.9549019607843138,0.9426816465315028,0.9529411764705882,0.9402150089630256,0.0367930121719837,107.0,f1,0.9426816465315028
Amazon-Photo,SDRF,sage,12352,0.1,0.9555555555555556,0.9452226261024308,0.9516339869281044,0.939934185254952,0.0424872376024723,103.0,f1,0.9452226261024308
Amazon-Photo,SDRF,sage,12352,0.25,0.954248366013072,0.9429701530497744,0.949673202614379,0.9367466166532346,0.0182962883263826,152.0,f1,0.9429701530497744
Amazon-Photo,SDRF,sage,12352,0.4,0.9529411764705882,0.9437189543620172,0.9522875816993464,0.9390740130495304,0.0499354414641857,99.0,f1,0.9437189543620172
Amazon-Photo,SDRF,sage,12352,0.55,0.95359477124183,0.941822469028376,0.95359477124183,0.9406332806697956,0.0377689637243747,110.0,f1,0.941822469028376
Amazon-Photo,SDRF,sage,12353,0.0,0.9660130718954248,0.958954447173132,0.9490196078431372,0.9423532264391918,0.0408717170357704,98.0,f1,0.958954447173132
Amazon-Photo,SDRF,sage,12353,0.1,0.965359477124183,0.9576997371825088,0.9483660130718954,0.939529491437198,0.0116576515138149,209.0,f1,0.9576997371825088
Amazon-Photo,SDRF,sage,12353,0.25,0.9679738562091504,0.9600863882662536,0.949673202614379,0.940774825388738,0.0129738114774227,188.0,f1,0.9600863882662536
Amazon-Photo,SDRF,sage,12353,0.4,0.9660130718954248,0.958545609860975,0.94640522875817,0.938050087325634,0.0099007301032543,210.0,f1,0.958545609860975
Amazon-Photo,SDRF,sage,12353,0.55,0.9679738562091504,0.9601312393594456,0.9477124183006536,0.9396405680663352,0.0132742626592516,184.0,f1,0.9601312393594456
Amazon-Photo,SDRF,sage,12354,0.0,0.949673202614379,0.9400812349767176,0.9444444444444444,0.9368809124243158,0.0278323255479335,113.0,f1,0.9400812349767176
Amazon-Photo,SDRF,sage,12354,0.1,0.9503267973856208,0.9400159406579196,0.94640522875817,0.9377739997090564,0.025684705004096,120.0,f1,0.9400159406579196
Amazon-Photo,SDRF,sage,12354,0.25,0.949673202614379,0.939128464913999,0.9444444444444444,0.936122738122958,0.0275498703122138,119.0,f1,0.939128464913999
Amazon-Photo,SDRF,sage,12354,0.4,0.9483660130718954,0.9397498430796624,0.9431372549019608,0.9340170344511356,0.0192695558071136,144.0,f1,0.9397498430796624
Amazon-Photo,SDRF,sage,12354,0.55,0.949673202614379,0.9417957194015348,0.9424836601307188,0.9327572366943002,0.0215459000319242,131.0,f1,0.9417957194015348
Amazon-Photo,SDRF,sage,12355,0.0,0.9477124183006536,0.9393548169712376,0.9549019607843138,0.9466092450587688,0.022576717659831,131.0,f1,0.9393548169712376
Amazon-Photo,SDRF,sage,12355,0.1,0.9477124183006536,0.9399816285270608,0.949673202614379,0.9363204988141132,0.0188372433185577,149.0,f1,0.9399816285270608
Amazon-Photo,SDRF,sage,12355,0.25,0.9503267973856208,0.9419061588737436,0.9529411764705882,0.9434942722055204,0.015143172815442,172.0,f1,0.9419061588737436
Amazon-Photo,SDRF,sage,12355,0.4,0.949673202614379,0.9410512244995354,0.9549019607843138,0.9459631879927294,0.0154007254168391,168.0,f1,0.9410512244995354
Amazon-Photo,SDRF,sage,12355,0.55,0.9483660130718954,0.9394729953290044,0.9549019607843138,0.9461033892225548,0.0185303147882223,154.0,f1,0.9394729953290044
Amazon-Photo,SDRF,sage,12356,0.0,0.954248366013072,0.9454382555529314,0.9588235294117649,0.9506263046908524,0.0090163508430123,236.0,f1,0.9454382555529314
Amazon-Photo,SDRF,sage,12356,0.1,0.954248366013072,0.9452844061738992,0.9575163398692812,0.9475192059330344,0.0087121538817882,251.0,f1,0.9452844061738992
Amazon-Photo,SDRF,sage,12356,0.25,0.9555555555555556,0.9473586330014654,0.9601307189542484,0.9517080694622568,0.0123368352651596,195.0,f1,0.9473586330014654
Amazon-Photo,SDRF,sage,12356,0.4,0.954248366013072,0.9452892433452692,0.9575163398692812,0.9480721472822357,0.0055219125933945,323.0,f1,0.9452892433452692
Amazon-Photo,SDRF,sage,12356,0.55,0.95359477124183,0.944589630644181,0.9575163398692812,0.9487800043914631,0.0078870868310332,303.0,f1,0.944589630644181
Amazon-Photo,SDRF,sage,12357,0.0,0.95359477124183,0.944070310440242,0.954248366013072,0.9495529854562454,0.0229517500847578,122.0,f1,0.944070310440242
Amazon-Photo,SDRF,sage,12357,0.1,0.954248366013072,0.9459824811581818,0.95359477124183,0.94826221587588,0.0347581692039966,111.0,f1,0.9459824811581818
Amazon-Photo,SDRF,sage,12357,0.25,0.9568627450980391,0.9494020356539796,0.9529411764705882,0.9465286735371338,0.03388212621212,105.0,f1,0.9494020356539796
Amazon-Photo,SDRF,sage,12357,0.4,0.9555555555555556,0.94678588347582,0.9516339869281044,0.9449686225497111,0.035648375749588,102.0,f1,0.94678588347582
Amazon-Photo,SDRF,sage,12357,0.55,0.954248366013072,0.9462966401340906,0.9555555555555556,0.949326770396608,0.0390292294323444,101.0,f1,0.9462966401340906
Amazon-Photo,SDRF,sage,12358,0.0,0.9549019607843138,0.9458861454545628,0.94640522875817,0.9375733045570808,0.0111279087141156,176.0,f1,0.9458861454545628
Amazon-Photo,SDRF,sage,12358,0.1,0.9529411764705882,0.944747904130446,0.9477124183006536,0.9384291085576718,0.0101198069751262,202.0,f1,0.944747904130446
Amazon-Photo,SDRF,sage,12358,0.25,0.9555555555555556,0.94654689993553,0.94640522875817,0.9365829262178718,0.009253341704607,205.0,f1,0.94654689993553
Amazon-Photo,SDRF,sage,12358,0.4,0.9555555555555556,0.9470791196749369,0.9483660130718954,0.941178400783886,0.0239074043929576,128.0,f1,0.9470791196749369
Amazon-Photo,SDRF,sage,12358,0.55,0.95359477124183,0.9470470515830351,0.94640522875817,0.9366921013475328,0.0113340197131037,175.0,f1,0.9470470515830351
Amazon-Photo,SDRF,sage,12359,0.0,0.961437908496732,0.9569304901592404,0.9529411764705882,0.9423380517112708,0.0101602878421545,258.0,f1,0.9569304901592404
Amazon-Photo,SDRF,sage,12359,0.1,0.9627450980392156,0.9587949304199016,0.9522875816993464,0.9401705114050806,0.0326908752322196,118.0,f1,0.9587949304199016
Amazon-Photo,SDRF,sage,12359,0.25,0.962091503267974,0.957466488693376,0.9529411764705882,0.942809866895286,0.0094440598040819,283.0,f1,0.957466488693376
Amazon-Photo,SDRF,sage,12359,0.4,0.9627450980392156,0.9581668679201816,0.9529411764705882,0.942745564693764,0.0092597799375653,319.0,f1,0.9581668679201816
Amazon-Photo,SDRF,sage,12359,0.55,0.9640522875816994,0.9594486312093532,0.949673202614379,0.9397479918538814,0.013066018000245,185.0,f1,0.9594486312093532
Amazon-Photo,SDRF,sage,12360,0.0,0.95359477124183,0.9473018706954398,0.95359477124183,0.9428451000266308,0.0317716598510742,120.0,f1,0.9473018706954398
Amazon-Photo,SDRF,sage,12360,0.1,0.9529411764705882,0.9446082975485464,0.9503267973856208,0.9383921483051644,0.0346370227634906,119.0,f1,0.9446082975485464
Amazon-Photo,SDRF,sage,12360,0.25,0.9503267973856208,0.9453101282027148,0.9529411764705882,0.9405658149343958,0.0252076294273138,132.0,f1,0.9453101282027148
Amazon-Photo,SDRF,sage,12360,0.4,0.9529411764705882,0.9461135316928032,0.9529411764705882,0.9408119052081824,0.0357107482850551,116.0,f1,0.9461135316928032
Amazon-Photo,SDRF,sage,12360,0.55,0.9522875816993464,0.945455300001624,0.9477124183006536,0.9325354858678327,0.025200005620718,132.0,f1,0.945455300001624
Amazon-Photo,SDRF,sage,12361,0.0,0.9555555555555556,0.9464148681670922,0.9405228758169936,0.9284864809161266,0.010655659250915,232.0,f1,0.9464148681670922
Amazon-Photo,SDRF,sage,12361,0.1,0.9562091503267974,0.9474605670714376,0.9450980392156862,0.9341269920354552,0.0103341033682227,255.0,f1,0.9474605670714376
Amazon-Photo,SDRF,sage,12361,0.25,0.9555555555555556,0.94663474233253,0.9490196078431372,0.9391050821425252,0.0113728241994977,209.0,f1,0.94663474233253
Amazon-Photo,SDRF,sage,12361,0.4,0.954248366013072,0.9457452743696576,0.938562091503268,0.9258812939864548,0.0283903926610946,131.0,f1,0.9457452743696576
Amazon-Photo,SDRF,sage,12361,0.55,0.9555555555555556,0.9462058871286868,0.9470588235294116,0.9375688537133186,0.0244267359375953,142.0,f1,0.9462058871286868
Amazon-Photo,SDRF,sage,12362,0.0,0.9509803921568628,0.9405645731149866,0.9549019607843138,0.94707433482473,0.0128874769434332,179.0,f1,0.9405645731149866
Amazon-Photo,SDRF,sage,12362,0.1,0.9529411764705882,0.9427711207657082,0.9588235294117649,0.9517112432293986,0.0160068180412054,157.0,f1,0.9427711207657082
Amazon-Photo,SDRF,sage,12362,0.25,0.9509803921568628,0.9405904981803772,0.954248366013072,0.9460241430051868,0.0097681544721126,213.0,f1,0.9405904981803772
Amazon-Photo,SDRF,sage,12362,0.4,0.95359477124183,0.9427680008570056,0.9562091503267974,0.9468112047373594,0.0172938965260982,145.0,f1,0.9427680008570056
Amazon-Photo,SDRF,sage,12362,0.55,0.9529411764705882,0.943322115562489,0.9562091503267974,0.947144210700506,0.0083708139136433,183.0,f1,0.943322115562489
Amazon-Photo,SDRF,sage,12363,0.0,0.9588235294117649,0.949631532809492,0.9437908496732026,0.9330609508623692,0.0099274367094039,235.0,f1,0.949631532809492
Amazon-Photo,SDRF,sage,12363,0.1,0.9601307189542484,0.9481163996994708,0.949673202614379,0.940381741411147,0.02848313562572,123.0,f1,0.9481163996994708
Amazon-Photo,SDRF,sage,12363,0.25,0.9575163398692812,0.9481324139778832,0.94640522875817,0.9348798735607696,0.0129521312192082,176.0,f1,0.9481324139778832
Amazon-Photo,SDRF,sage,12363,0.4,0.9581699346405228,0.9475681377603906,0.9503267973856208,0.9394203754403704,0.0260757654905319,125.0,f1,0.9475681377603906
Amazon-Photo,SDRF,sage,12363,0.55,0.9601307189542484,0.9499157392931508,0.949673202614379,0.939049904568971,0.0185369811952114,153.0,f1,0.9499157392931508
Amazon-Photo,SDRF,sage,12364,0.0,0.9522875816993464,0.946364351903802,0.9555555555555556,0.9488514836417252,0.0216656047850847,133.0,f1,0.946364351903802
Amazon-Photo,SDRF,sage,12364,0.1,0.9549019607843138,0.9477376969256052,0.9594771241830066,0.954433604775676,0.0140369059517979,187.0,f1,0.9477376969256052
Amazon-Photo,SDRF,sage,12364,0.25,0.9522875816993464,0.9447139369467508,0.9549019607843138,0.9508193603186336,0.0129986610263586,178.0,f1,0.9447139369467508
Amazon-Photo,SDRF,sage,12364,0.4,0.9503267973856208,0.9441430583332192,0.9549019607843138,0.9514680516867448,0.0217862892895936,150.0,f1,0.9441430583332192
Amazon-Photo,SDRF,sage,12364,0.55,0.9516339869281044,0.9453023144616016,0.9588235294117649,0.9538610480964904,0.0166512038558721,154.0,f1,0.9453023144616016
Amazon-Photo,SDRF,sage,12365,0.0,0.9555555555555556,0.9501247287289613,0.9490196078431372,0.9407614073831028,0.0231435615569353,139.0,f1,0.9501247287289613
Amazon-Photo,SDRF,sage,12365,0.1,0.9581699346405228,0.95139437045631,0.9509803921568628,0.9432422961694932,0.0121397832408547,215.0,f1,0.95139437045631
Amazon-Photo,SDRF,sage,12365,0.25,0.9575163398692812,0.9510090968887384,0.9483660130718954,0.9408630645392416,0.0078273611143231,266.0,f1,0.9510090968887384
Amazon-Photo,SDRF,sage,12365,0.4,0.9581699346405228,0.9537879170382876,0.9490196078431372,0.940885951469996,0.0233615208417177,131.0,f1,0.9537879170382876
Amazon-Photo,SDRF,sage,12365,0.55,0.9568627450980391,0.950526940447788,0.945751633986928,0.9361502337269928,0.007891341112554,233.0,f1,0.950526940447788
Amazon-Photo,SDRF,sage,12366,0.0,0.9529411764705882,0.9481277536875816,0.9431372549019608,0.9318022926084244,0.0262597110122442,122.0,f1,0.9481277536875816
Amazon-Photo,SDRF,sage,12366,0.1,0.95359477124183,0.9489509205187128,0.9444444444444444,0.9342400131156858,0.0314544327557086,103.0,f1,0.9489509205187128
Amazon-Photo,SDRF,sage,12366,0.25,0.9555555555555556,0.94934012461439,0.9398692810457516,0.9282260408363404,0.0249776002019643,120.0,f1,0.94934012461439
Amazon-Photo,SDRF,sage,12366,0.4,0.9568627450980391,0.9497781184808288,0.9405228758169936,0.9277426664152216,0.0282864067703485,107.0,f1,0.9497781184808288
Amazon-Photo,SDRF,sage,12366,0.55,0.9555555555555556,0.9496581471465048,0.9405228758169936,0.9286106032864956,0.0263606868684291,109.0,f1,0.9496581471465048
Amazon-Photo,SDRF,sage,12367,0.0,0.9549019607843138,0.9486702269424502,0.9581699346405228,0.9516340398052072,0.0276790522038936,119.0,f1,0.9486702269424502
Amazon-Photo,SDRF,sage,12367,0.1,0.954248366013072,0.947759619778012,0.9562091503267974,0.949942898758966,0.0288351625204086,116.0,f1,0.947759619778012
Amazon-Photo,SDRF,sage,12367,0.25,0.9529411764705882,0.9455287429424756,0.9549019607843138,0.9490988268188898,0.0214595943689346,151.0,f1,0.9455287429424756
Amazon-Photo,SDRF,sage,12367,0.4,0.9522875816993464,0.9467742951130128,0.9516339869281044,0.9475039651697708,0.022964397445321,129.0,f1,0.9467742951130128
Amazon-Photo,SDRF,sage,12367,0.55,0.954248366013072,0.94826437810431,0.9522875816993464,0.9475872505803736,0.0253270678222179,128.0,f1,0.94826437810431
Amazon-Photo,SDRF,sage,12368,0.0,0.954248366013072,0.94623194147689,0.9575163398692812,0.949275148321518,0.0196603555232286,147.0,f1,0.94623194147689
Amazon-Photo,SDRF,sage,12368,0.1,0.9522875816993464,0.94474250215778,0.9555555555555556,0.949908039415237,0.0189118515700101,174.0,f1,0.94474250215778
Amazon-Photo,SDRF,sage,12368,0.25,0.9549019607843138,0.947177467821556,0.9594771241830066,0.9513486386417952,0.0321239754557609,117.0,f1,0.947177467821556
Amazon-Photo,SDRF,sage,12368,0.4,0.9562091503267974,0.9476442299223892,0.9555555555555556,0.9497572578514224,0.0226796008646488,143.0,f1,0.9476442299223892
Amazon-Photo,SDRF,sage,12368,0.55,0.9562091503267974,0.9479401581954512,0.9581699346405228,0.9524359838117034,0.0129271475598216,172.0,f1,0.9479401581954512
Amazon-Photo,SDRF,sage,12369,0.0,0.9555555555555556,0.9491959657795662,0.949673202614379,0.9388443772988108,0.0308718215674161,127.0,f1,0.9491959657795662
Amazon-Photo,SDRF,sage,12369,0.1,0.9549019607843138,0.9454212532056075,0.9490196078431372,0.9379571300620828,0.0149612389504909,177.0,f1,0.9454212532056075
Amazon-Photo,SDRF,sage,12369,0.25,0.954248366013072,0.9448987241806353,0.9477124183006536,0.9357761673566586,0.0101871872320771,259.0,f1,0.9448987241806353
Amazon-Photo,SDRF,sage,12369,0.4,0.954248366013072,0.9448201350513428,0.9477124183006536,0.93460320513847,0.0139701515436172,184.0,f1,0.9448201350513428
Amazon-Photo,SDRF,sage,12369,0.55,0.9549019607843138,0.9468427197624908,0.9503267973856208,0.9395389066746372,0.0147199928760528,177.0,f1,0.9468427197624908
Amazon-Photo,SDRF,sage,12370,0.0,0.9601307189542484,0.9528434834726768,0.9444444444444444,0.9321329322732648,0.0523807816207408,92.0,f1,0.9528434834726768
Amazon-Photo,SDRF,sage,12370,0.1,0.9601307189542484,0.9548896799578506,0.9424836601307188,0.9320272939185572,0.040082573890686,102.0,f1,0.9548896799578506
Amazon-Photo,SDRF,sage,12370,0.25,0.962091503267974,0.9563807958349072,0.9405228758169936,0.928603780521,0.0448387041687965,96.0,f1,0.9563807958349072
Amazon-Photo,SDRF,sage,12370,0.4,0.961437908496732,0.9557876313002728,0.94640522875817,0.9354783357160756,0.0332520902156829,108.0,f1,0.9557876313002728
Amazon-Photo,SDRF,sage,12370,0.55,0.9607843137254902,0.9542728424554362,0.9418300653594772,0.931166291498022,0.0440077409148216,98.0,f1,0.9542728424554362
Amazon-Photo,SDRF,sage,12371,0.0,0.9588235294117649,0.9543570446975904,0.9522875816993464,0.9488578800195152,0.0261585786938667,130.0,f1,0.9543570446975904
Amazon-Photo,SDRF,sage,12371,0.1,0.9588235294117649,0.955234253561286,0.9470588235294116,0.9422088482337734,0.0134568391367793,186.0,f1,0.955234253561286
Amazon-Photo,SDRF,sage,12371,0.25,0.9575163398692812,0.9534062262369444,0.94640522875817,0.9409301051178108,0.0117773357778787,183.0,f1,0.9534062262369444
Amazon-Photo,SDRF,sage,12371,0.4,0.9601307189542484,0.9563535017325352,0.9503267973856208,0.9466418829839116,0.027037002146244,119.0,f1,0.9563535017325352
Amazon-Photo,SDRF,sage,12371,0.55,0.9594771241830066,0.9554540780646016,0.9490196078431372,0.94342931374963,0.0111843151971697,180.0,f1,0.9554540780646016
Amazon-Photo,SDRF,sage,12372,0.0,0.9490196078431372,0.9391620192017338,0.9509803921568628,0.9423673659524276,0.0143217332661151,177.0,f1,0.9391620192017338
Amazon-Photo,SDRF,sage,12372,0.1,0.9483660130718954,0.9384880513091712,0.9490196078431372,0.9386947709844652,0.0109159173443913,200.0,f1,0.9384880513091712
Amazon-Photo,SDRF,sage,12372,0.25,0.9470588235294116,0.9373884288588504,0.94640522875817,0.9367313312029696,0.0146753881126642,186.0,f1,0.9373884288588504
Amazon-Photo,SDRF,sage,12372,0.4,0.9444444444444444,0.9383265983619072,0.9444444444444444,0.9338664980347346,0.0409610196948051,106.0,f1,0.9383265983619072
Amazon-Photo,SDRF,sage,12372,0.55,0.9483660130718954,0.9398095364942898,0.9483660130718954,0.939670011789642,0.0247901380062103,131.0,f1,0.9398095364942898
Amazon-Photo,SDRF,sage,12373,0.0,0.9647058823529412,0.9585394443980834,0.9522875816993464,0.9456073212455632,0.0266483817249536,139.0,f1,0.9585394443980834
Amazon-Photo,SDRF,sage,12373,0.1,0.965359477124183,0.9601286575482008,0.9509803921568628,0.9422783195042655,0.0245990995317697,141.0,f1,0.9601286575482008
Amazon-Photo,SDRF,sage,12373,0.25,0.9660130718954248,0.9604574120945611,0.95359477124183,0.9461219724741564,0.0286599416285753,126.0,f1,0.9604574120945611
Amazon-Photo,SDRF,sage,12373,0.4,0.9640522875816994,0.9579639387698036,0.9516339869281044,0.9437048886529016,0.0229996312409639,146.0,f1,0.9579639387698036
Amazon-Photo,SDRF,sage,12373,0.55,0.9627450980392156,0.9577875050589252,0.9509803921568628,0.9442403238611268,0.0160434190183877,202.0,f1,0.9577875050589252
Amazon-Photo,SDRF,sage,12374,0.0,0.9549019607843138,0.9443451195698278,0.9503267973856208,0.942971728873044,0.0157854277640581,165.0,f1,0.9443451195698278
Amazon-Photo,SDRF,sage,12374,0.1,0.954248366013072,0.9442588540521788,0.95359477124183,0.9463615881695492,0.0171510614454746,144.0,f1,0.9442588540521788
Amazon-Photo,SDRF,sage,12374,0.25,0.9555555555555556,0.9456604084020755,0.9516339869281044,0.9453042277333936,0.0218781642615795,127.0,f1,0.9456604084020755
Amazon-Photo,SDRF,sage,12374,0.4,0.9549019607843138,0.945119264727304,0.9503267973856208,0.9421966349745132,0.0214410442858934,129.0,f1,0.945119264727304
Amazon-Photo,SDRF,sage,12374,0.55,0.9549019607843138,0.9458063148265188,0.9483660130718954,0.9418660284780328,0.0157099924981594,152.0,f1,0.9458063148265188
Amazon-Photo,SDRF,gat,12345,0.0,0.9359477124183008,0.9252696427714402,0.9372549019607844,0.9334924535911407,0.0268170200288295,271.0,f1,0.9252696427714402
Amazon-Photo,SDRF,gat,12345,0.1,0.9372549019607844,0.9277332449562564,0.9352941176470588,0.9300050615519266,0.0269620548933744,278.0,f1,0.9277332449562564
Amazon-Photo,SDRF,gat,12345,0.25,0.934640522875817,0.9254891595876128,0.9359477124183008,0.9294751463776264,0.0520873963832855,120.0,f1,0.9254891595876128
Amazon-Photo,SDRF,gat,12345,0.4,0.9366013071895424,0.9277549698794838,0.934640522875817,0.9324872236627172,0.0335264131426811,190.0,f1,0.9277549698794838
Amazon-Photo,SDRF,gat,12345,0.55,0.9372549019607844,0.9306766180226492,0.9320261437908496,0.929772921493841,0.0277033653110265,213.0,f1,0.9306766180226492
Amazon-Photo,SDRF,gat,12346,0.0,0.9405228758169936,0.9394443587203456,0.9437908496732026,0.933928944729438,0.0229542758315801,285.0,f1,0.9394443587203456
Amazon-Photo,SDRF,gat,12346,0.1,0.9411764705882352,0.939235249043782,0.9444444444444444,0.9382276970849626,0.0567580163478851,111.0,f1,0.939235249043782
Amazon-Photo,SDRF,gat,12346,0.25,0.9405228758169936,0.937614723728056,0.9424836601307188,0.933436732527422,0.0462226904928684,141.0,f1,0.937614723728056
Amazon-Photo,SDRF,gat,12346,0.4,0.937908496732026,0.935752586064146,0.9418300653594772,0.9315245067143542,0.0503982938826084,131.0,f1,0.935752586064146
Amazon-Photo,SDRF,gat,12346,0.55,0.9366013071895424,0.9350743586660109,0.9359477124183008,0.9253121559836314,0.0170992370694875,379.0,f1,0.9350743586660109
Amazon-Photo,SDRF,gat,12347,0.0,0.937908496732026,0.9285248288675152,0.9352941176470588,0.9264970389287934,0.0671602636575698,102.0,f1,0.9285248288675152
Amazon-Photo,SDRF,gat,12347,0.1,0.9431372549019608,0.9311792668618244,0.9366013071895424,0.9297927007079094,0.0656603723764419,112.0,f1,0.9311792668618244
Amazon-Photo,SDRF,gat,12347,0.25,0.9431372549019608,0.9311337212034962,0.9326797385620916,0.9265941973673568,0.0613080933690071,114.0,f1,0.9311337212034962
Amazon-Photo,SDRF,gat,12347,0.4,0.9437908496732026,0.9330534820875336,0.9326797385620916,0.9268232309846702,0.0544750466942787,139.0,f1,0.9330534820875336
Amazon-Photo,SDRF,gat,12347,0.55,0.9405228758169936,0.929241328118432,0.9333333333333332,0.9264298491157728,0.0558269955217838,136.0,f1,0.929241328118432
Amazon-Photo,SDRF,gat,12348,0.0,0.9392156862745098,0.9326214186270044,0.9326797385620916,0.9204109844688256,0.049280796200037,193.0,f1,0.9326214186270044
Amazon-Photo,SDRF,gat,12348,0.1,0.9450980392156862,0.9400229103074264,0.9392156862745098,0.9295520041186656,0.0709122568368911,112.0,f1,0.9400229103074264
Amazon-Photo,SDRF,gat,12348,0.25,0.9411764705882352,0.9366989471020826,0.937908496732026,0.9293838024086544,0.0531287156045436,157.0,f1,0.9366989471020826
Amazon-Photo,SDRF,gat,12348,0.4,0.9431372549019608,0.9380631605963652,0.9366013071895424,0.9265758890352972,0.062511458992958,133.0,f1,0.9380631605963652
Amazon-Photo,SDRF,gat,12348,0.55,0.9444444444444444,0.9383347887402192,0.9339869281045752,0.9234868823251364,0.0377963706851005,231.0,f1,0.9383347887402192
Amazon-Photo,SDRF,gat,12349,0.0,0.9483660130718954,0.9396459130642968,0.9431372549019608,0.9392696822120872,0.0590983070433139,111.0,f1,0.9396459130642968
Amazon-Photo,SDRF,gat,12349,0.1,0.94640522875817,0.940040430393794,0.9405228758169936,0.9370705113269756,0.0581132061779499,115.0,f1,0.940040430393794
Amazon-Photo,SDRF,gat,12349,0.25,0.945751633986928,0.9391405955401728,0.9418300653594772,0.9374802834766796,0.0416284352540969,134.0,f1,0.9391405955401728
Amazon-Photo,SDRF,gat,12349,0.4,0.9437908496732026,0.9358036836703344,0.9366013071895424,0.9300021933521888,0.0390455201268196,147.0,f1,0.9358036836703344
Amazon-Photo,SDRF,gat,12349,0.55,0.9418300653594772,0.9344447334292364,0.9326797385620916,0.9276446173684236,0.0490006506443023,109.0,f1,0.9344447334292364
Amazon-Photo,SDRF,gat,12350,0.0,0.9470588235294116,0.9382331055252012,0.9320261437908496,0.9231790491905678,0.0698999240994453,111.0,f1,0.9382331055252012
Amazon-Photo,SDRF,gat,12350,0.1,0.9450980392156862,0.934171009747694,0.930718954248366,0.9230897258929156,0.0688033699989318,114.0,f1,0.934171009747694
Amazon-Photo,SDRF,gat,12350,0.25,0.94640522875817,0.9395050677732268,0.9320261437908496,0.9265888652643544,0.0542237125337123,153.0,f1,0.9395050677732268
Amazon-Photo,SDRF,gat,12350,0.4,0.945751633986928,0.938016326547764,0.9294117647058824,0.9235923306612276,0.0506927110254764,170.0,f1,0.938016326547764
Amazon-Photo,SDRF,gat,12350,0.55,0.9437908496732026,0.9358862148088474,0.9267973856209152,0.9194381377205746,0.0518366657197475,177.0,f1,0.9358862148088474
Amazon-Photo,SDRF,gat,12351,0.0,0.9529411764705882,0.9518495249176242,0.9294117647058824,0.9199554871971278,0.0360240712761879,231.0,f1,0.9518495249176242
Amazon-Photo,SDRF,gat,12351,0.1,0.9509803921568628,0.9471437041214932,0.9320261437908496,0.9232577265033616,0.0402880683541297,206.0,f1,0.9471437041214932
Amazon-Photo,SDRF,gat,12351,0.25,0.9490196078431372,0.9464015781710512,0.938562091503268,0.9309231025403504,0.0656199529767036,134.0,f1,0.9464015781710512
Amazon-Photo,SDRF,gat,12351,0.4,0.9470588235294116,0.944917267408443,0.9339869281045752,0.9248208543289752,0.040555715560913,204.0,f1,0.944917267408443
Amazon-Photo,SDRF,gat,12351,0.55,0.9477124183006536,0.9452448843710628,0.9326797385620916,0.9261235527685968,0.0721068084239959,118.0,f1,0.9452448843710628
Amazon-Photo,SDRF,gat,12352,0.0,0.949673202614379,0.9387031345888068,0.9333333333333332,0.9226038128076056,0.0460321381688118,157.0,f1,0.9387031345888068
Amazon-Photo,SDRF,gat,12352,0.1,0.9470588235294116,0.9401156800279392,0.9359477124183008,0.9261576543201364,0.0529656969010829,138.0,f1,0.9401156800279392
Amazon-Photo,SDRF,gat,12352,0.25,0.9483660130718954,0.9408628771571844,0.9366013071895424,0.928570605472371,0.0592176653444767,114.0,f1,0.9408628771571844
Amazon-Photo,SDRF,gat,12352,0.4,0.9444444444444444,0.9397905131896293,0.930718954248366,0.9224279007113888,0.0543518401682376,152.0,f1,0.9397905131896293
Amazon-Photo,SDRF,gat,12352,0.55,0.94640522875817,0.9397648031703628,0.9326797385620916,0.9244202378603144,0.0642329454421997,116.0,f1,0.9397648031703628
Amazon-Photo,SDRF,gat,12353,0.0,0.9450980392156862,0.9414442674538944,0.9320261437908496,0.9263950548563792,0.0637288466095924,150.0,f1,0.9414442674538944
Amazon-Photo,SDRF,gat,12353,0.1,0.94640522875817,0.9417607211573152,0.9392156862745098,0.9345048525895296,0.031976792961359,377.0,f1,0.9417607211573152
Amazon-Photo,SDRF,gat,12353,0.25,0.94640522875817,0.9402264525686392,0.9320261437908496,0.9254757626111436,0.0434831455349922,229.0,f1,0.9402264525686392
Amazon-Photo,SDRF,gat,12353,0.4,0.94640522875817,0.9396623134361108,0.9359477124183008,0.9312883473394497,0.0320592261850833,295.0,f1,0.9396623134361108
Amazon-Photo,SDRF,gat,12353,0.55,0.9444444444444444,0.9393305420344638,0.9352941176470588,0.9288646326480126,0.0430567748844623,219.0,f1,0.9393305420344638
Amazon-Photo,SDRF,gat,12354,0.0,0.930718954248366,0.9206477335845906,0.9294117647058824,0.9225500456694868,0.0420505814254283,127.0,f1,0.9206477335845906
Amazon-Photo,SDRF,gat,12354,0.1,0.931372549019608,0.9206403010382976,0.934640522875817,0.9287271219383308,0.0480362400412559,111.0,f1,0.9206403010382976
Amazon-Photo,SDRF,gat,12354,0.25,0.9281045751633988,0.9197045891474844,0.9254901960784314,0.9183363121759756,0.022493053227663,219.0,f1,0.9197045891474844
Amazon-Photo,SDRF,gat,12354,0.4,0.9287581699346406,0.917849915665478,0.9254901960784314,0.9176854110799704,0.0246784687042236,197.0,f1,0.917849915665478
Amazon-Photo,SDRF,gat,12354,0.55,0.9294117647058824,0.9177095135662638,0.934640522875817,0.9296389790071472,0.0510232113301754,106.0,f1,0.9177095135662638
Amazon-Photo,SDRF,gat,12355,0.0,0.9339869281045752,0.9204393787263112,0.9359477124183008,0.9285668875720944,0.0361204706132411,188.0,f1,0.9204393787263112
Amazon-Photo,SDRF,gat,12355,0.1,0.9320261437908496,0.9193222199330172,0.9359477124183008,0.9278442524555722,0.0369751490652561,190.0,f1,0.9193222199330172
Amazon-Photo,SDRF,gat,12355,0.25,0.934640522875817,0.9242021555467448,0.9392156862745098,0.9314579188114442,0.0558109730482101,109.0,f1,0.9242021555467448
Amazon-Photo,SDRF,gat,12355,0.4,0.9339869281045752,0.9208404526801344,0.9333333333333332,0.9241003307811262,0.034440528601408,192.0,f1,0.9208404526801344
Amazon-Photo,SDRF,gat,12355,0.55,0.931372549019608,0.9211000916411218,0.9294117647058824,0.9209265540670256,0.0243438929319381,280.0,f1,0.9211000916411218
Amazon-Photo,SDRF,gat,12356,0.0,0.9300653594771242,0.919862567401089,0.95359477124183,0.9478760016944512,0.0651835277676582,133.0,f1,0.919862567401089
Amazon-Photo,SDRF,gat,12356,0.1,0.934640522875817,0.924490729775731,0.9549019607843138,0.9480054956890726,0.0718497633934021,111.0,f1,0.924490729775731
Amazon-Photo,SDRF,gat,12356,0.25,0.9287581699346406,0.918863367434356,0.9549019607843138,0.9474195547167712,0.0660347566008567,128.0,f1,0.918863367434356
Amazon-Photo,SDRF,gat,12356,0.4,0.9300653594771242,0.9192020528301912,0.9483660130718954,0.9362115924567358,0.0740272775292396,108.0,f1,0.9192020528301912
Amazon-Photo,SDRF,gat,12356,0.55,0.9300653594771242,0.9187604827170194,0.945751633986928,0.9340352879826794,0.0765206813812255,108.0,f1,0.9187604827170194
Amazon-Photo,SDRF,gat,12357,0.0,0.9450980392156862,0.9385790502070532,0.9405228758169936,0.9345348769812007,0.0577207878232002,123.0,f1,0.9385790502070532
Amazon-Photo,SDRF,gat,12357,0.1,0.9483660130718954,0.9417813966718058,0.9437908496732026,0.9380002028213852,0.0638244524598121,113.0,f1,0.9417813966718058
Amazon-Photo,SDRF,gat,12357,0.25,0.9477124183006536,0.9417367451860224,0.9320261437908496,0.9182873659990308,0.0811825767159462,90.0,f1,0.9417367451860224
Amazon-Photo,SDRF,gat,12357,0.4,0.9444444444444444,0.936283629371948,0.937908496732026,0.9292557775867316,0.0639830976724624,113.0,f1,0.936283629371948
Amazon-Photo,SDRF,gat,12357,0.55,0.9483660130718954,0.941961968667546,0.937908496732026,0.9299512203232704,0.0690950602293014,103.0,f1,0.941961968667546
Amazon-Photo,SDRF,gat,12358,0.0,0.930718954248366,0.9255680569722016,0.934640522875817,0.9296169781719972,0.0645211786031723,110.0,f1,0.9255680569722016
Amazon-Photo,SDRF,gat,12358,0.1,0.9294117647058824,0.9259070777898118,0.9352941176470588,0.9302729797072204,0.0636802092194557,111.0,f1,0.9259070777898118
Amazon-Photo,SDRF,gat,12358,0.25,0.930718954248366,0.9255447162514808,0.9359477124183008,0.9315038625349906,0.0592030175030231,125.0,f1,0.9255447162514808
Amazon-Photo,SDRF,gat,12358,0.4,0.9300653594771242,0.9254885422325292,0.9392156862745098,0.9354050505624076,0.0617886073887348,124.0,f1,0.9254885422325292
Amazon-Photo,SDRF,gat,12358,0.55,0.9300653594771242,0.9263606846365716,0.9359477124183008,0.9329879841503458,0.0691901445388794,107.0,f1,0.9263606846365716
Amazon-Photo,SDRF,gat,12359,0.0,0.9477124183006536,0.9485544262698355,0.9333333333333332,0.9263189469711546,0.0323678702116012,175.0,f1,0.9485544262698355
Amazon-Photo,SDRF,gat,12359,0.1,0.94640522875817,0.9452518119105404,0.930718954248366,0.9248774492512534,0.0272208619862794,209.0,f1,0.9452518119105404
Amazon-Photo,SDRF,gat,12359,0.25,0.94640522875817,0.944697641237714,0.9326797385620916,0.9212136387320896,0.0516942515969276,125.0,f1,0.944697641237714
Amazon-Photo,SDRF,gat,12359,0.4,0.94640522875817,0.9455928320656626,0.9320261437908496,0.9228091707222208,0.0536778382956981,122.0,f1,0.9455928320656626
Amazon-Photo,SDRF,gat,12359,0.55,0.9477124183006536,0.9470397865176452,0.9287581699346406,0.9197156575840466,0.0521472431719303,122.0,f1,0.9470397865176452
Amazon-Photo,SDRF,gat,12360,0.0,0.9320261437908496,0.922807314796531,0.9411764705882352,0.923772535778548,0.047132384032011,122.0,f1,0.922807314796531
Amazon-Photo,SDRF,gat,12360,0.1,0.9274509803921568,0.9195834262697056,0.9294117647058824,0.9153454105916802,0.0196160450577735,253.0,f1,0.9195834262697056
Amazon-Photo,SDRF,gat,12360,0.25,0.9326797385620916,0.922278408620671,0.9294117647058824,0.9114177350315502,0.0268420279026031,192.0,f1,0.922278408620671
Amazon-Photo,SDRF,gat,12360,0.4,0.9300653594771242,0.922012602783241,0.9333333333333332,0.9165673155499472,0.0175204426050186,285.0,f1,0.922012602783241
Amazon-Photo,SDRF,gat,12360,0.55,0.9294117647058824,0.9201509498309433,0.9326797385620916,0.9179201248840528,0.0201097503304481,276.0,f1,0.9201509498309433
Amazon-Photo,SDRF,gat,12361,0.0,0.9477124183006536,0.9423766817114676,0.9372549019607844,0.928326461258456,0.051523707807064,126.0,f1,0.9423766817114676
Amazon-Photo,SDRF,gat,12361,0.1,0.9424836601307188,0.9346004436425674,0.9424836601307188,0.9361928008665512,0.0598129518330097,112.0,f1,0.9346004436425674
Amazon-Photo,SDRF,gat,12361,0.25,0.9431372549019608,0.9366235560303172,0.9366013071895424,0.9267577596711442,0.0537906996905803,127.0,f1,0.9366235560303172
Amazon-Photo,SDRF,gat,12361,0.4,0.9418300653594772,0.935385725969646,0.938562091503268,0.9308942993281892,0.0540523417294025,123.0,f1,0.935385725969646
Amazon-Photo,SDRF,gat,12361,0.55,0.9411764705882352,0.9344318983271312,0.930718954248366,0.9224948111688932,0.0381052047014236,173.0,f1,0.9344318983271312
Amazon-Photo,SDRF,gat,12362,0.0,0.9359477124183008,0.9233320197591164,0.9431372549019608,0.9358540564919527,0.0622918494045734,144.0,f1,0.9233320197591164
Amazon-Photo,SDRF,gat,12362,0.1,0.930718954248366,0.9208448003607944,0.9431372549019608,0.9349855823543058,0.0252738632261753,382.0,f1,0.9208448003607944
Amazon-Photo,SDRF,gat,12362,0.25,0.9294117647058824,0.918349598067698,0.9418300653594772,0.9351616538961872,0.0619095154106617,123.0,f1,0.918349598067698
Amazon-Photo,SDRF,gat,12362,0.4,0.934640522875817,0.9207346649769346,0.9411764705882352,0.932937592650178,0.0648873373866081,121.0,f1,0.9207346649769346
Amazon-Photo,SDRF,gat,12362,0.55,0.9294117647058824,0.9172332284318224,0.9392156862745098,0.9310984028953068,0.0291499625891447,261.0,f1,0.9172332284318224
Amazon-Photo,SDRF,gat,12363,0.0,0.9424836601307188,0.9340886063809728,0.9359477124183008,0.9278316711229462,0.0558366701006889,119.0,f1,0.9340886063809728
Amazon-Photo,SDRF,gat,12363,0.1,0.9411764705882352,0.9320629843365342,0.930718954248366,0.9245604720226396,0.0552141591906547,119.0,f1,0.9320629843365342
Amazon-Photo,SDRF,gat,12363,0.25,0.9392156862745098,0.931726641272662,0.9339869281045752,0.924423369167808,0.0592903867363929,106.0,f1,0.931726641272662
Amazon-Photo,SDRF,gat,12363,0.4,0.9398692810457516,0.9324925575827512,0.931372549019608,0.9234564435438246,0.0561645291745662,110.0,f1,0.9324925575827512
Amazon-Photo,SDRF,gat,12363,0.55,0.9372549019607844,0.9310343663336176,0.9300653594771242,0.921775420503106,0.0551406778395175,113.0,f1,0.9310343663336176
Amazon-Photo,SDRF,gat,12364,0.0,0.9359477124183008,0.9301509617058166,0.9366013071895424,0.9299366153089108,0.0491709783673286,150.0,f1,0.9301509617058166
Amazon-Photo,SDRF,gat,12364,0.1,0.9366013071895424,0.9309395314111706,0.9418300653594772,0.935629125701613,0.0596495456993579,112.0,f1,0.9309395314111706
Amazon-Photo,SDRF,gat,12364,0.25,0.9333333333333332,0.9288687271983038,0.9398692810457516,0.9365037446176124,0.0486959144473075,132.0,f1,0.9288687271983038
Amazon-Photo,SDRF,gat,12364,0.4,0.934640522875817,0.930754985290277,0.9398692810457516,0.9346596618855004,0.0568318702280521,119.0,f1,0.930754985290277
Amazon-Photo,SDRF,gat,12364,0.55,0.9339869281045752,0.9278191492616702,0.9359477124183008,0.929848502435986,0.0194081887602806,380.0,f1,0.9278191492616702
Amazon-Photo,SDRF,gat,12365,0.0,0.94640522875817,0.9414286808356864,0.930718954248366,0.9239418618799722,0.0268471520394086,275.0,f1,0.9414286808356864
Amazon-Photo,SDRF,gat,12365,0.1,0.9444444444444444,0.940839653796049,0.9339869281045752,0.9279422104333904,0.020890012383461,357.0,f1,0.940839653796049
Amazon-Photo,SDRF,gat,12365,0.25,0.945751633986928,0.9401901004215688,0.9352941176470588,0.9273667064112956,0.0252498816698789,296.0,f1,0.9401901004215688
Amazon-Photo,SDRF,gat,12365,0.4,0.945751633986928,0.9416998961377532,0.9424836601307188,0.9371456732747596,0.0519799254834651,150.0,f1,0.9416998961377532
Amazon-Photo,SDRF,gat,12365,0.55,0.9470588235294116,0.9422353421228165,0.9359477124183008,0.9268879806422644,0.0461311303079128,169.0,f1,0.9422353421228165
Amazon-Photo,SDRF,gat,12366,0.0,0.9450980392156862,0.938206406871815,0.9287581699346406,0.917253523993672,0.0260798148810863,347.0,f1,0.938206406871815
Amazon-Photo,SDRF,gat,12366,0.1,0.9431372549019608,0.9332376682460666,0.931372549019608,0.921871215409218,0.0566092357039451,172.0,f1,0.9332376682460666
Amazon-Photo,SDRF,gat,12366,0.25,0.945751633986928,0.9368878946461912,0.9320261437908496,0.9209090802888122,0.0374570302665233,251.0,f1,0.9368878946461912
Amazon-Photo,SDRF,gat,12366,0.4,0.9450980392156862,0.9371097365015756,0.9326797385620916,0.9229898009999402,0.0367418080568313,240.0,f1,0.9371097365015756
Amazon-Photo,SDRF,gat,12366,0.55,0.9450980392156862,0.9398332512570028,0.934640522875817,0.925065295733872,0.0394417010247707,211.0,f1,0.9398332512570028
Amazon-Photo,SDRF,gat,12367,0.0,0.9372549019607844,0.9300928568680822,0.9405228758169936,0.9338584562606016,0.0474120490252971,125.0,f1,0.9300928568680822
Amazon-Photo,SDRF,gat,12367,0.1,0.9359477124183008,0.929388909311848,0.9320261437908496,0.9226394031545292,0.0460723266005516,119.0,f1,0.929388909311848
Amazon-Photo,SDRF,gat,12367,0.25,0.934640522875817,0.9293940307938896,0.9392156862745098,0.931940179539012,0.0477332435548305,107.0,f1,0.9293940307938896
Amazon-Photo,SDRF,gat,12367,0.4,0.9326797385620916,0.9279452586110208,0.9392156862745098,0.931999864802623,0.0391510277986526,132.0,f1,0.9279452586110208
Amazon-Photo,SDRF,gat,12367,0.55,0.9359477124183008,0.9285640146866652,0.937908496732026,0.9303676358044416,0.0395229868590831,124.0,f1,0.9285640146866652
Amazon-Photo,SDRF,gat,12368,0.0,0.9424836601307188,0.9394229270634686,0.9424836601307188,0.9372595293253524,0.0712133422493934,115.0,f1,0.9394229270634686
Amazon-Photo,SDRF,gat,12368,0.1,0.9470588235294116,0.9417883636150276,0.9372549019607844,0.9301358913398148,0.0360923968255519,301.0,f1,0.9417883636150276
Amazon-Photo,SDRF,gat,12368,0.25,0.945751633986928,0.9378386007128738,0.938562091503268,0.931209916564202,0.0531270392239093,177.0,f1,0.9378386007128738
Amazon-Photo,SDRF,gat,12368,0.4,0.9431372549019608,0.9381242281345784,0.9405228758169936,0.933132789014018,0.0506766885519027,201.0,f1,0.9381242281345784
Amazon-Photo,SDRF,gat,12368,0.55,0.9431372549019608,0.9384773840924976,0.937908496732026,0.9283279237172885,0.0813138857483863,106.0,f1,0.9384773840924976
Amazon-Photo,SDRF,gat,12369,0.0,0.9366013071895424,0.92792280837569,0.937908496732026,0.9288578647406946,0.039151132106781,184.0,f1,0.92792280837569
Amazon-Photo,SDRF,gat,12369,0.1,0.937908496732026,0.9274331100132748,0.9398692810457516,0.9331796260750812,0.0447600036859512,169.0,f1,0.9274331100132748
Amazon-Photo,SDRF,gat,12369,0.25,0.934640522875817,0.92411635457426,0.9281045751633988,0.9162673749038328,0.0405591130256652,183.0,f1,0.92411635457426
Amazon-Photo,SDRF,gat,12369,0.4,0.938562091503268,0.9259242542740174,0.9320261437908496,0.9166327787830764,0.0513673461973667,137.0,f1,0.9259242542740174
Amazon-Photo,SDRF,gat,12369,0.55,0.9352941176470588,0.9233055677273484,0.9326797385620916,0.9218745905213792,0.030941080302,198.0,f1,0.9233055677273484
Amazon-Photo,SDRF,gat,12370,0.0,0.949673202614379,0.9462227310462707,0.937908496732026,0.925169755515529,0.059737280011177,118.0,f1,0.9462227310462707
Amazon-Photo,SDRF,gat,12370,0.1,0.94640522875817,0.9432841948957048,0.934640522875817,0.9223397511912552,0.0408176481723785,194.0,f1,0.9432841948957048
Amazon-Photo,SDRF,gat,12370,0.25,0.9477124183006536,0.9420107111888616,0.9333333333333332,0.9206000015674788,0.0513518899679183,142.0,f1,0.9420107111888616
Amazon-Photo,SDRF,gat,12370,0.4,0.949673202614379,0.9445280039347534,0.930718954248366,0.918117604337518,0.0585289001464843,114.0,f1,0.9445280039347534
Amazon-Photo,SDRF,gat,12370,0.55,0.945751633986928,0.9414779770103512,0.9326797385620916,0.920602586091209,0.059088472276926,117.0,f1,0.9414779770103512
Amazon-Photo,SDRF,gat,12371,0.0,0.945751633986928,0.9433806833054884,0.9274509803921568,0.918159154482228,0.032870277762413,299.0,f1,0.9433806833054884
Amazon-Photo,SDRF,gat,12371,0.1,0.938562091503268,0.93668138255066,0.9241830065359478,0.9145916434584852,0.0695170387625694,119.0,f1,0.93668138255066
Amazon-Photo,SDRF,gat,12371,0.25,0.9424836601307188,0.940981810182844,0.9287581699346406,0.9205461686567916,0.0757614374160766,104.0,f1,0.940981810182844
Amazon-Photo,SDRF,gat,12371,0.4,0.9411764705882352,0.9371879391465616,0.9222222222222224,0.9123284765206366,0.0734408721327781,108.0,f1,0.9371879391465616
Amazon-Photo,SDRF,gat,12371,0.55,0.9392156862745098,0.9385394992178192,0.9287581699346406,0.9191781181145416,0.0670735388994216,129.0,f1,0.9385394992178192
Amazon-Photo,SDRF,gat,12372,0.0,0.937908496732026,0.9294216688643306,0.9320261437908496,0.9195244595167292,0.0243381205946207,235.0,f1,0.9294216688643306
Amazon-Photo,SDRF,gat,12372,0.1,0.9339869281045752,0.9256730779198632,0.9326797385620916,0.9217274424871066,0.0456829518079757,140.0,f1,0.9256730779198632
Amazon-Photo,SDRF,gat,12372,0.25,0.937908496732026,0.9319177698314156,0.9326797385620916,0.9237594867103928,0.0611164979636669,100.0,f1,0.9319177698314156
Amazon-Photo,SDRF,gat,12372,0.4,0.9326797385620916,0.9256477981693754,0.9372549019607844,0.9280508947927384,0.0502599440515041,137.0,f1,0.9256477981693754
Amazon-Photo,SDRF,gat,12372,0.55,0.9333333333333332,0.9245270497832347,0.9359477124183008,0.9252157863303764,0.047941468656063,139.0,f1,0.9245270497832347
Amazon-Photo,SDRF,gat,12373,0.0,0.9477124183006536,0.946098191847946,0.9372549019607844,0.9296365638009662,0.0482451431453228,100.0,f1,0.946098191847946
Amazon-Photo,SDRF,gat,12373,0.1,0.9450980392156862,0.9418769028777666,0.9339869281045752,0.9239476712190262,0.0212658811360597,212.0,f1,0.9418769028777666
Amazon-Photo,SDRF,gat,12373,0.25,0.9444444444444444,0.9391574917635984,0.9333333333333332,0.9261085401474032,0.0379628799855709,148.0,f1,0.9391574917635984
Amazon-Photo,SDRF,gat,12373,0.4,0.94640522875817,0.9420901761473492,0.938562091503268,0.9322256300877576,0.023310862481594,219.0,f1,0.9420901761473492
Amazon-Photo,SDRF,gat,12373,0.55,0.9444444444444444,0.9413509618910132,0.9366013071895424,0.9314028681773088,0.0232335571199655,216.0,f1,0.9413509618910132
Amazon-Photo,SDRF,gat,12374,0.0,0.9411764705882352,0.9344174060782896,0.9392156862745098,0.9305889571163592,0.0405743196606636,118.0,f1,0.9344174060782896
Amazon-Photo,SDRF,gat,12374,0.1,0.9444444444444444,0.935967111149816,0.9405228758169936,0.933761697128262,0.0430961400270462,106.0,f1,0.935967111149816
Amazon-Photo,SDRF,gat,12374,0.25,0.9418300653594772,0.9326893457499298,0.9392156862745098,0.9303276628890984,0.0417022965848445,111.0,f1,0.9326893457499298
Amazon-Photo,SDRF,gat,12374,0.4,0.9392156862745098,0.9309185449036326,0.9339869281045752,0.9256432142901831,0.0406531020998954,120.0,f1,0.9309185449036326
Amazon-Photo,SDRF,gat,12374,0.55,0.9424836601307188,0.9324469263125732,0.9372549019607844,0.929700043985886,0.041181743144989,115.0,f1,0.9324469263125732
Amazon-Photo,DiffWire CT,gcn,12345,,0.9183006535947712,0.9017337625051368,0.915686274509804,0.90805632363025,0.1416423320770263,116.0,f1,0.9017337625051368
Amazon-Photo,DiffWire CT,gcn,12346,,0.9300653594771242,0.923066037059896,0.9222222222222224,0.9118792692705118,0.1496154367923736,106.0,f1,0.923066037059896
Amazon-Photo,DiffWire CT,gcn,12347,,0.9294117647058824,0.9107671061550032,0.915686274509804,0.9004768297678092,0.1485981196165084,108.0,f1,0.9107671061550032
Amazon-Photo,DiffWire CT,gcn,12348,,0.9372549019607844,0.9298566802045328,0.9267973856209152,0.9155596808612344,0.1132427379488945,172.0,f1,0.9298566802045328
Amazon-Photo,DiffWire CT,gcn,12349,,0.9300653594771242,0.918544042249249,0.9196078431372549,0.9061424818401332,0.1476607769727707,111.0,f1,0.918544042249249
Amazon-Photo,DiffWire CT,gcn,12350,,0.9352941176470588,0.923031272290214,0.9241830065359478,0.9122325540740238,0.1307150870561599,138.0,f1,0.923031272290214
Amazon-Photo,DiffWire CT,gcn,12351,,0.934640522875817,0.921945834138156,0.9196078431372549,0.909601824589222,0.1639411151409149,96.0,f1,0.921945834138156
Amazon-Photo,DiffWire CT,gcn,12352,,0.930718954248366,0.9262525426747636,0.9241830065359478,0.9120248527824408,0.1214578226208686,139.0,f1,0.9262525426747636
Amazon-Photo,DiffWire CT,gcn,12353,,0.9281045751633988,0.9177718402497184,0.9254901960784314,0.9167197599270358,0.1117861121892929,158.0,f1,0.9177718402497184
Amazon-Photo,DiffWire CT,gcn,12354,,0.9196078431372549,0.9037935929709652,0.930718954248366,0.9190443170790747,0.1082750335335731,159.0,f1,0.9037935929709652
Amazon-Photo,DiffWire CT,gcn,12355,,0.9196078431372549,0.9122015601486198,0.9222222222222224,0.9052162656863452,0.1171144843101501,144.0,f1,0.9122015601486198
Amazon-Photo,DiffWire CT,gcn,12356,,0.9176470588235294,0.9052456980355066,0.934640522875817,0.9252487697851376,0.1641746312379837,92.0,f1,0.9052456980355066
Amazon-Photo,DiffWire CT,gcn,12357,,0.9359477124183008,0.9273018649170052,0.9320261437908496,0.9230305594881866,0.1556922197341919,110.0,f1,0.9273018649170052
Amazon-Photo,DiffWire CT,gcn,12358,,0.9248366013071896,0.9127108414122532,0.9241830065359478,0.9146355605437712,0.1356028616428375,120.0,f1,0.9127108414122532
Amazon-Photo,DiffWire CT,gcn,12359,,0.9287581699346406,0.919863666970642,0.9248366013071896,0.9120395655155672,0.1528766453266143,109.0,f1,0.919863666970642
Amazon-Photo,DiffWire CT,gcn,12360,,0.9267973856209152,0.9179609637100732,0.915032679738562,0.8994541714517322,0.1364502012729644,127.0,f1,0.9179609637100732
Amazon-Photo,DiffWire CT,gcn,12361,,0.931372549019608,0.9251787829747198,0.9124183006535947,0.8996977611327821,0.1094514280557632,175.0,f1,0.9251787829747198
Amazon-Photo,DiffWire CT,gcn,12362,,0.918954248366013,0.9040432175346054,0.9352941176470588,0.9312075343061792,0.1264532804489135,130.0,f1,0.9040432175346054
Amazon-Photo,DiffWire CT,gcn,12363,,0.9326797385620916,0.9246178039344246,0.918954248366013,0.9057318005760892,0.1127579435706138,159.0,f1,0.9246178039344246
Amazon-Photo,DiffWire CT,gcn,12364,,0.9254901960784314,0.915063287805852,0.9267973856209152,0.9197103085364456,0.1317584216594696,149.0,f1,0.915063287805852
Amazon-Photo,DiffWire CT,gcn,12365,,0.931372549019608,0.9239219981861438,0.9215686274509804,0.9097503686916952,0.1307684034109115,136.0,f1,0.9239219981861438
Amazon-Photo,DiffWire CT,gcn,12366,,0.9254901960784314,0.9141084661255184,0.9130718954248366,0.8937925720197467,0.1050806939601898,155.0,f1,0.9141084661255184
Amazon-Photo,DiffWire CT,gcn,12367,,0.923529411764706,0.9167018915268154,0.923529411764706,0.9119050273094548,0.1413555741310119,116.0,f1,0.9167018915268154
Amazon-Photo,DiffWire CT,gcn,12368,,0.9274509803921568,0.9147290039425644,0.9392156862745098,0.927690061667233,0.1344929188489914,127.0,f1,0.9147290039425644
Amazon-Photo,DiffWire CT,gcn,12369,,0.9261437908496732,0.915070694589326,0.9098039215686274,0.8907265090314875,0.0771884992718696,248.0,f1,0.915070694589326
Amazon-Photo,DiffWire CT,gcn,12370,,0.930718954248366,0.922321750824476,0.9117647058823528,0.8971252207366885,0.0911391377449035,215.0,f1,0.922321750824476
Amazon-Photo,DiffWire CT,gcn,12371,,0.9339869281045752,0.9205948633819416,0.915686274509804,0.9074858116773163,0.0788579806685447,281.0,f1,0.9205948633819416
Amazon-Photo,DiffWire CT,gcn,12372,,0.9241830065359478,0.9140006078921028,0.9215686274509804,0.9073331325619594,0.1574012786149978,97.0,f1,0.9140006078921028
Amazon-Photo,DiffWire CT,gcn,12373,,0.9372549019607844,0.927582972232274,0.9281045751633988,0.9143875209340908,0.1663133949041366,102.0,f1,0.927582972232274
Amazon-Photo,DiffWire CT,gcn,12374,,0.9261437908496732,0.91728856281212,0.9320261437908496,0.922349408218886,0.1010324880480766,175.0,f1,0.91728856281212
Coauthor-CS,SDRF,gcn,12345,0.0,0.9427324788655576,0.9287216511819372,0.9380965366784838,0.924027653483932,0.1981456279754638,169.0,f1,0.9287216511819372
Coauthor-CS,SDRF,gcn,12345,0.1,0.9421870739023726,0.9285428826444124,0.9378238341968912,0.9234290976749632,0.217178076505661,141.0,f1,0.9285428826444124
Coauthor-CS,SDRF,gcn,12345,0.25,0.9402781565312244,0.9262610261778056,0.9370057267521136,0.9237464613288012,0.2456044256687164,112.0,f1,0.9262610261778056
Coauthor-CS,SDRF,gcn,12345,0.4,0.940550859012817,0.9265992081618448,0.9367330242705209,0.9224230882893464,0.2440584599971771,114.0,f1,0.9265992081618448
Coauthor-CS,SDRF,gcn,12345,0.55,0.9421870739023726,0.9280512342562304,0.9356422143441504,0.9206879538998476,0.2068936377763748,161.0,f1,0.9280512342562304
Coauthor-CS,SDRF,gcn,12346,0.0,0.9361876193073356,0.9208787644954904,0.9378238341968912,0.9239919089783996,0.160918653011322,319.0,f1,0.9208787644954904
Coauthor-CS,SDRF,gcn,12346,0.1,0.9367330242705209,0.9211735219521386,0.9383692391600764,0.9248596321155728,0.1627733707427978,323.0,f1,0.9211735219521386
Coauthor-CS,SDRF,gcn,12346,0.25,0.9361876193073356,0.920387089046489,0.9383692391600764,0.9244447037728448,0.1671363413333892,300.0,f1,0.920387089046489
Coauthor-CS,SDRF,gcn,12346,0.4,0.9359149168257432,0.9200392109332214,0.9380965366784838,0.9243312186160992,0.1684615015983581,297.0,f1,0.9200392109332214
Coauthor-CS,SDRF,gcn,12346,0.55,0.9361876193073356,0.9213665085369988,0.937278429233706,0.923161079185862,0.1754645258188247,256.0,f1,0.9213665085369988
Coauthor-CS,SDRF,gcn,12347,0.0,0.9402781565312244,0.928669289988086,0.9394600490864466,0.920708404971456,0.174601212143898,217.0,f1,0.928669289988086
Coauthor-CS,SDRF,gcn,12347,0.1,0.9394600490864466,0.927759094771116,0.9383692391600764,0.9193322987997988,0.1596101969480514,321.0,f1,0.927759094771116
Coauthor-CS,SDRF,gcn,12347,0.25,0.9394600490864466,0.927759094771116,0.9375511317152986,0.9181466401338632,0.1611074060201645,326.0,f1,0.927759094771116
Coauthor-CS,SDRF,gcn,12347,0.4,0.9383692391600764,0.9276363244230442,0.9386419416416688,0.9206565329050154,0.1776684671640396,222.0,f1,0.9276363244230442
Coauthor-CS,SDRF,gcn,12347,0.55,0.940005454049632,0.9279197343758092,0.937278429233706,0.9204459303579894,0.1861840784549713,199.0,f1,0.9279197343758092
Coauthor-CS,SDRF,gcn,12348,0.0,0.9449140987182983,0.9315982201443728,0.9299154622307064,0.9130801785858,0.196289837360382,167.0,f1,0.9315982201443728
Coauthor-CS,SDRF,gcn,12348,0.1,0.9446413962367056,0.931509202480024,0.9299154622307064,0.9123730445841228,0.1956755071878433,172.0,f1,0.931509202480024
Coauthor-CS,SDRF,gcn,12348,0.25,0.945186801199891,0.9321211691118114,0.9304608671938914,0.9132450705242208,0.2060643434524536,157.0,f1,0.9321211691118114
Coauthor-CS,SDRF,gcn,12348,0.4,0.9460049086446688,0.9330549068068248,0.9296427597491136,0.9124070177355456,0.1980478763580322,174.0,f1,0.9330549068068248
Coauthor-CS,SDRF,gcn,12348,0.55,0.9454595036814836,0.9318543697563676,0.9290973547859286,0.9120904640040364,0.232956126332283,125.0,f1,0.9318543697563676
Coauthor-CS,SDRF,gcn,12349,0.0,0.9432778838287428,0.927984108808087,0.9402781565312244,0.9246273788523176,0.2099218666553497,146.0,f1,0.927984108808087
Coauthor-CS,SDRF,gcn,12349,0.1,0.9430051813471504,0.927636270837486,0.940550859012817,0.9251734680274292,0.1894813328981399,188.0,f1,0.927636270837486
Coauthor-CS,SDRF,gcn,12349,0.25,0.9421870739023726,0.9277530720945764,0.9397327515680391,0.9247735283514176,0.1645311713218689,331.0,f1,0.9277530720945764
Coauthor-CS,SDRF,gcn,12349,0.4,0.9421870739023726,0.9277530720945764,0.940005454049632,0.9248833541157436,0.1666683703660965,310.0,f1,0.9277530720945764
Coauthor-CS,SDRF,gcn,12349,0.55,0.9421870739023726,0.9277530720945764,0.9394600490864466,0.9243773834033628,0.1661699563264846,342.0,f1,0.9277530720945764
Coauthor-CS,SDRF,gcn,12350,0.0,0.9408235614944096,0.9273103428940452,0.9432778838287428,0.9300036895022,0.1858903467655182,211.0,f1,0.9273103428940452
Coauthor-CS,SDRF,gcn,12350,0.1,0.942459776383965,0.9284908275721068,0.940005454049632,0.9273575992852237,0.2583217322826385,108.0,f1,0.9284908275721068
Coauthor-CS,SDRF,gcn,12350,0.25,0.9416416689391872,0.9281551826668828,0.9410962639760022,0.9268366031365032,0.212317019701004,164.0,f1,0.9281551826668828
Coauthor-CS,SDRF,gcn,12350,0.4,0.9408235614944096,0.9273007482249928,0.9413689664575948,0.9285779176984162,0.2116872370243072,167.0,f1,0.9273007482249928
Coauthor-CS,SDRF,gcn,12350,0.55,0.9408235614944096,0.9267198189658196,0.942459776383965,0.9296320746510724,0.1900979876518249,220.0,f1,0.9267198189658196
Coauthor-CS,SDRF,gcn,12351,0.0,0.9421870739023726,0.9295719410315476,0.940550859012817,0.923320114511892,0.1655859351158142,272.0,f1,0.9295719410315476
Coauthor-CS,SDRF,gcn,12351,0.1,0.9416416689391872,0.9289366740210868,0.9413689664575948,0.9254802773203976,0.1671211868524551,276.0,f1,0.9289366740210868
Coauthor-CS,SDRF,gcn,12351,0.25,0.9435505863103354,0.9310674979026866,0.94191437142078,0.9261508239500948,0.1813376694917678,220.0,f1,0.9310674979026866
Coauthor-CS,SDRF,gcn,12351,0.4,0.9416416689391872,0.9288878252182844,0.940550859012817,0.9218723669848674,0.1700508594512939,283.0,f1,0.9288878252182844
Coauthor-CS,SDRF,gcn,12351,0.55,0.9413689664575948,0.9294121157264807,0.9375511317152986,0.922859752760663,0.2058844566345214,164.0,f1,0.9294121157264807
Coauthor-CS,SDRF,gcn,12352,0.0,0.943823288791928,0.9296194131006628,0.940005454049632,0.9262786396261355,0.1806764751672744,196.0,f1,0.9296194131006628
Coauthor-CS,SDRF,gcn,12352,0.1,0.94191437142078,0.927391851518964,0.940550859012817,0.9262326440408722,0.1794061958789825,205.0,f1,0.927391851518964
Coauthor-CS,SDRF,gcn,12352,0.25,0.94191437142078,0.9268720187057884,0.9389146441232616,0.9242223880439092,0.1921667456626892,179.0,f1,0.9268720187057884
Coauthor-CS,SDRF,gcn,12352,0.4,0.9421870739023726,0.92765194578245,0.940005454049632,0.9255417274783548,0.1763361394405365,228.0,f1,0.92765194578245
Coauthor-CS,SDRF,gcn,12352,0.55,0.9421870739023726,0.9272961717636766,0.9397327515680391,0.92745917804223,0.2156732976436615,142.0,f1,0.9272961717636766
Coauthor-CS,SDRF,gcn,12353,0.0,0.942459776383965,0.9316270460842178,0.9315516771202618,0.919983844807742,0.1955810785293579,175.0,f1,0.9316270460842178
Coauthor-CS,SDRF,gcn,12353,0.1,0.9410962639760022,0.929974536234414,0.9318243796018544,0.9200699223742496,0.189342588186264,194.0,f1,0.929974536234414
Coauthor-CS,SDRF,gcn,12353,0.25,0.9421870739023726,0.931322319203746,0.9315516771202618,0.9192892341842882,0.2019489407539367,171.0,f1,0.931322319203746
Coauthor-CS,SDRF,gcn,12353,0.4,0.94191437142078,0.9310267346533868,0.9318243796018544,0.919871021980356,0.1885457932949066,204.0,f1,0.9310267346533868
Coauthor-CS,SDRF,gcn,12353,0.55,0.9416416689391872,0.9307637254839276,0.9310062721570768,0.918550647922111,0.2016170769929886,176.0,f1,0.9307637254839276
Coauthor-CS,SDRF,gcn,12354,0.0,0.9356422143441504,0.9162291913715584,0.9378238341968912,0.920526952451266,0.257303923368454,102.0,f1,0.9162291913715584
Coauthor-CS,SDRF,gcn,12354,0.1,0.9359149168257432,0.9146279843022028,0.9380965366784838,0.9249528119310731,0.2100932747125625,156.0,f1,0.9146279843022028
Coauthor-CS,SDRF,gcn,12354,0.25,0.9348241068993728,0.9158792413703608,0.937278429233706,0.9243125648889012,0.2693825662136078,97.0,f1,0.9158792413703608
Coauthor-CS,SDRF,gcn,12354,0.4,0.9345514044177802,0.9163240203183391,0.937278429233706,0.9241916362155886,0.2737911343574524,95.0,f1,0.9163240203183391
Coauthor-CS,SDRF,gcn,12354,0.55,0.9350968093809654,0.9170219705030666,0.9389146441232616,0.9257812909238772,0.2676693201065063,100.0,f1,0.9170219705030666
Coauthor-CS,SDRF,gcn,12355,0.0,0.9370057267521136,0.9208698797207144,0.937278429233706,0.9230983621583756,0.2114815413951873,133.0,f1,0.9208698797207144
Coauthor-CS,SDRF,gcn,12355,0.1,0.9361876193073356,0.9209934802900366,0.935369511862558,0.923123408168506,0.2519908547401428,97.0,f1,0.9209934802900366
Coauthor-CS,SDRF,gcn,12355,0.25,0.9361876193073356,0.9199874522800068,0.9350968093809654,0.9203801600510176,0.1945096254348755,165.0,f1,0.9199874522800068
Coauthor-CS,SDRF,gcn,12355,0.4,0.9364603217889282,0.9212531832278066,0.9359149168257432,0.922760196702617,0.2515046298503876,100.0,f1,0.9212531832278066
Coauthor-CS,SDRF,gcn,12355,0.55,0.9359149168257432,0.9207463623552452,0.9345514044177802,0.9219842411246691,0.2712389230728149,88.0,f1,0.9207463623552452
Coauthor-CS,SDRF,gcn,12356,0.0,0.9408235614944096,0.9271595530203338,0.9375511317152986,0.9254631189366233,0.3367776274681091,65.0,f1,0.9271595530203338
Coauthor-CS,SDRF,gcn,12356,0.1,0.9413689664575948,0.9280574830678724,0.9370057267521136,0.9254436744611196,0.3332110345363617,67.0,f1,0.9280574830678724
Coauthor-CS,SDRF,gcn,12356,0.25,0.94191437142078,0.9283377864913924,0.9378238341968912,0.9264299684841916,0.3301987051963806,69.0,f1,0.9283377864913924
Coauthor-CS,SDRF,gcn,12356,0.4,0.9410962639760022,0.92807404956412,0.9386419416416688,0.926863487143656,0.3212215304374695,73.0,f1,0.92807404956412
Coauthor-CS,SDRF,gcn,12356,0.55,0.9421870739023726,0.927019773474018,0.943823288791928,0.9302719688390162,0.2235300689935684,150.0,f1,0.927019773474018
Coauthor-CS,SDRF,gcn,12357,0.0,0.940550859012817,0.9251926754096534,0.9449140987182983,0.928712868586518,0.1690612137317657,234.0,f1,0.9251926754096534
Coauthor-CS,SDRF,gcn,12357,0.1,0.9394600490864466,0.9247861243538394,0.9443686937551132,0.9282432875281488,0.1719947457313537,227.0,f1,0.9247861243538394
Coauthor-CS,SDRF,gcn,12357,0.25,0.9397327515680391,0.9249171330306114,0.9435505863103354,0.9277988581235094,0.1775430589914322,215.0,f1,0.9249171330306114
Coauthor-CS,SDRF,gcn,12357,0.4,0.9394600490864466,0.9249017962486632,0.9440959912735206,0.928210755566522,0.1747299432754516,230.0,f1,0.9249017962486632
Coauthor-CS,SDRF,gcn,12357,0.55,0.9397327515680391,0.925366012627279,0.9435505863103354,0.9275272954145868,0.17330202460289,243.0,f1,0.925366012627279
Coauthor-CS,SDRF,gcn,12358,0.0,0.9367330242705209,0.9190431779860166,0.9380965366784838,0.9225891919110604,0.160499706864357,300.0,f1,0.9190431779860166
Coauthor-CS,SDRF,gcn,12358,0.1,0.9356422143441504,0.9186261726749784,0.937278429233706,0.9218792664798892,0.1600101888179779,332.0,f1,0.9186261726749784
Coauthor-CS,SDRF,gcn,12358,0.25,0.9356422143441504,0.9186806703189008,0.9378238341968912,0.922138948203488,0.1637632399797439,302.0,f1,0.9186806703189008
Coauthor-CS,SDRF,gcn,12358,0.4,0.9364603217889282,0.9195478589813226,0.9380965366784838,0.9228754666035864,0.1661940664052963,287.0,f1,0.9195478589813226
Coauthor-CS,SDRF,gcn,12358,0.55,0.9359149168257432,0.9185988472316317,0.9378238341968912,0.922386148373507,0.1633880734443664,349.0,f1,0.9185988472316317
Coauthor-CS,SDRF,gcn,12359,0.0,0.9383692391600764,0.9246695946519488,0.9410962639760022,0.92874405813323,0.1585859358310699,315.0,f1,0.9246695946519488
Coauthor-CS,SDRF,gcn,12359,0.1,0.9383692391600764,0.924508233642031,0.9402781565312244,0.9277694098441,0.1621107459068298,293.0,f1,0.924508233642031
Coauthor-CS,SDRF,gcn,12359,0.25,0.9386419416416688,0.9249858163872896,0.9413689664575948,0.9286627865257816,0.1610477119684219,345.0,f1,0.9249858163872896
Coauthor-CS,SDRF,gcn,12359,0.4,0.9383692391600764,0.9246914397698908,0.9413689664575948,0.9286627865257816,0.1626583933830261,332.0,f1,0.9246914397698908
Coauthor-CS,SDRF,gcn,12359,0.55,0.9383692391600764,0.9246914397698908,0.940550859012817,0.9282130984916508,0.1636752039194107,329.0,f1,0.9246914397698908
Coauthor-CS,SDRF,gcn,12360,0.0,0.9397327515680391,0.9264492296901208,0.9402781565312244,0.929767322079259,0.1560901999473571,369.0,f1,0.9264492296901208
Coauthor-CS,SDRF,gcn,12360,0.1,0.9397327515680391,0.926487028043762,0.940005454049632,0.9295965262784268,0.1575255841016769,373.0,f1,0.926487028043762
Coauthor-CS,SDRF,gcn,12360,0.25,0.9397327515680391,0.926487028043762,0.9397327515680391,0.929434877194831,0.1584319472312927,380.0,f1,0.926487028043762
Coauthor-CS,SDRF,gcn,12360,0.4,0.939187346604854,0.9255745517832684,0.9394600490864466,0.9289354285081164,0.1598810851573944,332.0,f1,0.9255745517832684
Coauthor-CS,SDRF,gcn,12360,0.55,0.9386419416416688,0.9249235757435108,0.9394600490864466,0.9289354285081164,0.1599382311105728,344.0,f1,0.9249235757435108
Coauthor-CS,SDRF,gcn,12361,0.0,0.943823288791928,0.92848562560808,0.935369511862558,0.9222903098621064,0.1608782261610031,362.0,f1,0.92848562560808
Coauthor-CS,SDRF,gcn,12361,0.1,0.9430051813471504,0.9279647787073684,0.9356422143441504,0.9229149263042072,0.1621131747961044,385.0,f1,0.9279647787073684
Coauthor-CS,SDRF,gcn,12361,0.25,0.9430051813471504,0.9278883029581564,0.9356422143441504,0.9225007515694028,0.1648806482553482,348.0,f1,0.9278883029581564
Coauthor-CS,SDRF,gcn,12361,0.4,0.9430051813471504,0.9278883029581564,0.9359149168257432,0.9230574023895908,0.1667193919420242,328.0,f1,0.9278883029581564
Coauthor-CS,SDRF,gcn,12361,0.55,0.942459776383965,0.9279347401132428,0.9364603217889282,0.9240496042581284,0.1983082890510559,183.0,f1,0.9279347401132428
Coauthor-CS,SDRF,gcn,12362,0.0,0.9408235614944096,0.929742979886072,0.9394600490864466,0.9287495385480063,0.1894650608301162,176.0,f1,0.929742979886072
Coauthor-CS,SDRF,gcn,12362,0.1,0.9402781565312244,0.9292172940110004,0.9383692391600764,0.9281812155537664,0.188874751329422,181.0,f1,0.9292172940110004
Coauthor-CS,SDRF,gcn,12362,0.25,0.9394600490864466,0.92866307333013,0.9386419416416688,0.9286220015992068,0.1934232860803604,175.0,f1,0.92866307333013
Coauthor-CS,SDRF,gcn,12362,0.4,0.9389146441232616,0.9283141423175914,0.9380965366784838,0.9271124243632948,0.2076979428529739,151.0,f1,0.9283141423175914
Coauthor-CS,SDRF,gcn,12362,0.55,0.939187346604854,0.9292972500150136,0.9389146441232616,0.9278181865292716,0.2186784893274307,137.0,f1,0.9292972500150136
Coauthor-CS,SDRF,gcn,12363,0.0,0.94191437142078,0.9260023918316864,0.943823288791928,0.9325330870525368,0.1782656461000442,227.0,f1,0.9260023918316864
Coauthor-CS,SDRF,gcn,12363,0.1,0.94191437142078,0.9260992272709204,0.9435505863103354,0.9324536695578952,0.1842275559902191,214.0,f1,0.9260992272709204
Coauthor-CS,SDRF,gcn,12363,0.25,0.9416416689391872,0.9260746237523456,0.9449140987182983,0.935169812113487,0.1685298383235931,326.0,f1,0.9260746237523456
Coauthor-CS,SDRF,gcn,12363,0.4,0.9421870739023726,0.9269633957028242,0.9443686937551132,0.933792616414018,0.1856157332658767,220.0,f1,0.9269633957028242
Coauthor-CS,SDRF,gcn,12363,0.55,0.9416416689391872,0.9263363423960946,0.9440959912735206,0.933899274621376,0.1798969954252243,250.0,f1,0.9263363423960946
Coauthor-CS,SDRF,gcn,12364,0.0,0.9340059994545952,0.9177860471829978,0.9386419416416688,0.92562725122847,0.1872967928647995,177.0,f1,0.9177860471829978
Coauthor-CS,SDRF,gcn,12364,0.1,0.9340059994545952,0.9167030787834104,0.9397327515680391,0.926451318856822,0.211503729224205,140.0,f1,0.9167030787834104
Coauthor-CS,SDRF,gcn,12364,0.25,0.9331878920098172,0.9161821404917828,0.9397327515680391,0.9267688475644354,0.1879894286394119,186.0,f1,0.9161821404917828
Coauthor-CS,SDRF,gcn,12364,0.4,0.9331878920098172,0.9161971213117376,0.940005454049632,0.9275441972691624,0.2091174870729446,148.0,f1,0.9161971213117376
Coauthor-CS,SDRF,gcn,12364,0.55,0.9331878920098172,0.917647333830235,0.939187346604854,0.9253903783831507,0.1641915887594223,297.0,f1,0.917647333830235
Coauthor-CS,SDRF,gcn,12365,0.0,0.9342787019361876,0.9203656261353677,0.9410962639760022,0.9266994842253824,0.1965005695819854,159.0,f1,0.9203656261353677
Coauthor-CS,SDRF,gcn,12365,0.1,0.9331878920098172,0.9198210899173632,0.942459776383965,0.9300392191568556,0.1729398667812347,222.0,f1,0.9198210899173632
Coauthor-CS,SDRF,gcn,12365,0.25,0.932642487046632,0.9194725259126788,0.9432778838287428,0.9306781887466644,0.1663215011358261,257.0,f1,0.9194725259126788
Coauthor-CS,SDRF,gcn,12365,0.4,0.9323697845650396,0.9187985336815468,0.942459776383965,0.929392853225946,0.1601322293281555,323.0,f1,0.9187985336815468
Coauthor-CS,SDRF,gcn,12365,0.55,0.9329151895282248,0.9199653155287492,0.9421870739023726,0.9291514001096765,0.1721277385950088,237.0,f1,0.9199653155287492
Coauthor-CS,SDRF,gcn,12366,0.0,0.9468230160894464,0.9369911982953798,0.9370057267521136,0.922513814625816,0.2178374230861663,136.0,f1,0.9369911982953798
Coauthor-CS,SDRF,gcn,12366,0.1,0.9462776111262612,0.9366303033936296,0.9380965366784838,0.9247407062281616,0.2313191890716552,122.0,f1,0.9366303033936296
Coauthor-CS,SDRF,gcn,12366,0.25,0.9454595036814836,0.9364295968194948,0.9386419416416688,0.9268610372529036,0.169592022895813,270.0,f1,0.9364295968194948
Coauthor-CS,SDRF,gcn,12366,0.4,0.9460049086446688,0.9365362737535132,0.9361876193073356,0.9228086160161056,0.237239733338356,119.0,f1,0.9365362737535132
Coauthor-CS,SDRF,gcn,12366,0.55,0.9460049086446688,0.9370119732684306,0.9370057267521136,0.9244929308659154,0.2171006351709365,144.0,f1,0.9370119732684306
Coauthor-CS,SDRF,gcn,12367,0.0,0.9402781565312244,0.925579545233476,0.942459776383965,0.9192813134969224,0.1621785312891006,391.0,f1,0.925579545233476
Coauthor-CS,SDRF,gcn,12367,0.1,0.940005454049632,0.9255041345976168,0.942459776383965,0.9194588146943304,0.164622813463211,363.0,f1,0.9255041345976168
Coauthor-CS,SDRF,gcn,12367,0.25,0.9410962639760022,0.926528574141722,0.9427324788655576,0.9195708507798378,0.1685269922018051,320.0,f1,0.926528574141722
Coauthor-CS,SDRF,gcn,12367,0.4,0.9410962639760022,0.926528574141722,0.942459776383965,0.9194135484298486,0.168268084526062,362.0,f1,0.926528574141722
Coauthor-CS,SDRF,gcn,12367,0.55,0.9413689664575948,0.9267943428023538,0.942459776383965,0.9194538985679852,0.1707310378551483,333.0,f1,0.9267943428023538
Coauthor-CS,SDRF,gcn,12368,0.0,0.9413689664575948,0.9254824160039076,0.940005454049632,0.9208686436806984,0.1651743203401565,272.0,f1,0.9254824160039076
Coauthor-CS,SDRF,gcn,12368,0.1,0.9408235614944096,0.9247750434997128,0.9394600490864466,0.920975051763408,0.1708640605211258,247.0,f1,0.9247750434997128
Coauthor-CS,SDRF,gcn,12368,0.25,0.9413689664575948,0.9253624976126108,0.9397327515680391,0.9207810543922192,0.1727094203233719,245.0,f1,0.9253624976126108
Coauthor-CS,SDRF,gcn,12368,0.4,0.9408235614944096,0.9252933595606624,0.9386419416416688,0.9192530187559212,0.1754249632358551,237.0,f1,0.9252933595606624
Coauthor-CS,SDRF,gcn,12368,0.55,0.940550859012817,0.9243218323846748,0.9402781565312244,0.9223358722329172,0.1800413280725479,222.0,f1,0.9243218323846748
Coauthor-CS,SDRF,gcn,12369,0.0,0.9421870739023726,0.9273521979583382,0.9370057267521136,0.9179143285531534,0.1886314004659652,199.0,f1,0.9273521979583382
Coauthor-CS,SDRF,gcn,12369,0.1,0.9440959912735206,0.9298626866762728,0.9367330242705209,0.9180691243341136,0.2015083283185959,174.0,f1,0.9298626866762728
Coauthor-CS,SDRF,gcn,12369,0.25,0.9432778838287428,0.92788011216464,0.9370057267521136,0.918167274991738,0.2328181564807891,130.0,f1,0.92788011216464
Coauthor-CS,SDRF,gcn,12369,0.4,0.942459776383965,0.9280275499003228,0.9367330242705209,0.9189290514111776,0.2168228477239608,152.0,f1,0.9280275499003228
Coauthor-CS,SDRF,gcn,12369,0.55,0.9427324788655576,0.9279931999457992,0.9364603217889282,0.9179869195256144,0.2119482457637787,162.0,f1,0.9279931999457992
Coauthor-CS,SDRF,gcn,12370,0.0,0.94191437142078,0.9257006956344456,0.9402781565312244,0.9231138625363235,0.1941899061203003,185.0,f1,0.9257006956344456
Coauthor-CS,SDRF,gcn,12370,0.1,0.9416416689391872,0.9256985932272992,0.940005454049632,0.9237324702360726,0.170736476778984,285.0,f1,0.9256985932272992
Coauthor-CS,SDRF,gcn,12370,0.25,0.942459776383965,0.9265099054716084,0.9408235614944096,0.924099547062349,0.197486326098442,187.0,f1,0.9265099054716084
Coauthor-CS,SDRF,gcn,12370,0.4,0.9410962639760022,0.9256738046830127,0.9402781565312244,0.9234142585128846,0.1799953132867813,246.0,f1,0.9256738046830127
Coauthor-CS,SDRF,gcn,12370,0.55,0.9416416689391872,0.9261675967632628,0.9394600490864466,0.9226720557302582,0.1823693662881851,241.0,f1,0.9261675967632628
Coauthor-CS,SDRF,gcn,12371,0.0,0.9435505863103354,0.9360185055742236,0.9323697845650396,0.9162675135707884,0.2751801013946533,86.0,f1,0.9360185055742236
Coauthor-CS,SDRF,gcn,12371,0.1,0.9430051813471504,0.934176088966073,0.9345514044177802,0.9182799773331412,0.2626442909240722,95.0,f1,0.934176088966073
Coauthor-CS,SDRF,gcn,12371,0.25,0.943823288791928,0.935052304320348,0.9394600490864466,0.9223059134107148,0.2210274636745453,136.0,f1,0.935052304320348
Coauthor-CS,SDRF,gcn,12371,0.4,0.9430051813471504,0.9348301282534232,0.9340059994545952,0.916177904154839,0.2787171900272369,87.0,f1,0.9348301282534232
Coauthor-CS,SDRF,gcn,12371,0.55,0.943823288791928,0.9341241081347292,0.940550859012817,0.9237006485886806,0.2009439617395401,172.0,f1,0.9341241081347292
Coauthor-CS,SDRF,gcn,12372,0.0,0.9402781565312244,0.9246362007558468,0.9340059994545952,0.9167442923950192,0.1690687090158462,248.0,f1,0.9246362007558468
Coauthor-CS,SDRF,gcn,12372,0.1,0.940005454049632,0.9247776787233716,0.9331878920098172,0.9158904271889304,0.1609851419925689,395.0,f1,0.9247776787233716
Coauthor-CS,SDRF,gcn,12372,0.25,0.940550859012817,0.9250594762672474,0.9337332969730024,0.9158739186184782,0.1634379923343658,357.0,f1,0.9250594762672474
Coauthor-CS,SDRF,gcn,12372,0.4,0.940550859012817,0.9250594762672474,0.9334605944914098,0.9159951852192664,0.1647698283195495,346.0,f1,0.9250594762672474
Coauthor-CS,SDRF,gcn,12372,0.55,0.940550859012817,0.9250594762672474,0.9329151895282248,0.915861772527352,0.165326252579689,376.0,f1,0.9250594762672474
Coauthor-CS,SDRF,gcn,12373,0.0,0.9378238341968912,0.920288179169513,0.94191437142078,0.930365493261546,0.1607941091060638,342.0,f1,0.920288179169513
Coauthor-CS,SDRF,gcn,12373,0.1,0.9367330242705209,0.919725057829254,0.94191437142078,0.9303551460758528,0.1618995815515518,337.0,f1,0.919725057829254
Coauthor-CS,SDRF,gcn,12373,0.25,0.9370057267521136,0.9202434177249612,0.9421870739023726,0.9313345292904568,0.1656031161546707,302.0,f1,0.9202434177249612
Coauthor-CS,SDRF,gcn,12373,0.4,0.9367330242705209,0.9200872170736184,0.940005454049632,0.9282054363266438,0.1922254860401153,186.0,f1,0.9200872170736184
Coauthor-CS,SDRF,gcn,12373,0.55,0.937278429233706,0.9208921918827844,0.9408235614944096,0.9307912511751496,0.2022807002067566,167.0,f1,0.9208921918827844
Coauthor-CS,SDRF,gcn,12374,0.0,0.9380965366784838,0.9226823171581526,0.9413689664575948,0.9310868885686858,0.2086126208305359,148.0,f1,0.9226823171581526
Coauthor-CS,SDRF,gcn,12374,0.1,0.9364603217889282,0.92145833848839,0.940005454049632,0.9308472113104233,0.1638807356357574,305.0,f1,0.92145833848839
Coauthor-CS,SDRF,gcn,12374,0.25,0.9364603217889282,0.9219044301717924,0.9397327515680391,0.9304547347310032,0.1671207100152969,292.0,f1,0.9219044301717924
Coauthor-CS,SDRF,gcn,12374,0.4,0.9361876193073356,0.9217059704526832,0.940550859012817,0.9314255901531944,0.168909803032875,282.0,f1,0.9217059704526832
Coauthor-CS,SDRF,gcn,12374,0.55,0.9386419416416688,0.9234613866526148,0.9397327515680391,0.9287385987340312,0.2135455757379531,150.0,f1,0.9234613866526148
Coauthor-CS,SDRF,sage,12345,0.0,0.9533678756476685,0.9368648154006204,0.9443686937551132,0.9306705614169132,0.0266807097941637,202.0,f1,0.9368648154006204
Coauthor-CS,SDRF,sage,12345,0.1,0.9525497682028906,0.9357735379638662,0.943823288791928,0.9299492532773412,0.0277216397225856,198.0,f1,0.9357735379638662
Coauthor-CS,SDRF,sage,12345,0.25,0.9528224706844832,0.9365840511777956,0.9449140987182983,0.9327780927007984,0.0299443509429693,189.0,f1,0.9365840511777956
Coauthor-CS,SDRF,sage,12345,0.4,0.9520043632397056,0.9354698587132528,0.9443686937551132,0.9323810005339004,0.0278563778847455,197.0,f1,0.9354698587132528
Coauthor-CS,SDRF,sage,12345,0.55,0.9528224706844832,0.9364576428227556,0.945186801199891,0.9331497161644394,0.0366057604551315,167.0,f1,0.9364576428227556
Coauthor-CS,SDRF,sage,12346,0.0,0.9446413962367056,0.9295872449577036,0.9481865284974094,0.9351744643290192,0.0619522482156753,117.0,f1,0.9295872449577036
Coauthor-CS,SDRF,sage,12346,0.1,0.9446413962367056,0.9308421165352116,0.9481865284974094,0.9350827448913304,0.0427058078348636,151.0,f1,0.9308421165352116
Coauthor-CS,SDRF,sage,12346,0.25,0.9443686937551132,0.929924536115042,0.9481865284974094,0.934847238799809,0.0382536314427852,162.0,f1,0.929924536115042
Coauthor-CS,SDRF,sage,12346,0.4,0.9435505863103354,0.9291209213594503,0.9479138260158168,0.9351630754144316,0.0391749963164329,160.0,f1,0.9291209213594503
Coauthor-CS,SDRF,sage,12346,0.55,0.9435505863103354,0.9294400937353487,0.947641123534224,0.9353064471494432,0.0339077413082122,175.0,f1,0.9294400937353487
Coauthor-CS,SDRF,sage,12347,0.0,0.9495500409053722,0.9368025623674736,0.945732206163076,0.9335617217364016,0.0368974320590496,166.0,f1,0.9368025623674736
Coauthor-CS,SDRF,sage,12347,0.1,0.9495500409053722,0.9374465955236898,0.9460049086446688,0.933805356536288,0.0505482256412506,136.0,f1,0.9374465955236898
Coauthor-CS,SDRF,sage,12347,0.25,0.9492773384237796,0.9368530761232092,0.9462776111262612,0.933817471185424,0.0453499220311641,146.0,f1,0.9368530761232092
Coauthor-CS,SDRF,sage,12347,0.4,0.9498227433869648,0.9373088607911296,0.945732206163076,0.9333146453286034,0.0580981262028217,124.0,f1,0.9373088607911296
Coauthor-CS,SDRF,sage,12347,0.55,0.9498227433869648,0.9375710473812936,0.9462776111262612,0.933679022224076,0.0563260056078434,127.0,f1,0.9375710473812936
Coauthor-CS,SDRF,sage,12348,0.0,0.9492773384237796,0.9356007262805404,0.9375511317152986,0.9206218900896446,0.1117839068174362,72.0,f1,0.9356007262805404
Coauthor-CS,SDRF,sage,12348,0.1,0.9490046359421872,0.9354919609670668,0.937278429233706,0.9198867545860706,0.1193503364920616,68.0,f1,0.9354919609670668
Coauthor-CS,SDRF,sage,12348,0.25,0.95036814835015,0.9364420965417596,0.9402781565312244,0.9229068535478068,0.0727781802415847,104.0,f1,0.9364420965417596
Coauthor-CS,SDRF,sage,12348,0.4,0.9500954458685574,0.9357473528106688,0.9397327515680391,0.9217721255283536,0.0799141004681587,97.0,f1,0.9357473528106688
Coauthor-CS,SDRF,sage,12348,0.55,0.9492773384237796,0.9355554736862264,0.9364603217889282,0.9190219808421852,0.1127216592431068,72.0,f1,0.9355554736862264
Coauthor-CS,SDRF,sage,12349,0.0,0.9465503136078538,0.9313373482183268,0.9462776111262612,0.9331416677804726,0.0286574177443981,192.0,f1,0.9313373482183268
Coauthor-CS,SDRF,sage,12349,0.1,0.9454595036814836,0.9311898908706744,0.9465503136078538,0.9340598516277282,0.0622459091246128,117.0,f1,0.9311898908706744
Coauthor-CS,SDRF,sage,12349,0.25,0.9465503136078538,0.9317084306195405,0.9465503136078538,0.9329225724341572,0.0284641850739717,193.0,f1,0.9317084306195405
Coauthor-CS,SDRF,sage,12349,0.4,0.9465503136078538,0.9316492080434292,0.9465503136078538,0.9335941417947778,0.0316054373979568,182.0,f1,0.9316492080434292
Coauthor-CS,SDRF,sage,12349,0.55,0.945732206163076,0.9315541070614898,0.945186801199891,0.933341203981017,0.0577313266694545,124.0,f1,0.9315541070614898
Coauthor-CS,SDRF,sage,12350,0.0,0.9492773384237796,0.9349390362279876,0.9492773384237796,0.9335432918539204,0.0161604210734367,266.0,f1,0.9349390362279876
Coauthor-CS,SDRF,sage,12350,0.1,0.95036814835015,0.9353581887000432,0.948459230979002,0.9330290360260484,0.0169210042804479,259.0,f1,0.9353581887000432
Coauthor-CS,SDRF,sage,12350,0.25,0.948459230979002,0.9341765206102404,0.948459230979002,0.9321607362226236,0.0353532619774341,168.0,f1,0.9341765206102404
Coauthor-CS,SDRF,sage,12350,0.4,0.9490046359421872,0.934593195968611,0.9479138260158168,0.9328303954741064,0.0200902614742517,236.0,f1,0.934593195968611
Coauthor-CS,SDRF,sage,12350,0.55,0.9495500409053722,0.935357296495069,0.9487319334605944,0.9341080615675202,0.0194358918815851,241.0,f1,0.935357296495069
Coauthor-CS,SDRF,sage,12351,0.0,0.9517316607581128,0.9397835296461388,0.9495500409053722,0.9340910824768875,0.0161567721515893,270.0,f1,0.9397835296461388
Coauthor-CS,SDRF,sage,12351,0.1,0.9514589582765204,0.9397710862799564,0.948459230979002,0.9331271775303488,0.0167440827935934,265.0,f1,0.9397710862799564
Coauthor-CS,SDRF,sage,12351,0.25,0.9520043632397056,0.9401545070275994,0.9487319334605944,0.9347747866329188,0.0164263322949409,268.0,f1,0.9401545070275994
Coauthor-CS,SDRF,sage,12351,0.4,0.9514589582765204,0.9393521281880496,0.948459230979002,0.934660195014591,0.0157223455607891,275.0,f1,0.9393521281880496
Coauthor-CS,SDRF,sage,12351,0.55,0.9520043632397056,0.940538489681878,0.947641123534224,0.93411733123303,0.0147140836343169,286.0,f1,0.940538489681878
Coauthor-CS,SDRF,sage,12352,0.0,0.9473684210526316,0.9321383188140854,0.948459230979002,0.9347132405361254,0.1154335811734199,69.0,f1,0.9321383188140854
Coauthor-CS,SDRF,sage,12352,0.1,0.947641123534224,0.9333427061449676,0.9487319334605944,0.9358138235486234,0.0837682634592056,92.0,f1,0.9333427061449676
Coauthor-CS,SDRF,sage,12352,0.25,0.947641123534224,0.9334285326426518,0.9490046359421872,0.9364638098132658,0.0861677601933479,90.0,f1,0.9334285326426518
Coauthor-CS,SDRF,sage,12352,0.4,0.9473684210526316,0.9325926683170164,0.9492773384237796,0.9363235738091956,0.0692605823278427,107.0,f1,0.9325926683170164
Coauthor-CS,SDRF,sage,12352,0.55,0.947641123534224,0.9327416168033372,0.948459230979002,0.935068812880481,0.0759107172489166,100.0,f1,0.9327416168033372
Coauthor-CS,SDRF,sage,12353,0.0,0.9539132806108536,0.940460495549618,0.943823288791928,0.9318949772312518,0.0783872976899147,102.0,f1,0.940460495549618
Coauthor-CS,SDRF,sage,12353,0.1,0.9528224706844832,0.9392969185961751,0.9435505863103354,0.9316191801222232,0.0492797717452049,142.0,f1,0.9392969185961751
Coauthor-CS,SDRF,sage,12353,0.25,0.9530951731660758,0.9400738706019448,0.9435505863103354,0.931562532714262,0.0522292852401733,137.0,f1,0.9400738706019448
Coauthor-CS,SDRF,sage,12353,0.4,0.9533678756476685,0.939762399154859,0.9432778838287428,0.931318219920339,0.0763317123055458,105.0,f1,0.939762399154859
Coauthor-CS,SDRF,sage,12353,0.55,0.9525497682028906,0.9392913677899568,0.9427324788655576,0.9307249861231962,0.0474679432809352,146.0,f1,0.9392913677899568
Coauthor-CS,SDRF,sage,12354,0.0,0.945732206163076,0.9270190439321756,0.9492773384237796,0.934013870677782,0.0352334566414356,176.0,f1,0.9270190439321756
Coauthor-CS,SDRF,sage,12354,0.1,0.9465503136078538,0.928101397823626,0.9490046359421872,0.9344111973507706,0.0301064141094684,194.0,f1,0.928101397823626
Coauthor-CS,SDRF,sage,12354,0.25,0.9465503136078538,0.9280985570801036,0.9492773384237796,0.9345271266187264,0.0317039042711257,188.0,f1,0.9280985570801036
Coauthor-CS,SDRF,sage,12354,0.4,0.9462776111262612,0.9276686558493248,0.9492773384237796,0.9345271266187264,0.0282129719853401,202.0,f1,0.9276686558493248
Coauthor-CS,SDRF,sage,12354,0.55,0.9460049086446688,0.927787359423858,0.948459230979002,0.9332727318371288,0.0352453179657459,177.0,f1,0.927787359423858
Coauthor-CS,SDRF,sage,12355,0.0,0.9481865284974094,0.9293331831382172,0.94191437142078,0.9290165196926304,0.0712321698665618,104.0,f1,0.9293331831382172
Coauthor-CS,SDRF,sage,12355,0.1,0.9465503136078538,0.929247508867866,0.9413689664575948,0.9278907611068872,0.0800331458449363,95.0,f1,0.929247508867866
Coauthor-CS,SDRF,sage,12355,0.25,0.9481865284974094,0.9312379330470943,0.9402781565312244,0.9273724724856556,0.0664967224001884,110.0,f1,0.9312379330470943
Coauthor-CS,SDRF,sage,12355,0.4,0.947641123534224,0.9304569486116744,0.9410962639760022,0.9282865457767836,0.063704565167427,114.0,f1,0.9304569486116744
Coauthor-CS,SDRF,sage,12355,0.55,0.9479138260158168,0.9306128217530836,0.9413689664575948,0.9286998055021508,0.0678140446543693,109.0,f1,0.9306128217530836
Coauthor-CS,SDRF,sage,12356,0.0,0.9492773384237796,0.9321716885705548,0.9492773384237796,0.9347440472188404,0.0409580692648887,161.0,f1,0.9321716885705548
Coauthor-CS,SDRF,sage,12356,0.1,0.9492773384237796,0.9328212691136244,0.9495500409053722,0.9357073199211856,0.0528242327272892,137.0,f1,0.9328212691136244
Coauthor-CS,SDRF,sage,12356,0.25,0.9495500409053722,0.9322597837484196,0.948459230979002,0.9347340464440826,0.0391730591654777,166.0,f1,0.9322597837484196
Coauthor-CS,SDRF,sage,12356,0.4,0.9492773384237796,0.9325042457790972,0.9492773384237796,0.9352668722768868,0.062979057431221,122.0,f1,0.9325042457790972
Coauthor-CS,SDRF,sage,12356,0.55,0.948459230979002,0.9317478932814386,0.9495500409053722,0.9357367755474668,0.0719848722219467,111.0,f1,0.9317478932814386
Coauthor-CS,SDRF,sage,12357,0.0,0.9495500409053722,0.9372707251158006,0.9498227433869648,0.9347097090956834,0.0706851184368133,107.0,f1,0.9372707251158006
Coauthor-CS,SDRF,sage,12357,0.1,0.9492773384237796,0.935366281448686,0.948459230979002,0.9329481049636932,0.0472865849733352,142.0,f1,0.935366281448686
Coauthor-CS,SDRF,sage,12357,0.25,0.9490046359421872,0.9369500426727918,0.9498227433869648,0.9345103806077778,0.0691738426685333,109.0,f1,0.9369500426727918
Coauthor-CS,SDRF,sage,12357,0.4,0.948459230979002,0.936373975319556,0.9495500409053722,0.9341061492829152,0.0610520467162132,120.0,f1,0.936373975319556
Coauthor-CS,SDRF,sage,12357,0.55,0.9490046359421872,0.9354834999214882,0.9490046359421872,0.9336140150663416,0.0574025399982929,125.0,f1,0.9354834999214882
Coauthor-CS,SDRF,sage,12358,0.0,0.9421870739023726,0.9254726572608808,0.9509135533133352,0.9387986503680936,0.0771361365914344,101.0,f1,0.9254726572608808
Coauthor-CS,SDRF,sage,12358,0.1,0.94191437142078,0.9254651962144956,0.9498227433869648,0.9376755213866186,0.0774117335677146,101.0,f1,0.9254651962144956
Coauthor-CS,SDRF,sage,12358,0.25,0.9413689664575948,0.9255590060079611,0.9500954458685574,0.9379098903936962,0.0754647701978683,103.0,f1,0.9255590060079611
Coauthor-CS,SDRF,sage,12358,0.4,0.9421870739023726,0.9259947266629218,0.9495500409053722,0.9378171931532588,0.0785844251513481,100.0,f1,0.9259947266629218
Coauthor-CS,SDRF,sage,12358,0.55,0.9416416689391872,0.9256859818907665,0.9495500409053722,0.9373519711065328,0.0702737942337989,109.0,f1,0.9256859818907665
Coauthor-CS,SDRF,sage,12359,0.0,0.948459230979002,0.936661530449374,0.9440959912735206,0.9298987549053024,0.0093871792778372,363.0,f1,0.936661530449374
Coauthor-CS,SDRF,sage,12359,0.1,0.9490046359421872,0.9373850492612628,0.9460049086446688,0.9342699197114176,0.0322435535490512,177.0,f1,0.9373850492612628
Coauthor-CS,SDRF,sage,12359,0.25,0.9481865284974094,0.9365112062902158,0.9443686937551132,0.9304026448976622,0.018703868612647,245.0,f1,0.9365112062902158
Coauthor-CS,SDRF,sage,12359,0.4,0.9468230160894464,0.9361763394293624,0.943823288791928,0.9299490582965878,0.0084369229152798,386.0,f1,0.9361763394293624
Coauthor-CS,SDRF,sage,12359,0.55,0.947641123534224,0.9365925896387548,0.9443686937551132,0.9308386704556548,0.0198163148015737,237.0,f1,0.9365925896387548
Coauthor-CS,SDRF,sage,12360,0.0,0.9517316607581128,0.9393480510323228,0.945732206163076,0.9328004110742796,0.0453802533447742,143.0,f1,0.9393480510323228
Coauthor-CS,SDRF,sage,12360,0.1,0.9517316607581128,0.9394641243478532,0.9454595036814836,0.9323915338651028,0.0544051714241504,127.0,f1,0.9394641243478532
Coauthor-CS,SDRF,sage,12360,0.25,0.9506408508317424,0.9386577664218118,0.945186801199891,0.932280406590493,0.0445869751274585,145.0,f1,0.9386577664218118
Coauthor-CS,SDRF,sage,12360,0.4,0.9514589582765204,0.9391873560735416,0.9460049086446688,0.9333259645840474,0.040111668407917,155.0,f1,0.9391873560735416
Coauthor-CS,SDRF,sage,12360,0.55,0.9506408508317424,0.93899657597423,0.9460049086446688,0.9335111004270964,0.038573995232582,159.0,f1,0.93899657597423
Coauthor-CS,SDRF,sage,12361,0.0,0.953640578129261,0.9373322620140454,0.942459776383965,0.9275213646780294,0.0431336872279644,151.0,f1,0.9373322620140454
Coauthor-CS,SDRF,sage,12361,0.1,0.9530951731660758,0.9364051297153088,0.942459776383965,0.9284292248165026,0.0368886366486549,167.0,f1,0.9364051297153088
Coauthor-CS,SDRF,sage,12361,0.25,0.952277065721298,0.93623991042298,0.94191437142078,0.9273968643764244,0.0252594202756881,210.0,f1,0.93623991042298
Coauthor-CS,SDRF,sage,12361,0.4,0.9517316607581128,0.9355723393055136,0.9430051813471504,0.9283406282370114,0.0340597257018089,176.0,f1,0.9355723393055136
Coauthor-CS,SDRF,sage,12361,0.55,0.9517316607581128,0.935664078865249,0.9430051813471504,0.9289489800520788,0.0287039782851934,195.0,f1,0.935664078865249
Coauthor-CS,SDRF,sage,12362,0.0,0.948459230979002,0.9350174990409048,0.9427324788655576,0.9312712693614364,0.1098186895251274,75.0,f1,0.9350174990409048
Coauthor-CS,SDRF,sage,12362,0.1,0.9481865284974094,0.9352350855664366,0.9435505863103354,0.9319779077283574,0.1042985916137695,79.0,f1,0.9352350855664366
Coauthor-CS,SDRF,sage,12362,0.25,0.947641123534224,0.9345698216318288,0.9427324788655576,0.931464222962802,0.102823868393898,80.0,f1,0.9345698216318288
Coauthor-CS,SDRF,sage,12362,0.4,0.947095718571039,0.9342904173830626,0.9427324788655576,0.9310542518716248,0.1017123684287071,81.0,f1,0.9342904173830626
Coauthor-CS,SDRF,sage,12362,0.55,0.9465503136078538,0.9341358217887484,0.9432778838287428,0.9317643106809486,0.1003332212567329,82.0,f1,0.9341358217887484
Coauthor-CS,SDRF,sage,12363,0.0,0.947641123534224,0.9322226884034754,0.9487319334605944,0.9393549522765136,0.0438386462628841,153.0,f1,0.9322226884034754
Coauthor-CS,SDRF,sage,12363,0.1,0.9487319334605944,0.933486380374589,0.9495500409053722,0.940476987458374,0.0556958466768264,131.0,f1,0.933486380374589
Coauthor-CS,SDRF,sage,12363,0.25,0.9479138260158168,0.932863806910388,0.9495500409053722,0.9408583618692464,0.0640028119087219,119.0,f1,0.932863806910388
Coauthor-CS,SDRF,sage,12363,0.4,0.9479138260158168,0.9326019132368092,0.9498227433869648,0.940869482176499,0.0838650986552238,97.0,f1,0.9326019132368092
Coauthor-CS,SDRF,sage,12363,0.55,0.948459230979002,0.9332169310899628,0.9498227433869648,0.9404842019435292,0.0560071542859077,131.0,f1,0.9332169310899628
Coauthor-CS,SDRF,sage,12364,0.0,0.9440959912735206,0.9315655758872088,0.947095718571039,0.9333668779914848,0.0089637208729982,368.0,f1,0.9315655758872088
Coauthor-CS,SDRF,sage,12364,0.1,0.943823288791928,0.9311976005003116,0.9468230160894464,0.9325590088003008,0.0095551088452339,356.0,f1,0.9311976005003116
Coauthor-CS,SDRF,sage,12364,0.25,0.943823288791928,0.9311976005003116,0.9473684210526316,0.9334717657098368,0.0097385700792074,352.0,f1,0.9311976005003116
Coauthor-CS,SDRF,sage,12364,0.4,0.943823288791928,0.93122907458029,0.9468230160894464,0.9329396103578924,0.0101221241056919,345.0,f1,0.93122907458029
Coauthor-CS,SDRF,sage,12364,0.55,0.9430051813471504,0.9303993145810424,0.9473684210526316,0.9333113354373908,0.0098083484917879,351.0,f1,0.9303993145810424
Coauthor-CS,SDRF,sage,12365,0.0,0.9454595036814836,0.9319712279309056,0.9487319334605944,0.9379068064086924,0.0560709498822689,130.0,f1,0.9319712279309056
Coauthor-CS,SDRF,sage,12365,0.1,0.9446413962367056,0.932084108839631,0.948459230979002,0.9380153136274662,0.0636622160673141,119.0,f1,0.932084108839631
Coauthor-CS,SDRF,sage,12365,0.25,0.9430051813471504,0.93054212287642,0.9481865284974094,0.936349086655999,0.0742346122860908,106.0,f1,0.93054212287642
Coauthor-CS,SDRF,sage,12365,0.4,0.9435505863103354,0.9308461544453098,0.948459230979002,0.9376352858514736,0.068495325744152,113.0,f1,0.9308461544453098
Coauthor-CS,SDRF,sage,12365,0.55,0.9446413962367056,0.9326743005789684,0.948459230979002,0.937319901599834,0.0592480525374412,126.0,f1,0.9326743005789684
Coauthor-CS,SDRF,sage,12366,0.0,0.9530951731660758,0.9422202457756156,0.9446413962367056,0.9304406299422197,0.0945969372987747,86.0,f1,0.9422202457756156
Coauthor-CS,SDRF,sage,12366,0.1,0.9528224706844832,0.9419241672801646,0.9430051813471504,0.9291024422424498,0.0993103384971618,83.0,f1,0.9419241672801646
Coauthor-CS,SDRF,sage,12366,0.25,0.9525497682028906,0.9422067749195264,0.9440959912735206,0.931059340366982,0.0890293419361114,91.0,f1,0.9422067749195264
Coauthor-CS,SDRF,sage,12366,0.4,0.9528224706844832,0.9429051022098413,0.9435505863103354,0.930261331217208,0.09285519272089,88.0,f1,0.9429051022098413
Coauthor-CS,SDRF,sage,12366,0.55,0.952277065721298,0.9420705868104116,0.9430051813471504,0.9293507789369752,0.0857365429401397,94.0,f1,0.9420705868104116
Coauthor-CS,SDRF,sage,12367,0.0,0.9487319334605944,0.9358483531467644,0.947641123534224,0.9251276311763084,0.0352304838597774,174.0,f1,0.9358483531467644
Coauthor-CS,SDRF,sage,12367,0.1,0.9479138260158168,0.935456297240878,0.9490046359421872,0.9262973312708572,0.0397057980298996,162.0,f1,0.935456297240878
Coauthor-CS,SDRF,sage,12367,0.25,0.947641123534224,0.935378926855458,0.9479138260158168,0.9250338104208564,0.0371557213366031,169.0,f1,0.935378926855458
Coauthor-CS,SDRF,sage,12367,0.4,0.9479138260158168,0.935651409766315,0.947641123534224,0.9246012035813008,0.0407812111079692,160.0,f1,0.935651409766315
Coauthor-CS,SDRF,sage,12367,0.55,0.947641123534224,0.935379365168636,0.9487319334605944,0.9261860880292564,0.0421761907637119,157.0,f1,0.935379365168636
Coauthor-CS,SDRF,sage,12368,0.0,0.9479138260158168,0.9345642442623512,0.9468230160894464,0.927728049287175,0.0952151417732238,85.0,f1,0.9345642442623512
Coauthor-CS,SDRF,sage,12368,0.1,0.9481865284974094,0.9340489382097318,0.9465503136078538,0.9270543295673196,0.0236937217414379,219.0,f1,0.9340489382097318
Coauthor-CS,SDRF,sage,12368,0.25,0.9481865284974094,0.933944545574774,0.9462776111262612,0.9269308416776932,0.0230451244860887,222.0,f1,0.933944545574774
Coauthor-CS,SDRF,sage,12368,0.4,0.9468230160894464,0.933559809633174,0.945732206163076,0.92828549036221,0.0884650573134422,91.0,f1,0.933559809633174
Coauthor-CS,SDRF,sage,12368,0.55,0.947095718571039,0.9331974116465068,0.947095718571039,0.928286603251286,0.0250742100179195,212.0,f1,0.9331974116465068
Coauthor-CS,SDRF,sage,12369,0.0,0.9539132806108536,0.9390368122463992,0.9410962639760022,0.9213180074025792,0.0906053110957145,89.0,f1,0.9390368122463992
Coauthor-CS,SDRF,sage,12369,0.1,0.9533678756476685,0.9385069486569956,0.9413689664575948,0.9224916483456416,0.0315335914492607,186.0,f1,0.9385069486569956
Coauthor-CS,SDRF,sage,12369,0.25,0.953640578129261,0.9391682240334396,0.942459776383965,0.9232528348521706,0.02931016869843,194.0,f1,0.9391682240334396
Coauthor-CS,SDRF,sage,12369,0.4,0.9530951731660758,0.9384448635942408,0.9410962639760022,0.9218358669111784,0.0887033939361572,91.0,f1,0.9384448635942408
Coauthor-CS,SDRF,sage,12369,0.55,0.953640578129261,0.9395002329773952,0.9408235614944096,0.921738973718418,0.0857470780611038,94.0,f1,0.9395002329773952
Coauthor-CS,SDRF,sage,12370,0.0,0.9479138260158168,0.928957508662648,0.9498227433869648,0.9351790595908268,0.0968187972903251,87.0,f1,0.928957508662648
Coauthor-CS,SDRF,sage,12370,0.1,0.9490046359421872,0.9295805832874976,0.9495500409053722,0.9355425265096712,0.0673591122031211,116.0,f1,0.9295805832874976
Coauthor-CS,SDRF,sage,12370,0.25,0.9490046359421872,0.9291717893568864,0.9506408508317424,0.9370361138168808,0.0575983971357345,130.0,f1,0.9291717893568864
Coauthor-CS,SDRF,sage,12370,0.4,0.9481865284974094,0.9293616819591992,0.9460049086446688,0.9317376365630988,0.1230658963322639,70.0,f1,0.9293616819591992
Coauthor-CS,SDRF,sage,12370,0.55,0.948459230979002,0.928884342580222,0.9490046359421872,0.9353406575899116,0.062451921403408,123.0,f1,0.928884342580222
Coauthor-CS,SDRF,sage,12371,0.0,0.9498227433869648,0.9415235592889832,0.945732206163076,0.9256394942181732,0.0962672606110572,82.0,f1,0.9415235592889832
Coauthor-CS,SDRF,sage,12371,0.1,0.95036814835015,0.9414918821265192,0.945732206163076,0.9260918288193584,0.0831632986664772,93.0,f1,0.9414918821265192
Coauthor-CS,SDRF,sage,12371,0.25,0.9500954458685574,0.9418750931562038,0.947095718571039,0.927424773922183,0.0753066912293434,101.0,f1,0.9418750931562038
Coauthor-CS,SDRF,sage,12371,0.4,0.95036814835015,0.942075247813033,0.9465503136078538,0.9272665017743396,0.0847161039710044,92.0,f1,0.942075247813033
Coauthor-CS,SDRF,sage,12371,0.55,0.9492773384237796,0.9410555899384035,0.9465503136078538,0.9274960673872804,0.0714434161782264,105.0,f1,0.9410555899384035
Coauthor-CS,SDRF,sage,12372,0.0,0.9492773384237796,0.9372427710426962,0.9427324788655576,0.9220613161153468,0.0439278557896614,148.0,f1,0.9372427710426962
Coauthor-CS,SDRF,sage,12372,0.1,0.9498227433869648,0.9375643419139164,0.9408235614944096,0.9203423703368816,0.0422935225069522,152.0,f1,0.9375643419139164
Coauthor-CS,SDRF,sage,12372,0.25,0.9492773384237796,0.9376277959291136,0.940550859012817,0.9207966567035416,0.0567775852978229,125.0,f1,0.9376277959291136
Coauthor-CS,SDRF,sage,12372,0.4,0.95036814835015,0.9386321458276434,0.9408235614944096,0.9211045924512048,0.0457062199711799,145.0,f1,0.9386321458276434
Coauthor-CS,SDRF,sage,12372,0.55,0.9492773384237796,0.9377766127088674,0.9408235614944096,0.9207673336662712,0.0490434281527996,138.0,f1,0.9377766127088674
Coauthor-CS,SDRF,sage,12373,0.0,0.9421870739023726,0.9251686959406948,0.9511862557949278,0.9417200356868158,0.0463494211435318,139.0,f1,0.9251686959406948
Coauthor-CS,SDRF,sage,12373,0.1,0.94191437142078,0.9257120930019852,0.95036814835015,0.941269698380666,0.0455506704747676,141.0,f1,0.9257120930019852
Coauthor-CS,SDRF,sage,12373,0.25,0.9416416689391872,0.925813098031514,0.9511862557949278,0.941587065958117,0.0525525733828544,128.0,f1,0.925813098031514
Coauthor-CS,SDRF,sage,12373,0.4,0.9413689664575948,0.9254597396624834,0.95036814835015,0.9413558816727896,0.0544865690171718,125.0,f1,0.9254597396624834
Coauthor-CS,SDRF,sage,12373,0.55,0.9413689664575948,0.9255039073468428,0.9506408508317424,0.9415359326576128,0.0499404408037662,133.0,f1,0.9255039073468428
Coauthor-CS,SDRF,sage,12374,0.0,0.9446413962367056,0.932093673198173,0.9492773384237796,0.9395663509739944,0.0434739589691162,150.0,f1,0.932093673198173
Coauthor-CS,SDRF,sage,12374,0.1,0.9443686937551132,0.9312370238279348,0.9481865284974094,0.9385903672552088,0.0582126565277576,124.0,f1,0.9312370238279348
Coauthor-CS,SDRF,sage,12374,0.25,0.9443686937551132,0.9319423342319558,0.947641123534224,0.9383001927556478,0.0407075732946395,157.0,f1,0.9319423342319558
Coauthor-CS,SDRF,sage,12374,0.4,0.9449140987182983,0.931830239809322,0.948459230979002,0.9392347911379682,0.0619816370308399,119.0,f1,0.931830239809322
Coauthor-CS,SDRF,sage,12374,0.55,0.9435505863103354,0.9315999528613113,0.9454595036814836,0.9376138236865106,0.1014645099639892,81.0,f1,0.9315999528613113
Coauthor-CS,SDRF,gat,12345,0.0,0.9364603217889282,0.9138468483217936,0.926915734933188,0.9112531759947528,0.0559923611581325,104.0,f1,0.9138468483217936
Coauthor-CS,SDRF,gat,12345,0.1,0.937278429233706,0.9149175689556032,0.928824652304336,0.9121839178343916,0.0609057396650314,95.0,f1,0.9149175689556032
Coauthor-CS,SDRF,gat,12345,0.25,0.9367330242705209,0.9147936716879612,0.9263703299700028,0.9106996241155078,0.0589659698307514,99.0,f1,0.9147936716879612
Coauthor-CS,SDRF,gat,12345,0.4,0.9370057267521136,0.915714892498128,0.926915734933188,0.9101812535392736,0.0590093471109867,100.0,f1,0.915714892498128
Coauthor-CS,SDRF,gat,12345,0.55,0.9361876193073356,0.9140777947538906,0.9260976274884102,0.9097749488073394,0.0588317699730396,101.0,f1,0.9140777947538906
Coauthor-CS,SDRF,gat,12346,0.0,0.9310062721570768,0.9158457123794068,0.9304608671938914,0.9164501594645504,0.0813808962702751,67.0,f1,0.9158457123794068
Coauthor-CS,SDRF,gat,12346,0.1,0.9310062721570768,0.9162022920369858,0.9299154622307064,0.9154559741953172,0.0818769708275795,68.0,f1,0.9162022920369858
Coauthor-CS,SDRF,gat,12346,0.25,0.9293700572675212,0.9146985131805462,0.9304608671938914,0.9166978332989512,0.0831735059618949,67.0,f1,0.9146985131805462
Coauthor-CS,SDRF,gat,12346,0.4,0.9296427597491136,0.9154541235760616,0.9304608671938914,0.9161302522409602,0.0825515687465667,68.0,f1,0.9154541235760616
Coauthor-CS,SDRF,gat,12346,0.55,0.9296427597491136,0.9145233868169156,0.930733569675484,0.9170287815603302,0.0768811553716659,74.0,f1,0.9145233868169156
Coauthor-CS,SDRF,gat,12347,0.0,0.9340059994545952,0.9245382547111738,0.9290973547859286,0.9139924702432796,0.0680953934788703,93.0,f1,0.9245382547111738
Coauthor-CS,SDRF,gat,12347,0.1,0.9342787019361876,0.9255642515053152,0.9290973547859286,0.9132293402452348,0.0689954459667205,92.0,f1,0.9255642515053152
Coauthor-CS,SDRF,gat,12347,0.25,0.9337332969730024,0.9240716174882524,0.928824652304336,0.9121881836780632,0.0647964850068092,98.0,f1,0.9240716174882524
Coauthor-CS,SDRF,gat,12347,0.4,0.9337332969730024,0.9232425531974082,0.928824652304336,0.9130653912204696,0.067767709493637,94.0,f1,0.9232425531974082
Coauthor-CS,SDRF,gat,12347,0.55,0.9342787019361876,0.9245232488971526,0.9290973547859286,0.9133185770818486,0.0676662102341651,94.0,f1,0.9245232488971526
Coauthor-CS,SDRF,gat,12348,0.0,0.9378238341968912,0.9227768131830888,0.9225524952277064,0.9048723379693172,0.0561828427016735,103.0,f1,0.9227768131830888
Coauthor-CS,SDRF,gat,12348,0.1,0.9380965366784838,0.9226860703297584,0.9230979001908918,0.9060203711951704,0.0651748850941658,89.0,f1,0.9226860703297584
Coauthor-CS,SDRF,gat,12348,0.25,0.9386419416416688,0.9231951272172112,0.9233706026724844,0.9064674070547472,0.0642525777220726,90.0,f1,0.9231951272172112
Coauthor-CS,SDRF,gat,12348,0.4,0.9378238341968912,0.9234978108965384,0.9225524952277064,0.9054597602410775,0.0566334128379821,103.0,f1,0.9234978108965384
Coauthor-CS,SDRF,gat,12348,0.55,0.937278429233706,0.9226350476898943,0.9228251977092992,0.9054748867060646,0.0565335527062416,103.0,f1,0.9226350476898943
Coauthor-CS,SDRF,gat,12349,0.0,0.9361876193073356,0.9226503882761632,0.9331878920098172,0.9200053434965836,0.0774791091680526,75.0,f1,0.9226503882761632
Coauthor-CS,SDRF,gat,12349,0.1,0.9367330242705209,0.9232222058412216,0.9331878920098172,0.9191762938019512,0.0781468078494072,75.0,f1,0.9232222058412216
Coauthor-CS,SDRF,gat,12349,0.25,0.9364603217889282,0.9227211379874526,0.9334605944914098,0.9198227102683192,0.0780857801437377,75.0,f1,0.9227211379874526
Coauthor-CS,SDRF,gat,12349,0.4,0.9359149168257432,0.9223881912660726,0.9334605944914098,0.9200641459330366,0.0803141593933105,73.0,f1,0.9223881912660726
Coauthor-CS,SDRF,gat,12349,0.55,0.9359149168257432,0.922110648193497,0.9342787019361876,0.9203146898203608,0.0771147087216377,77.0,f1,0.922110648193497
Coauthor-CS,SDRF,gat,12350,0.0,0.9337332969730024,0.9181819003877738,0.9350968093809654,0.9231130526283382,0.0804076418280601,77.0,f1,0.9181819003877738
Coauthor-CS,SDRF,gat,12350,0.1,0.9323697845650396,0.9196345773479496,0.9350968093809654,0.9241688091887698,0.07084671407938,90.0,f1,0.9196345773479496
Coauthor-CS,SDRF,gat,12350,0.25,0.9323697845650396,0.9189534676932312,0.9345514044177802,0.9239460582188128,0.0729595348238945,89.0,f1,0.9189534676932312
Coauthor-CS,SDRF,gat,12350,0.4,0.9323697845650396,0.918640125574642,0.935369511862558,0.9250133043589468,0.0739839076995849,88.0,f1,0.918640125574642
Coauthor-CS,SDRF,gat,12350,0.55,0.9331878920098172,0.9189838767453932,0.9350968093809654,0.9246690215206126,0.0758873969316482,86.0,f1,0.9189838767453932
Coauthor-CS,SDRF,gat,12351,0.0,0.9364603217889282,0.920053330704515,0.9329151895282248,0.9150027369709264,0.0684886127710342,83.0,f1,0.920053330704515
Coauthor-CS,SDRF,gat,12351,0.1,0.9350968093809654,0.919790273654772,0.932642487046632,0.9151087054786446,0.0696091800928115,82.0,f1,0.919790273654772
Coauthor-CS,SDRF,gat,12351,0.25,0.9342787019361876,0.9190747204730194,0.9301881647122988,0.9117125396734344,0.0831382349133491,71.0,f1,0.9190747204730194
Coauthor-CS,SDRF,gat,12351,0.4,0.9350968093809654,0.919769486528134,0.9312789746386692,0.9132485779263256,0.080881617963314,74.0,f1,0.919769486528134
Coauthor-CS,SDRF,gat,12351,0.55,0.9342787019361876,0.9189083137907184,0.9310062721570768,0.9137279621840588,0.0806247889995575,75.0,f1,0.9189083137907184
Coauthor-CS,SDRF,gat,12352,0.0,0.9356422143441504,0.9210610081343183,0.9342787019361876,0.9201873898779588,0.0737166404724121,84.0,f1,0.9210610081343183
Coauthor-CS,SDRF,gat,12352,0.1,0.9361876193073356,0.9222038315217408,0.9345514044177802,0.920489432302061,0.0740746557712555,84.0,f1,0.9222038315217408
Coauthor-CS,SDRF,gat,12352,0.25,0.9359149168257432,0.922717765183741,0.9350968093809654,0.9210832479073436,0.0758831202983856,85.0,f1,0.922717765183741
Coauthor-CS,SDRF,gat,12352,0.4,0.9359149168257432,0.923170850896256,0.9348241068993728,0.92083711321271,0.075382724404335,85.0,f1,0.923170850896256
Coauthor-CS,SDRF,gat,12352,0.55,0.9356422143441504,0.9223871361541652,0.9337332969730024,0.9195538848951624,0.0720120221376419,88.0,f1,0.9223871361541652
Coauthor-CS,SDRF,gat,12353,0.0,0.9329151895282248,0.9196828508463772,0.9271884374147804,0.9134843729207662,0.0936813652515411,63.0,f1,0.9196828508463772
Coauthor-CS,SDRF,gat,12353,0.1,0.9323697845650396,0.9190961126741012,0.9263703299700028,0.9124006389731232,0.098401091992855,58.0,f1,0.9190961126741012
Coauthor-CS,SDRF,gat,12353,0.25,0.9315516771202618,0.9191145919526176,0.926915734933188,0.9138385466411524,0.1052429229021072,55.0,f1,0.9191145919526176
Coauthor-CS,SDRF,gat,12353,0.4,0.9323697845650396,0.9189036212412414,0.9263703299700028,0.9126912477504008,0.0994708091020584,58.0,f1,0.9189036212412414
Coauthor-CS,SDRF,gat,12353,0.55,0.9323697845650396,0.9182672439326904,0.9263703299700028,0.913398601414184,0.0866610929369926,71.0,f1,0.9182672439326904
Coauthor-CS,SDRF,gat,12354,0.0,0.9296427597491136,0.9115554685533878,0.935369511862558,0.918625699509938,0.1071109548211097,58.0,f1,0.9115554685533878
Coauthor-CS,SDRF,gat,12354,0.1,0.9310062721570768,0.9106676528032672,0.9342787019361876,0.9178905909256356,0.0752442330121994,90.0,f1,0.9106676528032672
Coauthor-CS,SDRF,gat,12354,0.25,0.9312789746386692,0.9111637890918504,0.935369511862558,0.9186554298644644,0.075094535946846,89.0,f1,0.9111637890918504
Coauthor-CS,SDRF,gat,12354,0.4,0.9312789746386692,0.9115941910350884,0.9364603217889282,0.9199880711550256,0.0858372077345848,77.0,f1,0.9115941910350884
Coauthor-CS,SDRF,gat,12354,0.55,0.9315516771202618,0.9123751297898424,0.9348241068993728,0.9179824621301236,0.0729905366897583,93.0,f1,0.9123751297898424
Coauthor-CS,SDRF,gat,12355,0.0,0.9296427597491136,0.9140099088232728,0.9277338423779656,0.9126323208618456,0.0658029168844223,87.0,f1,0.9140099088232728
Coauthor-CS,SDRF,gat,12355,0.1,0.9304608671938914,0.9143703211924348,0.9285519498227434,0.9137253170132456,0.0654394924640655,88.0,f1,0.9143703211924348
Coauthor-CS,SDRF,gat,12355,0.25,0.9299154622307064,0.9141051089661548,0.927461139896373,0.9131075141667792,0.072108656167984,78.0,f1,0.9141051089661548
Coauthor-CS,SDRF,gat,12355,0.4,0.9293700572675212,0.9139134874763952,0.927461139896373,0.912383809508274,0.0665712729096412,87.0,f1,0.9139134874763952
Coauthor-CS,SDRF,gat,12355,0.55,0.9296427597491136,0.9135028994672928,0.9266430324515952,0.9112981037290204,0.0657111704349517,88.0,f1,0.9135028994672928
Coauthor-CS,SDRF,gat,12356,0.0,0.9367330242705209,0.924255433905746,0.9367330242705209,0.9252937078182426,0.0971961170434951,63.0,f1,0.924255433905746
Coauthor-CS,SDRF,gat,12356,0.1,0.9370057267521136,0.9252902655797643,0.9359149168257432,0.9240625559509114,0.098793514072895,62.0,f1,0.9252902655797643
Coauthor-CS,SDRF,gat,12356,0.25,0.9367330242705209,0.924576527316041,0.9356422143441504,0.9243065118329264,0.0992513075470924,64.0,f1,0.924576527316041
Coauthor-CS,SDRF,gat,12356,0.4,0.937278429233706,0.9248056654425948,0.9359149168257432,0.9242028171277348,0.0925680920481681,70.0,f1,0.9248056654425948
Coauthor-CS,SDRF,gat,12356,0.55,0.9364603217889282,0.9240901608223528,0.9367330242705209,0.9247808330203444,0.0817173048853874,81.0,f1,0.9240901608223528
Coauthor-CS,SDRF,gat,12357,0.0,0.9312789746386692,0.9196776677999808,0.9397327515680391,0.921543903258865,0.0697258859872818,90.0,f1,0.9196776677999808
Coauthor-CS,SDRF,gat,12357,0.1,0.930733569675484,0.9183656884677484,0.9383692391600764,0.9226527414700546,0.0702970027923584,90.0,f1,0.9183656884677484
Coauthor-CS,SDRF,gat,12357,0.25,0.9304608671938914,0.9186683989801736,0.9378238341968912,0.9203442642107488,0.070504181087017,91.0,f1,0.9186683989801736
Coauthor-CS,SDRF,gat,12357,0.4,0.9304608671938914,0.918360836073316,0.9383692391600764,0.921137936691377,0.0679908320307731,92.0,f1,0.918360836073316
Coauthor-CS,SDRF,gat,12357,0.55,0.9315516771202618,0.9192214287292632,0.9356422143441504,0.917350510071289,0.0638373270630836,100.0,f1,0.9192214287292632
Coauthor-CS,SDRF,gat,12358,0.0,0.932097082083447,0.9145864490759218,0.9290973547859286,0.9126184658311128,0.0744203031063079,71.0,f1,0.9145864490759218
Coauthor-CS,SDRF,gat,12358,0.1,0.9315516771202618,0.9146622783609186,0.9290973547859286,0.9124063478651726,0.0583474338054657,93.0,f1,0.9146622783609186
Coauthor-CS,SDRF,gat,12358,0.25,0.9337332969730024,0.9151887065716926,0.9290973547859286,0.9116126789257564,0.0698864832520484,77.0,f1,0.9151887065716926
Coauthor-CS,SDRF,gat,12358,0.4,0.9329151895282248,0.9147200531486144,0.9290973547859286,0.9121717012331944,0.068066269159317,80.0,f1,0.9147200531486144
Coauthor-CS,SDRF,gat,12358,0.55,0.9337332969730024,0.9152625303783772,0.9299154622307064,0.9132679715426542,0.0681445077061653,80.0,f1,0.9152625303783772
Coauthor-CS,SDRF,gat,12359,0.0,0.9323697845650396,0.91807371975084,0.9329151895282248,0.9151297634529044,0.0764702558517456,74.0,f1,0.91807371975084
Coauthor-CS,SDRF,gat,12359,0.1,0.9318243796018544,0.91690318491531,0.9345514044177802,0.9172728512260432,0.0697551742196083,82.0,f1,0.91690318491531
Coauthor-CS,SDRF,gat,12359,0.25,0.9315516771202618,0.9165956949479492,0.935369511862558,0.918506869207084,0.0662163347005844,89.0,f1,0.9165956949479492
Coauthor-CS,SDRF,gat,12359,0.4,0.9312789746386692,0.916646178687454,0.9340059994545952,0.916422806778167,0.0741728544235229,78.0,f1,0.916646178687454
Coauthor-CS,SDRF,gat,12359,0.55,0.9310062721570768,0.9160507993481832,0.9340059994545952,0.9165358357637866,0.0727524310350418,80.0,f1,0.9160507993481832
Coauthor-CS,SDRF,gat,12360,0.0,0.9334605944914098,0.9182646619771806,0.932642487046632,0.918203719201502,0.0614755153656005,95.0,f1,0.9182646619771806
Coauthor-CS,SDRF,gat,12360,0.1,0.9323697845650396,0.916539516893445,0.9318243796018544,0.9192561705990784,0.0654551163315773,89.0,f1,0.916539516893445
Coauthor-CS,SDRF,gat,12360,0.25,0.9315516771202618,0.9157191119335242,0.932097082083447,0.9192662549703908,0.0689039230346679,88.0,f1,0.9157191119335242
Coauthor-CS,SDRF,gat,12360,0.4,0.9318243796018544,0.9162122279238653,0.9315516771202618,0.919245711896677,0.0659369751811027,89.0,f1,0.9162122279238653
Coauthor-CS,SDRF,gat,12360,0.55,0.932097082083447,0.9159429360797212,0.9312789746386692,0.9193803997556363,0.0650396794080734,90.0,f1,0.9159429360797212
Coauthor-CS,SDRF,gat,12361,0.0,0.9361876193073356,0.9180570953912928,0.9266430324515952,0.9120815590456722,0.0666732117533683,85.0,f1,0.9180570953912928
Coauthor-CS,SDRF,gat,12361,0.1,0.9364603217889282,0.919353291585616,0.9260976274884102,0.911421475752017,0.0672059431672096,86.0,f1,0.919353291585616
Coauthor-CS,SDRF,gat,12361,0.25,0.937278429233706,0.9195223821088468,0.926915734933188,0.912161136497672,0.0692856609821319,85.0,f1,0.9195223821088468
Coauthor-CS,SDRF,gat,12361,0.4,0.937278429233706,0.9196214211130794,0.9263703299700028,0.9124557080816088,0.0690841898322105,86.0,f1,0.9196214211130794
Coauthor-CS,SDRF,gat,12361,0.55,0.9378238341968912,0.9200435517214968,0.9258249250068176,0.9111276890463492,0.0700962617993354,84.0,f1,0.9200435517214968
Coauthor-CS,SDRF,gat,12362,0.0,0.930733569675484,0.916263427469972,0.9285519498227434,0.913034319390455,0.0905270203948021,63.0,f1,0.916263427469972
Coauthor-CS,SDRF,gat,12362,0.1,0.9301881647122988,0.9164451864546987,0.9277338423779656,0.9118710117558764,0.0822058320045471,73.0,f1,0.9164451864546987
Coauthor-CS,SDRF,gat,12362,0.25,0.9304608671938914,0.9174248206866416,0.9290973547859286,0.9138248474873236,0.0794726759195327,74.0,f1,0.9174248206866416
Coauthor-CS,SDRF,gat,12362,0.4,0.9304608671938914,0.9167465621565218,0.9271884374147804,0.9114167494698888,0.0915250107645988,63.0,f1,0.9167465621565218
Coauthor-CS,SDRF,gat,12362,0.55,0.9301881647122988,0.9164294896806257,0.9266430324515952,0.9108801108049392,0.0919782742857933,62.0,f1,0.9164294896806257
Coauthor-CS,SDRF,gat,12363,0.0,0.935369511862558,0.921003734403272,0.9375511317152986,0.9264408963297172,0.0595851615071296,97.0,f1,0.921003734403272
Coauthor-CS,SDRF,gat,12363,0.1,0.9359149168257432,0.9221816387724416,0.9361876193073356,0.9236986868166894,0.0638178959488868,93.0,f1,0.9221816387724416
Coauthor-CS,SDRF,gat,12363,0.25,0.9361876193073356,0.9228076581989576,0.9367330242705209,0.9259709451557988,0.0651110261678695,93.0,f1,0.9228076581989576
Coauthor-CS,SDRF,gat,12363,0.4,0.9350968093809654,0.9216952392362184,0.9370057267521136,0.9259104902922514,0.0637818500399589,96.0,f1,0.9216952392362184
Coauthor-CS,SDRF,gat,12363,0.55,0.9348241068993728,0.9218470721089094,0.9378238341968912,0.9271953491452026,0.0644266307353973,94.0,f1,0.9218470721089094
Coauthor-CS,SDRF,gat,12364,0.0,0.9315516771202618,0.917240715601961,0.9304608671938914,0.913194397908862,0.0843011960387229,66.0,f1,0.917240715601961
Coauthor-CS,SDRF,gat,12364,0.1,0.9318243796018544,0.9171789860529336,0.9301881647122988,0.9129069169244272,0.0850953161716461,65.0,f1,0.9171789860529336
Coauthor-CS,SDRF,gat,12364,0.25,0.9318243796018544,0.917403263005834,0.9296427597491136,0.9124246595051384,0.0869162306189537,64.0,f1,0.917403263005834
Coauthor-CS,SDRF,gat,12364,0.4,0.9318243796018544,0.917428573762471,0.9293700572675212,0.9117267831868044,0.0854009687900543,65.0,f1,0.917428573762471
Coauthor-CS,SDRF,gat,12364,0.55,0.9310062721570768,0.9166584185554812,0.9285519498227434,0.9113668458487848,0.0874678194522857,64.0,f1,0.9166584185554812
Coauthor-CS,SDRF,gat,12365,0.0,0.9334605944914098,0.9202134118751548,0.9334605944914098,0.9155881165672094,0.0641021504998207,93.0,f1,0.9202134118751548
Coauthor-CS,SDRF,gat,12365,0.1,0.9310062721570768,0.9185821726735368,0.9340059994545952,0.916584492644687,0.075822114944458,78.0,f1,0.9185821726735368
Coauthor-CS,SDRF,gat,12365,0.25,0.930733569675484,0.9182697895171148,0.9334605944914098,0.9165865211337602,0.0752693191170692,79.0,f1,0.9182697895171148
Coauthor-CS,SDRF,gat,12365,0.4,0.9312789746386692,0.9179635096736036,0.9342787019361876,0.91684451275563,0.0661756619811058,91.0,f1,0.9179635096736036
Coauthor-CS,SDRF,gat,12365,0.55,0.9315516771202618,0.91807667329164,0.9345514044177802,0.917522170892216,0.0668589249253273,90.0,f1,0.91807667329164
Coauthor-CS,SDRF,gat,12366,0.0,0.9383692391600764,0.9299748780300158,0.9312789746386692,0.91946775838547,0.0743083506822586,86.0,f1,0.9299748780300158
Coauthor-CS,SDRF,gat,12366,0.1,0.9383692391600764,0.930047223322838,0.9312789746386692,0.919107447576316,0.0732058435678482,89.0,f1,0.930047223322838
Coauthor-CS,SDRF,gat,12366,0.25,0.9380965366784838,0.9294762624883144,0.9312789746386692,0.919249589414642,0.0744945853948593,88.0,f1,0.9294762624883144
Coauthor-CS,SDRF,gat,12366,0.4,0.9380965366784838,0.9293129153368138,0.930733569675484,0.918891043853187,0.0738011747598648,89.0,f1,0.9293129153368138
Coauthor-CS,SDRF,gat,12366,0.55,0.9386419416416688,0.9296779160360872,0.9310062721570768,0.9198061853468036,0.0745814740657806,88.0,f1,0.9296779160360872
Coauthor-CS,SDRF,gat,12367,0.0,0.9285519498227434,0.9162333820970008,0.9340059994545952,0.9103205070304322,0.0970033109188079,62.0,f1,0.9162333820970008
Coauthor-CS,SDRF,gat,12367,0.1,0.9301881647122988,0.916606354782606,0.9350968093809654,0.9126474848868932,0.0855994895100593,73.0,f1,0.916606354782606
Coauthor-CS,SDRF,gat,12367,0.25,0.928824652304336,0.916400704717982,0.9310062721570768,0.9082572373920488,0.0983755216002464,63.0,f1,0.916400704717982
Coauthor-CS,SDRF,gat,12367,0.4,0.9293700572675212,0.9170829402525372,0.9318243796018544,0.9091956417266848,0.0996257662773132,63.0,f1,0.9170829402525372
Coauthor-CS,SDRF,gat,12367,0.55,0.9310062721570768,0.9167840282464844,0.9340059994545952,0.9117227611265938,0.0913616195321083,71.0,f1,0.9167840282464844
Coauthor-CS,SDRF,gat,12368,0.0,0.9364603217889282,0.9212275452195812,0.9304608671938914,0.9077881927187548,0.0749716460704803,78.0,f1,0.9212275452195812
Coauthor-CS,SDRF,gat,12368,0.1,0.935369511862558,0.9200764994455266,0.9293700572675212,0.9040691695488152,0.0702008008956909,85.0,f1,0.9200764994455266
Coauthor-CS,SDRF,gat,12368,0.25,0.9350968093809654,0.9205998132986152,0.9304608671938914,0.9080006774396064,0.0756852924823761,78.0,f1,0.9205998132986152
Coauthor-CS,SDRF,gat,12368,0.4,0.9350968093809654,0.9204497132895908,0.9301881647122988,0.9073286364084184,0.0756292045116424,78.0,f1,0.9204497132895908
Coauthor-CS,SDRF,gat,12368,0.55,0.9342787019361876,0.920246710746644,0.9301881647122988,0.9070166793652956,0.0741170421242713,80.0,f1,0.920246710746644
Coauthor-CS,SDRF,gat,12369,0.0,0.9397327515680391,0.9231364436397744,0.9329151895282248,0.9162471628243976,0.0695869252085685,87.0,f1,0.9231364436397744
Coauthor-CS,SDRF,gat,12369,0.1,0.9394600490864466,0.9233395681123908,0.932097082083447,0.9151431315831738,0.0701201409101486,87.0,f1,0.9233395681123908
Coauthor-CS,SDRF,gat,12369,0.25,0.9383692391600764,0.9224615278720985,0.9304608671938914,0.91274958847151,0.0701605156064033,88.0,f1,0.9224615278720985
Coauthor-CS,SDRF,gat,12369,0.4,0.9380965366784838,0.9221672712740164,0.9304608671938914,0.9134807175464768,0.0722844377160072,85.0,f1,0.9221672712740164
Coauthor-CS,SDRF,gat,12369,0.55,0.9375511317152986,0.922013923300088,0.930733569675484,0.9133268014326336,0.0730036273598671,86.0,f1,0.922013923300088
Coauthor-CS,SDRF,gat,12370,0.0,0.9331878920098172,0.9155392372855308,0.937278429233706,0.924724008291736,0.0665574595332145,97.0,f1,0.9155392372855308
Coauthor-CS,SDRF,gat,12370,0.1,0.9342787019361876,0.9163228798162084,0.9370057267521136,0.9249755461489836,0.0691928341984748,94.0,f1,0.9163228798162084
Coauthor-CS,SDRF,gat,12370,0.25,0.9337332969730024,0.9160963753691224,0.9361876193073356,0.92371870732575,0.0675972402095794,96.0,f1,0.9160963753691224
Coauthor-CS,SDRF,gat,12370,0.4,0.9342787019361876,0.9160885530682568,0.9370057267521136,0.9250879786818312,0.0696227476000785,94.0,f1,0.9160885530682568
Coauthor-CS,SDRF,gat,12370,0.55,0.9337332969730024,0.9157322281638638,0.935369511862558,0.9234369406230136,0.0679363086819648,95.0,f1,0.9157322281638638
Coauthor-CS,SDRF,gat,12371,0.0,0.9375511317152986,0.9294650157092302,0.9299154622307064,0.9122137031884898,0.0788110643625259,81.0,f1,0.9294650157092302
Coauthor-CS,SDRF,gat,12371,0.1,0.9378238341968912,0.9295028445975692,0.9304608671938914,0.913696413791894,0.0794925093650817,80.0,f1,0.9295028445975692
Coauthor-CS,SDRF,gat,12371,0.25,0.9378238341968912,0.9300746645847788,0.9301881647122988,0.9133165592906736,0.0799623131752014,81.0,f1,0.9300746645847788
Coauthor-CS,SDRF,gat,12371,0.4,0.9380965366784838,0.9291449411400368,0.9310062721570768,0.9136581551330888,0.0744809508323669,86.0,f1,0.9291449411400368
Coauthor-CS,SDRF,gat,12371,0.55,0.9367330242705209,0.928907293885027,0.9299154622307064,0.9132389831827804,0.0815612897276878,78.0,f1,0.928907293885027
Coauthor-CS,SDRF,gat,12372,0.0,0.935369511862558,0.9192394964759278,0.927461139896373,0.9132710950803806,0.076554499566555,86.0,f1,0.9192394964759278
Coauthor-CS,SDRF,gat,12372,0.1,0.935369511862558,0.9181184140917796,0.9258249250068176,0.9108380393578708,0.0907345414161682,69.0,f1,0.9181184140917796
Coauthor-CS,SDRF,gat,12372,0.25,0.9356422143441504,0.9185237566979604,0.9258249250068176,0.9113959539440492,0.0909488126635551,69.0,f1,0.9185237566979604
Coauthor-CS,SDRF,gat,12372,0.4,0.935369511862558,0.9183301498461572,0.926915734933188,0.9123805705968928,0.0912533551454544,69.0,f1,0.9183301498461572
Coauthor-CS,SDRF,gat,12372,0.55,0.9350968093809654,0.9181317460732636,0.9266430324515952,0.9124972159461548,0.09135552495718,69.0,f1,0.9181317460732636
Coauthor-CS,SDRF,gat,12373,0.0,0.9282792473411507,0.9111022592864628,0.9331878920098172,0.920143290409336,0.0729167982935905,82.0,f1,0.9111022592864628
Coauthor-CS,SDRF,gat,12373,0.1,0.926915734933188,0.9113282514686516,0.9323697845650396,0.9197445320195992,0.0823418274521827,71.0,f1,0.9113282514686516
Coauthor-CS,SDRF,gat,12373,0.25,0.9277338423779656,0.912445419189808,0.932097082083447,0.9195270653587524,0.0803335160017013,74.0,f1,0.912445419189808
Coauthor-CS,SDRF,gat,12373,0.4,0.9277338423779656,0.9119638981608886,0.9329151895282248,0.9208717933982334,0.078067772090435,77.0,f1,0.9119638981608886
Coauthor-CS,SDRF,gat,12373,0.55,0.926915734933188,0.9112453534697352,0.932097082083447,0.920001118544519,0.0778253674507141,75.0,f1,0.9112453534697352
Coauthor-CS,SDRF,gat,12374,0.0,0.9312789746386692,0.9146663694935402,0.9350968093809654,0.9249294551298848,0.0689409002661705,87.0,f1,0.9146663694935402
Coauthor-CS,SDRF,gat,12374,0.1,0.9310062721570768,0.9150431660516622,0.9337332969730024,0.9237691611911854,0.0704024359583854,85.0,f1,0.9150431660516622
Coauthor-CS,SDRF,gat,12374,0.25,0.9304608671938914,0.91494236799845,0.9345514044177802,0.9243026201139376,0.0724489018321037,84.0,f1,0.91494236799845
Coauthor-CS,SDRF,gat,12374,0.4,0.930733569675484,0.914682583527064,0.9348241068993728,0.9242003677926388,0.0705566853284835,85.0,f1,0.914682583527064
Coauthor-CS,SDRF,gat,12374,0.55,0.932097082083447,0.9141019352097473,0.9345514044177802,0.9244859998001078,0.0681355968117713,89.0,f1,0.9141019352097473
Coauthor-CS,DiffWire CT,gcn,12345,,0.9135533133351512,0.8928719010776668,0.9089173711480776,0.8910936238090613,0.3231977820396423,253.0,f1,0.8928719010776668
Coauthor-CS,DiffWire CT,gcn,12346,,0.9089173711480776,0.887512396454614,0.9162803381510772,0.899578358936914,0.3097158670425415,315.0,f1,0.887512396454614
Coauthor-CS,DiffWire CT,gcn,12347,,0.9135533133351512,0.8910779961001634,0.9154622307062994,0.8898525689631588,0.3044365048408508,289.0,f1,0.8910779961001634
Coauthor-CS,DiffWire CT,gcn,12348,,0.90919007362967,0.8925524701584836,0.9034633215162258,0.881981179850334,0.3698768615722656,172.0,f1,0.8925524701584836
Coauthor-CS,DiffWire CT,gcn,12349,,0.9181892555222252,0.8957593395474118,0.9089173711480776,0.8855060685813333,0.3073962926864624,293.0,f1,0.8957593395474118
Coauthor-CS,DiffWire CT,gcn,12350,,0.9135533133351512,0.8959407482618632,0.907281156258522,0.8878164655220566,0.4210261702537536,142.0,f1,0.8959407482618632
Coauthor-CS,DiffWire CT,gcn,12351,,0.9154622307062994,0.895888213145187,0.9165530406326696,0.8981753665078952,0.3183483183383941,250.0,f1,0.895888213145187
Coauthor-CS,DiffWire CT,gcn,12352,,0.9179165530406328,0.8972333829669284,0.9116443959640032,0.8913956532479623,0.2942991852760315,388.0,f1,0.8972333829669284
Coauthor-CS,DiffWire CT,gcn,12353,,0.9127352058903736,0.8977611883057377,0.9121898009271884,0.8906736724301111,0.3048023581504822,372.0,f1,0.8977611883057377
Coauthor-CS,DiffWire CT,gcn,12354,,0.9149168257431144,0.8904608401741534,0.9173711480774476,0.8936614525244806,0.3116500377655029,308.0,f1,0.8904608401741534
Coauthor-CS,DiffWire CT,gcn,12355,,0.911098991000818,0.8893263037488539,0.913826015816744,0.8949406332322748,0.2956055104732513,334.0,f1,0.8893263037488539
Coauthor-CS,DiffWire CT,gcn,12356,,0.9127352058903736,0.8945006046104325,0.9225524952277064,0.9087121858296804,0.3131026029586792,321.0,f1,0.8945006046104325
Coauthor-CS,DiffWire CT,gcn,12357,,0.9105535860376328,0.8876064359204439,0.9121898009271884,0.8931624386193627,0.3356274664402008,195.0,f1,0.8876064359204439
Coauthor-CS,DiffWire CT,gcn,12358,,0.9083719661848922,0.8832961035223542,0.9143714207799292,0.8959806471583863,0.2943937182426452,370.0,f1,0.8832961035223542
Coauthor-CS,DiffWire CT,gcn,12359,,0.9149168257431144,0.8979564523121952,0.9160076356694846,0.8968652936810336,0.3250129222869873,222.0,f1,0.8979564523121952
Coauthor-CS,DiffWire CT,gcn,12360,,0.9149168257431144,0.8960348415844381,0.9116443959640032,0.8931394815711425,0.3751204013824463,162.0,f1,0.8960348415844381
Coauthor-CS,DiffWire CT,gcn,12361,,0.9187346604854104,0.899951849671273,0.9067357512953368,0.8916994931820478,0.3042132556438446,363.0,f1,0.899951849671273
Coauthor-CS,DiffWire CT,gcn,12362,,0.917098445595855,0.8999343720327241,0.9143714207799292,0.902044979944682,0.2994152903556824,306.0,f1,0.8999343720327241
Coauthor-CS,DiffWire CT,gcn,12363,,0.9130079083719662,0.8932599827990605,0.913826015816744,0.8958980711548395,0.3242197334766388,251.0,f1,0.8932599827990605
Coauthor-CS,DiffWire CT,gcn,12364,,0.9097354785928552,0.890136234611422,0.9151895282247068,0.8932434040153565,0.2956315279006958,367.0,f1,0.890136234611422
Coauthor-CS,DiffWire CT,gcn,12365,,0.9121898009271884,0.894316173896865,0.9211889828197436,0.904518098392359,0.2968760132789612,353.0,f1,0.894316173896865
Coauthor-CS,DiffWire CT,gcn,12366,,0.9149168257431144,0.9008909744747438,0.9086446686664847,0.8889803924223073,0.3133135139942169,259.0,f1,0.9008909744747438
Coauthor-CS,DiffWire CT,gcn,12367,,0.9132806108535588,0.8924672145089565,0.9127352058903736,0.8858476475333652,0.2982633709907532,378.0,f1,0.8924672145089565
Coauthor-CS,DiffWire CT,gcn,12368,,0.911098991000818,0.8911755487660694,0.9149168257431144,0.891803350336265,0.3077280521392822,282.0,f1,0.8911755487660694
Coauthor-CS,DiffWire CT,gcn,12369,,0.917098445595855,0.8961731799104787,0.9187346604854104,0.9000904942541411,0.3100495040416717,353.0,f1,0.8961731799104787
Coauthor-CS,DiffWire CT,gcn,12370,,0.9154622307062994,0.8907417024413403,0.9140987182983366,0.8943979288002807,0.3066200315952301,357.0,f1,0.8907417024413403
Coauthor-CS,DiffWire CT,gcn,12371,,0.9181892555222252,0.9048035861556628,0.9130079083719662,0.8907359111442212,0.3481031954288482,194.0,f1,0.9048035861556628
Coauthor-CS,DiffWire CT,gcn,12372,,0.9154622307062994,0.8998453715383822,0.9130079083719662,0.8948386039812468,0.320120096206665,255.0,f1,0.8998453715383822
Coauthor-CS,DiffWire CT,gcn,12373,,0.9143714207799292,0.8923620690417096,0.9160076356694846,0.9023224535910496,0.3013695776462555,342.0,f1,0.8923620690417096
Coauthor-CS,DiffWire CT,gcn,12374,,0.9064630488137442,0.8887981636596117,0.9127352058903736,0.8959669102756356,0.3373973369598388,214.0,f1,0.8887981636596117
Cora,SDRF,gcn,12345,0.0,0.8763837638376384,0.8654968509371529,0.8523985239852399,0.8549635540241471,0.1468682140111923,263.0,f1,0.8654968509371529
Cora,SDRF,gcn,12345,0.1,0.8708487084870848,0.8615702739688667,0.8450184501845018,0.8455055268479258,0.1800610721111297,146.0,f1,0.8615702739688667
Cora,SDRF,gcn,12345,0.25,0.8726937269372693,0.8581997239286242,0.8450184501845018,0.8420051195039608,0.1968171745538711,142.0,f1,0.8581997239286242
Cora,SDRF,gcn,12345,0.4,0.8671586715867159,0.8520949850785985,0.8431734317343174,0.8402891476776928,0.2084866166114807,126.0,f1,0.8520949850785985
Cora,SDRF,gcn,12345,0.55,0.8690036900369004,0.8520629383294521,0.8505535055350554,0.8436203608184616,0.2241349667310714,80.0,f1,0.8520629383294521
Cora,SDRF,gcn,12346,0.0,0.8708487084870848,0.8680377654404813,0.8542435424354243,0.8396545598625513,0.2331230789422989,54.0,f1,0.8680377654404813
Cora,SDRF,gcn,12346,0.1,0.8634686346863468,0.8580648407688434,0.8560885608856088,0.8315990358847501,0.3546148240566253,44.0,f1,0.8580648407688434
Cora,SDRF,gcn,12346,0.25,0.8634686346863468,0.8569272712895282,0.8560885608856088,0.8407594069431218,0.1834168285131454,206.0,f1,0.8569272712895282
Cora,SDRF,gcn,12346,0.4,0.8671586715867159,0.8591100419161316,0.8523985239852399,0.8336260423636873,0.1957107186317443,133.0,f1,0.8591100419161316
Cora,SDRF,gcn,12346,0.55,0.8671586715867159,0.8591100419161316,0.8431734317343174,0.8207966650330941,0.1996607780456543,133.0,f1,0.8591100419161316
Cora,SDRF,gcn,12347,0.0,0.8800738007380073,0.8710024213930765,0.8929889298892989,0.8823900746936049,0.2248046547174453,58.0,f1,0.8710024213930765
Cora,SDRF,gcn,12347,0.1,0.8745387453874539,0.8626653210156088,0.8763837638376384,0.8555058547910502,0.3088748157024383,45.0,f1,0.8626653210156088
Cora,SDRF,gcn,12347,0.25,0.8726937269372693,0.8614045676673685,0.8819188191881919,0.8665756767140396,0.2525065541267395,58.0,f1,0.8614045676673685
Cora,SDRF,gcn,12347,0.4,0.8708487084870848,0.8592129128210553,0.8745387453874539,0.8592803279990437,0.3108635544776916,48.0,f1,0.8592129128210553
Cora,SDRF,gcn,12347,0.55,0.8671586715867159,0.8575277006733053,0.8782287822878229,0.8600129698428967,0.2637630403041839,58.0,f1,0.8575277006733053
Cora,SDRF,gcn,12348,0.0,0.8745387453874539,0.8645503241686899,0.8763837638376384,0.8648756389615136,0.1731484830379486,185.0,f1,0.8645503241686899
Cora,SDRF,gcn,12348,0.1,0.8690036900369004,0.8534765725433963,0.8837638376383764,0.8666079952486284,0.3467389047145843,46.0,f1,0.8534765725433963
Cora,SDRF,gcn,12348,0.25,0.8634686346863468,0.852643094225083,0.8800738007380073,0.8677017196100248,0.1933653950691223,241.0,f1,0.852643094225083
Cora,SDRF,gcn,12348,0.4,0.8616236162361623,0.8516025019148754,0.8856088560885609,0.8791386746589046,0.2181707620620727,111.0,f1,0.8516025019148754
Cora,SDRF,gcn,12348,0.55,0.8634686346863468,0.8534064601959565,0.8800738007380073,0.8694355457585577,0.207107663154602,241.0,f1,0.8534064601959565
Cora,SDRF,gcn,12349,0.0,0.8653136531365314,0.8578927910631419,0.8837638376383764,0.8678261898437818,0.1772269755601883,195.0,f1,0.8578927910631419
Cora,SDRF,gcn,12349,0.1,0.8597785977859779,0.8520238595938122,0.8800738007380073,0.8684694687991562,0.232303962111473,74.0,f1,0.8520238595938122
Cora,SDRF,gcn,12349,0.25,0.8597785977859779,0.8521786884602538,0.8782287822878229,0.8648347400590188,0.2314462214708328,73.0,f1,0.8521786884602538
Cora,SDRF,gcn,12349,0.4,0.8579335793357934,0.8489707575826808,0.8782287822878229,0.8648048521968613,0.2346622049808502,73.0,f1,0.8489707575826808
Cora,SDRF,gcn,12349,0.55,0.8579335793357934,0.8460820918324478,0.8782287822878229,0.8638634934187296,0.2282496094703674,108.0,f1,0.8460820918324478
Cora,SDRF,gcn,12350,0.0,0.8690036900369004,0.8528619812175284,0.8966789667896679,0.8966557159453579,0.1809141933917999,155.0,f1,0.8528619812175284
Cora,SDRF,gcn,12350,0.1,0.8597785977859779,0.8392742390914345,0.8690036900369004,0.8677986900614939,0.1762524247169494,293.0,f1,0.8392742390914345
Cora,SDRF,gcn,12350,0.25,0.8597785977859779,0.8392919682116748,0.8671586715867159,0.8656118161730939,0.1956404447555542,144.0,f1,0.8392919682116748
Cora,SDRF,gcn,12350,0.4,0.8616236162361623,0.8404892437976935,0.8708487084870848,0.8681995268853002,0.1807554960250854,293.0,f1,0.8404892437976935
Cora,SDRF,gcn,12350,0.55,0.8597785977859779,0.8388125833767529,0.8690036900369004,0.8643187115348022,0.1858043074607849,297.0,f1,0.8388125833767529
Cora,SDRF,gcn,12351,0.0,0.8763837638376384,0.8701672490876821,0.8800738007380073,0.87483021250739,0.2547332644462585,53.0,f1,0.8701672490876821
Cora,SDRF,gcn,12351,0.1,0.8763837638376384,0.8676518020886278,0.8708487084870848,0.8571354410103186,0.2424781173467636,66.0,f1,0.8676518020886278
Cora,SDRF,gcn,12351,0.25,0.8763837638376384,0.8648846262199805,0.8690036900369004,0.8525100993782839,0.2517707347869873,66.0,f1,0.8648846262199805
Cora,SDRF,gcn,12351,0.4,0.8708487084870848,0.8623567373737254,0.8616236162361623,0.8472385832415006,0.3211020529270172,50.0,f1,0.8623567373737254
Cora,SDRF,gcn,12351,0.55,0.8726937269372693,0.8602342307918499,0.8653136531365314,0.8483909974414866,0.2593264281749725,66.0,f1,0.8602342307918499
Cora,SDRF,gcn,12352,0.0,0.8837638376383764,0.8734996103919358,0.8690036900369004,0.8513164105479623,0.2023888230323791,66.0,f1,0.8734996103919358
Cora,SDRF,gcn,12352,0.1,0.8782287822878229,0.8641773789077175,0.8671586715867159,0.8496002114370219,0.2551890313625335,55.0,f1,0.8641773789077175
Cora,SDRF,gcn,12352,0.25,0.8745387453874539,0.8615380701526314,0.8634686346863468,0.8495621965483114,0.1873282790184021,184.0,f1,0.8615380701526314
Cora,SDRF,gcn,12352,0.4,0.8726937269372693,0.8581092731970673,0.8597785977859779,0.843183257650822,0.1957588940858841,139.0,f1,0.8581092731970673
Cora,SDRF,gcn,12352,0.55,0.8708487084870848,0.857700006429755,0.8505535055350554,0.8360536736364877,0.1981354653835296,187.0,f1,0.857700006429755
Cora,SDRF,gcn,12353,0.0,0.8800738007380073,0.8848979608549159,0.8874538745387454,0.8722392479523654,0.1661748588085174,243.0,f1,0.8848979608549159
Cora,SDRF,gcn,12353,0.1,0.8745387453874539,0.8783339893046053,0.8819188191881919,0.8649886712182429,0.2170492261648178,100.0,f1,0.8783339893046053
Cora,SDRF,gcn,12353,0.25,0.8763837638376384,0.877158144062882,0.8763837638376384,0.8620526016533827,0.2234487235546112,89.0,f1,0.877158144062882
Cora,SDRF,gcn,12353,0.4,0.8782287822878229,0.8786530360690902,0.8745387453874539,0.8590477276650963,0.224461555480957,89.0,f1,0.8786530360690902
Cora,SDRF,gcn,12353,0.55,0.8782287822878229,0.8801312498224263,0.8708487084870848,0.8507381423595481,0.2592152655124664,70.0,f1,0.8801312498224263
Cora,SDRF,gcn,12354,0.0,0.8394833948339483,0.8231405177167169,0.8708487084870848,0.857579354508554,0.1933081299066543,64.0,f1,0.8231405177167169
Cora,SDRF,gcn,12354,0.1,0.8339483394833949,0.8137702706590221,0.8782287822878229,0.8644274074845582,0.2160078734159469,64.0,f1,0.8137702706590221
Cora,SDRF,gcn,12354,0.25,0.8376383763837638,0.8161517106103952,0.8708487084870848,0.8600697316056843,0.196715161204338,101.0,f1,0.8161517106103952
Cora,SDRF,gcn,12354,0.4,0.8357933579335793,0.8140130353751898,0.8690036900369004,0.8528375708526312,0.2257847189903259,68.0,f1,0.8140130353751898
Cora,SDRF,gcn,12354,0.55,0.8376383763837638,0.8169518469740508,0.8671586715867159,0.8546611388692303,0.2386247664690017,79.0,f1,0.8169518469740508
Cora,SDRF,gcn,12355,0.0,0.8726937269372693,0.8623703390566193,0.8892988929889298,0.8786915531795036,0.1763155162334442,153.0,f1,0.8623703390566193
Cora,SDRF,gcn,12355,0.1,0.8579335793357934,0.8449901286012643,0.8837638376383764,0.8732549728737407,0.1952026039361953,117.0,f1,0.8449901286012643
Cora,SDRF,gcn,12355,0.25,0.8542435424354243,0.8412438050717784,0.8856088560885609,0.8726844757984393,0.2161309570074081,95.0,f1,0.8412438050717784
Cora,SDRF,gcn,12355,0.4,0.8523985239852399,0.8408594473050645,0.8819188191881919,0.872644026180273,0.218847170472145,94.0,f1,0.8408594473050645
Cora,SDRF,gcn,12355,0.55,0.8523985239852399,0.8360137804624845,0.8929889298892989,0.8818916986350688,0.2553450465202331,70.0,f1,0.8360137804624845
Cora,SDRF,gcn,12356,0.0,0.8782287822878229,0.8720288055329394,0.8653136531365314,0.8625116270285016,0.1719287037849426,158.0,f1,0.8720288055329394
Cora,SDRF,gcn,12356,0.1,0.8634686346863468,0.8486473131762826,0.8560885608856088,0.8478046052352876,0.195373922586441,129.0,f1,0.8486473131762826
Cora,SDRF,gcn,12356,0.25,0.8690036900369004,0.8553434146989155,0.8634686346863468,0.8569466168103927,0.2263344973325729,78.0,f1,0.8553434146989155
Cora,SDRF,gcn,12356,0.4,0.8690036900369004,0.8576878560942401,0.8634686346863468,0.8556749294491689,0.2425822168588638,76.0,f1,0.8576878560942401
Cora,SDRF,gcn,12356,0.55,0.8671586715867159,0.8550152829503961,0.8505535055350554,0.8355998861315871,0.234141319990158,93.0,f1,0.8550152829503961
Cora,SDRF,gcn,12357,0.0,0.8690036900369004,0.8638101243159609,0.8763837638376384,0.8659107384406991,0.1786670535802841,116.0,f1,0.8638101243159609
Cora,SDRF,gcn,12357,0.1,0.8634686346863468,0.8579849731986611,0.8726937269372693,0.8661233872637556,0.2779546976089477,53.0,f1,0.8579849731986611
Cora,SDRF,gcn,12357,0.25,0.8634686346863468,0.8562347485090338,0.8726937269372693,0.857636799885972,0.2163658142089843,102.0,f1,0.8562347485090338
Cora,SDRF,gcn,12357,0.4,0.8634686346863468,0.8558316771908506,0.8708487084870848,0.855591677504959,0.2178398519754409,102.0,f1,0.8558316771908506
Cora,SDRF,gcn,12357,0.55,0.8579335793357934,0.8505451207099238,0.8671586715867159,0.8517979299410533,0.2307002991437912,100.0,f1,0.8505451207099238
Cora,SDRF,gcn,12358,0.0,0.8800738007380073,0.8635846061229768,0.8542435424354243,0.8255676675979029,0.2497757226228714,49.0,f1,0.8635846061229768
Cora,SDRF,gcn,12358,0.1,0.8782287822878229,0.867750043065221,0.8468634686346863,0.8154135319489632,0.2983727753162384,47.0,f1,0.867750043065221
Cora,SDRF,gcn,12358,0.25,0.8782287822878229,0.8684966288474062,0.8413284132841329,0.8070666538436548,0.3064852356910705,47.0,f1,0.8684966288474062
Cora,SDRF,gcn,12358,0.4,0.8800738007380073,0.870354751587459,0.8394833948339483,0.8049147071822313,0.3119420707225799,47.0,f1,0.870354751587459
Cora,SDRF,gcn,12358,0.55,0.8745387453874539,0.8623763665078376,0.8376383763837638,0.8033835486434394,0.3168901205062866,47.0,f1,0.8623763665078376
Cora,SDRF,gcn,12359,0.0,0.8892988929889298,0.8903396149238435,0.8634686346863468,0.855831773322903,0.1797398924827575,119.0,f1,0.8903396149238435
Cora,SDRF,gcn,12359,0.1,0.8856088560885609,0.8870458009823637,0.8450184501845018,0.8317567938359215,0.1851051598787307,158.0,f1,0.8870458009823637
Cora,SDRF,gcn,12359,0.25,0.8800738007380073,0.8795598670477842,0.8597785977859779,0.8411239290755191,0.2051586657762527,88.0,f1,0.8795598670477842
Cora,SDRF,gcn,12359,0.4,0.8837638376383764,0.8834492584807421,0.8579335793357934,0.8394882034755051,0.2089659422636032,88.0,f1,0.8834492584807421
Cora,SDRF,gcn,12359,0.55,0.8837638376383764,0.8815319809418334,0.8523985239852399,0.8370694686200194,0.2299562245607376,78.0,f1,0.8815319809418334
Cora,SDRF,gcn,12360,0.0,0.8856088560885609,0.8770351296213365,0.8708487084870848,0.8587978448746106,0.1755802780389785,140.0,f1,0.8770351296213365
Cora,SDRF,gcn,12360,0.1,0.8819188191881919,0.8701915749715882,0.8597785977859779,0.8380762297834655,0.2656887173652649,52.0,f1,0.8701915749715882
Cora,SDRF,gcn,12360,0.25,0.8800738007380073,0.8665249529476755,0.8542435424354243,0.8291307815730188,0.27132248878479,53.0,f1,0.8665249529476755
Cora,SDRF,gcn,12360,0.4,0.8800738007380073,0.8669247610902492,0.8523985239852399,0.8260913670716746,0.2750380635261535,53.0,f1,0.8669247610902492
Cora,SDRF,gcn,12360,0.55,0.8800738007380073,0.8675871860445509,0.8560885608856088,0.8313689120610384,0.2793270647525787,53.0,f1,0.8675871860445509
Cora,SDRF,gcn,12361,0.0,0.8690036900369004,0.85987326746183,0.8671586715867159,0.8506795679209131,0.1687857210636139,116.0,f1,0.85987326746183
Cora,SDRF,gcn,12361,0.1,0.8653136531365314,0.8529968605661093,0.8450184501845018,0.8264428082457628,0.2193335890769958,68.0,f1,0.8529968605661093
Cora,SDRF,gcn,12361,0.25,0.8542435424354243,0.8471118279053643,0.8376383763837638,0.8231725717207665,0.2323655784130096,60.0,f1,0.8471118279053643
Cora,SDRF,gcn,12361,0.4,0.8653136531365314,0.8530826673141176,0.8431734317343174,0.8246907002624023,0.1911039650440216,116.0,f1,0.8530826673141176
Cora,SDRF,gcn,12361,0.55,0.8616236162361623,0.848115289729712,0.8450184501845018,0.8255961347642681,0.1958762556314468,148.0,f1,0.848115289729712
Cora,SDRF,gcn,12362,0.0,0.8892988929889298,0.8838797017619747,0.8819188191881919,0.8725395960636245,0.2074338644742965,83.0,f1,0.8838797017619747
Cora,SDRF,gcn,12362,0.1,0.8782287822878229,0.8714356070715513,0.8726937269372693,0.8580539740944882,0.1919464766979217,163.0,f1,0.8714356070715513
Cora,SDRF,gcn,12362,0.25,0.8745387453874539,0.8683820211054858,0.8671586715867159,0.8513942595627618,0.1912248283624649,206.0,f1,0.8683820211054858
Cora,SDRF,gcn,12362,0.4,0.8745387453874539,0.8662643229047488,0.8616236162361623,0.8435747359067953,0.2192791402339935,93.0,f1,0.8662643229047488
Cora,SDRF,gcn,12362,0.55,0.8782287822878229,0.8685843508188967,0.8634686346863468,0.8457973214576703,0.2250534147024154,93.0,f1,0.8685843508188967
Cora,SDRF,gcn,12363,0.0,0.8800738007380073,0.8730870927807738,0.8579335793357934,0.8430362997489468,0.2467205822467804,47.0,f1,0.8730870927807738
Cora,SDRF,gcn,12363,0.1,0.8763837638376384,0.8660920438889173,0.8690036900369004,0.8476422996807154,0.4366101324558258,38.0,f1,0.8660920438889173
Cora,SDRF,gcn,12363,0.25,0.8726937269372693,0.8616135596941642,0.8616236162361623,0.8380820900511372,0.4289533495903015,39.0,f1,0.8616135596941642
Cora,SDRF,gcn,12363,0.4,0.8726937269372693,0.861049264524018,0.8634686346863468,0.8409478702665919,0.434698611497879,39.0,f1,0.861049264524018
Cora,SDRF,gcn,12363,0.55,0.8745387453874539,0.8616218139895034,0.8616236162361623,0.839727519492931,0.4413306415081024,39.0,f1,0.8616218139895034
Cora,SDRF,gcn,12364,0.0,0.8690036900369004,0.8591310419827278,0.8671586715867159,0.8456769145194902,0.1768649816513061,162.0,f1,0.8591310419827278
Cora,SDRF,gcn,12364,0.1,0.8671586715867159,0.8522570095508504,0.8616236162361623,0.8385834196438473,0.1788482666015625,258.0,f1,0.8522570095508504
Cora,SDRF,gcn,12364,0.25,0.8634686346863468,0.8498808139991304,0.8653136531365314,0.8422497230543108,0.1934484839439392,259.0,f1,0.8498808139991304
Cora,SDRF,gcn,12364,0.4,0.8634686346863468,0.8477514632971995,0.8597785977859779,0.8359522262472673,0.193400964140892,240.0,f1,0.8477514632971995
Cora,SDRF,gcn,12364,0.55,0.8597785977859779,0.8424521305671918,0.8505535055350554,0.8214007385822999,0.2588209211826324,67.0,f1,0.8424521305671918
Cora,SDRF,gcn,12365,0.0,0.8763837638376384,0.8650829721915922,0.8837638376383764,0.876997250792043,0.1542941331863403,336.0,f1,0.8650829721915922
Cora,SDRF,gcn,12365,0.1,0.8745387453874539,0.863971208096731,0.8800738007380073,0.8675714522766839,0.1728270351886749,323.0,f1,0.863971208096731
Cora,SDRF,gcn,12365,0.25,0.8708487084870848,0.8591044541386756,0.8800738007380073,0.8682966196829982,0.1920724064111709,198.0,f1,0.8591044541386756
Cora,SDRF,gcn,12365,0.4,0.8671586715867159,0.8511315927947251,0.8800738007380073,0.8669872229828386,0.1881348043680191,210.0,f1,0.8511315927947251
Cora,SDRF,gcn,12365,0.55,0.8653136531365314,0.8497258019919522,0.8819188191881919,0.8710463358663263,0.1926318705081939,210.0,f1,0.8497258019919522
Cora,SDRF,gcn,12366,0.0,0.8874538745387454,0.8822366083500783,0.8653136531365314,0.85207503455976,0.1904611438512802,87.0,f1,0.8822366083500783
Cora,SDRF,gcn,12366,0.1,0.8856088560885609,0.8807874237461727,0.8579335793357934,0.8422907025865166,0.2096578329801559,87.0,f1,0.8807874237461727
Cora,SDRF,gcn,12366,0.25,0.8856088560885609,0.8751615843065955,0.8616236162361623,0.8470910856370532,0.185922160744667,129.0,f1,0.8751615843065955
Cora,SDRF,gcn,12366,0.4,0.8856088560885609,0.8774434791220921,0.8597785977859779,0.8457518190096477,0.2119951546192169,86.0,f1,0.8774434791220921
Cora,SDRF,gcn,12366,0.55,0.8837638376383764,0.8731331243120414,0.8653136531365314,0.8502750085889769,0.1914495676755905,128.0,f1,0.8731331243120414
Cora,SDRF,gcn,12367,0.0,0.8653136531365314,0.8582489238950364,0.8745387453874539,0.8618044538883444,0.1857827454805374,123.0,f1,0.8582489238950364
Cora,SDRF,gcn,12367,0.1,0.8653136531365314,0.8530170537444077,0.8542435424354243,0.8328029426017236,0.3058905899524688,48.0,f1,0.8530170537444077
Cora,SDRF,gcn,12367,0.25,0.8523985239852399,0.8460779505268847,0.8653136531365314,0.8498887724574843,0.1953304260969162,127.0,f1,0.8460779505268847
Cora,SDRF,gcn,12367,0.4,0.8523985239852399,0.8441686794332305,0.8487084870848709,0.8348392923249008,0.2021062821149826,120.0,f1,0.8441686794332305
Cora,SDRF,gcn,12367,0.55,0.8523985239852399,0.8407997862888268,0.8597785977859779,0.8405710542652426,0.2160441279411316,94.0,f1,0.8407997862888268
Cora,SDRF,gcn,12368,0.0,0.8763837638376384,0.8704547140149087,0.8634686346863468,0.8588408743017106,0.1699567586183548,141.0,f1,0.8704547140149087
Cora,SDRF,gcn,12368,0.1,0.8782287822878229,0.8671140258127169,0.8487084870848709,0.842422372051465,0.211108312010765,77.0,f1,0.8671140258127169
Cora,SDRF,gcn,12368,0.25,0.8726937269372693,0.8566567256763334,0.8505535055350554,0.8442401584941714,0.2167055606842041,76.0,f1,0.8566567256763334
Cora,SDRF,gcn,12368,0.4,0.8690036900369004,0.8573762220681979,0.8357933579335793,0.8313556374160095,0.2008074522018432,144.0,f1,0.8573762220681979
Cora,SDRF,gcn,12368,0.55,0.8690036900369004,0.8547956953909471,0.8413284132841329,0.8287964865949166,0.2046755403280258,103.0,f1,0.8547956953909471
Cora,SDRF,gcn,12369,0.0,0.8856088560885609,0.8765609201731246,0.8671586715867159,0.8453778668253883,0.174621894955635,154.0,f1,0.8765609201731246
Cora,SDRF,gcn,12369,0.1,0.8874538745387454,0.8792121756550745,0.8634686346863468,0.8398032930083975,0.1847324818372726,149.0,f1,0.8792121756550745
Cora,SDRF,gcn,12369,0.25,0.8856088560885609,0.875141834850616,0.8597785977859779,0.8341899945697965,0.2015336453914642,148.0,f1,0.875141834850616
Cora,SDRF,gcn,12369,0.4,0.8837638376383764,0.8731389123074383,0.8690036900369004,0.847224810795557,0.2281431704759597,70.0,f1,0.8731389123074383
Cora,SDRF,gcn,12369,0.55,0.8819188191881919,0.8744631870509298,0.8523985239852399,0.8256612725918703,0.2025496214628219,125.0,f1,0.8744631870509298
Cora,SDRF,gcn,12370,0.0,0.8726937269372693,0.8657865691952725,0.8782287822878229,0.8657887414780242,0.2146158218383789,66.0,f1,0.8657865691952725
Cora,SDRF,gcn,12370,0.1,0.8616236162361623,0.8551339085583892,0.8708487084870848,0.8591490607557393,0.2081881612539291,109.0,f1,0.8551339085583892
Cora,SDRF,gcn,12370,0.25,0.8616236162361623,0.8492639661852949,0.8708487084870848,0.8568760016428681,0.2110614329576492,108.0,f1,0.8492639661852949
Cora,SDRF,gcn,12370,0.4,0.8634686346863468,0.8514953297521529,0.8634686346863468,0.8528668139530425,0.2670641839504242,60.0,f1,0.8514953297521529
Cora,SDRF,gcn,12370,0.55,0.8597785977859779,0.8475159567105032,0.8653136531365314,0.8490146724502861,0.2327897548675537,92.0,f1,0.8475159567105032
Cora,SDRF,gcn,12371,0.0,0.8800738007380073,0.870797120157653,0.8874538745387454,0.8727300980254457,0.1736057102680206,288.0,f1,0.870797120157653
Cora,SDRF,gcn,12371,0.1,0.8800738007380073,0.8680776319948172,0.8874538745387454,0.8757407991680967,0.2070884853601455,131.0,f1,0.8680776319948172
Cora,SDRF,gcn,12371,0.25,0.8745387453874539,0.8643915593096035,0.8708487084870848,0.8554538659298178,0.2035715579986572,168.0,f1,0.8643915593096035
Cora,SDRF,gcn,12371,0.4,0.8800738007380073,0.8668561659858585,0.8800738007380073,0.8645445327778495,0.2222223281860351,113.0,f1,0.8668561659858585
Cora,SDRF,gcn,12371,0.55,0.8837638376383764,0.873669169057985,0.8856088560885609,0.8710068423104621,0.229019433259964,102.0,f1,0.873669169057985
Cora,SDRF,gcn,12372,0.0,0.8782287822878229,0.8685481879289311,0.8911439114391144,0.8872819762826784,0.2665724754333496,52.0,f1,0.8685481879289311
Cora,SDRF,gcn,12372,0.1,0.8745387453874539,0.8628452175458392,0.8874538745387454,0.8857859673498586,0.2989139556884765,52.0,f1,0.8628452175458392
Cora,SDRF,gcn,12372,0.25,0.8690036900369004,0.8597992862207964,0.8745387453874539,0.8743828137401326,0.1990304440259933,240.0,f1,0.8597992862207964
Cora,SDRF,gcn,12372,0.4,0.8745387453874539,0.8625955430906875,0.8800738007380073,0.8783392831069975,0.2234179675579071,118.0,f1,0.8625955430906875
Cora,SDRF,gcn,12372,0.55,0.8745387453874539,0.8637419517944522,0.8708487084870848,0.8631561686197111,0.2420256733894348,106.0,f1,0.8637419517944522
Cora,SDRF,gcn,12373,0.0,0.8911439114391144,0.8865123588666229,0.8579335793357934,0.8483636419417772,0.1610877811908722,231.0,f1,0.8865123588666229
Cora,SDRF,gcn,12373,0.1,0.8874538745387454,0.880699237415314,0.8579335793357934,0.8445413189258089,0.1868890672922134,129.0,f1,0.880699237415314
Cora,SDRF,gcn,12373,0.25,0.8856088560885609,0.8809632332414904,0.8560885608856088,0.8452934686487958,0.1841176003217697,187.0,f1,0.8809632332414904
Cora,SDRF,gcn,12373,0.4,0.8874538745387454,0.8804911316181581,0.8560885608856088,0.8485408525008863,0.1954164803028106,176.0,f1,0.8804911316181581
Cora,SDRF,gcn,12373,0.55,0.8837638376383764,0.877457586186039,0.8542435424354243,0.8409205127488769,0.2003442794084549,220.0,f1,0.877457586186039
Cora,SDRF,gcn,12374,0.0,0.8929889298892989,0.8854610340209238,0.8929889298892989,0.8835967993026406,0.2149384766817093,84.0,f1,0.8854610340209238
Cora,SDRF,gcn,12374,0.1,0.8929889298892989,0.8811530900931304,0.8837638376383764,0.8703112822367299,0.2287724316120147,87.0,f1,0.8811530900931304
Cora,SDRF,gcn,12374,0.25,0.8911439114391144,0.8792949003290544,0.8800738007380073,0.8728962099290792,0.2111015319824218,163.0,f1,0.8792949003290544
Cora,SDRF,gcn,12374,0.4,0.8911439114391144,0.8804081585957928,0.8763837638376384,0.868332325912105,0.2163957506418228,163.0,f1,0.8804081585957928
Cora,SDRF,gcn,12374,0.55,0.8911439114391144,0.8784867547822257,0.8745387453874539,0.860086526492475,0.2673097550868988,72.0,f1,0.8784867547822257
Cora,SDRF,sage,12345,0.0,0.8726937269372693,0.8618366130994225,0.8523985239852399,0.8489298533263752,0.1289575695991516,144.0,f1,0.8618366130994225
Cora,SDRF,sage,12345,0.1,0.8708487084870848,0.8587039560578092,0.8505535055350554,0.8446168823071217,0.1489557921886444,132.0,f1,0.8587039560578092
Cora,SDRF,sage,12345,0.25,0.8671586715867159,0.8549496305829949,0.8542435424354243,0.8488025768354769,0.1361606568098068,157.0,f1,0.8549496305829949
Cora,SDRF,sage,12345,0.4,0.8671586715867159,0.8555254178148487,0.8487084870848709,0.8440788752946633,0.0913059189915657,277.0,f1,0.8555254178148487
Cora,SDRF,sage,12345,0.55,0.8671586715867159,0.8545418203945871,0.8542435424354243,0.8470435229694964,0.1623566597700119,128.0,f1,0.8545418203945871
Cora,SDRF,sage,12346,0.0,0.8634686346863468,0.8574548980633904,0.8708487084870848,0.8603204981626155,0.1806259900331497,94.0,f1,0.8574548980633904
Cora,SDRF,sage,12346,0.1,0.8597785977859779,0.8529116023691297,0.8616236162361623,0.8477572579503104,0.2540583610534668,69.0,f1,0.8529116023691297
Cora,SDRF,sage,12346,0.25,0.8616236162361623,0.8550292309279992,0.8653136531365314,0.8496577543683875,0.2617924511432647,69.0,f1,0.8550292309279992
Cora,SDRF,sage,12346,0.4,0.8634686346863468,0.8533230218284962,0.8653136531365314,0.8541590562186819,0.1923923045396804,94.0,f1,0.8533230218284962
Cora,SDRF,sage,12346,0.55,0.8616236162361623,0.8522986802840818,0.8597785977859779,0.8462320397283977,0.1975087374448776,94.0,f1,0.8522986802840818
Cora,SDRF,sage,12347,0.0,0.8708487084870848,0.8596054597181355,0.8874538745387454,0.8780585819222227,0.096030943095684,354.0,f1,0.8596054597181355
Cora,SDRF,sage,12347,0.1,0.8690036900369004,0.8595689759868702,0.8966789667896679,0.8871569901611517,0.1343813687562942,149.0,f1,0.8595689759868702
Cora,SDRF,sage,12347,0.25,0.8726937269372693,0.8633207486428276,0.8856088560885609,0.8721505478408261,0.0979338362812995,309.0,f1,0.8633207486428276
Cora,SDRF,sage,12347,0.4,0.8745387453874539,0.8632968717600821,0.8874538745387454,0.8746948315786363,0.0980405732989311,307.0,f1,0.8632968717600821
Cora,SDRF,sage,12347,0.55,0.8745387453874539,0.8651157942620279,0.8874538745387454,0.875470863199333,0.0893533378839492,374.0,f1,0.8651157942620279
Cora,SDRF,sage,12348,0.0,0.8708487084870848,0.8574139316528163,0.8911439114391144,0.8755793327922113,0.105580523610115,279.0,f1,0.8574139316528163
Cora,SDRF,sage,12348,0.1,0.8653136531365314,0.8513991072403055,0.8819188191881919,0.8666050154292738,0.2240524888038635,92.0,f1,0.8513991072403055
Cora,SDRF,sage,12348,0.25,0.8671586715867159,0.8525919963682937,0.8782287822878229,0.8624721558925633,0.2221564650535583,97.0,f1,0.8525919963682937
Cora,SDRF,sage,12348,0.4,0.8671586715867159,0.8546713543139867,0.8856088560885609,0.8721340337713887,0.2163687199354171,95.0,f1,0.8546713543139867
Cora,SDRF,sage,12348,0.55,0.8653136531365314,0.8499343080013614,0.8911439114391144,0.876558290454283,0.2235836088657379,98.0,f1,0.8499343080013614
Cora,SDRF,sage,12349,0.0,0.8690036900369004,0.8612997223060818,0.8856088560885609,0.8746679763067116,0.1511438488960266,118.0,f1,0.8612997223060818
Cora,SDRF,sage,12349,0.1,0.8671586715867159,0.8578961485419948,0.8819188191881919,0.8695441702040367,0.158273309469223,111.0,f1,0.8578961485419948
Cora,SDRF,sage,12349,0.25,0.8634686346863468,0.8536461417120634,0.8856088560885609,0.8726409644528607,0.1575184017419815,116.0,f1,0.8536461417120634
Cora,SDRF,sage,12349,0.4,0.8597785977859779,0.8487053174889309,0.8892988929889298,0.8772863365046606,0.1524989902973175,117.0,f1,0.8487053174889309
Cora,SDRF,sage,12349,0.55,0.8597785977859779,0.8479522853255369,0.8819188191881919,0.8697204991147615,0.1407134085893631,132.0,f1,0.8479522853255369
Cora,SDRF,sage,12350,0.0,0.8782287822878229,0.8661348455850005,0.8763837638376384,0.8614979960299799,0.2792460322380066,78.0,f1,0.8661348455850005
Cora,SDRF,sage,12350,0.1,0.8653136531365314,0.8492580197136891,0.8726937269372693,0.8552293212329587,0.2796487510204315,77.0,f1,0.8492580197136891
Cora,SDRF,sage,12350,0.25,0.8634686346863468,0.8471277253867878,0.8763837638376384,0.8688439734911972,0.1746893376111984,124.0,f1,0.8471277253867878
Cora,SDRF,sage,12350,0.4,0.8653136531365314,0.8481772310576083,0.8708487084870848,0.8620612848633267,0.1648520678281784,131.0,f1,0.8481772310576083
Cora,SDRF,sage,12350,0.55,0.8634686346863468,0.8470185572973029,0.8671586715867159,0.8575752317806548,0.2253549247980117,93.0,f1,0.8470185572973029
Cora,SDRF,sage,12351,0.0,0.8782287822878229,0.8682145735501378,0.8579335793357934,0.8447419818647932,0.1790189892053604,92.0,f1,0.8682145735501378
Cora,SDRF,sage,12351,0.1,0.8726937269372693,0.8648137058135481,0.8487084870848709,0.8320446690216174,0.1815573573112487,99.0,f1,0.8648137058135481
Cora,SDRF,sage,12351,0.25,0.8763837638376384,0.8677234388231829,0.8523985239852399,0.835449404090045,0.0996785312891006,313.0,f1,0.8677234388231829
Cora,SDRF,sage,12351,0.4,0.8763837638376384,0.8680553396820018,0.8505535055350554,0.8345051630922458,0.0847592204809188,379.0,f1,0.8680553396820018
Cora,SDRF,sage,12351,0.55,0.8745387453874539,0.8657969770221844,0.8542435424354243,0.8354415704659388,0.0931652337312698,374.0,f1,0.8657969770221844
Cora,SDRF,sage,12352,0.0,0.8763837638376384,0.8678711548379271,0.8653136531365314,0.8494373965571488,0.1450477689504623,136.0,f1,0.8678711548379271
Cora,SDRF,sage,12352,0.1,0.8708487084870848,0.8595450991361835,0.8690036900369004,0.8544918118310736,0.0854857712984085,377.0,f1,0.8595450991361835
Cora,SDRF,sage,12352,0.25,0.8690036900369004,0.855965314144836,0.8616236162361623,0.8509760451308207,0.1337086111307144,149.0,f1,0.855965314144836
Cora,SDRF,sage,12352,0.4,0.8690036900369004,0.857024889485929,0.8560885608856088,0.8421660535127682,0.162349060177803,117.0,f1,0.857024889485929
Cora,SDRF,sage,12352,0.55,0.8690036900369004,0.8591452317332803,0.8616236162361623,0.8460343955459743,0.0932732671499252,320.0,f1,0.8591452317332803
Cora,SDRF,sage,12353,0.0,0.8763837638376384,0.8740037289888537,0.8874538745387454,0.875857903861575,0.2610003054141998,86.0,f1,0.8740037289888537
Cora,SDRF,sage,12353,0.1,0.8708487084870848,0.8742143561006117,0.8690036900369004,0.8581280093586852,0.2408886104822158,100.0,f1,0.8742143561006117
Cora,SDRF,sage,12353,0.25,0.8597785977859779,0.8617964235756925,0.8708487084870848,0.8596982122919928,0.1962045729160308,120.0,f1,0.8617964235756925
Cora,SDRF,sage,12353,0.4,0.8560885608856088,0.8596224329012225,0.8690036900369004,0.8600399579598271,0.1468345820903778,170.0,f1,0.8596224329012225
Cora,SDRF,sage,12353,0.55,0.8653136531365314,0.8620802049280855,0.8708487084870848,0.8541797690128906,0.2409793436527252,99.0,f1,0.8620802049280855
Cora,SDRF,sage,12354,0.0,0.8339483394833949,0.8178168230481379,0.8616236162361623,0.8533024493104948,0.0915763452649116,382.0,f1,0.8178168230481379
Cora,SDRF,sage,12354,0.1,0.8265682656826568,0.8085214301607948,0.8505535055350554,0.842135555586572,0.1271772533655166,219.0,f1,0.8085214301607948
Cora,SDRF,sage,12354,0.25,0.8302583025830258,0.8164018972992837,0.8579335793357934,0.8495961872003066,0.1510894894599914,150.0,f1,0.8164018972992837
Cora,SDRF,sage,12354,0.4,0.8321033210332104,0.8146293573426687,0.8653136531365314,0.8545372791400835,0.178319051861763,123.0,f1,0.8146293573426687
Cora,SDRF,sage,12354,0.55,0.8321033210332104,0.8168520565754701,0.8671586715867159,0.8579730719389617,0.1342512965202331,159.0,f1,0.8168520565754701
Cora,SDRF,sage,12355,0.0,0.8634686346863468,0.8534986014170247,0.8856088560885609,0.8741552171926511,0.176101878285408,113.0,f1,0.8534986014170247
Cora,SDRF,sage,12355,0.1,0.8542435424354243,0.8431762056462553,0.8690036900369004,0.8523269794691588,0.2169762849807739,105.0,f1,0.8431762056462553
Cora,SDRF,sage,12355,0.25,0.8487084870848709,0.8367849268062788,0.8726937269372693,0.8597223719814057,0.1768223196268081,142.0,f1,0.8367849268062788
Cora,SDRF,sage,12355,0.4,0.8413284132841329,0.8291178286457068,0.8763837638376384,0.8648447133734672,0.2637440264225006,85.0,f1,0.8291178286457068
Cora,SDRF,sage,12355,0.55,0.8450184501845018,0.8263171880265627,0.8690036900369004,0.8477262443572557,0.3098956942558288,80.0,f1,0.8263171880265627
Cora,SDRF,sage,12356,0.0,0.8892988929889298,0.8801463547904687,0.8856088560885609,0.8855745059521674,0.0945335701107978,264.0,f1,0.8801463547904687
Cora,SDRF,sage,12356,0.1,0.8745387453874539,0.8676269262604237,0.8763837638376384,0.8749412740856869,0.2234881520271301,78.0,f1,0.8676269262604237
Cora,SDRF,sage,12356,0.25,0.8726937269372693,0.8659862297116063,0.8763837638376384,0.8738865293409884,0.2315220832824707,78.0,f1,0.8659862297116063
Cora,SDRF,sage,12356,0.4,0.8726937269372693,0.8669997047118022,0.8745387453874539,0.8693560116430189,0.1742055863142013,110.0,f1,0.8669997047118022
Cora,SDRF,sage,12356,0.55,0.8708487084870848,0.8645525082171387,0.8819188191881919,0.8778135868186034,0.296075165271759,65.0,f1,0.8645525082171387
Cora,SDRF,sage,12357,0.0,0.8726937269372693,0.8651329762726433,0.8745387453874539,0.8628381461505074,0.23494553565979,76.0,f1,0.8651329762726433
Cora,SDRF,sage,12357,0.1,0.8560885608856088,0.8460690887928946,0.8671586715867159,0.8514550720589831,0.2427224069833755,77.0,f1,0.8460690887928946
Cora,SDRF,sage,12357,0.25,0.8616236162361623,0.8490897920882278,0.8634686346863468,0.8489661270120804,0.2515865862369537,75.0,f1,0.8490897920882278
Cora,SDRF,sage,12357,0.4,0.8523985239852399,0.842194587352801,0.8597785977859779,0.846479207984303,0.2615679800510406,74.0,f1,0.842194587352801
Cora,SDRF,sage,12357,0.55,0.8560885608856088,0.8457827084214945,0.8597785977859779,0.8434505818266081,0.2643238306045532,74.0,f1,0.8457827084214945
Cora,SDRF,sage,12358,0.0,0.8542435424354243,0.8450486495759576,0.8357933579335793,0.810889748621915,0.2563284933567047,67.0,f1,0.8450486495759576
Cora,SDRF,sage,12358,0.1,0.8542435424354243,0.8436272148938603,0.8376383763837638,0.808618439307347,0.2814260721206665,68.0,f1,0.8436272148938603
Cora,SDRF,sage,12358,0.25,0.8487084870848709,0.8404072261251769,0.8339483394833949,0.8025546985802376,0.2783983945846557,68.0,f1,0.8404072261251769
Cora,SDRF,sage,12358,0.4,0.8487084870848709,0.841016506668489,0.8357933579335793,0.8055576460072007,0.2809391915798187,68.0,f1,0.841016506668489
Cora,SDRF,sage,12358,0.55,0.8542435424354243,0.8455002593153976,0.8321033210332104,0.8001157492395119,0.2911382615566253,68.0,f1,0.8455002593153976
Cora,SDRF,sage,12359,0.0,0.8763837638376384,0.8700542625591784,0.8653136531365314,0.8479833236016932,0.1812504529953003,98.0,f1,0.8700542625591784
Cora,SDRF,sage,12359,0.1,0.8671586715867159,0.8642907941501023,0.8542435424354243,0.8377533211838432,0.1878939867019653,89.0,f1,0.8642907941501023
Cora,SDRF,sage,12359,0.25,0.8653136531365314,0.8605231639094738,0.8579335793357934,0.8411157654392559,0.0938727483153343,291.0,f1,0.8605231639094738
Cora,SDRF,sage,12359,0.4,0.8708487084870848,0.865074332004203,0.8505535055350554,0.8330259503208692,0.1825238913297653,93.0,f1,0.865074332004203
Cora,SDRF,sage,12359,0.55,0.8616236162361623,0.8595541872546913,0.8487084870848709,0.8331751157553206,0.1962531954050064,92.0,f1,0.8595541872546913
Cora,SDRF,sage,12360,0.0,0.8856088560885609,0.8744259685358016,0.8634686346863468,0.8503428480606369,0.1347789019346237,139.0,f1,0.8744259685358016
Cora,SDRF,sage,12360,0.1,0.8819188191881919,0.8670181752929457,0.8542435424354243,0.837977590983047,0.1907641440629959,91.0,f1,0.8670181752929457
Cora,SDRF,sage,12360,0.25,0.8745387453874539,0.8621450679315162,0.8505535055350554,0.835631411593637,0.1409771293401718,147.0,f1,0.8621450679315162
Cora,SDRF,sage,12360,0.4,0.8763837638376384,0.8593144536595984,0.8523985239852399,0.8347860171473425,0.1269211769104004,160.0,f1,0.8593144536595984
Cora,SDRF,sage,12360,0.55,0.8800738007380073,0.8647274621340217,0.8450184501845018,0.8253037185741994,0.2108435034751892,91.0,f1,0.8647274621340217
Cora,SDRF,sage,12361,0.0,0.8653136531365314,0.8583129552320982,0.8413284132841329,0.8230854440714986,0.1172180771827697,198.0,f1,0.8583129552320982
Cora,SDRF,sage,12361,0.1,0.8653136531365314,0.8591663298751157,0.8450184501845018,0.8299987170061384,0.0982598438858985,347.0,f1,0.8591663298751157
Cora,SDRF,sage,12361,0.25,0.8634686346863468,0.855554693462832,0.8376383763837638,0.816893853454718,0.1060297638177871,311.0,f1,0.855554693462832
Cora,SDRF,sage,12361,0.4,0.8616236162361623,0.8529597673177045,0.8376383763837638,0.8172744694839622,0.1139764264225959,275.0,f1,0.8529597673177045
Cora,SDRF,sage,12361,0.55,0.8616236162361623,0.85342400095267,0.8357933579335793,0.8162213368398222,0.1000031530857086,391.0,f1,0.85342400095267
Cora,SDRF,sage,12362,0.0,0.8948339483394834,0.8847196302135164,0.8763837638376384,0.8669596850081671,0.2277256846427917,83.0,f1,0.8847196302135164
Cora,SDRF,sage,12362,0.1,0.8948339483394834,0.8854469373426743,0.8579335793357934,0.8343233488081998,0.2894523739814758,68.0,f1,0.8854469373426743
Cora,SDRF,sage,12362,0.25,0.8892988929889298,0.8808843168720079,0.8616236162361623,0.8438754371045759,0.2298873364925384,83.0,f1,0.8808843168720079
Cora,SDRF,sage,12362,0.4,0.8874538745387454,0.8814193420549341,0.8487084870848709,0.8317895035448192,0.2218154966831207,87.0,f1,0.8814193420549341
Cora,SDRF,sage,12362,0.55,0.8837638376383764,0.8753090018923271,0.8523985239852399,0.8351193046059435,0.2176372557878494,87.0,f1,0.8753090018923271
Cora,SDRF,sage,12363,0.0,0.8763837638376384,0.8655618558139008,0.8634686346863468,0.8466466883509877,0.3680297136306762,62.0,f1,0.8655618558139008
Cora,SDRF,sage,12363,0.1,0.8671586715867159,0.8560652343642069,0.8542435424354243,0.8374451718268199,0.3993295431137085,64.0,f1,0.8560652343642069
Cora,SDRF,sage,12363,0.25,0.8653136531365314,0.8500241472957324,0.8468634686346863,0.8240854432731541,0.4121589362621307,64.0,f1,0.8500241472957324
Cora,SDRF,sage,12363,0.4,0.8653136531365314,0.8493592272514393,0.8542435424354243,0.834330099983411,0.4045881927013397,64.0,f1,0.8493592272514393
Cora,SDRF,sage,12363,0.55,0.8579335793357934,0.8456606807188611,0.8505535055350554,0.8322081252160354,0.3513211011886596,68.0,f1,0.8456606807188611
Cora,SDRF,sage,12364,0.0,0.8671586715867159,0.8596387866940357,0.8505535055350554,0.8304321889291453,0.1092474237084388,296.0,f1,0.8596387866940357
Cora,SDRF,sage,12364,0.1,0.8690036900369004,0.8583841172571186,0.8616236162361623,0.8366010574626623,0.1718184500932693,109.0,f1,0.8583841172571186
Cora,SDRF,sage,12364,0.25,0.8726937269372693,0.8632498961694254,0.8616236162361623,0.8359162485640826,0.1759369820356369,113.0,f1,0.8632498961694254
Cora,SDRF,sage,12364,0.4,0.8726937269372693,0.8625018111985755,0.8597785977859779,0.8346371977548497,0.1759403795003891,112.0,f1,0.8625018111985755
Cora,SDRF,sage,12364,0.55,0.8653136531365314,0.8537362085354276,0.8597785977859779,0.8338864210566773,0.1764561086893081,109.0,f1,0.8537362085354276
Cora,SDRF,sage,12365,0.0,0.8634686346863468,0.8522288480957168,0.8745387453874539,0.8648231679140114,0.2527211904525757,86.0,f1,0.8522288480957168
Cora,SDRF,sage,12365,0.1,0.8560885608856088,0.8461584996756828,0.8745387453874539,0.8662368295210013,0.1509432941675186,159.0,f1,0.8461584996756828
Cora,SDRF,sage,12365,0.25,0.8560885608856088,0.8460851659177372,0.8763837638376384,0.8702055174478297,0.1888691186904907,128.0,f1,0.8460851659177372
Cora,SDRF,sage,12365,0.4,0.8523985239852399,0.8392346958709591,0.8782287822878229,0.8692841198126544,0.1167677044868469,224.0,f1,0.8392346958709591
Cora,SDRF,sage,12365,0.55,0.8505535055350554,0.8375731867604704,0.8782287822878229,0.869749903450119,0.1193902716040611,224.0,f1,0.8375731867604704
Cora,SDRF,sage,12366,0.0,0.8874538745387454,0.8787253253906806,0.8690036900369004,0.8573819734377947,0.1564357429742813,98.0,f1,0.8787253253906806
Cora,SDRF,sage,12366,0.1,0.8874538745387454,0.8738418937301172,0.8616236162361623,0.8493211263537493,0.1774433851242065,91.0,f1,0.8738418937301172
Cora,SDRF,sage,12366,0.25,0.8874538745387454,0.8750076483115682,0.8597785977859779,0.8474523443976961,0.1448591351509094,115.0,f1,0.8750076483115682
Cora,SDRF,sage,12366,0.4,0.8874538745387454,0.8751626006075767,0.8560885608856088,0.8446288423551424,0.1831606179475784,90.0,f1,0.8751626006075767
Cora,SDRF,sage,12366,0.55,0.8856088560885609,0.8713971918439688,0.8634686346863468,0.8498261124928025,0.1482192128896713,115.0,f1,0.8713971918439688
Cora,SDRF,sage,12367,0.0,0.8690036900369004,0.8654968240800942,0.8745387453874539,0.8626494875711626,0.1335476487874984,164.0,f1,0.8654968240800942
Cora,SDRF,sage,12367,0.1,0.8634686346863468,0.8581198346943595,0.8690036900369004,0.8566558967599003,0.1907727718353271,109.0,f1,0.8581198346943595
Cora,SDRF,sage,12367,0.25,0.8653136531365314,0.8626170842757342,0.8616236162361623,0.8513272931385398,0.1440543532371521,164.0,f1,0.8626170842757342
Cora,SDRF,sage,12367,0.4,0.8653136531365314,0.8641460375453563,0.8597785977859779,0.847633913476265,0.1435434967279434,170.0,f1,0.8641460375453563
Cora,SDRF,sage,12367,0.55,0.8597785977859779,0.8567746053253901,0.8616236162361623,0.8483465619334368,0.2050582021474838,104.0,f1,0.8567746053253901
Cora,SDRF,sage,12368,0.0,0.8800738007380073,0.8705012963257336,0.8634686346863468,0.8604743755334866,0.1332480758428573,141.0,f1,0.8705012963257336
Cora,SDRF,sage,12368,0.1,0.8745387453874539,0.8624504242958161,0.8487084870848709,0.8417622701566442,0.1153044700622558,174.0,f1,0.8624504242958161
Cora,SDRF,sage,12368,0.25,0.8763837638376384,0.8636300053974597,0.8523985239852399,0.8465228624547044,0.2569374740123749,76.0,f1,0.8636300053974597
Cora,SDRF,sage,12368,0.4,0.8800738007380073,0.871647607497478,0.8468634686346863,0.8376356770481669,0.1003254503011703,249.0,f1,0.871647607497478
Cora,SDRF,sage,12368,0.55,0.8800738007380073,0.870051747337419,0.8468634686346863,0.8382072978820371,0.0895356312394142,372.0,f1,0.870051747337419
Cora,SDRF,sage,12369,0.0,0.8800738007380073,0.8676906722627784,0.8653136531365314,0.8448453301889975,0.2493125349283218,84.0,f1,0.8676906722627784
Cora,SDRF,sage,12369,0.1,0.8800738007380073,0.8661905466761629,0.8542435424354243,0.8328164562383495,0.2615703642368316,84.0,f1,0.8661905466761629
Cora,SDRF,sage,12369,0.25,0.8726937269372693,0.8641978104886926,0.8560885608856088,0.8339915841689141,0.1928379833698272,103.0,f1,0.8641978104886926
Cora,SDRF,sage,12369,0.4,0.8726937269372693,0.8620624890434759,0.8579335793357934,0.8383950756203503,0.2553058564662933,84.0,f1,0.8620624890434759
Cora,SDRF,sage,12369,0.55,0.8745387453874539,0.8625148794046656,0.8597785977859779,0.840513114137606,0.2482396960258484,85.0,f1,0.8625148794046656
Cora,SDRF,sage,12370,0.0,0.8782287822878229,0.8714663354970955,0.8800738007380073,0.8709683885443581,0.1487093418836593,156.0,f1,0.8714663354970955
Cora,SDRF,sage,12370,0.1,0.8745387453874539,0.8660954892119125,0.8671586715867159,0.8604758349812827,0.0993346199393272,363.0,f1,0.8660954892119125
Cora,SDRF,sage,12370,0.25,0.8708487084870848,0.8585281683044659,0.8653136531365314,0.8562871686685216,0.1857125461101532,127.0,f1,0.8585281683044659
Cora,SDRF,sage,12370,0.4,0.8726937269372693,0.8619737803757526,0.8597785977859779,0.8505709001362156,0.1048396974802017,372.0,f1,0.8619737803757526
Cora,SDRF,sage,12370,0.55,0.8708487084870848,0.8588464397959744,0.8579335793357934,0.8486170086197615,0.1029866188764572,372.0,f1,0.8588464397959744
Cora,SDRF,sage,12371,0.0,0.8653136531365314,0.8479736881876564,0.8819188191881919,0.8676397979365593,0.1740691065788269,136.0,f1,0.8479736881876564
Cora,SDRF,sage,12371,0.1,0.8653136531365314,0.8480166008414484,0.8782287822878229,0.8665357847426843,0.1557591557502746,142.0,f1,0.8480166008414484
Cora,SDRF,sage,12371,0.25,0.8616236162361623,0.8471195164505669,0.8782287822878229,0.8663668699333199,0.1704711467027664,141.0,f1,0.8471195164505669
Cora,SDRF,sage,12371,0.4,0.8616236162361623,0.8459845879465092,0.8782287822878229,0.8667026757615346,0.166424959897995,142.0,f1,0.8459845879465092
Cora,SDRF,sage,12371,0.55,0.8597785977859779,0.8439163945218243,0.8671586715867159,0.8539407809295676,0.093003325164318,390.0,f1,0.8439163945218243
Cora,SDRF,sage,12372,0.0,0.8819188191881919,0.8721357584569602,0.8911439114391144,0.8870840980218286,0.2412205040454864,92.0,f1,0.8721357584569602
Cora,SDRF,sage,12372,0.1,0.8800738007380073,0.8659193124188256,0.8800738007380073,0.8781206476203914,0.1883361935615539,127.0,f1,0.8659193124188256
Cora,SDRF,sage,12372,0.25,0.8837638376383764,0.8740511967422214,0.8911439114391144,0.889379109607768,0.1711565852165222,145.0,f1,0.8740511967422214
Cora,SDRF,sage,12372,0.4,0.8800738007380073,0.8701549799520697,0.8874538745387454,0.8845919448344954,0.1686910688877105,145.0,f1,0.8701549799520697
Cora,SDRF,sage,12372,0.55,0.8763837638376384,0.8657784268017262,0.8874538745387454,0.8845171397846424,0.1974898278713226,112.0,f1,0.8657784268017262
Cora,SDRF,sage,12373,0.0,0.8837638376383764,0.8854196024454042,0.8505535055350554,0.838561856471058,0.1561614722013473,123.0,f1,0.8854196024454042
Cora,SDRF,sage,12373,0.1,0.8800738007380073,0.8778463458177299,0.8523985239852399,0.8441608529775948,0.1774749308824539,131.0,f1,0.8778463458177299
Cora,SDRF,sage,12373,0.25,0.8763837638376384,0.8720992795036759,0.8579335793357934,0.8481251643090679,0.1811618655920028,129.0,f1,0.8720992795036759
Cora,SDRF,sage,12373,0.4,0.8726937269372693,0.8686370865694505,0.8542435424354243,0.8418068943333303,0.2137641459703445,90.0,f1,0.8686370865694505
Cora,SDRF,sage,12373,0.55,0.8708487084870848,0.8651862666018671,0.8542435424354243,0.8419826735045434,0.2156393527984619,90.0,f1,0.8651862666018671
Cora,SDRF,sage,12374,0.0,0.8911439114391144,0.884053502579225,0.8745387453874539,0.867088442379129,0.1801266223192215,100.0,f1,0.884053502579225
Cora,SDRF,sage,12374,0.1,0.8856088560885609,0.8768667964703205,0.8708487084870848,0.8616656276353231,0.1678822636604309,113.0,f1,0.8768667964703205
Cora,SDRF,sage,12374,0.25,0.8856088560885609,0.8759142471704597,0.8800738007380073,0.873412341542416,0.0979747176170349,345.0,f1,0.8759142471704597
Cora,SDRF,sage,12374,0.4,0.8837638376383764,0.8752152688072322,0.8653136531365314,0.8571395802269178,0.1816628128290176,115.0,f1,0.8752152688072322
Cora,SDRF,sage,12374,0.55,0.8837638376383764,0.8748592920522346,0.8726937269372693,0.8614306775010048,0.1770247966051101,129.0,f1,0.8748592920522346
Cora,SDRF,gat,12345,0.0,0.8782287822878229,0.8634788498234499,0.8690036900369004,0.871739603880071,0.2258803695440292,61.0,f1,0.8634788498234499
Cora,SDRF,gat,12345,0.1,0.8690036900369004,0.854993673907109,0.8468634686346863,0.8461951100766602,0.1335214972496032,95.0,f1,0.854993673907109
Cora,SDRF,gat,12345,0.25,0.8671586715867159,0.8500310180812878,0.8542435424354243,0.8466975017624339,0.3708820343017578,50.0,f1,0.8500310180812878
Cora,SDRF,gat,12345,0.4,0.8690036900369004,0.8531803279802299,0.8450184501845018,0.8457397622273563,0.1505322307348251,91.0,f1,0.8531803279802299
Cora,SDRF,gat,12345,0.55,0.8690036900369004,0.8505618832732658,0.8523985239852399,0.847784865723989,0.2982475459575653,58.0,f1,0.8505618832732658
Cora,SDRF,gat,12346,0.0,0.8763837638376384,0.8710716638722096,0.8616236162361623,0.851692119687858,0.1332424879074096,87.0,f1,0.8710716638722096
Cora,SDRF,gat,12346,0.1,0.8653136531365314,0.8557200846937316,0.8505535055350554,0.8329564523833121,0.2266851663589477,62.0,f1,0.8557200846937316
Cora,SDRF,gat,12346,0.25,0.8616236162361623,0.8550048200134205,0.8505535055350554,0.8297970292086969,0.2410887479782104,61.0,f1,0.8550048200134205
Cora,SDRF,gat,12346,0.4,0.8653136531365314,0.8561876334284502,0.8487084870848709,0.8304706960815684,0.24417544901371,62.0,f1,0.8561876334284502
Cora,SDRF,gat,12346,0.55,0.8616236162361623,0.8520400672211188,0.8431734317343174,0.8226548387562428,0.2382126301527023,63.0,f1,0.8520400672211188
Cora,SDRF,gat,12347,0.0,0.8782287822878229,0.8668010897729361,0.8874538745387454,0.8825232543501277,0.1580941081047058,79.0,f1,0.8668010897729361
Cora,SDRF,gat,12347,0.1,0.8690036900369004,0.8581733400043621,0.8616236162361623,0.8509050028235444,0.0800711214542388,134.0,f1,0.8581733400043621
Cora,SDRF,gat,12347,0.25,0.8671586715867159,0.8533257801454386,0.8837638376383764,0.8728920501251015,0.2038654685020446,71.0,f1,0.8533257801454386
Cora,SDRF,gat,12347,0.4,0.8671586715867159,0.8525968470788533,0.8874538745387454,0.8798776360763013,0.1944085359573364,75.0,f1,0.8525968470788533
Cora,SDRF,gat,12347,0.55,0.8671586715867159,0.8520034852699048,0.8874538745387454,0.8785786271152185,0.2022184431552887,75.0,f1,0.8520034852699048
Cora,SDRF,gat,12348,0.0,0.8671586715867159,0.8543412001344219,0.8874538745387454,0.8748587192519413,0.1885903030633926,72.0,f1,0.8543412001344219
Cora,SDRF,gat,12348,0.1,0.8634686346863468,0.8470519102711813,0.8800738007380073,0.8670774059156879,0.2250183224678039,68.0,f1,0.8470519102711813
Cora,SDRF,gat,12348,0.25,0.8597785977859779,0.8443221109403442,0.8819188191881919,0.8670490625026627,0.2319301217794418,68.0,f1,0.8443221109403442
Cora,SDRF,gat,12348,0.4,0.8597785977859779,0.8449603813100527,0.8763837638376384,0.8612242498997332,0.2638604044914245,61.0,f1,0.8449603813100527
Cora,SDRF,gat,12348,0.55,0.8616236162361623,0.8475098969210819,0.8745387453874539,0.8606648629601094,0.2312640696763992,71.0,f1,0.8475098969210819
Cora,SDRF,gat,12349,0.0,0.8671586715867159,0.8589915115714147,0.8911439114391144,0.876924682113262,0.1627842932939529,79.0,f1,0.8589915115714147
Cora,SDRF,gat,12349,0.1,0.8542435424354243,0.8441648644784533,0.8837638376383764,0.8691283210915096,0.1778276115655899,80.0,f1,0.8441648644784533
Cora,SDRF,gat,12349,0.25,0.8505535055350554,0.8417093390108439,0.8819188191881919,0.8689985616460694,0.1834741979837417,78.0,f1,0.8417093390108439
Cora,SDRF,gat,12349,0.4,0.8450184501845018,0.8358859754219881,0.8892988929889298,0.8784968783039406,0.1704600602388382,84.0,f1,0.8358859754219881
Cora,SDRF,gat,12349,0.55,0.8450184501845018,0.834664674958713,0.8856088560885609,0.8716623671299565,0.3479047417640686,51.0,f1,0.834664674958713
Cora,SDRF,gat,12350,0.0,0.8597785977859779,0.8395608941316174,0.8874538745387454,0.8836479391831998,0.1825237870216369,70.0,f1,0.8395608941316174
Cora,SDRF,gat,12350,0.1,0.8560885608856088,0.8344554832353449,0.8690036900369004,0.8662060069054751,0.1561459302902221,83.0,f1,0.8344554832353449
Cora,SDRF,gat,12350,0.25,0.8523985239852399,0.8317138523332278,0.8763837638376384,0.8733382201975051,0.1507272273302078,86.0,f1,0.8317138523332278
Cora,SDRF,gat,12350,0.4,0.8523985239852399,0.8323085999631276,0.8634686346863468,0.859616938645975,0.1191603019833564,102.0,f1,0.8323085999631276
Cora,SDRF,gat,12350,0.55,0.8505535055350554,0.828028222814458,0.8653136531365314,0.8568642665793701,0.247088685631752,63.0,f1,0.828028222814458
Cora,SDRF,gat,12351,0.0,0.8690036900369004,0.8578057314373483,0.8523985239852399,0.8401299641924228,0.3635073006153106,46.0,f1,0.8578057314373483
Cora,SDRF,gat,12351,0.1,0.8745387453874539,0.863091087453528,0.8690036900369004,0.8555964403509294,0.2576324045658111,61.0,f1,0.863091087453528
Cora,SDRF,gat,12351,0.25,0.8745387453874539,0.8641836259709895,0.8579335793357934,0.8435729353134361,0.2208441495895385,71.0,f1,0.8641836259709895
Cora,SDRF,gat,12351,0.4,0.8745387453874539,0.8613653948188581,0.8634686346863468,0.8469237251432616,0.2245194613933563,70.0,f1,0.8613653948188581
Cora,SDRF,gat,12351,0.55,0.8671586715867159,0.8575538186853977,0.8616236162361623,0.846059465760593,0.2428835183382034,68.0,f1,0.8575538186853977
Cora,SDRF,gat,12352,0.0,0.8892988929889298,0.8852599304137226,0.8523985239852399,0.845595262712337,0.1234368756413459,89.0,f1,0.8852599304137226
Cora,SDRF,gat,12352,0.1,0.8837638376383764,0.8753748143891976,0.8560885608856088,0.8447415991150372,0.1044785007834434,114.0,f1,0.8753748143891976
Cora,SDRF,gat,12352,0.25,0.8819188191881919,0.8731700111975156,0.8542435424354243,0.846881204913255,0.1505857706069946,86.0,f1,0.8731700111975156
Cora,SDRF,gat,12352,0.4,0.8819188191881919,0.8706216498986252,0.8523985239852399,0.8436592680604614,0.112817034125328,110.0,f1,0.8706216498986252
Cora,SDRF,gat,12352,0.55,0.8782287822878229,0.8657864642636063,0.8487084870848709,0.8413695680877418,0.1350942403078079,102.0,f1,0.8657864642636063
Cora,SDRF,gat,12353,0.0,0.8819188191881919,0.8845504411651383,0.8948339483394834,0.8871992273945306,0.1703320145606994,77.0,f1,0.8845504411651383
Cora,SDRF,gat,12353,0.1,0.8745387453874539,0.8760119311353058,0.8708487084870848,0.8577639371090134,0.1549333035945892,84.0,f1,0.8760119311353058
Cora,SDRF,gat,12353,0.25,0.8726937269372693,0.8718076167800817,0.8726937269372693,0.8535528378333769,0.2891612946987152,57.0,f1,0.8718076167800817
Cora,SDRF,gat,12353,0.4,0.8726937269372693,0.8696656905910959,0.8726937269372693,0.8609193797563942,0.2126995027065277,71.0,f1,0.8696656905910959
Cora,SDRF,gat,12353,0.55,0.8745387453874539,0.8706544480455106,0.8579335793357934,0.832811244797784,0.3989802896976471,47.0,f1,0.8706544480455106
Cora,SDRF,gat,12354,0.0,0.8505535055350554,0.8343379126836933,0.8745387453874539,0.8662396005251721,0.2171735912561416,62.0,f1,0.8343379126836933
Cora,SDRF,gat,12354,0.1,0.8376383763837638,0.8166565526608645,0.8616236162361623,0.8486589065429374,0.2465982735157013,60.0,f1,0.8166565526608645
Cora,SDRF,gat,12354,0.25,0.8339483394833949,0.815699231652481,0.8542435424354243,0.8486926305424916,0.0812712237238884,131.0,f1,0.815699231652481
Cora,SDRF,gat,12354,0.4,0.8321033210332104,0.8155334333892134,0.8671586715867159,0.8580070611375267,0.1702868491411209,81.0,f1,0.8155334333892134
Cora,SDRF,gat,12354,0.55,0.8321033210332104,0.814418788247436,0.8487084870848709,0.8377451733029092,0.0934749841690063,131.0,f1,0.814418788247436
Cora,SDRF,gat,12355,0.0,0.8616236162361623,0.8539748218920016,0.8856088560885609,0.8737081859614664,0.1786531507968902,74.0,f1,0.8539748218920016
Cora,SDRF,gat,12355,0.1,0.8579335793357934,0.8493390976931882,0.8892988929889298,0.8760070942125469,0.1838792562484741,79.0,f1,0.8493390976931882
Cora,SDRF,gat,12355,0.25,0.8579335793357934,0.8474145548127531,0.8837638376383764,0.8726854792711308,0.1825060546398162,82.0,f1,0.8474145548127531
Cora,SDRF,gat,12355,0.4,0.8560885608856088,0.8458876091062174,0.8856088560885609,0.874380174213912,0.1827822178602218,84.0,f1,0.8458876091062174
Cora,SDRF,gat,12355,0.55,0.8542435424354243,0.8427272294150595,0.8837638376383764,0.8725357243500037,0.1896997839212417,82.0,f1,0.8427272294150595
Cora,SDRF,gat,12356,0.0,0.8745387453874539,0.8687891978246807,0.8653136531365314,0.8646976230077076,0.1744178086519241,77.0,f1,0.8687891978246807
Cora,SDRF,gat,12356,0.1,0.8708487084870848,0.8671332329534741,0.8726937269372693,0.8734028598222822,0.2147234231233596,73.0,f1,0.8671332329534741
Cora,SDRF,gat,12356,0.25,0.8671586715867159,0.857049534652511,0.8708487084870848,0.8699341984202188,0.2259207218885421,71.0,f1,0.857049534652511
Cora,SDRF,gat,12356,0.4,0.8690036900369004,0.86240820834922,0.8690036900369004,0.8675428415529612,0.2267664968967437,72.0,f1,0.86240820834922
Cora,SDRF,gat,12356,0.55,0.8671586715867159,0.8583485078356177,0.8653136531365314,0.8617893230714769,0.2374002039432525,70.0,f1,0.8583485078356177
Cora,SDRF,gat,12357,0.0,0.8579335793357934,0.8561954134248305,0.8837638376383764,0.8767221430341531,0.1933058947324752,68.0,f1,0.8561954134248305
Cora,SDRF,gat,12357,0.1,0.8542435424354243,0.8489298941579964,0.8763837638376384,0.8693167529686633,0.3091592192649841,52.0,f1,0.8489298941579964
Cora,SDRF,gat,12357,0.25,0.8505535055350554,0.8459688730382988,0.8726937269372693,0.8623574197999935,0.2127277553081512,68.0,f1,0.8459688730382988
Cora,SDRF,gat,12357,0.4,0.8487084870848709,0.8457901168643654,0.8653136531365314,0.8537261051991571,0.1994864493608474,73.0,f1,0.8457901168643654
Cora,SDRF,gat,12357,0.55,0.8505535055350554,0.8448697066173517,0.8763837638376384,0.8676985640662257,0.2311390340328216,65.0,f1,0.8448697066173517
Cora,SDRF,gat,12358,0.0,0.8690036900369004,0.8601432233663153,0.8597785977859779,0.8375456258835842,0.2217165231704712,59.0,f1,0.8601432233663153
Cora,SDRF,gat,12358,0.1,0.8763837638376384,0.8649138166440457,0.8634686346863468,0.8396864756559161,0.2185193449258804,64.0,f1,0.8649138166440457
Cora,SDRF,gat,12358,0.25,0.8690036900369004,0.8600431301429593,0.8560885608856088,0.8308611814424072,0.2499430477619171,59.0,f1,0.8600431301429593
Cora,SDRF,gat,12358,0.4,0.8690036900369004,0.8557233738427089,0.8634686346863468,0.836711228014831,0.2370409667491912,64.0,f1,0.8557233738427089
Cora,SDRF,gat,12358,0.55,0.8671586715867159,0.8532603929732414,0.8579335793357934,0.8295711492016891,0.2415007799863815,64.0,f1,0.8532603929732414
Cora,SDRF,gat,12359,0.0,0.8708487084870848,0.8733820172526695,0.8450184501845018,0.836346310133894,0.1128240749239921,100.0,f1,0.8733820172526695
Cora,SDRF,gat,12359,0.1,0.8671586715867159,0.8679380705190771,0.8505535055350554,0.8390314548268083,0.1417492777109146,87.0,f1,0.8679380705190771
Cora,SDRF,gat,12359,0.25,0.8690036900369004,0.8690665961753712,0.8394833948339483,0.8235316174639643,0.1497988998889923,88.0,f1,0.8690665961753712
Cora,SDRF,gat,12359,0.4,0.8708487084870848,0.8682339867852689,0.8357933579335793,0.8205263735494189,0.1584681123495102,87.0,f1,0.8682339867852689
Cora,SDRF,gat,12359,0.55,0.8671586715867159,0.8649170490270797,0.8376383763837638,0.8171181083780125,0.1658488810062408,87.0,f1,0.8649170490270797
Cora,SDRF,gat,12360,0.0,0.8929889298892989,0.8830124171428366,0.8634686346863468,0.8504566243240885,0.1672086268663406,73.0,f1,0.8830124171428366
Cora,SDRF,gat,12360,0.1,0.8874538745387454,0.874416425988484,0.8542435424354243,0.8356632800265678,0.161111518740654,81.0,f1,0.874416425988484
Cora,SDRF,gat,12360,0.25,0.8874538745387454,0.8723067934209546,0.8505535055350554,0.8336117185364234,0.1808013319969177,74.0,f1,0.8723067934209546
Cora,SDRF,gat,12360,0.4,0.8874538745387454,0.8746902874499259,0.8523985239852399,0.8293116751962997,0.2051198631525039,68.0,f1,0.8746902874499259
Cora,SDRF,gat,12360,0.55,0.8874538745387454,0.8723193943966844,0.8487084870848709,0.8237907575350386,0.2123689502477646,68.0,f1,0.8723193943966844
Cora,SDRF,gat,12361,0.0,0.8634686346863468,0.8570125226946332,0.8597785977859779,0.8530169532522812,0.1672824025154113,70.0,f1,0.8570125226946332
Cora,SDRF,gat,12361,0.1,0.8597785977859779,0.8496412293524953,0.8487084870848709,0.831529792544463,0.2641575336456299,54.0,f1,0.8496412293524953
Cora,SDRF,gat,12361,0.25,0.8616236162361623,0.8517488627553844,0.8505535055350554,0.8312626666890255,0.2534466683864593,56.0,f1,0.8517488627553844
Cora,SDRF,gat,12361,0.4,0.8579335793357934,0.8478939945637288,0.8413284132841329,0.8260436267305061,0.2009949535131454,66.0,f1,0.8478939945637288
Cora,SDRF,gat,12361,0.55,0.8542435424354243,0.8457599415443298,0.8413284132841329,0.8230081565957229,0.2430876195430755,59.0,f1,0.8457599415443298
Cora,SDRF,gat,12362,0.0,0.8874538745387454,0.8795123847627867,0.8819188191881919,0.8719147893046316,0.1610552221536636,78.0,f1,0.8795123847627867
Cora,SDRF,gat,12362,0.1,0.8745387453874539,0.8680851817661697,0.8708487084870848,0.8499341476400701,0.1883646249771118,71.0,f1,0.8680851817661697
Cora,SDRF,gat,12362,0.25,0.8782287822878229,0.8713918572700939,0.8690036900369004,0.849029214696564,0.1931741833686828,71.0,f1,0.8713918572700939
Cora,SDRF,gat,12362,0.4,0.8800738007380073,0.8704772677540996,0.8597785977859779,0.8396668439758441,0.193039521574974,72.0,f1,0.8704772677540996
Cora,SDRF,gat,12362,0.55,0.8726937269372693,0.8643647312454109,0.8708487084870848,0.8549827797109986,0.1386248469352722,100.0,f1,0.8643647312454109
Cora,SDRF,gat,12363,0.0,0.8782287822878229,0.8702453977682413,0.8653136531365314,0.8482564526593492,0.3040903806686401,49.0,f1,0.8702453977682413
Cora,SDRF,gat,12363,0.1,0.8800738007380073,0.8699345867741048,0.8597785977859779,0.838827734469581,0.3055481016635895,51.0,f1,0.8699345867741048
Cora,SDRF,gat,12363,0.25,0.8763837638376384,0.8654970434910664,0.8653136531365314,0.8465392503849485,0.2983600497245788,52.0,f1,0.8654970434910664
Cora,SDRF,gat,12363,0.4,0.8745387453874539,0.8634089090595863,0.8560885608856088,0.8363894224496223,0.3225313723087311,51.0,f1,0.8634089090595863
Cora,SDRF,gat,12363,0.55,0.8745387453874539,0.8617257518966224,0.8634686346863468,0.8460885648272212,0.3123473525047302,52.0,f1,0.8617257518966224
Cora,SDRF,gat,12364,0.0,0.8745387453874539,0.8633010662911057,0.8653136531365314,0.8424412719134956,0.3370680809020996,46.0,f1,0.8633010662911057
Cora,SDRF,gat,12364,0.1,0.8634686346863468,0.8477215311745041,0.8505535055350554,0.8225749502419805,0.4101937115192413,43.0,f1,0.8477215311745041
Cora,SDRF,gat,12364,0.25,0.8597785977859779,0.8437695878187539,0.8505535055350554,0.8209036285063684,0.3754160702228546,47.0,f1,0.8437695878187539
Cora,SDRF,gat,12364,0.4,0.8616236162361623,0.8439095793468605,0.8523985239852399,0.8234125770035021,0.3173773884773254,52.0,f1,0.8439095793468605
Cora,SDRF,gat,12364,0.55,0.8597785977859779,0.8411230587019426,0.8487084870848709,0.8216384524457923,0.3132068514823913,53.0,f1,0.8411230587019426
Cora,SDRF,gat,12365,0.0,0.8708487084870848,0.8576548287577861,0.8690036900369004,0.8595047205058167,0.0814197733998298,140.0,f1,0.8576548287577861
Cora,SDRF,gat,12365,0.1,0.8634686346863468,0.8546038294271471,0.8763837638376384,0.8605022956773408,0.1661369949579239,85.0,f1,0.8546038294271471
Cora,SDRF,gat,12365,0.25,0.8597785977859779,0.8516864219754563,0.8800738007380073,0.8671390574932846,0.176605150103569,82.0,f1,0.8516864219754563
Cora,SDRF,gat,12365,0.4,0.8597785977859779,0.8475934690107596,0.8690036900369004,0.8559685865998158,0.0951517149806022,149.0,f1,0.8475934690107596
Cora,SDRF,gat,12365,0.55,0.8560885608856088,0.8430715868934169,0.8800738007380073,0.8724564377160231,0.2435942441225052,62.0,f1,0.8430715868934169
Cora,SDRF,gat,12366,0.0,0.8745387453874539,0.8658913618950044,0.8708487084870848,0.8613419695648904,0.1139637231826782,102.0,f1,0.8658913618950044
Cora,SDRF,gat,12366,0.1,0.8708487084870848,0.861541843540256,0.8468634686346863,0.8383157993079742,0.0827273577451706,138.0,f1,0.861541843540256
Cora,SDRF,gat,12366,0.25,0.8671586715867159,0.8559147010413348,0.8542435424354243,0.843575718648277,0.125978797674179,102.0,f1,0.8559147010413348
Cora,SDRF,gat,12366,0.4,0.8653136531365314,0.8544939268910888,0.8376383763837638,0.8286678202588496,0.057418368756771,180.0,f1,0.8544939268910888
Cora,SDRF,gat,12366,0.55,0.8634686346863468,0.8515960514065625,0.8413284132841329,0.8306900499320857,0.0829856470227241,147.0,f1,0.8515960514065625
Cora,SDRF,gat,12367,0.0,0.8782287822878229,0.8669952586240182,0.8837638376383764,0.867220455196403,0.4417767822742462,43.0,f1,0.8669952586240182
Cora,SDRF,gat,12367,0.1,0.8653136531365314,0.8554972754193403,0.8653136531365314,0.8482095050798236,0.3276728689670563,50.0,f1,0.8554972754193403
Cora,SDRF,gat,12367,0.25,0.8653136531365314,0.853624626756319,0.8597785977859779,0.8392947460872862,0.3995514810085296,46.0,f1,0.853624626756319
Cora,SDRF,gat,12367,0.4,0.8634686346863468,0.8525979890504652,0.8597785977859779,0.8392947460872862,0.4219408333301544,45.0,f1,0.8525979890504652
Cora,SDRF,gat,12367,0.55,0.8634686346863468,0.8506560731367807,0.8523985239852399,0.8293118000153363,0.4118040800094604,46.0,f1,0.8506560731367807
Cora,SDRF,gat,12368,0.0,0.8911439114391144,0.885963350922316,0.8542435424354243,0.8535235003120657,0.1925735622644424,65.0,f1,0.885963350922316
Cora,SDRF,gat,12368,0.1,0.8763837638376384,0.8658294186152203,0.8523985239852399,0.848958147761464,0.2097921073436737,65.0,f1,0.8658294186152203
Cora,SDRF,gat,12368,0.25,0.8726937269372693,0.8610679035495955,0.8505535055350554,0.8474401667901476,0.2300201207399368,61.0,f1,0.8610679035495955
Cora,SDRF,gat,12368,0.4,0.8726937269372693,0.8612925330334721,0.8523985239852399,0.848665743033708,0.2311213612556457,64.0,f1,0.8612925330334721
Cora,SDRF,gat,12368,0.55,0.8653136531365314,0.8527670295525512,0.8431734317343174,0.8389797933400063,0.2232842147350311,65.0,f1,0.8527670295525512
Cora,SDRF,gat,12369,0.0,0.8708487084870848,0.8678621205701457,0.8560885608856088,0.8424024372386042,0.1091170310974121,108.0,f1,0.8678621205701457
Cora,SDRF,gat,12369,0.1,0.8708487084870848,0.8642247708804395,0.8413284132841329,0.8197330747942722,0.2108664363622665,65.0,f1,0.8642247708804395
Cora,SDRF,gat,12369,0.25,0.8763837638376384,0.8670092584095839,0.8413284132841329,0.817372983324462,0.2395463734865188,62.0,f1,0.8670092584095839
Cora,SDRF,gat,12369,0.4,0.8745387453874539,0.868985186575736,0.8413284132841329,0.8160355758378206,0.2229073047637939,66.0,f1,0.868985186575736
Cora,SDRF,gat,12369,0.55,0.8745387453874539,0.8698414552660338,0.8468634686346863,0.8218656303943197,0.2337917685508728,66.0,f1,0.8698414552660338
Cora,SDRF,gat,12370,0.0,0.8726937269372693,0.8713765193231628,0.8671586715867159,0.8559923650439375,0.1482728272676468,85.0,f1,0.8713765193231628
Cora,SDRF,gat,12370,0.1,0.8690036900369004,0.8666144884648989,0.8708487084870848,0.8586805771206906,0.110592745244503,115.0,f1,0.8666144884648989
Cora,SDRF,gat,12370,0.25,0.8597785977859779,0.855411940894098,0.8726937269372693,0.8601292331855424,0.1220409721136093,115.0,f1,0.855411940894098
Cora,SDRF,gat,12370,0.4,0.8597785977859779,0.8528299673817263,0.8763837638376384,0.8652023758775577,0.1007793992757797,131.0,f1,0.8528299673817263
Cora,SDRF,gat,12370,0.55,0.8616236162361623,0.8555933215456424,0.8634686346863468,0.8497499140328504,0.1284112334251403,108.0,f1,0.8555933215456424
Cora,SDRF,gat,12371,0.0,0.8892988929889298,0.8865077267063225,0.8782287822878229,0.867652727574909,0.2026135325431823,66.0,f1,0.8865077267063225
Cora,SDRF,gat,12371,0.1,0.8819188191881919,0.87763127591871,0.8819188191881919,0.8711924911834666,0.169140413403511,85.0,f1,0.87763127591871
Cora,SDRF,gat,12371,0.25,0.8837638376383764,0.876775629201583,0.8745387453874539,0.8644029356638955,0.2076830118894577,73.0,f1,0.876775629201583
Cora,SDRF,gat,12371,0.4,0.8856088560885609,0.8816904201685948,0.8745387453874539,0.8632291901342474,0.2293366938829422,69.0,f1,0.8816904201685948
Cora,SDRF,gat,12371,0.55,0.8856088560885609,0.8796527613196277,0.8782287822878229,0.8671722922348828,0.2192388325929641,73.0,f1,0.8796527613196277
Cora,SDRF,gat,12372,0.0,0.8763837638376384,0.866280656279138,0.8782287822878229,0.8774241115055238,0.1739678382873535,74.0,f1,0.866280656279138
Cora,SDRF,gat,12372,0.1,0.8708487084870848,0.8631951885104998,0.8782287822878229,0.8743124720345373,0.287370890378952,56.0,f1,0.8631951885104998
Cora,SDRF,gat,12372,0.25,0.8763837638376384,0.8693421431727414,0.8726937269372693,0.8685889409990141,0.3135261237621307,54.0,f1,0.8693421431727414
Cora,SDRF,gat,12372,0.4,0.8763837638376384,0.8703239189692491,0.8800738007380073,0.8773128953620469,0.2676627337932586,61.0,f1,0.8703239189692491
Cora,SDRF,gat,12372,0.55,0.8708487084870848,0.8638312005238313,0.8708487084870848,0.8650692188068165,0.2685780227184295,62.0,f1,0.8638312005238313
Cora,SDRF,gat,12373,0.0,0.8856088560885609,0.8864218973113358,0.8579335793357934,0.8518437041296114,0.1692180037498474,73.0,f1,0.8864218973113358
Cora,SDRF,gat,12373,0.1,0.8837638376383764,0.8790499682703506,0.8450184501845018,0.8378026156519942,0.1844339668750763,74.0,f1,0.8790499682703506
Cora,SDRF,gat,12373,0.25,0.8782287822878229,0.8738300002072036,0.8487084870848709,0.8397963654821983,0.1933784037828445,73.0,f1,0.8738300002072036
Cora,SDRF,gat,12373,0.4,0.8800738007380073,0.8744905110429748,0.8616236162361623,0.8525704587692362,0.1702805757522583,83.0,f1,0.8744905110429748
Cora,SDRF,gat,12373,0.55,0.8782287822878229,0.8709432763489284,0.8597785977859779,0.8523168155646973,0.1858893781900406,83.0,f1,0.8709432763489284
Cora,SDRF,gat,12374,0.0,0.8929889298892989,0.883480202616344,0.8708487084870848,0.8573928667629082,0.3108446896076202,50.0,f1,0.883480202616344
Cora,SDRF,gat,12374,0.1,0.8837638376383764,0.8709063766276319,0.8671586715867159,0.8519773245449133,0.334991306066513,51.0,f1,0.8709063766276319
Cora,SDRF,gat,12374,0.25,0.8874538745387454,0.8744179272619684,0.8671586715867159,0.8506428950193455,0.3490268290042877,51.0,f1,0.8744179272619684
Cora,SDRF,gat,12374,0.4,0.8819188191881919,0.8672975101922048,0.8653136531365314,0.8496184793286242,0.363942950963974,50.0,f1,0.8672975101922048
Cora,SDRF,gat,12374,0.55,0.8800738007380073,0.8663549339238095,0.8690036900369004,0.8507969588890649,0.3528327643871307,52.0,f1,0.8663549339238095
Cora,DiffWire CT,gcn,12345,,0.8136531365313653,0.7921707969252355,0.7822878228782287,0.764087094609801,0.1867700368165969,181.0,f1,0.7921707969252355
Cora,DiffWire CT,gcn,12346,,0.8136531365313653,0.7938094684678043,0.8118081180811808,0.795548423633612,0.1865236014127731,163.0,f1,0.7938094684678043
Cora,DiffWire CT,gcn,12347,,0.8136531365313653,0.7989844866525733,0.8321033210332104,0.8135180637963131,0.2089406251907348,134.0,f1,0.7989844866525733
Cora,DiffWire CT,gcn,12348,,0.7970479704797048,0.7811486830299762,0.7988929889298892,0.7851402591681192,0.2219684422016143,117.0,f1,0.7811486830299762
Cora,DiffWire CT,gcn,12349,,0.8081180811808119,0.7889957644777577,0.8173431734317343,0.7936010138239992,0.2031368166208267,178.0,f1,0.7889957644777577
Cora,DiffWire CT,gcn,12350,,0.8154981549815498,0.8008596782433992,0.8118081180811808,0.8053231329005374,0.2066187560558319,160.0,f1,0.8008596782433992
Cora,DiffWire CT,gcn,12351,,0.8173431734317343,0.7986449375694356,0.8007380073800738,0.788868924196343,0.2695506513118744,70.0,f1,0.7986449375694356
Cora,DiffWire CT,gcn,12352,,0.8265682656826568,0.8161303466089643,0.8025830258302583,0.7805518282454782,0.2464601099491119,86.0,f1,0.8161303466089643
Cora,DiffWire CT,gcn,12353,,0.8173431734317343,0.8069341826976698,0.8191881918819188,0.7964559497329916,0.2707417011260986,71.0,f1,0.8069341826976698
Cora,DiffWire CT,gcn,12354,,0.8025830258302583,0.7826626545025873,0.7988929889298892,0.7887332893911841,0.2065227329730987,130.0,f1,0.7826626545025873
Cora,DiffWire CT,gcn,12355,,0.7878228782287823,0.7771462537993344,0.8173431734317343,0.8007486604346806,0.198477104306221,150.0,f1,0.7771462537993344
Cora,DiffWire CT,gcn,12356,,0.8191881918819188,0.7945339091058264,0.7988929889298892,0.7958249795478819,0.1914409697055816,208.0,f1,0.7945339091058264
Cora,DiffWire CT,gcn,12357,,0.8062730627306273,0.8019115295793057,0.8247232472324724,0.8043032687988733,0.2196074426174163,129.0,f1,0.8019115295793057
Cora,DiffWire CT,gcn,12358,,0.8210332103321033,0.8049500980398239,0.7878228782287823,0.759003589284452,0.2608839869499206,70.0,f1,0.8049500980398239
Cora,DiffWire CT,gcn,12359,,0.8044280442804428,0.7884702452049526,0.7804428044280443,0.7623296697587597,0.2721277773380279,75.0,f1,0.7884702452049526
Cora,DiffWire CT,gcn,12360,,0.8062730627306273,0.7891440331223977,0.8228782287822878,0.8038538675039694,0.1969815492630005,161.0,f1,0.7891440331223977
Cora,DiffWire CT,gcn,12361,,0.8007380073800738,0.7820846311070637,0.7915129151291513,0.7782830090456196,0.1856558322906494,258.0,f1,0.7820846311070637
Cora,DiffWire CT,gcn,12362,,0.8247232472324724,0.8195342189668209,0.7952029520295203,0.7812655562048018,0.1977242678403854,154.0,f1,0.8195342189668209
Cora,DiffWire CT,gcn,12363,,0.8210332103321033,0.8057525891548646,0.7730627306273062,0.7537413999460549,0.1900408864021301,196.0,f1,0.8057525891548646
Cora,DiffWire CT,gcn,12364,,0.8357933579335793,0.8163702223959968,0.7915129151291513,0.7688001080349114,0.2331701219081878,106.0,f1,0.8163702223959968
Cora,DiffWire CT,gcn,12365,,0.7785977859778598,0.7606018667165185,0.7988929889298892,0.7750301730424746,0.1866643875837326,156.0,f1,0.7606018667165185
Cora,DiffWire CT,gcn,12366,,0.8118081180811808,0.7919825691554047,0.8247232472324724,0.813173007981764,0.1966143697500229,158.0,f1,0.7919825691554047
Cora,DiffWire CT,gcn,12367,,0.7988929889298892,0.7727963046107792,0.8247232472324724,0.798807766865821,0.231296420097351,104.0,f1,0.7727963046107792
Cora,DiffWire CT,gcn,12368,,0.8007380073800738,0.7849483753375708,0.7656826568265682,0.7467453032143059,0.2011785805225372,152.0,f1,0.7849483753375708
Cora,DiffWire CT,gcn,12369,,0.8136531365313653,0.7968313394849709,0.7859778597785978,0.7658637866119253,0.1928326487541198,142.0,f1,0.7968313394849709
Cora,DiffWire CT,gcn,12370,,0.7988929889298892,0.7837752373207841,0.7988929889298892,0.7713065526617527,0.1876462697982788,168.0,f1,0.7837752373207841
Cora,DiffWire CT,gcn,12371,,0.8191881918819188,0.7910411546779932,0.8081180811808119,0.7832139002978559,0.3578526973724365,53.0,f1,0.7910411546779932
Cora,DiffWire CT,gcn,12372,,0.8228782287822878,0.8071380992522718,0.8136531365313653,0.7981381515464714,0.1979927122592926,209.0,f1,0.8071380992522718
Cora,DiffWire CT,gcn,12373,,0.8154981549815498,0.8066487526980662,0.7767527675276753,0.7489212327256106,0.1863047629594802,177.0,f1,0.8066487526980662
Cora,DiffWire CT,gcn,12374,,0.8154981549815498,0.7988641530884094,0.8154981549815498,0.7886239478529656,0.2026208937168121,203.0,f1,0.7988641530884094
Cornell,SDRF,gcn,12345,0.0,0.4594594594594595,0.366890756302521,0.4324324324324324,0.3701098901098901,0.0809325352311134,368.0,f1,0.366890756302521
Cornell,SDRF,gcn,12345,0.1,0.4594594594594595,0.3862114356232003,0.4324324324324324,0.3764760729466611,0.09066753834486,370.0,f1,0.3862114356232003
Cornell,SDRF,gcn,12345,0.25,0.4324324324324324,0.3738888888888889,0.4054054054054054,0.3536596736596736,0.0949320867657661,368.0,f1,0.3738888888888889
Cornell,SDRF,gcn,12345,0.4,0.4054054054054054,0.351647509578544,0.4324324324324324,0.3489189189189189,0.1579208225011825,175.0,f1,0.351647509578544
Cornell,SDRF,gcn,12345,0.55,0.4324324324324324,0.3967537443399512,0.3783783783783784,0.2896881496881497,0.0987023115158081,319.0,f1,0.3967537443399512
Cornell,SDRF,gcn,12346,0.0,0.5945945945945946,0.5321428571428571,0.5135135135135135,0.33003003003003,0.1488849520683288,222.0,f1,0.5321428571428571
Cornell,SDRF,gcn,12346,0.1,0.5135135135135135,0.5232804232804232,0.4324324324324324,0.3333333333333333,0.1235892474651336,301.0,f1,0.5232804232804232
Cornell,SDRF,gcn,12346,0.25,0.5675675675675675,0.5301120448179273,0.4324324324324324,0.2916666666666666,0.1506915539503097,386.0,f1,0.5301120448179273
Cornell,SDRF,gcn,12346,0.4,0.5945945945945946,0.5264285714285715,0.4594594594594595,0.2939402560455192,0.1922830939292907,208.0,f1,0.5264285714285715
Cornell,SDRF,gcn,12346,0.55,0.5405405405405406,0.5228934404977963,0.4324324324324324,0.3059829059829059,0.2172295004129409,185.0,f1,0.5228934404977963
Cornell,SDRF,gcn,12347,0.0,0.4864864864864865,0.4056286142642964,0.3783783783783784,0.3309090909090909,0.1498728990554809,228.0,f1,0.4056286142642964
Cornell,SDRF,gcn,12347,0.1,0.4054054054054054,0.406073926073926,0.3513513513513513,0.2666666666666666,0.1352536529302597,374.0,f1,0.406073926073926
Cornell,SDRF,gcn,12347,0.25,0.3243243243243243,0.3192728197304856,0.1621621621621621,0.1206349206349206,0.2662563621997833,92.0,f1,0.3192728197304856
Cornell,SDRF,gcn,12347,0.4,0.4594594594594595,0.3693106893106893,0.2972972972972973,0.2536645962732919,0.1599305123090744,224.0,f1,0.3693106893106893
Cornell,SDRF,gcn,12347,0.55,0.4864864864864865,0.3619047619047618,0.3513513513513513,0.2267391304347826,0.1374084949493408,228.0,f1,0.3619047619047618
Cornell,SDRF,gcn,12348,0.0,0.5135135135135135,0.5335449735449735,0.4864864864864865,0.4475132275132275,0.2102196961641311,87.0,f1,0.5335449735449735
Cornell,SDRF,gcn,12348,0.1,0.3513513513513513,0.3921052631578947,0.4054054054054054,0.3759147869674185,0.1687894165515899,80.0,f1,0.3921052631578947
Cornell,SDRF,gcn,12348,0.25,0.4324324324324324,0.4887878787878789,0.4594594594594595,0.4191919191919192,0.2461023926734924,87.0,f1,0.4887878787878789
Cornell,SDRF,gcn,12348,0.4,0.3783783783783784,0.4372727272727273,0.4054054054054054,0.3565656565656566,0.2369666546583175,87.0,f1,0.4372727272727273
Cornell,SDRF,gcn,12348,0.55,0.3783783783783784,0.3808465608465609,0.4864864864864865,0.4374883286647992,0.2248992770910263,115.0,f1,0.3808465608465609
Cornell,SDRF,gcn,12349,0.0,0.5405405405405406,0.4827119117441698,0.4594594594594595,0.320952380952381,0.1348439902067184,142.0,f1,0.4827119117441698
Cornell,SDRF,gcn,12349,0.1,0.5135135135135135,0.4901648351648351,0.4864864864864865,0.3762301587301587,0.091766320168972,333.0,f1,0.4901648351648351
Cornell,SDRF,gcn,12349,0.25,0.5135135135135135,0.4476587301587301,0.5135135135135135,0.3099159663865546,0.084232248365879,316.0,f1,0.4476587301587301
Cornell,SDRF,gcn,12349,0.4,0.4324324324324324,0.3534767025089605,0.3783783783783784,0.3314285714285714,0.0972776934504509,400.0,f1,0.3534767025089605
Cornell,SDRF,gcn,12349,0.55,0.4324324324324324,0.3766214177978884,0.3783783783783784,0.2683333333333333,0.1383167654275894,290.0,f1,0.3766214177978884
Cornell,SDRF,gcn,12350,0.0,0.4054054054054054,0.3638888888888889,0.3243243243243243,0.2767104542966612,0.1395833045244217,93.0,f1,0.3638888888888889
Cornell,SDRF,gcn,12350,0.1,0.4594594594594595,0.3681746031746032,0.3243243243243243,0.2815384615384615,0.1261876374483108,98.0,f1,0.3681746031746032
Cornell,SDRF,gcn,12350,0.25,0.5135135135135135,0.3893939393939393,0.4054054054054054,0.3491242091242091,0.1160575598478317,232.0,f1,0.3893939393939393
Cornell,SDRF,gcn,12350,0.4,0.4864864864864865,0.4044290834613415,0.3783783783783784,0.2633817795108117,0.1954193115234375,112.0,f1,0.4044290834613415
Cornell,SDRF,gcn,12350,0.55,0.4864864864864865,0.4054761904761904,0.4594594594594595,0.4056195596518177,0.0694139972329139,371.0,f1,0.4054761904761904
Cornell,SDRF,gcn,12351,0.0,0.6216216216216216,0.546505376344086,0.4054054054054054,0.2809523809523809,0.231942743062973,256.0,f1,0.546505376344086
Cornell,SDRF,gcn,12351,0.1,0.5945945945945946,0.5571012498566679,0.3243243243243243,0.2428571428571428,0.1220599561929702,226.0,f1,0.5571012498566679
Cornell,SDRF,gcn,12351,0.25,0.5135135135135135,0.4718614718614718,0.2432432432432432,0.2040914251440567,0.2434736937284469,111.0,f1,0.4718614718614718
Cornell,SDRF,gcn,12351,0.4,0.5405405405405406,0.4932844932844933,0.2972972972972973,0.2574358974358974,0.2706039249897003,135.0,f1,0.4932844932844933
Cornell,SDRF,gcn,12351,0.55,0.6486486486486487,0.5828817733990148,0.3243243243243243,0.2536531568789633,0.1612520813941955,341.0,f1,0.5828817733990148
Cornell,SDRF,gcn,12352,0.0,0.5405405405405406,0.3970942140296979,0.4054054054054054,0.2680555555555555,0.1275356858968734,170.0,f1,0.3970942140296979
Cornell,SDRF,gcn,12352,0.1,0.5135135135135135,0.3685227854582694,0.4594594594594595,0.4032183908045977,0.1702751070261001,101.0,f1,0.3685227854582694
Cornell,SDRF,gcn,12352,0.25,0.5135135135135135,0.3681521093285799,0.4864864864864865,0.3747625726307353,0.2312844693660736,83.0,f1,0.3681521093285799
Cornell,SDRF,gcn,12352,0.4,0.4594594594594595,0.3388095238095238,0.4054054054054054,0.2942857142857143,0.0985469296574592,318.0,f1,0.3388095238095238
Cornell,SDRF,gcn,12352,0.55,0.3513513513513513,0.2836105476673428,0.4594594594594595,0.4177289377289377,0.1095819994807243,296.0,f1,0.2836105476673428
Cornell,SDRF,gcn,12353,0.0,0.4054054054054054,0.3607865818392134,0.4054054054054054,0.2268398268398268,0.0944166183471679,354.0,f1,0.3607865818392134
Cornell,SDRF,gcn,12353,0.1,0.4864864864864865,0.4061904761904761,0.3513513513513513,0.2446428571428571,0.1470625102519989,258.0,f1,0.4061904761904761
Cornell,SDRF,gcn,12353,0.25,0.4324324324324324,0.3102597402597403,0.3783783783783784,0.2465446318387495,0.0901130512356758,313.0,f1,0.3102597402597403
Cornell,SDRF,gcn,12353,0.4,0.3783783783783784,0.3083266159128228,0.3783783783783784,0.274504662004662,0.1715248376131057,187.0,f1,0.3083266159128228
Cornell,SDRF,gcn,12353,0.55,0.4054054054054054,0.3266103156805243,0.4054054054054054,0.265112665112665,0.113303393125534,296.0,f1,0.3266103156805243
Cornell,SDRF,gcn,12354,0.0,0.5405405405405406,0.4254761904761904,0.5675675675675675,0.4183643383643384,0.2047384530305862,201.0,f1,0.4254761904761904
Cornell,SDRF,gcn,12354,0.1,0.2972972972972973,0.3008547008547008,0.5405405405405406,0.4338579067990832,0.2145620584487915,141.0,f1,0.3008547008547008
Cornell,SDRF,gcn,12354,0.25,0.4324324324324324,0.2973739495798319,0.4864864864864865,0.3754422048539695,0.1940180361270904,203.0,f1,0.2973739495798319
Cornell,SDRF,gcn,12354,0.4,0.4594594594594595,0.3226974164355568,0.4324324324324324,0.3462454212454212,0.2517242729663849,204.0,f1,0.3226974164355568
Cornell,SDRF,gcn,12354,0.55,0.4864864864864865,0.4302199413489735,0.4324324324324324,0.3703463203463203,0.0978958159685134,307.0,f1,0.4302199413489735
Cornell,SDRF,gcn,12355,0.0,0.5945945945945946,0.5018648018648019,0.3243243243243243,0.2623809523809524,0.2333524972200393,119.0,f1,0.5018648018648019
Cornell,SDRF,gcn,12355,0.1,0.5675675675675675,0.4777183600713012,0.3513513513513513,0.3538140417457305,0.1324055045843124,181.0,f1,0.4777183600713012
Cornell,SDRF,gcn,12355,0.25,0.5945945945945946,0.5354621848739496,0.2702702702702703,0.2748638838475499,0.0469770841300487,347.0,f1,0.5354621848739496
Cornell,SDRF,gcn,12355,0.4,0.5945945945945946,0.4606773618538325,0.2972972972972973,0.2986111111111111,0.047169703990221,380.0,f1,0.4606773618538325
Cornell,SDRF,gcn,12355,0.55,0.5405405405405406,0.4564069264069264,0.4324324324324324,0.2937384184443008,0.138732224702835,227.0,f1,0.4564069264069264
Cornell,SDRF,gcn,12356,0.0,0.5405405405405406,0.3875457875457876,0.3783783783783784,0.2538140417457305,0.0696548745036125,389.0,f1,0.3875457875457876
Cornell,SDRF,gcn,12356,0.1,0.4864864864864865,0.3220779220779221,0.4054054054054054,0.2625,0.0752025097608566,388.0,f1,0.3220779220779221
Cornell,SDRF,gcn,12356,0.25,0.3513513513513513,0.2735384615384615,0.4054054054054054,0.2770114942528735,0.1810185611248016,115.0,f1,0.2735384615384615
Cornell,SDRF,gcn,12356,0.4,0.3783783783783784,0.28110661268556,0.4054054054054054,0.308994708994709,0.2682998478412628,92.0,f1,0.28110661268556
Cornell,SDRF,gcn,12356,0.55,0.4324324324324324,0.3465446318387495,0.3783783783783784,0.2407239819004525,0.1040024533867836,388.0,f1,0.3465446318387495
Cornell,SDRF,gcn,12357,0.0,0.5405405405405406,0.4859162895927602,0.4324324324324324,0.2453724053724054,0.1132037565112114,373.0,f1,0.4859162895927602
Cornell,SDRF,gcn,12357,0.1,0.4864864864864865,0.4317460317460318,0.3783783783783784,0.2177777777777778,0.0703030973672866,320.0,f1,0.4317460317460318
Cornell,SDRF,gcn,12357,0.25,0.5135135135135135,0.4482205513784462,0.3243243243243243,0.1685470085470085,0.1617974042892456,154.0,f1,0.4482205513784462
Cornell,SDRF,gcn,12357,0.4,0.4594594594594595,0.4496581196581196,0.3243243243243243,0.2332431575215955,0.0654759854078292,381.0,f1,0.4496581196581196
Cornell,SDRF,gcn,12357,0.55,0.5675675675675675,0.4926050420168066,0.3783783783783784,0.2706293706293706,0.0928952768445015,360.0,f1,0.4926050420168066
Cornell,SDRF,gcn,12358,0.0,0.4864864864864865,0.4503448275862068,0.5135135135135135,0.3701754385964912,0.0965030640363693,351.0,f1,0.4503448275862068
Cornell,SDRF,gcn,12358,0.1,0.5405405405405406,0.4433179723502304,0.5135135135135135,0.4042857142857142,0.1125290170311927,332.0,f1,0.4433179723502304
Cornell,SDRF,gcn,12358,0.25,0.4594594594594595,0.4135776532835356,0.4324324324324324,0.3329474548440066,0.0949695482850074,194.0,f1,0.4135776532835356
Cornell,SDRF,gcn,12358,0.4,0.5135135135135135,0.4361751152073732,0.4864864864864865,0.3548872180451127,0.1272951066493988,294.0,f1,0.4361751152073732
Cornell,SDRF,gcn,12358,0.55,0.4324324324324324,0.4098679098679099,0.4054054054054054,0.2734586466165413,0.1354334950447082,344.0,f1,0.4098679098679099
Cornell,SDRF,gcn,12359,0.0,0.5135135135135135,0.4346428571428571,0.5135135135135135,0.3265359477124183,0.1120731830596923,223.0,f1,0.4346428571428571
Cornell,SDRF,gcn,12359,0.1,0.5135135135135135,0.4216450216450216,0.4594594594594595,0.2646153846153846,0.069080002605915,377.0,f1,0.4216450216450216
Cornell,SDRF,gcn,12359,0.25,0.4594594594594595,0.3828571428571428,0.4324324324324324,0.275,0.1045465618371963,305.0,f1,0.3828571428571428
Cornell,SDRF,gcn,12359,0.4,0.4864864864864865,0.4229474548440065,0.4054054054054054,0.2553608553608554,0.0804967358708381,386.0,f1,0.4229474548440065
Cornell,SDRF,gcn,12359,0.55,0.4324324324324324,0.3754761904761904,0.4864864864864865,0.2963963963963963,0.1606443077325821,400.0,f1,0.3754761904761904
Cornell,SDRF,gcn,12360,0.0,0.4324324324324324,0.3690756302521009,0.3243243243243243,0.2771706454465075,0.1785711199045181,101.0,f1,0.3690756302521009
Cornell,SDRF,gcn,12360,0.1,0.4054054054054054,0.369047619047619,0.3513513513513513,0.261031746031746,0.125270739197731,232.0,f1,0.369047619047619
Cornell,SDRF,gcn,12360,0.25,0.4054054054054054,0.3166666666666666,0.4594594594594595,0.3199023199023199,0.235293447971344,138.0,f1,0.3166666666666666
Cornell,SDRF,gcn,12360,0.4,0.4054054054054054,0.3617216117216116,0.4594594594594595,0.3607226107226107,0.09644016623497,313.0,f1,0.3617216117216116
Cornell,SDRF,gcn,12360,0.55,0.4054054054054054,0.3349206349206349,0.3243243243243243,0.2028501228501228,0.1959811598062515,148.0,f1,0.3349206349206349
Cornell,SDRF,gcn,12361,0.0,0.4324324324324324,0.3833333333333333,0.5135135135135135,0.3656015037593985,0.0735731571912765,316.0,f1,0.3833333333333333
Cornell,SDRF,gcn,12361,0.1,0.4324324324324324,0.3296428571428572,0.3783783783783784,0.2695238095238095,0.1082932651042938,299.0,f1,0.3296428571428572
Cornell,SDRF,gcn,12361,0.25,0.3783783783783784,0.3140659340659341,0.2162162162162162,0.1439655172413793,0.0970145314931869,277.0,f1,0.3140659340659341
Cornell,SDRF,gcn,12361,0.4,0.4324324324324324,0.4078970049558285,0.2432432432432432,0.1711827956989247,0.1485909521579742,195.0,f1,0.4078970049558285
Cornell,SDRF,gcn,12361,0.55,0.3783783783783784,0.3214797747055811,0.4324324324324324,0.3176470588235294,0.2357122749090194,166.0,f1,0.3214797747055811
Cornell,SDRF,gcn,12362,0.0,0.5945945945945946,0.4047811837285522,0.4594594594594595,0.3616161616161616,0.0860059559345245,373.0,f1,0.4047811837285522
Cornell,SDRF,gcn,12362,0.1,0.5945945945945946,0.4355555555555555,0.4324324324324324,0.3192082771030139,0.0829554572701454,375.0,f1,0.4355555555555555
Cornell,SDRF,gcn,12362,0.25,0.5675675675675675,0.3962987012987013,0.4864864864864865,0.2725402504472272,0.0937338471412658,234.0,f1,0.3962987012987013
Cornell,SDRF,gcn,12362,0.4,0.4594594594594595,0.366394307446939,0.4594594594594595,0.2994315625894573,0.1122677847743034,254.0,f1,0.366394307446939
Cornell,SDRF,gcn,12362,0.55,0.3783783783783784,0.3370048309178744,0.4054054054054054,0.2729554655870445,0.1245085969567298,234.0,f1,0.3370048309178744
Cornell,SDRF,gcn,12363,0.0,0.4054054054054054,0.4033660130718954,0.2972972972972973,0.2498982498982498,0.0509413965046405,391.0,f1,0.4033660130718954
Cornell,SDRF,gcn,12363,0.1,0.3783783783783784,0.3157796451914099,0.3513513513513513,0.236551724137931,0.0720482468605041,155.0,f1,0.3157796451914099
Cornell,SDRF,gcn,12363,0.25,0.3513513513513513,0.3415140836393208,0.4054054054054054,0.3150700280112045,0.1429622322320938,97.0,f1,0.3415140836393208
Cornell,SDRF,gcn,12363,0.4,0.3243243243243243,0.3375925925925925,0.3243243243243243,0.2438888888888889,0.1420752257108688,141.0,f1,0.3375925925925925
Cornell,SDRF,gcn,12363,0.55,0.3243243243243243,0.3107692307692307,0.2432432432432432,0.1843137254901961,0.1146511435508728,179.0,f1,0.3107692307692307
Cornell,SDRF,gcn,12364,0.0,0.4054054054054054,0.3691707717569786,0.2702702702702703,0.128066528066528,0.1230739280581474,125.0,f1,0.3691707717569786
Cornell,SDRF,gcn,12364,0.1,0.4324324324324324,0.3824465856723921,0.3783783783783784,0.2859010270774976,0.0935986712574958,312.0,f1,0.3824465856723921
Cornell,SDRF,gcn,12364,0.25,0.4324324324324324,0.3920634920634921,0.3513513513513513,0.1917460317460317,0.1660951524972915,135.0,f1,0.3920634920634921
Cornell,SDRF,gcn,12364,0.4,0.4054054054054054,0.3536945812807882,0.2702702702702703,0.1907407407407407,0.1351051777601242,280.0,f1,0.3536945812807882
Cornell,SDRF,gcn,12364,0.55,0.4594594594594595,0.3550582750582751,0.3783783783783784,0.2392156862745098,0.1137581244111061,269.0,f1,0.3550582750582751
Cornell,SDRF,gcn,12365,0.0,0.4054054054054054,0.4153174603174603,0.4594594594594595,0.3412923790205737,0.1166118830442428,339.0,f1,0.4153174603174603
Cornell,SDRF,gcn,12365,0.1,0.4594594594594595,0.4375975748389542,0.4594594594594595,0.3378417818740399,0.0937981978058815,338.0,f1,0.4375975748389542
Cornell,SDRF,gcn,12365,0.25,0.4864864864864865,0.4775975748389541,0.3783783783783784,0.2422746521476104,0.1860890239477157,196.0,f1,0.4775975748389541
Cornell,SDRF,gcn,12365,0.4,0.4054054054054054,0.3939194139194139,0.3513513513513513,0.2584033613445378,0.1100996956229209,342.0,f1,0.3939194139194139
Cornell,SDRF,gcn,12365,0.55,0.3783783783783784,0.3792857142857143,0.1351351351351351,0.1288511132904725,0.1923779100179672,192.0,f1,0.3792857142857143
Cornell,SDRF,gcn,12366,0.0,0.4864864864864865,0.442091242091242,0.5405405405405406,0.409982174688057,0.130900427699089,322.0,f1,0.442091242091242
Cornell,SDRF,gcn,12366,0.1,0.4594594594594595,0.4292242703533026,0.4594594594594595,0.36,0.0947777554392814,322.0,f1,0.4292242703533026
Cornell,SDRF,gcn,12366,0.25,0.4864864864864865,0.4262871600253004,0.2972972972972973,0.2075384615384615,0.1136481612920761,378.0,f1,0.4262871600253004
Cornell,SDRF,gcn,12366,0.4,0.4594594594594595,0.4187878787878788,0.3243243243243243,0.223667711598746,0.1372075378894806,306.0,f1,0.4187878787878788
Cornell,SDRF,gcn,12366,0.55,0.5135135135135135,0.4336974789915966,0.3783783783783784,0.3171624074849881,0.1045289114117622,314.0,f1,0.4336974789915966
Cornell,SDRF,gcn,12367,0.0,0.5405405405405406,0.4547619047619046,0.5405405405405406,0.3409523809523809,0.2414768934249878,104.0,f1,0.4547619047619046
Cornell,SDRF,gcn,12367,0.1,0.4594594594594595,0.4226579520697168,0.5405405405405406,0.4225438596491228,0.1207214817404747,266.0,f1,0.4226579520697168
Cornell,SDRF,gcn,12367,0.25,0.4864864864864865,0.4609090909090909,0.4864864864864865,0.2981366459627329,0.1183917075395584,269.0,f1,0.4609090909090909
Cornell,SDRF,gcn,12367,0.4,0.5135135135135135,0.5111111111111111,0.5405405405405406,0.4551082251082251,0.1540450304746627,206.0,f1,0.5111111111111111
Cornell,SDRF,gcn,12367,0.55,0.4594594594594595,0.3693581780538302,0.4594594594594595,0.309665071770335,0.3156920373439789,105.0,f1,0.3693581780538302
Cornell,SDRF,gcn,12368,0.0,0.5675675675675675,0.408065268065268,0.4594594594594595,0.2711078395288921,0.0940387025475502,377.0,f1,0.408065268065268
Cornell,SDRF,gcn,12368,0.1,0.4594594594594595,0.4228571428571429,0.3243243243243243,0.2307692307692307,0.1722763776779174,137.0,f1,0.4228571428571429
Cornell,SDRF,gcn,12368,0.25,0.4864864864864865,0.4532019704433497,0.3243243243243243,0.144360902255639,0.1970810145139694,141.0,f1,0.4532019704433497
Cornell,SDRF,gcn,12368,0.4,0.4864864864864865,0.3876190476190476,0.3513513513513513,0.1533333333333333,0.0860435664653778,369.0,f1,0.3876190476190476
Cornell,SDRF,gcn,12368,0.55,0.6216216216216216,0.504078624078624,0.2972972972972973,0.1658687258687258,0.2170699536800384,244.0,f1,0.504078624078624
Cornell,SDRF,gcn,12369,0.0,0.5135135135135135,0.456654970760234,0.4324324324324324,0.4226107226107226,0.1707125008106231,175.0,f1,0.456654970760234
Cornell,SDRF,gcn,12369,0.1,0.5135135135135135,0.4656441102756893,0.4324324324324324,0.367420814479638,0.1374792456626892,175.0,f1,0.4656441102756893
Cornell,SDRF,gcn,12369,0.25,0.5135135135135135,0.4852026143790851,0.4054054054054054,0.3262337662337662,0.1686629056930542,150.0,f1,0.4852026143790851
Cornell,SDRF,gcn,12369,0.4,0.4864864864864865,0.3896296296296296,0.2972972972972973,0.2470588235294117,0.1288162320852279,162.0,f1,0.3896296296296296
Cornell,SDRF,gcn,12369,0.55,0.4594594594594595,0.4198701298701299,0.3243243243243243,0.2733333333333333,0.0572344176471233,380.0,f1,0.4198701298701299
Cornell,SDRF,gcn,12370,0.0,0.4864864864864865,0.3929733349088188,0.4324324324324324,0.3178571428571429,0.2062182873487472,145.0,f1,0.3929733349088188
Cornell,SDRF,gcn,12370,0.1,0.4594594594594595,0.3816666666666666,0.2702702702702703,0.1763347763347763,0.1309423297643661,396.0,f1,0.3816666666666666
Cornell,SDRF,gcn,12370,0.25,0.4594594594594595,0.3690322580645161,0.2702702702702703,0.1542986425339366,0.118134967982769,364.0,f1,0.3690322580645161
Cornell,SDRF,gcn,12370,0.4,0.4594594594594595,0.4153297682709447,0.3783783783783784,0.2324926686217009,0.1440464705228805,364.0,f1,0.4153297682709447
Cornell,SDRF,gcn,12370,0.55,0.5135135135135135,0.4595749348690525,0.3243243243243243,0.2192857142857143,0.1339463889598846,280.0,f1,0.4595749348690525
Cornell,SDRF,gcn,12371,0.0,0.5405405405405406,0.4247899159663865,0.5135135135135135,0.4198879551820728,0.1242848634719848,261.0,f1,0.4247899159663865
Cornell,SDRF,gcn,12371,0.1,0.5135135135135135,0.3712698412698413,0.5675675675675675,0.3553846153846154,0.1612118333578109,131.0,f1,0.3712698412698413
Cornell,SDRF,gcn,12371,0.25,0.5135135135135135,0.392436974789916,0.4594594594594595,0.2738562091503268,0.1137171909213066,308.0,f1,0.392436974789916
Cornell,SDRF,gcn,12371,0.4,0.5675675675675675,0.4357575757575757,0.3783783783783784,0.2554621848739495,0.2280427664518356,132.0,f1,0.4357575757575757
Cornell,SDRF,gcn,12371,0.55,0.5675675675675675,0.4830065359477123,0.5135135135135135,0.3665244559362207,0.3011410236358642,135.0,f1,0.4830065359477123
Cornell,SDRF,gcn,12372,0.0,0.4054054054054054,0.3392592592592592,0.4054054054054054,0.3805616605616606,0.0877236872911453,166.0,f1,0.3392592592592592
Cornell,SDRF,gcn,12372,0.1,0.4324324324324324,0.292063492063492,0.3783783783783784,0.3598245614035087,0.0727137997746467,277.0,f1,0.292063492063492
Cornell,SDRF,gcn,12372,0.25,0.4324324324324324,0.3,0.3513513513513513,0.3403921568627451,0.0762554407119751,260.0,f1,0.3
Cornell,SDRF,gcn,12372,0.4,0.4324324324324324,0.3339861751152074,0.3513513513513513,0.3323076923076923,0.0952631905674934,393.0,f1,0.3339861751152074
Cornell,SDRF,gcn,12372,0.55,0.4594594594594595,0.3602288392610973,0.3783783783783784,0.3406393606393606,0.132047027349472,378.0,f1,0.3602288392610973
Cornell,SDRF,gcn,12373,0.0,0.4054054054054054,0.2997263273125342,0.4594594594594595,0.2599190283400809,0.2052466571331024,105.0,f1,0.2997263273125342
Cornell,SDRF,gcn,12373,0.1,0.3783783783783784,0.3269691470054446,0.5405405405405406,0.3096846846846847,0.1320932060480117,101.0,f1,0.3269691470054446
Cornell,SDRF,gcn,12373,0.25,0.4324324324324324,0.4086641553172992,0.4864864864864865,0.2960927960927961,0.0584015250205993,375.0,f1,0.4086641553172992
Cornell,SDRF,gcn,12373,0.4,0.4594594594594595,0.4517653993516062,0.5675675675675675,0.396812865497076,0.1329586207866668,278.0,f1,0.4517653993516062
Cornell,SDRF,gcn,12373,0.55,0.4054054054054054,0.3443137254901961,0.5135135135135135,0.4113886113886114,0.0538178496062755,348.0,f1,0.3443137254901961
Cornell,SDRF,gcn,12374,0.0,0.4864864864864865,0.3994139194139194,0.3783783783783784,0.3041176470588235,0.128175288438797,242.0,f1,0.3994139194139194
Cornell,SDRF,gcn,12374,0.1,0.5405405405405406,0.4124384236453202,0.3513513513513513,0.2125,0.1747428774833679,302.0,f1,0.4124384236453202
Cornell,SDRF,gcn,12374,0.25,0.5945945945945946,0.4717893217893217,0.4594594594594595,0.2557142857142856,0.1364004462957382,192.0,f1,0.4717893217893217
Cornell,SDRF,gcn,12374,0.4,0.4864864864864865,0.4022222222222222,0.4324324324324324,0.3418315018315018,0.1766908317804336,129.0,f1,0.4022222222222222
Cornell,SDRF,gcn,12374,0.55,0.5675675675675675,0.4919002050580998,0.3243243243243243,0.1954941116231439,0.0802913382649421,362.0,f1,0.4919002050580998
Cornell,SDRF,sage,12345,0.0,0.6486486486486487,0.6078431372549019,0.5675675675675675,0.3255417956656347,0.081932857632637,76.0,f1,0.6078431372549019
Cornell,SDRF,sage,12345,0.1,0.6486486486486487,0.5647058823529412,0.6216216216216216,0.3552631578947368,0.152435764670372,75.0,f1,0.5647058823529412
Cornell,SDRF,sage,12345,0.25,0.6756756756756757,0.5235714285714286,0.5675675675675675,0.2833333333333333,0.1647240817546844,67.0,f1,0.5235714285714286
Cornell,SDRF,sage,12345,0.4,0.7297297297297297,0.6306926406926407,0.6216216216216216,0.3722222222222222,0.2337329238653183,70.0,f1,0.6306926406926407
Cornell,SDRF,sage,12345,0.55,0.6756756756756757,0.5976604278074866,0.5675675675675675,0.2912280701754386,0.1650305092334747,69.0,f1,0.5976604278074866
Cornell,SDRF,sage,12346,0.0,0.7567567567567568,0.6365079365079366,0.7837837837837838,0.6088888888888888,0.0396652780473232,96.0,f1,0.6365079365079366
Cornell,SDRF,sage,12346,0.1,0.7297297297297297,0.6418614718614718,0.6756756756756757,0.5157142857142857,0.0776491314172744,78.0,f1,0.6418614718614718
Cornell,SDRF,sage,12346,0.25,0.7297297297297297,0.6426984126984128,0.7027027027027027,0.5172586872586873,0.0292517337948083,99.0,f1,0.6426984126984128
Cornell,SDRF,sage,12346,0.4,0.7297297297297297,0.67,0.6756756756756757,0.519047619047619,0.0422843396663665,86.0,f1,0.67
Cornell,SDRF,sage,12346,0.55,0.7297297297297297,0.6288288288288288,0.7297297297297297,0.5522875816993464,0.020967623218894,137.0,f1,0.6288288288288288
Cornell,SDRF,sage,12347,0.0,0.7567567567567568,0.6804545454545454,0.6486486486486487,0.5593650793650794,0.0569026060402393,147.0,f1,0.6804545454545454
Cornell,SDRF,sage,12347,0.1,0.7567567567567568,0.6474386724386725,0.6756756756756757,0.5022644022644023,0.2022459208965301,69.0,f1,0.6474386724386725
Cornell,SDRF,sage,12347,0.25,0.7567567567567568,0.6347058823529412,0.5945945945945946,0.4569403224084552,0.3196816742420196,56.0,f1,0.6347058823529412
Cornell,SDRF,sage,12347,0.4,0.7027027027027027,0.5901392301392302,0.6486486486486487,0.5023076923076923,0.2193867266178131,62.0,f1,0.5901392301392302
Cornell,SDRF,sage,12347,0.55,0.7297297297297297,0.6203174603174604,0.7027027027027027,0.530921052631579,0.1851543337106704,69.0,f1,0.6203174603174604
Cornell,SDRF,sage,12348,0.0,0.7027027027027027,0.6157509157509157,0.7027027027027027,0.5247058823529411,0.0047426004894077,196.0,f1,0.6157509157509157
Cornell,SDRF,sage,12348,0.1,0.6756756756756757,0.589518668466037,0.7027027027027027,0.5247058823529411,0.0313874334096908,95.0,f1,0.589518668466037
Cornell,SDRF,sage,12348,0.25,0.6756756756756757,0.5538461538461539,0.6756756756756757,0.5093650793650794,0.0054992805235087,230.0,f1,0.5538461538461539
Cornell,SDRF,sage,12348,0.4,0.7027027027027027,0.6113513513513513,0.6756756756756757,0.5448856990962254,0.0381337665021419,98.0,f1,0.6113513513513513
Cornell,SDRF,sage,12348,0.55,0.7027027027027027,0.6133699633699634,0.7297297297297297,0.5997936016511868,0.0389526858925819,99.0,f1,0.6133699633699634
Cornell,SDRF,sage,12349,0.0,0.7027027027027027,0.5535714285714286,0.6486486486486487,0.5268864468864469,0.2183354794979095,55.0,f1,0.5535714285714286
Cornell,SDRF,sage,12349,0.1,0.7027027027027027,0.5443510737628385,0.6756756756756757,0.5299070847851336,0.2176358997821808,58.0,f1,0.5443510737628385
Cornell,SDRF,sage,12349,0.25,0.6756756756756757,0.5374042950513539,0.6216216216216216,0.4633333333333332,0.0211238153278827,126.0,f1,0.5374042950513539
Cornell,SDRF,sage,12349,0.4,0.7027027027027027,0.572822966507177,0.7027027027027027,0.5434676434676435,0.2225691527128219,57.0,f1,0.572822966507177
Cornell,SDRF,sage,12349,0.55,0.7027027027027027,0.5085285285285285,0.6756756756756757,0.497274031563845,0.3323115110397339,48.0,f1,0.5085285285285285
Cornell,SDRF,sage,12350,0.0,0.7027027027027027,0.6348387096774194,0.5945945945945946,0.4656565656565656,0.135860800743103,67.0,f1,0.6348387096774194
Cornell,SDRF,sage,12350,0.1,0.7027027027027027,0.6116503267973855,0.5675675675675675,0.3840350877192982,0.1771665662527084,58.0,f1,0.6116503267973855
Cornell,SDRF,sage,12350,0.25,0.7297297297297297,0.6251984126984127,0.6216216216216216,0.4751633986928104,0.1121421754360199,74.0,f1,0.6251984126984127
Cornell,SDRF,sage,12350,0.4,0.7027027027027027,0.6124206349206349,0.6216216216216216,0.4069069069069069,0.1885448545217514,59.0,f1,0.6124206349206349
Cornell,SDRF,sage,12350,0.55,0.7027027027027027,0.6045682387787651,0.6486486486486487,0.4975757575757575,0.0678719952702522,89.0,f1,0.6045682387787651
Cornell,SDRF,sage,12351,0.0,0.7837837837837838,0.6653041695146958,0.5675675675675675,0.4860913280268119,0.2931225597858429,49.0,f1,0.6653041695146958
Cornell,SDRF,sage,12351,0.1,0.7567567567567568,0.653796992481203,0.5945945945945946,0.4441004471964224,0.0165759231895208,143.0,f1,0.653796992481203
Cornell,SDRF,sage,12351,0.25,0.7567567567567568,0.6311111111111112,0.5675675675675675,0.4673701298701299,0.2057667821645736,54.0,f1,0.6311111111111112
Cornell,SDRF,sage,12351,0.4,0.7837837837837838,0.6115583075335398,0.5405405405405406,0.349208211143695,0.2236784845590591,50.0,f1,0.6115583075335398
Cornell,SDRF,sage,12351,0.55,0.7567567567567568,0.651883116883117,0.5945945945945946,0.4745098039215686,0.0071988380514085,165.0,f1,0.651883116883117
Cornell,SDRF,sage,12352,0.0,0.7837837837837838,0.6603565062388592,0.6486486486486487,0.4807017543859649,0.2179891765117645,60.0,f1,0.6603565062388592
Cornell,SDRF,sage,12352,0.1,0.7837837837837838,0.6865240641711229,0.6486486486486487,0.4713513513513513,0.1317222118377685,83.0,f1,0.6865240641711229
Cornell,SDRF,sage,12352,0.25,0.7837837837837838,0.7180392156862745,0.6486486486486487,0.5028571428571429,0.0262509770691394,243.0,f1,0.7180392156862745
Cornell,SDRF,sage,12352,0.4,0.7567567567567568,0.6691866028708134,0.6486486486486487,0.4757575757575757,0.3420068323612213,55.0,f1,0.6691866028708134
Cornell,SDRF,sage,12352,0.55,0.7567567567567568,0.6691866028708134,0.6486486486486487,0.4675851175851175,0.4487062096595764,49.0,f1,0.6691866028708134
Cornell,SDRF,sage,12353,0.0,0.7027027027027027,0.6233333333333333,0.6486486486486487,0.5318197454420364,0.0186061449348926,188.0,f1,0.6233333333333333
Cornell,SDRF,sage,12353,0.1,0.7027027027027027,0.5983200425305688,0.6216216216216216,0.4784864121087031,0.0657098367810249,90.0,f1,0.5983200425305688
Cornell,SDRF,sage,12353,0.25,0.7027027027027027,0.5987143077635437,0.6756756756756757,0.5374042950513539,0.0247461516410112,108.0,f1,0.5987143077635437
Cornell,SDRF,sage,12353,0.4,0.7027027027027027,0.5954545454545455,0.6756756756756757,0.5485714285714285,0.0899192467331886,77.0,f1,0.5954545454545455
Cornell,SDRF,sage,12353,0.55,0.7297297297297297,0.6088530465949821,0.6486486486486487,0.5073015873015873,0.1418967694044113,67.0,f1,0.6088530465949821
Cornell,SDRF,sage,12354,0.0,0.8108108108108109,0.6598989898989899,0.7027027027027027,0.4396581196581197,0.0304158013314008,107.0,f1,0.6598989898989899
Cornell,SDRF,sage,12354,0.1,0.8108108108108109,0.6598989898989899,0.7027027027027027,0.5052790346907994,0.0256062597036361,103.0,f1,0.6598989898989899
Cornell,SDRF,sage,12354,0.25,0.7837837837837838,0.6227777777777778,0.7027027027027027,0.4879365079365079,0.0152582982555031,171.0,f1,0.6227777777777778
Cornell,SDRF,sage,12354,0.4,0.7567567567567568,0.5783882783882783,0.7567567567567568,0.6536507936507936,0.0403703600168228,99.0,f1,0.5783882783882783
Cornell,SDRF,sage,12354,0.55,0.7837837837837838,0.6250877192982456,0.7837837837837838,0.6632478632478633,0.0831309407949447,79.0,f1,0.6250877192982456
Cornell,SDRF,sage,12355,0.0,0.7297297297297297,0.6369815805109923,0.6486486486486487,0.4552631578947368,0.0028598092030733,333.0,f1,0.6369815805109923
Cornell,SDRF,sage,12355,0.1,0.7027027027027027,0.6121212121212121,0.6486486486486487,0.4995906432748538,0.0437262244522571,214.0,f1,0.6121212121212121
Cornell,SDRF,sage,12355,0.25,0.7297297297297297,0.6054076367389061,0.6216216216216216,0.5029239766081872,0.4472263157367706,45.0,f1,0.6054076367389061
Cornell,SDRF,sage,12355,0.4,0.6756756756756757,0.5682146542827657,0.6756756756756757,0.5352631578947368,0.3379583656787872,51.0,f1,0.5682146542827657
Cornell,SDRF,sage,12355,0.55,0.6756756756756757,0.5215506415506416,0.6216216216216216,0.4187197724039829,0.4384086430072784,44.0,f1,0.5215506415506416
Cornell,SDRF,sage,12356,0.0,0.5675675675675675,0.4039393939393939,0.7567567567567568,0.6084848484848485,0.033037394285202,98.0,f1,0.4039393939393939
Cornell,SDRF,sage,12356,0.1,0.5405405405405406,0.3976190476190476,0.7027027027027027,0.5612698412698413,0.0165408048778772,134.0,f1,0.3976190476190476
Cornell,SDRF,sage,12356,0.25,0.5945945945945946,0.4483785220627325,0.6486486486486487,0.524033613445378,0.0108519308269023,145.0,f1,0.4483785220627325
Cornell,SDRF,sage,12356,0.4,0.6216216216216216,0.5154545454545454,0.7297297297297297,0.5674126492702344,0.0135776503011584,297.0,f1,0.5154545454545454
Cornell,SDRF,sage,12356,0.55,0.6216216216216216,0.4409090909090908,0.6486486486486487,0.5287301587301588,0.0220583472400903,116.0,f1,0.4409090909090908
Cornell,SDRF,sage,12357,0.0,0.6486486486486487,0.514984984984985,0.6756756756756757,0.4505050505050505,0.3536339104175567,48.0,f1,0.514984984984985
Cornell,SDRF,sage,12357,0.1,0.6756756756756757,0.573015873015873,0.6486486486486487,0.3507507507507507,0.3780898451805115,48.0,f1,0.573015873015873
Cornell,SDRF,sage,12357,0.25,0.6486486486486487,0.5562641898864809,0.6756756756756757,0.3844444444444444,0.3840340375900268,47.0,f1,0.5562641898864809
Cornell,SDRF,sage,12357,0.4,0.6486486486486487,0.5562641898864809,0.6486486486486487,0.3733333333333333,0.379149466753006,47.0,f1,0.5562641898864809
Cornell,SDRF,sage,12357,0.55,0.6486486486486487,0.4855639097744361,0.7027027027027027,0.4159398496240601,0.3788168430328369,48.0,f1,0.4855639097744361
Cornell,SDRF,sage,12358,0.0,0.6756756756756757,0.5918300653594771,0.6216216216216216,0.5165732959850607,0.0053988764993846,285.0,f1,0.5918300653594771
Cornell,SDRF,sage,12358,0.1,0.6486486486486487,0.5618300653594771,0.6756756756756757,0.574785448469659,0.0302963890135288,89.0,f1,0.5618300653594771
Cornell,SDRF,sage,12358,0.25,0.6486486486486487,0.5618300653594771,0.6486486486486487,0.4930266843579537,0.0342315882444381,86.0,f1,0.5618300653594771
Cornell,SDRF,sage,12358,0.4,0.6486486486486487,0.5273593073593074,0.6216216216216216,0.5311278195488722,0.0166592076420784,118.0,f1,0.5273593073593074
Cornell,SDRF,sage,12358,0.55,0.6486486486486487,0.5273593073593074,0.6756756756756757,0.5825685425685426,0.0395431965589523,77.0,f1,0.5273593073593074
Cornell,SDRF,sage,12359,0.0,0.7027027027027027,0.5642067736185383,0.7297297297297297,0.6178947368421053,0.3256209194660187,52.0,f1,0.5642067736185383
Cornell,SDRF,sage,12359,0.1,0.7027027027027027,0.6354808590102707,0.6486486486486487,0.4350375939849623,0.2356744259595871,53.0,f1,0.6354808590102707
Cornell,SDRF,sage,12359,0.25,0.7297297297297297,0.680718954248366,0.6486486486486487,0.4730994152046783,0.3357882797718048,52.0,f1,0.680718954248366
Cornell,SDRF,sage,12359,0.4,0.7567567567567568,0.6337967914438503,0.7027027027027027,0.4471794871794872,0.3780490159988403,49.0,f1,0.6337967914438503
Cornell,SDRF,sage,12359,0.55,0.7297297297297297,0.6823376623376624,0.7027027027027027,0.5312280701754386,0.215491309762001,58.0,f1,0.6823376623376624
Cornell,SDRF,sage,12360,0.0,0.5135135135135135,0.418069168069168,0.6216216216216216,0.4400668337510442,0.0557869896292686,80.0,f1,0.418069168069168
Cornell,SDRF,sage,12360,0.1,0.5405405405405406,0.4572681704260651,0.6486486486486487,0.4393050193050193,0.1026009619235992,81.0,f1,0.4572681704260651
Cornell,SDRF,sage,12360,0.25,0.5675675675675675,0.4274922600619195,0.6756756756756757,0.4486138422980528,0.0093455016613006,261.0,f1,0.4274922600619195
Cornell,SDRF,sage,12360,0.4,0.5405405405405406,0.4222222222222222,0.6756756756756757,0.4363298490127758,0.0182986743748188,103.0,f1,0.4222222222222222
Cornell,SDRF,sage,12360,0.55,0.5405405405405406,0.4599954431533379,0.6756756756756757,0.4529323308270676,0.0440265797078609,78.0,f1,0.4599954431533379
Cornell,SDRF,sage,12361,0.0,0.5945945945945946,0.5191072010426849,0.6216216216216216,0.4931328320802005,0.1584415584802627,64.0,f1,0.5191072010426849
Cornell,SDRF,sage,12361,0.1,0.6216216216216216,0.5102673796791444,0.6756756756756757,0.5291291291291291,0.2433133572340011,53.0,f1,0.5102673796791444
Cornell,SDRF,sage,12361,0.25,0.6216216216216216,0.5117118553960659,0.6486486486486487,0.5012280701754386,0.0891362950205802,88.0,f1,0.5117118553960659
Cornell,SDRF,sage,12361,0.4,0.6486486486486487,0.5401680672268908,0.6216216216216216,0.4222084623323013,0.2614277005195617,51.0,f1,0.5401680672268908
Cornell,SDRF,sage,12361,0.55,0.6756756756756757,0.5394117647058823,0.6216216216216216,0.4692171605484299,0.0439973101019859,108.0,f1,0.5394117647058823
Cornell,SDRF,sage,12362,0.0,0.7297297297297297,0.6304487024011642,0.6486486486486487,0.5504621848739497,0.244203433394432,55.0,f1,0.6304487024011642
Cornell,SDRF,sage,12362,0.1,0.7567567567567568,0.6382249742002063,0.6756756756756757,0.5196927255750785,0.210725799202919,60.0,f1,0.6382249742002063
Cornell,SDRF,sage,12362,0.25,0.7837837837837838,0.6699242424242424,0.6756756756756757,0.5196927255750785,0.221451073884964,58.0,f1,0.6699242424242424
Cornell,SDRF,sage,12362,0.4,0.7567567567567568,0.6917185436710054,0.6486486486486487,0.5226190476190476,0.1535467803478241,63.0,f1,0.6917185436710054
Cornell,SDRF,sage,12362,0.55,0.7837837837837838,0.7216666666666667,0.6486486486486487,0.5114676173499703,0.0265332534909248,96.0,f1,0.7216666666666667
Cornell,SDRF,sage,12363,0.0,0.7297297297297297,0.6151604278074866,0.7837837837837838,0.6940724676967562,0.1321104317903518,84.0,f1,0.6151604278074866
Cornell,SDRF,sage,12363,0.1,0.7297297297297297,0.6548249299719887,0.7027027027027027,0.5486291486291487,0.1884748339653015,67.0,f1,0.6548249299719887
Cornell,SDRF,sage,12363,0.25,0.7297297297297297,0.6631720430107527,0.6756756756756757,0.5733333333333334,0.1649724841117859,67.0,f1,0.6631720430107527
Cornell,SDRF,sage,12363,0.4,0.7027027027027027,0.5977777777777777,0.7567567567567568,0.6597058823529411,0.0318653136491775,137.0,f1,0.5977777777777777
Cornell,SDRF,sage,12363,0.55,0.7297297297297297,0.6543481028775145,0.7297297297297297,0.561494645705172,0.2689648568630218,59.0,f1,0.6543481028775145
Cornell,SDRF,sage,12364,0.0,0.6756756756756757,0.5675184482395108,0.6486486486486487,0.5819047619047619,0.0705608129501342,70.0,f1,0.5675184482395108
Cornell,SDRF,sage,12364,0.1,0.6486486486486487,0.5090340794515023,0.7027027027027027,0.6571945701357466,0.0058753062039613,195.0,f1,0.5090340794515023
Cornell,SDRF,sage,12364,0.25,0.7027027027027027,0.5113725490196079,0.6756756756756757,0.5002024291497976,0.5029313564300537,40.0,f1,0.5113725490196079
Cornell,SDRF,sage,12364,0.4,0.6486486486486487,0.4853437601824698,0.6756756756756757,0.5466666666666666,0.0719028264284133,70.0,f1,0.4853437601824698
Cornell,SDRF,sage,12364,0.55,0.6486486486486487,0.4981818181818182,0.6756756756756757,0.563974358974359,0.0058548646047711,283.0,f1,0.4981818181818182
Cornell,SDRF,sage,12365,0.0,0.7027027027027027,0.536152162014231,0.6756756756756757,0.4934502923976608,0.0038699463475495,195.0,f1,0.536152162014231
Cornell,SDRF,sage,12365,0.1,0.7297297297297297,0.6293523469994058,0.6486486486486487,0.4722222222222222,0.0184626430273056,170.0,f1,0.6293523469994058
Cornell,SDRF,sage,12365,0.25,0.7297297297297297,0.621010101010101,0.6756756756756757,0.5996747967479674,0.0019632880575954,353.0,f1,0.621010101010101
Cornell,SDRF,sage,12365,0.4,0.7297297297297297,0.6313725490196079,0.6756756756756757,0.5361904761904761,0.0041287839412689,201.0,f1,0.6313725490196079
Cornell,SDRF,sage,12365,0.55,0.7567567567567568,0.6219467787114845,0.6756756756756757,0.5190909090909092,0.0533145442605018,77.0,f1,0.6219467787114845
Cornell,SDRF,sage,12366,0.0,0.6486486486486487,0.6126040326040326,0.5405405405405406,0.3031746031746031,0.266816645860672,58.0,f1,0.6126040326040326
Cornell,SDRF,sage,12366,0.1,0.7567567567567568,0.739572192513369,0.5405405405405406,0.2976623376623376,0.2936332821846008,53.0,f1,0.739572192513369
Cornell,SDRF,sage,12366,0.25,0.7027027027027027,0.6747279747279747,0.5405405405405406,0.3021067821067821,0.2536061108112335,54.0,f1,0.6747279747279747
Cornell,SDRF,sage,12366,0.4,0.7297297297297297,0.7046846846846847,0.5405405405405406,0.3183183183183183,0.139703944325447,72.0,f1,0.7046846846846847
Cornell,SDRF,sage,12366,0.55,0.7027027027027027,0.6894444444444445,0.5405405405405406,0.3204761904761904,0.181688442826271,69.0,f1,0.6894444444444445
Cornell,SDRF,sage,12367,0.0,0.7837837837837838,0.715701754385965,0.7837837837837838,0.637511961722488,0.0086977826431393,256.0,f1,0.715701754385965
Cornell,SDRF,sage,12367,0.1,0.7837837837837838,0.7421086807928912,0.7837837837837838,0.637511961722488,0.0147535558789968,156.0,f1,0.7421086807928912
Cornell,SDRF,sage,12367,0.25,0.7837837837837838,0.7072727272727273,0.7567567567567568,0.6221621621621622,0.0946855172514915,64.0,f1,0.7072727272727273
Cornell,SDRF,sage,12367,0.4,0.8108108108108109,0.7662878787878789,0.7837837837837838,0.6712530712530713,0.0164271052926778,116.0,f1,0.7662878787878789
Cornell,SDRF,sage,12367,0.55,0.8378378378378378,0.7973737373737374,0.7297297297297297,0.5906595365418894,0.0026712699327617,261.0,f1,0.7973737373737374
Cornell,SDRF,sage,12368,0.0,0.7297297297297297,0.5750877192982455,0.6756756756756757,0.5515722520373684,0.3636507987976074,46.0,f1,0.5750877192982455
Cornell,SDRF,sage,12368,0.1,0.7297297297297297,0.5256349206349207,0.7297297297297297,0.6183333333333334,0.4184969663619995,44.0,f1,0.5256349206349207
Cornell,SDRF,sage,12368,0.25,0.6486486486486487,0.4226749826749826,0.6216216216216216,0.4796747967479675,0.1351143419742584,75.0,f1,0.4226749826749826
Cornell,SDRF,sage,12368,0.4,0.6486486486486487,0.4788461538461538,0.6486486486486487,0.485,0.0235561858862638,145.0,f1,0.4788461538461538
Cornell,SDRF,sage,12368,0.55,0.7027027027027027,0.5254545454545455,0.6216216216216216,0.4647058823529411,0.0871377065777778,86.0,f1,0.5254545454545455
Cornell,SDRF,sage,12369,0.0,0.7297297297297297,0.6733350309820898,0.7567567567567568,0.6608080808080807,0.0477949976921081,116.0,f1,0.6733350309820898
Cornell,SDRF,sage,12369,0.1,0.8108108108108109,0.718939393939394,0.7027027027027027,0.54004329004329,0.1851273328065872,64.0,f1,0.718939393939394
Cornell,SDRF,sage,12369,0.25,0.7837837837837838,0.7018270944741533,0.7297297297297297,0.5547491723962312,0.1896420419216156,64.0,f1,0.7018270944741533
Cornell,SDRF,sage,12369,0.4,0.6756756756756757,0.6115778474399163,0.5945945945945946,0.461993006993007,0.0491785816848278,95.0,f1,0.6115778474399163
Cornell,SDRF,sage,12369,0.55,0.7567567567567568,0.6123249299719887,0.7297297297297297,0.592972972972973,0.2146219909191131,56.0,f1,0.6123249299719887
Cornell,SDRF,sage,12370,0.0,0.6486486486486487,0.5192857142857142,0.7027027027027027,0.4941558441558441,0.1636144965887069,56.0,f1,0.5192857142857142
Cornell,SDRF,sage,12370,0.1,0.6486486486486487,0.5142857142857142,0.7567567567567568,0.5456140350877192,0.1892212033271789,56.0,f1,0.5142857142857142
Cornell,SDRF,sage,12370,0.25,0.6756756756756757,0.517065637065637,0.7567567567567568,0.567086247086247,0.2018013596534729,55.0,f1,0.517065637065637
Cornell,SDRF,sage,12370,0.4,0.6756756756756757,0.5768648018648018,0.7027027027027027,0.4337529137529137,0.0500394105911254,74.0,f1,0.5768648018648018
Cornell,SDRF,sage,12370,0.55,0.7027027027027027,0.5918614718614719,0.7297297297297297,0.5137529137529138,0.064285859465599,74.0,f1,0.5918614718614719
Cornell,SDRF,sage,12371,0.0,0.7027027027027027,0.6326623376623377,0.5945945945945946,0.4305555555555556,0.0310810897499322,127.0,f1,0.6326623376623377
Cornell,SDRF,sage,12371,0.1,0.7027027027027027,0.6460317460317461,0.5675675675675675,0.3555555555555555,0.3601652383804321,50.0,f1,0.6460317460317461
Cornell,SDRF,sage,12371,0.25,0.7297297297297297,0.6832994032994033,0.5945945945945946,0.4138888888888889,0.0613888390362262,91.0,f1,0.6832994032994033
Cornell,SDRF,sage,12371,0.4,0.7027027027027027,0.6337755937755938,0.6216216216216216,0.3848894348894349,0.0965664610266685,76.0,f1,0.6337755937755938
Cornell,SDRF,sage,12371,0.55,0.7027027027027027,0.656677440206852,0.6756756756756757,0.5522222222222222,0.0453463606536388,89.0,f1,0.656677440206852
Cornell,SDRF,sage,12372,0.0,0.6756756756756757,0.5771089271089271,0.6486486486486487,0.556031746031746,0.3296319842338562,49.0,f1,0.5771089271089271
Cornell,SDRF,sage,12372,0.1,0.7027027027027027,0.6416541353383458,0.7027027027027027,0.578076923076923,0.3738234043121338,48.0,f1,0.6416541353383458
Cornell,SDRF,sage,12372,0.25,0.6756756756756757,0.6376190476190475,0.6756756756756757,0.5380392156862746,0.0452072657644748,96.0,f1,0.6376190476190475
Cornell,SDRF,sage,12372,0.4,0.7027027027027027,0.6567320261437908,0.6486486486486487,0.5302231237322516,0.0504379086196422,79.0,f1,0.6567320261437908
Cornell,SDRF,sage,12372,0.55,0.7027027027027027,0.6476767676767676,0.7297297297297297,0.6580392156862745,0.141651377081871,65.0,f1,0.6476767676767676
Cornell,SDRF,sage,12373,0.0,0.6486486486486487,0.4862745098039215,0.7027027027027027,0.4990476190476191,0.0298650991171598,104.0,f1,0.4862745098039215
Cornell,SDRF,sage,12373,0.1,0.6486486486486487,0.4862745098039215,0.7027027027027027,0.5083609925715189,0.1169511005282402,71.0,f1,0.4862745098039215
Cornell,SDRF,sage,12373,0.25,0.6216216216216216,0.4419047619047619,0.7027027027027027,0.5234920634920635,0.100570261478424,68.0,f1,0.4419047619047619
Cornell,SDRF,sage,12373,0.4,0.6216216216216216,0.4755555555555555,0.6486486486486487,0.4929411764705882,0.0472926497459411,87.0,f1,0.4755555555555555
Cornell,SDRF,sage,12373,0.55,0.6486486486486487,0.4467836257309941,0.7837837837837838,0.6331829573934836,0.1407401710748672,65.0,f1,0.4467836257309941
Cornell,SDRF,sage,12374,0.0,0.7297297297297297,0.5766716943187531,0.7567567567567568,0.5618618618618619,0.1706151813268661,62.0,f1,0.5766716943187531
Cornell,SDRF,sage,12374,0.1,0.7297297297297297,0.5822222222222222,0.7027027027027027,0.5030812324929972,0.2647157609462738,57.0,f1,0.5822222222222222
Cornell,SDRF,sage,12374,0.25,0.7297297297297297,0.542541380188439,0.7027027027027027,0.5186214923057029,0.1896604895591735,69.0,f1,0.542541380188439
Cornell,SDRF,sage,12374,0.4,0.7567567567567568,0.6475324675324675,0.7837837837837838,0.661394025604552,0.137194275856018,68.0,f1,0.6475324675324675
Cornell,SDRF,sage,12374,0.55,0.7297297297297297,0.6296969696969698,0.7837837837837838,0.6950877192982455,0.1395722180604934,70.0,f1,0.6296969696969698
Cornell,SDRF,gat,12345,0.0,0.4324324324324324,0.4098850574712644,0.4594594594594595,0.3706195596518177,0.0450474359095096,380.0,f1,0.4098850574712644
Cornell,SDRF,gat,12345,0.1,0.4054054054054054,0.381263442439913,0.5405405405405406,0.4349206349206349,0.0518159605562686,295.0,f1,0.381263442439913
Cornell,SDRF,gat,12345,0.25,0.4324324324324324,0.3749206349206349,0.5135135135135135,0.4254723707664884,0.0401992797851562,343.0,f1,0.3749206349206349
Cornell,SDRF,gat,12345,0.4,0.4054054054054054,0.3126495726495727,0.4054054054054054,0.3094117647058823,0.1016499698162078,159.0,f1,0.3126495726495727
Cornell,SDRF,gat,12345,0.55,0.4054054054054054,0.3493744164332399,0.4054054054054054,0.3042207792207792,0.0458593405783176,335.0,f1,0.3493744164332399
Cornell,SDRF,gat,12346,0.0,0.6486486486486487,0.5055962854349951,0.4594594594594595,0.3554978354978354,0.065423883497715,379.0,f1,0.5055962854349951
Cornell,SDRF,gat,12346,0.1,0.6216216216216216,0.4966666666666667,0.4594594594594595,0.3098701298701298,0.0862570628523826,193.0,f1,0.4966666666666667
Cornell,SDRF,gat,12346,0.25,0.6216216216216216,0.5032051282051282,0.5135135135135135,0.3565610859728507,0.1117504388093948,110.0,f1,0.5032051282051282
Cornell,SDRF,gat,12346,0.4,0.5675675675675675,0.4619354838709677,0.4864864864864865,0.3221288515406162,0.0633933842182159,213.0,f1,0.4619354838709677
Cornell,SDRF,gat,12346,0.55,0.5405405405405406,0.4058895353013,0.4324324324324324,0.2913461538461538,0.1815407127141952,78.0,f1,0.4058895353013
Cornell,SDRF,gat,12347,0.0,0.5405405405405406,0.4374691974691974,0.4864864864864865,0.3195084485407066,0.0740507841110229,222.0,f1,0.4374691974691974
Cornell,SDRF,gat,12347,0.1,0.5675675675675675,0.4102253302253302,0.4054054054054054,0.26036866359447,0.3100703656673431,64.0,f1,0.4102253302253302
Cornell,SDRF,gat,12347,0.25,0.5405405405405406,0.3749494949494949,0.4054054054054054,0.2714797747055811,0.2481987923383712,83.0,f1,0.3749494949494949
Cornell,SDRF,gat,12347,0.4,0.4864864864864865,0.366060606060606,0.4594594594594595,0.3008241758241758,0.1249858438968658,146.0,f1,0.366060606060606
Cornell,SDRF,gat,12347,0.55,0.4864864864864865,0.3472527472527472,0.3513513513513513,0.2211068211068211,0.2542554438114166,100.0,f1,0.3472527472527472
Cornell,SDRF,gat,12348,0.0,0.5675675675675675,0.5152777777777778,0.5405405405405406,0.4771336996336996,0.0809429436922073,145.0,f1,0.5152777777777778
Cornell,SDRF,gat,12348,0.1,0.4594594594594595,0.4429688590978912,0.5405405405405406,0.4679761904761904,0.0670645013451576,178.0,f1,0.4429688590978912
Cornell,SDRF,gat,12348,0.25,0.5405405405405406,0.4724908424908425,0.5945945945945946,0.5204029304029304,0.0826302394270896,142.0,f1,0.4724908424908425
Cornell,SDRF,gat,12348,0.4,0.5675675675675675,0.4720435120435121,0.5405405405405406,0.4441358641358642,0.0769545510411262,165.0,f1,0.4720435120435121
Cornell,SDRF,gat,12348,0.55,0.4324324324324324,0.359047619047619,0.4864864864864865,0.3871969696969697,0.045705571770668,382.0,f1,0.359047619047619
Cornell,SDRF,gat,12349,0.0,0.4864864864864865,0.3887179487179487,0.5675675675675675,0.4527097902097902,0.1384025961160659,90.0,f1,0.3887179487179487
Cornell,SDRF,gat,12349,0.1,0.5135135135135135,0.3756410256410256,0.5945945945945946,0.4333666333666334,0.1752890348434448,76.0,f1,0.3756410256410256
Cornell,SDRF,gat,12349,0.25,0.5135135135135135,0.3757142857142857,0.5945945945945946,0.4471861471861471,0.1396205127239227,91.0,f1,0.3757142857142857
Cornell,SDRF,gat,12349,0.4,0.5135135135135135,0.3675324675324675,0.5405405405405406,0.4012842712842713,0.1270579993724823,95.0,f1,0.3675324675324675
Cornell,SDRF,gat,12349,0.55,0.4864864864864865,0.3999245852187029,0.5135135135135135,0.3774358974358974,0.1315627247095108,88.0,f1,0.3999245852187029
Cornell,SDRF,gat,12350,0.0,0.5675675675675675,0.4937118437118437,0.3783783783783784,0.3127257799671593,0.0520290993154048,146.0,f1,0.4937118437118437
Cornell,SDRF,gat,12350,0.1,0.5405405405405406,0.4650793650793651,0.3243243243243243,0.271815675872471,0.0227788835763931,351.0,f1,0.4650793650793651
Cornell,SDRF,gat,12350,0.25,0.5135135135135135,0.447370254266806,0.3783783783783784,0.248902141501762,0.0210571493953466,351.0,f1,0.447370254266806
Cornell,SDRF,gat,12350,0.4,0.4594594594594595,0.3966654035619553,0.4054054054054054,0.3173076923076923,0.1153780668973922,94.0,f1,0.3966654035619553
Cornell,SDRF,gat,12350,0.55,0.4324324324324324,0.3482968644258967,0.2432432432432432,0.1277389277389277,0.0067696450278162,400.0,f1,0.3482968644258967
Cornell,SDRF,gat,12351,0.0,0.6756756756756757,0.561470588235294,0.4864864864864865,0.3471428571428571,0.1408988088369369,98.0,f1,0.561470588235294
Cornell,SDRF,gat,12351,0.1,0.6486486486486487,0.5306493506493507,0.3783783783783784,0.263030303030303,0.0946652218699455,132.0,f1,0.5306493506493507
Cornell,SDRF,gat,12351,0.25,0.5405405405405406,0.4465908464295561,0.4054054054054054,0.2716666666666666,0.1001617908477783,136.0,f1,0.4465908464295561
Cornell,SDRF,gat,12351,0.4,0.5945945945945946,0.4858141858141859,0.4324324324324324,0.3076318276318276,0.1372851878404617,103.0,f1,0.4858141858141859
Cornell,SDRF,gat,12351,0.55,0.5675675675675675,0.4748076923076922,0.5135135135135135,0.3605405405405405,0.15130016207695,101.0,f1,0.4748076923076922
Cornell,SDRF,gat,12352,0.0,0.5135135135135135,0.3874747474747474,0.5135135135135135,0.3297297297297297,0.1639070659875869,67.0,f1,0.3874747474747474
Cornell,SDRF,gat,12352,0.1,0.4864864864864865,0.3626184626184626,0.5405405405405406,0.3951214935735059,0.1434459537267685,78.0,f1,0.3626184626184626
Cornell,SDRF,gat,12352,0.25,0.5135135135135135,0.4088888888888889,0.4864864864864865,0.3045196456961163,0.177136942744255,69.0,f1,0.4088888888888889
Cornell,SDRF,gat,12352,0.4,0.4864864864864865,0.3476190476190476,0.5135135135135135,0.3297297297297297,0.1409395039081573,79.0,f1,0.3476190476190476
Cornell,SDRF,gat,12352,0.55,0.4864864864864865,0.3476190476190476,0.5135135135135135,0.3341589267285861,0.1531375348567962,81.0,f1,0.3476190476190476
Cornell,SDRF,gat,12353,0.0,0.4864864864864865,0.3561904761904761,0.4594594594594595,0.2549206349206349,0.2244396805763244,63.0,f1,0.3561904761904761
Cornell,SDRF,gat,12353,0.1,0.5135135135135135,0.38,0.4594594594594595,0.2549206349206349,0.1994079500436782,76.0,f1,0.38
Cornell,SDRF,gat,12353,0.25,0.5135135135135135,0.3825974025974026,0.4594594594594595,0.3084526284526284,0.1681909412145614,82.0,f1,0.3825974025974026
Cornell,SDRF,gat,12353,0.4,0.4324324324324324,0.3676190476190476,0.4054054054054054,0.27703081232493,0.117890365421772,117.0,f1,0.3676190476190476
Cornell,SDRF,gat,12353,0.55,0.4864864864864865,0.3611688311688311,0.4324324324324324,0.2284526284526284,0.2212697118520736,80.0,f1,0.3611688311688311
Cornell,SDRF,gat,12354,0.0,0.4324324324324324,0.3897435897435897,0.5405405405405406,0.451643086210149,0.1947352439165115,92.0,f1,0.3897435897435897
Cornell,SDRF,gat,12354,0.1,0.5675675675675675,0.3343434343434343,0.5675675675675675,0.4382051282051281,0.2710170447826385,50.0,f1,0.3343434343434343
Cornell,SDRF,gat,12354,0.25,0.5405405405405406,0.2922222222222222,0.5405405405405406,0.4063414634146342,0.2967604100704193,51.0,f1,0.2922222222222222
Cornell,SDRF,gat,12354,0.4,0.4594594594594595,0.2907754010695187,0.5675675675675675,0.4439971139971139,0.1915948390960693,77.0,f1,0.2907754010695187
Cornell,SDRF,gat,12354,0.55,0.4864864864864865,0.2777777777777778,0.5405405405405406,0.4117460317460317,0.2764835953712463,55.0,f1,0.2777777777777778
Cornell,SDRF,gat,12355,0.0,0.5675675675675675,0.4771428571428571,0.5135135135135135,0.453076923076923,0.1890087276697158,91.0,f1,0.4771428571428571
Cornell,SDRF,gat,12355,0.1,0.5675675675675675,0.4771428571428571,0.4864864864864865,0.4465536255858836,0.1695843935012817,99.0,f1,0.4771428571428571
Cornell,SDRF,gat,12355,0.25,0.5135135135135135,0.4533333333333333,0.4594594594594595,0.4227994227994228,0.1692700237035751,97.0,f1,0.4533333333333333
Cornell,SDRF,gat,12355,0.4,0.5405405405405406,0.4182843137254902,0.4594594594594595,0.4065873015873015,0.0643341094255447,223.0,f1,0.4182843137254902
Cornell,SDRF,gat,12355,0.55,0.5945945945945946,0.4549999999999999,0.5405405405405406,0.3501509872241579,0.1228939890861511,140.0,f1,0.4549999999999999
Cornell,SDRF,gat,12356,0.0,0.6486486486486487,0.5094017094017094,0.4324324324324324,0.205050505050505,0.4120029807090759,36.0,f1,0.5094017094017094
Cornell,SDRF,gat,12356,0.1,0.6216216216216216,0.385,0.4594594594594595,0.2112428634167764,0.4142853319644928,38.0,f1,0.385
Cornell,SDRF,gat,12356,0.25,0.5135135135135135,0.3673160173160173,0.4864864864864865,0.3284033613445378,0.0731077790260315,245.0,f1,0.3673160173160173
Cornell,SDRF,gat,12356,0.4,0.4594594594594595,0.2885714285714286,0.5135135135135135,0.291812865497076,0.1346684545278549,130.0,f1,0.2885714285714286
Cornell,SDRF,gat,12356,0.55,0.5405405405405406,0.3892773892773893,0.4324324324324324,0.2561764705882353,0.0489384941756725,365.0,f1,0.3892773892773893
Cornell,SDRF,gat,12357,0.0,0.5675675675675675,0.4024603174603174,0.4594594594594595,0.2314571607254534,0.2219337671995163,65.0,f1,0.4024603174603174
Cornell,SDRF,gat,12357,0.1,0.5135135135135135,0.3676470588235294,0.4324324324324324,0.2223076923076923,0.1905468255281448,74.0,f1,0.3676470588235294
Cornell,SDRF,gat,12357,0.25,0.5405405405405406,0.3515245115245115,0.4054054054054054,0.1801626016260162,0.2470417022705078,64.0,f1,0.3515245115245115
Cornell,SDRF,gat,12357,0.4,0.4864864864864865,0.3533333333333333,0.4054054054054054,0.1871428571428571,0.2540580928325653,64.0,f1,0.3533333333333333
Cornell,SDRF,gat,12357,0.55,0.5405405405405406,0.3724060150375939,0.4054054054054054,0.2141025641025641,0.2253042459487915,78.0,f1,0.3724060150375939
Cornell,SDRF,gat,12358,0.0,0.5135135135135135,0.3895450785773366,0.4864864864864865,0.3579831932773109,0.0965141803026199,188.0,f1,0.3895450785773366
Cornell,SDRF,gat,12358,0.1,0.5135135135135135,0.3938835358190197,0.4324324324324324,0.2986466165413534,0.0440535470843315,370.0,f1,0.3938835358190197
Cornell,SDRF,gat,12358,0.25,0.5405405405405406,0.3873303167420815,0.4594594594594595,0.290125313283208,0.118162415921688,133.0,f1,0.3873303167420815
Cornell,SDRF,gat,12358,0.4,0.4864864864864865,0.3273915626856803,0.4324324324324324,0.2804761904761904,0.3357717394828796,68.0,f1,0.3273915626856803
Cornell,SDRF,gat,12358,0.55,0.4054054054054054,0.3417065692927762,0.4324324324324324,0.2846332046332046,0.0508657731115818,392.0,f1,0.3417065692927762
Cornell,SDRF,gat,12359,0.0,0.4594594594594595,0.3038095238095238,0.5135135135135135,0.24,0.2881656289100647,54.0,f1,0.3038095238095238
Cornell,SDRF,gat,12359,0.1,0.4594594594594595,0.3,0.5135135135135135,0.231438127090301,0.2706837654113769,58.0,f1,0.3
Cornell,SDRF,gat,12359,0.25,0.3783783783783784,0.3088594164456234,0.4054054054054054,0.2558730158730158,0.1613282710313797,108.0,f1,0.3088594164456234
Cornell,SDRF,gat,12359,0.4,0.4594594594594595,0.3294117647058823,0.5135135135135135,0.2446886446886447,0.2532593905925751,75.0,f1,0.3294117647058823
Cornell,SDRF,gat,12359,0.55,0.4054054054054054,0.3152838827838827,0.3783783783783784,0.23003003003003,0.0688805282115936,338.0,f1,0.3152838827838827
Cornell,SDRF,gat,12360,0.0,0.4594594594594595,0.3856293706293706,0.3243243243243243,0.2398484848484848,0.1844344735145568,113.0,f1,0.3856293706293706
Cornell,SDRF,gat,12360,0.1,0.5135135135135135,0.3286713286713286,0.4864864864864865,0.230703012912482,0.5079736709594727,38.0,f1,0.3286713286713286
Cornell,SDRF,gat,12360,0.25,0.4594594594594595,0.3125435540069686,0.4054054054054054,0.2078078078078077,0.4103708565235138,57.0,f1,0.3125435540069686
Cornell,SDRF,gat,12360,0.4,0.4324324324324324,0.3087912087912088,0.4054054054054054,0.271996996996997,0.4193089604377746,64.0,f1,0.3087912087912088
Cornell,SDRF,gat,12360,0.55,0.3783783783783784,0.2954248366013072,0.5135135135135135,0.3898692810457517,0.4159739315509796,70.0,f1,0.2954248366013072
Cornell,SDRF,gat,12361,0.0,0.4324324324324324,0.3206626706626706,0.5675675675675675,0.4132867132867132,0.1563164740800857,67.0,f1,0.3206626706626706
Cornell,SDRF,gat,12361,0.1,0.4324324324324324,0.3176470588235293,0.5135135135135135,0.3395670995670995,0.1553390920162201,71.0,f1,0.3176470588235293
Cornell,SDRF,gat,12361,0.25,0.4324324324324324,0.4161904761904762,0.4054054054054054,0.3257142857142857,0.053863875567913,261.0,f1,0.4161904761904762
Cornell,SDRF,gat,12361,0.4,0.4324324324324324,0.3706293706293705,0.3243243243243243,0.18,0.0756319016218185,226.0,f1,0.3706293706293705
Cornell,SDRF,gat,12361,0.55,0.4324324324324324,0.381321044546851,0.4324324324324324,0.2573809523809524,0.0420183204114437,381.0,f1,0.381321044546851
Cornell,SDRF,gat,12362,0.0,0.4324324324324324,0.2871794871794871,0.4864864864864865,0.383091418385536,0.0107341557741165,397.0,f1,0.2871794871794871
Cornell,SDRF,gat,12362,0.1,0.4324324324324324,0.2803571428571428,0.4594594594594595,0.3786796536796536,0.023440808057785,285.0,f1,0.2803571428571428
Cornell,SDRF,gat,12362,0.25,0.4324324324324324,0.2761904761904762,0.5135135135135135,0.3992118692118692,0.046836819499731,195.0,f1,0.2761904761904762
Cornell,SDRF,gat,12362,0.4,0.4054054054054054,0.2458952811893988,0.4054054054054054,0.3188197767145135,0.125407800078392,112.0,f1,0.2458952811893988
Cornell,SDRF,gat,12362,0.55,0.4324324324324324,0.2895977011494253,0.4054054054054054,0.2624561403508772,0.0210317894816398,341.0,f1,0.2895977011494253
Cornell,SDRF,gat,12363,0.0,0.4594594594594595,0.3658333333333333,0.4324324324324324,0.2354123354123354,0.1540647000074386,72.0,f1,0.3658333333333333
Cornell,SDRF,gat,12363,0.1,0.4054054054054054,0.3180952380952381,0.4324324324324324,0.2398724082934609,0.2033172249794006,65.0,f1,0.3180952380952381
Cornell,SDRF,gat,12363,0.25,0.3513513513513513,0.2791176470588235,0.4864864864864865,0.3454545454545454,0.032194547355175,303.0,f1,0.2791176470588235
Cornell,SDRF,gat,12363,0.4,0.3243243243243243,0.2844781783681214,0.4864864864864865,0.3593739593739594,0.0291302073746919,349.0,f1,0.2844781783681214
Cornell,SDRF,gat,12363,0.55,0.4054054054054054,0.3003174603174603,0.4054054054054054,0.2176501860712386,0.2737367153167724,67.0,f1,0.3003174603174603
Cornell,SDRF,gat,12364,0.0,0.4594594594594595,0.3934523809523809,0.3783783783783784,0.2293460925039872,0.1551693975925445,87.0,f1,0.3934523809523809
Cornell,SDRF,gat,12364,0.1,0.4594594594594595,0.4490756302521008,0.3513513513513513,0.1828571428571428,0.1540143638849258,80.0,f1,0.4490756302521008
Cornell,SDRF,gat,12364,0.25,0.4594594594594595,0.3974025974025973,0.4054054054054054,0.223030303030303,0.2066033780574798,72.0,f1,0.3974025974025973
Cornell,SDRF,gat,12364,0.4,0.4054054054054054,0.3851305683563747,0.3243243243243243,0.1528205128205128,0.112703762948513,112.0,f1,0.3851305683563747
Cornell,SDRF,gat,12364,0.55,0.4054054054054054,0.35,0.3783783783783784,0.1904761904761904,0.1250796169042587,124.0,f1,0.35
Cornell,SDRF,gat,12365,0.0,0.4324324324324324,0.2686186186186187,0.4054054054054054,0.266031746031746,0.2418341785669326,60.0,f1,0.2686186186186187
Cornell,SDRF,gat,12365,0.1,0.4864864864864865,0.3007309941520467,0.4054054054054054,0.2398879551820728,0.2392285317182541,69.0,f1,0.3007309941520467
Cornell,SDRF,gat,12365,0.25,0.4594594594594595,0.3119191919191919,0.4054054054054054,0.3098901098901098,0.1550491452217102,122.0,f1,0.3119191919191919
Cornell,SDRF,gat,12365,0.4,0.4054054054054054,0.2297297297297297,0.4594594594594595,0.2933333333333333,0.2186501175165176,85.0,f1,0.2297297297297297
Cornell,SDRF,gat,12365,0.55,0.4864864864864865,0.3062865497076023,0.4324324324324324,0.2888095238095238,0.2410527467727661,81.0,f1,0.3062865497076023
Cornell,SDRF,gat,12366,0.0,0.5675675675675675,0.4969480519480519,0.6216216216216216,0.4174042950513538,0.2777961194515228,65.0,f1,0.4969480519480519
Cornell,SDRF,gat,12366,0.1,0.5945945945945946,0.4916483516483517,0.5945945945945946,0.4294197031039137,0.2049884647130966,101.0,f1,0.4916483516483517
Cornell,SDRF,gat,12366,0.25,0.5675675675675675,0.4748051948051948,0.5405405405405406,0.3672072072072072,0.2239851951599121,85.0,f1,0.4748051948051948
Cornell,SDRF,gat,12366,0.4,0.4594594594594595,0.4301098901098901,0.4864864864864865,0.278030303030303,0.4675922095775604,42.0,f1,0.4301098901098901
Cornell,SDRF,gat,12366,0.55,0.5675675675675675,0.5022222222222222,0.4324324324324324,0.2475279106858054,0.3758530616760254,62.0,f1,0.5022222222222222
Cornell,SDRF,gat,12367,0.0,0.5675675675675675,0.4682034632034632,0.5675675675675675,0.4261764705882352,0.3217121660709381,61.0,f1,0.4682034632034632
Cornell,SDRF,gat,12367,0.1,0.5675675675675675,0.4682034632034632,0.5405405405405406,0.3661764705882353,0.3209738731384277,62.0,f1,0.4682034632034632
Cornell,SDRF,gat,12367,0.25,0.5405405405405406,0.3951754385964912,0.5405405405405406,0.316923076923077,0.2743577659130096,75.0,f1,0.3951754385964912
Cornell,SDRF,gat,12367,0.4,0.4864864864864865,0.3737088348853055,0.4594594594594595,0.249906191369606,0.0794741436839103,261.0,f1,0.3737088348853055
Cornell,SDRF,gat,12367,0.55,0.5945945945945946,0.4174525745257453,0.4594594594594595,0.2238095238095238,0.5557317733764648,36.0,f1,0.4174525745257453
Cornell,SDRF,gat,12368,0.0,0.5945945945945946,0.422826296510507,0.4054054054054054,0.2276318276318276,0.0217126924544572,391.0,f1,0.422826296510507
Cornell,SDRF,gat,12368,0.1,0.5945945945945946,0.4041285030758715,0.4324324324324324,0.2196969696969696,0.233459860086441,59.0,f1,0.4041285030758715
Cornell,SDRF,gat,12368,0.25,0.5675675675675675,0.3419856459330143,0.4324324324324324,0.211111111111111,0.0421370305120945,220.0,f1,0.3419856459330143
Cornell,SDRF,gat,12368,0.4,0.5405405405405406,0.363030303030303,0.4324324324324324,0.1733333333333333,0.2985022068023681,52.0,f1,0.363030303030303
Cornell,SDRF,gat,12368,0.55,0.5405405405405406,0.3717948717948717,0.4054054054054054,0.1696969696969696,0.2269247323274612,69.0,f1,0.3717948717948717
Cornell,SDRF,gat,12369,0.0,0.5675675675675675,0.4663336663336663,0.5135135135135135,0.4874236874236874,0.0364886485040187,391.0,f1,0.4663336663336663
Cornell,SDRF,gat,12369,0.1,0.5135135135135135,0.4253479853479853,0.5135135135135135,0.4350343964978112,0.074368879199028,186.0,f1,0.4253479853479853
Cornell,SDRF,gat,12369,0.25,0.5405405405405406,0.4636021505376343,0.4324324324324324,0.2979020979020979,0.2957459092140198,61.0,f1,0.4636021505376343
Cornell,SDRF,gat,12369,0.4,0.4324324324324324,0.3980392156862745,0.4594594594594595,0.4186535033593858,0.1405645906925201,93.0,f1,0.3980392156862745
Cornell,SDRF,gat,12369,0.55,0.4324324324324324,0.4173809523809524,0.5405405405405406,0.526984126984127,0.0305742342025041,313.0,f1,0.4173809523809524
Cornell,SDRF,gat,12370,0.0,0.6216216216216216,0.4727738927738928,0.4864864864864865,0.3472527472527472,0.1624659448862075,82.0,f1,0.4727738927738928
Cornell,SDRF,gat,12370,0.1,0.6486486486486487,0.5177738927738929,0.4594594594594595,0.276982476982477,0.1711765378713607,77.0,f1,0.5177738927738929
Cornell,SDRF,gat,12370,0.25,0.6216216216216216,0.4468253968253968,0.4594594594594595,0.1833333333333333,0.2563086450099945,50.0,f1,0.4468253968253968
Cornell,SDRF,gat,12370,0.4,0.5405405405405406,0.4277200277200277,0.4324324324324324,0.2462132462132462,0.1675449907779693,85.0,f1,0.4277200277200277
Cornell,SDRF,gat,12370,0.55,0.5945945945945946,0.4450742240215924,0.4594594594594595,0.2538738738738739,0.2105016559362411,79.0,f1,0.4450742240215924
Cornell,SDRF,gat,12371,0.0,0.5675675675675675,0.4430926779313876,0.4864864864864865,0.3691086691086691,0.1158147901296615,103.0,f1,0.4430926779313876
Cornell,SDRF,gat,12371,0.1,0.5945945945945946,0.3963513513513513,0.5945945945945946,0.43,0.1729885190725326,76.0,f1,0.3963513513513513
Cornell,SDRF,gat,12371,0.25,0.6216216216216216,0.4167320261437909,0.5675675675675675,0.329198606271777,0.1947629451751709,75.0,f1,0.4167320261437909
Cornell,SDRF,gat,12371,0.4,0.5675675675675675,0.4083333333333333,0.4594594594594595,0.342684766214178,0.123056873679161,128.0,f1,0.4083333333333333
Cornell,SDRF,gat,12371,0.55,0.5945945945945946,0.36,0.4864864864864865,0.2286713286713286,0.3028849363327026,68.0,f1,0.36
Cornell,SDRF,gat,12372,0.0,0.5135135135135135,0.4169354838709678,0.4324324324324324,0.3738095238095238,0.1165760979056358,90.0,f1,0.4169354838709678
Cornell,SDRF,gat,12372,0.1,0.5135135135135135,0.3361172161172161,0.4864864864864865,0.3442857142857143,0.2123484760522842,64.0,f1,0.3361172161172161
Cornell,SDRF,gat,12372,0.25,0.4054054054054054,0.2852755417956656,0.4864864864864865,0.3623809523809523,0.0235494393855333,330.0,f1,0.2852755417956656
Cornell,SDRF,gat,12372,0.4,0.3783783783783784,0.3377540106951872,0.3783783783783784,0.2491596638655462,0.0238569658249616,358.0,f1,0.3377540106951872
Cornell,SDRF,gat,12372,0.55,0.3243243243243243,0.2776666666666666,0.3783783783783784,0.2479474548440065,0.0540239177644252,171.0,f1,0.2776666666666666
Cornell,SDRF,gat,12373,0.0,0.3783783783783784,0.3058661145617667,0.5945945945945946,0.3267543859649122,0.105577178299427,94.0,f1,0.3058661145617667
Cornell,SDRF,gat,12373,0.1,0.3783783783783784,0.256551724137931,0.5675675675675675,0.4026334026334027,0.0433237180113792,241.0,f1,0.256551724137931
Cornell,SDRF,gat,12373,0.25,0.3513513513513513,0.2749579831932773,0.6216216216216216,0.3973269973269973,0.0958923995494842,114.0,f1,0.2749579831932773
Cornell,SDRF,gat,12373,0.4,0.4054054054054054,0.3282727272727272,0.5945945945945946,0.3509803921568627,0.1484178304672241,100.0,f1,0.3282727272727272
Cornell,SDRF,gat,12373,0.55,0.4054054054054054,0.2628571428571428,0.6486486486486487,0.3754504504504504,0.1922598332166671,91.0,f1,0.2628571428571428
Cornell,SDRF,gat,12374,0.0,0.5945945945945946,0.4849924585218702,0.4864864864864865,0.359047619047619,0.0826509669423103,186.0,f1,0.4849924585218702
Cornell,SDRF,gat,12374,0.1,0.6216216216216216,0.4549999999999999,0.4324324324324324,0.3271708683473389,0.0606937147676944,301.0,f1,0.4549999999999999
Cornell,SDRF,gat,12374,0.25,0.5945945945945946,0.3666666666666667,0.4864864864864865,0.2943866943866944,0.0898497179150581,160.0,f1,0.3666666666666667
Cornell,SDRF,gat,12374,0.4,0.5405405405405406,0.3965934065934066,0.4864864864864865,0.2495238095238095,0.2464897334575653,68.0,f1,0.3965934065934066
Cornell,SDRF,gat,12374,0.55,0.6486486486486487,0.4396740514387572,0.4864864864864865,0.3035087719298245,0.0527718849480152,240.0,f1,0.4396740514387572
Cornell,DiffWire CT,gcn,12345,,0.4594594594594595,0.3771878665996312,0.4054054054054054,0.3661904761904762,0.0622876323759555,357.0,f1,0.3771878665996312
Cornell,DiffWire CT,gcn,12346,,0.5945945945945946,0.5243956043956044,0.5405405405405406,0.3890322580645161,0.1829316169023513,391.0,f1,0.5243956043956044
Cornell,DiffWire CT,gcn,12347,,0.6486486486486487,0.5405177717019822,0.3783783783783784,0.2633533435711294,0.1845182329416275,261.0,f1,0.5405177717019822
Cornell,DiffWire CT,gcn,12348,,0.4324324324324324,0.4209961685823755,0.3513513513513513,0.2737234413096482,0.3039399683475494,80.0,f1,0.4209961685823755
Cornell,DiffWire CT,gcn,12349,,0.5405405405405406,0.4709990662931839,0.4594594594594595,0.3120802005012532,0.0805472731590271,362.0,f1,0.4709990662931839
Cornell,DiffWire CT,gcn,12350,,0.4594594594594595,0.3991575091575091,0.2972972972972973,0.2218803418803419,0.1320038139820099,213.0,f1,0.3991575091575091
Cornell,DiffWire CT,gcn,12351,,0.6756756756756757,0.6118253968253968,0.4054054054054054,0.3013533834586465,0.1792971640825271,367.0,f1,0.6118253968253968
Cornell,DiffWire CT,gcn,12352,,0.4864864864864865,0.3523809523809523,0.3783783783783784,0.2638636363636363,0.1424991935491562,237.0,f1,0.3523809523809523
Cornell,DiffWire CT,gcn,12353,,0.4864864864864865,0.4004761904761905,0.4594594594594595,0.2951260504201681,0.1203583851456642,289.0,f1,0.4004761904761905
Cornell,DiffWire CT,gcn,12354,,0.5675675675675675,0.5238095238095237,0.5675675675675675,0.3759716859716859,0.1779181063175201,357.0,f1,0.5238095238095237
Cornell,DiffWire CT,gcn,12355,,0.5945945945945946,0.5062388591800357,0.3513513513513513,0.3404295051353875,0.1166668608784675,304.0,f1,0.5062388591800357
Cornell,DiffWire CT,gcn,12356,,0.4864864864864865,0.4186681124062528,0.2972972972972973,0.2046963562753036,0.0800470858812332,388.0,f1,0.4186681124062528
Cornell,DiffWire CT,gcn,12357,,0.4594594594594595,0.428038628038628,0.4594594594594595,0.3068398268398268,0.2952921688556671,86.0,f1,0.428038628038628
Cornell,DiffWire CT,gcn,12358,,0.5135135135135135,0.45,0.4594594594594595,0.3113170313170313,0.1207380443811416,286.0,f1,0.45
Cornell,DiffWire CT,gcn,12359,,0.5405405405405406,0.4425974025974025,0.4324324324324324,0.2551226551226551,0.0979242473840713,377.0,f1,0.4425974025974025
Cornell,DiffWire CT,gcn,12360,,0.4054054054054054,0.3047076023391812,0.3783783783783784,0.2315078236130867,0.1296186447143554,395.0,f1,0.3047076023391812
Cornell,DiffWire CT,gcn,12361,,0.4324324324324324,0.4232258064516129,0.4324324324324324,0.3451680672268907,0.1158017739653587,283.0,f1,0.4232258064516129
Cornell,DiffWire CT,gcn,12362,,0.5675675675675675,0.4164260112647209,0.5405405405405406,0.4477272727272727,0.1376572847366333,339.0,f1,0.4164260112647209
Cornell,DiffWire CT,gcn,12363,,0.4594594594594595,0.4384514831573655,0.5135135135135135,0.3997899159663866,0.0781516581773758,292.0,f1,0.4384514831573655
Cornell,DiffWire CT,gcn,12364,,0.4594594594594595,0.3992857142857143,0.4054054054054054,0.3077777777777778,0.115700364112854,290.0,f1,0.3992857142857143
Cornell,DiffWire CT,gcn,12365,,0.4054054054054054,0.370952380952381,0.3783783783783784,0.2866053317878875,0.1491184830665588,185.0,f1,0.370952380952381
Cornell,DiffWire CT,gcn,12366,,0.4864864864864865,0.4276190476190476,0.5945945945945946,0.4119047619047619,0.1151928752660751,373.0,f1,0.4276190476190476
Cornell,DiffWire CT,gcn,12367,,0.5405405405405406,0.4519047619047619,0.5675675675675675,0.4075460487225193,0.2472767680883407,133.0,f1,0.4519047619047619
Cornell,DiffWire CT,gcn,12368,,0.4864864864864865,0.4740994152046783,0.4324324324324324,0.3085714285714286,0.0673054382205009,392.0,f1,0.4740994152046783
Cornell,DiffWire CT,gcn,12369,,0.5405405405405406,0.4541176470588236,0.4864864864864865,0.4516394716394716,0.1048630774021148,375.0,f1,0.4541176470588236
Cornell,DiffWire CT,gcn,12370,,0.5135135135135135,0.4123076923076922,0.4054054054054054,0.2512820512820513,0.1411174535751342,348.0,f1,0.4123076923076922
Cornell,DiffWire CT,gcn,12371,,0.5675675675675675,0.471031746031746,0.5405405405405406,0.3802733214497921,0.1004973128437995,347.0,f1,0.471031746031746
Cornell,DiffWire CT,gcn,12372,,0.5675675675675675,0.3819607843137255,0.2972972972972973,0.248034188034188,0.0625207647681236,364.0,f1,0.3819607843137255
Cornell,DiffWire CT,gcn,12373,,0.4054054054054054,0.3400621118012422,0.5135135135135135,0.2955555555555555,0.1760469079017639,100.0,f1,0.3400621118012422
Cornell,DiffWire CT,gcn,12374,,0.5135135135135135,0.467012987012987,0.4324324324324324,0.323030303030303,0.1185418590903282,360.0,f1,0.467012987012987
Minesweeper,SDRF,gcn,12345,0.0,0.721,0.6031153312706711,0.734,0.6227758309922272,0.6313129663467407,13.0,f1,0.6031153312706711
Minesweeper,SDRF,gcn,12345,0.1,0.744,0.6073017333946924,0.7635,0.6401343751937701,0.6268152594566345,12.0,f1,0.6073017333946924
Minesweeper,SDRF,gcn,12345,0.25,0.703,0.6086538879643282,0.711,0.6216306801221256,0.6358426809310913,10.0,f1,0.6086538879643282
Minesweeper,SDRF,gcn,12345,0.4,0.726,0.6189681546377416,0.73,0.6283402916289845,0.6345697641372681,10.0,f1,0.6189681546377416
Minesweeper,SDRF,gcn,12345,0.55,0.745,0.6241770582938229,0.7495,0.6371183722042814,0.6349152326583862,10.0,f1,0.6241770582938229
Minesweeper,SDRF,gcn,12346,0.0,0.725,0.5919633093407759,0.7235,0.592149053664113,0.6481680274009705,31.0,f1,0.5919633093407759
Minesweeper,SDRF,gcn,12346,0.1,0.7025,0.5828892038055927,0.7145,0.5960540636713592,0.6487717628479004,31.0,f1,0.5828892038055927
Minesweeper,SDRF,gcn,12346,0.25,0.721,0.5974513911733643,0.74,0.6155205482085476,0.8206145167350769,15.0,f1,0.5974513911733643
Minesweeper,SDRF,gcn,12346,0.4,0.7225,0.5933873798432233,0.744,0.6168949334354947,0.8198630213737488,15.0,f1,0.5933873798432233
Minesweeper,SDRF,gcn,12346,0.55,0.666,0.5906657074681448,0.69,0.6112852664576802,0.8199357390403748,15.0,f1,0.5906657074681448
Minesweeper,SDRF,gcn,12347,0.0,0.7335,0.6068995399692083,0.7355,0.6192840885578316,0.5956479907035828,32.0,f1,0.6068995399692083
Minesweeper,SDRF,gcn,12347,0.1,0.7525,0.6099780996793547,0.756,0.6215786992233058,0.5960113406181335,33.0,f1,0.6099780996793547
Minesweeper,SDRF,gcn,12347,0.25,0.7595,0.6065425189704174,0.7615,0.6137387537851781,0.596190333366394,33.0,f1,0.6065425189704174
Minesweeper,SDRF,gcn,12347,0.4,0.7345,0.6090285685254745,0.737,0.6229390681003584,0.5961069464683533,33.0,f1,0.6090285685254745
Minesweeper,SDRF,gcn,12347,0.55,0.757,0.6028574650539085,0.7635,0.6169778418037509,0.5812726020812988,34.0,f1,0.6028574650539085
Minesweeper,SDRF,gcn,12348,0.0,0.7295,0.6075124012659721,0.7315,0.6153569283564675,0.7001428008079529,12.0,f1,0.6075124012659721
Minesweeper,SDRF,gcn,12348,0.1,0.747,0.5954951267555192,0.7545,0.6078699150371506,0.6856260299682617,13.0,f1,0.5954951267555192
Minesweeper,SDRF,gcn,12348,0.25,0.704,0.5999459386403567,0.693,0.599588371628945,0.6854356527328491,13.0,f1,0.5999459386403567
Minesweeper,SDRF,gcn,12348,0.4,0.704,0.5971555918478446,0.698,0.6010309782271244,0.6855870485305786,13.0,f1,0.5971555918478446
Minesweeper,SDRF,gcn,12348,0.55,0.7415,0.6009310579456595,0.735,0.5956858921839218,0.6568326950073242,14.0,f1,0.6009310579456595
Minesweeper,SDRF,gcn,12349,0.0,0.7995,0.5779833603364346,0.7955,0.5734587024071425,0.4492577314376831,198.0,f1,0.5779833603364346
Minesweeper,SDRF,gcn,12349,0.1,0.7995,0.5779833603364346,0.7955,0.5734587024071425,0.4466342031955719,200.0,f1,0.5779833603364346
Minesweeper,SDRF,gcn,12349,0.25,0.7995,0.5779833603364346,0.7955,0.576007410022086,0.4498152732849121,198.0,f1,0.5779833603364346
Minesweeper,SDRF,gcn,12349,0.4,0.7995,0.5779833603364346,0.796,0.5764119601328903,0.4501785933971405,198.0,f1,0.5779833603364346
Minesweeper,SDRF,gcn,12349,0.55,0.798,0.5767603730375406,0.795,0.5743355481727574,0.4475504159927368,200.0,f1,0.5767603730375406
Minesweeper,SDRF,gcn,12350,0.0,0.7915,0.5543250509400054,0.794,0.5505166876134618,0.4654505550861358,96.0,f1,0.5543250509400054
Minesweeper,SDRF,gcn,12350,0.1,0.7895,0.5528352739680559,0.793,0.5512136743242189,0.4650866985321045,96.0,f1,0.5528352739680559
Minesweeper,SDRF,gcn,12350,0.25,0.7905,0.5549595719539558,0.7935,0.5515838698312033,0.462477445602417,95.0,f1,0.5549595719539558
Minesweeper,SDRF,gcn,12350,0.4,0.791,0.5567065630759899,0.7935,0.5530087758555471,0.4624463319778442,95.0,f1,0.5567065630759899
Minesweeper,SDRF,gcn,12350,0.55,0.79,0.5545855418466884,0.794,0.5533817242067105,0.4625691771507263,95.0,f1,0.5545855418466884
Minesweeper,SDRF,gcn,12351,0.0,0.7945,0.5593625015344584,0.803,0.5659636158535645,0.4452886879444122,394.0,f1,0.5593625015344584
Minesweeper,SDRF,gcn,12351,0.1,0.794,0.5603541923215647,0.803,0.5715295524985047,0.4471571743488312,393.0,f1,0.5603541923215647
Minesweeper,SDRF,gcn,12351,0.25,0.7925,0.5632496123182553,0.801,0.5766101579520697,0.4511681199073791,283.0,f1,0.5632496123182553
Minesweeper,SDRF,gcn,12351,0.4,0.791,0.5620936532913167,0.801,0.5766101579520697,0.4546765983104706,282.0,f1,0.5620936532913167
Minesweeper,SDRF,gcn,12351,0.55,0.7915,0.5651155963417566,0.802,0.5826086956521739,0.4738975465297699,115.0,f1,0.5651155963417566
Minesweeper,SDRF,gcn,12352,0.0,0.7975,0.5887019993652809,0.7965,0.5690364894792489,0.4678771495819092,116.0,f1,0.5887019993652809
Minesweeper,SDRF,gcn,12352,0.1,0.7975,0.5887019993652809,0.796,0.5686410501475925,0.4680057764053345,116.0,f1,0.5887019993652809
Minesweeper,SDRF,gcn,12352,0.25,0.798,0.5914892240115354,0.7955,0.5695640757546179,0.4678366184234619,116.0,f1,0.5914892240115354
Minesweeper,SDRF,gcn,12352,0.4,0.7985,0.5907331006029832,0.796,0.5686410501475925,0.4680310487747192,115.0,f1,0.5907331006029832
Minesweeper,SDRF,gcn,12352,0.55,0.798,0.5879266591051888,0.796,0.5686410501475925,0.4669569134712219,117.0,f1,0.5879266591051888
Minesweeper,SDRF,gcn,12353,0.0,0.724,0.5818885005703587,0.7345,0.6002588154787917,0.570830225944519,7.0,f1,0.5818885005703587
Minesweeper,SDRF,gcn,12353,0.1,0.72,0.5838386720886543,0.7305,0.6024743940776798,0.5710683465003967,7.0,f1,0.5838386720886543
Minesweeper,SDRF,gcn,12353,0.25,0.709,0.5847549412021559,0.722,0.6014336917562724,0.5712764263153076,7.0,f1,0.5847549412021559
Minesweeper,SDRF,gcn,12353,0.4,0.7075,0.5842334205969342,0.7215,0.6016578756064079,0.5711162686347961,7.0,f1,0.5842334205969342
Minesweeper,SDRF,gcn,12353,0.55,0.7105,0.5852731126971967,0.7215,0.599768771257793,0.5709313750267029,7.0,f1,0.5852731126971967
Minesweeper,SDRF,gcn,12354,0.0,0.691,0.56838210336201,0.695,0.5714070915966281,0.7992368936538696,6.0,f1,0.56838210336201
Minesweeper,SDRF,gcn,12354,0.1,0.6975,0.5617896510650503,0.7085,0.5728735899974761,0.7999104261398315,6.0,f1,0.5617896510650503
Minesweeper,SDRF,gcn,12354,0.25,0.799,0.564221973619169,0.8025,0.5683699299174823,0.4469647705554962,383.0,f1,0.564221973619169
Minesweeper,SDRF,gcn,12354,0.4,0.7055,0.5633995387156756,0.7115,0.5693706878762176,0.799251139163971,6.0,f1,0.5633995387156756
Minesweeper,SDRF,gcn,12354,0.55,0.8,0.5650046218258931,0.802,0.5665793258338423,0.4500176608562469,384.0,f1,0.5650046218258931
Minesweeper,SDRF,gcn,12355,0.0,0.763,0.6045458868600777,0.76,0.5961166617022673,0.5271138548851013,44.0,f1,0.6045458868600777
Minesweeper,SDRF,gcn,12355,0.1,0.7665,0.6083133191504173,0.7635,0.5989892494358932,0.5309463143348694,45.0,f1,0.6083133191504173
Minesweeper,SDRF,gcn,12355,0.25,0.773,0.6146788679366987,0.7725,0.605616540528968,0.5186235308647156,47.0,f1,0.6146788679366987
Minesweeper,SDRF,gcn,12355,0.4,0.776,0.6164219358705424,0.774,0.6086580086580087,0.5213845372200012,48.0,f1,0.6164219358705424
Minesweeper,SDRF,gcn,12355,0.55,0.7785,0.6168812664884833,0.772,0.6025042233926264,0.5213304162025452,49.0,f1,0.6168812664884833
Minesweeper,SDRF,gcn,12356,0.0,0.7905,0.5732482681671216,0.8015,0.5703256271541216,0.4587882161140442,127.0,f1,0.5732482681671216
Minesweeper,SDRF,gcn,12356,0.1,0.792,0.578141225337487,0.7985,0.5665806818664563,0.4587030708789825,126.0,f1,0.578141225337487
Minesweeper,SDRF,gcn,12356,0.25,0.7915,0.5789492815632795,0.8,0.5757957541397032,0.4590198695659637,126.0,f1,0.5789492815632795
Minesweeper,SDRF,gcn,12356,0.4,0.7915,0.5789492815632795,0.8,0.5731594100209365,0.4592241644859314,126.0,f1,0.5789492815632795
Minesweeper,SDRF,gcn,12356,0.55,0.792,0.5756868569003925,0.8,0.5704827130029916,0.4605603516101837,125.0,f1,0.5756868569003925
Minesweeper,SDRF,gcn,12357,0.0,0.717,0.5883750121814815,0.7305,0.6070510640422927,0.667651355266571,10.0,f1,0.5883750121814815
Minesweeper,SDRF,gcn,12357,0.1,0.726,0.5906629318394024,0.737,0.6077694459855277,0.6668059229850769,10.0,f1,0.5906629318394024
Minesweeper,SDRF,gcn,12357,0.25,0.762,0.5792964351559696,0.761,0.5785100064193456,0.6672183871269226,10.0,f1,0.5792964351559696
Minesweeper,SDRF,gcn,12357,0.4,0.6455,0.5785770943871402,0.638,0.5726692471777873,0.6777133941650391,9.0,f1,0.5785770943871402
Minesweeper,SDRF,gcn,12357,0.55,0.671,0.5855817726519239,0.666,0.5821322764032348,0.6781346201896667,9.0,f1,0.5855817726519239
Minesweeper,SDRF,gcn,12358,0.0,0.7445,0.6105288309653207,0.755,0.6043990822058707,0.5967411398887634,36.0,f1,0.6105288309653207
Minesweeper,SDRF,gcn,12358,0.1,0.737,0.6077694459855277,0.75,0.609375,0.597020149230957,36.0,f1,0.6077694459855277
Minesweeper,SDRF,gcn,12358,0.25,0.743,0.6113574362293506,0.753,0.605858820863632,0.5970289707183838,36.0,f1,0.6113574362293506
Minesweeper,SDRF,gcn,12358,0.4,0.7385,0.6076482337606317,0.749,0.6048389128189627,0.585935115814209,37.0,f1,0.6076482337606317
Minesweeper,SDRF,gcn,12358,0.55,0.749,0.6114400712101862,0.7545,0.5983625297598232,0.5751164555549622,38.0,f1,0.6114400712101862
Minesweeper,SDRF,gcn,12359,0.0,0.8135,0.5924100857195465,0.804,0.5550470378845664,0.4441074728965759,363.0,f1,0.5924100857195465
Minesweeper,SDRF,gcn,12359,0.1,0.8125,0.5966941828782162,0.805,0.5558076442087567,0.4478057026863098,368.0,f1,0.5966941828782162
Minesweeper,SDRF,gcn,12359,0.25,0.8125,0.5992131753057603,0.805,0.5588145459975429,0.4477855563163757,368.0,f1,0.5992131753057603
Minesweeper,SDRF,gcn,12359,0.4,0.8135,0.6001027082052385,0.805,0.5602998078848391,0.4478116929531097,368.0,f1,0.6001027082052385
Minesweeper,SDRF,gcn,12359,0.55,0.8125,0.5954201561678197,0.805,0.5588145459975429,0.4477134048938751,368.0,f1,0.5954201561678197
Minesweeper,SDRF,gcn,12360,0.0,0.7115,0.5715692778789041,0.71,0.5652636675856093,0.6756214499473572,7.0,f1,0.5715692778789041
Minesweeper,SDRF,gcn,12360,0.1,0.722,0.5704334604520647,0.715,0.5588064553581795,0.6762352585792542,7.0,f1,0.5704334604520647
Minesweeper,SDRF,gcn,12360,0.25,0.7345,0.5656425729174464,0.725,0.5505588596289087,0.6765860319137573,7.0,f1,0.5656425729174464
Minesweeper,SDRF,gcn,12360,0.4,0.7345,0.5656425729174464,0.7255,0.5518321615526689,0.6758894324302673,7.0,f1,0.5656425729174464
Minesweeper,SDRF,gcn,12360,0.55,0.7415,0.5645169781521453,0.726,0.5428083248930856,0.6755291819572449,7.0,f1,0.5645169781521453
Minesweeper,SDRF,gcn,12361,0.0,0.6855,0.5746492293137685,0.6985,0.5810345528377614,0.585504949092865,35.0,f1,0.5746492293137685
Minesweeper,SDRF,gcn,12361,0.1,0.801,0.5685580733841524,0.801,0.5435769348094835,0.4493298828601837,391.0,f1,0.5685580733841524
Minesweeper,SDRF,gcn,12361,0.25,0.702,0.5760873430776343,0.7085,0.577042014672942,0.5854776501655579,35.0,f1,0.5760873430776343
Minesweeper,SDRF,gcn,12361,0.4,0.796,0.5725698816814766,0.8,0.5564613600225318,0.4496700763702392,399.0,f1,0.5725698816814766
Minesweeper,SDRF,gcn,12361,0.55,0.689,0.5737390350877193,0.704,0.5834248109930815,0.5909942388534546,34.0,f1,0.5737390350877193
Minesweeper,SDRF,gcn,12362,0.0,0.8005,0.5653971143021927,0.802,0.5520270774744283,0.4585773944854736,119.0,f1,0.5653971143021927
Minesweeper,SDRF,gcn,12362,0.1,0.802,0.565175379263697,0.8015,0.5486048535779887,0.4594525694847107,118.0,f1,0.565175379263697
Minesweeper,SDRF,gcn,12362,0.25,0.8035,0.5663589433502578,0.8015,0.5470619207426816,0.460856556892395,116.0,f1,0.5663589433502578
Minesweeper,SDRF,gcn,12362,0.4,0.7995,0.565996414329478,0.801,0.5512803167645282,0.4575352072715759,119.0,f1,0.565996414329478
Minesweeper,SDRF,gcn,12362,0.55,0.803,0.5673714632068096,0.802,0.5489739156581223,0.4576311707496643,117.0,f1,0.5673714632068096
Minesweeper,SDRF,gcn,12363,0.0,0.7945,0.5801750700602004,0.7965,0.5842609574562082,0.4568627178668976,160.0,f1,0.5801750700602004
Minesweeper,SDRF,gcn,12363,0.1,0.6835,0.5997186015445297,0.663,0.5759891594142359,0.5768084526062012,20.0,f1,0.5997186015445297
Minesweeper,SDRF,gcn,12363,0.25,0.6895,0.5997668206694335,0.669,0.5776849223310261,0.5773027539253235,20.0,f1,0.5997668206694335
Minesweeper,SDRF,gcn,12363,0.4,0.6735,0.5962125603864734,0.66,0.5779118804149871,0.5782804489135742,20.0,f1,0.5962125603864734
Minesweeper,SDRF,gcn,12363,0.55,0.71,0.601383337273682,0.6915,0.5774665731203683,0.5782049894332886,20.0,f1,0.601383337273682
Minesweeper,SDRF,gcn,12364,0.0,0.76,0.5777257363847341,0.765,0.5948946381288615,0.6556804776191711,1.0,f1,0.5777257363847341
Minesweeper,SDRF,gcn,12364,0.1,0.7595,0.5783067305664936,0.765,0.5957969765613846,0.6566783785820007,1.0,f1,0.5783067305664936
Minesweeper,SDRF,gcn,12364,0.25,0.805,0.5745182237117721,0.8005,0.5524093334432678,0.4493341147899627,203.0,f1,0.5745182237117721
Minesweeper,SDRF,gcn,12364,0.4,0.8045,0.5741109566219483,0.801,0.5527838642620372,0.4485839307308197,202.0,f1,0.5741109566219483
Minesweeper,SDRF,gcn,12364,0.55,0.759,0.5739934490444903,0.766,0.5966184907325685,0.6570020914077759,1.0,f1,0.5739934490444903
Minesweeper,SDRF,gcn,12365,0.0,0.807,0.5618575424067415,0.808,0.5596320175046273,0.454703539609909,319.0,f1,0.5618575424067415
Minesweeper,SDRF,gcn,12365,0.1,0.8035,0.5606068991425126,0.8075,0.5592441667110284,0.4688845574855804,166.0,f1,0.5606068991425126
Minesweeper,SDRF,gcn,12365,0.25,0.8065,0.5658707068735456,0.808,0.5611428571428572,0.4516295492649078,320.0,f1,0.5658707068735456
Minesweeper,SDRF,gcn,12365,0.4,0.807,0.5662677678521265,0.8085,0.5630345482227885,0.4542325437068939,321.0,f1,0.5662677678521265
Minesweeper,SDRF,gcn,12365,0.55,0.8075,0.5666656724363913,0.808,0.5581087052585064,0.4488258957862854,338.0,f1,0.5666656724363913
Minesweeper,SDRF,gcn,12366,0.0,0.8015,0.5576047136827736,0.8045,0.5569342341959518,0.4511848092079162,349.0,f1,0.5576047136827736
Minesweeper,SDRF,gcn,12366,0.1,0.8025,0.558370801937131,0.8045,0.5569342341959518,0.4486216902732849,343.0,f1,0.558370801937131
Minesweeper,SDRF,gcn,12366,0.25,0.8025,0.558370801937131,0.805,0.5573172060586249,0.4518194198608398,349.0,f1,0.558370801937131
Minesweeper,SDRF,gcn,12366,0.4,0.7945,0.5648009758623374,0.7865,0.558663401258171,0.6787744760513306,18.0,f1,0.5648009758623374
Minesweeper,SDRF,gcn,12366,0.55,0.798,0.5914892240115354,0.785,0.5651989265469312,0.677949845790863,18.0,f1,0.5914892240115354
Minesweeper,SDRF,gcn,12367,0.0,0.7505,0.6037970376881121,0.7415,0.5770945578122783,0.6310779452323914,23.0,f1,0.6037970376881121
Minesweeper,SDRF,gcn,12367,0.1,0.7285,0.6073297009522798,0.7285,0.5940488913161226,0.6312962174415588,23.0,f1,0.6073297009522798
Minesweeper,SDRF,gcn,12367,0.25,0.708,0.6014799832403226,0.7125,0.5944648328719049,0.6149307489395142,22.0,f1,0.6014799832403226
Minesweeper,SDRF,gcn,12367,0.4,0.703,0.5991464654031008,0.711,0.5963185368013622,0.6149255037307739,22.0,f1,0.5991464654031008
Minesweeper,SDRF,gcn,12367,0.55,0.6995,0.6017123057312008,0.705,0.5945106361921937,0.6151360869407654,22.0,f1,0.6017123057312008
Minesweeper,SDRF,gcn,12368,0.0,0.7585,0.6223020105966572,0.738,0.601687507126297,0.5866482853889465,37.0,f1,0.6223020105966572
Minesweeper,SDRF,gcn,12368,0.1,0.74,0.6174467809617976,0.7195,0.5987972499375132,0.5836155414581299,38.0,f1,0.6174467809617976
Minesweeper,SDRF,gcn,12368,0.25,0.728,0.6217494089834515,0.701,0.5947718796079452,0.5775846242904663,39.0,f1,0.6217494089834515
Minesweeper,SDRF,gcn,12368,0.4,0.739,0.6172481756962858,0.718,0.5982242079887845,0.5792921185493469,40.0,f1,0.6172481756962858
Minesweeper,SDRF,gcn,12368,0.55,0.728,0.6194974008315101,0.7,0.5934166016133229,0.5795691013336182,40.0,f1,0.6194974008315101
Minesweeper,SDRF,gcn,12369,0.0,0.8015,0.5647824597464886,0.793,0.5540484643755816,0.4547233879566192,183.0,f1,0.5647824597464886
Minesweeper,SDRF,gcn,12369,0.1,0.802,0.565175379263697,0.795,0.5624883952714599,0.4527716338634491,164.0,f1,0.565175379263697
Minesweeper,SDRF,gcn,12369,0.25,0.7995,0.5673692869954552,0.793,0.5582199893716693,0.4552441835403442,184.0,f1,0.5673692869954552
Minesweeper,SDRF,gcn,12369,0.4,0.8065,0.5658707068735456,0.793,0.5497797835897994,0.4510840773582458,240.0,f1,0.5658707068735456
Minesweeper,SDRF,gcn,12369,0.55,0.8035,0.5649379870577353,0.794,0.5589809462641833,0.4604544937610626,166.0,f1,0.5649379870577353
Minesweeper,SDRF,gcn,12370,0.0,0.7585,0.623009531302502,0.749,0.6040853345952127,1.0906933546066284,1.0,f1,0.623009531302502
Minesweeper,SDRF,gcn,12370,0.1,0.76,0.6214361765053826,0.7505,0.6030292290612834,1.0920237302780151,1.0,f1,0.6214361765053826
Minesweeper,SDRF,gcn,12370,0.25,0.76,0.6207116713340203,0.7515,0.6038513302664359,1.0920755863189695,1.0,f1,0.6207116713340203
Minesweeper,SDRF,gcn,12370,0.4,0.759,0.6213019982997874,0.7515,0.6053850255130093,1.0915449857711792,1.0,f1,0.6213019982997874
Minesweeper,SDRF,gcn,12370,0.55,0.7595,0.6210090221126658,0.7515,0.6030781013716167,1.0916365385055542,1.0,f1,0.6210090221126658
Minesweeper,SDRF,gcn,12371,0.0,0.812,0.592406622091561,0.796,0.5548806032677001,0.4563941359519958,103.0,f1,0.592406622091561
Minesweeper,SDRF,gcn,12371,0.1,0.8125,0.5941362976896615,0.796,0.5591200554990048,0.4561580121517181,103.0,f1,0.5941362976896615
Minesweeper,SDRF,gcn,12371,0.25,0.812,0.5949812140222674,0.796,0.5591200554990048,0.4670381546020508,102.0,f1,0.5949812140222674
Minesweeper,SDRF,gcn,12371,0.4,0.81,0.5945014395198897,0.7945,0.5634567638975557,0.4633046388626098,110.0,f1,0.5945014395198897
Minesweeper,SDRF,gcn,12371,0.55,0.8115,0.5945432185202333,0.796,0.5591200554990048,0.4633259773254394,104.0,f1,0.5945432185202333
Minesweeper,SDRF,gcn,12372,0.0,0.787,0.5642166641092528,0.799,0.5851187674931266,0.458644688129425,176.0,f1,0.5642166641092528
Minesweeper,SDRF,gcn,12372,0.1,0.636,0.5726570984121394,0.643,0.586374695863747,0.6421563029289246,4.0,f1,0.5726570984121394
Minesweeper,SDRF,gcn,12372,0.25,0.6525,0.5787152390821326,0.661,0.5956564678266595,0.6421290040016174,4.0,f1,0.5787152390821326
Minesweeper,SDRF,gcn,12372,0.4,0.6685,0.5807479191532752,0.6875,0.6122635156408245,0.6421706676483154,4.0,f1,0.5807479191532752
Minesweeper,SDRF,gcn,12372,0.55,0.6735,0.5826824062928682,0.6905,0.6112530620101608,0.6425353288650513,4.0,f1,0.5826824062928682
Minesweeper,SDRF,gcn,12373,0.0,0.804,0.5723362658846529,0.7995,0.5673692869954552,0.4473307430744171,331.0,f1,0.5723362658846529
Minesweeper,SDRF,gcn,12373,0.1,0.804,0.5750622230316275,0.797,0.5694326904517988,0.4537445604801178,292.0,f1,0.5750622230316275
Minesweeper,SDRF,gcn,12373,0.25,0.8035,0.5732989366674647,0.7995,0.5714252887936263,0.451513797044754,332.0,f1,0.5732989366674647
Minesweeper,SDRF,gcn,12373,0.4,0.803,0.5742482888887448,0.7975,0.5711542462877046,0.4515994191169739,291.0,f1,0.5742482888887448
Minesweeper,SDRF,gcn,12373,0.55,0.8035,0.5773355036563705,0.7975,0.5724688971122649,0.4514122009277344,291.0,f1,0.5773355036563705
Minesweeper,SDRF,gcn,12374,0.0,0.74,0.5867236564147642,0.7585,0.6223020105966572,0.6924323439598083,16.0,f1,0.5867236564147642
Minesweeper,SDRF,gcn,12374,0.1,0.723,0.5889957697723451,0.7415,0.6218514285714285,0.6917944550514221,16.0,f1,0.5889957697723451
Minesweeper,SDRF,gcn,12374,0.25,0.7355,0.5839806602124687,0.7565,0.6233971663536687,0.6916745901107788,16.0,f1,0.5839806602124687
Minesweeper,SDRF,gcn,12374,0.4,0.7135,0.590215372930829,0.7295,0.6190236089168193,0.6917241215705872,16.0,f1,0.590215372930829
Minesweeper,SDRF,gcn,12374,0.55,0.716,0.5848899958489,0.7355,0.6210871789582333,0.6815110445022583,17.0,f1,0.5848899958489
Minesweeper,SDRF,sage,12345,0.0,0.886,0.8109766207925717,0.883,0.80680827455021,0.2236069291830063,99.0,f1,0.8109766207925717
Minesweeper,SDRF,sage,12345,0.1,0.879,0.8109375,0.8705,0.7993429449870406,0.1987177729606628,148.0,f1,0.8109375
Minesweeper,SDRF,sage,12345,0.25,0.8875,0.812876663682396,0.8825,0.8089367983254734,0.2142241150140762,115.0,f1,0.812876663682396
Minesweeper,SDRF,sage,12345,0.4,0.8885,0.8113494058563744,0.879,0.7976737497575429,0.2282571792602539,99.0,f1,0.8113494058563744
Minesweeper,SDRF,sage,12345,0.55,0.8805,0.8068511278803123,0.8825,0.8112115438919101,0.2249172180891037,100.0,f1,0.8068511278803123
Minesweeper,SDRF,sage,12346,0.0,0.87,0.7972548304036656,0.8875,0.8250371795993352,0.2177700996398925,79.0,f1,0.7972548304036656
Minesweeper,SDRF,sage,12346,0.1,0.8675,0.7904004182500333,0.8785,0.8092602949400995,0.2309853881597519,67.0,f1,0.7904004182500333
Minesweeper,SDRF,sage,12346,0.25,0.8745,0.7903713642272492,0.8835,0.8078330704440252,0.2118767648935318,89.0,f1,0.7903713642272492
Minesweeper,SDRF,sage,12346,0.4,0.871,0.7900250504997892,0.8805,0.8098677069051037,0.2085649222135543,99.0,f1,0.7900250504997892
Minesweeper,SDRF,sage,12346,0.55,0.876,0.7899728997289973,0.883,0.8035277680754453,0.214226484298706,89.0,f1,0.7899728997289973
Minesweeper,SDRF,sage,12347,0.0,0.884,0.8166773078114431,0.883,0.8233799640419721,0.2188279777765274,125.0,f1,0.8166773078114431
Minesweeper,SDRF,sage,12347,0.1,0.8865,0.8112133451373507,0.8885,0.8229393575239459,0.2379902154207229,102.0,f1,0.8112133451373507
Minesweeper,SDRF,sage,12347,0.25,0.884,0.8115659519168291,0.89,0.8284463949569478,0.2231164574623108,123.0,f1,0.8115659519168291
Minesweeper,SDRF,sage,12347,0.4,0.884,0.810417555334376,0.875,0.8079047945426521,0.2018120288848877,174.0,f1,0.810417555334376
Minesweeper,SDRF,sage,12347,0.55,0.881,0.8115749955268854,0.8735,0.8105288305098011,0.1861563771963119,199.0,f1,0.8115749955268854
Minesweeper,SDRF,sage,12348,0.0,0.8885,0.8246270079912674,0.8745,0.800707527975383,0.2285064309835434,114.0,f1,0.8246270079912674
Minesweeper,SDRF,sage,12348,0.1,0.8865,0.822489764814578,0.872,0.7988657916281028,0.2300202399492263,114.0,f1,0.822489764814578
Minesweeper,SDRF,sage,12348,0.25,0.887,0.8237676602739555,0.8725,0.799461376851001,0.2281484603881836,114.0,f1,0.8237676602739555
Minesweeper,SDRF,sage,12348,0.4,0.884,0.8190889255909632,0.872,0.8,0.2332119196653366,113.0,f1,0.8190889255909632
Minesweeper,SDRF,sage,12348,0.55,0.888,0.8219732673786676,0.877,0.8033434805965567,0.2337342351675033,115.0,f1,0.8219732673786676
Minesweeper,SDRF,sage,12349,0.0,0.884,0.8200947914340306,0.8725,0.7990796271075464,0.2308065742254257,96.0,f1,0.8200947914340306
Minesweeper,SDRF,sage,12349,0.1,0.8845,0.8186795396344155,0.8695,0.7919621674035004,0.2318249940872192,96.0,f1,0.8186795396344155
Minesweeper,SDRF,sage,12349,0.25,0.884,0.8163252057236866,0.8715,0.7935377309796634,0.2263787239789962,105.0,f1,0.8163252057236866
Minesweeper,SDRF,sage,12349,0.4,0.885,0.8179086091226204,0.875,0.7965359016470825,0.2343055456876754,95.0,f1,0.8179086091226204
Minesweeper,SDRF,sage,12349,0.55,0.8825,0.8112115438919101,0.871,0.7904483430799221,0.2350934892892837,96.0,f1,0.8112115438919101
Minesweeper,SDRF,sage,12350,0.0,0.886,0.8155566629346553,0.867,0.7869378483285835,0.2222782224416732,91.0,f1,0.8155566629346553
Minesweeper,SDRF,sage,12350,0.1,0.8825,0.8126862426813127,0.866,0.7844879578625709,0.1959105432033538,143.0,f1,0.8126862426813127
Minesweeper,SDRF,sage,12350,0.25,0.8855,0.8153010572603017,0.8665,0.7842228081340727,0.2292442470788955,88.0,f1,0.8153010572603017
Minesweeper,SDRF,sage,12350,0.4,0.8865,0.8150675919804509,0.8715,0.7927177804187666,0.2149448096752166,107.0,f1,0.8150675919804509
Minesweeper,SDRF,sage,12350,0.55,0.886,0.8155566629346553,0.8665,0.7837908747602569,0.196989893913269,136.0,f1,0.8155566629346553
Minesweeper,SDRF,sage,12351,0.0,0.8785,0.809978030175958,0.8705,0.7951460691575798,0.1978442817926406,126.0,f1,0.809978030175958
Minesweeper,SDRF,sage,12351,0.1,0.873,0.8037591707820584,0.8655,0.788851931435748,0.2045015841722488,117.0,f1,0.8037591707820584
Minesweeper,SDRF,sage,12351,0.25,0.8835,0.8070328652845085,0.8785,0.7953145564622268,0.2215168625116348,92.0,f1,0.8070328652845085
Minesweeper,SDRF,sage,12351,0.4,0.8785,0.8074313280700538,0.866,0.7882306831614947,0.2131464183330536,115.0,f1,0.8074313280700538
Minesweeper,SDRF,sage,12351,0.55,0.875,0.805415973947534,0.868,0.7905878769418215,0.2139331698417663,116.0,f1,0.805415973947534
Minesweeper,SDRF,sage,12352,0.0,0.881,0.8122954375172522,0.8805,0.8068511278803123,0.212354376912117,146.0,f1,0.8122954375172522
Minesweeper,SDRF,sage,12352,0.1,0.8835,0.8094062513931544,0.889,0.8136032671484994,0.2221715897321701,126.0,f1,0.8094062513931544
Minesweeper,SDRF,sage,12352,0.25,0.881,0.8122954375172522,0.878,0.8075633897235696,0.21787990629673,134.0,f1,0.8122954375172522
Minesweeper,SDRF,sage,12352,0.4,0.8845,0.8102668625325924,0.885,0.8081129830755651,0.2270139008760452,125.0,f1,0.8102668625325924
Minesweeper,SDRF,sage,12352,0.55,0.8815,0.8084674364336152,0.8795,0.802862260024679,0.2227840721607208,127.0,f1,0.8084674364336152
Minesweeper,SDRF,sage,12353,0.0,0.888,0.8173265744165867,0.8875,0.8174352574710564,0.2176706790924072,107.0,f1,0.8173265744165867
Minesweeper,SDRF,sage,12353,0.1,0.8845,0.8158745619548222,0.883,0.8136645962732919,0.2085320204496383,118.0,f1,0.8158745619548222
Minesweeper,SDRF,sage,12353,0.25,0.8865,0.8139343499730942,0.8845,0.8114266472106858,0.2150775492191314,112.0,f1,0.8139343499730942
Minesweeper,SDRF,sage,12353,0.4,0.884,0.8138053688258824,0.883,0.812200242695071,0.2143934965133667,117.0,f1,0.8138053688258824
Minesweeper,SDRF,sage,12353,0.55,0.885,0.8139387389253101,0.8825,0.8104617836514013,0.2087186127901077,116.0,f1,0.8139387389253101
Minesweeper,SDRF,sage,12354,0.0,0.879,0.8050097978547854,0.8845,0.8102668625325924,0.2186746895313263,122.0,f1,0.8050097978547854
Minesweeper,SDRF,sage,12354,0.1,0.878,0.8030068899147601,0.8885,0.8153147165598515,0.2327623665332794,115.0,f1,0.8030068899147601
Minesweeper,SDRF,sage,12354,0.25,0.875,0.805415973947534,0.887,0.8189772696325559,0.2237044423818588,124.0,f1,0.805415973947534
Minesweeper,SDRF,sage,12354,0.4,0.8735,0.8054228572768967,0.884,0.8156151697850487,0.2186308056116104,134.0,f1,0.8054228572768967
Minesweeper,SDRF,sage,12354,0.55,0.874,0.8056608226099751,0.8875,0.8196010296371455,0.2264035493135452,124.0,f1,0.8056608226099751
Minesweeper,SDRF,sage,12355,0.0,0.8875,0.8124824202268963,0.8815,0.8033096267488948,0.2203259617090225,109.0,f1,0.8124824202268963
Minesweeper,SDRF,sage,12355,0.1,0.885,0.813190383365822,0.879,0.8038386029417726,0.23154978454113,87.0,f1,0.813190383365822
Minesweeper,SDRF,sage,12355,0.25,0.8825,0.8134114305745618,0.8745,0.8029807984772221,0.2184822559356689,108.0,f1,0.8134114305745618
Minesweeper,SDRF,sage,12355,0.4,0.8825,0.8134114305745618,0.873,0.7989077683354155,0.2170157134532928,112.0,f1,0.8134114305745618
Minesweeper,SDRF,sage,12355,0.55,0.883,0.8107028909066198,0.8795,0.806391413097661,0.2306930124759674,93.0,f1,0.8107028909066198
Minesweeper,SDRF,sage,12356,0.0,0.8745,0.8055408463001822,0.879,0.811992398899301,0.1980995833873748,140.0,f1,0.8055408463001822
Minesweeper,SDRF,sage,12356,0.1,0.8815,0.8028967524121238,0.8855,0.8095500265923052,0.2346982359886169,80.0,f1,0.8028967524121238
Minesweeper,SDRF,sage,12356,0.25,0.883,0.8047758175638358,0.8835,0.8045760243298656,0.2381272166967392,78.0,f1,0.8047758175638358
Minesweeper,SDRF,sage,12356,0.4,0.882,0.8014240253369481,0.884,0.8022337358558762,0.2340107858180999,85.0,f1,0.8014240253369481
Minesweeper,SDRF,sage,12356,0.55,0.878,0.8064524317189563,0.8835,0.8146409025476534,0.2206878215074539,112.0,f1,0.8064524317189563
Minesweeper,SDRF,sage,12357,0.0,0.888,0.8205792406977546,0.875,0.8013094501994058,0.219998762011528,103.0,f1,0.8205792406977546
Minesweeper,SDRF,sage,12357,0.1,0.8855,0.8160316746861592,0.8725,0.7971391851916378,0.2205859124660492,103.0,f1,0.8160316746861592
Minesweeper,SDRF,sage,12357,0.25,0.8895,0.821753422072169,0.8745,0.7979585766785436,0.226197674870491,96.0,f1,0.821753422072169
Minesweeper,SDRF,sage,12357,0.4,0.8865,0.817638384950909,0.87,0.7925572741387537,0.2287282347679138,96.0,f1,0.817638384950909
Minesweeper,SDRF,sage,12357,0.55,0.885,0.8143097732803066,0.873,0.7965496747197752,0.2301638722419738,97.0,f1,0.8143097732803066
Minesweeper,SDRF,sage,12358,0.0,0.871,0.7969092420463991,0.874,0.799719925801001,0.2232485711574554,85.0,f1,0.7969092420463991
Minesweeper,SDRF,sage,12358,0.1,0.871,0.7972944306251974,0.88,0.8088867654085046,0.2138942331075668,113.0,f1,0.7972944306251974
Minesweeper,SDRF,sage,12358,0.25,0.8635,0.7930337275421694,0.8765,0.8107249960631565,0.2141797691583633,109.0,f1,0.7930337275421694
Minesweeper,SDRF,sage,12358,0.4,0.8665,0.7908171879327371,0.88,0.8070041413694664,0.2279727011919021,87.0,f1,0.7908171879327371
Minesweeper,SDRF,sage,12358,0.55,0.8595,0.7902827786710869,0.866,0.7970038372334349,0.2207973897457122,102.0,f1,0.7902827786710869
Minesweeper,SDRF,sage,12359,0.0,0.8765,0.8114053925077547,0.876,0.8144334833828177,0.2122128903865814,115.0,f1,0.8114053925077547
Minesweeper,SDRF,sage,12359,0.1,0.8755,0.8063744787565976,0.878,0.813862939043164,0.2185070216655731,109.0,f1,0.8063744787565976
Minesweeper,SDRF,sage,12359,0.25,0.8795,0.8093830218802189,0.883,0.8188784395680948,0.2208921909332275,107.0,f1,0.8093830218802189
Minesweeper,SDRF,sage,12359,0.4,0.8745,0.800707527975383,0.883,0.8195421924235484,0.2232296168804168,102.0,f1,0.800707527975383
Minesweeper,SDRF,sage,12359,0.55,0.8755,0.8088467123361811,0.8745,0.8136289233060744,0.2305856049060821,96.0,f1,0.8088467123361811
Minesweeper,SDRF,sage,12360,0.0,0.888,0.8195132013201321,0.8775,0.7975165612857451,0.2072702497243881,152.0,f1,0.8195132013201321
Minesweeper,SDRF,sage,12360,0.1,0.889,0.8159509202453987,0.8805,0.8012334338670783,0.235769048333168,103.0,f1,0.8159509202453987
Minesweeper,SDRF,sage,12360,0.25,0.8835,0.8128182541566599,0.8755,0.7959015556973589,0.2120350897312164,154.0,f1,0.8128182541566599
Minesweeper,SDRF,sage,12360,0.4,0.8905,0.8182481361097382,0.8805,0.8016497923754677,0.2281266748905182,127.0,f1,0.8182481361097382
Minesweeper,SDRF,sage,12360,0.55,0.889,0.8163343310846698,0.8825,0.80537649502944,0.2227946817874908,136.0,f1,0.8163343310846698
Minesweeper,SDRF,sage,12361,0.0,0.8915,0.8232143940958496,0.8745,0.7929875565727482,0.2210098505020141,116.0,f1,0.8232143940958496
Minesweeper,SDRF,sage,12361,0.1,0.8885,0.8183263128266104,0.866,0.7831981827477528,0.2248005121946334,114.0,f1,0.8183263128266104
Minesweeper,SDRF,sage,12361,0.25,0.8865,0.8161817549459862,0.87,0.7913336029945233,0.2241386771202087,115.0,f1,0.8161817549459862
Minesweeper,SDRF,sage,12361,0.4,0.8865,0.8165489792001293,0.8675,0.788773848129991,0.233368694782257,110.0,f1,0.8165489792001293
Minesweeper,SDRF,sage,12361,0.55,0.8855,0.8153010572603017,0.872,0.7933187041728631,0.2373668402433395,103.0,f1,0.8153010572603017
Minesweeper,SDRF,sage,12362,0.0,0.8915,0.82392644831653,0.8835,0.8135533883470868,0.2205476313829422,93.0,f1,0.82392644831653
Minesweeper,SDRF,sage,12362,0.1,0.881,0.8167922948073703,0.865,0.7932868764728309,0.1881347596645355,159.0,f1,0.8167922948073703
Minesweeper,SDRF,sage,12362,0.25,0.8845,0.8147903904274694,0.866,0.7878239445428794,0.2032443583011627,143.0,f1,0.8147903904274694
Minesweeper,SDRF,sage,12362,0.4,0.8845,0.8155151738769486,0.8635,0.7873161755397242,0.1921069324016571,159.0,f1,0.8155151738769486
Minesweeper,SDRF,sage,12362,0.55,0.8885,0.8121610950250067,0.8805,0.8060756734914777,0.2316019833087921,94.0,f1,0.8121610950250067
Minesweeper,SDRF,sage,12363,0.0,0.888,0.8256527126569904,0.879,0.8105820453695137,0.223468080163002,98.0,f1,0.8256527126569904
Minesweeper,SDRF,sage,12363,0.1,0.882,0.8173303920430357,0.8785,0.8113903904568195,0.2336390316486358,92.0,f1,0.8173303920430357
Minesweeper,SDRF,sage,12363,0.25,0.881,0.8154420705228418,0.874,0.8034931433143221,0.2269729822874069,98.0,f1,0.8154420705228418
Minesweeper,SDRF,sage,12363,0.4,0.883,0.8192112045787466,0.8745,0.8066088162494823,0.2283649444580078,98.0,f1,0.8192112045787466
Minesweeper,SDRF,sage,12363,0.55,0.88,0.8159226875287621,0.8745,0.8055408463001822,0.2234502732753753,102.0,f1,0.8159226875287621
Minesweeper,SDRF,sage,12364,0.0,0.894,0.832800977956544,0.8825,0.8137710374340026,0.2280387580394745,101.0,f1,0.832800977956544
Minesweeper,SDRF,sage,12364,0.1,0.8915,0.8303095989637156,0.876,0.805885732444791,0.2329161316156387,102.0,f1,0.8303095989637156
Minesweeper,SDRF,sage,12364,0.25,0.8935,0.8305515546894857,0.878,0.8018193632228721,0.2291120141744613,106.0,f1,0.8305515546894857
Minesweeper,SDRF,sage,12364,0.4,0.893,0.8334360736990891,0.875,0.8024539954864689,0.2245195358991623,115.0,f1,0.8334360736990891
Minesweeper,SDRF,sage,12364,0.55,0.89,0.8294002332564083,0.8715,0.7990302623671655,0.2273694723844528,112.0,f1,0.8294002332564083
Minesweeper,SDRF,sage,12365,0.0,0.8895,0.8173516736495905,0.8905,0.816708716253794,0.2264920175075531,93.0,f1,0.8173516736495905
Minesweeper,SDRF,sage,12365,0.1,0.8885,0.8141492431582127,0.8895,0.8138457488812846,0.2352665662765503,88.0,f1,0.8141492431582127
Minesweeper,SDRF,sage,12365,0.25,0.883,0.8099415204678363,0.8905,0.8174828890208456,0.2263674736022949,107.0,f1,0.8099415204678363
Minesweeper,SDRF,sage,12365,0.4,0.8815,0.8092278194136049,0.892,0.8234922066906261,0.2264767289161682,106.0,f1,0.8092278194136049
Minesweeper,SDRF,sage,12365,0.55,0.888,0.8086333688728505,0.8875,0.8040901620609715,0.2492929100990295,74.0,f1,0.8086333688728505
Minesweeper,SDRF,sage,12366,0.0,0.882,0.817999817999818,0.8855,0.820588524481636,0.2348977327346801,113.0,f1,0.817999817999818
Minesweeper,SDRF,sage,12366,0.1,0.885,0.8172046941834534,0.8895,0.8241872938327528,0.2400114089250564,105.0,f1,0.8172046941834534
Minesweeper,SDRF,sage,12366,0.25,0.8875,0.8132686329894572,0.8935,0.8198090737551915,0.2516828775405884,87.0,f1,0.8132686329894572
Minesweeper,SDRF,sage,12366,0.4,0.878,0.8135286493360397,0.885,0.8203125,0.2336043864488601,120.0,f1,0.8135286493360397
Minesweeper,SDRF,sage,12366,0.55,0.8865,0.8135522848264003,0.8885,0.8153147165598515,0.2569453418254852,85.0,f1,0.8135522848264003
Minesweeper,SDRF,sage,12367,0.0,0.883,0.801829268292683,0.8665,0.7746142167780723,0.2311873584985733,105.0,f1,0.801829268292683
Minesweeper,SDRF,sage,12367,0.1,0.883,0.7927002126151665,0.871,0.7735507246376812,0.2008337974548339,148.0,f1,0.7927002126151665
Minesweeper,SDRF,sage,12367,0.25,0.878,0.7985522179070565,0.8645,0.7755618304382051,0.2404199838638305,92.0,f1,0.7985522179070565
Minesweeper,SDRF,sage,12367,0.4,0.885,0.7976602486843518,0.872,0.7753061453769239,0.2215142846107483,115.0,f1,0.7976602486843518
Minesweeper,SDRF,sage,12367,0.55,0.8845,0.8002247687558457,0.87,0.774891774891775,0.2363939434289932,105.0,f1,0.8002247687558457
Minesweeper,SDRF,sage,12368,0.0,0.8845,0.8058391970316091,0.8835,0.8094062513931544,0.2368144392967224,86.0,f1,0.8058391970316091
Minesweeper,SDRF,sage,12368,0.1,0.8805,0.8024753393767063,0.8775,0.8031779925681617,0.2351507842540741,92.0,f1,0.8024753393767063
Minesweeper,SDRF,sage,12368,0.25,0.875,0.8016930652858159,0.881,0.8130080406542519,0.2267516106367111,104.0,f1,0.8016930652858159
Minesweeper,SDRF,sage,12368,0.4,0.8745,0.7995424616585026,0.88,0.8092570721914296,0.2153449356555938,128.0,f1,0.7995424616585026
Minesweeper,SDRF,sage,12368,0.55,0.879,0.7993699220693086,0.8805,0.8016497923754677,0.2382368296384811,92.0,f1,0.7993699220693086
Minesweeper,SDRF,sage,12369,0.0,0.882,0.8059606264511843,0.8865,0.8139343499730942,0.2250344306230545,121.0,f1,0.8059606264511843
Minesweeper,SDRF,sage,12369,0.1,0.885,0.8120518867539073,0.8855,0.8149326706468265,0.2251120805740356,120.0,f1,0.8120518867539073
Minesweeper,SDRF,sage,12369,0.25,0.8805,0.8072356012454677,0.884,0.8166773078114431,0.2266867607831955,120.0,f1,0.8072356012454677
Minesweeper,SDRF,sage,12369,0.4,0.8815,0.8103525881470368,0.88,0.8114366796513464,0.2270439118146896,120.0,f1,0.8103525881470368
Minesweeper,SDRF,sage,12369,0.55,0.8855,0.8058531461328109,0.887,0.8122421444937932,0.2405791580677032,98.0,f1,0.8058531461328109
Minesweeper,SDRF,sage,12370,0.0,0.8865,0.8204562073311605,0.874,0.7957327600881268,0.2095195055007934,132.0,f1,0.8204562073311605
Minesweeper,SDRF,sage,12370,0.1,0.891,0.8203901652904819,0.8775,0.7899987099920757,0.2355348169803619,89.0,f1,0.8203901652904819
Minesweeper,SDRF,sage,12370,0.25,0.8915,0.8195299378625774,0.8815,0.7977497310796793,0.2387866675853729,90.0,f1,0.8195299378625774
Minesweeper,SDRF,sage,12370,0.4,0.891,0.817351598173516,0.8775,0.7881171789834727,0.2411621510982513,90.0,f1,0.817351598173516
Minesweeper,SDRF,sage,12370,0.55,0.889,0.8232202580028667,0.8805,0.8056846587225026,0.2262975126504898,103.0,f1,0.8232202580028667
Minesweeper,SDRF,sage,12371,0.0,0.886,0.8159244709039561,0.8875,0.8203069875424824,0.2240549176931381,92.0,f1,0.8159244709039561
Minesweeper,SDRF,sage,12371,0.1,0.8845,0.8125668643369512,0.8895,0.8235015299861717,0.2259027361869812,90.0,f1,0.8125668643369512
Minesweeper,SDRF,sage,12371,0.25,0.8865,0.8154410775314147,0.886,0.819144075540664,0.2328737825155258,80.0,f1,0.8154410775314147
Minesweeper,SDRF,sage,12371,0.4,0.883,0.8140256453866439,0.8905,0.8280987843287316,0.2202806770801544,103.0,f1,0.8140256453866439
Minesweeper,SDRF,sage,12371,0.55,0.882,0.8138727867818132,0.8855,0.8222567877144513,0.2374191135168075,91.0,f1,0.8138727867818132
Minesweeper,SDRF,sage,12372,0.0,0.882,0.8138727867818132,0.8915,0.8266960724298609,0.2227421849966049,81.0,f1,0.8138727867818132
Minesweeper,SDRF,sage,12372,0.1,0.8785,0.811040153967282,0.8905,0.8264504561619004,0.226885437965393,81.0,f1,0.811040153967282
Minesweeper,SDRF,sage,12372,0.25,0.8785,0.8078011382443702,0.893,0.8295906991559165,0.2359949350357055,75.0,f1,0.8078011382443702
Minesweeper,SDRF,sage,12372,0.4,0.876,0.802131553793888,0.8945,0.8304920670689065,0.227504163980484,80.0,f1,0.802131553793888
Minesweeper,SDRF,sage,12372,0.55,0.878,0.8053229803455996,0.893,0.827570647689769,0.2382888048887252,75.0,f1,0.8053229803455996
Minesweeper,SDRF,sage,12373,0.0,0.888,0.8146796854187659,0.869,0.7888949051155115,0.1904327124357223,127.0,f1,0.8146796854187659
Minesweeper,SDRF,sage,12373,0.1,0.882,0.8120719859850294,0.8625,0.7849545608987178,0.1793010234832763,158.0,f1,0.8120719859850294
Minesweeper,SDRF,sage,12373,0.25,0.8825,0.8065836457830502,0.866,0.7818864865656725,0.2099722027778625,101.0,f1,0.8065836457830502
Minesweeper,SDRF,sage,12373,0.4,0.8845,0.808289129869176,0.8705,0.787268906475937,0.2058533281087875,108.0,f1,0.808289129869176
Minesweeper,SDRF,sage,12373,0.55,0.886,0.8077429016655536,0.8655,0.7753382349686455,0.2101939916610717,104.0,f1,0.8077429016655536
Minesweeper,SDRF,sage,12374,0.0,0.878,0.8064524317189563,0.878,0.8104386170720225,0.187913715839386,155.0,f1,0.8064524317189563
Minesweeper,SDRF,sage,12374,0.1,0.8805,0.808376204814568,0.884,0.8190889255909632,0.2114251852035522,118.0,f1,0.808376204814568
Minesweeper,SDRF,sage,12374,0.25,0.878,0.8075633897235696,0.8795,0.8139736653092919,0.2113689631223678,117.0,f1,0.8075633897235696
Minesweeper,SDRF,sage,12374,0.4,0.8805,0.8048959683262074,0.88,0.8088867654085046,0.2109532505273819,117.0,f1,0.8048959683262074
Minesweeper,SDRF,sage,12374,0.55,0.873,0.8051848443012732,0.8775,0.8171504653893817,0.2249392122030258,103.0,f1,0.8051848443012732
Minesweeper,SDRF,gat,12345,0.0,0.851,0.7738806332556333,0.837,0.757321664922261,0.3007685840129852,303.0,f1,0.7738806332556333
Minesweeper,SDRF,gat,12345,0.1,0.852,0.7737888532929007,0.8405,0.759011660738278,0.3047242164611816,400.0,f1,0.7737888532929007
Minesweeper,SDRF,gat,12345,0.25,0.85,0.7699033594109526,0.8375,0.7582722040926375,0.3052933514118194,330.0,f1,0.7699033594109526
Minesweeper,SDRF,gat,12345,0.4,0.851,0.7649749595804252,0.844,0.7598285545373928,0.3080232441425323,319.0,f1,0.7649749595804252
Minesweeper,SDRF,gat,12345,0.55,0.848,0.7685058269520137,0.8355,0.7540369893977981,0.3049284517765045,303.0,f1,0.7685058269520137
Minesweeper,SDRF,gat,12346,0.0,0.822,0.7380981808123076,0.838,0.7575663250646489,0.3065967261791229,374.0,f1,0.7380981808123076
Minesweeper,SDRF,gat,12346,0.1,0.827,0.7379228644879422,0.835,0.7491543460909886,0.3118109107017517,398.0,f1,0.7379228644879422
Minesweeper,SDRF,gat,12346,0.25,0.828,0.7307447256492261,0.843,0.7532963225438449,0.3299539089202881,220.0,f1,0.7307447256492261
Minesweeper,SDRF,gat,12346,0.4,0.837,0.7393901409531606,0.84,0.7466554561706022,0.3140633702278137,378.0,f1,0.7393901409531606
Minesweeper,SDRF,gat,12346,0.55,0.836,0.7335932423651722,0.8435,0.7450050937880226,0.3122667372226715,360.0,f1,0.7335932423651722
Minesweeper,SDRF,gat,12347,0.0,0.8465,0.718374331884383,0.847,0.7332594130661045,0.3359251320362091,394.0,f1,0.718374331884383
Minesweeper,SDRF,gat,12347,0.1,0.843,0.7670481438781884,0.8275,0.7472408036863281,0.3137536644935608,394.0,f1,0.7670481438781884
Minesweeper,SDRF,gat,12347,0.25,0.8495,0.7431336247045717,0.846,0.7462393160984788,0.3337027132511139,373.0,f1,0.7431336247045717
Minesweeper,SDRF,gat,12347,0.4,0.84,0.7665184545272801,0.8235,0.7455444142133267,0.3177888691425323,353.0,f1,0.7665184545272801
Minesweeper,SDRF,gat,12347,0.55,0.848,0.7525876564028524,0.8455,0.756066657746127,0.3321576714515686,349.0,f1,0.7525876564028524
Minesweeper,SDRF,gat,12348,0.0,0.8535,0.7704473260834905,0.8485,0.759419844528052,0.3033220171928406,307.0,f1,0.7704473260834905
Minesweeper,SDRF,gat,12348,0.1,0.849,0.7712505927033484,0.838,0.7532759471462251,0.3115312457084656,270.0,f1,0.7712505927033484
Minesweeper,SDRF,gat,12348,0.25,0.851,0.7693409187662061,0.844,0.7593895898980645,0.3101539015769958,271.0,f1,0.7693409187662061
Minesweeper,SDRF,gat,12348,0.4,0.8495,0.7705854757740931,0.8435,0.762288019581999,0.3127926290035248,354.0,f1,0.7705854757740931
Minesweeper,SDRF,gat,12348,0.55,0.841,0.7648760275583041,0.845,0.766425557564798,0.3087071180343628,329.0,f1,0.7648760275583041
Minesweeper,SDRF,gat,12349,0.0,0.847,0.7154017857142857,0.831,0.6864325486725336,0.3227962553501129,341.0,f1,0.7154017857142857
Minesweeper,SDRF,gat,12349,0.1,0.844,0.732865276766985,0.8405,0.7289617152050354,0.3148484230041504,362.0,f1,0.732865276766985
Minesweeper,SDRF,gat,12349,0.25,0.8495,0.7324053161551178,0.841,0.7252932365121572,0.312664121389389,362.0,f1,0.7324053161551178
Minesweeper,SDRF,gat,12349,0.4,0.84,0.7374358974358974,0.841,0.7417153996101364,0.313315749168396,362.0,f1,0.7374358974358974
Minesweeper,SDRF,gat,12349,0.55,0.834,0.7125541125541126,0.829,0.7065304693453055,0.3228823244571686,339.0,f1,0.7125541125541126
Minesweeper,SDRF,gat,12350,0.0,0.833,0.7559036243195996,0.8355,0.760148052077763,0.3111813366413116,206.0,f1,0.7559036243195996
Minesweeper,SDRF,gat,12350,0.1,0.83,0.7566558211506171,0.8325,0.7596670348185073,0.3007426857948303,339.0,f1,0.7566558211506171
Minesweeper,SDRF,gat,12350,0.25,0.8315,0.7559059709238379,0.826,0.7520957879079735,0.3065340220928192,288.0,f1,0.7559059709238379
Minesweeper,SDRF,gat,12350,0.4,0.832,0.7540375180628698,0.8275,0.7484835196560129,0.3103047013282776,247.0,f1,0.7540375180628698
Minesweeper,SDRF,gat,12350,0.55,0.8365,0.7576089119864616,0.8335,0.7548145260244501,0.3093303740024566,372.0,f1,0.7576089119864616
Minesweeper,SDRF,gat,12351,0.0,0.822,0.7410980641989531,0.827,0.7491848507649862,0.3139345049858093,302.0,f1,0.7410980641989531
Minesweeper,SDRF,gat,12351,0.1,0.821,0.7361870330768403,0.8265,0.7440790626065954,0.3129975497722626,262.0,f1,0.7361870330768403
Minesweeper,SDRF,gat,12351,0.25,0.8435,0.7434425178043106,0.8485,0.7480072404256266,0.3101914227008819,388.0,f1,0.7434425178043106
Minesweeper,SDRF,gat,12351,0.4,0.824,0.737518716705144,0.8365,0.7534010110558547,0.328167587518692,193.0,f1,0.737518716705144
Minesweeper,SDRF,gat,12351,0.55,0.8325,0.7414156758448665,0.843,0.7546875,0.3193010687828064,272.0,f1,0.7414156758448665
Minesweeper,SDRF,gat,12352,0.0,0.833,0.7470122449103257,0.848,0.7593226833620721,0.3134326934814453,324.0,f1,0.7470122449103257
Minesweeper,SDRF,gat,12352,0.1,0.8395,0.7522221849140361,0.855,0.7677141955462001,0.3121165931224823,344.0,f1,0.7522221849140361
Minesweeper,SDRF,gat,12352,0.25,0.847,0.7514619883040936,0.849,0.7402780572798684,0.327119767665863,266.0,f1,0.7514619883040936
Minesweeper,SDRF,gat,12352,0.4,0.846,0.7537796423729247,0.852,0.7525265699513748,0.3199397921562195,274.0,f1,0.7537796423729247
Minesweeper,SDRF,gat,12352,0.55,0.848,0.7520860652796535,0.8545,0.7532893691032663,0.3197771906852722,295.0,f1,0.7520860652796535
Minesweeper,SDRF,gat,12353,0.0,0.849,0.769203492211,0.8245,0.7432685714285714,0.2979783117771148,260.0,f1,0.769203492211
Minesweeper,SDRF,gat,12353,0.1,0.847,0.7657251266692084,0.8275,0.7433966474214152,0.3035554885864258,249.0,f1,0.7657251266692084
Minesweeper,SDRF,gat,12353,0.25,0.844,0.7669467787114845,0.822,0.7456038050810638,0.2958917319774627,388.0,f1,0.7669467787114845
Minesweeper,SDRF,gat,12353,0.4,0.852,0.7633726433194341,0.832,0.7384790689854857,0.3019866049289703,280.0,f1,0.7633726433194341
Minesweeper,SDRF,gat,12353,0.55,0.8445,0.7646413334468504,0.8255,0.7443102622797927,0.3070235252380371,231.0,f1,0.7646413334468504
Minesweeper,SDRF,gat,12354,0.0,0.8465,0.7643210469365767,0.851,0.7676228440780475,0.3063902854919433,259.0,f1,0.7643210469365767
Minesweeper,SDRF,gat,12354,0.1,0.843,0.7701422043801819,0.8425,0.7680677948879933,0.3055278062820434,386.0,f1,0.7701422043801819
Minesweeper,SDRF,gat,12354,0.25,0.8405,0.7623297053223618,0.846,0.765459850990856,0.3035362660884857,329.0,f1,0.7623297053223618
Minesweeper,SDRF,gat,12354,0.4,0.8485,0.7698826515442355,0.8455,0.7627856791641765,0.3063563704490661,360.0,f1,0.7698826515442355
Minesweeper,SDRF,gat,12354,0.55,0.8525,0.7718730268466782,0.8565,0.7776502903910449,0.3104877769947052,361.0,f1,0.7718730268466782
Minesweeper,SDRF,gat,12355,0.0,0.8215,0.7430707365125631,0.831,0.7529803144312116,0.3004854023456573,395.0,f1,0.7430707365125631
Minesweeper,SDRF,gat,12355,0.1,0.832,0.7463917432397549,0.8335,0.7470987556575261,0.3038502633571625,400.0,f1,0.7463917432397549
Minesweeper,SDRF,gat,12355,0.25,0.831,0.745772528089127,0.8345,0.7472679551419709,0.3088191747665405,322.0,f1,0.745772528089127
Minesweeper,SDRF,gat,12355,0.4,0.82,0.7439453750133362,0.8245,0.7477896565735824,0.3089068531990051,316.0,f1,0.7439453750133362
Minesweeper,SDRF,gat,12355,0.55,0.8195,0.7414224415953161,0.834,0.7612527614138439,0.306861400604248,343.0,f1,0.7414224415953161
Minesweeper,SDRF,gat,12356,0.0,0.834,0.7507193099429958,0.835,0.7487069832044886,0.3050874471664428,237.0,f1,0.7507193099429958
Minesweeper,SDRF,gat,12356,0.1,0.838,0.7523905015773642,0.8395,0.7522221849140361,0.3146910667419433,204.0,f1,0.7523905015773642
Minesweeper,SDRF,gat,12356,0.25,0.8245,0.7516899760922016,0.829,0.7540615795287187,0.3074334263801574,241.0,f1,0.7516899760922016
Minesweeper,SDRF,gat,12356,0.4,0.8315,0.7522822923370328,0.8315,0.7480561259181093,0.3025804162025451,306.0,f1,0.7522822923370328
Minesweeper,SDRF,gat,12356,0.55,0.8285,0.7543155054492893,0.8295,0.7538011904903724,0.3008511066436767,320.0,f1,0.7543155054492893
Minesweeper,SDRF,gat,12357,0.0,0.8275,0.7228424793306767,0.829,0.7188073485012925,0.3346102237701416,375.0,f1,0.7228424793306767
Minesweeper,SDRF,gat,12357,0.1,0.8405,0.6998831990569371,0.833,0.6795462220994136,0.3299120962619781,378.0,f1,0.6998831990569371
Minesweeper,SDRF,gat,12357,0.25,0.842,0.7030878859857482,0.8325,0.6807028730546107,0.3316916227340698,368.0,f1,0.7030878859857482
Minesweeper,SDRF,gat,12357,0.4,0.823,0.7458353616245859,0.8225,0.7465168378868072,0.3299000561237335,376.0,f1,0.7458353616245859
Minesweeper,SDRF,gat,12357,0.55,0.841,0.6924416074278253,0.8265,0.6657404691481825,0.3468804955482483,310.0,f1,0.6924416074278253
Minesweeper,SDRF,gat,12358,0.0,0.8405,0.7505472906425128,0.8385,0.7450146616569547,0.3097432553768158,351.0,f1,0.7505472906425128
Minesweeper,SDRF,gat,12358,0.1,0.8255,0.7372699182713716,0.8295,0.742843256177512,0.3397495448589325,204.0,f1,0.7372699182713716
Minesweeper,SDRF,gat,12358,0.25,0.837,0.7357495229711482,0.841,0.7346953418175205,0.3297253847122192,246.0,f1,0.7357495229711482
Minesweeper,SDRF,gat,12358,0.4,0.835,0.7509204621104736,0.8345,0.7490628711225571,0.315277636051178,311.0,f1,0.7509204621104736
Minesweeper,SDRF,gat,12358,0.55,0.8445,0.7540170946255108,0.8425,0.7494072287661409,0.3179795444011688,350.0,f1,0.7540170946255108
Minesweeper,SDRF,gat,12359,0.0,0.819,0.7392648420967716,0.8025,0.7081889207090197,0.3303015232086181,259.0,f1,0.7392648420967716
Minesweeper,SDRF,gat,12359,0.1,0.833,0.7447482331075297,0.8285,0.730255891215268,0.3209090828895569,343.0,f1,0.7447482331075297
Minesweeper,SDRF,gat,12359,0.25,0.8305,0.7536615593223295,0.81,0.7218281454282456,0.324320912361145,339.0,f1,0.7536615593223295
Minesweeper,SDRF,gat,12359,0.4,0.826,0.7513205735062084,0.8075,0.7188622611287644,0.3269006311893463,290.0,f1,0.7513205735062084
Minesweeper,SDRF,gat,12359,0.55,0.84,0.7504674835737424,0.832,0.731395973497736,0.3206622898578644,346.0,f1,0.7504674835737424
Minesweeper,SDRF,gat,12360,0.0,0.829,0.7483976905556438,0.831,0.7470907959007758,0.3027080297470093,389.0,f1,0.7483976905556438
Minesweeper,SDRF,gat,12360,0.1,0.8245,0.7477896565735824,0.8235,0.7430708276576612,0.3033434450626373,391.0,f1,0.7477896565735824
Minesweeper,SDRF,gat,12360,0.25,0.839,0.7435897435897436,0.84,0.7406130286833355,0.3177944421768188,258.0,f1,0.7435897435897436
Minesweeper,SDRF,gat,12360,0.4,0.84,0.7563219231073828,0.839,0.7474890055771993,0.3042647838592529,397.0,f1,0.7563219231073828
Minesweeper,SDRF,gat,12360,0.55,0.848,0.7520860652796535,0.8455,0.7440907955919018,0.3073432147502899,394.0,f1,0.7520860652796535
Minesweeper,SDRF,gat,12361,0.0,0.8445,0.7658766320412509,0.831,0.7470907959007758,0.2994724214076996,386.0,f1,0.7658766320412509
Minesweeper,SDRF,gat,12361,0.1,0.8405,0.7631379543212659,0.832,0.7511479780773218,0.3041141629219055,275.0,f1,0.7631379543212659
Minesweeper,SDRF,gat,12361,0.25,0.8415,0.7650214834853466,0.825,0.7442103847660475,0.3005562722682953,354.0,f1,0.7650214834853466
Minesweeper,SDRF,gat,12361,0.4,0.8325,0.7604226002300658,0.8205,0.745248331429792,0.3052762746810913,275.0,f1,0.7604226002300658
Minesweeper,SDRF,gat,12361,0.55,0.8445,0.7646413334468504,0.836,0.7541491085656549,0.301577627658844,390.0,f1,0.7646413334468504
Minesweeper,SDRF,gat,12362,0.0,0.838,0.7628218924177672,0.841,0.7648760275583041,0.3024265766143799,356.0,f1,0.7628218924177672
Minesweeper,SDRF,gat,12362,0.1,0.8605,0.7722425739038153,0.85,0.7538461538461538,0.3046450912952423,389.0,f1,0.7722425739038153
Minesweeper,SDRF,gat,12362,0.25,0.8475,0.7658564147089768,0.84,0.7576165220697731,0.3033321797847748,382.0,f1,0.7658564147089768
Minesweeper,SDRF,gat,12362,0.4,0.8515,0.770326403299876,0.837,0.7495078520836183,0.3064949512481689,375.0,f1,0.770326403299876
Minesweeper,SDRF,gat,12362,0.55,0.832,0.7639225947155197,0.8275,0.761690875765309,0.3053017854690552,385.0,f1,0.7639225947155197
Minesweeper,SDRF,gat,12363,0.0,0.8395,0.7663618574450686,0.833,0.7574916211176876,0.3074991703033447,334.0,f1,0.7663618574450686
Minesweeper,SDRF,gat,12363,0.1,0.846,0.7607175985991103,0.8425,0.7536752243021678,0.313395082950592,319.0,f1,0.7607175985991103
Minesweeper,SDRF,gat,12363,0.25,0.845,0.7587158076949421,0.845,0.7591638167718318,0.3109259307384491,360.0,f1,0.7587158076949421
Minesweeper,SDRF,gat,12363,0.4,0.8495,0.7619265128047548,0.842,0.7503018502948967,0.3081983625888824,334.0,f1,0.7619265128047548
Minesweeper,SDRF,gat,12363,0.55,0.8415,0.7566442080745759,0.842,0.7585043163532317,0.3148644864559173,318.0,f1,0.7566442080745759
Minesweeper,SDRF,gat,12364,0.0,0.8455,0.7546558810533599,0.8435,0.7505140168478761,0.3104450106620788,377.0,f1,0.7546558810533599
Minesweeper,SDRF,gat,12364,0.1,0.8365,0.7555322052677202,0.837,0.7569065387666959,0.3137992024421692,359.0,f1,0.7555322052677202
Minesweeper,SDRF,gat,12364,0.25,0.8435,0.7556976879869217,0.8395,0.7513092098101932,0.3148053288459778,368.0,f1,0.7556976879869217
Minesweeper,SDRF,gat,12364,0.4,0.8445,0.7506485342984545,0.8455,0.7522520807016798,0.3137072920799255,359.0,f1,0.7506485342984545
Minesweeper,SDRF,gat,12364,0.55,0.844,0.7510687289665043,0.846,0.755685856432125,0.3144479095935821,377.0,f1,0.7510687289665043
Minesweeper,SDRF,gat,12365,0.0,0.845,0.7368952622475256,0.8445,0.7254482542790567,0.3283658325672149,345.0,f1,0.7368952622475256
Minesweeper,SDRF,gat,12365,0.1,0.8395,0.7301921309400282,0.848,0.7356043527872868,0.3299040496349334,324.0,f1,0.7301921309400282
Minesweeper,SDRF,gat,12365,0.25,0.8435,0.7204197633750783,0.8485,0.7156679621134598,0.3275876939296722,358.0,f1,0.7204197633750783
Minesweeper,SDRF,gat,12365,0.4,0.842,0.7374713170798171,0.848,0.7379744042365401,0.3343127369880676,284.0,f1,0.7374713170798171
Minesweeper,SDRF,gat,12365,0.55,0.841,0.7149388194164313,0.8465,0.7133829171550594,0.3350655436515808,332.0,f1,0.7149388194164313
Minesweeper,SDRF,gat,12366,0.0,0.847,0.7391531171202503,0.854,0.756386917643761,0.3189751505851745,363.0,f1,0.7391531171202503
Minesweeper,SDRF,gat,12366,0.1,0.845,0.7385978048961475,0.8515,0.7529971960607627,0.3192761540412903,378.0,f1,0.7385978048961475
Minesweeper,SDRF,gat,12366,0.25,0.843,0.7380325073292497,0.854,0.7579174266290831,0.3220912218093872,362.0,f1,0.7380325073292497
Minesweeper,SDRF,gat,12366,0.4,0.8445,0.7369043283467821,0.851,0.751381169376167,0.3232548832893371,378.0,f1,0.7369043283467821
Minesweeper,SDRF,gat,12366,0.55,0.8455,0.7424758571116041,0.8545,0.7609855281254736,0.3228087425231933,360.0,f1,0.7424758571116041
Minesweeper,SDRF,gat,12367,0.0,0.8355,0.7510192884373433,0.828,0.7380460673404365,0.3068676590919494,223.0,f1,0.7510192884373433
Minesweeper,SDRF,gat,12367,0.1,0.851,0.7594100540762234,0.8375,0.7330594386281062,0.2978850603103637,291.0,f1,0.7594100540762234
Minesweeper,SDRF,gat,12367,0.25,0.843,0.758728421945571,0.83,0.7377963479658395,0.297206699848175,295.0,f1,0.758728421945571
Minesweeper,SDRF,gat,12367,0.4,0.843,0.7591655161834637,0.827,0.735100960220739,0.2949036955833435,361.0,f1,0.7591655161834637
Minesweeper,SDRF,gat,12367,0.55,0.8445,0.7646413334468504,0.829,0.74095265796207,0.305745780467987,239.0,f1,0.7646413334468504
Minesweeper,SDRF,gat,12368,0.0,0.828,0.7604586937478326,0.821,0.7510777360589626,0.3042100667953491,284.0,f1,0.7604586937478326
Minesweeper,SDRF,gat,12368,0.1,0.8355,0.7597550231463986,0.8285,0.7543155054492893,0.3037763237953186,368.0,f1,0.7597550231463986
Minesweeper,SDRF,gat,12368,0.25,0.8345,0.7574976986092017,0.833,0.7578836420679347,0.3038587272167206,327.0,f1,0.7574976986092017
Minesweeper,SDRF,gat,12368,0.4,0.8235,0.7521651324424617,0.8245,0.7528230808314299,0.303422063589096,337.0,f1,0.7521651324424617
Minesweeper,SDRF,gat,12368,0.55,0.84,0.7558858216959528,0.832,0.7445935160199156,0.3042958080768585,392.0,f1,0.7558858216959528
Minesweeper,SDRF,gat,12369,0.0,0.846,0.7321254626923827,0.8415,0.7358085653863383,0.3229565620422363,367.0,f1,0.7321254626923827
Minesweeper,SDRF,gat,12369,0.1,0.847,0.7402901620894929,0.8425,0.7358002045661274,0.3273155987262726,272.0,f1,0.7402901620894929
Minesweeper,SDRF,gat,12369,0.25,0.8435,0.7352123947670186,0.8385,0.7313740549751728,0.3235529661178589,332.0,f1,0.7352123947670186
Minesweeper,SDRF,gat,12369,0.4,0.844,0.7292602035060803,0.845,0.7351622515651057,0.3230771422386169,337.0,f1,0.7292602035060803
Minesweeper,SDRF,gat,12369,0.55,0.843,0.7374775100159854,0.8375,0.733606448199364,0.3179962933063507,400.0,f1,0.7374775100159854
Minesweeper,SDRF,gat,12370,0.0,0.854,0.7752241600157651,0.8395,0.7465935182411222,0.3089870512485504,354.0,f1,0.7752241600157651
Minesweeper,SDRF,gat,12370,0.1,0.8605,0.7736197192641099,0.843,0.7380325073292497,0.3089553713798523,299.0,f1,0.7736197192641099
Minesweeper,SDRF,gat,12370,0.25,0.848,0.7785547785547786,0.8335,0.7531613690871307,0.3088234961032867,321.0,f1,0.7785547785547786
Minesweeper,SDRF,gat,12370,0.4,0.8455,0.773615676345146,0.8315,0.7506178129182193,0.3188875615596771,201.0,f1,0.773615676345146
Minesweeper,SDRF,gat,12370,0.55,0.854,0.7752241600157651,0.84,0.745182353878006,0.3132860660552978,301.0,f1,0.7752241600157651
Minesweeper,SDRF,gat,12371,0.0,0.845,0.7651910057550927,0.835,0.7588269342079876,0.3118127584457397,344.0,f1,0.7651910057550927
Minesweeper,SDRF,gat,12371,0.1,0.8435,0.7635443567745486,0.834,0.758552127286664,0.308049589395523,366.0,f1,0.7635443567745486
Minesweeper,SDRF,gat,12371,0.25,0.843,0.7629970457657234,0.838,0.7628218924177672,0.3088676035404205,332.0,f1,0.7629970457657234
Minesweeper,SDRF,gat,12371,0.4,0.8495,0.7641796762837224,0.839,0.7534754600898207,0.3143388330936432,343.0,f1,0.7641796762837224
Minesweeper,SDRF,gat,12371,0.55,0.8455,0.7640658554044382,0.839,0.7615168123241001,0.3131627142429352,373.0,f1,0.7640658554044382
Minesweeper,SDRF,gat,12372,0.0,0.845,0.7639368630102772,0.849,0.7631729182742677,0.3010399341583252,389.0,f1,0.7639368630102772
Minesweeper,SDRF,gat,12372,0.1,0.8385,0.7581059772911689,0.8375,0.7566081814849223,0.3130665123462677,372.0,f1,0.7581059772911689
Minesweeper,SDRF,gat,12372,0.25,0.8365,0.7631491171872256,0.826,0.7493485222366755,0.3110829591751098,361.0,f1,0.7631491171872256
Minesweeper,SDRF,gat,12372,0.4,0.8385,0.7609779037762161,0.8315,0.751454305759143,0.310996264219284,383.0,f1,0.7609779037762161
Minesweeper,SDRF,gat,12372,0.55,0.839,0.7615168123241001,0.832,0.7515671234578307,0.3103412389755249,366.0,f1,0.7615168123241001
Minesweeper,SDRF,gat,12373,0.0,0.8365,0.765776006652821,0.8265,0.7578316511240415,0.2989650666713714,270.0,f1,0.765776006652821
Minesweeper,SDRF,gat,12373,0.1,0.841,0.767214079595216,0.825,0.7506710510568698,0.3065330684185028,250.0,f1,0.767214079595216
Minesweeper,SDRF,gat,12373,0.25,0.8335,0.7622256535670615,0.8205,0.750198223624081,0.3010656237602234,301.0,f1,0.7622256535670615
Minesweeper,SDRF,gat,12373,0.4,0.841,0.7675968638731517,0.824,0.750791520115089,0.3057977557182312,280.0,f1,0.7675968638731517
Minesweeper,SDRF,gat,12373,0.55,0.8305,0.761273573794458,0.8125,0.7435573923684731,0.3089452385902405,183.0,f1,0.761273573794458
Minesweeper,SDRF,gat,12374,0.0,0.843,0.7474970849583853,0.858,0.776442731554951,0.3021335899829864,366.0,f1,0.7474970849583853
Minesweeper,SDRF,gat,12374,0.1,0.838,0.7514956281638288,0.852,0.7741943850687563,0.3064911365509033,379.0,f1,0.7514956281638288
Minesweeper,SDRF,gat,12374,0.25,0.8295,0.7485042084981239,0.847,0.7714285714285714,0.3013876080513,354.0,f1,0.7485042084981239
Minesweeper,SDRF,gat,12374,0.4,0.829,0.7504665982760306,0.8455,0.7750959936153464,0.3062562644481659,310.0,f1,0.7504665982760306
Minesweeper,SDRF,gat,12374,0.55,0.841,0.7477535790435577,0.8545,0.7693930718863606,0.3078241944313049,337.0,f1,0.7477535790435577
Minesweeper,DiffWire CT,gcn,12345,,0.75,0.6026189003988116,0.7645,0.630294645748094,0.6085340976715088,14.0,f1,0.6026189003988116
Minesweeper,DiffWire CT,gcn,12346,,0.729,0.5951447245564893,0.741,0.6069468725718725,0.7847692966461182,19.0,f1,0.5951447245564893
Minesweeper,DiffWire CT,gcn,12347,,0.7505,0.6068264075555515,0.7565,0.6205969871349658,0.6025541424751282,32.0,f1,0.6068264075555515
Minesweeper,DiffWire CT,gcn,12348,,0.6885,0.6023284530800236,0.67,0.5916629957582447,0.7063939571380615,11.0,f1,0.6023284530800236
Minesweeper,DiffWire CT,gcn,12349,,0.7985,0.5834692054029109,0.7935,0.5793592714869242,0.4530341029167175,150.0,f1,0.5834692054029109
Minesweeper,DiffWire CT,gcn,12350,,0.7905,0.5617097503889956,0.794,0.5589809462641833,0.4651482403278351,101.0,f1,0.5617097503889956
Minesweeper,DiffWire CT,gcn,12351,,0.7905,0.566932002639751,0.8,0.5770990687721494,0.4715253114700317,118.0,f1,0.566932002639751
Minesweeper,DiffWire CT,gcn,12352,,0.801,0.6032410619581947,0.7995,0.584300663615786,0.4613373875617981,113.0,f1,0.6032410619581947
Minesweeper,DiffWire CT,gcn,12353,,0.696,0.5839258512069572,0.7075,0.5959106154281326,0.573773205280304,7.0,f1,0.5839258512069572
Minesweeper,DiffWire CT,gcn,12354,,0.8025,0.5751845392983876,0.7995,0.5632186537222539,0.4602395892143249,176.0,f1,0.5751845392983876
Minesweeper,DiffWire CT,gcn,12355,,0.7495,0.6044964256660506,0.7545,0.604771558363207,0.535147488117218,44.0,f1,0.6044964256660506
Minesweeper,DiffWire CT,gcn,12356,,0.7935,0.5805775944144715,0.7995,0.5891896432762587,0.4584688246250152,127.0,f1,0.5805775944144715
Minesweeper,DiffWire CT,gcn,12357,,0.751,0.5827573205982155,0.759,0.6003979439562261,0.6791239976882935,9.0,f1,0.5827573205982155
Minesweeper,DiffWire CT,gcn,12358,,0.746,0.6082368963724896,0.7525,0.6039009752438109,0.606103777885437,34.0,f1,0.6082368963724896
Minesweeper,DiffWire CT,gcn,12359,,0.81,0.5932348533504603,0.805,0.5602998078848391,0.4575671255588531,182.0,f1,0.5932348533504603
Minesweeper,DiffWire CT,gcn,12360,,0.796,0.5738600757025042,0.8,0.5663900235016607,0.4679307043552398,121.0,f1,0.5738600757025042
Minesweeper,DiffWire CT,gcn,12361,,0.794,0.5773006336386618,0.7945,0.5687735384334518,0.4695070385932922,115.0,f1,0.5773006336386618
Minesweeper,DiffWire CT,gcn,12362,,0.7995,0.5673692869954552,0.798,0.5578233526183644,0.4545184671878814,136.0,f1,0.5673692869954552
Minesweeper,DiffWire CT,gcn,12363,,0.7985,0.588346844852216,0.788,0.563706110789836,0.445669025182724,335.0,f1,0.588346844852216
Minesweeper,DiffWire CT,gcn,12364,,0.7995,0.5903897885502198,0.7985,0.5732720030961604,0.5675802230834961,8.0,f1,0.5903897885502198
Minesweeper,DiffWire CT,gcn,12365,,0.803,0.5602197561786892,0.8065,0.561466876301364,0.4692862033843994,132.0,f1,0.5602197561786892
Minesweeper,DiffWire CT,gcn,12366,,0.7995,0.5632186537222539,0.8055,0.5679484381447106,0.472151905298233,152.0,f1,0.5632186537222539
Minesweeper,DiffWire CT,gcn,12367,,0.735,0.6132961903108077,0.7355,0.5960868527797661,0.6210336685180664,22.0,f1,0.6132961903108077
Minesweeper,DiffWire CT,gcn,12368,,0.7675,0.6271754612501007,0.742,0.5976288172626595,0.5937501192092896,37.0,f1,0.6271754612501007
Minesweeper,DiffWire CT,gcn,12369,,0.801,0.5739670306144294,0.7975,0.5737737180455262,0.4653477370738983,114.0,f1,0.5739670306144294
Minesweeper,DiffWire CT,gcn,12370,,0.758,0.6274263474233914,0.7485,0.6095858699579432,1.097868800163269,1.0,f1,0.6274263474233914
Minesweeper,DiffWire CT,gcn,12371,,0.8115,0.6008028416060855,0.795,0.5743355481727574,0.4603863060474396,113.0,f1,0.6008028416060855
Minesweeper,DiffWire CT,gcn,12372,,0.734,0.5941601785695214,0.743,0.6180233525956577,0.6497762203216553,5.0,f1,0.5941601785695214
Minesweeper,DiffWire CT,gcn,12373,,0.8035,0.5799754077204368,0.801,0.5766101579520697,0.4498209655284881,291.0,f1,0.5799754077204368
Minesweeper,DiffWire CT,gcn,12374,,0.723,0.5990527802867135,0.7475,0.6353947249197598,0.699889063835144,15.0,f1,0.5990527802867135
Pubmed,SDRF,gcn,12345,0.0,0.8808316430020284,0.8767817321187682,0.8727180527383367,0.8651565440552821,0.2156428098678589,121.0,f1,0.8767817321187682
Pubmed,SDRF,gcn,12345,0.1,0.8782961460446247,0.874796300771368,0.8704361054766734,0.8641940869602099,0.2510049045085907,107.0,f1,0.874796300771368
Pubmed,SDRF,gcn,12345,0.25,0.8788032454361054,0.8749846825405281,0.8653651115618661,0.8585727732660716,0.2549711465835571,105.0,f1,0.8749846825405281
Pubmed,SDRF,gcn,12345,0.4,0.8790567951318459,0.8750993631152678,0.8661257606490872,0.8597398155821531,0.228993609547615,127.0,f1,0.8750993631152678
Pubmed,SDRF,gcn,12345,0.55,0.8765212981744422,0.8730757537268903,0.8686612576064908,0.8620125839499758,0.254164308309555,106.0,f1,0.8730757537268903
Pubmed,SDRF,gcn,12346,0.0,0.8739858012170385,0.8680413126369028,0.8722109533468559,0.8660544655345427,0.2622682154178619,85.0,f1,0.8680413126369028
Pubmed,SDRF,gcn,12346,0.1,0.8696754563894523,0.8648398743489029,0.8684077079107505,0.8615751832743087,0.2050841748714447,144.0,f1,0.8648398743489029
Pubmed,SDRF,gcn,12346,0.25,0.8691683569979716,0.8643250823989229,0.8699290060851927,0.8635862927510395,0.2092949748039245,144.0,f1,0.8643250823989229
Pubmed,SDRF,gcn,12346,0.4,0.869421906693712,0.8648969179975774,0.8671399594320487,0.8610633549284001,0.215865820646286,142.0,f1,0.8648969179975774
Pubmed,SDRF,gcn,12346,0.55,0.869421906693712,0.864392136196785,0.8671399594320487,0.8602228332388869,0.2140221297740936,143.0,f1,0.864392136196785
Pubmed,SDRF,gcn,12347,0.0,0.8772819472616633,0.8709229711469274,0.8711967545638946,0.8645169852000207,0.1941765546798706,147.0,f1,0.8709229711469274
Pubmed,SDRF,gcn,12347,0.1,0.8770283975659229,0.8705828533845579,0.8630831643002028,0.8561513324811196,0.2066385447978973,152.0,f1,0.8705828533845579
Pubmed,SDRF,gcn,12347,0.25,0.8767748478701826,0.8714536143663644,0.8643509127789046,0.8576797672031696,0.2114107757806778,150.0,f1,0.8714536143663644
Pubmed,SDRF,gcn,12347,0.4,0.8727180527383367,0.8665426846592568,0.8608012170385395,0.853220984271767,0.1701866388320922,225.0,f1,0.8665426846592568
Pubmed,SDRF,gcn,12347,0.55,0.8719574036511156,0.8667278105540701,0.8615618661257607,0.8545863248032252,0.2127038985490799,152.0,f1,0.8667278105540701
Pubmed,SDRF,gcn,12348,0.0,0.8815922920892495,0.8769853910783144,0.8724645030425964,0.8673204078697748,0.2228797376155853,112.0,f1,0.8769853910783144
Pubmed,SDRF,gcn,12348,0.1,0.8755070993914807,0.8704105045907999,0.8668864097363083,0.8607309929732416,0.2642933130264282,88.0,f1,0.8704105045907999
Pubmed,SDRF,gcn,12348,0.25,0.8770283975659229,0.8726795213912432,0.8656186612576064,0.8609278385210901,0.2379713803529739,113.0,f1,0.8726795213912432
Pubmed,SDRF,gcn,12348,0.4,0.8747464503042597,0.8707498340876353,0.8668864097363083,0.8624126886632939,0.2330514043569564,111.0,f1,0.8707498340876353
Pubmed,SDRF,gcn,12348,0.55,0.8747464503042597,0.871064517847881,0.8663793103448276,0.8617486972445776,0.2387421280145645,110.0,f1,0.871064517847881
Pubmed,SDRF,gcn,12349,0.0,0.8777890466531441,0.8726729606553363,0.8668864097363083,0.8597853837186413,0.2040452659130096,133.0,f1,0.8726729606553363
Pubmed,SDRF,gcn,12349,0.1,0.8760141987829615,0.8717907889061801,0.8600405679513184,0.8534798460676946,0.1952957361936569,149.0,f1,0.8717907889061801
Pubmed,SDRF,gcn,12349,0.25,0.8739858012170385,0.8692673163174777,0.8686612576064908,0.8604117641758181,0.2174028158187866,134.0,f1,0.8692673163174777
Pubmed,SDRF,gcn,12349,0.4,0.8717038539553753,0.8681918616095999,0.8564908722109533,0.8501443669705085,0.2105281800031662,141.0,f1,0.8681918616095999
Pubmed,SDRF,gcn,12349,0.55,0.8717038539553753,0.86745905337489,0.859026369168357,0.8517120553995596,0.2080589979887008,143.0,f1,0.86745905337489
Pubmed,SDRF,gcn,12350,0.0,0.8765212981744422,0.871529732762862,0.8640973630831643,0.8586133503126367,0.1999592781066894,137.0,f1,0.871529732762862
Pubmed,SDRF,gcn,12350,0.1,0.8724645030425964,0.8670787125634586,0.8643509127789046,0.8587551835287656,0.2140063196420669,136.0,f1,0.8670787125634586
Pubmed,SDRF,gcn,12350,0.25,0.8706896551724138,0.8650480670703367,0.859026369168357,0.8536149016188727,0.2388339191675186,114.0,f1,0.8650480670703367
Pubmed,SDRF,gcn,12350,0.4,0.8714503042596349,0.8659361588298475,0.8569979716024341,0.8516418924224688,0.21549654006958,136.0,f1,0.8659361588298475
Pubmed,SDRF,gcn,12350,0.55,0.8699290060851927,0.8638150523660172,0.8567444219066938,0.8517869599662826,0.2139306366443634,137.0,f1,0.8638150523660172
Pubmed,SDRF,gcn,12351,0.0,0.8734787018255578,0.8652766507775033,0.8661257606490872,0.8596421480824299,0.2482053637504577,91.0,f1,0.8652766507775033
Pubmed,SDRF,gcn,12351,0.1,0.8689148073022313,0.8607592832949781,0.8663793103448276,0.8604352996358834,0.2593918740749359,91.0,f1,0.8607592832949781
Pubmed,SDRF,gcn,12351,0.25,0.8668864097363083,0.8584430334043626,0.8643509127789046,0.8579891085261543,0.2615553438663482,89.0,f1,0.8584430334043626
Pubmed,SDRF,gcn,12351,0.4,0.8676470588235294,0.8599007941583269,0.8635902636916836,0.8574320582537203,0.2486513406038284,98.0,f1,0.8599007941583269
Pubmed,SDRF,gcn,12351,0.55,0.8668864097363083,0.8584693196922847,0.8620689655172413,0.8555557656129498,0.2202526777982711,124.0,f1,0.8584693196922847
Pubmed,SDRF,gcn,12352,0.0,0.8808316430020284,0.8751857627053511,0.8709432048681541,0.8659500328816573,0.2546693086624145,98.0,f1,0.8751857627053511
Pubmed,SDRF,gcn,12352,0.1,0.8790567951318459,0.8740122888675673,0.8704361054766734,0.8657092124795623,0.2319719046354293,125.0,f1,0.8740122888675673
Pubmed,SDRF,gcn,12352,0.25,0.8752535496957403,0.8701535725050035,0.8663793103448276,0.8616343230847239,0.2598437666893005,100.0,f1,0.8701535725050035
Pubmed,SDRF,gcn,12352,0.4,0.8770283975659229,0.8725642189910844,0.8663793103448276,0.8629915081550646,0.2290946543216705,136.0,f1,0.8725642189910844
Pubmed,SDRF,gcn,12352,0.55,0.8760141987829615,0.8716161195203571,0.8663793103448276,0.8631553855323989,0.2246939092874527,137.0,f1,0.8716161195203571
Pubmed,SDRF,gcn,12353,0.0,0.8714503042596349,0.8660592831502103,0.880578093306288,0.8734209581112585,0.2544422447681427,86.0,f1,0.8660592831502103
Pubmed,SDRF,gcn,12353,0.1,0.8681541582150102,0.863025008549695,0.8780425963488844,0.8720496070765548,0.2431065440177917,101.0,f1,0.863025008549695
Pubmed,SDRF,gcn,12353,0.25,0.8681541582150102,0.8629055464287717,0.8755070993914807,0.8688926192136623,0.2483153045177459,99.0,f1,0.8629055464287717
Pubmed,SDRF,gcn,12353,0.4,0.8653651115618661,0.8604199397439555,0.8757606490872211,0.8693839904155842,0.2502610981464386,95.0,f1,0.8604199397439555
Pubmed,SDRF,gcn,12353,0.55,0.8666328600405679,0.861525310201294,0.8727180527383367,0.8664952602904346,0.2546428143978119,98.0,f1,0.861525310201294
Pubmed,SDRF,gcn,12354,0.0,0.8859026369168357,0.8809141502375555,0.8587728194726166,0.8522350522616811,0.1905092746019363,135.0,f1,0.8809141502375555
Pubmed,SDRF,gcn,12354,0.1,0.882606490872211,0.8780344292746772,0.8615618661257607,0.8551020190402543,0.2204860895872116,115.0,f1,0.8780344292746772
Pubmed,SDRF,gcn,12354,0.25,0.8798174442190669,0.8750118939344054,0.8620689655172413,0.8556119403946308,0.2653049230575561,82.0,f1,0.8750118939344054
Pubmed,SDRF,gcn,12354,0.4,0.8800709939148073,0.8753537588051105,0.8554766734279919,0.8497296891320145,0.2258701175451278,115.0,f1,0.8753537588051105
Pubmed,SDRF,gcn,12354,0.55,0.8798174442190669,0.8750225382103056,0.8595334685598377,0.8533974476926259,0.2680490612983703,83.0,f1,0.8750225382103056
Pubmed,SDRF,gcn,12355,0.0,0.8711967545638946,0.865597312378478,0.8696754563894523,0.8623269257446681,0.2193220108747482,108.0,f1,0.865597312378478
Pubmed,SDRF,gcn,12355,0.1,0.8689148073022313,0.8637867681769259,0.8711967545638946,0.8640307398731867,0.2569954395294189,89.0,f1,0.8637867681769259
Pubmed,SDRF,gcn,12355,0.25,0.8663793103448276,0.8618429422367817,0.8696754563894523,0.862901967460898,0.260793536901474,89.0,f1,0.8618429422367817
Pubmed,SDRF,gcn,12355,0.4,0.8658722109533469,0.8617972480251949,0.8648580121703854,0.8585273798843076,0.256052553653717,90.0,f1,0.8617972480251949
Pubmed,SDRF,gcn,12355,0.55,0.8663793103448276,0.8621693073332845,0.8635902636916836,0.8566910136569988,0.2564854025840759,90.0,f1,0.8621693073332845
Pubmed,SDRF,gcn,12356,0.0,0.8742393509127789,0.8687487009730684,0.8762677484787018,0.8704151066068021,0.2309721112251281,91.0,f1,0.8687487009730684
Pubmed,SDRF,gcn,12356,0.1,0.8711967545638946,0.8651111949330064,0.8709432048681541,0.8638455914052003,0.2676584124565124,80.0,f1,0.8651111949330064
Pubmed,SDRF,gcn,12356,0.25,0.8704361054766734,0.8650859137776759,0.8737322515212982,0.867335409330412,0.2723590135574341,81.0,f1,0.8650859137776759
Pubmed,SDRF,gcn,12356,0.4,0.8689148073022313,0.8638681201817331,0.8732251521298174,0.8675868005461473,0.2512460649013519,91.0,f1,0.8638681201817331
Pubmed,SDRF,gcn,12356,0.55,0.8671399594320487,0.8629185068207792,0.8706896551724138,0.8652348435976385,0.2515579760074615,94.0,f1,0.8629185068207792
Pubmed,SDRF,gcn,12357,0.0,0.8775354969574036,0.8727884586207613,0.8755070993914807,0.8680411803436158,0.2400086820125579,97.0,f1,0.8727884586207613
Pubmed,SDRF,gcn,12357,0.1,0.8744929006085193,0.8701290232978148,0.869421906693712,0.8622464779447366,0.247104063630104,100.0,f1,0.8701290232978148
Pubmed,SDRF,gcn,12357,0.25,0.8717038539553753,0.8673802223205037,0.8681541582150102,0.8618456516456297,0.2097184062004089,136.0,f1,0.8673802223205037
Pubmed,SDRF,gcn,12357,0.4,0.8714503042596349,0.8674559218535011,0.8679006085192698,0.8619009314621523,0.2099856436252594,137.0,f1,0.8674559218535011
Pubmed,SDRF,gcn,12357,0.55,0.8714503042596349,0.867805270557823,0.8681541582150102,0.8622029904558538,0.2118516713380813,136.0,f1,0.867805270557823
Pubmed,SDRF,gcn,12358,0.0,0.8701825557809331,0.8620806512609104,0.8696754563894523,0.8650180330695286,0.2429873943328857,89.0,f1,0.8620806512609104
Pubmed,SDRF,gcn,12358,0.1,0.869421906693712,0.8613488931261681,0.8658722109533469,0.8601528867930687,0.2381488978862762,98.0,f1,0.8613488931261681
Pubmed,SDRF,gcn,12358,0.25,0.8676470588235294,0.8594061071574584,0.8628296146044625,0.8577415409439756,0.2406241297721862,96.0,f1,0.8594061071574584
Pubmed,SDRF,gcn,12358,0.4,0.8681541582150102,0.8599705891457404,0.8602941176470589,0.8552046031364205,0.2473079115152359,97.0,f1,0.8599705891457404
Pubmed,SDRF,gcn,12358,0.55,0.8668864097363083,0.8606323782046753,0.8514198782961461,0.8470435576229237,0.1809878498315811,168.0,f1,0.8606323782046753
Pubmed,SDRF,gcn,12359,0.0,0.8851419878296146,0.8805548938822195,0.8666328600405679,0.8602893557178563,0.2556349337100982,81.0,f1,0.8805548938822195
Pubmed,SDRF,gcn,12359,0.1,0.8823529411764706,0.8773439864810424,0.8638438133874239,0.8590958504012468,0.2542305588722229,93.0,f1,0.8773439864810424
Pubmed,SDRF,gcn,12359,0.25,0.8815922920892495,0.8761193846251532,0.8630831643002028,0.8585802546517463,0.2690142095088959,86.0,f1,0.8761193846251532
Pubmed,SDRF,gcn,12359,0.4,0.880578093306288,0.8757908669713056,0.8620689655172413,0.8573282465939723,0.26917564868927,86.0,f1,0.8757908669713056
Pubmed,SDRF,gcn,12359,0.55,0.8810851926977687,0.8760042390442128,0.8602941176470589,0.8553296403834145,0.2723366320133209,81.0,f1,0.8760042390442128
Pubmed,SDRF,gcn,12360,0.0,0.8793103448275862,0.8738660302148912,0.8651115618661258,0.8576164621533039,0.2447952032089233,88.0,f1,0.8738660302148912
Pubmed,SDRF,gcn,12360,0.1,0.8742393509127789,0.8701135397887066,0.859026369168357,0.8520616789261496,0.2539393007755279,90.0,f1,0.8701135397887066
Pubmed,SDRF,gcn,12360,0.25,0.8752535496957403,0.8708553005837528,0.8575050709939148,0.84977890870623,0.2652909159660339,84.0,f1,0.8708553005837528
Pubmed,SDRF,gcn,12360,0.4,0.8734787018255578,0.8689930068129708,0.8587728194726166,0.8513246942913396,0.2625701427459717,83.0,f1,0.8689930068129708
Pubmed,SDRF,gcn,12360,0.55,0.8727180527383367,0.8682148759573423,0.8554766734279919,0.848339605582412,0.2624622583389282,83.0,f1,0.8682148759573423
Pubmed,SDRF,gcn,12361,0.0,0.8815922920892495,0.8756804700492512,0.8739858012170385,0.8678433211395933,0.2684500217437744,78.0,f1,0.8756804700492512
Pubmed,SDRF,gcn,12361,0.1,0.8795638945233266,0.8718260311279522,0.8679006085192698,0.8603965536085485,0.2753876745700836,76.0,f1,0.8718260311279522
Pubmed,SDRF,gcn,12361,0.25,0.8770283975659229,0.8704192219019387,0.8643509127789046,0.8574864752593623,0.2757741510868072,79.0,f1,0.8704192219019387
Pubmed,SDRF,gcn,12361,0.4,0.8788032454361054,0.8725462168300909,0.8711967545638946,0.8678915380829532,0.240182563662529,108.0,f1,0.8725462168300909
Pubmed,SDRF,gcn,12361,0.55,0.8760141987829615,0.8705743700362879,0.8658722109533469,0.8616418889573372,0.2504787743091583,94.0,f1,0.8705743700362879
Pubmed,SDRF,gcn,12362,0.0,0.8775354969574036,0.8715648524207218,0.8785496957403651,0.8726081521031176,0.2463996261358261,94.0,f1,0.8715648524207218
Pubmed,SDRF,gcn,12362,0.1,0.8714503042596349,0.865444708347232,0.8742393509127789,0.8671203252284526,0.2559221684932709,95.0,f1,0.865444708347232
Pubmed,SDRF,gcn,12362,0.25,0.8691683569979716,0.8636813465556278,0.8714503042596349,0.8648165654601628,0.259836196899414,95.0,f1,0.8636813465556278
Pubmed,SDRF,gcn,12362,0.4,0.8684077079107505,0.862882911721523,0.8699290060851927,0.8640490075176963,0.2579478621482849,94.0,f1,0.862882911721523
Pubmed,SDRF,gcn,12362,0.55,0.8668864097363083,0.8611389798038175,0.8711967545638946,0.8647257482470764,0.2452123910188675,105.0,f1,0.8611389798038175
Pubmed,SDRF,gcn,12363,0.0,0.8803245436105477,0.8758472973895953,0.8661257606490872,0.8596782309154843,0.2222920507192611,115.0,f1,0.8758472973895953
Pubmed,SDRF,gcn,12363,0.1,0.8742393509127789,0.8685794348994417,0.8666328600405679,0.8588511223354552,0.2385833412408828,106.0,f1,0.8685794348994417
Pubmed,SDRF,gcn,12363,0.25,0.8742393509127789,0.8695882795247368,0.8643509127789046,0.8575126955888565,0.23295658826828,116.0,f1,0.8695882795247368
Pubmed,SDRF,gcn,12363,0.4,0.8737322515212982,0.8685017322863026,0.8597870182555781,0.8536908670599638,0.212332010269165,141.0,f1,0.8685017322863026
Pubmed,SDRF,gcn,12363,0.55,0.8737322515212982,0.8686757683460882,0.8648580121703854,0.8579038197233522,0.2456428706645965,106.0,f1,0.8686757683460882
Pubmed,SDRF,gcn,12364,0.0,0.8793103448275862,0.8741420602468781,0.8663793103448276,0.8612028248500514,0.2519205212593078,91.0,f1,0.8741420602468781
Pubmed,SDRF,gcn,12364,0.1,0.8775354969574036,0.8723299170174267,0.8628296146044625,0.8577799357624937,0.2401380538940429,113.0,f1,0.8723299170174267
Pubmed,SDRF,gcn,12364,0.25,0.8739858012170385,0.8688297604103027,0.8549695740365112,0.8496182783316334,0.2286990284919738,121.0,f1,0.8688297604103027
Pubmed,SDRF,gcn,12364,0.4,0.8737322515212982,0.8690148076325092,0.8585192697768763,0.8531945538129572,0.2989297211170196,72.0,f1,0.8690148076325092
Pubmed,SDRF,gcn,12364,0.55,0.8737322515212982,0.8688456884827552,0.856237322515213,0.8517142610617539,0.2574049830436706,100.0,f1,0.8688456884827552
Pubmed,SDRF,gcn,12365,0.0,0.869421906693712,0.8633298667922688,0.8653651115618661,0.856541914231656,0.2418639808893203,94.0,f1,0.8633298667922688
Pubmed,SDRF,gcn,12365,0.1,0.8666328600405679,0.8608945617975335,0.8630831643002028,0.8531264852859057,0.258973479270935,83.0,f1,0.8608945617975335
Pubmed,SDRF,gcn,12365,0.25,0.8651115618661258,0.8594498761221212,0.8615618661257607,0.8519874411531866,0.2616681754589081,90.0,f1,0.8594498761221212
Pubmed,SDRF,gcn,12365,0.4,0.8623225152129818,0.8573907013935692,0.8668864097363083,0.8568447903915545,0.264910876750946,84.0,f1,0.8573907013935692
Pubmed,SDRF,gcn,12365,0.55,0.8635902636916836,0.8585301694746866,0.861815415821501,0.8522449500621132,0.2696180045604706,82.0,f1,0.8585301694746866
Pubmed,SDRF,gcn,12366,0.0,0.8782961460446247,0.8715266316690803,0.8747464503042597,0.8690537271764683,0.2140488475561142,116.0,f1,0.8715266316690803
Pubmed,SDRF,gcn,12366,0.1,0.8719574036511156,0.8646832787402053,0.8691683569979716,0.862780787810113,0.2231485545635223,125.0,f1,0.8646832787402053
Pubmed,SDRF,gcn,12366,0.25,0.8752535496957403,0.8674985738524024,0.867393509127789,0.8610963929627182,0.2273142635822296,118.0,f1,0.8674985738524024
Pubmed,SDRF,gcn,12366,0.4,0.8722109533468559,0.8656259742664254,0.8684077079107505,0.8630586135982634,0.2258682996034622,125.0,f1,0.8656259742664254
Pubmed,SDRF,gcn,12366,0.55,0.8722109533468559,0.8657264458983199,0.8696754563894523,0.8632904683890373,0.2235099524259567,126.0,f1,0.8657264458983199
Pubmed,SDRF,gcn,12367,0.0,0.8765212981744422,0.8695526941628047,0.875,0.8693367853750914,0.2232248038053512,124.0,f1,0.8695526941628047
Pubmed,SDRF,gcn,12367,0.1,0.8744929006085193,0.8670167133138845,0.8709432048681541,0.8631064537743122,0.2723537087440491,90.0,f1,0.8670167133138845
Pubmed,SDRF,gcn,12367,0.25,0.8719574036511156,0.86446036607002,0.8734787018255578,0.8678253384094475,0.2410305440425872,121.0,f1,0.86446036607002
Pubmed,SDRF,gcn,12367,0.4,0.8714503042596349,0.8640247433177546,0.8714503042596349,0.8636645041555138,0.2748191356658935,90.0,f1,0.8640247433177546
Pubmed,SDRF,gcn,12367,0.55,0.8724645030425964,0.8646448738346687,0.8744929006085193,0.8676374969751638,0.2697979807853699,94.0,f1,0.8646448738346687
Pubmed,SDRF,gcn,12368,0.0,0.8800709939148073,0.8746972738384343,0.8701825557809331,0.8643183806204005,0.2308039367198944,114.0,f1,0.8746972738384343
Pubmed,SDRF,gcn,12368,0.1,0.8760141987829615,0.8701284384742975,0.8635902636916836,0.8568197576145439,0.2663998901844024,93.0,f1,0.8701284384742975
Pubmed,SDRF,gcn,12368,0.25,0.8747464503042597,0.8692709734233269,0.8658722109533469,0.8604809608919468,0.2351338565349578,127.0,f1,0.8692709734233269
Pubmed,SDRF,gcn,12368,0.4,0.8732251521298174,0.8677953118543855,0.8625760649087221,0.8566777823688084,0.2318410873413086,128.0,f1,0.8677953118543855
Pubmed,SDRF,gcn,12368,0.55,0.8737322515212982,0.8685617443038672,0.8628296146044625,0.8577985207482524,0.2328882366418838,126.0,f1,0.8685617443038672
Pubmed,SDRF,gcn,12369,0.0,0.8737322515212982,0.8679615416825494,0.8770283975659229,0.8710752480252166,0.2691101133823395,75.0,f1,0.8679615416825494
Pubmed,SDRF,gcn,12369,0.1,0.8704361054766734,0.864417167439909,0.8790567951318459,0.8732912548017957,0.2695417702198028,88.0,f1,0.864417167439909
Pubmed,SDRF,gcn,12369,0.25,0.8689148073022313,0.8634776802428523,0.8691683569979716,0.8642552213952582,0.2122867703437805,145.0,f1,0.8634776802428523
Pubmed,SDRF,gcn,12369,0.4,0.8668864097363083,0.861919749361625,0.8747464503042597,0.8689651233080657,0.2660363912582397,94.0,f1,0.861919749361625
Pubmed,SDRF,gcn,12369,0.55,0.8671399594320487,0.8622566658675446,0.8755070993914807,0.8701277799566526,0.2667009532451629,94.0,f1,0.8622566658675446
Pubmed,SDRF,gcn,12370,0.0,0.8732251521298174,0.8687025732537866,0.8724645030425964,0.8667868034710224,0.216288223862648,134.0,f1,0.8687025732537866
Pubmed,SDRF,gcn,12370,0.1,0.8722109533468559,0.8668576773329262,0.8699290060851927,0.8639282396567536,0.2357267141342163,129.0,f1,0.8668576773329262
Pubmed,SDRF,gcn,12370,0.25,0.8711967545638946,0.8659878883523774,0.8684077079107505,0.8622139146327275,0.2447663396596908,130.0,f1,0.8659878883523774
Pubmed,SDRF,gcn,12370,0.4,0.8696754563894523,0.8649198916002123,0.8717038539553753,0.865657999834225,0.2667340636253357,104.0,f1,0.8649198916002123
Pubmed,SDRF,gcn,12370,0.55,0.869421906693712,0.8644451470118549,0.8714503042596349,0.8654507811173492,0.2707295417785644,102.0,f1,0.8644451470118549
Pubmed,SDRF,gcn,12371,0.0,0.8739858012170385,0.8685536928043294,0.8818458417849898,0.8746612346080366,0.2448605597019195,93.0,f1,0.8685536928043294
Pubmed,SDRF,gcn,12371,0.1,0.8691683569979716,0.8630422042298603,0.8777890466531441,0.8702423832738306,0.2301725298166275,113.0,f1,0.8630422042298603
Pubmed,SDRF,gcn,12371,0.25,0.8689148073022313,0.8627838820548946,0.8782961460446247,0.8709166993752023,0.2609736621379852,92.0,f1,0.8627838820548946
Pubmed,SDRF,gcn,12371,0.4,0.8679006085192698,0.8617115183148701,0.8770283975659229,0.8704241256535455,0.2247084230184555,119.0,f1,0.8617115183148701
Pubmed,SDRF,gcn,12371,0.55,0.8686612576064908,0.8624512545136298,0.8770283975659229,0.8707314268989116,0.2284609377384185,116.0,f1,0.8624512545136298
Pubmed,SDRF,gcn,12372,0.0,0.8704361054766734,0.8643517575178951,0.8747464503042597,0.8712931025939786,0.2012394219636917,135.0,f1,0.8643517575178951
Pubmed,SDRF,gcn,12372,0.1,0.8676470588235294,0.861793227667507,0.8696754563894523,0.8653922656754398,0.1850974112749099,160.0,f1,0.861793227667507
Pubmed,SDRF,gcn,12372,0.25,0.8648580121703854,0.8590984668178537,0.8689148073022313,0.8650399140837529,0.2113185971975326,139.0,f1,0.8590984668178537
Pubmed,SDRF,gcn,12372,0.4,0.8646044624746451,0.8583843969332228,0.8696754563894523,0.8660893820589268,0.2485841065645218,104.0,f1,0.8583843969332228
Pubmed,SDRF,gcn,12372,0.55,0.8633367139959433,0.8577921271414564,0.8706896551724138,0.8673137678668107,0.2528756260871887,103.0,f1,0.8577921271414564
Pubmed,SDRF,gcn,12373,0.0,0.8785496957403651,0.8745922133921505,0.8691683569979716,0.8631847764234214,0.2148200720548629,124.0,f1,0.8745922133921505
Pubmed,SDRF,gcn,12373,0.1,0.8760141987829615,0.871452496054482,0.8696754563894523,0.8633286117228213,0.2233224958181381,124.0,f1,0.871452496054482
Pubmed,SDRF,gcn,12373,0.25,0.8732251521298174,0.8685373560327868,0.8709432048681541,0.8655180522844287,0.2372140884399414,114.0,f1,0.8685373560327868
Pubmed,SDRF,gcn,12373,0.4,0.8755070993914807,0.8711951847242281,0.8668864097363083,0.861506579783431,0.2361634075641632,118.0,f1,0.8711951847242281
Pubmed,SDRF,gcn,12373,0.55,0.8760141987829615,0.8716684331926167,0.8643509127789046,0.8584742687403368,0.2189405411481857,130.0,f1,0.8716684331926167
Pubmed,SDRF,gcn,12374,0.0,0.8737322515212982,0.8679463133625661,0.8734787018255578,0.867771107511707,0.1926679164171219,135.0,f1,0.8679463133625661
Pubmed,SDRF,gcn,12374,0.1,0.8714503042596349,0.8671501721711796,0.8684077079107505,0.863380765118792,0.1983998715877533,144.0,f1,0.8671501721711796
Pubmed,SDRF,gcn,12374,0.25,0.8709432048681541,0.8662278364312591,0.8668864097363083,0.8624863070182762,0.1997416466474533,141.0,f1,0.8662278364312591
Pubmed,SDRF,gcn,12374,0.4,0.8668864097363083,0.8631215966675446,0.8711967545638946,0.8666326359061131,0.2306700646877288,108.0,f1,0.8631215966675446
Pubmed,SDRF,gcn,12374,0.55,0.8661257606490872,0.8614122322113111,0.8668864097363083,0.8615593906532961,0.2042013555765152,139.0,f1,0.8614122322113111
Pubmed,SDRF,sage,12345,0.0,0.8995943204868154,0.8966852770690389,0.8932555780933062,0.8902443361735131,0.1498888581991195,233.0,f1,0.8966852770690389
Pubmed,SDRF,sage,12345,0.1,0.8990872210953347,0.8964887721332019,0.8904665314401623,0.8884292975179368,0.1069931164383888,292.0,f1,0.8964887721332019
Pubmed,SDRF,sage,12345,0.25,0.8990872210953347,0.8965338873980372,0.8891987829614605,0.8864382612952527,0.1267123371362686,257.0,f1,0.8965338873980372
Pubmed,SDRF,sage,12345,0.4,0.8993407707910751,0.8965432649679586,0.8917342799188641,0.8893472156000831,0.1452492922544479,233.0,f1,0.8965432649679586
Pubmed,SDRF,sage,12345,0.55,0.8993407707910751,0.8967163091514463,0.8894523326572008,0.8871068525381394,0.1361378878355026,236.0,f1,0.8967163091514463
Pubmed,SDRF,sage,12346,0.0,0.8975659229208925,0.8945242743239022,0.8990872210953347,0.8971732237776792,0.1621939688920974,232.0,f1,0.8945242743239022
Pubmed,SDRF,sage,12346,0.1,0.8985801217038539,0.8962494128948918,0.9023833671399596,0.9008123868077128,0.116260215640068,306.0,f1,0.8962494128948918
Pubmed,SDRF,sage,12346,0.25,0.8970588235294118,0.8944746047060631,0.8962981744421906,0.8948641714245573,0.2112962454557418,167.0,f1,0.8944746047060631
Pubmed,SDRF,sage,12346,0.4,0.8975659229208925,0.8943201217644793,0.8980730223123732,0.8963229516318484,0.1095658838748931,322.0,f1,0.8943201217644793
Pubmed,SDRF,sage,12346,0.55,0.8968052738336714,0.8937339905006024,0.8973123732251521,0.8961620072152261,0.2120706886053085,168.0,f1,0.8937339905006024
Pubmed,SDRF,sage,12347,0.0,0.9031440162271804,0.9004053617663784,0.890973630831643,0.8866640752701084,0.0995278730988502,336.0,f1,0.9004053617663784
Pubmed,SDRF,sage,12347,0.1,0.8998478701825557,0.8967918918923298,0.8894523326572008,0.8847694199117143,0.0909523516893386,355.0,f1,0.8967918918923298
Pubmed,SDRF,sage,12347,0.25,0.9011156186612576,0.8978931074325849,0.8891987829614605,0.885320312489613,0.0985400676727294,345.0,f1,0.8978931074325849
Pubmed,SDRF,sage,12347,0.4,0.8998478701825557,0.8964861750177237,0.8897058823529411,0.88593425693067,0.1071729883551597,305.0,f1,0.8964861750177237
Pubmed,SDRF,sage,12347,0.55,0.9006085192697769,0.8971103424501626,0.8871703853955375,0.8834689763355703,0.1091716289520263,308.0,f1,0.8971103424501626
Pubmed,SDRF,sage,12348,0.0,0.9023833671399596,0.899026039984999,0.8917342799188641,0.889746385636003,0.1652956455945968,210.0,f1,0.899026039984999
Pubmed,SDRF,sage,12348,0.1,0.9036511156186612,0.9005727890653805,0.8924949290060852,0.8902307359952316,0.1753946542739868,209.0,f1,0.9005727890653805
Pubmed,SDRF,sage,12348,0.25,0.904158215010142,0.9005164617710788,0.8897058823529411,0.8872193986085767,0.134114921092987,241.0,f1,0.9005164617710788
Pubmed,SDRF,sage,12348,0.4,0.9044117647058824,0.901052838861354,0.8902129817444219,0.8877211285098614,0.1667926758527755,209.0,f1,0.901052838861354
Pubmed,SDRF,sage,12348,0.55,0.9046653144016228,0.901699223197846,0.8914807302231237,0.8893865532087509,0.1645933836698532,209.0,f1,0.901699223197846
Pubmed,SDRF,sage,12349,0.0,0.8960446247464503,0.8937363948461566,0.8886916835699797,0.8848251962494098,0.152780219912529,225.0,f1,0.8937363948461566
Pubmed,SDRF,sage,12349,0.1,0.8950304259634888,0.8928346195336486,0.8924949290060852,0.8891205603571658,0.0961892828345298,326.0,f1,0.8928346195336486
Pubmed,SDRF,sage,12349,0.25,0.8932555780933062,0.8916050659298934,0.8924949290060852,0.8885465715190058,0.0875730812549591,352.0,f1,0.8916050659298934
Pubmed,SDRF,sage,12349,0.4,0.8924949290060852,0.8906441607966259,0.8864097363083164,0.8820812090723291,0.1960906833410263,172.0,f1,0.8906441607966259
Pubmed,SDRF,sage,12349,0.55,0.8930020283975659,0.891029061792068,0.8950304259634888,0.8910983083103935,0.0812873616814613,393.0,f1,0.891029061792068
Pubmed,SDRF,sage,12350,0.0,0.8947768762677485,0.891355672839699,0.8793103448275862,0.8758309333736486,0.0931335613131523,331.0,f1,0.891355672839699
Pubmed,SDRF,sage,12350,0.1,0.8930020283975659,0.8903667580463517,0.8813387423935092,0.8782385985813176,0.0820174515247345,389.0,f1,0.8903667580463517
Pubmed,SDRF,sage,12350,0.25,0.893762677484787,0.8905959723933528,0.8815922920892495,0.8785921101076091,0.0781043842434883,396.0,f1,0.8905959723933528
Pubmed,SDRF,sage,12350,0.4,0.8942697768762677,0.8913918487999007,0.8798174442190669,0.8763814668059448,0.1113466247916221,284.0,f1,0.8913918487999007
Pubmed,SDRF,sage,12350,0.55,0.8930020283975659,0.8899381244261612,0.8777890466531441,0.8748669679959025,0.1369912326335907,237.0,f1,0.8899381244261612
Pubmed,SDRF,sage,12351,0.0,0.8952839756592292,0.8899567932101968,0.8894523326572008,0.8880739185845661,0.1723052263259887,198.0,f1,0.8899567932101968
Pubmed,SDRF,sage,12351,0.1,0.8952839756592292,0.8890656968022134,0.8884381338742393,0.8863713986365661,0.1403980553150177,240.0,f1,0.8890656968022134
Pubmed,SDRF,sage,12351,0.25,0.8947768762677485,0.8892683452242051,0.8886916835699797,0.8871546465055292,0.1721381545066833,195.0,f1,0.8892683452242051
Pubmed,SDRF,sage,12351,0.4,0.8932555780933062,0.8877703385912938,0.8866632860040567,0.8853298536843569,0.1831753998994827,190.0,f1,0.8877703385912938
Pubmed,SDRF,sage,12351,0.55,0.8940162271805274,0.8884352074856191,0.8889452332657201,0.8872741994602072,0.1724616438150406,195.0,f1,0.8884352074856191
Pubmed,SDRF,sage,12352,0.0,0.9031440162271804,0.9000242727648805,0.8942697768762677,0.891873463502749,0.1000394448637962,324.0,f1,0.9000242727648805
Pubmed,SDRF,sage,12352,0.1,0.9023833671399596,0.8990542264237685,0.8960446247464503,0.8937331665340978,0.0878168940544128,372.0,f1,0.8990542264237685
Pubmed,SDRF,sage,12352,0.25,0.9023833671399596,0.8990549817791332,0.8935091277890467,0.8914601824793585,0.0863281339406967,370.0,f1,0.8990549817791332
Pubmed,SDRF,sage,12352,0.4,0.9018762677484788,0.8988205237481363,0.8935091277890467,0.8916424827481372,0.1679230034351349,203.0,f1,0.8988205237481363
Pubmed,SDRF,sage,12352,0.55,0.9018762677484788,0.8990779461098529,0.893762677484787,0.8927026734614638,0.1101582124829292,286.0,f1,0.8990779461098529
Pubmed,SDRF,sage,12353,0.0,0.893762677484787,0.8909240662068708,0.893762677484787,0.8883994137596157,0.0890008434653282,361.0,f1,0.8909240662068708
Pubmed,SDRF,sage,12353,0.1,0.8930020283975659,0.8900580680707817,0.8980730223123732,0.8928402732037587,0.0839839801192283,345.0,f1,0.8900580680707817
Pubmed,SDRF,sage,12353,0.25,0.8930020283975659,0.8901732480272867,0.8922413793103449,0.886923424055686,0.0992248952388763,307.0,f1,0.8901732480272867
Pubmed,SDRF,sage,12353,0.4,0.8917342799188641,0.8889826514439942,0.8975659229208925,0.8922413416363603,0.1158046871423721,287.0,f1,0.8889826514439942
Pubmed,SDRF,sage,12353,0.55,0.8924949290060852,0.8893084393747673,0.8952839756592292,0.8900964699397788,0.0862660631537437,371.0,f1,0.8893084393747673
Pubmed,SDRF,sage,12354,0.0,0.9026369168356998,0.9003338418152801,0.8838742393509128,0.8803388503344712,0.0849096626043319,398.0,f1,0.9003338418152801
Pubmed,SDRF,sage,12354,0.1,0.9026369168356998,0.9010863495983584,0.8780425963488844,0.8743839819279389,0.1232198029756546,292.0,f1,0.9010863495983584
Pubmed,SDRF,sage,12354,0.25,0.9018762677484788,0.8998854148375389,0.8777890466531441,0.8746527189721803,0.08335542678833,377.0,f1,0.8998854148375389
Pubmed,SDRF,sage,12354,0.4,0.9026369168356998,0.900582196136048,0.8782961460446247,0.874271012065834,0.1156907379627227,310.0,f1,0.900582196136048
Pubmed,SDRF,sage,12354,0.55,0.9016227180527384,0.8996189774974667,0.8767748478701826,0.8726459570995209,0.1077618524432182,334.0,f1,0.8996189774974667
Pubmed,SDRF,sage,12355,0.0,0.8876774847870182,0.8843748904737684,0.8924949290060852,0.8881624744183728,0.0875873416662216,368.0,f1,0.8843748904737684
Pubmed,SDRF,sage,12355,0.1,0.888184584178499,0.8850175722762642,0.8947768762677485,0.8900267474941455,0.0902493000030517,343.0,f1,0.8850175722762642
Pubmed,SDRF,sage,12355,0.25,0.8876774847870182,0.8841872177522819,0.8960446247464503,0.8918978720757691,0.077725626528263,388.0,f1,0.8841872177522819
Pubmed,SDRF,sage,12355,0.4,0.8884381338742393,0.8858382089189026,0.8947768762677485,0.8897767086154226,0.0902502611279487,331.0,f1,0.8858382089189026
Pubmed,SDRF,sage,12355,0.55,0.8874239350912779,0.8847668492846962,0.8942697768762677,0.8900503113590362,0.0868249237537384,337.0,f1,0.8847668492846962
Pubmed,SDRF,sage,12356,0.0,0.8879310344827587,0.8841807332926711,0.9008620689655172,0.8966485662036107,0.1618880480527877,220.0,f1,0.8841807332926711
Pubmed,SDRF,sage,12356,0.1,0.8874239350912779,0.8838777823336302,0.9031440162271804,0.899148878256073,0.1640942245721817,220.0,f1,0.8838777823336302
Pubmed,SDRF,sage,12356,0.25,0.8869168356997972,0.8837083686963156,0.9008620689655172,0.8972031595320212,0.1580017805099487,227.0,f1,0.8837083686963156
Pubmed,SDRF,sage,12356,0.4,0.8853955375253549,0.8823195348845337,0.8922413793103449,0.8894913650798646,0.2450138628482818,139.0,f1,0.8823195348845337
Pubmed,SDRF,sage,12356,0.55,0.8864097363083164,0.8826932117733858,0.8973123732251521,0.8931349411011636,0.1983635276556015,177.0,f1,0.8826932117733858
Pubmed,SDRF,sage,12357,0.0,0.8917342799188641,0.8893143994037874,0.8960446247464503,0.8928958667318061,0.0847991704940795,397.0,f1,0.8893143994037874
Pubmed,SDRF,sage,12357,0.1,0.8930020283975659,0.8908449102929467,0.8952839756592292,0.8927036787229857,0.0867068022489547,367.0,f1,0.8908449102929467
Pubmed,SDRF,sage,12357,0.25,0.8927484787018256,0.8906189777866623,0.8922413793103449,0.8890557535883742,0.1053339168429374,315.0,f1,0.8906189777866623
Pubmed,SDRF,sage,12357,0.4,0.8945233265720081,0.8922489644891357,0.8912271805273834,0.8888237547414161,0.1114170625805854,295.0,f1,0.8922489644891357
Pubmed,SDRF,sage,12357,0.55,0.8940162271805274,0.891731712940009,0.890973630831643,0.8885367260852908,0.1047617346048355,295.0,f1,0.891731712940009
Pubmed,SDRF,sage,12358,0.0,0.9018762677484788,0.8982280398697301,0.8874239350912779,0.8846251428825295,0.1631440669298172,222.0,f1,0.8982280398697301
Pubmed,SDRF,sage,12358,0.1,0.9008620689655172,0.897610028722602,0.8886916835699797,0.8862683566313634,0.1371288746595382,253.0,f1,0.897610028722602
Pubmed,SDRF,sage,12358,0.25,0.9018762677484788,0.8985276255021478,0.888184584178499,0.8849667108765426,0.1185644343495369,285.0,f1,0.8985276255021478
Pubmed,SDRF,sage,12358,0.4,0.9011156186612576,0.8977674946141603,0.8897058823529411,0.8870037455953713,0.1331356614828109,260.0,f1,0.8977674946141603
Pubmed,SDRF,sage,12358,0.55,0.9008620689655172,0.8973814649800333,0.8886916835699797,0.8854974691212824,0.1343099921941757,255.0,f1,0.8973814649800333
Pubmed,SDRF,sage,12359,0.0,0.9051724137931034,0.9042414021799932,0.8841277890466531,0.8806741159698225,0.1526481658220291,250.0,f1,0.9042414021799932
Pubmed,SDRF,sage,12359,0.1,0.9049188640973632,0.9036332308825028,0.8866632860040567,0.8836725974937281,0.15412138402462,244.0,f1,0.9036332308825028
Pubmed,SDRF,sage,12359,0.25,0.9049188640973632,0.9037960563713008,0.8841277890466531,0.8815179788680837,0.1728771030902862,217.0,f1,0.9037960563713008
Pubmed,SDRF,sage,12359,0.4,0.9066937119675456,0.9055940972407044,0.8841277890466531,0.8811961875892623,0.1744766533374786,215.0,f1,0.9055940972407044
Pubmed,SDRF,sage,12359,0.55,0.9056795131845842,0.9046760956121586,0.8846348884381339,0.8821223821034688,0.173988476395607,215.0,f1,0.9046760956121586
Pubmed,SDRF,sage,12360,0.0,0.8973123732251521,0.8943718020137122,0.8886916835699797,0.8852092641181001,0.1677624583244323,217.0,f1,0.8943718020137122
Pubmed,SDRF,sage,12360,0.1,0.8983265720081136,0.8958368593852138,0.8904665314401623,0.8875320955143063,0.164916530251503,218.0,f1,0.8958368593852138
Pubmed,SDRF,sage,12360,0.25,0.8988336713995944,0.8962315323102285,0.8907200811359026,0.8877341349950588,0.1609496027231216,218.0,f1,0.8962315323102285
Pubmed,SDRF,sage,12360,0.4,0.8980730223123732,0.8953469593715414,0.8884381338742393,0.8849578523852569,0.1962617933750152,181.0,f1,0.8953469593715414
Pubmed,SDRF,sage,12360,0.55,0.8983265720081136,0.8955085410051661,0.8899594320486816,0.8868948606522314,0.1576149314641952,221.0,f1,0.8955085410051661
Pubmed,SDRF,sage,12361,0.0,0.9018762677484788,0.8988025437478041,0.8988336713995944,0.8961176808273863,0.1084866300225257,319.0,f1,0.8988025437478041
Pubmed,SDRF,sage,12361,0.1,0.9026369168356998,0.8991978843802669,0.8975659229208925,0.8950220848255827,0.1127345487475395,316.0,f1,0.8991978843802669
Pubmed,SDRF,sage,12361,0.25,0.9016227180527384,0.898903602548967,0.8990872210953347,0.8964257064118278,0.1551645845174789,233.0,f1,0.898903602548967
Pubmed,SDRF,sage,12361,0.4,0.9016227180527384,0.8983578110550662,0.8973123732251521,0.8947146675035604,0.1196765229105949,297.0,f1,0.8983578110550662
Pubmed,SDRF,sage,12361,0.55,0.9008620689655172,0.8979292978570556,0.8952839756592292,0.8925681548976355,0.1390254497528076,254.0,f1,0.8979292978570556
Pubmed,SDRF,sage,12362,0.0,0.8993407707910751,0.8956129649886794,0.8970588235294118,0.8936049799214031,0.0852134302258491,348.0,f1,0.8956129649886794
Pubmed,SDRF,sage,12362,0.1,0.9008620689655172,0.8969921294313058,0.8960446247464503,0.8931750462363284,0.0749996453523635,395.0,f1,0.8969921294313058
Pubmed,SDRF,sage,12362,0.25,0.9008620689655172,0.8975511348329884,0.89579107505071,0.8933678939862381,0.0739224404096603,399.0,f1,0.8975511348329884
Pubmed,SDRF,sage,12362,0.4,0.8995943204868154,0.8961670778113827,0.8950304259634888,0.8922239872744303,0.074116475880146,398.0,f1,0.8961670778113827
Pubmed,SDRF,sage,12362,0.55,0.8990872210953347,0.8955847773975926,0.8962981744421906,0.8931968465992287,0.0752897039055824,397.0,f1,0.8955847773975926
Pubmed,SDRF,sage,12363,0.0,0.902129817444219,0.9010247673820416,0.8970588235294118,0.8946601367119694,0.139344111084938,266.0,f1,0.9010247673820416
Pubmed,SDRF,sage,12363,0.1,0.9023833671399596,0.9004977531943017,0.8955375253549696,0.8922917564185845,0.0925697833299636,366.0,f1,0.9004977531943017
Pubmed,SDRF,sage,12363,0.25,0.902129817444219,0.9009569366028524,0.896551724137931,0.8934320404380268,0.1210817620158195,268.0,f1,0.9009569366028524
Pubmed,SDRF,sage,12363,0.4,0.9016227180527384,0.8997630058619829,0.8970588235294118,0.8944107636210168,0.14817675948143,231.0,f1,0.8997630058619829
Pubmed,SDRF,sage,12363,0.55,0.901369168356998,0.8995566355330519,0.8942697768762677,0.8914208931217543,0.1707966327667236,197.0,f1,0.8995566355330519
Pubmed,SDRF,sage,12364,0.0,0.8998478701825557,0.8969399550869199,0.8924949290060852,0.8900428839629542,0.1503297835588455,227.0,f1,0.8969399550869199
Pubmed,SDRF,sage,12364,0.1,0.9001014198782962,0.8972416368327668,0.8902129817444219,0.8885434485450898,0.1326706260442733,236.0,f1,0.8972416368327668
Pubmed,SDRF,sage,12364,0.25,0.8993407707910751,0.8964400105976141,0.8884381338742393,0.8867631199494586,0.0819783061742782,358.0,f1,0.8964400105976141
Pubmed,SDRF,sage,12364,0.4,0.8990872210953347,0.8970408340756214,0.8871703853955375,0.8851227691364997,0.0882555469870567,329.0,f1,0.8970408340756214
Pubmed,SDRF,sage,12364,0.55,0.8985801217038539,0.8963183619982544,0.8907200811359026,0.8888708667085838,0.0776923224329948,371.0,f1,0.8963183619982544
Pubmed,SDRF,sage,12365,0.0,0.893762677484787,0.8903892356809647,0.8904665314401623,0.8852141639084934,0.0826105400919914,382.0,f1,0.8903892356809647
Pubmed,SDRF,sage,12365,0.1,0.8942697768762677,0.8908712270862132,0.8902129817444219,0.8860193548021327,0.0922727659344673,351.0,f1,0.8908712270862132
Pubmed,SDRF,sage,12365,0.25,0.8960446247464503,0.8922048864597679,0.8884381338742393,0.8836257322975812,0.0840164497494697,382.0,f1,0.8922048864597679
Pubmed,SDRF,sage,12365,0.4,0.8950304259634888,0.8919822281426398,0.8876774847870182,0.8834267283586034,0.1035959720611572,301.0,f1,0.8919822281426398
Pubmed,SDRF,sage,12365,0.55,0.896551724137931,0.893484238250016,0.882606490872211,0.8784867769405152,0.0792627334594726,384.0,f1,0.893484238250016
Pubmed,SDRF,sage,12366,0.0,0.8968052738336714,0.8919734057847261,0.9026369168356998,0.8992895621047788,0.08069858700037,377.0,f1,0.8919734057847261
Pubmed,SDRF,sage,12366,0.1,0.896551724137931,0.8919581439938488,0.9026369168356998,0.898822972832229,0.1154415309429168,278.0,f1,0.8919581439938488
Pubmed,SDRF,sage,12366,0.25,0.8952839756592292,0.8910559129044905,0.9039046653144016,0.9004323374736184,0.0886494889855384,354.0,f1,0.8910559129044905
Pubmed,SDRF,sage,12366,0.4,0.8968052738336714,0.8918396422096561,0.9018762677484788,0.8980231867843248,0.0784803554415702,398.0,f1,0.8918396422096561
Pubmed,SDRF,sage,12366,0.55,0.8960446247464503,0.8918564009561566,0.9031440162271804,0.899804791027893,0.0814549699425697,377.0,f1,0.8918564009561566
Pubmed,SDRF,sage,12367,0.0,0.9008620689655172,0.8989114516191773,0.8950304259634888,0.8909551560779589,0.1598505526781082,231.0,f1,0.8989114516191773
Pubmed,SDRF,sage,12367,0.1,0.9011156186612576,0.8995870956580235,0.8914807302231237,0.8875183791852014,0.0827039182186126,399.0,f1,0.8995870956580235
Pubmed,SDRF,sage,12367,0.25,0.9016227180527384,0.9001042854286757,0.8912271805273834,0.8872099733954774,0.0815481320023536,396.0,f1,0.9001042854286757
Pubmed,SDRF,sage,12367,0.4,0.8995943204868154,0.8979887849550242,0.8932555780933062,0.8895724708691217,0.1450657844543457,238.0,f1,0.8979887849550242
Pubmed,SDRF,sage,12367,0.55,0.90289046653144,0.900884264770438,0.8902129817444219,0.8864483760496426,0.077311635017395,396.0,f1,0.900884264770438
Pubmed,SDRF,sage,12368,0.0,0.8995943204868154,0.8974541456972553,0.8932555780933062,0.8900160695760667,0.1188715025782585,286.0,f1,0.8974541456972553
Pubmed,SDRF,sage,12368,0.1,0.8998478701825557,0.8975202989174224,0.8947768762677485,0.8911389782878861,0.1064760833978653,310.0,f1,0.8975202989174224
Pubmed,SDRF,sage,12368,0.25,0.9003549695740365,0.8976810916817154,0.8932555780933062,0.8899003369065192,0.0794659703969955,396.0,f1,0.8976810916817154
Pubmed,SDRF,sage,12368,0.4,0.8990872210953347,0.8963909097460592,0.8942697768762677,0.8907177389843303,0.1107105687260627,307.0,f1,0.8963909097460592
Pubmed,SDRF,sage,12368,0.55,0.8995943204868154,0.8974343796802727,0.8935091277890467,0.8908970551068093,0.0801639854907989,400.0,f1,0.8974343796802727
Pubmed,SDRF,sage,12369,0.0,0.8993407707910751,0.89613250305185,0.8975659229208925,0.8938888708291192,0.1166186779737472,307.0,f1,0.89613250305185
Pubmed,SDRF,sage,12369,0.1,0.8990872210953347,0.8966423379723061,0.8980730223123732,0.8943849400593095,0.1568236798048019,239.0,f1,0.8966423379723061
Pubmed,SDRF,sage,12369,0.25,0.8975659229208925,0.8952123597714506,0.8998478701825557,0.8959765177548683,0.1676484495401382,218.0,f1,0.8952123597714506
Pubmed,SDRF,sage,12369,0.4,0.896551724137931,0.8941403031786024,0.8988336713995944,0.8952722510012618,0.1728415489196777,214.0,f1,0.8941403031786024
Pubmed,SDRF,sage,12369,0.55,0.8978194726166329,0.8957615731117566,0.8993407707910751,0.8961408150901558,0.1631421893835067,222.0,f1,0.8957615731117566
Pubmed,SDRF,sage,12370,0.0,0.8960446247464503,0.8923702422792753,0.8973123732251521,0.8941417246830324,0.1825039237737655,206.0,f1,0.8923702422792753
Pubmed,SDRF,sage,12370,0.1,0.8952839756592292,0.8920408633461561,0.8970588235294118,0.8942047371906444,0.1768674701452255,209.0,f1,0.8920408633461561
Pubmed,SDRF,sage,12370,0.25,0.8942697768762677,0.8912253452065633,0.89579107505071,0.8927856087439481,0.1385978162288665,253.0,f1,0.8912253452065633
Pubmed,SDRF,sage,12370,0.4,0.8935091277890467,0.8910356138483572,0.8978194726166329,0.8951809539442422,0.1815536320209503,199.0,f1,0.8910356138483572
Pubmed,SDRF,sage,12370,0.55,0.893762677484787,0.890600372626078,0.896551724137931,0.893534984518792,0.1749964505434036,206.0,f1,0.890600372626078
Pubmed,SDRF,sage,12371,0.0,0.8978194726166329,0.8953049772304027,0.9008620689655172,0.8967744980473139,0.1619216799736023,236.0,f1,0.8953049772304027
Pubmed,SDRF,sage,12371,0.1,0.8990872210953347,0.8965560011203145,0.901369168356998,0.8972670401838773,0.1585398614406585,237.0,f1,0.8965560011203145
Pubmed,SDRF,sage,12371,0.25,0.8983265720081136,0.8958657312757027,0.8993407707910751,0.8956275729783032,0.1470196545124054,243.0,f1,0.8958657312757027
Pubmed,SDRF,sage,12371,0.4,0.8983265720081136,0.8959243388463736,0.8968052738336714,0.8929806219209925,0.1544709503650665,237.0,f1,0.8959243388463736
Pubmed,SDRF,sage,12371,0.55,0.8970588235294118,0.8948536976987311,0.8978194726166329,0.8939393179428278,0.1510569751262664,240.0,f1,0.8948536976987311
Pubmed,SDRF,sage,12372,0.0,0.8899594320486816,0.8864848719495891,0.8930020283975659,0.8911244837012781,0.1681836545467376,207.0,f1,0.8864848719495891
Pubmed,SDRF,sage,12372,0.1,0.890973630831643,0.8875627473075073,0.8970588235294118,0.895021364298577,0.0890308171510696,350.0,f1,0.8875627473075073
Pubmed,SDRF,sage,12372,0.25,0.8884381338742393,0.8853950974652635,0.8935091277890467,0.891484493000911,0.1589751690626144,207.0,f1,0.8853950974652635
Pubmed,SDRF,sage,12372,0.4,0.8894523326572008,0.8862490017839258,0.8924949290060852,0.8899246099200823,0.1815648972988128,184.0,f1,0.8862490017839258
Pubmed,SDRF,sage,12372,0.55,0.8886916835699797,0.8852744049279978,0.8945233265720081,0.8924370931995566,0.1356177330017089,240.0,f1,0.8852744049279978
Pubmed,SDRF,sage,12373,0.0,0.8973123732251521,0.895340772434615,0.8907200811359026,0.8879918901575446,0.0822906047105789,396.0,f1,0.895340772434615
Pubmed,SDRF,sage,12373,0.1,0.8962981744421906,0.8951494181748906,0.8912271805273834,0.8878457350470073,0.1497077047824859,235.0,f1,0.8951494181748906
Pubmed,SDRF,sage,12373,0.25,0.8975659229208925,0.89563739268806,0.8914807302231237,0.8880499277232256,0.1106597185134887,309.0,f1,0.89563739268806
Pubmed,SDRF,sage,12373,0.4,0.8973123732251521,0.8955083458910758,0.8930020283975659,0.8898078123056026,0.0997049733996391,332.0,f1,0.8955083458910758
Pubmed,SDRF,sage,12373,0.55,0.8962981744421906,0.8948562205268334,0.890973630831643,0.8878874773754916,0.1184266358613967,286.0,f1,0.8948562205268334
Pubmed,SDRF,sage,12374,0.0,0.8973123732251521,0.8946081024176182,0.8894523326572008,0.8859994118615777,0.078477956354618,399.0,f1,0.8946081024176182
Pubmed,SDRF,sage,12374,0.1,0.8955375253549696,0.8932725684515344,0.8907200811359026,0.88825649859759,0.08561472594738,395.0,f1,0.8932725684515344
Pubmed,SDRF,sage,12374,0.25,0.8955375253549696,0.8926748774579076,0.8902129817444219,0.8871683883180873,0.0884410813450813,393.0,f1,0.8926748774579076
Pubmed,SDRF,sage,12374,0.4,0.8955375253549696,0.8929460531878369,0.888184584178499,0.8850794453869241,0.0811862796545028,394.0,f1,0.8929460531878369
Pubmed,SDRF,sage,12374,0.55,0.8950304259634888,0.8923899695507985,0.888184584178499,0.8854708760498639,0.0894504711031913,390.0,f1,0.8923899695507985
Pubmed,SDRF,gat,12345,0.0,0.8838742393509128,0.8795886400972943,0.8770283975659229,0.8701059395844505,0.1515777558088302,83.0,f1,0.8795886400972943
Pubmed,SDRF,gat,12345,0.1,0.8785496957403651,0.8732076024987231,0.8727180527383367,0.8659035729176638,0.1809718161821365,73.0,f1,0.8732076024987231
Pubmed,SDRF,gat,12345,0.25,0.8788032454361054,0.8732403701195514,0.8722109533468559,0.865468776094532,0.1704197525978088,77.0,f1,0.8732403701195514
Pubmed,SDRF,gat,12345,0.4,0.8803245436105477,0.8748826737522978,0.8709432048681541,0.8642947708319518,0.1751740723848343,76.0,f1,0.8748826737522978
Pubmed,SDRF,gat,12345,0.55,0.8808316430020284,0.8756726128625697,0.8714503042596349,0.8651982261066907,0.1756017357110977,76.0,f1,0.8756726128625697
Pubmed,SDRF,gat,12346,0.0,0.8739858012170385,0.8694794578873374,0.8742393509127789,0.869097417408392,0.1449255496263504,82.0,f1,0.8694794578873374
Pubmed,SDRF,gat,12346,0.1,0.8704361054766734,0.865049034819803,0.8671399594320487,0.8612066824696937,0.0685213431715965,149.0,f1,0.865049034819803
Pubmed,SDRF,gat,12346,0.25,0.8729716024340771,0.8675607370890451,0.8722109533468559,0.8670396221709716,0.1081939563155174,107.0,f1,0.8675607370890451
Pubmed,SDRF,gat,12346,0.4,0.8704361054766734,0.864512348156933,0.8686612576064908,0.8634849611817281,0.1140585392713546,103.0,f1,0.864512348156933
Pubmed,SDRF,gat,12346,0.55,0.8701825557809331,0.8645728863981992,0.869421906693712,0.8644111323907717,0.1139717847108841,102.0,f1,0.8645728863981992
Pubmed,SDRF,gat,12347,0.0,0.8765212981744422,0.8716770203286365,0.8610547667342799,0.8538191671864563,0.0346993766725063,256.0,f1,0.8716770203286365
Pubmed,SDRF,gat,12347,0.1,0.8732251521298174,0.8669776421416385,0.8643509127789046,0.8578205491058366,0.0280118621885776,312.0,f1,0.8669776421416385
Pubmed,SDRF,gat,12347,0.25,0.8739858012170385,0.8690170075718946,0.8635902636916836,0.8571670227245685,0.0366091914474964,279.0,f1,0.8690170075718946
Pubmed,SDRF,gat,12347,0.4,0.8729716024340771,0.8669879226065303,0.8628296146044625,0.8559929406157337,0.0334032699465751,311.0,f1,0.8669879226065303
Pubmed,SDRF,gat,12347,0.55,0.8722109533468559,0.8662094251230513,0.8646044624746451,0.858357725567568,0.049160461872816,226.0,f1,0.8662094251230513
Pubmed,SDRF,gat,12348,0.0,0.8798174442190669,0.873941357565068,0.8676470588235294,0.8614265894137901,0.0662332102656364,153.0,f1,0.873941357565068
Pubmed,SDRF,gat,12348,0.1,0.8755070993914807,0.8698129825092892,0.8666328600405679,0.8618892266772282,0.1372765153646469,96.0,f1,0.8698129825092892
Pubmed,SDRF,gat,12348,0.25,0.875,0.8693317713852896,0.869421906693712,0.8647778341796846,0.1404938995838165,92.0,f1,0.8693317713852896
Pubmed,SDRF,gat,12348,0.4,0.8737322515212982,0.8688850119590157,0.8701825557809331,0.8654942864179125,0.1464616358280182,91.0,f1,0.8688850119590157
Pubmed,SDRF,gat,12348,0.55,0.8742393509127789,0.8685717320535025,0.8679006085192698,0.8620931781043638,0.1195848137140274,106.0,f1,0.8685717320535025
Pubmed,SDRF,gat,12349,0.0,0.8755070993914807,0.8700189235858914,0.8635902636916836,0.8551983579043888,0.1203483864665031,123.0,f1,0.8700189235858914
Pubmed,SDRF,gat,12349,0.1,0.8711967545638946,0.866366594036346,0.8597870182555781,0.8515345979224299,0.1679138988256454,98.0,f1,0.866366594036346
Pubmed,SDRF,gat,12349,0.25,0.8709432048681541,0.8659216397294413,0.8633367139959433,0.8548101774128868,0.1007162034511566,147.0,f1,0.8659216397294413
Pubmed,SDRF,gat,12349,0.4,0.8699290060851927,0.8651107090507608,0.8559837728194726,0.8483015183849526,0.1655624210834503,101.0,f1,0.8651107090507608
Pubmed,SDRF,gat,12349,0.55,0.8722109533468559,0.8677061724493349,0.8567444219066938,0.8491844264018571,0.1654161810874939,102.0,f1,0.8677061724493349
Pubmed,SDRF,gat,12350,0.0,0.8727180527383367,0.8676097671084307,0.8608012170385395,0.8544884337800239,0.1272889375686645,91.0,f1,0.8676097671084307
Pubmed,SDRF,gat,12350,0.1,0.8717038539553753,0.8647696517216114,0.8620689655172413,0.8558547266150677,0.1669603884220123,74.0,f1,0.8647696517216114
Pubmed,SDRF,gat,12350,0.25,0.8668864097363083,0.8605576024107721,0.8620689655172413,0.8564697118687716,0.096059612929821,117.0,f1,0.8605576024107721
Pubmed,SDRF,gat,12350,0.4,0.8684077079107505,0.8629945593821614,0.8577586206896551,0.8531100925557461,0.1437655985355377,86.0,f1,0.8629945593821614
Pubmed,SDRF,gat,12350,0.55,0.869421906693712,0.8642237492047324,0.8582657200811359,0.8528877117737381,0.1367687433958053,91.0,f1,0.8642237492047324
Pubmed,SDRF,gat,12351,0.0,0.8755070993914807,0.8678733744008232,0.8714503042596349,0.8677665589543366,0.1769638061523437,63.0,f1,0.8678733744008232
Pubmed,SDRF,gat,12351,0.1,0.8724645030425964,0.8653873518842169,0.8658722109533469,0.8617135908418011,0.1743929833173751,67.0,f1,0.8653873518842169
Pubmed,SDRF,gat,12351,0.25,0.8724645030425964,0.8651383415466798,0.8679006085192698,0.8640494182410919,0.1613887250423431,73.0,f1,0.8651383415466798
Pubmed,SDRF,gat,12351,0.4,0.8717038539553753,0.8649460331535721,0.8658722109533469,0.8613915952835502,0.143116682767868,83.0,f1,0.8649460331535721
Pubmed,SDRF,gat,12351,0.55,0.8717038539553753,0.8640033773986541,0.8620689655172413,0.8580271366563802,0.1960414946079254,60.0,f1,0.8640033773986541
Pubmed,SDRF,gat,12352,0.0,0.8760141987829615,0.8705934233705509,0.8719574036511156,0.8674620952158509,0.1865231096744537,80.0,f1,0.8705934233705509
Pubmed,SDRF,gat,12352,0.1,0.875,0.8694032434142026,0.8679006085192698,0.8638252202671627,0.2229351252317428,65.0,f1,0.8694032434142026
Pubmed,SDRF,gat,12352,0.25,0.8755070993914807,0.8695803184413573,0.8684077079107505,0.8644407029897713,0.2031882107257843,75.0,f1,0.8695803184413573
Pubmed,SDRF,gat,12352,0.4,0.8724645030425964,0.8666645545405282,0.8643509127789046,0.8602926700082408,0.228254958987236,63.0,f1,0.8666645545405282
Pubmed,SDRF,gat,12352,0.55,0.8724645030425964,0.8668510803157399,0.8666328600405679,0.8624566657333483,0.1909397691488266,80.0,f1,0.8668510803157399
Pubmed,SDRF,gat,12353,0.0,0.8729716024340771,0.8669227988576046,0.8717038539553753,0.8646012644699962,0.1721106469631195,83.0,f1,0.8669227988576046
Pubmed,SDRF,gat,12353,0.1,0.8722109533468559,0.8662596813949928,0.8722109533468559,0.8651439534698779,0.1762145757675171,85.0,f1,0.8662596813949928
Pubmed,SDRF,gat,12353,0.25,0.8699290060851927,0.8643773134804124,0.8689148073022313,0.8621708905175227,0.1587422341108322,93.0,f1,0.8643773134804124
Pubmed,SDRF,gat,12353,0.4,0.8706896551724138,0.8651994906125294,0.8729716024340771,0.866294334172891,0.1533871591091156,97.0,f1,0.8651994906125294
Pubmed,SDRF,gat,12353,0.55,0.8689148073022313,0.8634750122812896,0.8742393509127789,0.8679610769705087,0.1543116569519043,97.0,f1,0.8634750122812896
Pubmed,SDRF,gat,12354,0.0,0.8813387423935092,0.8757694733725357,0.8567444219066938,0.8507301111953568,0.1275377869606018,89.0,f1,0.8757694733725357
Pubmed,SDRF,gat,12354,0.1,0.8762677484787018,0.8713320427322611,0.8552231237322515,0.8489644804570596,0.1340263336896896,88.0,f1,0.8713320427322611
Pubmed,SDRF,gat,12354,0.25,0.8747464503042597,0.869678333923812,0.8460953346855984,0.8399918595430326,0.0314241126179695,259.0,f1,0.869678333923812
Pubmed,SDRF,gat,12354,0.4,0.875,0.8696883109353347,0.8547160243407708,0.8488725721228474,0.1392446160316467,84.0,f1,0.8696883109353347
Pubmed,SDRF,gat,12354,0.55,0.8747464503042597,0.869858059672831,0.845841784989858,0.8401165912456235,0.0222147740423679,371.0,f1,0.869858059672831
Pubmed,SDRF,gat,12355,0.0,0.8709432048681541,0.8639334942390801,0.8729716024340771,0.8649833990943292,0.150952398777008,99.0,f1,0.8639334942390801
Pubmed,SDRF,gat,12355,0.1,0.8679006085192698,0.8614222642434698,0.8699290060851927,0.8621357702563356,0.1677337437868118,90.0,f1,0.8614222642434698
Pubmed,SDRF,gat,12355,0.25,0.8676470588235294,0.8614683374823174,0.8706896551724138,0.8636296121259749,0.1552320569753646,99.0,f1,0.8614683374823174
Pubmed,SDRF,gat,12355,0.4,0.867393509127789,0.8613640785451963,0.8689148073022313,0.8614864674886711,0.1706738919019699,90.0,f1,0.8613640785451963
Pubmed,SDRF,gat,12355,0.55,0.8689148073022313,0.8627879581900165,0.8711967545638946,0.8637062789838984,0.1721369922161102,91.0,f1,0.8627879581900165
Pubmed,SDRF,gat,12356,0.0,0.8701825557809331,0.8650471259422683,0.8686612576064908,0.8630872238572304,0.116484634578228,129.0,f1,0.8650471259422683
Pubmed,SDRF,gat,12356,0.1,0.8676470588235294,0.8624192078324153,0.8653651115618661,0.8594552141038081,0.1216156557202339,128.0,f1,0.8624192078324153
Pubmed,SDRF,gat,12356,0.25,0.8661257606490872,0.8615046251344185,0.8658722109533469,0.8610889535986858,0.1553397476673126,106.0,f1,0.8615046251344185
Pubmed,SDRF,gat,12356,0.4,0.8676470588235294,0.8625433817746817,0.8635902636916836,0.8592576474562366,0.1674485057592392,100.0,f1,0.8625433817746817
Pubmed,SDRF,gat,12356,0.55,0.867393509127789,0.8627338389464821,0.8656186612576064,0.8606618261735841,0.1651829779148101,102.0,f1,0.8627338389464821
Pubmed,SDRF,gat,12357,0.0,0.8706896551724138,0.8662353364988199,0.8755070993914807,0.8683158404249092,0.2105311602354049,64.0,f1,0.8662353364988199
Pubmed,SDRF,gat,12357,0.1,0.8701825557809331,0.8658005620071322,0.8722109533468559,0.8646016143650535,0.1974406242370605,71.0,f1,0.8658005620071322
Pubmed,SDRF,gat,12357,0.25,0.8706896551724138,0.8662527115445404,0.8689148073022313,0.8612053817220744,0.2122119665145874,66.0,f1,0.8662527115445404
Pubmed,SDRF,gat,12357,0.4,0.8684077079107505,0.8642327176725159,0.8742393509127789,0.8666572006453123,0.1767137199640274,81.0,f1,0.8642327176725159
Pubmed,SDRF,gat,12357,0.55,0.8661257606490872,0.8622978624340121,0.8658722109533469,0.8583848251853877,0.2196591794490814,63.0,f1,0.8622978624340121
Pubmed,SDRF,gat,12358,0.0,0.8701825557809331,0.8627805599360467,0.8699290060851927,0.8652008800886085,0.16571706533432,87.0,f1,0.8627805599360467
Pubmed,SDRF,gat,12358,0.1,0.8699290060851927,0.8620012903768144,0.8663793103448276,0.8615398268392157,0.1856409013271331,81.0,f1,0.8620012903768144
Pubmed,SDRF,gat,12358,0.25,0.8679006085192698,0.8600527379037964,0.8625760649087221,0.8578308449638684,0.1916430592536926,79.0,f1,0.8600527379037964
Pubmed,SDRF,gat,12358,0.4,0.8671399594320487,0.8600033594993016,0.8592799188640974,0.8551117861635443,0.1755349189043045,87.0,f1,0.8600033594993016
Pubmed,SDRF,gat,12358,0.55,0.867393509127789,0.8601593987158266,0.861815415821501,0.8569311588353337,0.1783044338226318,86.0,f1,0.8601593987158266
Pubmed,SDRF,gat,12359,0.0,0.8871703853955375,0.8831006278705024,0.8643509127789046,0.8587508465312382,0.1499012857675552,83.0,f1,0.8831006278705024
Pubmed,SDRF,gat,12359,0.1,0.8833671399594321,0.8789766771558134,0.8602941176470589,0.8552254356459631,0.1591896563768386,82.0,f1,0.8789766771558134
Pubmed,SDRF,gat,12359,0.25,0.882606490872211,0.8780238054047063,0.8608012170385395,0.8551879904414279,0.1385684162378311,90.0,f1,0.8780238054047063
Pubmed,SDRF,gat,12359,0.4,0.8831135902636917,0.8792044439108478,0.8585192697768763,0.8532286028242678,0.1616511344909668,80.0,f1,0.8792044439108478
Pubmed,SDRF,gat,12359,0.55,0.880578093306288,0.8761712610214802,0.8572515212981744,0.8521628011355569,0.1631440371274948,81.0,f1,0.8761712610214802
Pubmed,SDRF,gat,12360,0.0,0.8818458417849898,0.8770544170578208,0.8676470588235294,0.8608515066080167,0.2102861255407333,60.0,f1,0.8770544170578208
Pubmed,SDRF,gat,12360,0.1,0.8793103448275862,0.8754219309591514,0.8628296146044625,0.855720883379591,0.1747885942459106,76.0,f1,0.8754219309591514
Pubmed,SDRF,gat,12360,0.25,0.8777890466531441,0.8740870505599724,0.8602941176470589,0.8529753501261311,0.1994250565767288,67.0,f1,0.8740870505599724
Pubmed,SDRF,gat,12360,0.4,0.8752535496957403,0.8710762808408266,0.859026369168357,0.8513660554560435,0.2189652621746063,59.0,f1,0.8710762808408266
Pubmed,SDRF,gat,12360,0.55,0.8760141987829615,0.8722021589736256,0.8608012170385395,0.853616691737264,0.171215608716011,79.0,f1,0.8722021589736256
Pubmed,SDRF,gat,12361,0.0,0.8800709939148073,0.8738695840952376,0.8760141987829615,0.8705960215258268,0.1200268939137458,106.0,f1,0.8738695840952376
Pubmed,SDRF,gat,12361,0.1,0.8767748478701826,0.8691861512891799,0.8706896551724138,0.8638210130419903,0.1796900331974029,77.0,f1,0.8691861512891799
Pubmed,SDRF,gat,12361,0.25,0.8762677484787018,0.8689477356508375,0.8701825557809331,0.8628219564921823,0.1732950955629348,79.0,f1,0.8689477356508375
Pubmed,SDRF,gat,12361,0.4,0.8747464503042597,0.8675723739517505,0.8701825557809331,0.8630694940827303,0.1750940233469009,79.0,f1,0.8675723739517505
Pubmed,SDRF,gat,12361,0.55,0.875,0.8675947484963613,0.8686612576064908,0.8619648677658295,0.183395430445671,78.0,f1,0.8675947484963613
Pubmed,SDRF,gat,12362,0.0,0.8777890466531441,0.872761743817246,0.8734787018255578,0.8679072891405334,0.1626815944910049,85.0,f1,0.872761743817246
Pubmed,SDRF,gat,12362,0.1,0.8744929006085193,0.8696131944654811,0.8681541582150102,0.86181721386265,0.1476266533136367,92.0,f1,0.8696131944654811
Pubmed,SDRF,gat,12362,0.25,0.8722109533468559,0.8671958126867009,0.8681541582150102,0.8629606406633782,0.1529114246368408,90.0,f1,0.8671958126867009
Pubmed,SDRF,gat,12362,0.4,0.8709432048681541,0.866367708612967,0.867393509127789,0.8621787982775148,0.1587896645069122,88.0,f1,0.866367708612967
Pubmed,SDRF,gat,12362,0.55,0.8717038539553753,0.8655584141988227,0.8663793103448276,0.860341936274235,0.1533068418502807,93.0,f1,0.8655584141988227
Pubmed,SDRF,gat,12363,0.0,0.8767748478701826,0.872198592813655,0.8628296146044625,0.8558968895249114,0.0257503315806388,368.0,f1,0.872198592813655
Pubmed,SDRF,gat,12363,0.1,0.8714503042596349,0.8664782922874795,0.8656186612576064,0.8589756000759475,0.0249904058873653,392.0,f1,0.8664782922874795
Pubmed,SDRF,gat,12363,0.25,0.8717038539553753,0.8669330133519332,0.8651115618661258,0.8583605341799124,0.0584016107022762,210.0,f1,0.8669330133519332
Pubmed,SDRF,gat,12363,0.4,0.8722109533468559,0.8680287981192999,0.8658722109533469,0.8594396671717447,0.0309759192168712,374.0,f1,0.8680287981192999
Pubmed,SDRF,gat,12363,0.55,0.8729716024340771,0.8680211564178917,0.8666328600405679,0.8600932661468618,0.0395409166812896,282.0,f1,0.8680211564178917
Pubmed,SDRF,gat,12364,0.0,0.8782961460446247,0.8722630613337606,0.8630831643002028,0.8578618083884404,0.1192497014999389,95.0,f1,0.8722630613337606
Pubmed,SDRF,gat,12364,0.1,0.8762677484787018,0.87099988177612,0.8605476673427992,0.8550033183077849,0.1428775042295456,85.0,f1,0.87099988177612
Pubmed,SDRF,gat,12364,0.25,0.8744929006085193,0.8693729243780922,0.8638438133874239,0.8585887441580873,0.1428059935569763,85.0,f1,0.8693729243780922
Pubmed,SDRF,gat,12364,0.4,0.8744929006085193,0.8694019702961907,0.8620689655172413,0.8569962330708768,0.1534217596054077,79.0,f1,0.8694019702961907
Pubmed,SDRF,gat,12364,0.55,0.8724645030425964,0.8676665253279398,0.8633367139959433,0.8584472583880643,0.1226315200328826,97.0,f1,0.8676665253279398
Pubmed,SDRF,gat,12365,0.0,0.8663793103448276,0.8611960203217351,0.8620689655172413,0.8554500648824311,0.1541176289319992,92.0,f1,0.8611960203217351
Pubmed,SDRF,gat,12365,0.1,0.8676470588235294,0.8624297393079825,0.8608012170385395,0.853670516220078,0.1137606874108314,120.0,f1,0.8624297393079825
Pubmed,SDRF,gat,12365,0.25,0.8668864097363083,0.8624596139293286,0.8524340770791075,0.845018434085664,0.099360391497612,134.0,f1,0.8624596139293286
Pubmed,SDRF,gat,12365,0.4,0.8671399594320487,0.8619505181061221,0.8564908722109533,0.8494264356575023,0.1427729874849319,102.0,f1,0.8619505181061221
Pubmed,SDRF,gat,12365,0.55,0.8658722109533469,0.8608148371309646,0.8552231237322515,0.8482366626207322,0.1478989720344543,100.0,f1,0.8608148371309646
Pubmed,SDRF,gat,12366,0.0,0.8762677484787018,0.8686981538298192,0.8732251521298174,0.8665377787875408,0.158071219921112,87.0,f1,0.8686981538298192
Pubmed,SDRF,gat,12366,0.1,0.8772819472616633,0.8696725260812067,0.8704361054766734,0.8647440462061872,0.1765569150447845,77.0,f1,0.8696725260812067
Pubmed,SDRF,gat,12366,0.25,0.8739858012170385,0.8662763426876209,0.8699290060851927,0.8647816522845329,0.1761943399906158,77.0,f1,0.8662763426876209
Pubmed,SDRF,gat,12366,0.4,0.8732251521298174,0.8656234762060441,0.867393509127789,0.8621606624955124,0.15724878013134,86.0,f1,0.8656234762060441
Pubmed,SDRF,gat,12366,0.55,0.8722109533468559,0.8651237802925387,0.8704361054766734,0.865521760206133,0.1279327273368835,106.0,f1,0.8651237802925387
Pubmed,SDRF,gat,12367,0.0,0.8815922920892495,0.8749420875323906,0.867393509127789,0.861773130173988,0.1106718853116035,121.0,f1,0.8749420875323906
Pubmed,SDRF,gat,12367,0.1,0.8785496957403651,0.8721939279519253,0.8656186612576064,0.8591292139180912,0.1324824392795562,106.0,f1,0.8721939279519253
Pubmed,SDRF,gat,12367,0.25,0.8767748478701826,0.8702775508068097,0.8663793103448276,0.8600308735993822,0.1200488805770874,118.0,f1,0.8702775508068097
Pubmed,SDRF,gat,12367,0.4,0.8747464503042597,0.8682829201937482,0.8628296146044625,0.8571508401773476,0.1246261224150657,116.0,f1,0.8682829201937482
Pubmed,SDRF,gat,12367,0.55,0.8752535496957403,0.8689479890191537,0.8625760649087221,0.8567375302395327,0.1649336665868759,90.0,f1,0.8689479890191537
Pubmed,SDRF,gat,12368,0.0,0.8711967545638946,0.8658832402407471,0.8717038539553753,0.8661255115072849,0.1230761706829071,118.0,f1,0.8658832402407471
Pubmed,SDRF,gat,12368,0.1,0.8696754563894523,0.8641481299800055,0.8696754563894523,0.8634609157899625,0.1449064761400222,106.0,f1,0.8641481299800055
Pubmed,SDRF,gat,12368,0.25,0.8663793103448276,0.8603857322350299,0.8648580121703854,0.8601289845741662,0.1466694623231887,106.0,f1,0.8603857322350299
Pubmed,SDRF,gat,12368,0.4,0.8666328600405679,0.8611642541649642,0.8666328600405679,0.860473512817192,0.1862981617450714,87.0,f1,0.8611642541649642
Pubmed,SDRF,gat,12368,0.55,0.8663793103448276,0.8613299996525733,0.8646044624746451,0.8592024398365145,0.1580316424369812,104.0,f1,0.8613299996525733
Pubmed,SDRF,gat,12369,0.0,0.8734787018255578,0.868923036047765,0.8795638945233266,0.8739029511624049,0.1934645175933838,66.0,f1,0.868923036047765
Pubmed,SDRF,gat,12369,0.1,0.8719574036511156,0.8678842400138396,0.8803245436105477,0.8756300344280662,0.1655605286359787,78.0,f1,0.8678842400138396
Pubmed,SDRF,gat,12369,0.25,0.8691683569979716,0.8645337334701222,0.8808316430020284,0.8747093676559768,0.1868105232715606,70.0,f1,0.8645337334701222
Pubmed,SDRF,gat,12369,0.4,0.8684077079107505,0.8635969234332209,0.8727180527383367,0.8685039226949541,0.0741570889949798,146.0,f1,0.8635969234332209
Pubmed,SDRF,gat,12369,0.55,0.8681541582150102,0.8633577344132469,0.8696754563894523,0.8646173747024554,0.0583254620432853,173.0,f1,0.8633577344132469
Pubmed,SDRF,gat,12370,0.0,0.8737322515212982,0.8698668195653504,0.8681541582150102,0.8637657858364983,0.1143773049116134,108.0,f1,0.8698668195653504
Pubmed,SDRF,gat,12370,0.1,0.8709432048681541,0.8665067107634753,0.8686612576064908,0.8639753491521386,0.1524507701396942,86.0,f1,0.8665067107634753
Pubmed,SDRF,gat,12370,0.25,0.8679006085192698,0.8639293992243834,0.8651115618661258,0.8608534253976639,0.1042432785034179,122.0,f1,0.8639293992243834
Pubmed,SDRF,gat,12370,0.4,0.869421906693712,0.865377897898041,0.8658722109533469,0.8610145419157819,0.0995848551392555,125.0,f1,0.865377897898041
Pubmed,SDRF,gat,12370,0.55,0.869421906693712,0.8663111494838059,0.8648580121703854,0.8601104370878087,0.1009474098682403,124.0,f1,0.8663111494838059
Pubmed,SDRF,gat,12371,0.0,0.8684077079107505,0.8618874296619353,0.8815922920892495,0.8749736821436859,0.1622588187456131,86.0,f1,0.8618874296619353
Pubmed,SDRF,gat,12371,0.1,0.8666328600405679,0.85950938080948,0.8755070993914807,0.8681478156844782,0.1523607671260833,94.0,f1,0.85950938080948
Pubmed,SDRF,gat,12371,0.25,0.8653651115618661,0.8585787614134347,0.8772819472616633,0.8711659012258441,0.1704372018575668,86.0,f1,0.8585787614134347
Pubmed,SDRF,gat,12371,0.4,0.8635902636916836,0.8574806182026514,0.8727180527383367,0.8654055896477441,0.1203543022274971,117.0,f1,0.8574806182026514
Pubmed,SDRF,gat,12371,0.55,0.8630831643002028,0.8564526774782739,0.8767748478701826,0.8707306436394412,0.1562748998403549,95.0,f1,0.8564526774782739
Pubmed,SDRF,gat,12372,0.0,0.8727180527383367,0.8680258026953102,0.8765212981744422,0.8733887618477135,0.1507063955068588,75.0,f1,0.8680258026953102
Pubmed,SDRF,gat,12372,0.1,0.8684077079107505,0.864002621041532,0.8727180527383367,0.868795066477403,0.1498522162437439,77.0,f1,0.864002621041532
Pubmed,SDRF,gat,12372,0.25,0.8711967545638946,0.8667529483606091,0.8742393509127789,0.8706821662713845,0.1435931622982025,81.0,f1,0.8667529483606091
Pubmed,SDRF,gat,12372,0.4,0.8696754563894523,0.865339003832275,0.8727180527383367,0.8691441201340749,0.1562076210975647,75.0,f1,0.865339003832275
Pubmed,SDRF,gat,12372,0.55,0.8681541582150102,0.8635043651627217,0.8734787018255578,0.8700337318112717,0.149679809808731,77.0,f1,0.8635043651627217
Pubmed,SDRF,gat,12373,0.0,0.8770283975659229,0.8725749579673252,0.8648580121703854,0.8594899896104784,0.1017349287867546,123.0,f1,0.8725749579673252
Pubmed,SDRF,gat,12373,0.1,0.8765212981744422,0.8713201627818973,0.8671399594320487,0.8614514105462888,0.1832805126905441,79.0,f1,0.8713201627818973
Pubmed,SDRF,gat,12373,0.25,0.8729716024340771,0.8681644618246928,0.8610547667342799,0.8554806787166164,0.1133635565638542,119.0,f1,0.8681644618246928
Pubmed,SDRF,gat,12373,0.4,0.8734787018255578,0.8680979143174286,0.8671399594320487,0.8609706024601714,0.1860781013965606,79.0,f1,0.8680979143174286
Pubmed,SDRF,gat,12373,0.55,0.8727180527383367,0.8681615765542974,0.8602941176470589,0.8541940783716294,0.1461276113986969,99.0,f1,0.8681615765542974
Pubmed,SDRF,gat,12374,0.0,0.8719574036511156,0.8672075082919845,0.875,0.8705531593552708,0.189524844288826,76.0,f1,0.8672075082919845
Pubmed,SDRF,gat,12374,0.1,0.8696754563894523,0.86526533063001,0.8737322515212982,0.868699765315203,0.2007196843624115,73.0,f1,0.86526533063001
Pubmed,SDRF,gat,12374,0.25,0.8668864097363083,0.8626991567545096,0.8704361054766734,0.8659132949614374,0.1952970176935196,77.0,f1,0.8626991567545096
Pubmed,SDRF,gat,12374,0.4,0.867393509127789,0.8626356294856702,0.8696754563894523,0.8652207193191318,0.0613843724131584,201.0,f1,0.8626356294856702
Pubmed,SDRF,gat,12374,0.55,0.8668864097363083,0.8625693898149821,0.8706896551724138,0.8663238875802836,0.1955239623785019,78.0,f1,0.8625693898149821
Pubmed,DiffWire CT,gcn,12345,,0.8620689655172413,0.8572423631023899,0.8554766734279919,0.849795858199046,0.2513308227062225,116.0,f1,0.8572423631023899
Pubmed,DiffWire CT,gcn,12346,,0.8577586206896551,0.8527688816795508,0.856237322515213,0.853147089361746,0.2497039884328842,120.0,f1,0.8527688816795508
Pubmed,DiffWire CT,gcn,12347,,0.8554766734279919,0.8504200148778462,0.8511663286004056,0.8440009740524891,0.2657839655876159,101.0,f1,0.8504200148778462
Pubmed,DiffWire CT,gcn,12348,,0.8600405679513184,0.8552332195263185,0.8547160243407708,0.8491307263853992,0.2973790168762207,78.0,f1,0.8552332195263185
Pubmed,DiffWire CT,gcn,12349,,0.856237322515213,0.8517771082637031,0.8481237322515213,0.8416164479174402,0.2513976395130157,120.0,f1,0.8517771082637031
Pubmed,DiffWire CT,gcn,12350,,0.861815415821501,0.8564416504753661,0.8483772819472617,0.8434834742468253,0.3099775314331054,79.0,f1,0.8564416504753661
Pubmed,DiffWire CT,gcn,12351,,0.8466024340770791,0.839211826514584,0.8498985801217038,0.8462280593839595,0.3021620213985443,77.0,f1,0.839211826514584
Pubmed,DiffWire CT,gcn,12352,,0.8564908722109533,0.8520316857348225,0.8521805273833671,0.8479135227502299,0.27675661444664,101.0,f1,0.8520316857348225
Pubmed,DiffWire CT,gcn,12353,,0.8516734279918864,0.8456367467562492,0.8521805273833671,0.8454062303574389,0.3124360740184784,69.0,f1,0.8456367467562492
Pubmed,DiffWire CT,gcn,12354,,0.861815415821501,0.8564445317881532,0.8392494929006086,0.8325774120564927,0.2189728021621704,144.0,f1,0.8564445317881532
Pubmed,DiffWire CT,gcn,12355,,0.8498985801217038,0.8444605380987072,0.8501521298174443,0.8438716079931528,0.3042332828044891,75.0,f1,0.8444605380987072
Pubmed,DiffWire CT,gcn,12356,,0.845841784989858,0.8404631467822989,0.8509127789046653,0.844699190157513,0.2820411026477813,84.0,f1,0.8404631467822989
Pubmed,DiffWire CT,gcn,12357,,0.8496450304259635,0.8446418152402503,0.8544624746450304,0.8488284201362152,0.2607279121875763,104.0,f1,0.8446418152402503
Pubmed,DiffWire CT,gcn,12358,,0.8557302231237323,0.8495646931622133,0.8445740365111561,0.8396958349355285,0.2071880102157592,180.0,f1,0.8495646931622133
Pubmed,DiffWire CT,gcn,12359,,0.8684077079107505,0.8649329132427636,0.8506592292089249,0.8475893252675566,0.2691487073898315,101.0,f1,0.8649329132427636
Pubmed,DiffWire CT,gcn,12360,,0.8605476673427992,0.8558542609263697,0.8387423935091278,0.832869299106982,0.1770622432231903,303.0,f1,0.8558542609263697
Pubmed,DiffWire CT,gcn,12361,,0.8625760649087221,0.8582554969821,0.8443204868154158,0.8400644136171914,0.2709555923938751,95.0,f1,0.8582554969821
Pubmed,DiffWire CT,gcn,12362,,0.8516734279918864,0.8461423054699794,0.8498985801217038,0.843161719998155,0.2917823195457458,80.0,f1,0.8461423054699794
Pubmed,DiffWire CT,gcn,12363,,0.861815415821501,0.8563179298575765,0.8613083164300203,0.8557033032123303,0.2750723958015442,97.0,f1,0.8563179298575765
Pubmed,DiffWire CT,gcn,12364,,0.8595334685598377,0.8538467335891662,0.8524340770791075,0.8486494980635375,0.2703953981399536,105.0,f1,0.8538467335891662
Pubmed,DiffWire CT,gcn,12365,,0.8496450304259635,0.8447391212366835,0.8448275862068966,0.8388407995221038,0.2406399101018905,121.0,f1,0.8447391212366835
Pubmed,DiffWire CT,gcn,12366,,0.8557302231237323,0.8491102896738466,0.8585192697768763,0.853667271857025,0.2772037982940674,93.0,f1,0.8491102896738466
Pubmed,DiffWire CT,gcn,12367,,0.8582657200811359,0.8529636838785745,0.8547160243407708,0.8484791978996218,0.2980310916900635,92.0,f1,0.8529636838785745
Pubmed,DiffWire CT,gcn,12368,,0.8625760649087221,0.8588087685626391,0.8463488843813387,0.8416472577071641,0.2996059954166412,87.0,f1,0.8588087685626391
Pubmed,DiffWire CT,gcn,12369,,0.8557302231237323,0.8521186641227394,0.8605476673427992,0.856352544824715,0.3007958531379699,81.0,f1,0.8521186641227394
Pubmed,DiffWire CT,gcn,12370,,0.8544624746450304,0.8489700932302741,0.8504056795131846,0.845631888937972,0.3034621179103851,88.0,f1,0.8489700932302741
Pubmed,DiffWire CT,gcn,12371,,0.8519269776876268,0.8455165820733184,0.8623225152129818,0.8568610076807404,0.2525831162929535,115.0,f1,0.8455165820733184
Pubmed,DiffWire CT,gcn,12372,,0.845841784989858,0.8412956374375135,0.8552231237322515,0.8512024409263921,0.2666081190109253,102.0,f1,0.8412956374375135
Pubmed,DiffWire CT,gcn,12373,,0.8529411764705882,0.8491796378350368,0.8466024340770791,0.8409379365581174,0.2595954239368438,116.0,f1,0.8491796378350368
Pubmed,DiffWire CT,gcn,12374,,0.8557302231237323,0.851539520938104,0.8580121703853956,0.8521270342630057,0.2516018748283386,115.0,f1,0.851539520938104
Roman-Empire,SDRF,gcn,12345,0.0,0.400617692477388,0.3666951599975128,0.3926759320538275,0.3645400233542726,1.212430477142334,400.0,f1,0.3666951599975128
Roman-Empire,SDRF,gcn,12345,0.1,0.3750275755570262,0.3536458201173663,0.3763512022942863,0.352502742390023,1.231831192970276,399.0,f1,0.3536458201173663
Roman-Empire,SDRF,gcn,12345,0.25,0.3763512022942863,0.3423167561105497,0.3882638429296272,0.3516705616217878,1.2304848432540894,400.0,f1,0.3423167561105497
Roman-Empire,SDRF,gcn,12345,0.4,0.3759099933818663,0.3407005342933263,0.3889256562982572,0.3492922695475975,1.2357922792434692,400.0,f1,0.3407005342933263
Roman-Empire,SDRF,gcn,12345,0.55,0.3756893889256563,0.3382253876475058,0.3851753805426869,0.353015252307654,1.231019139289856,400.0,f1,0.3382253876475058
Roman-Empire,SDRF,gcn,12346,0.0,0.3946613721597176,0.3789541966116125,0.4074564306198985,0.4005484882057286,1.2055202722549438,399.0,f1,0.3789541966116125
Roman-Empire,SDRF,gcn,12346,0.1,0.3688506507831458,0.3410783298715261,0.3922347231414074,0.3819105556743311,1.225376009941101,400.0,f1,0.3410783298715261
Roman-Empire,SDRF,gcn,12346,0.25,0.3750275755570262,0.3451014675016095,0.3957643944407677,0.3700335397915984,1.2206584215164185,397.0,f1,0.3451014675016095
Roman-Empire,SDRF,gcn,12346,0.4,0.371056695345246,0.3353946745396786,0.3939995587910875,0.3684246069270614,1.2276611328125,400.0,f1,0.3353946745396786
Roman-Empire,SDRF,gcn,12346,0.55,0.3783366424001765,0.3488358016446117,0.3990734612839179,0.3699372388726568,1.2343639135360718,398.0,f1,0.3488358016446117
Roman-Empire,SDRF,gcn,12347,0.0,0.4045885726891683,0.3839821810095342,0.3957643944407677,0.3641176551252509,1.21096670627594,400.0,f1,0.3839821810095342
Roman-Empire,SDRF,gcn,12347,0.1,0.3891462607544672,0.3663799200563586,0.3829693359805868,0.3605681911426807,1.2273602485656738,396.0,f1,0.3663799200563586
Roman-Empire,SDRF,gcn,12347,0.25,0.3911317008603573,0.3618106502332868,0.3809838958746966,0.3487315281342407,1.2290583848953247,399.0,f1,0.3618106502332868
Roman-Empire,SDRF,gcn,12347,0.4,0.3871608206485771,0.3530908870518893,0.3851753805426869,0.3463032182083216,1.2347007989883425,399.0,f1,0.3530908870518893
Roman-Empire,SDRF,gcn,12347,0.55,0.3893668652106772,0.3600590026509452,0.3893668652106772,0.3581441061865351,1.2405451536178589,400.0,f1,0.3600590026509452
Roman-Empire,SDRF,gcn,12348,0.0,0.3902492830355173,0.3559041278889888,0.3990734612839179,0.3625434840477168,1.2021691799163818,397.0,f1,0.3559041278889888
Roman-Empire,SDRF,gcn,12348,0.1,0.3981910434590778,0.357055705250385,0.400617692477388,0.3563945459524771,1.229382872581482,395.0,f1,0.357055705250385
Roman-Empire,SDRF,gcn,12348,0.25,0.3931171409662475,0.345137888827119,0.3928965365100375,0.3556914239665463,1.2326161861419678,400.0,f1,0.345137888827119
Roman-Empire,SDRF,gcn,12348,0.4,0.3915729097727774,0.3520397140348146,0.386499007279947,0.3556047303202097,1.2375391721725464,400.0,f1,0.3520397140348146
Roman-Empire,SDRF,gcn,12348,0.55,0.3992940657401279,0.3611189118177048,0.3902492830355173,0.3523869193255059,1.239012360572815,400.0,f1,0.3611189118177048
Roman-Empire,SDRF,gcn,12349,0.0,0.4050297816015883,0.3849348598522263,0.3913523053165674,0.3618082578269289,1.2207688093185425,400.0,f1,0.3849348598522263
Roman-Empire,SDRF,gcn,12349,0.1,0.4087800573571586,0.3726626206545398,0.3889256562982572,0.3558425621644645,1.2339378595352173,400.0,f1,0.3726626206545398
Roman-Empire,SDRF,gcn,12349,0.25,0.3970880211780278,0.371816161601089,0.386940216192367,0.3665319502194241,1.2345523834228516,396.0,f1,0.371816161601089
Roman-Empire,SDRF,gcn,12349,0.4,0.400397088021178,0.3650733566305028,0.386278402823737,0.3545463150641759,1.2356765270233154,398.0,f1,0.3650733566305028
Roman-Empire,SDRF,gcn,12349,0.55,0.4034855504081182,0.3713141892369708,0.3801014780498566,0.3495285292966286,1.2405682802200315,400.0,f1,0.3713141892369708
Roman-Empire,SDRF,gcn,12350,0.0,0.3891462607544672,0.3713041779837023,0.3962056033531877,0.374673239040232,1.2079912424087524,400.0,f1,0.3713041779837023
Roman-Empire,SDRF,gcn,12350,0.1,0.3840723582616369,0.3587246619292531,0.385616589455107,0.358356861539248,1.2327474355697632,399.0,f1,0.3587246619292531
Roman-Empire,SDRF,gcn,12350,0.25,0.3845135671740569,0.3565739688068708,0.3973086256342378,0.3714195115875841,1.228408932685852,400.0,f1,0.3565739688068708
Roman-Empire,SDRF,gcn,12350,0.4,0.3801014780498566,0.3556019968774597,0.3840723582616369,0.3599617287283398,1.233798623085022,398.0,f1,0.3556019968774597
Roman-Empire,SDRF,gcn,12350,0.55,0.3812045003309067,0.3598146847159542,0.3902492830355173,0.3715354099458489,1.2380696535110474,397.0,f1,0.3598146847159542
Roman-Empire,SDRF,gcn,12351,0.0,0.4076770350761085,0.3850861654756121,0.4032649459519082,0.3840121261810076,1.2169113159179688,400.0,f1,0.3850861654756121
Roman-Empire,SDRF,gcn,12351,0.1,0.4026031325832782,0.3736555805642846,0.3948819766159276,0.3667618723450505,1.2319273948669434,400.0,f1,0.3736555805642846
Roman-Empire,SDRF,gcn,12351,0.25,0.3935583498786675,0.3635743411383965,0.3911317008603573,0.3656294142239554,1.2328308820724487,400.0,f1,0.3635743411383965
Roman-Empire,SDRF,gcn,12351,0.4,0.3973086256342378,0.3649601001023885,0.3891462607544672,0.3611025521269029,1.2387940883636477,398.0,f1,0.3649601001023885
Roman-Empire,SDRF,gcn,12351,0.55,0.4010589013898081,0.3682931621831368,0.385837193911317,0.3530066490441855,1.2359117269515991,400.0,f1,0.3682931621831368
Roman-Empire,SDRF,gcn,12352,0.0,0.3906904919479373,0.3626306196642874,0.3926759320538275,0.3690363951394457,1.2277095317840576,399.0,f1,0.3626306196642874
Roman-Empire,SDRF,gcn,12352,0.1,0.3842929627178469,0.3531884646869409,0.3801014780498566,0.3517931866953283,1.2411152124404907,400.0,f1,0.3531884646869409
Roman-Empire,SDRF,gcn,12352,0.25,0.385837193911317,0.3564561355660349,0.3789984557688065,0.3532503340767186,1.2408325672149658,400.0,f1,0.3564561355660349
Roman-Empire,SDRF,gcn,12352,0.4,0.386278402823737,0.3523802501452635,0.3776748290315464,0.3495032534348656,1.2433611154556274,400.0,f1,0.3523802501452635
Roman-Empire,SDRF,gcn,12352,0.55,0.3829693359805868,0.3578390333168509,0.3752481800132363,0.3596493993348892,1.2524182796478271,398.0,f1,0.3578390333168509
Roman-Empire,SDRF,gcn,12353,0.0,0.3939995587910875,0.3673196540801693,0.3946613721597176,0.3683960661986029,1.2233455181121826,398.0,f1,0.3673196540801693
Roman-Empire,SDRF,gcn,12353,0.1,0.3882638429296272,0.3535139564306264,0.3743657621883962,0.3345102437796146,1.2412604093551636,398.0,f1,0.3535139564306264
Roman-Empire,SDRF,gcn,12353,0.25,0.3838517538054268,0.3549867866892124,0.3785572468563865,0.3420457705647183,1.2370728254318235,400.0,f1,0.3549867866892124
Roman-Empire,SDRF,gcn,12353,0.4,0.3767924112067063,0.3399760779818589,0.3750275755570262,0.3373744724597491,1.2439929246902466,400.0,f1,0.3399760779818589
Roman-Empire,SDRF,gcn,12353,0.55,0.3805426869622766,0.3425658130865257,0.371497904257666,0.3408013880980338,1.2405648231506348,400.0,f1,0.3425658130865257
Roman-Empire,SDRF,gcn,12354,0.0,0.3962056033531877,0.3636709587062269,0.3917935142289874,0.3547291638815167,1.2356001138687134,399.0,f1,0.3636709587062269
Roman-Empire,SDRF,gcn,12354,0.1,0.3915729097727774,0.3725368802068354,0.372600926538716,0.3566868442698194,1.244450926780701,395.0,f1,0.3725368802068354
Roman-Empire,SDRF,gcn,12354,0.25,0.3876020295609971,0.3620844649815992,0.3695124641517758,0.3507411878893026,1.2389380931854248,400.0,f1,0.3620844649815992
Roman-Empire,SDRF,gcn,12354,0.4,0.3750275755570262,0.3467705380544725,0.3778954334877564,0.3481911690351207,1.2424160242080688,400.0,f1,0.3467705380544725
Roman-Empire,SDRF,gcn,12354,0.55,0.3816457092433267,0.3562079316412764,0.3882638429296272,0.3629321156564713,1.2444188594818115,400.0,f1,0.3562079316412764
Roman-Empire,SDRF,gcn,12355,0.0,0.3898080741230972,0.3611995717949122,0.3902492830355173,0.3606810554620401,1.2220944166183472,400.0,f1,0.3611995717949122
Roman-Empire,SDRF,gcn,12355,0.1,0.3772336201191264,0.3608048454926446,0.3781160379439665,0.3516317148703842,1.2446542978286743,400.0,f1,0.3608048454926446
Roman-Empire,SDRF,gcn,12355,0.25,0.3681888374145157,0.3512200820391191,0.3781160379439665,0.3490291687402642,1.2452280521392822,400.0,f1,0.3512200820391191
Roman-Empire,SDRF,gcn,12355,0.4,0.3759099933818663,0.3510092019102258,0.3737039488197661,0.3438493620000502,1.2489027976989746,400.0,f1,0.3510092019102258
Roman-Empire,SDRF,gcn,12355,0.55,0.3748069711008162,0.3602437395121319,0.3763512022942863,0.3525116349318893,1.243591547012329,399.0,f1,0.3602437395121319
Roman-Empire,SDRF,gcn,12356,0.0,0.3962056033531877,0.3653816294667071,0.400176483564968,0.3652310854184958,1.2210384607315063,400.0,f1,0.3653816294667071
Roman-Empire,SDRF,gcn,12356,0.1,0.3906904919479373,0.3705065506541985,0.3962056033531877,0.3684311240449314,1.246275782585144,400.0,f1,0.3705065506541985
Roman-Empire,SDRF,gcn,12356,0.25,0.3913523053165674,0.3661848734720557,0.3911317008603573,0.3595215386723563,1.248328447341919,399.0,f1,0.3661848734720557
Roman-Empire,SDRF,gcn,12356,0.4,0.3807632914184866,0.3501947575483894,0.3904698874917273,0.3563912618950786,1.2531830072402954,399.0,f1,0.3501947575483894
Roman-Empire,SDRF,gcn,12356,0.55,0.386278402823737,0.3498548526255561,0.3902492830355173,0.3547324813677098,1.2527316808700562,400.0,f1,0.3498548526255561
Roman-Empire,SDRF,gcn,12357,0.0,0.3966468122656078,0.3702239638979492,0.3823075226119568,0.3447743867217145,1.2247962951660156,393.0,f1,0.3702239638979492
Roman-Empire,SDRF,gcn,12357,0.1,0.3924553275976175,0.354609791784103,0.3805426869622766,0.3326264099925489,1.2387654781341553,400.0,f1,0.354609791784103
Roman-Empire,SDRF,gcn,12357,0.25,0.386719611736157,0.3538222184852745,0.3803220825060666,0.3329632849674491,1.238475322723389,400.0,f1,0.3538222184852745
Roman-Empire,SDRF,gcn,12357,0.4,0.3900286785793073,0.3544506046997071,0.3778954334877564,0.329449971410829,1.245485782623291,397.0,f1,0.3544506046997071
Roman-Empire,SDRF,gcn,12357,0.55,0.3953231855283476,0.3660799189706136,0.3882638429296272,0.3531404427726405,1.246021389961243,398.0,f1,0.3660799189706136
Roman-Empire,SDRF,gcn,12358,0.0,0.3847341716302669,0.3622168658386005,0.3876020295609971,0.3611589744293768,1.2293158769607544,400.0,f1,0.3622168658386005
Roman-Empire,SDRF,gcn,12358,0.1,0.371497904257666,0.3481887946063794,0.3761305978380763,0.3466614566358074,1.2432326078414917,400.0,f1,0.3481887946063794
Roman-Empire,SDRF,gcn,12358,0.25,0.3750275755570262,0.3553532864517685,0.3787778513125965,0.360777258708045,1.2493711709976196,400.0,f1,0.3553532864517685
Roman-Empire,SDRF,gcn,12358,0.4,0.3789984557688065,0.3604196899710933,0.3829693359805868,0.3554384830418413,1.2520201206207275,400.0,f1,0.3604196899710933
Roman-Empire,SDRF,gcn,12358,0.55,0.3708360908890359,0.3510549276539005,0.3690712552393558,0.3505141372231751,1.255823016166687,395.0,f1,0.3510549276539005
Roman-Empire,SDRF,gcn,12359,0.0,0.4028237370394882,0.3643019390711386,0.4098830796382087,0.3910043116132208,1.2203493118286133,399.0,f1,0.3643019390711386
Roman-Empire,SDRF,gcn,12359,0.1,0.4048091771453783,0.3585766261668517,0.3988528568277079,0.3749256112439669,1.2331959009170532,394.0,f1,0.3585766261668517
Roman-Empire,SDRF,gcn,12359,0.25,0.4043679682329583,0.3666173080853366,0.4026031325832782,0.3791801183620437,1.2389378547668457,389.0,f1,0.3666173080853366
Roman-Empire,SDRF,gcn,12359,0.4,0.3900286785793073,0.3531283606420662,0.3988528568277079,0.3785667739138402,1.2393467426300049,399.0,f1,0.3531283606420662
Roman-Empire,SDRF,gcn,12359,0.55,0.3915729097727774,0.3499705104558293,0.4032649459519082,0.389228264057923,1.236838698387146,400.0,f1,0.3499705104558293
Roman-Empire,SDRF,gcn,12360,0.0,0.3992940657401279,0.3757310353285806,0.401279505846018,0.3721705506709698,1.2303798198699951,400.0,f1,0.3757310353285806
Roman-Empire,SDRF,gcn,12360,0.1,0.3889256562982572,0.3471099069947201,0.3957643944407677,0.3586418816950301,1.246712565422058,400.0,f1,0.3471099069947201
Roman-Empire,SDRF,gcn,12360,0.25,0.3906904919479373,0.3633897196533832,0.3937789543348776,0.36655824749972,1.2471412420272827,400.0,f1,0.3633897196533832
Roman-Empire,SDRF,gcn,12360,0.4,0.3838517538054268,0.3603966002916802,0.3955437899845577,0.365195016592399,1.2509996891021729,399.0,f1,0.3603966002916802
Roman-Empire,SDRF,gcn,12360,0.55,0.3955437899845577,0.3715691235618402,0.3966468122656078,0.3630079450121304,1.2478631734848022,399.0,f1,0.3715691235618402
Roman-Empire,SDRF,gcn,12361,0.0,0.3818663136995367,0.359616837531372,0.3900286785793073,0.3636499655475678,1.2116074562072754,400.0,f1,0.359616837531372
Roman-Empire,SDRF,gcn,12361,0.1,0.3673064195896757,0.3360255444825912,0.3670858151334657,0.3341201021594517,1.226659059524536,400.0,f1,0.3360255444825912
Roman-Empire,SDRF,gcn,12361,0.25,0.3675270240458857,0.3463961211117859,0.3706154864328259,0.3412081864479322,1.2285856008529663,399.0,f1,0.3463961211117859
Roman-Empire,SDRF,gcn,12361,0.4,0.3697330686079859,0.3438503672992967,0.372600926538716,0.3383664384006027,1.2339894771575928,400.0,f1,0.3438503672992967
Roman-Empire,SDRF,gcn,12361,0.55,0.3741451577321862,0.3411148066053688,0.3750275755570262,0.3370304421421727,1.2333801984786987,400.0,f1,0.3411148066053688
Roman-Empire,SDRF,gcn,12362,0.0,0.3831899404367968,0.3516121018185614,0.4074564306198985,0.3796719946604468,1.2230976819992063,400.0,f1,0.3516121018185614
Roman-Empire,SDRF,gcn,12362,0.1,0.3765718067504963,0.3357669661390096,0.3951025810721376,0.3520451040674798,1.2395081520080566,400.0,f1,0.3357669661390096
Roman-Empire,SDRF,gcn,12362,0.25,0.3699536730641959,0.3503231732143933,0.3988528568277079,0.3694090201042674,1.241481065750122,400.0,f1,0.3503231732143933
Roman-Empire,SDRF,gcn,12362,0.4,0.3732627399073461,0.3406320947327712,0.3944407677035076,0.3646910986894836,1.236367106437683,399.0,f1,0.3406320947327712
Roman-Empire,SDRF,gcn,12362,0.55,0.3728215309949261,0.346215116916175,0.3957643944407677,0.3572576187188222,1.2396725416183472,399.0,f1,0.346215116916175
Roman-Empire,SDRF,gcn,12363,0.0,0.400176483564968,0.3690827334387185,0.3959849988969777,0.3669477170994139,1.210296630859375,400.0,f1,0.3690827334387185
Roman-Empire,SDRF,gcn,12363,0.1,0.386719611736157,0.3556315946359911,0.3831899404367968,0.352697800806121,1.2222850322723389,400.0,f1,0.3556315946359911
Roman-Empire,SDRF,gcn,12363,0.25,0.3803220825060666,0.3564274005324488,0.3739245532759762,0.3522885922298131,1.2145192623138428,396.0,f1,0.3564274005324488
Roman-Empire,SDRF,gcn,12363,0.4,0.3873814251047871,0.3563073767447624,0.3820869181557467,0.3436366882066757,1.2294849157333374,398.0,f1,0.3563073767447624
Roman-Empire,SDRF,gcn,12363,0.55,0.3785572468563865,0.3514811094518656,0.3845135671740569,0.349062602978339,1.228343844413757,400.0,f1,0.3514811094518656
Roman-Empire,SDRF,gcn,12364,0.0,0.3957643944407677,0.3686274709534651,0.3970880211780278,0.3756026325936519,1.2208069562911987,398.0,f1,0.3686274709534651
Roman-Empire,SDRF,gcn,12364,0.1,0.3955437899845577,0.3586279247662024,0.3904698874917273,0.3550513310237531,1.231910228729248,400.0,f1,0.3586279247662024
Roman-Empire,SDRF,gcn,12364,0.25,0.3935583498786675,0.3551384487163702,0.3935583498786675,0.3629139207092205,1.2325375080108645,400.0,f1,0.3551384487163702
Roman-Empire,SDRF,gcn,12364,0.4,0.385616589455107,0.3629269925918045,0.3906904919479373,0.3705243131992972,1.239985108375549,400.0,f1,0.3629269925918045
Roman-Empire,SDRF,gcn,12364,0.55,0.386499007279947,0.3420093921931667,0.3816457092433267,0.344520370778054,1.232611894607544,399.0,f1,0.3420093921931667
Roman-Empire,SDRF,gcn,12365,0.0,0.3935583498786675,0.3661038366360004,0.3838517538054268,0.3556696071355761,1.2218528985977173,400.0,f1,0.3661038366360004
Roman-Empire,SDRF,gcn,12365,0.1,0.3922347231414074,0.3555167961041415,0.3906904919479373,0.34726176674707,1.2376221418380735,400.0,f1,0.3555167961041415
Roman-Empire,SDRF,gcn,12365,0.25,0.3911317008603573,0.353240289595327,0.3842929627178469,0.345314769904833,1.2349562644958496,400.0,f1,0.353240289595327
Roman-Empire,SDRF,gcn,12365,0.4,0.386057798367527,0.3616104411507667,0.3761305978380763,0.3546101105769121,1.237842679023743,395.0,f1,0.3616104411507667
Roman-Empire,SDRF,gcn,12365,0.55,0.3898080741230972,0.3532877364473365,0.3838517538054268,0.337403099088047,1.2365567684173584,398.0,f1,0.3532877364473365
Roman-Empire,SDRF,gcn,12366,0.0,0.3984116479152879,0.3677170253628892,0.3946613721597176,0.3732305560551353,1.1905767917633057,398.0,f1,0.3677170253628892
Roman-Empire,SDRF,gcn,12366,0.1,0.385616589455107,0.3552380783468083,0.3902492830355173,0.3682781140824573,1.212852954864502,399.0,f1,0.3552380783468083
Roman-Empire,SDRF,gcn,12366,0.25,0.3948819766159276,0.3642213559440244,0.3884844473858372,0.3679859500356464,1.2139512300491333,399.0,f1,0.3642213559440244
Roman-Empire,SDRF,gcn,12366,0.4,0.3805426869622766,0.3569726314276971,0.3703948819766159,0.3568240649727295,1.2159520387649536,396.0,f1,0.3569726314276971
Roman-Empire,SDRF,gcn,12366,0.55,0.3789984557688065,0.3632655242595211,0.3564968012353849,0.3563714737240124,1.2108473777770996,393.0,f1,0.3632655242595211
Roman-Empire,SDRF,gcn,12367,0.0,0.3988528568277079,0.3841883983518049,0.3970880211780278,0.3752139882163309,1.2200613021850586,398.0,f1,0.3841883983518049
Roman-Empire,SDRF,gcn,12367,0.1,0.3891462607544672,0.3578504515795346,0.3756893889256563,0.3420418969446339,1.2422324419021606,400.0,f1,0.3578504515795346
Roman-Empire,SDRF,gcn,12367,0.25,0.3851753805426869,0.3580196833103459,0.3851753805426869,0.3494472306742783,1.2421883344650269,400.0,f1,0.3580196833103459
Roman-Empire,SDRF,gcn,12367,0.4,0.3812045003309067,0.3460461158399813,0.385395984998897,0.343676366890755,1.246484637260437,400.0,f1,0.3460461158399813
Roman-Empire,SDRF,gcn,12367,0.55,0.3812045003309067,0.3538065250261544,0.3818663136995367,0.3458997531260368,1.235849142074585,397.0,f1,0.3538065250261544
Roman-Empire,SDRF,gcn,12368,0.0,0.4173836311493492,0.3859728041787707,0.4037061548643282,0.3662608434208168,1.2086215019226074,397.0,f1,0.3859728041787707
Roman-Empire,SDRF,gcn,12368,0.1,0.3915729097727774,0.3656961491554005,0.3834105448930068,0.3568238884809529,1.225017547607422,400.0,f1,0.3656961491554005
Roman-Empire,SDRF,gcn,12368,0.25,0.4034855504081182,0.3694704089101334,0.3880432384734171,0.3440096840598461,1.2339400053024292,396.0,f1,0.3694704089101334
Roman-Empire,SDRF,gcn,12368,0.4,0.3966468122656078,0.3681083516192043,0.3789984557688065,0.343965479371392,1.2302210330963137,400.0,f1,0.3681083516192043
Roman-Empire,SDRF,gcn,12368,0.55,0.3898080741230972,0.3643117580942692,0.3814251047871167,0.3493153777338293,1.234675645828247,400.0,f1,0.3643117580942692
Roman-Empire,SDRF,gcn,12369,0.0,0.4059121994264284,0.3666819876937778,0.3973086256342378,0.3685255837582547,1.219684362411499,394.0,f1,0.3666819876937778
Roman-Empire,SDRF,gcn,12369,0.1,0.3814251047871167,0.3435600477669399,0.3825281270681668,0.3551631367819516,1.228788137435913,400.0,f1,0.3435600477669399
Roman-Empire,SDRF,gcn,12369,0.25,0.3838517538054268,0.3528125638995703,0.386278402823737,0.3579547405454454,1.233217716217041,399.0,f1,0.3528125638995703
Roman-Empire,SDRF,gcn,12369,0.4,0.3893668652106772,0.3493938947724365,0.3920141186851974,0.3514767563606412,1.2368780374526978,400.0,f1,0.3493938947724365
Roman-Empire,SDRF,gcn,12369,0.55,0.3805426869622766,0.3433264259971153,0.3805426869622766,0.3465042055807123,1.2372112274169922,399.0,f1,0.3433264259971153
Roman-Empire,SDRF,gcn,12370,0.0,0.3984116479152879,0.3671307474938137,0.4052503860577984,0.3708185009471694,1.2345530986785889,398.0,f1,0.3671307474938137
Roman-Empire,SDRF,gcn,12370,0.1,0.3690712552393558,0.3371753784004643,0.3933377454224575,0.3565003752111716,1.2421320676803589,397.0,f1,0.3371753784004643
Roman-Empire,SDRF,gcn,12370,0.25,0.3794396646812266,0.3475535808291676,0.3951025810721376,0.3578112481779997,1.249954342842102,400.0,f1,0.3475535808291676
Roman-Empire,SDRF,gcn,12370,0.4,0.3765718067504963,0.3462239866275646,0.3884844473858372,0.3515291163275835,1.2497968673706057,399.0,f1,0.3462239866275646
Roman-Empire,SDRF,gcn,12370,0.55,0.3734833443635561,0.346482442568768,0.3968674167218178,0.3624033395148522,1.2545043230056765,400.0,f1,0.346482442568768
Roman-Empire,SDRF,gcn,12371,0.0,0.3820869181557467,0.3384529540098105,0.4074564306198985,0.3686675353684119,1.238714337348938,400.0,f1,0.3384529540098105
Roman-Empire,SDRF,gcn,12371,0.1,0.3679682329583058,0.3278886182427658,0.3928965365100375,0.363313008153036,1.253833889961243,400.0,f1,0.3278886182427658
Roman-Empire,SDRF,gcn,12371,0.25,0.3695124641517758,0.3392583928703978,0.3849547760864769,0.3598002702794769,1.255388617515564,398.0,f1,0.3392583928703978
Roman-Empire,SDRF,gcn,12371,0.4,0.3644385616589455,0.3252990497910633,0.3922347231414074,0.3545836586692612,1.268306851387024,399.0,f1,0.3252990497910633
Roman-Empire,SDRF,gcn,12371,0.55,0.3644385616589455,0.331242696856773,0.3803220825060666,0.351089609413729,1.2656689882278442,400.0,f1,0.331242696856773
Roman-Empire,SDRF,gcn,12372,0.0,0.3968674167218178,0.3757099618752638,0.3836311493492168,0.3660803224644503,1.2199066877365112,400.0,f1,0.3757099618752638
Roman-Empire,SDRF,gcn,12372,0.1,0.3836311493492168,0.3716875524990687,0.3657621883962056,0.3397705597421946,1.2299305200576782,399.0,f1,0.3716875524990687
Roman-Empire,SDRF,gcn,12372,0.25,0.3829693359805868,0.3694267183973311,0.3639973527465255,0.333719185966689,1.245681881904602,398.0,f1,0.3694267183973311
Roman-Empire,SDRF,gcn,12372,0.4,0.3816457092433267,0.3617168522986581,0.3677476285020957,0.3384021315726475,1.2414100170135498,400.0,f1,0.3617168522986581
Roman-Empire,SDRF,gcn,12372,0.55,0.3880432384734171,0.3737856140636519,0.3690712552393558,0.3393719766018878,1.2495521306991575,394.0,f1,0.3737856140636519
Roman-Empire,SDRF,gcn,12373,0.0,0.3922347231414074,0.3627458338702594,0.3937789543348776,0.36690283943322,1.2139124870300293,400.0,f1,0.3627458338702594
Roman-Empire,SDRF,gcn,12373,0.1,0.3798808735936466,0.3546323708737954,0.3809838958746966,0.3664463440403949,1.2390415668487549,399.0,f1,0.3546323708737954
Roman-Empire,SDRF,gcn,12373,0.25,0.3743657621883962,0.3462985861163177,0.3840723582616369,0.3582567024269999,1.2364333868026731,400.0,f1,0.3462985861163177
Roman-Empire,SDRF,gcn,12373,0.4,0.3794396646812266,0.3546901306962854,0.386057798367527,0.365720429419805,1.2498732805252075,393.0,f1,0.3546901306962854
Roman-Empire,SDRF,gcn,12373,0.55,0.3767924112067063,0.3445505884602293,0.3842929627178469,0.3623257517129781,1.2384930849075315,400.0,f1,0.3445505884602293
Roman-Empire,SDRF,gcn,12374,0.0,0.3939995587910875,0.3789925807958425,0.400838296933598,0.3738586205716439,1.2202118635177612,400.0,f1,0.3789925807958425
Roman-Empire,SDRF,gcn,12374,0.1,0.3893668652106772,0.3602004169987137,0.3957643944407677,0.360022582204585,1.2402535676956177,398.0,f1,0.3602004169987137
Roman-Empire,SDRF,gcn,12374,0.25,0.3884844473858372,0.3616827305603072,0.3968674167218178,0.357747747807148,1.238843321800232,399.0,f1,0.3616827305603072
Roman-Empire,SDRF,gcn,12374,0.4,0.3924553275976175,0.3695265206776372,0.3944407677035076,0.3599184170819672,1.2458114624023438,400.0,f1,0.3695265206776372
Roman-Empire,SDRF,gcn,12374,0.55,0.3882638429296272,0.3661556215571082,0.400397088021178,0.3641255693203779,1.2381466627120972,395.0,f1,0.3661556215571082
Roman-Empire,SDRF,sage,12345,0.0,0.8354290756673285,0.7987391315686716,0.8345466578424884,0.7970156428641636,0.0471062436699867,400.0,f1,0.7987391315686716
Roman-Empire,SDRF,sage,12345,0.1,0.8347672622986985,0.7975388024517498,0.8316787999117582,0.797021635392595,0.049908097833395,400.0,f1,0.7975388024517498
Roman-Empire,SDRF,sage,12345,0.25,0.8354290756673285,0.799765467523831,0.8327818221928083,0.7958118770521198,0.0511028282344341,398.0,f1,0.799765467523831
Roman-Empire,SDRF,sage,12345,0.4,0.8338848444738584,0.7958700491290457,0.8307963820869182,0.793165374782607,0.0498660802841186,400.0,f1,0.7958700491290457
Roman-Empire,SDRF,sage,12345,0.55,0.8354290756673285,0.7969789766112251,0.8303551731744981,0.7910699004946071,0.05104336515069,400.0,f1,0.7969789766112251
Roman-Empire,SDRF,sage,12346,0.0,0.8310169865431282,0.7860979209472082,0.843591440547099,0.8079866672753572,0.0489042289555072,399.0,f1,0.7860979209472082
Roman-Empire,SDRF,sage,12346,0.1,0.8296933598058681,0.786375008210206,0.8438120450033091,0.8086210608590281,0.04836006462574,400.0,f1,0.786375008210206
Roman-Empire,SDRF,sage,12346,0.25,0.8296933598058681,0.7847394290371581,0.8407235826163688,0.8056853083777695,0.0477999709546566,400.0,f1,0.7847394290371581
Roman-Empire,SDRF,sage,12346,0.4,0.8305757776307081,0.7884768223275229,0.8398411647915288,0.8048049841085619,0.0484267361462116,398.0,f1,0.7884768223275229
Roman-Empire,SDRF,sage,12346,0.55,0.828369733068608,0.7873322910188232,0.8336642400176484,0.7969825150412577,0.0480914860963821,391.0,f1,0.7873322910188232
Roman-Empire,SDRF,sage,12347,0.0,0.8352084712111185,0.7938652123273009,0.8347672622986985,0.7854610378127478,0.050565879791975,394.0,f1,0.7938652123273009
Roman-Empire,SDRF,sage,12347,0.1,0.8330024266490184,0.787678393845619,0.8292521508934481,0.7777171222297183,0.0492301955819129,399.0,f1,0.787678393845619
Roman-Empire,SDRF,sage,12347,0.25,0.8314581954555482,0.7855045386515415,0.829472755349658,0.7770537726319415,0.0501640886068344,400.0,f1,0.7855045386515415
Roman-Empire,SDRF,sage,12347,0.4,0.8314581954555482,0.7861459331458546,0.828149128612398,0.7724869203633614,0.0513004064559936,398.0,f1,0.7861459331458546
Roman-Empire,SDRF,sage,12347,0.55,0.8325612177365983,0.7890807469001202,0.8261636885065078,0.7768158582532991,0.0497725792229175,396.0,f1,0.7890807469001202
Roman-Empire,SDRF,sage,12348,0.0,0.8312375909993381,0.7917616519747555,0.8255018751378778,0.7774701726082536,0.0477324016392231,397.0,f1,0.7917616519747555
Roman-Empire,SDRF,sage,12348,0.1,0.8310169865431282,0.7884959558038607,0.8232958305757776,0.777072967328564,0.0476741641759872,395.0,f1,0.7884959558038607
Roman-Empire,SDRF,sage,12348,0.25,0.8277079196999779,0.7861087246345785,0.8255018751378778,0.7768409591757953,0.0471152290701866,400.0,f1,0.7861087246345785
Roman-Empire,SDRF,sage,12348,0.4,0.8259430840502978,0.7820659821510708,0.8235164350319877,0.7758171263099107,0.0458339937031269,400.0,f1,0.7820659821510708
Roman-Empire,SDRF,sage,12348,0.55,0.828369733068608,0.7875651801147731,0.8235164350319877,0.7760571796517998,0.0483503974974155,398.0,f1,0.7875651801147731
Roman-Empire,SDRF,sage,12349,0.0,0.8345466578424884,0.7970662404485156,0.828149128612398,0.785519091804739,0.0481279417872428,400.0,f1,0.7970662404485156
Roman-Empire,SDRF,sage,12349,0.1,0.8321200088241782,0.7967474927597675,0.8241782484006177,0.7762334072094457,0.0479134880006313,400.0,f1,0.7967474927597675
Roman-Empire,SDRF,sage,12349,0.25,0.8305757776307081,0.7956358064022573,0.8259430840502978,0.7800836974908923,0.0504344180226326,396.0,f1,0.7956358064022573
Roman-Empire,SDRF,sage,12349,0.4,0.8270461063313479,0.7876636070259737,0.8237370394881977,0.7805489760474238,0.052010703831911,398.0,f1,0.7876636070259737
Roman-Empire,SDRF,sage,12349,0.55,0.8307963820869182,0.7957398318749812,0.8259430840502978,0.7827845884400044,0.0473764315247535,399.0,f1,0.7957398318749812
Roman-Empire,SDRF,sage,12350,0.0,0.8263842929627179,0.7819649173510522,0.8341054489300684,0.7944048953650282,0.0512612201273441,400.0,f1,0.7819649173510522
Roman-Empire,SDRF,sage,12350,0.1,0.8191043459077874,0.7725826485001951,0.827928524156188,0.7882598359423736,0.0516740083694458,400.0,f1,0.7725826485001951
Roman-Empire,SDRF,sage,12350,0.25,0.8188837414515773,0.7742488646543119,0.827928524156188,0.7851235440443833,0.0495134629309177,392.0,f1,0.7742488646543119
Roman-Empire,SDRF,sage,12350,0.4,0.8199867637326274,0.7759004582264756,0.8268255018751379,0.7836472141590904,0.0518788807094097,400.0,f1,0.7759004582264756
Roman-Empire,SDRF,sage,12350,0.55,0.8208691815574675,0.7784464180337638,0.8248400617692477,0.7823958320787132,0.047124583274126,387.0,f1,0.7784464180337638
Roman-Empire,SDRF,sage,12351,0.0,0.829472755349658,0.7947170347296674,0.8343260533862784,0.7967654922743798,0.0483058243989944,400.0,f1,0.7947170347296674
Roman-Empire,SDRF,sage,12351,0.1,0.8299139642620781,0.7929002202932426,0.8259430840502978,0.7841311524274119,0.0512415170669555,400.0,f1,0.7929002202932426
Roman-Empire,SDRF,sage,12351,0.25,0.827487315243768,0.7989964974962495,0.8235164350319877,0.7896048459242972,0.0489843636751174,388.0,f1,0.7989964974962495
Roman-Empire,SDRF,sage,12351,0.4,0.8257224795940878,0.7910673540644511,0.8221928082947275,0.7807942591349752,0.0522282719612121,395.0,f1,0.7910673540644511
Roman-Empire,SDRF,sage,12351,0.55,0.8277079196999779,0.7940431818532683,0.8252812706816678,0.7849989611821866,0.0498453564941883,400.0,f1,0.7940431818532683
Roman-Empire,SDRF,sage,12352,0.0,0.8325612177365983,0.797020235084142,0.8321200088241782,0.7900806603354102,0.0502776019275188,400.0,f1,0.797020235084142
Roman-Empire,SDRF,sage,12352,0.1,0.8301345687182881,0.7927025417654566,0.8336642400176484,0.7916269830995195,0.0504451356828212,393.0,f1,0.7927025417654566
Roman-Empire,SDRF,sage,12352,0.25,0.8307963820869182,0.7933969575080044,0.8330024266490184,0.7912743205590302,0.0508195459842681,399.0,f1,0.7933969575080044
Roman-Empire,SDRF,sage,12352,0.4,0.8318994043679683,0.7952067272833023,0.8307963820869182,0.7882918222928734,0.051224909722805,400.0,f1,0.7952067272833023
Roman-Empire,SDRF,sage,12352,0.55,0.8312375909993381,0.793592137183577,0.8360908890359585,0.7970624013587196,0.0508478619158268,400.0,f1,0.793592137183577
Roman-Empire,SDRF,sage,12353,0.0,0.842047209353629,0.796283931689555,0.8334436355614383,0.7921672703901753,0.0469292290508747,399.0,f1,0.796283931689555
Roman-Empire,SDRF,sage,12353,0.1,0.8402823737039489,0.7939403814673006,0.8296933598058681,0.7883272637333465,0.0496929064393043,399.0,f1,0.7939403814673006
Roman-Empire,SDRF,sage,12353,0.25,0.8380763291418487,0.7884111780252443,0.828149128612398,0.7867693139327466,0.0514862202107906,400.0,f1,0.7884111780252443
Roman-Empire,SDRF,sage,12353,0.4,0.8327818221928083,0.786611868740026,0.827487315243768,0.7863591563201378,0.0528081469237804,398.0,f1,0.786611868740026
Roman-Empire,SDRF,sage,12353,0.55,0.8316787999117582,0.7826101278128417,0.827928524156188,0.785815050792456,0.0572010912001132,398.0,f1,0.7826101278128417
Roman-Empire,SDRF,sage,12354,0.0,0.8217515993823076,0.7814033222122827,0.8296933598058681,0.7886803482847682,0.0501325838267803,390.0,f1,0.7814033222122827
Roman-Empire,SDRF,sage,12354,0.1,0.814030443414957,0.7650995665114724,0.8312375909993381,0.7919734432942747,0.0476748459041118,400.0,f1,0.7650995665114724
Roman-Empire,SDRF,sage,12354,0.25,0.8162364879770572,0.7714748170316763,0.827928524156188,0.7884299794131202,0.0480801537632942,394.0,f1,0.7714748170316763
Roman-Empire,SDRF,sage,12354,0.4,0.8162364879770572,0.7696323860794778,0.8303551731744981,0.7945764013242295,0.0464968420565128,398.0,f1,0.7696323860794778
Roman-Empire,SDRF,sage,12354,0.55,0.814030443414957,0.7665514641551662,0.8243988528568277,0.7870107869926385,0.0476197265088558,400.0,f1,0.7665514641551662
Roman-Empire,SDRF,sage,12355,0.0,0.8312375909993381,0.7968135155696955,0.8208691815574675,0.7789775883496178,0.0470890142023563,400.0,f1,0.7968135155696955
Roman-Empire,SDRF,sage,12355,0.1,0.8303551731744981,0.7914948854778217,0.8224134127509376,0.7808012525140738,0.0504736006259918,400.0,f1,0.7914948854778217
Roman-Empire,SDRF,sage,12355,0.25,0.8310169865431282,0.7931086651796198,0.8164570924332671,0.770989038821845,0.0531844235956668,395.0,f1,0.7931086651796198
Roman-Empire,SDRF,sage,12355,0.4,0.8345466578424884,0.7981864250427656,0.8182219280829472,0.7751627839426563,0.0496439076960086,400.0,f1,0.7981864250427656
Roman-Empire,SDRF,sage,12355,0.55,0.8334436355614383,0.7971979472538578,0.8195455548202074,0.7743408693832985,0.0495578572154045,395.0,f1,0.7971979472538578
Roman-Empire,SDRF,sage,12356,0.0,0.8369733068607986,0.7949490737920688,0.8334436355614383,0.7906564252823419,0.0460784770548343,400.0,f1,0.7949490737920688
Roman-Empire,SDRF,sage,12356,0.1,0.842267813809839,0.8021616684579801,0.8270461063313479,0.7829461714510395,0.0502344667911529,399.0,f1,0.8021616684579801
Roman-Empire,SDRF,sage,12356,0.25,0.8380763291418487,0.7994600096759747,0.828590337524818,0.7798064362794465,0.0495437160134315,397.0,f1,0.7994600096759747
Roman-Empire,SDRF,sage,12356,0.4,0.8416060004412089,0.803711016051635,0.8243988528568277,0.7746385274839914,0.050556480884552,397.0,f1,0.803711016051635
Roman-Empire,SDRF,sage,12356,0.55,0.8409441870725789,0.8009113421256432,0.8268255018751379,0.7768507298554526,0.0468696542084217,398.0,f1,0.8009113421256432
Roman-Empire,SDRF,sage,12357,0.0,0.8367527024045885,0.7965931778212118,0.8312375909993381,0.7860375374170799,0.0500251427292823,399.0,f1,0.7965931778212118
Roman-Empire,SDRF,sage,12357,0.1,0.8334436355614383,0.795691387235807,0.828369733068608,0.7836081377610176,0.04714160785079,400.0,f1,0.795691387235807
Roman-Empire,SDRF,sage,12357,0.25,0.8347672622986985,0.7920896009820536,0.8310169865431282,0.7881024739092299,0.0520156733691692,398.0,f1,0.7920896009820536
Roman-Empire,SDRF,sage,12357,0.4,0.8345466578424884,0.7965083268453992,0.8266048974189278,0.7847155750296126,0.0497204437851905,392.0,f1,0.7965083268453992
Roman-Empire,SDRF,sage,12357,0.55,0.8338848444738584,0.7953060360850767,0.8270461063313479,0.7840382280084377,0.0507944226264953,400.0,f1,0.7953060360850767
Roman-Empire,SDRF,sage,12358,0.0,0.8325612177365983,0.7917850631285863,0.8354290756673285,0.8026573358781491,0.0496005155146122,400.0,f1,0.7917850631285863
Roman-Empire,SDRF,sage,12358,0.1,0.828590337524818,0.786996279808275,0.8277079196999779,0.7893066220942528,0.0484190918505191,394.0,f1,0.786996279808275
Roman-Empire,SDRF,sage,12358,0.25,0.8292521508934481,0.7839472594724111,0.8296933598058681,0.7929467498938141,0.0508389957249164,399.0,f1,0.7839472594724111
Roman-Empire,SDRF,sage,12358,0.4,0.8312375909993381,0.7865285221002529,0.8316787999117582,0.7955118947610089,0.0504307076334953,399.0,f1,0.7865285221002529
Roman-Empire,SDRF,sage,12358,0.55,0.8235164350319877,0.7771113508931516,0.828369733068608,0.7877734900029042,0.0526866316795349,397.0,f1,0.7771113508931516
Roman-Empire,SDRF,sage,12359,0.0,0.8334436355614383,0.796045444730673,0.8363114934921685,0.8002007044842381,0.0476666130125522,396.0,f1,0.796045444730673
Roman-Empire,SDRF,sage,12359,0.1,0.8261636885065078,0.7891763280677703,0.8336642400176484,0.7971614433969078,0.0499853603541851,399.0,f1,0.7891763280677703
Roman-Empire,SDRF,sage,12359,0.25,0.8290315464372381,0.7910085308075743,0.8270461063313479,0.7861944425558582,0.0484706349670887,391.0,f1,0.7910085308075743
Roman-Empire,SDRF,sage,12359,0.4,0.827487315243768,0.7905457759400457,0.827487315243768,0.7901816916922554,0.0533468797802925,398.0,f1,0.7905457759400457
Roman-Empire,SDRF,sage,12359,0.55,0.8259430840502978,0.7900856380633622,0.8292521508934481,0.7908217428788922,0.049395740032196,400.0,f1,0.7900856380633622
Roman-Empire,SDRF,sage,12360,0.0,0.8455768806529892,0.8154829636412079,0.8310169865431282,0.7908982343891999,0.0496953651309013,400.0,f1,0.8154829636412079
Roman-Empire,SDRF,sage,12360,0.1,0.8360908890359585,0.8032831125750425,0.8292521508934481,0.7854259448810341,0.0475418046116828,397.0,f1,0.8032831125750425
Roman-Empire,SDRF,sage,12360,0.25,0.8363114934921685,0.8047647709032826,0.8243988528568277,0.7796224302001717,0.051580723375082,396.0,f1,0.8047647709032826
Roman-Empire,SDRF,sage,12360,0.4,0.8360908890359585,0.8055955419032013,0.8255018751378778,0.7829050310188019,0.0507493764162063,400.0,f1,0.8055955419032013
Roman-Empire,SDRF,sage,12360,0.55,0.8374145157732186,0.8063447001659266,0.828369733068608,0.7858962863173754,0.0527267791330814,399.0,f1,0.8063447001659266
Roman-Empire,SDRF,sage,12361,0.0,0.8332230311052283,0.7942030788164283,0.8239576439444076,0.7838224432384678,0.0480156131088733,393.0,f1,0.7942030788164283
Roman-Empire,SDRF,sage,12361,0.1,0.8312375909993381,0.788481606077397,0.8191043459077874,0.7778654296818848,0.0506276115775108,396.0,f1,0.788481606077397
Roman-Empire,SDRF,sage,12361,0.25,0.8292521508934481,0.7837299689286737,0.8310169865431282,0.7945830118682777,0.0514224022626876,400.0,f1,0.7837299689286737
Roman-Empire,SDRF,sage,12361,0.4,0.8299139642620781,0.7866867769496371,0.8261636885065078,0.787763361441105,0.0511172860860824,400.0,f1,0.7866867769496371
Roman-Empire,SDRF,sage,12361,0.55,0.8261636885065078,0.7856334592104707,0.8235164350319877,0.784829917098311,0.0493377782404422,396.0,f1,0.7856334592104707
Roman-Empire,SDRF,sage,12362,0.0,0.8341054489300684,0.7983016906131635,0.8385175380542687,0.8015823355628924,0.0524799190461635,397.0,f1,0.7983016906131635
Roman-Empire,SDRF,sage,12362,0.1,0.8343260533862784,0.7995075935366217,0.8336642400176484,0.7927104311442382,0.0477589815855026,400.0,f1,0.7995075935366217
Roman-Empire,SDRF,sage,12362,0.25,0.8336642400176484,0.7990425386067947,0.8349878667549084,0.7949085531853506,0.0475885793566703,399.0,f1,0.7990425386067947
Roman-Empire,SDRF,sage,12362,0.4,0.8352084712111185,0.8029731833964775,0.8360908890359585,0.7950997612230317,0.0496776215732097,400.0,f1,0.8029731833964775
Roman-Empire,SDRF,sage,12362,0.55,0.8310169865431282,0.7944870865639413,0.8338848444738584,0.7937590681429874,0.0501854047179222,399.0,f1,0.7944870865639413
Roman-Empire,SDRF,sage,12363,0.0,0.8318994043679683,0.7897873940541181,0.8345466578424884,0.7959527659240041,0.0488361082971096,399.0,f1,0.7897873940541181
Roman-Empire,SDRF,sage,12363,0.1,0.8330024266490184,0.791738069084365,0.8237370394881977,0.7838979636710606,0.048390757292509,393.0,f1,0.791738069084365
Roman-Empire,SDRF,sage,12363,0.25,0.8305757776307081,0.7914969830926983,0.8268255018751379,0.7843090869394741,0.0482014492154121,395.0,f1,0.7914969830926983
Roman-Empire,SDRF,sage,12363,0.4,0.8323406132803882,0.7935500402377884,0.8312375909993381,0.7939356525481789,0.050867523998022,400.0,f1,0.7935500402377884
Roman-Empire,SDRF,sage,12363,0.55,0.828149128612398,0.7883900059255352,0.8316787999117582,0.7950231595360475,0.0514457933604717,398.0,f1,0.7883900059255352
Roman-Empire,SDRF,sage,12364,0.0,0.8369733068607986,0.8005453235356197,0.8411647915287889,0.8032208030843887,0.0479219630360603,399.0,f1,0.8005453235356197
Roman-Empire,SDRF,sage,12364,0.1,0.8349878667549084,0.7924410228689177,0.8312375909993381,0.7911640341495194,0.0519730858504772,393.0,f1,0.7924410228689177
Roman-Empire,SDRF,sage,12364,0.25,0.8336642400176484,0.797703263895916,0.8330024266490184,0.7945604790145959,0.0505832768976688,398.0,f1,0.797703263895916
Roman-Empire,SDRF,sage,12364,0.4,0.8325612177365983,0.7935355281846345,0.8363114934921685,0.7969099099614769,0.0509614050388336,400.0,f1,0.7935355281846345
Roman-Empire,SDRF,sage,12364,0.55,0.8336642400176484,0.7964897663900865,0.8347672622986985,0.7998980068614897,0.0521178916096687,399.0,f1,0.7964897663900865
Roman-Empire,SDRF,sage,12365,0.0,0.8402823737039489,0.8013417629766375,0.8270461063313479,0.7811084335521392,0.0500230193138122,400.0,f1,0.8013417629766375
Roman-Empire,SDRF,sage,12365,0.1,0.8325612177365983,0.79256870623711,0.8250606662254577,0.7852133223242646,0.0507708266377449,400.0,f1,0.79256870623711
Roman-Empire,SDRF,sage,12365,0.25,0.8301345687182881,0.7889006568644265,0.827487315243768,0.7838341653786827,0.0484842061996459,397.0,f1,0.7889006568644265
Roman-Empire,SDRF,sage,12365,0.4,0.8318994043679683,0.7921885881939134,0.8257224795940878,0.785078200732046,0.0478813797235488,397.0,f1,0.7921885881939134
Roman-Empire,SDRF,sage,12365,0.55,0.8314581954555482,0.7910465798942338,0.8255018751378778,0.7888972209705484,0.0519957393407821,388.0,f1,0.7910465798942338
Roman-Empire,SDRF,sage,12366,0.0,0.8365320979483786,0.8001140803242942,0.8323406132803882,0.8016159788155078,0.0474135465919971,400.0,f1,0.8001140803242942
Roman-Empire,SDRF,sage,12366,0.1,0.8363114934921685,0.7969469166985516,0.8343260533862784,0.7979435269875855,0.0511772483587265,398.0,f1,0.7969469166985516
Roman-Empire,SDRF,sage,12366,0.25,0.8334436355614383,0.7938575951714829,0.8316787999117582,0.793546189430971,0.0523740015923976,400.0,f1,0.7938575951714829
Roman-Empire,SDRF,sage,12366,0.4,0.8334436355614383,0.7941513291319213,0.828590337524818,0.7916436441296747,0.0524202287197113,400.0,f1,0.7941513291319213
Roman-Empire,SDRF,sage,12366,0.55,0.8318994043679683,0.7976964742615401,0.8248400617692477,0.7892564580365803,0.0504703372716903,394.0,f1,0.7976964742615401
Roman-Empire,SDRF,sage,12367,0.0,0.8237370394881977,0.7846944022644554,0.8312375909993381,0.7900504265910747,0.0511202625930309,387.0,f1,0.7846944022644554
Roman-Empire,SDRF,sage,12367,0.1,0.8210897860136774,0.7800813044123198,0.8330024266490184,0.7969128916112111,0.0471685901284217,400.0,f1,0.7800813044123198
Roman-Empire,SDRF,sage,12367,0.25,0.8224134127509376,0.7816318708070426,0.827928524156188,0.7912795747485095,0.0560474209487438,395.0,f1,0.7816318708070426
Roman-Empire,SDRF,sage,12367,0.4,0.8206485771012575,0.7807691491402897,0.827487315243768,0.7890521504014694,0.0483440868556499,400.0,f1,0.7807691491402897
Roman-Empire,SDRF,sage,12367,0.55,0.8224134127509376,0.7826714448431364,0.8255018751378778,0.789316216864316,0.0484185852110385,400.0,f1,0.7826714448431364
Roman-Empire,SDRF,sage,12368,0.0,0.8387381425104787,0.80021153157315,0.8255018751378778,0.7878416605098404,0.0487823896110057,400.0,f1,0.80021153157315
Roman-Empire,SDRF,sage,12368,0.1,0.8356496801235385,0.7967259994375703,0.8197661592764174,0.7795152386783168,0.0448999181389808,390.0,f1,0.7967259994375703
Roman-Empire,SDRF,sage,12368,0.25,0.8332230311052283,0.7915230374728996,0.8217515993823076,0.7800777271232844,0.0511775277554988,400.0,f1,0.7915230374728996
Roman-Empire,SDRF,sage,12368,0.4,0.8356496801235385,0.7984276870811606,0.8195455548202074,0.7770634148015139,0.0529238954186439,391.0,f1,0.7984276870811606
Roman-Empire,SDRF,sage,12368,0.55,0.8363114934921685,0.8000199364197864,0.8199867637326274,0.7804403839306576,0.0494984425604343,395.0,f1,0.8000199364197864
Roman-Empire,SDRF,sage,12369,0.0,0.8334436355614383,0.7903007022187475,0.8405029781601588,0.8041126265154966,0.0505312792956829,394.0,f1,0.7903007022187475
Roman-Empire,SDRF,sage,12369,0.1,0.8268255018751379,0.780546737948494,0.8345466578424884,0.7934748616743776,0.0483330264687538,400.0,f1,0.780546737948494
Roman-Empire,SDRF,sage,12369,0.25,0.8301345687182881,0.7892683664868572,0.8325612177365983,0.7924890344421618,0.0470994748175144,399.0,f1,0.7892683664868572
Roman-Empire,SDRF,sage,12369,0.4,0.8290315464372381,0.7861051857657925,0.8327818221928083,0.794867683020886,0.0512476898729801,391.0,f1,0.7861051857657925
Roman-Empire,SDRF,sage,12369,0.55,0.827487315243768,0.7840790721697117,0.8354290756673285,0.7972073497348997,0.0554939210414886,394.0,f1,0.7840790721697117
Roman-Empire,SDRF,sage,12370,0.0,0.8347672622986985,0.7917512406393205,0.8376351202294287,0.798208756355634,0.0461039431393146,390.0,f1,0.7917512406393205
Roman-Empire,SDRF,sage,12370,0.1,0.8307963820869182,0.7874378279312411,0.8312375909993381,0.7923122222529012,0.0465264469385147,399.0,f1,0.7874378279312411
Roman-Empire,SDRF,sage,12370,0.25,0.8301345687182881,0.7894616906819044,0.8296933598058681,0.7919100310366178,0.0459125787019729,397.0,f1,0.7894616906819044
Roman-Empire,SDRF,sage,12370,0.4,0.828810941981028,0.7851675648180209,0.8332230311052283,0.7946955758942786,0.0526291206479072,398.0,f1,0.7851675648180209
Roman-Empire,SDRF,sage,12370,0.55,0.8255018751378778,0.7805093997411747,0.8290315464372381,0.7897997307103609,0.0471966676414012,400.0,f1,0.7805093997411747
Roman-Empire,SDRF,sage,12371,0.0,0.8316787999117582,0.788840240856954,0.8424884182660489,0.8062009578317121,0.0526343286037445,400.0,f1,0.788840240856954
Roman-Empire,SDRF,sage,12371,0.1,0.8290315464372381,0.7876513657132771,0.8241782484006177,0.7766150103585865,0.0530641265213489,384.0,f1,0.7876513657132771
Roman-Empire,SDRF,sage,12371,0.25,0.8301345687182881,0.7913723344708619,0.8354290756673285,0.7937124112768041,0.0500693805515766,399.0,f1,0.7913723344708619
Roman-Empire,SDRF,sage,12371,0.4,0.8310169865431282,0.7916540097817304,0.8356496801235385,0.7955197148782504,0.0537493601441383,400.0,f1,0.7916540097817304
Roman-Empire,SDRF,sage,12371,0.55,0.8330024266490184,0.7909004970974882,0.8345466578424884,0.7954894571212764,0.0503268092870712,396.0,f1,0.7909004970974882
Roman-Empire,SDRF,sage,12372,0.0,0.8334436355614383,0.7970321312258808,0.8272667107875579,0.783040082800551,0.0521233975887298,392.0,f1,0.7970321312258808
Roman-Empire,SDRF,sage,12372,0.1,0.8356496801235385,0.7996401350625776,0.8312375909993381,0.7861154766786038,0.0525325797498226,400.0,f1,0.7996401350625776
Roman-Empire,SDRF,sage,12372,0.25,0.8341054489300684,0.7970751677681222,0.8241782484006177,0.7799165078140304,0.0506213083863258,396.0,f1,0.7970751677681222
Roman-Empire,SDRF,sage,12372,0.4,0.8323406132803882,0.7977597812589048,0.8272667107875579,0.7818661429679091,0.053897488862276,400.0,f1,0.7977597812589048
Roman-Empire,SDRF,sage,12372,0.55,0.8316787999117582,0.7958990364450587,0.8221928082947275,0.7766808124638479,0.0524319745600223,399.0,f1,0.7958990364450587
Roman-Empire,SDRF,sage,12373,0.0,0.8369733068607986,0.7973782485750398,0.8321200088241782,0.793312805440689,0.0507799871265888,397.0,f1,0.7973782485750398
Roman-Empire,SDRF,sage,12373,0.1,0.8349878667549084,0.7914548638630505,0.8303551731744981,0.791837428180505,0.0450954735279083,398.0,f1,0.7914548638630505
Roman-Empire,SDRF,sage,12373,0.25,0.8374145157732186,0.796207330614315,0.8310169865431282,0.7959663469407023,0.0508549809455871,393.0,f1,0.796207330614315
Roman-Empire,SDRF,sage,12373,0.4,0.8354290756673285,0.7933012227249049,0.8296933598058681,0.7912400557426104,0.0523145422339439,394.0,f1,0.7933012227249049
Roman-Empire,SDRF,sage,12373,0.55,0.8312375909993381,0.7881742101928773,0.8259430840502978,0.788660022045995,0.0494203492999076,399.0,f1,0.7881742101928773
Roman-Empire,SDRF,sage,12374,0.0,0.8310169865431282,0.7973543921750554,0.8332230311052283,0.7944734299941678,0.0466029644012451,397.0,f1,0.7973543921750554
Roman-Empire,SDRF,sage,12374,0.1,0.8290315464372381,0.7922526207321585,0.8314581954555482,0.793169910737408,0.0497474856674671,398.0,f1,0.7922526207321585
Roman-Empire,SDRF,sage,12374,0.25,0.8296933598058681,0.7932151999830795,0.828590337524818,0.7888931572463709,0.0549991317093372,396.0,f1,0.7932151999830795
Roman-Empire,SDRF,sage,12374,0.4,0.8246194573130378,0.7815368335622973,0.8292521508934481,0.7872185329263188,0.0510424748063087,393.0,f1,0.7815368335622973
Roman-Empire,SDRF,sage,12374,0.55,0.8252812706816678,0.78700226780988,0.8310169865431282,0.7889805075663793,0.053370364010334,399.0,f1,0.78700226780988
Roman-Empire,SDRF,gat,12345,0.0,0.4584160600044121,0.3875607832827503,0.4517979263181116,0.3893238470369831,0.8355540633201599,400.0,f1,0.3875607832827503
Roman-Empire,SDRF,gat,12345,0.1,0.4509155084932715,0.379874299007772,0.4407677035076108,0.3836883237001808,0.8512102365493774,398.0,f1,0.379874299007772
Roman-Empire,SDRF,gat,12345,0.25,0.457754246635782,0.3810497210478,0.4489300683873814,0.383030299995084,0.8600064516067505,399.0,f1,0.3810497210478
Roman-Empire,SDRF,gat,12345,0.4,0.4517979263181116,0.3868047366023122,0.4345907787337304,0.3849585089510488,0.8595511317253113,397.0,f1,0.3868047366023122
Roman-Empire,SDRF,gat,12345,0.55,0.4520185307743216,0.3770372720299872,0.4409883079638209,0.3757005940232235,0.8643091917037964,399.0,f1,0.3770372720299872
Roman-Empire,SDRF,gat,12346,0.0,0.456651224354732,0.3890152909939415,0.4604015001103022,0.3893212968606666,0.8106088638305664,394.0,f1,0.3890152909939415
Roman-Empire,SDRF,gat,12346,0.1,0.4374586366644606,0.3877428768985146,0.4394440767703507,0.3819044816562538,0.8255175948143005,400.0,f1,0.3877428768985146
Roman-Empire,SDRF,gat,12346,0.25,0.4544451797926318,0.3948175834114208,0.4515773218619016,0.383772076308575,0.8312855362892151,397.0,f1,0.3948175834114208
Roman-Empire,SDRF,gat,12346,0.4,0.4500330906684315,0.3895650250324782,0.4562100154423119,0.392931811117384,0.8371487855911255,396.0,f1,0.3895650250324782
Roman-Empire,SDRF,gat,12346,0.55,0.4398852856827708,0.3809824757657034,0.4460622104566512,0.3817353235093086,0.8341698050498962,400.0,f1,0.3809824757657034
Roman-Empire,SDRF,gat,12347,0.0,0.458195455548202,0.395023988653062,0.4557688065298919,0.3813254676409141,0.8937175869941711,391.0,f1,0.395023988653062
Roman-Empire,SDRF,gat,12347,0.1,0.4473858371939113,0.3901589440487068,0.4469446282814913,0.3827373845887873,0.9006213545799255,400.0,f1,0.3901589440487068
Roman-Empire,SDRF,gat,12347,0.25,0.4480476505625413,0.3943664161661764,0.4454003970880212,0.3787001039385815,0.898627758026123,400.0,f1,0.3943664161661764
Roman-Empire,SDRF,gat,12347,0.4,0.4502536951246415,0.3893084318392467,0.4456210015442312,0.3769139016228951,0.9030036926269532,397.0,f1,0.3893084318392467
Roman-Empire,SDRF,gat,12347,0.55,0.4476064416501213,0.3895836312368743,0.4449591881756011,0.3769764192801246,0.9022989273071288,395.0,f1,0.3895836312368743
Roman-Empire,SDRF,gat,12348,0.0,0.442311934701081,0.3835899975414139,0.4462828149128612,0.3873949600558612,0.9135875701904296,397.0,f1,0.3835899975414139
Roman-Empire,SDRF,gat,12348,0.1,0.4447385837193911,0.3848164425022845,0.4412089124200309,0.3837250807029649,0.9219766855239868,400.0,f1,0.3848164425022845
Roman-Empire,SDRF,gat,12348,0.25,0.4345907787337304,0.3760769873665682,0.4407677035076108,0.381644728025732,0.9227219820022584,392.0,f1,0.3760769873665682
Roman-Empire,SDRF,gat,12348,0.4,0.4412089124200309,0.3893642035034407,0.4462828149128612,0.3909274716738684,0.9257408976554872,394.0,f1,0.3893642035034407
Roman-Empire,SDRF,gat,12348,0.55,0.4385616589455107,0.3784064186975291,0.442973748069711,0.3715724588225109,0.9230674505233764,400.0,f1,0.3784064186975291
Roman-Empire,SDRF,gat,12349,0.0,0.4551069931612618,0.3992829093290324,0.4392234723141408,0.3846588898681873,0.8511190414428711,398.0,f1,0.3992829093290324
Roman-Empire,SDRF,gat,12349,0.1,0.4601808956540922,0.3933138214387803,0.443635561438341,0.3739133353660075,0.8686981201171875,394.0,f1,0.3933138214387803
Roman-Empire,SDRF,gat,12349,0.25,0.4462828149128612,0.3887217529981553,0.4372380322082506,0.3758087910674511,0.8742932677268982,397.0,f1,0.3887217529981553
Roman-Empire,SDRF,gat,12349,0.4,0.4498124862122215,0.3916076845897885,0.442311934701081,0.383783539747658,0.871545672416687,395.0,f1,0.3916076845897885
Roman-Empire,SDRF,gat,12349,0.55,0.4396646812265607,0.3849376075164012,0.4317229208030002,0.3709252565220503,0.8783401250839233,398.0,f1,0.3849376075164012
Roman-Empire,SDRF,gat,12350,0.0,0.4281932495036399,0.3829171289905989,0.4403264945951908,0.3837787702520069,0.9090216755867004,399.0,f1,0.3829171289905989
Roman-Empire,SDRF,gat,12350,0.1,0.4308405029781602,0.3791529401562883,0.4390028678579307,0.3797955629163323,0.922584354877472,392.0,f1,0.3791529401562883
Roman-Empire,SDRF,gat,12350,0.25,0.4195896757114494,0.3716554006407815,0.4350319876461505,0.3800926372016651,0.9240598678588868,400.0,f1,0.3716554006407815
Roman-Empire,SDRF,gat,12350,0.4,0.4224575336421796,0.3750513734738414,0.4392234723141408,0.3809981532301883,0.9165626764297484,398.0,f1,0.3750513734738414
Roman-Empire,SDRF,gat,12350,0.55,0.4240017648356496,0.3843846444017387,0.4321641297154202,0.3904826425158701,0.926705837249756,395.0,f1,0.3843846444017387
Roman-Empire,SDRF,gat,12351,0.0,0.4562100154423119,0.3877040785678103,0.4524597396867417,0.399527862196869,0.826626181602478,398.0,f1,0.3877040785678103
Roman-Empire,SDRF,gat,12351,0.1,0.456651224354732,0.3894218834372362,0.457974851091992,0.3978074641724079,0.8413187265396118,397.0,f1,0.3894218834372362
Roman-Empire,SDRF,gat,12351,0.25,0.4544451797926318,0.3859552557277568,0.4535627619677917,0.3898284237523701,0.8401296734809875,399.0,f1,0.3859552557277568
Roman-Empire,SDRF,gat,12351,0.4,0.4595190822854622,0.3924844640092354,0.4533421575115817,0.3881829422106578,0.8449182510375977,398.0,f1,0.3924844640092354
Roman-Empire,SDRF,gat,12351,0.55,0.4517979263181116,0.3915534606828457,0.4445179792631811,0.3878110330650417,0.8484910130500793,400.0,f1,0.3915534606828457
Roman-Empire,SDRF,gat,12352,0.0,0.4407677035076108,0.3859196632332371,0.442753143613501,0.389719160784707,0.8517348170280457,400.0,f1,0.3859196632332371
Roman-Empire,SDRF,gat,12352,0.1,0.4467240238252812,0.381289382943622,0.4445179792631811,0.3859223190795442,0.8728358745574951,400.0,f1,0.381289382943622
Roman-Empire,SDRF,gat,12352,0.25,0.442973748069711,0.378818747463522,0.4416501213324509,0.3881651837419547,0.8718098402023315,400.0,f1,0.378818747463522
Roman-Empire,SDRF,gat,12352,0.4,0.4403264945951908,0.3805128860740001,0.4412089124200309,0.3852366996584098,0.8773916959762573,399.0,f1,0.3805128860740001
Roman-Empire,SDRF,gat,12352,0.55,0.4473858371939113,0.3839800290378676,0.4511361129494816,0.3944889136637433,0.8833681344985962,398.0,f1,0.3839800290378676
Roman-Empire,SDRF,gat,12353,0.0,0.4665784248841826,0.4066890114883416,0.4515773218619016,0.3901370087254913,0.8352925777435303,396.0,f1,0.4066890114883416
Roman-Empire,SDRF,gat,12353,0.1,0.470990514008383,0.4026017566923241,0.4467240238252812,0.3749306473960574,0.8510732054710388,395.0,f1,0.4026017566923241
Roman-Empire,SDRF,gat,12353,0.25,0.4639311714096625,0.4038917875168099,0.4458416060004412,0.3830421526902699,0.8514533042907715,392.0,f1,0.4038917875168099
Roman-Empire,SDRF,gat,12353,0.4,0.4542245753364218,0.3939071034116241,0.4445179792631811,0.3771787242642782,0.8518241047859192,400.0,f1,0.3939071034116241
Roman-Empire,SDRF,gat,12353,0.55,0.4476064416501213,0.4014244509536672,0.4390028678579307,0.3840767856517609,0.8561314940452576,390.0,f1,0.4014244509536672
Roman-Empire,SDRF,gat,12354,0.0,0.4555482020736819,0.3893109072010483,0.4471652327377013,0.3819009490465531,0.8307451605796814,400.0,f1,0.3893109072010483
Roman-Empire,SDRF,gat,12354,0.1,0.4515773218619016,0.3902197953650454,0.443635561438341,0.3755146157653631,0.8419738411903381,398.0,f1,0.3902197953650454
Roman-Empire,SDRF,gat,12354,0.25,0.4529009485991617,0.384260339228891,0.4493712772998015,0.3682350230214843,0.8505436182022095,394.0,f1,0.384260339228891
Roman-Empire,SDRF,gat,12354,0.4,0.4504742995808515,0.3851832625075902,0.4478270461063313,0.3804147070125803,0.8525442481040955,392.0,f1,0.3851832625075902
Roman-Empire,SDRF,gat,12354,0.55,0.4471652327377013,0.3803690676881482,0.4473858371939113,0.3748331888605566,0.8535963296890259,396.0,f1,0.3803690676881482
Roman-Empire,SDRF,gat,12355,0.0,0.4557688065298919,0.4051948129027257,0.4524597396867417,0.3949322038883389,0.8139051795005798,399.0,f1,0.4051948129027257
Roman-Empire,SDRF,gat,12355,0.1,0.4513567174056916,0.3916473051535891,0.4467240238252812,0.3831244088254941,0.8331725597381592,395.0,f1,0.3916473051535891
Roman-Empire,SDRF,gat,12355,0.25,0.4449591881756011,0.3896567926004148,0.4445179792631811,0.3876670084566495,0.8342717289924622,400.0,f1,0.3896567926004148
Roman-Empire,SDRF,gat,12355,0.4,0.443414956982131,0.3878554908350095,0.4352525921023604,0.3793331208929613,0.833945631980896,393.0,f1,0.3878554908350095
Roman-Empire,SDRF,gat,12355,0.55,0.4409883079638209,0.3839771033053874,0.443635561438341,0.3879363496254184,0.8395943641662598,400.0,f1,0.3839771033053874
Roman-Empire,SDRF,gat,12356,0.0,0.4478270461063313,0.3916504318299999,0.443635561438341,0.381484406598775,0.8591535687446594,400.0,f1,0.3916504318299999
Roman-Empire,SDRF,gat,12356,0.1,0.4456210015442312,0.392119687988987,0.4390028678579307,0.3765036062883518,0.8720070123672485,397.0,f1,0.392119687988987
Roman-Empire,SDRF,gat,12356,0.25,0.4489300683873814,0.3933858361947939,0.4396646812265607,0.3767614752278229,0.873738169670105,400.0,f1,0.3933858361947939
Roman-Empire,SDRF,gat,12356,0.4,0.4458416060004412,0.3950186394274826,0.4350319876461505,0.3744908451075568,0.8736026883125305,399.0,f1,0.3950186394274826
Roman-Empire,SDRF,gat,12356,0.55,0.4378998455768806,0.3892565962501421,0.4334877564526803,0.3762980592960193,0.8775063157081604,400.0,f1,0.3892565962501421
Roman-Empire,SDRF,gat,12357,0.0,0.4317229208030002,0.3761806096384618,0.4398852856827708,0.3825480543217294,0.9034649133682252,399.0,f1,0.3761806096384618
Roman-Empire,SDRF,gat,12357,0.1,0.4345907787337304,0.3799208247186383,0.4345907787337304,0.38084560139981,0.9164859056472778,398.0,f1,0.3799208247186383
Roman-Empire,SDRF,gat,12357,0.25,0.4339289653651004,0.372898470488916,0.4372380322082506,0.3775326518037365,0.9159556031227112,398.0,f1,0.372898470488916
Roman-Empire,SDRF,gat,12357,0.4,0.4412089124200309,0.3723625071046064,0.4480476505625413,0.3868031310768866,0.9194639921188354,388.0,f1,0.3723625071046064
Roman-Empire,SDRF,gat,12357,0.55,0.4266490183101699,0.3744285932574747,0.4341495698213103,0.3792695382742817,0.9239515066146852,395.0,f1,0.3744285932574747
Roman-Empire,SDRF,gat,12358,0.0,0.4471652327377013,0.3866025924111688,0.4447385837193911,0.3802399178880262,0.8761716485023499,396.0,f1,0.3866025924111688
Roman-Empire,SDRF,gat,12358,0.1,0.4370174277520406,0.3794386214716059,0.4378998455768806,0.3670109512714052,0.8850814700126648,390.0,f1,0.3794386214716059
Roman-Empire,SDRF,gat,12358,0.25,0.4465034193690712,0.3851049418689227,0.4405470990514008,0.3693360858698684,0.8936038017272949,398.0,f1,0.3851049418689227
Roman-Empire,SDRF,gat,12358,0.4,0.4359144054709905,0.3827070370059601,0.4385616589455107,0.3717783605463274,0.8970392942428589,399.0,f1,0.3827070370059601
Roman-Empire,SDRF,gat,12358,0.55,0.4348113831899404,0.3771261149846276,0.4387822634017207,0.373990672785534,0.8993011713027954,397.0,f1,0.3771261149846276
Roman-Empire,SDRF,gat,12359,0.0,0.4487094639311714,0.3867757368703451,0.443194352525921,0.3958965408734935,0.8656059503555298,400.0,f1,0.3867757368703451
Roman-Empire,SDRF,gat,12359,0.1,0.4484888594749614,0.3849260954338208,0.4440767703507611,0.3897017414625383,0.8668546080589294,399.0,f1,0.3849260954338208
Roman-Empire,SDRF,gat,12359,0.25,0.4376792411206706,0.3906000117610819,0.4390028678579307,0.3875917582388097,0.8690923452377319,392.0,f1,0.3906000117610819
Roman-Empire,SDRF,gat,12359,0.4,0.4504742995808515,0.3789590306443363,0.4451797926318112,0.3895465610761367,0.8786459565162659,400.0,f1,0.3789590306443363
Roman-Empire,SDRF,gat,12359,0.55,0.4409883079638209,0.3763924714913512,0.4418707257886609,0.387598504269418,0.8743488192558289,398.0,f1,0.3763924714913512
Roman-Empire,SDRF,gat,12360,0.0,0.4586366644606221,0.3981747094055139,0.4555482020736819,0.3865450668193332,0.852174699306488,386.0,f1,0.3981747094055139
Roman-Empire,SDRF,gat,12360,0.1,0.4476064416501213,0.3922466331408101,0.4442973748069711,0.380774210882713,0.8622360825538635,400.0,f1,0.3922466331408101
Roman-Empire,SDRF,gat,12360,0.25,0.4465034193690712,0.3872701988073608,0.4491506728435914,0.3864131781219156,0.8680691123008728,400.0,f1,0.3872701988073608
Roman-Empire,SDRF,gat,12360,0.4,0.457754246635782,0.3991802462070762,0.4506949040370615,0.3830884633103358,0.86993408203125,394.0,f1,0.3991802462070762
Roman-Empire,SDRF,gat,12360,0.55,0.457974851091992,0.3943638003599278,0.4504742995808515,0.3831863694429062,0.8718920946121216,399.0,f1,0.3943638003599278
Roman-Empire,SDRF,gat,12361,0.0,0.4465034193690712,0.387751157988698,0.4502536951246415,0.3921884858227988,0.811098575592041,399.0,f1,0.387751157988698
Roman-Empire,SDRF,gat,12361,0.1,0.4376792411206706,0.383634609053219,0.4363556143834105,0.3779520469276038,0.8256803154945374,393.0,f1,0.383634609053219
Roman-Empire,SDRF,gat,12361,0.25,0.4396646812265607,0.3772802501564642,0.4401058901389808,0.3695989704838289,0.8259117007255554,397.0,f1,0.3772802501564642
Roman-Empire,SDRF,gat,12361,0.4,0.4332671519964703,0.3768423836851769,0.4370174277520406,0.378467959636244,0.8240445256233215,400.0,f1,0.3768423836851769
Roman-Empire,SDRF,gat,12361,0.55,0.4378998455768806,0.3831088094428861,0.4398852856827708,0.3806695526414987,0.8302714228630066,398.0,f1,0.3831088094428861
Roman-Empire,SDRF,gat,12362,0.0,0.4295168762409,0.375209780531413,0.4555482020736819,0.393383520559766,0.8832975625991821,396.0,f1,0.375209780531413
Roman-Empire,SDRF,gat,12362,0.1,0.4228987425545996,0.3715479536850988,0.4361350099272005,0.3779526082758273,0.8902381658554077,397.0,f1,0.3715479536850988
Roman-Empire,SDRF,gat,12362,0.25,0.4195896757114494,0.3739832869076924,0.4363556143834105,0.3832122923614404,0.8950520753860474,400.0,f1,0.3739832869076924
Roman-Empire,SDRF,gat,12362,0.4,0.4198102801676593,0.3712897177443673,0.443194352525921,0.3848176995365164,0.8981593251228333,397.0,f1,0.3712897177443673
Roman-Empire,SDRF,gat,12362,0.55,0.4169424222369292,0.3680440234499006,0.4359144054709905,0.3836445044478779,0.8994694948196411,400.0,f1,0.3680440234499006
Roman-Empire,SDRF,gat,12363,0.0,0.4584160600044121,0.4020667888848082,0.4562100154423119,0.3935097407248391,0.842696487903595,398.0,f1,0.4020667888848082
Roman-Empire,SDRF,gat,12363,0.1,0.4590778733730421,0.3979079961240226,0.4548863887050518,0.3925659946542991,0.8507083058357239,400.0,f1,0.3979079961240226
Roman-Empire,SDRF,gat,12363,0.25,0.4553275976174719,0.4022687141032659,0.457092433267152,0.3985482083250267,0.8588911890983582,400.0,f1,0.4022687141032659
Roman-Empire,SDRF,gat,12363,0.4,0.456651224354732,0.3921115726617834,0.4542245753364218,0.3903665233459832,0.8583837747573853,400.0,f1,0.3921115726617834
Roman-Empire,SDRF,gat,12363,0.55,0.4537833664240017,0.3936595797611625,0.4595190822854622,0.3964024448159579,0.8637292385101318,398.0,f1,0.3936595797611625
Roman-Empire,SDRF,gat,12364,0.0,0.4416501213324509,0.3764717672070315,0.4409883079638209,0.3706155220290524,0.8288577198982239,397.0,f1,0.3764717672070315
Roman-Empire,SDRF,gat,12364,0.1,0.4451797926318112,0.3750378863933559,0.4447385837193911,0.3729462202505054,0.8318859338760376,393.0,f1,0.3750378863933559
Roman-Empire,SDRF,gat,12364,0.25,0.4345907787337304,0.3679851895595111,0.4376792411206706,0.3765975673268276,0.846481204032898,394.0,f1,0.3679851895595111
Roman-Empire,SDRF,gat,12364,0.4,0.4334877564526803,0.3647194470129503,0.4356938010147805,0.3699657278995157,0.8521684408187866,400.0,f1,0.3647194470129503
Roman-Empire,SDRF,gat,12364,0.55,0.4407677035076108,0.3686173106482497,0.4392234723141408,0.3642099681786768,0.8486635088920593,396.0,f1,0.3686173106482497
Roman-Empire,SDRF,gat,12365,0.0,0.4604015001103022,0.4054333474105667,0.4392234723141408,0.3829323313655559,0.8110462427139282,400.0,f1,0.4054333474105667
Roman-Empire,SDRF,gat,12365,0.1,0.4599602911978822,0.4034848489489059,0.4392234723141408,0.3764824914859462,0.8174524307250977,400.0,f1,0.4034848489489059
Roman-Empire,SDRF,gat,12365,0.25,0.4606221045665122,0.4115646966983248,0.4350319876461505,0.375540764122703,0.8196889758110046,395.0,f1,0.4115646966983248
Roman-Empire,SDRF,gat,12365,0.4,0.4584160600044121,0.3969218188093349,0.443856165894551,0.3727674742037886,0.8238785862922668,398.0,f1,0.3969218188093349
Roman-Empire,SDRF,gat,12365,0.55,0.4526803441429516,0.4045883752443675,0.4370174277520406,0.3778610121053522,0.8267026543617249,395.0,f1,0.4045883752443675
Roman-Empire,SDRF,gat,12366,0.0,0.4601808956540922,0.3965273608846649,0.4458416060004412,0.3898541287340148,0.8110243082046509,400.0,f1,0.3965273608846649
Roman-Empire,SDRF,gat,12366,0.1,0.4544451797926318,0.3951164935045304,0.4420913302448709,0.3884967929074069,0.8325812220573425,399.0,f1,0.3951164935045304
Roman-Empire,SDRF,gat,12366,0.25,0.4548863887050518,0.3949715341253553,0.4374586366644606,0.3884498100594862,0.8318690657615662,400.0,f1,0.3949715341253553
Roman-Empire,SDRF,gat,12366,0.4,0.4606221045665122,0.3958553519764858,0.4394440767703507,0.3896522814363014,0.8352510929107666,399.0,f1,0.3958553519764858
Roman-Empire,SDRF,gat,12366,0.55,0.4615045223913523,0.3981791471761766,0.4367968232958306,0.3883697416161055,0.8396084308624268,400.0,f1,0.3981791471761766
Roman-Empire,SDRF,gat,12367,0.0,0.4476064416501213,0.3959930914192153,0.4500330906684315,0.3852585383004989,0.8203898668289185,400.0,f1,0.3959930914192153
Roman-Empire,SDRF,gat,12367,0.1,0.4381204500330907,0.3849700402541558,0.4480476505625413,0.3789933676541791,0.8356205224990845,396.0,f1,0.3849700402541558
Roman-Empire,SDRF,gat,12367,0.25,0.4326053386278403,0.3816586143970059,0.4440767703507611,0.3796360715470744,0.8348764181137085,397.0,f1,0.3816586143970059
Roman-Empire,SDRF,gat,12367,0.4,0.4356938010147805,0.383789803958676,0.4385616589455107,0.3724495585356093,0.8346827626228333,400.0,f1,0.383789803958676
Roman-Empire,SDRF,gat,12367,0.55,0.4359144054709905,0.3854020853148465,0.443414956982131,0.3855945118411362,0.8409194350242615,395.0,f1,0.3854020853148465
Roman-Empire,SDRF,gat,12368,0.0,0.4747407897639532,0.4196175056254212,0.4555482020736819,0.407211231140157,0.8209034204483032,390.0,f1,0.4196175056254212
Roman-Empire,SDRF,gat,12368,0.1,0.4756232075887933,0.4121473193114872,0.4612839179351423,0.4000518626022258,0.8245293498039246,400.0,f1,0.4121473193114872
Roman-Empire,SDRF,gat,12368,0.25,0.4690050739024928,0.4158349425792264,0.4506949040370615,0.3975221280304452,0.82945716381073,395.0,f1,0.4158349425792264
Roman-Empire,SDRF,gat,12368,0.4,0.4696668872711229,0.4095918461728382,0.4504742995808515,0.3943769459932883,0.8302391767501831,397.0,f1,0.4095918461728382
Roman-Empire,SDRF,gat,12368,0.55,0.4665784248841826,0.4097667286728682,0.4553275976174719,0.4004254070323019,0.8381092548370361,400.0,f1,0.4097667286728682
Roman-Empire,SDRF,gat,12369,0.0,0.4456210015442312,0.3832367969529308,0.4632693580410324,0.4099151612728093,0.8169172406196594,396.0,f1,0.3832367969529308
Roman-Empire,SDRF,gat,12369,0.1,0.4476064416501213,0.3880696358261388,0.457313037723362,0.4106383934195656,0.8240392804145813,400.0,f1,0.3880696358261388
Roman-Empire,SDRF,gat,12369,0.25,0.4473858371939113,0.381932132403954,0.457092433267152,0.4065108044358137,0.8288687467575073,400.0,f1,0.381932132403954
Roman-Empire,SDRF,gat,12369,0.4,0.4473858371939113,0.3780675983349707,0.4502536951246415,0.3992538527892187,0.828819990158081,400.0,f1,0.3780675983349707
Roman-Empire,SDRF,gat,12369,0.55,0.4480476505625413,0.3815718634185343,0.443856165894551,0.3909256301297201,0.8319501280784607,394.0,f1,0.3815718634185343
Roman-Empire,SDRF,gat,12370,0.0,0.4694462828149128,0.4092269117722102,0.4601808956540922,0.4058202688593531,0.8197143077850342,399.0,f1,0.4092269117722102
Roman-Empire,SDRF,gat,12370,0.1,0.4601808956540922,0.4084000722502192,0.457533642179572,0.4028831517674184,0.8399141430854797,396.0,f1,0.4084000722502192
Roman-Empire,SDRF,gat,12370,0.25,0.457754246635782,0.4009802647877944,0.4568718288109419,0.4036453674367391,0.8417524695396423,400.0,f1,0.4009802647877944
Roman-Empire,SDRF,gat,12370,0.4,0.4643723803220825,0.3998312871207967,0.4619457313037723,0.4068073440010601,0.8407843112945557,400.0,f1,0.3998312871207967
Roman-Empire,SDRF,gat,12370,0.55,0.4639311714096625,0.4011602802394525,0.4606221045665122,0.3988577962877929,0.8425773978233337,398.0,f1,0.4011602802394525
Roman-Empire,SDRF,gat,12371,0.0,0.4456210015442312,0.3824212887548776,0.4617251268475623,0.4009673674694584,0.8252211213111877,391.0,f1,0.3824212887548776
Roman-Empire,SDRF,gat,12371,0.1,0.4361350099272005,0.3744532831254556,0.443856165894551,0.3907856640717428,0.8332853317260742,400.0,f1,0.3744532831254556
Roman-Empire,SDRF,gat,12371,0.25,0.4374586366644606,0.3721958147371235,0.4524597396867417,0.3960606336609476,0.834953248500824,400.0,f1,0.3721958147371235
Roman-Empire,SDRF,gat,12371,0.4,0.4339289653651004,0.3676482874227365,0.4531215530553717,0.388414296327085,0.8395652174949646,395.0,f1,0.3676482874227365
Roman-Empire,SDRF,gat,12371,0.55,0.4403264945951908,0.3816754537294488,0.4495918817560114,0.3912470911606571,0.8387425541877747,387.0,f1,0.3816754537294488
Roman-Empire,SDRF,gat,12372,0.0,0.4742995808515332,0.4199147313489457,0.4482682550187514,0.3842725322917916,0.8374209403991699,397.0,f1,0.4199147313489457
Roman-Empire,SDRF,gat,12372,0.1,0.4705493050959629,0.4174862793014655,0.4460622104566512,0.3854325525284032,0.8461220264434814,392.0,f1,0.4174862793014655
Roman-Empire,SDRF,gat,12372,0.25,0.4674608427090227,0.4108394563277576,0.4445179792631811,0.3781721498168384,0.8445479273796082,400.0,f1,0.4108394563277576
Roman-Empire,SDRF,gat,12372,0.4,0.4745201853077432,0.4179500911188413,0.4442973748069711,0.3724835614943593,0.8523716330528259,398.0,f1,0.4179500911188413
Roman-Empire,SDRF,gat,12372,0.55,0.471872931833223,0.414706767087291,0.4458416060004412,0.3774831067638298,0.8494048118591309,397.0,f1,0.414706767087291
Roman-Empire,SDRF,gat,12373,0.0,0.4586366644606221,0.3967253447979733,0.4608427090227223,0.4005597851069624,0.8311489820480347,395.0,f1,0.3967253447979733
Roman-Empire,SDRF,gat,12373,0.1,0.4511361129494816,0.3923043733543194,0.4615045223913523,0.4065741132338142,0.8510241508483887,399.0,f1,0.3923043733543194
Roman-Empire,SDRF,gat,12373,0.25,0.4617251268475623,0.3912707543062209,0.4617251268475623,0.3996375201997129,0.8540096282958984,397.0,f1,0.3912707543062209
Roman-Empire,SDRF,gat,12373,0.4,0.4542245753364218,0.391284927291816,0.4544451797926318,0.4015658825405369,0.8508113026618958,397.0,f1,0.391284927291816
Roman-Empire,SDRF,gat,12373,0.55,0.4553275976174719,0.3913604071203227,0.4584160600044121,0.3953335182692358,0.8573471903800964,400.0,f1,0.3913604071203227
Roman-Empire,SDRF,gat,12374,0.0,0.4599602911978822,0.405734461329012,0.4491506728435914,0.3818817005179227,0.8552680611610413,396.0,f1,0.405734461329012
Roman-Empire,SDRF,gat,12374,0.1,0.4504742995808515,0.3903790656861004,0.4498124862122215,0.3801587035919532,0.8732362985610962,399.0,f1,0.3903790656861004
Roman-Empire,SDRF,gat,12374,0.25,0.4502536951246415,0.3998243131591962,0.4332671519964703,0.3762133712777807,0.8656670451164246,389.0,f1,0.3998243131591962
Roman-Empire,SDRF,gat,12374,0.4,0.4535627619677917,0.3936286262823858,0.4480476505625413,0.3795636402739257,0.8690611720085144,400.0,f1,0.3936286262823858
Roman-Empire,SDRF,gat,12374,0.55,0.4526803441429516,0.3950073212523087,0.4465034193690712,0.383614939262023,0.8653731346130371,400.0,f1,0.3950073212523087
Roman-Empire,DiffWire CT,gcn,12345,,0.5118023384072359,0.438155178604322,0.4990072799470549,0.4180773351861344,1.3288654088974,400.0,f1,0.438155178604322
Roman-Empire,DiffWire CT,gcn,12346,,0.5162144275314361,0.428633240753487,0.5106993161261858,0.4321224590129559,1.3269437551498413,399.0,f1,0.428633240753487
Roman-Empire,DiffWire CT,gcn,12347,,0.5263622325170968,0.4491007669864657,0.5065078314581954,0.4276099260720938,1.3354499340057373,400.0,f1,0.4491007669864657
Roman-Empire,DiffWire CT,gcn,12348,,0.5089344804765056,0.4240736800510202,0.5181998676373263,0.4411701840502834,1.3284859657287598,400.0,f1,0.4240736800510202
Roman-Empire,DiffWire CT,gcn,12349,,0.5043017868960953,0.4354857624522003,0.4917273328921244,0.4274144617000926,1.3282454013824463,391.0,f1,0.4354857624522003
Roman-Empire,DiffWire CT,gcn,12350,,0.5120229428634459,0.4257712886719781,0.5069490403706155,0.4151902837074609,1.334515929222107,394.0,f1,0.4257712886719781
Roman-Empire,DiffWire CT,gcn,12351,,0.513567174056916,0.4271851113688425,0.5217295389366865,0.4322439294517133,1.3291118144989014,399.0,f1,0.4271851113688425
Roman-Empire,DiffWire CT,gcn,12352,,0.5076108537392455,0.4344011014947828,0.499889697771895,0.4207200712949293,1.3535609245300293,400.0,f1,0.4344011014947828
Roman-Empire,DiffWire CT,gcn,12353,,0.5038605779836752,0.4207285779639371,0.5012133245091551,0.4124804818546753,1.3470627069473269,400.0,f1,0.4207285779639371
Roman-Empire,DiffWire CT,gcn,12354,,0.4987866754908449,0.4175329704275253,0.5133465696007059,0.432200015741625,1.34279465675354,400.0,f1,0.4175329704275253
Roman-Empire,DiffWire CT,gcn,12355,,0.5133465696007059,0.4344772018690747,0.5067284359144054,0.424010830440499,1.3474448919296265,400.0,f1,0.4344772018690747
Roman-Empire,DiffWire CT,gcn,12356,,0.5124641517758659,0.431547667655376,0.4994484888594749,0.4163243745503758,1.3438735008239746,398.0,f1,0.431547667655376
Roman-Empire,DiffWire CT,gcn,12357,,0.499889697771895,0.4231587631876305,0.5155526141628061,0.4369095767006897,1.360729694366455,399.0,f1,0.4231587631876305
Roman-Empire,DiffWire CT,gcn,12358,,0.5012133245091551,0.4248061969125932,0.5043017868960953,0.4081048290370857,1.3493670225143433,394.0,f1,0.4248061969125932
Roman-Empire,DiffWire CT,gcn,12359,,0.5095962938451357,0.4309361676934952,0.5104787116699757,0.4451485959444466,1.344225525856018,399.0,f1,0.4309361676934952
Roman-Empire,DiffWire CT,gcn,12360,,0.5124641517758659,0.4265952795248293,0.5126847562320759,0.4270640064682516,1.3391140699386597,400.0,f1,0.4265952795248293
Roman-Empire,DiffWire CT,gcn,12361,,0.5043017868960953,0.432444897940214,0.4974630487535848,0.4125137312608464,1.3285655975341797,394.0,f1,0.432444897940214
Roman-Empire,DiffWire CT,gcn,12362,,0.5146701963379661,0.4369170599075805,0.5157732186190161,0.4341652314587045,1.3294037580490112,399.0,f1,0.4369170599075805
Roman-Empire,DiffWire CT,gcn,12363,,0.5179792631811163,0.4400711496278916,0.5104787116699757,0.422358472658759,1.33294939994812,399.0,f1,0.4400711496278916
Roman-Empire,DiffWire CT,gcn,12364,,0.5062872270019855,0.4383534295188038,0.514228987425546,0.4346373990911735,1.3361544609069824,400.0,f1,0.4383534295188038
Roman-Empire,DiffWire CT,gcn,12365,,0.513567174056916,0.4358175327370945,0.5034193690712553,0.4169942519015822,1.342436909675598,399.0,f1,0.4358175327370945
Roman-Empire,DiffWire CT,gcn,12366,,0.5115817339510258,0.433531450482242,0.5248180013236268,0.4397061537079453,1.3143162727355957,392.0,f1,0.433531450482242
Roman-Empire,DiffWire CT,gcn,12367,,0.5087138760202956,0.426980019575522,0.5020957423339951,0.4155727328725321,1.3180104494094849,396.0,f1,0.426980019575522
Roman-Empire,DiffWire CT,gcn,12368,,0.513567174056916,0.4346159347998911,0.5098168983013457,0.4232231545617122,1.3271268606185913,396.0,f1,0.4346159347998911
Roman-Empire,DiffWire CT,gcn,12369,,0.5166556364438561,0.4426392703789467,0.499889697771895,0.4226835817356133,1.3587191104888916,399.0,f1,0.4426392703789467
Roman-Empire,DiffWire CT,gcn,12370,,0.5106993161261858,0.4314256286564327,0.5012133245091551,0.4217917464174875,1.3298224210739136,400.0,f1,0.4314256286564327
Roman-Empire,DiffWire CT,gcn,12371,,0.5091550849327157,0.4362843161447773,0.5162144275314361,0.4367342735253212,1.3451274633407593,400.0,f1,0.4362843161447773
Roman-Empire,DiffWire CT,gcn,12372,,0.5175380542686963,0.4350561111715581,0.5104787116699757,0.4361509344463541,1.3351765871047974,399.0,f1,0.4350561111715581
Roman-Empire,DiffWire CT,gcn,12373,,0.513567174056916,0.4351191275909147,0.5056254136333554,0.4276431267147942,1.333538055419922,397.0,f1,0.4351191275909147
Roman-Empire,DiffWire CT,gcn,12374,,0.5239355834987867,0.4441423477479553,0.5164350319876462,0.4280640710937762,1.329525113105774,398.0,f1,0.4441423477479553
Texas,SDRF,gcn,12345,0.0,0.7567567567567568,0.5197069597069597,0.6486486486486487,0.40625,0.5982643365859985,287.0,f1,0.5197069597069597
Texas,SDRF,gcn,12345,0.1,0.7567567567567568,0.5260377358490567,0.7027027027027027,0.4291968599033816,0.7057267427444458,179.0,f1,0.5260377358490567
Texas,SDRF,gcn,12345,0.25,0.7567567567567568,0.4892307692307692,0.6756756756756757,0.4062801932367149,0.652470588684082,193.0,f1,0.4892307692307692
Texas,SDRF,gcn,12345,0.4,0.7567567567567568,0.5260377358490567,0.6756756756756757,0.3690159574468085,0.6760953068733215,287.0,f1,0.5260377358490567
Texas,SDRF,gcn,12345,0.55,0.6756756756756757,0.4118238993710691,0.6756756756756757,0.4121794871794872,0.6581711173057556,262.0,f1,0.4118238993710691
Texas,SDRF,gcn,12346,0.0,0.6216216216216216,0.45,0.4864864864864865,0.2534237726098191,0.4556854963302612,360.0,f1,0.45
Texas,SDRF,gcn,12346,0.1,0.6216216216216216,0.4435897435897436,0.5405405405405406,0.40007215007215,0.5501416921615601,357.0,f1,0.4435897435897436
Texas,SDRF,gcn,12346,0.25,0.6486486486486487,0.4828216374269006,0.7027027027027027,0.4883241758241758,0.4887668490409851,364.0,f1,0.4828216374269006
Texas,SDRF,gcn,12346,0.4,0.6216216216216216,0.4299242424242424,0.7027027027027027,0.4932614555256064,0.4782464206218719,394.0,f1,0.4299242424242424
Texas,SDRF,gcn,12346,0.55,0.6216216216216216,0.4486111111111111,0.6756756756756757,0.4179894179894179,0.6372462511062622,258.0,f1,0.4486111111111111
Texas,SDRF,gcn,12347,0.0,0.6486486486486487,0.4295454545454545,0.5405405405405406,0.3360323886639675,0.7044796943664551,146.0,f1,0.4295454545454545
Texas,SDRF,gcn,12347,0.1,0.5675675675675675,0.4549486461251166,0.6216216216216216,0.4956709956709957,0.5850512385368347,237.0,f1,0.4549486461251166
Texas,SDRF,gcn,12347,0.25,0.6756756756756757,0.4824088145896656,0.5675675675675675,0.4173441734417344,0.7064435482025146,160.0,f1,0.4824088145896656
Texas,SDRF,gcn,12347,0.4,0.6756756756756757,0.3921703296703296,0.5405405405405406,0.3287114845938375,0.8767194151878357,136.0,f1,0.3921703296703296
Texas,SDRF,gcn,12347,0.55,0.5945945945945946,0.4112695814823474,0.5405405405405406,0.3414820473644003,0.5622120499610901,376.0,f1,0.4112695814823474
Texas,SDRF,gcn,12348,0.0,0.7837837837837838,0.7440735986307231,0.6756756756756757,0.3447802197802198,0.650654137134552,277.0,f1,0.7440735986307231
Texas,SDRF,gcn,12348,0.1,0.7027027027027027,0.5011764705882353,0.6486486486486487,0.3217687074829932,0.5578708648681641,361.0,f1,0.5011764705882353
Texas,SDRF,gcn,12348,0.25,0.7297297297297297,0.5574229691876751,0.6216216216216216,0.312,0.7427054047584534,205.0,f1,0.5574229691876751
Texas,SDRF,gcn,12348,0.4,0.7027027027027027,0.5337876614060258,0.5945945945945946,0.2955128205128205,0.6307640671730042,238.0,f1,0.5337876614060258
Texas,SDRF,gcn,12348,0.55,0.6756756756756757,0.5264705882352941,0.5945945945945946,0.2833333333333333,0.7103844881057739,234.0,f1,0.5264705882352941
Texas,SDRF,gcn,12349,0.0,0.5945945945945946,0.4514705882352942,0.6756756756756757,0.4286750483558994,0.4950513243675232,363.0,f1,0.4514705882352942
Texas,SDRF,gcn,12349,0.1,0.6216216216216216,0.4753401360544217,0.7297297297297297,0.5194805194805194,0.5229144096374512,342.0,f1,0.4753401360544217
Texas,SDRF,gcn,12349,0.25,0.6486486486486487,0.5597826086956521,0.6486486486486487,0.4666666666666667,0.5400860905647278,344.0,f1,0.5597826086956521
Texas,SDRF,gcn,12349,0.4,0.6486486486486487,0.5025,0.7567567567567568,0.532326369282891,0.7598636150360107,206.0,f1,0.5025
Texas,SDRF,gcn,12349,0.55,0.6216216216216216,0.5480210846064505,0.6216216216216216,0.3911064425770308,0.6012561917304993,366.0,f1,0.5480210846064505
Texas,SDRF,gcn,12350,0.0,0.7297297297297297,0.5,0.4594594594594595,0.2383333333333333,0.6359313726425171,178.0,f1,0.5
Texas,SDRF,gcn,12350,0.1,0.6756756756756757,0.4857954545454545,0.4324324324324324,0.2174358974358974,0.647663950920105,234.0,f1,0.4857954545454545
Texas,SDRF,gcn,12350,0.25,0.7027027027027027,0.4637362637362637,0.4324324324324324,0.2,0.5103248357772827,353.0,f1,0.4637362637362637
Texas,SDRF,gcn,12350,0.4,0.7027027027027027,0.4619047619047619,0.4594594594594595,0.2083333333333333,0.676956832408905,239.0,f1,0.4619047619047619
Texas,SDRF,gcn,12350,0.55,0.7027027027027027,0.3942307692307693,0.5405405405405406,0.2457971014492753,0.7143715620040894,169.0,f1,0.3942307692307693
Texas,SDRF,gcn,12351,0.0,0.5945945945945946,0.5246999612853271,0.6486486486486487,0.4349958552086211,0.5887128710746765,238.0,f1,0.5246999612853271
Texas,SDRF,gcn,12351,0.1,0.5675675675675675,0.5117424242424242,0.6216216216216216,0.4141636141636141,0.6397085189819336,194.0,f1,0.5117424242424242
Texas,SDRF,gcn,12351,0.25,0.6216216216216216,0.5368950832365467,0.6216216216216216,0.4170807453416149,0.6367976069450378,195.0,f1,0.5368950832365467
Texas,SDRF,gcn,12351,0.4,0.5675675675675675,0.5083333333333333,0.6216216216216216,0.3706521739130434,0.6682378649711609,198.0,f1,0.5083333333333333
Texas,SDRF,gcn,12351,0.55,0.5675675675675675,0.4601370851370851,0.5945945945945946,0.3664893617021276,0.6358557343482971,244.0,f1,0.4601370851370851
Texas,SDRF,gcn,12352,0.0,0.7027027027027027,0.4916666666666667,0.6486486486486487,0.4154143728611814,0.741344690322876,174.0,f1,0.4916666666666667
Texas,SDRF,gcn,12352,0.1,0.6486486486486487,0.4122023809523809,0.6216216216216216,0.443839899937461,0.507023811340332,400.0,f1,0.4122023809523809
Texas,SDRF,gcn,12352,0.25,0.7297297297297297,0.3894230769230769,0.7027027027027027,0.4002659574468085,0.961619794368744,111.0,f1,0.3894230769230769
Texas,SDRF,gcn,12352,0.4,0.6486486486486487,0.4328571428571428,0.7027027027027027,0.5262445887445888,0.7557119727134705,283.0,f1,0.4328571428571428
Texas,SDRF,gcn,12352,0.55,0.6486486486486487,0.4541316526610644,0.6486486486486487,0.4261363636363636,0.7070730328559875,344.0,f1,0.4541316526610644
Texas,SDRF,gcn,12353,0.0,0.5675675675675675,0.3590062111801242,0.5675675675675675,0.3375816993464052,0.7585190534591675,112.0,f1,0.3590062111801242
Texas,SDRF,gcn,12353,0.1,0.5945945945945946,0.3606271777003484,0.4864864864864865,0.21875,0.7154413461685181,133.0,f1,0.3606271777003484
Texas,SDRF,gcn,12353,0.25,0.5945945945945946,0.3679120879120879,0.5405405405405406,0.3165064102564102,0.3776330649852752,358.0,f1,0.3679120879120879
Texas,SDRF,gcn,12353,0.4,0.5405405405405406,0.3222222222222222,0.5675675675675675,0.3258333333333333,0.6886938810348511,134.0,f1,0.3222222222222222
Texas,SDRF,gcn,12353,0.55,0.5135135135135135,0.3476569005980771,0.5405405405405406,0.312892464678179,0.493420273065567,209.0,f1,0.3476569005980771
Texas,SDRF,gcn,12354,0.0,0.7567567567567568,0.5612244897959184,0.6756756756756757,0.4195417789757412,0.8403416872024536,134.0,f1,0.5612244897959184
Texas,SDRF,gcn,12354,0.1,0.7027027027027027,0.5414553700267987,0.5945945945945946,0.3,0.6744863390922546,385.0,f1,0.5414553700267987
Texas,SDRF,gcn,12354,0.25,0.6486486486486487,0.4531746031746032,0.6756756756756757,0.425,0.6398050785064697,396.0,f1,0.4531746031746032
Texas,SDRF,gcn,12354,0.4,0.6756756756756757,0.4457799145299145,0.6756756756756757,0.4047459893048128,0.7472457885742188,379.0,f1,0.4457799145299145
Texas,SDRF,gcn,12354,0.55,0.7027027027027027,0.464627659574468,0.6486486486486487,0.410223704866562,0.6829866170883179,372.0,f1,0.464627659574468
Texas,SDRF,gcn,12355,0.0,0.6756756756756757,0.4607107383291027,0.5135135135135135,0.3073684210526315,0.58094722032547,304.0,f1,0.4607107383291027
Texas,SDRF,gcn,12355,0.1,0.5945945945945946,0.478021978021978,0.5675675675675675,0.5019196489784724,0.5200663805007935,387.0,f1,0.478021978021978
Texas,SDRF,gcn,12355,0.25,0.6756756756756757,0.4789244186046512,0.5945945945945946,0.4758771929824562,0.737492561340332,271.0,f1,0.4789244186046512
Texas,SDRF,gcn,12355,0.4,0.7027027027027027,0.5123188405797101,0.5945945945945946,0.3463414634146341,0.5971905589103699,394.0,f1,0.5123188405797101
Texas,SDRF,gcn,12355,0.55,0.7027027027027027,0.5123188405797101,0.5405405405405406,0.29,0.6328055262565613,393.0,f1,0.5123188405797101
Texas,SDRF,gcn,12356,0.0,0.7027027027027027,0.4829277864992151,0.6486486486486487,0.5027131782945736,0.7672974467277527,146.0,f1,0.4829277864992151
Texas,SDRF,gcn,12356,0.1,0.6756756756756757,0.4645833333333333,0.6216216216216216,0.4648926654740608,0.6777427196502686,170.0,f1,0.4645833333333333
Texas,SDRF,gcn,12356,0.25,0.7297297297297297,0.5067032967032967,0.5945945945945946,0.4318181818181818,0.7549313902854919,156.0,f1,0.5067032967032967
Texas,SDRF,gcn,12356,0.4,0.7027027027027027,0.4829277864992151,0.5945945945945946,0.4265734265734265,0.7869941592216492,169.0,f1,0.4829277864992151
Texas,SDRF,gcn,12356,0.55,0.7027027027027027,0.5184294871794871,0.5405405405405406,0.2971576227390181,0.7995346784591675,155.0,f1,0.5184294871794871
Texas,SDRF,gcn,12357,0.0,0.5675675675675675,0.3826388888888888,0.5945945945945946,0.3023809523809523,0.585439145565033,206.0,f1,0.3826388888888888
Texas,SDRF,gcn,12357,0.1,0.5135135135135135,0.3382352941176471,0.6216216216216216,0.3454991816693944,0.5274764895439148,205.0,f1,0.3382352941176471
Texas,SDRF,gcn,12357,0.25,0.4864864864864865,0.3254349816849817,0.5405405405405406,0.3251648351648352,0.5330879092216492,240.0,f1,0.3254349816849817
Texas,SDRF,gcn,12357,0.4,0.4864864864864865,0.3200757575757575,0.5405405405405406,0.3352813852813853,0.4771991670131683,281.0,f1,0.3200757575757575
Texas,SDRF,gcn,12357,0.55,0.4594594594594595,0.3073593073593074,0.5405405405405406,0.323015873015873,0.5239178538322449,252.0,f1,0.3073593073593074
Texas,SDRF,gcn,12358,0.0,0.5945945945945946,0.507051282051282,0.6486486486486487,0.4044289044289044,0.5984698534011841,168.0,f1,0.507051282051282
Texas,SDRF,gcn,12358,0.1,0.5135135135135135,0.4539473684210526,0.6486486486486487,0.5486006241820195,0.4400855004787445,336.0,f1,0.4539473684210526
Texas,SDRF,gcn,12358,0.25,0.5405405405405406,0.498975348975349,0.5945945945945946,0.4962905452035887,0.5333044528961182,248.0,f1,0.498975348975349
Texas,SDRF,gcn,12358,0.4,0.5405405405405406,0.4676470588235294,0.5945945945945946,0.4763056092843327,0.5727537274360657,360.0,f1,0.4676470588235294
Texas,SDRF,gcn,12358,0.55,0.5945945945945946,0.4973257418909592,0.6216216216216216,0.3726851851851852,0.7073127627372742,221.0,f1,0.4973257418909592
Texas,SDRF,gcn,12359,0.0,0.7297297297297297,0.5374149659863945,0.5405405405405406,0.2184615384615384,0.7290239930152893,165.0,f1,0.5374149659863945
Texas,SDRF,gcn,12359,0.1,0.7027027027027027,0.5777777777777777,0.5135135135135135,0.2752525252525252,0.434074193239212,383.0,f1,0.5777777777777777
Texas,SDRF,gcn,12359,0.25,0.7567567567567568,0.6299372462163161,0.5945945945945946,0.3438372093023256,0.6043603420257568,263.0,f1,0.6299372462163161
Texas,SDRF,gcn,12359,0.4,0.7567567567567568,0.6444444444444444,0.6216216216216216,0.336837765409194,0.7206913232803345,220.0,f1,0.6444444444444444
Texas,SDRF,gcn,12359,0.55,0.7027027027027027,0.5578947368421053,0.6216216216216216,0.3495361781076067,0.7230721712112427,236.0,f1,0.5578947368421053
Texas,SDRF,gcn,12360,0.0,0.7567567567567568,0.4603174603174603,0.6216216216216216,0.3114630467571644,0.4919632971286773,348.0,f1,0.4603174603174603
Texas,SDRF,gcn,12360,0.1,0.7567567567567568,0.4517188693659282,0.5675675675675675,0.314484126984127,0.6787750720977783,164.0,f1,0.4517188693659282
Texas,SDRF,gcn,12360,0.25,0.7567567567567568,0.4252127659574468,0.6216216216216216,0.3388888888888888,0.7233043313026428,167.0,f1,0.4252127659574468
Texas,SDRF,gcn,12360,0.4,0.7567567567567568,0.4252127659574468,0.5945945945945946,0.29708853238265,0.6918705105781555,176.0,f1,0.4252127659574468
Texas,SDRF,gcn,12360,0.55,0.7297297297297297,0.429923273657289,0.5675675675675675,0.2771836007130125,0.697335422039032,190.0,f1,0.429923273657289
Texas,SDRF,gcn,12361,0.0,0.5405405405405406,0.3767482517482518,0.6216216216216216,0.4038461538461538,0.6147587895393372,180.0,f1,0.3767482517482518
Texas,SDRF,gcn,12361,0.1,0.4864864864864865,0.3615668883961567,0.6216216216216216,0.4658084163898117,0.4295502305030823,353.0,f1,0.3615668883961567
Texas,SDRF,gcn,12361,0.25,0.5405405405405406,0.3443675889328063,0.6756756756756757,0.3923076923076923,0.6892126202583313,153.0,f1,0.3443675889328063
Texas,SDRF,gcn,12361,0.4,0.5675675675675675,0.3200371057513914,0.7027027027027027,0.3981900452488688,0.901279091835022,105.0,f1,0.3200371057513914
Texas,SDRF,gcn,12361,0.55,0.5675675675675675,0.3200371057513914,0.7027027027027027,0.3981900452488688,0.8815264105796814,108.0,f1,0.3200371057513914
Texas,SDRF,gcn,12362,0.0,0.6216216216216216,0.4035326086956521,0.6756756756756757,0.3881027253668763,0.6298586130142212,250.0,f1,0.4035326086956521
Texas,SDRF,gcn,12362,0.1,0.6756756756756757,0.425595238095238,0.6216216216216216,0.3409703504043126,0.7080104947090149,203.0,f1,0.425595238095238
Texas,SDRF,gcn,12362,0.25,0.6486486486486487,0.4513636363636363,0.5945945945945946,0.2658730158730158,0.5859620571136475,331.0,f1,0.4513636363636363
Texas,SDRF,gcn,12362,0.4,0.7027027027027027,0.4824420677361853,0.6486486486486487,0.2767857142857143,0.7389702200889587,210.0,f1,0.4824420677361853
Texas,SDRF,gcn,12362,0.55,0.6756756756756757,0.472051282051282,0.6756756756756757,0.3912037037037037,0.7541163563728333,285.0,f1,0.472051282051282
Texas,SDRF,gcn,12363,0.0,0.5945945945945946,0.5169455169455169,0.6216216216216216,0.3868055555555555,0.4356433749198913,333.0,f1,0.5169455169455169
Texas,SDRF,gcn,12363,0.1,0.5675675675675675,0.4925595238095238,0.6756756756756757,0.4320261437908497,0.4622032940387726,327.0,f1,0.4925595238095238
Texas,SDRF,gcn,12363,0.25,0.5945945945945946,0.5382744495647721,0.5945945945945946,0.3862761115649434,0.5042694807052612,292.0,f1,0.5382744495647721
Texas,SDRF,gcn,12363,0.4,0.5135135135135135,0.4693802521008403,0.6216216216216216,0.4459511077158136,0.4947939813137054,351.0,f1,0.4693802521008403
Texas,SDRF,gcn,12363,0.55,0.5135135135135135,0.45625,0.6216216216216216,0.4361471861471861,0.4806489944458008,400.0,f1,0.45625
Texas,SDRF,gcn,12364,0.0,0.6756756756756757,0.4369875222816399,0.5675675675675675,0.334697217675941,0.6822531223297119,145.0,f1,0.4369875222816399
Texas,SDRF,gcn,12364,0.1,0.6756756756756757,0.4369875222816399,0.5945945945945946,0.388628762541806,0.6336318254470825,159.0,f1,0.4369875222816399
Texas,SDRF,gcn,12364,0.25,0.6486486486486487,0.52008547008547,0.5945945945945946,0.3581560283687943,0.5664672255516052,204.0,f1,0.52008547008547
Texas,SDRF,gcn,12364,0.4,0.6756756756756757,0.5514533085961657,0.5405405405405406,0.3484848484848485,0.5445511341094971,348.0,f1,0.5514533085961657
Texas,SDRF,gcn,12364,0.55,0.6486486486486487,0.5123834498834499,0.5675675675675675,0.3626692456479691,0.6048920154571533,382.0,f1,0.5123834498834499
Texas,SDRF,gcn,12365,0.0,0.7567567567567568,0.756005622284692,0.6486486486486487,0.384313725490196,0.7486193776130676,148.0,f1,0.756005622284692
Texas,SDRF,gcn,12365,0.1,0.7837837837837838,0.7872023809523809,0.5945945945945946,0.3918690958164643,0.7154136896133423,186.0,f1,0.7872023809523809
Texas,SDRF,gcn,12365,0.25,0.7837837837837838,0.7899267399267399,0.6486486486486487,0.4377092300334768,0.6873510479927063,241.0,f1,0.7899267399267399
Texas,SDRF,gcn,12365,0.4,0.7837837837837838,0.7926356589147286,0.6486486486486487,0.4412280701754386,0.762405514717102,271.0,f1,0.7926356589147286
Texas,SDRF,gcn,12365,0.55,0.7837837837837838,0.805874765478424,0.7297297297297297,0.5186807095343681,0.784627377986908,245.0,f1,0.805874765478424
Texas,SDRF,gcn,12366,0.0,0.6486486486486487,0.4791866028708134,0.5135135135135135,0.3400974025974026,0.6416794061660767,239.0,f1,0.4791866028708134
Texas,SDRF,gcn,12366,0.1,0.7027027027027027,0.603753702437913,0.5675675675675675,0.433738517579981,0.5586793422698975,322.0,f1,0.603753702437913
Texas,SDRF,gcn,12366,0.25,0.6756756756756757,0.5879987129987131,0.5135135135135135,0.3803571428571428,0.5362934470176697,322.0,f1,0.5879987129987131
Texas,SDRF,gcn,12366,0.4,0.6756756756756757,0.4889354066985646,0.5405405405405406,0.4023032200357782,0.6355593800544739,306.0,f1,0.4889354066985646
Texas,SDRF,gcn,12366,0.55,0.6486486486486487,0.4434531450577663,0.4864864864864865,0.37493130176057,0.6322382092475891,307.0,f1,0.4434531450577663
Texas,SDRF,gcn,12367,0.0,0.6756756756756757,0.568095025541834,0.5405405405405406,0.2855064557192217,0.6311676502227783,321.0,f1,0.568095025541834
Texas,SDRF,gcn,12367,0.1,0.7297297297297297,0.6951832151300237,0.5945945945945946,0.3684124386252045,0.6399711966514587,384.0,f1,0.6951832151300237
Texas,SDRF,gcn,12367,0.25,0.6756756756756757,0.4529857397504456,0.5675675675675675,0.3585099111414901,0.8423751592636108,153.0,f1,0.4529857397504456
Texas,SDRF,gcn,12367,0.4,0.7837837837837838,0.4169811320754717,0.6216216216216216,0.3076470588235294,1.075386643409729,106.0,f1,0.4169811320754717
Texas,SDRF,gcn,12367,0.55,0.7837837837837838,0.4272486772486772,0.6756756756756757,0.3352564102564103,1.0711387395858765,106.0,f1,0.4272486772486772
Texas,SDRF,gcn,12368,0.0,0.5135135135135135,0.3937732589048378,0.5405405405405406,0.2884162895927601,0.5103689432144165,365.0,f1,0.3937732589048378
Texas,SDRF,gcn,12368,0.1,0.5405405405405406,0.4368107769423558,0.5135135135135135,0.235230352303523,0.4718509018421173,365.0,f1,0.4368107769423558
Texas,SDRF,gcn,12368,0.25,0.5405405405405406,0.4416666666666666,0.6486486486486487,0.325,0.6871557235717773,366.0,f1,0.4416666666666666
Texas,SDRF,gcn,12368,0.4,0.5405405405405406,0.4416666666666666,0.6216216216216216,0.3164728682170543,0.4762609004974365,318.0,f1,0.4416666666666666
Texas,SDRF,gcn,12368,0.55,0.4864864864864865,0.3686868686868687,0.6756756756756757,0.3752380952380952,0.5330300331115723,360.0,f1,0.3686868686868687
Texas,SDRF,gcn,12369,0.0,0.7027027027027027,0.5226404800872886,0.5945945945945946,0.4311965811965812,0.501372218132019,370.0,f1,0.5226404800872886
Texas,SDRF,gcn,12369,0.1,0.6756756756756757,0.5010131712259371,0.5135135135135135,0.3361111111111111,0.5900284051895142,182.0,f1,0.5010131712259371
Texas,SDRF,gcn,12369,0.25,0.7837837837837838,0.5743731003039514,0.5405405405405406,0.3935406698564593,0.6287306547164917,198.0,f1,0.5743731003039514
Texas,SDRF,gcn,12369,0.4,0.7027027027027027,0.5125,0.5405405405405406,0.4027777777777777,0.5678538680076599,383.0,f1,0.5125
Texas,SDRF,gcn,12369,0.55,0.7027027027027027,0.4894230769230769,0.5135135135135135,0.3801470588235294,0.6349791884422302,230.0,f1,0.4894230769230769
Texas,SDRF,gcn,12370,0.0,0.7027027027027027,0.5146276595744681,0.5945945945945946,0.4683579985905567,0.7948934435844421,165.0,f1,0.5146276595744681
Texas,SDRF,gcn,12370,0.1,0.7027027027027027,0.5282738095238095,0.5675675675675675,0.4833333333333334,0.6235114336013794,198.0,f1,0.5282738095238095
Texas,SDRF,gcn,12370,0.25,0.7027027027027027,0.4788461538461538,0.5945945945945946,0.445054945054945,0.6679993271827698,161.0,f1,0.4788461538461538
Texas,SDRF,gcn,12370,0.4,0.6756756756756757,0.4517628205128204,0.5945945945945946,0.4329268292682926,0.6917306780815125,263.0,f1,0.4517628205128204
Texas,SDRF,gcn,12370,0.55,0.5945945945945946,0.3965380549682875,0.6216216216216216,0.4589285714285714,0.6431699395179749,316.0,f1,0.3965380549682875
Texas,SDRF,gcn,12371,0.0,0.5135135135135135,0.3557539682539682,0.6216216216216216,0.4977314352314352,0.4565856754779815,345.0,f1,0.3557539682539682
Texas,SDRF,gcn,12371,0.1,0.5405405405405406,0.3821106821106821,0.6486486486486487,0.4606094388703084,0.4914517402648926,265.0,f1,0.3821106821106821
Texas,SDRF,gcn,12371,0.25,0.5675675675675675,0.4212787212787212,0.6216216216216216,0.4484848484848485,0.6836053729057312,175.0,f1,0.4212787212787212
Texas,SDRF,gcn,12371,0.4,0.5675675675675675,0.4201040612805319,0.6216216216216216,0.4308510638297872,0.713958203792572,181.0,f1,0.4201040612805319
Texas,SDRF,gcn,12371,0.55,0.5405405405405406,0.3738329781673434,0.6216216216216216,0.4003401360544217,0.7240416407585144,194.0,f1,0.3738329781673434
Texas,SDRF,gcn,12372,0.0,0.6486486486486487,0.3623885918003565,0.6216216216216216,0.336734693877551,0.5695885419845581,320.0,f1,0.3623885918003565
Texas,SDRF,gcn,12372,0.1,0.5945945945945946,0.35,0.5405405405405406,0.3277591973244147,0.4769792556762695,396.0,f1,0.35
Texas,SDRF,gcn,12372,0.25,0.7297297297297297,0.4705128205128205,0.6486486486486487,0.4017628205128205,0.5589486360549927,300.0,f1,0.4705128205128205
Texas,SDRF,gcn,12372,0.4,0.7567567567567568,0.337037037037037,0.6486486486486487,0.3575757575757575,1.0709351301193235,88.0,f1,0.337037037037037
Texas,SDRF,gcn,12372,0.55,0.6756756756756757,0.4345098039215685,0.6216216216216216,0.347723704866562,0.6440718770027161,301.0,f1,0.4345098039215685
Texas,SDRF,gcn,12373,0.0,0.7837837837837838,0.7237549684358195,0.6216216216216216,0.4649244833068363,0.5156490206718445,385.0,f1,0.7237549684358195
Texas,SDRF,gcn,12373,0.1,0.7837837837837838,0.6684523809523809,0.5675675675675675,0.3878205128205128,0.6409116387367249,249.0,f1,0.6684523809523809
Texas,SDRF,gcn,12373,0.25,0.7297297297297297,0.6705128205128205,0.5945945945945946,0.4569256756756756,0.5695845484733582,394.0,f1,0.6705128205128205
Texas,SDRF,gcn,12373,0.4,0.7567567567567568,0.636437908496732,0.7027027027027027,0.5237179487179487,0.7350145578384399,303.0,f1,0.636437908496732
Texas,SDRF,gcn,12373,0.55,0.7837837837837838,0.5654659805603202,0.6486486486486487,0.4263888888888889,0.8366943001747131,200.0,f1,0.5654659805603202
Texas,SDRF,gcn,12374,0.0,0.7027027027027027,0.5456590193432299,0.5405405405405406,0.2862929681928398,0.5711274743080139,283.0,f1,0.5456590193432299
Texas,SDRF,gcn,12374,0.1,0.7027027027027027,0.5342105263157895,0.5675675675675675,0.2628571428571428,0.6576060652732849,195.0,f1,0.5342105263157895
Texas,SDRF,gcn,12374,0.25,0.7567567567567568,0.584510055626872,0.6486486486486487,0.345021645021645,0.6782699823379517,207.0,f1,0.584510055626872
Texas,SDRF,gcn,12374,0.4,0.7567567567567568,0.5948170731707317,0.6486486486486487,0.3541687979539641,0.7196148633956909,251.0,f1,0.5948170731707317
Texas,SDRF,gcn,12374,0.55,0.7567567567567568,0.5948170731707317,0.5675675675675675,0.2993650793650794,0.711737334728241,304.0,f1,0.5948170731707317
Texas,SDRF,sage,12345,0.0,0.7297297297297297,0.5440354767184036,0.7027027027027027,0.6932292853345485,0.0177611410617828,126.0,f1,0.5440354767184036
Texas,SDRF,sage,12345,0.1,0.7297297297297297,0.4878552971576227,0.7297297297297297,0.7,0.0274533201009035,106.0,f1,0.4878552971576227
Texas,SDRF,sage,12345,0.25,0.7567567567567568,0.5040404040404041,0.7297297297297297,0.7,0.0199907571077346,251.0,f1,0.5040404040404041
Texas,SDRF,sage,12345,0.4,0.7567567567567568,0.5040404040404041,0.6486486486486487,0.6245934959349593,0.0116679053753614,219.0,f1,0.5040404040404041
Texas,SDRF,sage,12345,0.55,0.8108108108108109,0.5897435897435898,0.6756756756756757,0.5984848484848484,0.0040417583659291,193.0,f1,0.5897435897435898
Texas,SDRF,sage,12346,0.0,0.8378378378378378,0.782080200501253,0.8648648648648649,0.6793119923554706,0.0288048963993787,171.0,f1,0.782080200501253
Texas,SDRF,sage,12346,0.1,0.8918918918918919,0.8641148325358852,0.8108108108108109,0.6398471094123268,0.0271240193396806,130.0,f1,0.8641148325358852
Texas,SDRF,sage,12346,0.25,0.8108108108108109,0.7555023923444977,0.7837837837837838,0.6260317460317459,0.0453161187469959,117.0,f1,0.7555023923444977
Texas,SDRF,sage,12346,0.4,0.8648648648648649,0.8244949494949495,0.8108108108108109,0.6489177489177489,0.001740229432471,397.0,f1,0.8244949494949495
Texas,SDRF,sage,12346,0.55,0.8378378378378378,0.8055023923444977,0.8378378378378378,0.6825396825396826,0.0557436794042587,88.0,f1,0.8055023923444977
Texas,SDRF,sage,12347,0.0,0.6756756756756757,0.6103535353535354,0.6486486486486487,0.5082219251336899,0.0073625012300908,400.0,f1,0.6103535353535354
Texas,SDRF,sage,12347,0.1,0.7027027027027027,0.6277027027027027,0.6216216216216216,0.4582572159298502,0.0015016966499388,387.0,f1,0.6277027027027027
Texas,SDRF,sage,12347,0.25,0.7567567567567568,0.6597953216374268,0.6756756756756757,0.459469696969697,0.0228614006191492,115.0,f1,0.6597953216374268
Texas,SDRF,sage,12347,0.4,0.7027027027027027,0.6200632700632701,0.6756756756756757,0.4761904761904761,0.0060034617781639,274.0,f1,0.6200632700632701
Texas,SDRF,sage,12347,0.55,0.7027027027027027,0.6140977443609023,0.6486486486486487,0.4084415584415584,0.0171172078698873,147.0,f1,0.6140977443609023
Texas,SDRF,sage,12348,0.0,0.7837837837837838,0.7209429824561403,0.7567567567567568,0.3928888888888888,0.0503192506730556,82.0,f1,0.7209429824561403
Texas,SDRF,sage,12348,0.1,0.7027027027027027,0.6435222672064778,0.6756756756756757,0.4981884057971014,0.1318778991699218,75.0,f1,0.6435222672064778
Texas,SDRF,sage,12348,0.25,0.7027027027027027,0.6585375816993464,0.5405405405405406,0.4149350649350649,0.1167919337749481,72.0,f1,0.6585375816993464
Texas,SDRF,sage,12348,0.4,0.7297297297297297,0.6816468253968253,0.6486486486486487,0.3890909090909091,0.0772829353809356,80.0,f1,0.6816468253968253
Texas,SDRF,sage,12348,0.55,0.7567567567567568,0.6992521367521367,0.7027027027027027,0.3677272727272727,0.0449719615280628,85.0,f1,0.6992521367521367
Texas,SDRF,sage,12349,0.0,0.8378378378378378,0.8452380952380952,0.7027027027027027,0.6557330057330057,0.0083820642903447,307.0,f1,0.8452380952380952
Texas,SDRF,sage,12349,0.1,0.7837837837837838,0.7727932636469221,0.7027027027027027,0.643925518925519,0.0076927356421947,400.0,f1,0.7727932636469221
Texas,SDRF,sage,12349,0.25,0.7567567567567568,0.7262362637362637,0.6756756756756757,0.5956349206349206,0.0242517739534378,225.0,f1,0.7262362637362637
Texas,SDRF,sage,12349,0.4,0.7567567567567568,0.7232142857142858,0.7567567567567568,0.6986337986337987,0.0211541354656219,127.0,f1,0.7232142857142858
Texas,SDRF,sage,12349,0.55,0.7567567567567568,0.7380863039399624,0.7027027027027027,0.6216374269005848,0.0946256145834922,113.0,f1,0.7380863039399624
Texas,SDRF,sage,12350,0.0,0.7567567567567568,0.5647502903600464,0.6486486486486487,0.497045177045177,0.0039696739986538,259.0,f1,0.5647502903600464
Texas,SDRF,sage,12350,0.1,0.7297297297297297,0.5296703296703297,0.7027027027027027,0.5285907075380759,0.005959500093013,208.0,f1,0.5296703296703297
Texas,SDRF,sage,12350,0.25,0.7567567567567568,0.574198717948718,0.6486486486486487,0.4994541406306112,0.0114908618852496,236.0,f1,0.574198717948718
Texas,SDRF,sage,12350,0.4,0.7297297297297297,0.5368198874296435,0.7027027027027027,0.5584942084942085,0.0125302318483591,215.0,f1,0.5368198874296435
Texas,SDRF,sage,12350,0.55,0.6486486486486487,0.5117521367521367,0.6216216216216216,0.4833613445378151,0.0130371749401092,329.0,f1,0.5117521367521367
Texas,SDRF,sage,12351,0.0,0.5945945945945946,0.5243201243201243,0.7027027027027027,0.5908354646206309,0.0224705915898084,102.0,f1,0.5243201243201243
Texas,SDRF,sage,12351,0.1,0.6756756756756757,0.5479764138300723,0.7297297297297297,0.5059523809523809,0.0990362837910652,57.0,f1,0.5479764138300723
Texas,SDRF,sage,12351,0.25,0.5945945945945946,0.4815789473684211,0.7027027027027027,0.59375,0.0507849678397178,83.0,f1,0.4815789473684211
Texas,SDRF,sage,12351,0.4,0.6486486486486487,0.5527027027027027,0.7297297297297297,0.5541023441966837,0.1070577651262283,70.0,f1,0.5527027027027027
Texas,SDRF,sage,12351,0.55,0.6216216216216216,0.5220588235294118,0.7297297297297297,0.4708717948717948,0.03155417740345,89.0,f1,0.5220588235294118
Texas,SDRF,sage,12352,0.0,0.8648648648648649,0.8292635658914729,0.7567567567567568,0.642358803986711,0.0932932496070861,73.0,f1,0.8292635658914729
Texas,SDRF,sage,12352,0.1,0.7837837837837838,0.7458452116988702,0.7297297297297297,0.7277777777777777,0.17545847594738,67.0,f1,0.7458452116988702
Texas,SDRF,sage,12352,0.25,0.8108108108108109,0.662907268170426,0.8378378378378378,0.7491741741741742,0.0475680604577064,104.0,f1,0.662907268170426
Texas,SDRF,sage,12352,0.4,0.7837837837837838,0.6028851197761846,0.7837837837837838,0.7721804511278196,0.0646344274282455,129.0,f1,0.6028851197761846
Texas,SDRF,sage,12352,0.55,0.8108108108108109,0.6999299719887955,0.8108108108108109,0.8035714285714286,0.0772920101881027,120.0,f1,0.6999299719887955
Texas,SDRF,sage,12353,0.0,0.8378378378378378,0.66815649867374,0.5405405405405406,0.402014652014652,0.0005764669622294,329.0,f1,0.66815649867374
Texas,SDRF,sage,12353,0.1,0.7837837837837838,0.605,0.5945945945945946,0.4851246314660949,0.0270791053771972,107.0,f1,0.605
Texas,SDRF,sage,12353,0.25,0.7027027027027027,0.5578668390433097,0.5675675675675675,0.4676900584795321,0.0092802112922072,314.0,f1,0.5578668390433097
Texas,SDRF,sage,12353,0.4,0.6756756756756757,0.5474951519069167,0.5945945945945946,0.5194444444444444,0.0403180085122585,113.0,f1,0.5474951519069167
Texas,SDRF,sage,12353,0.55,0.6756756756756757,0.524247400109469,0.5945945945945946,0.5054989944695827,0.0175369773060083,140.0,f1,0.524247400109469
Texas,SDRF,sage,12354,0.0,0.8108108108108109,0.7536630036630036,0.7567567567567568,0.6539971656250726,0.0157244373112916,180.0,f1,0.7536630036630036
Texas,SDRF,sage,12354,0.1,0.7567567567567568,0.7160955598455598,0.7027027027027027,0.6003663003663003,0.0248151868581771,106.0,f1,0.7160955598455598
Texas,SDRF,sage,12354,0.25,0.7297297297297297,0.6384615384615384,0.6216216216216216,0.4340659340659341,0.009942116215825,238.0,f1,0.6384615384615384
Texas,SDRF,sage,12354,0.4,0.7567567567567568,0.7160955598455598,0.6756756756756757,0.4755504144977829,0.0192508939653635,152.0,f1,0.7160955598455598
Texas,SDRF,sage,12354,0.55,0.7837837837837838,0.7477286967418546,0.7567567567567568,0.5545787545787546,0.0040633296594023,364.0,f1,0.7477286967418546
Texas,SDRF,sage,12355,0.0,0.7837837837837838,0.7035714285714286,0.6216216216216216,0.6309523809523809,0.0750378519296646,73.0,f1,0.7035714285714286
Texas,SDRF,sage,12355,0.1,0.7567567567567568,0.6775551684088269,0.6486486486486487,0.6064634724857685,0.0917237624526023,82.0,f1,0.6775551684088269
Texas,SDRF,sage,12355,0.25,0.7837837837837838,0.7333333333333333,0.5405405405405406,0.4107050444811355,0.0895593836903572,89.0,f1,0.7333333333333333
Texas,SDRF,sage,12355,0.4,0.7837837837837838,0.7041666666666666,0.5675675675675675,0.4540909090909091,0.0784087479114532,88.0,f1,0.7041666666666666
Texas,SDRF,sage,12355,0.55,0.8108108108108109,0.7230836236933799,0.5945945945945946,0.4685823754789272,0.084717608988285,82.0,f1,0.7230836236933799
Texas,SDRF,sage,12356,0.0,0.7567567567567568,0.70625,0.7567567567567568,0.6591269841269841,0.007862389087677,214.0,f1,0.70625
Texas,SDRF,sage,12356,0.1,0.7837837837837838,0.7236788617886178,0.7027027027027027,0.6013471177944861,0.0060254675336182,262.0,f1,0.7236788617886178
Texas,SDRF,sage,12356,0.25,0.7297297297297297,0.7053812415654521,0.7027027027027027,0.6031746031746031,0.0148054659366607,391.0,f1,0.7053812415654521
Texas,SDRF,sage,12356,0.4,0.7837837837837838,0.7236788617886178,0.7027027027027027,0.6361990950226244,0.0278763305395841,231.0,f1,0.7236788617886178
Texas,SDRF,sage,12356,0.55,0.7567567567567568,0.6958333333333333,0.6756756756756757,0.5807656395891689,0.003014852060005,345.0,f1,0.6958333333333333
Texas,SDRF,sage,12357,0.0,0.8108108108108109,0.8487250735534488,0.5945945945945946,0.4123037323037323,0.0927506014704704,87.0,f1,0.8487250735534488
Texas,SDRF,sage,12357,0.1,0.8108108108108109,0.843452380952381,0.6216216216216216,0.3952136752136752,0.0053020864725112,216.0,f1,0.843452380952381
Texas,SDRF,sage,12357,0.25,0.7837837837837838,0.7838637290901673,0.5945945945945946,0.3867836257309941,0.0065214526839554,169.0,f1,0.7838637290901673
Texas,SDRF,sage,12357,0.4,0.7837837837837838,0.7937832385842656,0.5675675675675675,0.3971717171717172,0.0389426611363887,98.0,f1,0.7937832385842656
Texas,SDRF,sage,12357,0.55,0.7027027027027027,0.7113095238095237,0.5675675675675675,0.4005405405405405,0.0382737666368484,78.0,f1,0.7113095238095237
Texas,SDRF,sage,12358,0.0,0.7027027027027027,0.6330362448009507,0.7297297297297297,0.6155523255813954,0.0139817334711551,189.0,f1,0.6330362448009507
Texas,SDRF,sage,12358,0.1,0.7297297297297297,0.6357142857142857,0.7567567567567568,0.6325757575757576,0.0277634635567665,171.0,f1,0.6357142857142857
Texas,SDRF,sage,12358,0.25,0.7837837837837838,0.6144405130473242,0.6756756756756757,0.4496869409660107,0.1298936009407043,54.0,f1,0.6144405130473242
Texas,SDRF,sage,12358,0.4,0.7297297297297297,0.6144046012467065,0.7837837837837838,0.6507936507936508,0.0429125167429447,106.0,f1,0.6144046012467065
Texas,SDRF,sage,12358,0.55,0.7027027027027027,0.5873015873015872,0.7837837837837838,0.6584302325581395,0.0403951555490493,209.0,f1,0.5873015873015872
Texas,SDRF,sage,12359,0.0,0.7837837837837838,0.6750968992248062,0.6486486486486487,0.4139682539682539,0.0038545993156731,395.0,f1,0.6750968992248062
Texas,SDRF,sage,12359,0.1,0.7567567567567568,0.7075582075582076,0.6486486486486487,0.4871292106586224,0.0645394772291183,71.0,f1,0.7075582075582076
Texas,SDRF,sage,12359,0.25,0.7567567567567568,0.7020833333333333,0.6486486486486487,0.4856947856947856,0.0735094174742698,87.0,f1,0.7020833333333333
Texas,SDRF,sage,12359,0.4,0.7837837837837838,0.6917344173441734,0.6216216216216216,0.4010614772224679,0.014024537988007,209.0,f1,0.6917344173441734
Texas,SDRF,sage,12359,0.55,0.7027027027027027,0.6122265122265123,0.4864864864864865,0.3207239819004525,0.0421690642833709,120.0,f1,0.6122265122265123
Texas,SDRF,sage,12360,0.0,0.7567567567567568,0.5434498834498834,0.7567567567567568,0.6191986308265378,0.0578030459582805,131.0,f1,0.5434498834498834
Texas,SDRF,sage,12360,0.1,0.8108108108108109,0.5635404568331397,0.6756756756756757,0.565531561461794,0.0393670052289962,126.0,f1,0.5635404568331397
Texas,SDRF,sage,12360,0.25,0.7297297297297297,0.5363247863247864,0.6756756756756757,0.4930313588850174,0.0022393013350665,301.0,f1,0.5363247863247864
Texas,SDRF,sage,12360,0.4,0.7027027027027027,0.5084848484848485,0.6486486486486487,0.4716346153846154,0.0246954970061779,119.0,f1,0.5084848484848485
Texas,SDRF,sage,12360,0.55,0.7567567567567568,0.5271367521367522,0.6756756756756757,0.4740155677655677,0.0413148999214172,103.0,f1,0.5271367521367522
Texas,SDRF,sage,12361,0.0,0.7027027027027027,0.6974681020733652,0.6486486486486487,0.5159090909090909,0.0758072733879089,65.0,f1,0.6974681020733652
Texas,SDRF,sage,12361,0.1,0.6756756756756757,0.702798663324979,0.6486486486486487,0.5595238095238095,0.1044209226965904,54.0,f1,0.702798663324979
Texas,SDRF,sage,12361,0.25,0.6486486486486487,0.6711309523809523,0.6756756756756757,0.6275584795321637,0.1620221734046936,45.0,f1,0.6711309523809523
Texas,SDRF,sage,12361,0.4,0.7027027027027027,0.725359477124183,0.6216216216216216,0.5604707792207793,0.0641701221466064,61.0,f1,0.725359477124183
Texas,SDRF,sage,12361,0.55,0.6486486486486487,0.6711309523809523,0.5675675675675675,0.4638009049773756,0.154675543308258,47.0,f1,0.6711309523809523
Texas,SDRF,sage,12362,0.0,0.7567567567567568,0.7175438596491227,0.8378378378378378,0.702226345083488,0.0556246116757392,113.0,f1,0.7175438596491227
Texas,SDRF,sage,12362,0.1,0.7837837837837838,0.7483130904183535,0.7837837837837838,0.6855921855921856,0.0025495886802673,348.0,f1,0.7483130904183535
Texas,SDRF,sage,12362,0.25,0.8648648648648649,0.818939393939394,0.7837837837837838,0.6439393939393939,0.0309040788561105,123.0,f1,0.818939393939394
Texas,SDRF,sage,12362,0.4,0.8648648648648649,0.8211201079622132,0.7297297297297297,0.6420754348250929,0.0042817569337785,331.0,f1,0.8211201079622132
Texas,SDRF,sage,12362,0.55,0.8108108108108109,0.620978120978121,0.7297297297297297,0.5892857142857142,0.0266339369118213,200.0,f1,0.620978120978121
Texas,SDRF,sage,12363,0.0,0.6756756756756757,0.5820707070707071,0.8378378378378378,0.5356060606060606,0.0818933323025703,70.0,f1,0.5820707070707071
Texas,SDRF,sage,12363,0.1,0.7027027027027027,0.6097222222222223,0.7837837837837838,0.4050324675324676,0.0895075723528862,65.0,f1,0.6097222222222223
Texas,SDRF,sage,12363,0.25,0.7027027027027027,0.6403600464576075,0.8648648648648649,0.6064814814814815,0.0827521681785583,70.0,f1,0.6403600464576075
Texas,SDRF,sage,12363,0.4,0.7027027027027027,0.6403600464576075,0.8378378378378378,0.6014150943396226,0.0751169770956039,70.0,f1,0.6403600464576075
Texas,SDRF,sage,12363,0.55,0.7027027027027027,0.5363636363636364,0.7837837837837838,0.6800736497545008,0.0011647267965599,321.0,f1,0.5363636363636364
Texas,SDRF,sage,12364,0.0,0.7567567567567568,0.6646929824561403,0.6486486486486487,0.4440343282448545,0.0060430662706494,341.0,f1,0.6646929824561403
Texas,SDRF,sage,12364,0.1,0.8108108108108109,0.7156816760475296,0.6756756756756757,0.597985347985348,0.1178202256560325,60.0,f1,0.7156816760475296
Texas,SDRF,sage,12364,0.25,0.8108108108108109,0.7345985691573926,0.6216216216216216,0.5440257841573631,0.0121473474428057,305.0,f1,0.7345985691573926
Texas,SDRF,sage,12364,0.4,0.8108108108108109,0.7345985691573926,0.6486486486486487,0.5593336616943428,0.0057672406546771,231.0,f1,0.7345985691573926
Texas,SDRF,sage,12364,0.55,0.8378378378378378,0.7545665634674923,0.6756756756756757,0.6261265909872722,0.0117033533751964,278.0,f1,0.7545665634674923
Texas,SDRF,sage,12365,0.0,0.8648648648648649,0.8233766233766233,0.6756756756756757,0.6111111111111112,0.122365653514862,72.0,f1,0.8233766233766233
Texas,SDRF,sage,12365,0.1,0.7837837837837838,0.7048660927785748,0.7027027027027027,0.6412568583621215,0.0763090625405311,80.0,f1,0.7048660927785748
Texas,SDRF,sage,12365,0.25,0.8108108108108109,0.7315934065934065,0.7567567567567568,0.7128217177559283,0.0733217820525169,70.0,f1,0.7315934065934065
Texas,SDRF,sage,12365,0.4,0.7567567567567568,0.6848684210526316,0.6486486486486487,0.6738562091503268,0.0933544561266899,77.0,f1,0.6848684210526316
Texas,SDRF,sage,12365,0.55,0.7837837837837838,0.6851648351648352,0.6486486486486487,0.6432422969187674,0.0827143862843513,87.0,f1,0.6851648351648352
Texas,SDRF,sage,12366,0.0,0.7027027027027027,0.5269841269841271,0.6756756756756757,0.6223684210526317,0.0360964797437191,262.0,f1,0.5269841269841271
Texas,SDRF,sage,12366,0.1,0.6756756756756757,0.5107692307692308,0.7027027027027027,0.6444444444444444,0.0024313360918313,379.0,f1,0.5107692307692308
Texas,SDRF,sage,12366,0.25,0.7027027027027027,0.6057692307692308,0.7297297297297297,0.678030303030303,0.0639256462454795,90.0,f1,0.6057692307692308
Texas,SDRF,sage,12366,0.4,0.7027027027027027,0.6330357142857144,0.7297297297297297,0.6890350877192982,0.0760718211531639,114.0,f1,0.6330357142857144
Texas,SDRF,sage,12366,0.55,0.6486486486486487,0.575579573934837,0.6756756756756757,0.6220839260312945,0.07959745824337,114.0,f1,0.575579573934837
Texas,SDRF,sage,12367,0.0,0.6486486486486487,0.5620477083891718,0.6756756756756757,0.6074404761904761,0.1688368022441864,45.0,f1,0.5620477083891718
Texas,SDRF,sage,12367,0.1,0.6486486486486487,0.5731522542498152,0.6756756756756757,0.5753255279571069,0.1296391189098358,47.0,f1,0.5731522542498152
Texas,SDRF,sage,12367,0.25,0.5675675675675675,0.5523026315789474,0.6216216216216216,0.4321253071253071,0.1367968022823333,59.0,f1,0.5523026315789474
Texas,SDRF,sage,12367,0.4,0.6486486486486487,0.5423441734417345,0.7027027027027027,0.6053571428571428,0.1309986263513565,54.0,f1,0.5423441734417345
Texas,SDRF,sage,12367,0.55,0.7567567567567568,0.6388888888888888,0.6756756756756757,0.5727016885553471,0.1002347469329834,60.0,f1,0.6388888888888888
Texas,SDRF,sage,12368,0.0,0.8108108108108109,0.7518315018315018,0.7027027027027027,0.4224193151022419,0.0429138652980327,94.0,f1,0.7518315018315018
Texas,SDRF,sage,12368,0.1,0.8108108108108109,0.7854166666666667,0.6486486486486487,0.3933014354066985,0.0478853695094585,86.0,f1,0.7854166666666667
Texas,SDRF,sage,12368,0.25,0.7837837837837838,0.7269607843137254,0.6486486486486487,0.3872086720867208,0.043748203665018,113.0,f1,0.7269607843137254
Texas,SDRF,sage,12368,0.4,0.6756756756756757,0.6126488095238095,0.6216216216216216,0.3938461538461538,0.0135371899232268,169.0,f1,0.6126488095238095
Texas,SDRF,sage,12368,0.55,0.7297297297297297,0.6968569065343259,0.5945945945945946,0.3888390414706204,0.0047333487309515,334.0,f1,0.6968569065343259
Texas,SDRF,sage,12369,0.0,0.8108108108108109,0.7470238095238094,0.7297297297297297,0.5307563025210082,0.0369600914418697,157.0,f1,0.7470238095238094
Texas,SDRF,sage,12369,0.1,0.8108108108108109,0.7317073170731707,0.7567567567567568,0.5484848484848485,0.0067877257242798,300.0,f1,0.7317073170731707
Texas,SDRF,sage,12369,0.25,0.8108108108108109,0.7027962347729789,0.7297297297297297,0.5311688311688312,0.0072649978101253,189.0,f1,0.7027962347729789
Texas,SDRF,sage,12369,0.4,0.7567567567567568,0.6674288617886178,0.7027027027027027,0.6444444444444444,0.042220365256071,96.0,f1,0.6674288617886178
Texas,SDRF,sage,12369,0.55,0.7567567567567568,0.6932539682539682,0.5945945945945946,0.4561646363971945,0.0814253687858581,85.0,f1,0.6932539682539682
Texas,SDRF,sage,12370,0.0,0.7297297297297297,0.6444444444444445,0.6216216216216216,0.5096153846153846,0.1060301512479782,59.0,f1,0.6444444444444445
Texas,SDRF,sage,12370,0.1,0.7567567567567568,0.6305555555555555,0.5945945945945946,0.5054285054285055,0.0956334993243217,65.0,f1,0.6305555555555555
Texas,SDRF,sage,12370,0.25,0.7837837837837838,0.6445804195804196,0.6216216216216216,0.5103381096028154,0.0218217372894287,227.0,f1,0.6445804195804196
Texas,SDRF,sage,12370,0.4,0.7567567567567568,0.6361832611832611,0.5945945945945946,0.5202205882352942,0.058829165995121,76.0,f1,0.6361832611832611
Texas,SDRF,sage,12370,0.55,0.6216216216216216,0.479703023181284,0.6756756756756757,0.6112460815047022,0.1087340116500854,68.0,f1,0.479703023181284
Texas,SDRF,sage,12371,0.0,0.7297297297297297,0.5638528138528138,0.6756756756756757,0.5773809523809523,0.0357026495039463,99.0,f1,0.5638528138528138
Texas,SDRF,sage,12371,0.1,0.7567567567567568,0.5992360580595875,0.7027027027027027,0.5809873949579832,0.0157913863658905,149.0,f1,0.5992360580595875
Texas,SDRF,sage,12371,0.25,0.6756756756756757,0.5334952766531713,0.6486486486486487,0.5184873949579832,0.0112382862716913,216.0,f1,0.5334952766531713
Texas,SDRF,sage,12371,0.4,0.6756756756756757,0.5334952766531714,0.7027027027027027,0.5914918414918414,0.0941537991166114,67.0,f1,0.5334952766531714
Texas,SDRF,sage,12371,0.55,0.7027027027027027,0.5424089635854341,0.6486486486486487,0.5266917293233082,0.0101630194112658,257.0,f1,0.5424089635854341
Texas,SDRF,sage,12372,0.0,0.8918918918918919,0.6342857142857143,0.7027027027027027,0.4854932301740813,0.102372407913208,74.0,f1,0.6342857142857143
Texas,SDRF,sage,12372,0.1,0.8918918918918919,0.682924168030551,0.6756756756756757,0.4659090909090909,0.1969196796417236,54.0,f1,0.682924168030551
Texas,SDRF,sage,12372,0.25,0.945945945945946,0.7593810444874275,0.6756756756756757,0.5593023255813954,0.1623028963804245,55.0,f1,0.7593810444874275
Texas,SDRF,sage,12372,0.4,0.8648648648648649,0.6674948240165632,0.7027027027027027,0.5904761904761905,0.153782919049263,56.0,f1,0.6674948240165632
Texas,SDRF,sage,12372,0.55,0.8378378378378378,0.6551981351981352,0.7027027027027027,0.5741508491508491,0.1133316457271575,56.0,f1,0.6551981351981352
Texas,SDRF,sage,12373,0.0,0.8108108108108109,0.7234042553191489,0.7027027027027027,0.5311965811965813,0.016525350511074,305.0,f1,0.7234042553191489
Texas,SDRF,sage,12373,0.1,0.6756756756756757,0.6408119658119658,0.7297297297297297,0.5569444444444445,0.0356688722968101,85.0,f1,0.6408119658119658
Texas,SDRF,sage,12373,0.25,0.6216216216216216,0.6558507549361209,0.7027027027027027,0.5467914438502673,0.0685318037867546,75.0,f1,0.6558507549361209
Texas,SDRF,sage,12373,0.4,0.6216216216216216,0.6558507549361209,0.7027027027027027,0.548611111111111,0.0598782300949096,83.0,f1,0.6558507549361209
Texas,SDRF,sage,12373,0.55,0.6756756756756757,0.6621031746031746,0.7297297297297297,0.5515350877192983,0.0057522025890648,397.0,f1,0.6621031746031746
Texas,SDRF,sage,12374,0.0,0.7297297297297297,0.6659673659673659,0.5675675675675675,0.3350503444621092,0.0073923780582845,322.0,f1,0.6659673659673659
Texas,SDRF,sage,12374,0.1,0.7567567567567568,0.7334821428571427,0.6486486486486487,0.4114092140921409,0.0141108110547065,191.0,f1,0.7334821428571427
Texas,SDRF,sage,12374,0.25,0.7297297297297297,0.6793154761904762,0.5135135135135135,0.3556302521008403,0.0642369017004966,70.0,f1,0.6793154761904762
Texas,SDRF,sage,12374,0.4,0.8108108108108109,0.7599768652400231,0.5945945945945946,0.3458611552729199,0.0024605612270534,338.0,f1,0.7599768652400231
Texas,SDRF,sage,12374,0.55,0.7567567567567568,0.6978354978354979,0.5135135135135135,0.3011111111111111,0.0086808539927005,263.0,f1,0.6978354978354979
Texas,SDRF,gat,12345,0.0,0.7027027027027027,0.4342857142857143,0.6216216216216216,0.5375,0.2674607038497925,111.0,f1,0.4342857142857143
Texas,SDRF,gat,12345,0.1,0.7297297297297297,0.5191919191919192,0.6756756756756757,0.63003663003663,0.0799207687377929,302.0,f1,0.5191919191919192
Texas,SDRF,gat,12345,0.25,0.7297297297297297,0.5083687943262412,0.6216216216216216,0.6117201426024955,0.4825842380523681,148.0,f1,0.5083687943262412
Texas,SDRF,gat,12345,0.4,0.6756756756756757,0.4536645962732919,0.5405405405405406,0.3998987854251012,0.5836693048477173,111.0,f1,0.4536645962732919
Texas,SDRF,gat,12345,0.55,0.5675675675675675,0.4325974025974026,0.5135135135135135,0.5006820119352089,0.3605254590511322,173.0,f1,0.4325974025974026
Texas,SDRF,gat,12346,0.0,0.6216216216216216,0.5444444444444444,0.5675675675675675,0.3485527544351073,0.4710381925106048,79.0,f1,0.5444444444444444
Texas,SDRF,gat,12346,0.1,0.6486486486486487,0.5670653907496013,0.5945945945945946,0.4137115839243498,0.4748853743076324,92.0,f1,0.5670653907496013
Texas,SDRF,gat,12346,0.25,0.6216216216216216,0.5285714285714286,0.5405405405405406,0.3609730848861283,0.3291297554969787,128.0,f1,0.5285714285714286
Texas,SDRF,gat,12346,0.4,0.5405405405405406,0.4414252414252414,0.6756756756756757,0.5059523809523809,0.2673583030700683,135.0,f1,0.4414252414252414
Texas,SDRF,gat,12346,0.55,0.5945945945945946,0.497026182881446,0.6486486486486487,0.4153751123090746,0.3425712883472442,136.0,f1,0.497026182881446
Texas,SDRF,gat,12347,0.0,0.6756756756756757,0.4696969696969697,0.5405405405405406,0.3035714285714286,0.8240881562232971,54.0,f1,0.4696969696969697
Texas,SDRF,gat,12347,0.1,0.5945945945945946,0.4043456543456544,0.4054054054054054,0.2245989304812834,0.7901439666748047,50.0,f1,0.4043456543456544
Texas,SDRF,gat,12347,0.25,0.6216216216216216,0.4557109557109557,0.4864864864864865,0.2678571428571428,0.5354450941085815,95.0,f1,0.4557109557109557
Texas,SDRF,gat,12347,0.4,0.6486486486486487,0.4731884057971014,0.5405405405405406,0.3287114845938375,0.6730120778083801,89.0,f1,0.4731884057971014
Texas,SDRF,gat,12347,0.55,0.7027027027027027,0.557712215320911,0.4864864864864865,0.301131221719457,0.5564996600151062,122.0,f1,0.557712215320911
Texas,SDRF,gat,12348,0.0,0.6216216216216216,0.576417004048583,0.5675675675675675,0.2973856209150327,0.3555554449558258,139.0,f1,0.576417004048583
Texas,SDRF,gat,12348,0.1,0.7297297297297297,0.5452380952380953,0.7027027027027027,0.2869458128078818,0.7834294438362122,59.0,f1,0.5452380952380953
Texas,SDRF,gat,12348,0.25,0.7027027027027027,0.4905523255813954,0.5945945945945946,0.3101851851851852,0.7595773935317993,59.0,f1,0.4905523255813954
Texas,SDRF,gat,12348,0.4,0.6756756756756757,0.5479764138300723,0.6216216216216216,0.3058823529411765,0.4123738408088684,117.0,f1,0.5479764138300723
Texas,SDRF,gat,12348,0.55,0.6486486486486487,0.5636904761904762,0.5405405405405406,0.3014705882352941,0.5508648157119751,86.0,f1,0.5636904761904762
Texas,SDRF,gat,12349,0.0,0.5675675675675675,0.507235142118863,0.5405405405405406,0.369551282051282,0.2213430702686309,373.0,f1,0.507235142118863
Texas,SDRF,gat,12349,0.1,0.5405405405405406,0.4986263736263736,0.5135135135135135,0.3897844272844273,0.2812150418758392,222.0,f1,0.4986263736263736
Texas,SDRF,gat,12349,0.25,0.5675675675675675,0.4554787000439174,0.5945945945945946,0.4791666666666666,0.1108924075961113,355.0,f1,0.4554787000439174
Texas,SDRF,gat,12349,0.4,0.4864864864864865,0.3933982683982684,0.5945945945945946,0.4825174825174826,0.6264573335647583,156.0,f1,0.3933982683982684
Texas,SDRF,gat,12349,0.55,0.5675675675675675,0.488095238095238,0.6486486486486487,0.5108885017421603,0.1752220839262008,285.0,f1,0.488095238095238
Texas,SDRF,gat,12350,0.0,0.6216216216216216,0.4972222222222222,0.4864864864864865,0.2768992248062015,0.1150299832224845,347.0,f1,0.4972222222222222
Texas,SDRF,gat,12350,0.1,0.7297297297297297,0.55625,0.5135135135135135,0.3272874493927126,0.7374287247657776,56.0,f1,0.55625
Texas,SDRF,gat,12350,0.25,0.5945945945945946,0.4548494983277592,0.5135135135135135,0.2997432605905006,0.7914711236953735,66.0,f1,0.4548494983277592
Texas,SDRF,gat,12350,0.4,0.5945945945945946,0.4281649245063879,0.5135135135135135,0.317948717948718,0.6139204502105713,78.0,f1,0.4281649245063879
Texas,SDRF,gat,12350,0.55,0.6486486486486487,0.4209150326797386,0.5405405405405406,0.2842105263157894,0.8571640849113464,45.0,f1,0.4209150326797386
Texas,SDRF,gat,12351,0.0,0.5675675675675675,0.4931623931623932,0.5945945945945946,0.3252164502164502,0.204354852437973,241.0,f1,0.4931623931623932
Texas,SDRF,gat,12351,0.1,0.5135135135135135,0.4167735042735043,0.6216216216216216,0.3466945288753799,0.456520140171051,92.0,f1,0.4167735042735043
Texas,SDRF,gat,12351,0.25,0.6486486486486487,0.5487637362637363,0.6486486486486487,0.4047619047619047,0.291890949010849,210.0,f1,0.5487637362637363
Texas,SDRF,gat,12351,0.4,0.5945945945945946,0.4763888888888889,0.6486486486486487,0.2805194805194805,0.2275880873203277,150.0,f1,0.4763888888888889
Texas,SDRF,gat,12351,0.55,0.5405405405405406,0.4439393939393939,0.5675675675675675,0.4121989121989121,0.2040787786245346,380.0,f1,0.4439393939393939
Texas,SDRF,gat,12352,0.0,0.5945945945945946,0.4616877687529861,0.5945945945945946,0.3944444444444444,0.3712409734725952,94.0,f1,0.4616877687529861
Texas,SDRF,gat,12352,0.1,0.5675675675675675,0.4646464646464646,0.3243243243243243,0.2267732267732267,0.1490264981985092,268.0,f1,0.4646464646464646
Texas,SDRF,gat,12352,0.25,0.5405405405405406,0.3971861471861472,0.5135135135135135,0.4976551226551227,0.2723472118377685,182.0,f1,0.3971861471861472
Texas,SDRF,gat,12352,0.4,0.5675675675675675,0.4511387163561076,0.5405405405405406,0.3721590909090909,0.4201252162456512,115.0,f1,0.4511387163561076
Texas,SDRF,gat,12352,0.55,0.5675675675675675,0.4508182035355949,0.6486486486486487,0.5470551378446115,0.4548401236534118,102.0,f1,0.4508182035355949
Texas,SDRF,gat,12353,0.0,0.5405405405405406,0.3175377468060394,0.5135135135135135,0.2666666666666666,0.4682958126068115,94.0,f1,0.3175377468060394
Texas,SDRF,gat,12353,0.1,0.5945945945945946,0.383982683982684,0.5405405405405406,0.2809224318658281,0.9007552266120912,48.0,f1,0.383982683982684
Texas,SDRF,gat,12353,0.25,0.5945945945945946,0.3976190476190476,0.5405405405405406,0.2730769230769231,0.6342076063156128,68.0,f1,0.3976190476190476
Texas,SDRF,gat,12353,0.4,0.5135135135135135,0.3980392156862745,0.4594594594594595,0.2957317073170732,0.1534375995397567,343.0,f1,0.3980392156862745
Texas,SDRF,gat,12353,0.55,0.4594594594594595,0.3463713046056,0.4594594594594595,0.3632840028188865,0.2996967136859894,208.0,f1,0.3463713046056
Texas,SDRF,gat,12354,0.0,0.6486486486486487,0.5686222692036645,0.5675675675675675,0.3414855072463768,0.4196079969406128,87.0,f1,0.5686222692036645
Texas,SDRF,gat,12354,0.1,0.5945945945945946,0.5540328952093658,0.4324324324324324,0.2618055555555555,0.2696985602378845,137.0,f1,0.5540328952093658
Texas,SDRF,gat,12354,0.25,0.5945945945945946,0.5459000064263222,0.5675675675675675,0.4165505226480835,0.5401252508163452,82.0,f1,0.5459000064263222
Texas,SDRF,gat,12354,0.4,0.6216216216216216,0.5732465258781049,0.5405405405405406,0.3458333333333333,0.1547589153051376,245.0,f1,0.5732465258781049
Texas,SDRF,gat,12354,0.55,0.5135135135135135,0.4780701754385965,0.4864864864864865,0.3142857142857143,0.2558133006095886,150.0,f1,0.4780701754385965
Texas,SDRF,gat,12355,0.0,0.6486486486486487,0.5187782805429865,0.3783783783783784,0.288981288981289,0.4845844805240631,76.0,f1,0.5187782805429865
Texas,SDRF,gat,12355,0.1,0.6486486486486487,0.5147058823529412,0.3783783783783784,0.2926136363636363,0.5355685353279114,87.0,f1,0.5147058823529412
Texas,SDRF,gat,12355,0.25,0.6216216216216216,0.4951923076923077,0.3243243243243243,0.2119047619047618,0.4057613611221313,106.0,f1,0.4951923076923077
Texas,SDRF,gat,12355,0.4,0.6216216216216216,0.5061858076563959,0.3783783783783784,0.3061454311454312,0.560867428779602,98.0,f1,0.5061858076563959
Texas,SDRF,gat,12355,0.55,0.5945945945945946,0.4495098039215686,0.4324324324324324,0.3036075036075036,0.4785567820072174,104.0,f1,0.4495098039215686
Texas,SDRF,gat,12356,0.0,0.5675675675675675,0.530019305019305,0.5945945945945946,0.4826063164477798,0.2200147062540054,119.0,f1,0.530019305019305
Texas,SDRF,gat,12356,0.1,0.5675675675675675,0.5380952380952381,0.5405405405405406,0.4273504273504273,0.3178611397743225,105.0,f1,0.5380952380952381
Texas,SDRF,gat,12356,0.25,0.7837837837837838,0.5725108225108225,0.5945945945945946,0.4042735042735043,0.6823221445083618,59.0,f1,0.5725108225108225
Texas,SDRF,gat,12356,0.4,0.7837837837837838,0.5580357142857143,0.5945945945945946,0.3873015873015872,0.7851521372795105,58.0,f1,0.5580357142857143
Texas,SDRF,gat,12356,0.55,0.5405405405405406,0.5184898520811834,0.4864864864864865,0.3683712121212121,0.3630673587322235,113.0,f1,0.5184898520811834
Texas,SDRF,gat,12357,0.0,0.5405405405405406,0.406578947368421,0.4594594594594595,0.2010733452593918,0.0615744553506374,367.0,f1,0.406578947368421
Texas,SDRF,gat,12357,0.1,0.4864864864864865,0.3937411095305831,0.3783783783783784,0.2063247863247863,0.1590586155653,161.0,f1,0.3937411095305831
Texas,SDRF,gat,12357,0.25,0.4594594594594595,0.3718253968253968,0.4324324324324324,0.1971428571428571,0.4163724482059479,83.0,f1,0.3718253968253968
Texas,SDRF,gat,12357,0.4,0.4864864864864865,0.4205128205128204,0.4864864864864865,0.2513636363636363,0.4435351192951202,98.0,f1,0.4205128205128204
Texas,SDRF,gat,12357,0.55,0.5405405405405406,0.4484030589293747,0.4054054054054054,0.2097297297297297,0.3584970235824585,127.0,f1,0.4484030589293747
Texas,SDRF,gat,12358,0.0,0.5405405405405406,0.4821371610845295,0.5675675675675675,0.3365079365079365,0.0772379264235496,392.0,f1,0.4821371610845295
Texas,SDRF,gat,12358,0.1,0.6216216216216216,0.498015873015873,0.6756756756756757,0.5342705167173252,0.149331659078598,210.0,f1,0.498015873015873
Texas,SDRF,gat,12358,0.25,0.5405405405405406,0.4899322169059011,0.5135135135135135,0.3284962406015038,0.0955427959561348,337.0,f1,0.4899322169059011
Texas,SDRF,gat,12358,0.4,0.5405405405405406,0.4257985257985258,0.6216216216216216,0.3966325660699062,0.2455229759216308,225.0,f1,0.4257985257985258
Texas,SDRF,gat,12358,0.55,0.6216216216216216,0.5369727172052754,0.6216216216216216,0.3806022408963586,0.6764392852783203,75.0,f1,0.5369727172052754
Texas,SDRF,gat,12359,0.0,0.6216216216216216,0.4931818181818181,0.6486486486486487,0.4548951048951049,0.1778253316879272,174.0,f1,0.4931818181818181
Texas,SDRF,gat,12359,0.1,0.6216216216216216,0.4510101010101009,0.5405405405405406,0.353309481216458,0.1488913297653198,178.0,f1,0.4510101010101009
Texas,SDRF,gat,12359,0.25,0.5945945945945946,0.3997802197802197,0.5405405405405406,0.1907407407407407,0.7031868696212769,48.0,f1,0.3997802197802197
Texas,SDRF,gat,12359,0.4,0.5945945945945946,0.4569712130687741,0.5675675675675675,0.4132057416267942,0.1244214102625846,290.0,f1,0.4569712130687741
Texas,SDRF,gat,12359,0.55,0.5405405405405406,0.4075460487225193,0.5405405405405406,0.4183600713012477,0.2821815907955169,136.0,f1,0.4075460487225193
Texas,SDRF,gat,12360,0.0,0.6756756756756757,0.4505050505050505,0.4324324324324324,0.2155612244897959,0.2007304430007934,196.0,f1,0.4505050505050505
Texas,SDRF,gat,12360,0.1,0.6756756756756757,0.4435093361922629,0.4324324324324324,0.3270348837209302,0.300816923379898,155.0,f1,0.4435093361922629
Texas,SDRF,gat,12360,0.25,0.6216216216216216,0.3752380952380952,0.4324324324324324,0.2531354515050167,0.4933015704154968,79.0,f1,0.3752380952380952
Texas,SDRF,gat,12360,0.4,0.6756756756756757,0.406060606060606,0.4594594594594595,0.2630434782608695,0.2342249006032943,213.0,f1,0.406060606060606
Texas,SDRF,gat,12360,0.55,0.5945945945945946,0.3765734265734266,0.3783783783783784,0.2635281385281385,0.3746415972709656,173.0,f1,0.3765734265734266
Texas,SDRF,gat,12361,0.0,0.5405405405405406,0.4960365853658536,0.5675675675675675,0.4252525252525252,0.1640738397836685,304.0,f1,0.4960365853658536
Texas,SDRF,gat,12361,0.1,0.5135135135135135,0.4263888888888889,0.6216216216216216,0.3517628205128205,0.462037980556488,59.0,f1,0.4263888888888889
Texas,SDRF,gat,12361,0.25,0.4324324324324324,0.4286199095022625,0.4324324324324324,0.2412698412698412,0.6452764868736267,72.0,f1,0.4286199095022625
Texas,SDRF,gat,12361,0.4,0.4864864864864865,0.4329678362573099,0.5135135135135135,0.3155797101449275,0.203414112329483,163.0,f1,0.4329678362573099
Texas,SDRF,gat,12361,0.55,0.5135135135135135,0.3688422688422688,0.4864864864864865,0.2368794326241134,0.4780683219432831,68.0,f1,0.3688422688422688
Texas,SDRF,gat,12362,0.0,0.5945945945945946,0.3869318181818182,0.6756756756756757,0.5002334267040149,0.1413499116897583,337.0,f1,0.3869318181818182
Texas,SDRF,gat,12362,0.1,0.7567567567567568,0.4814285714285714,0.6216216216216216,0.1982758620689655,0.8569338321685791,51.0,f1,0.4814285714285714
Texas,SDRF,gat,12362,0.25,0.7567567567567568,0.5231900452488688,0.6216216216216216,0.2017543859649122,1.091140627861023,45.0,f1,0.5231900452488688
Texas,SDRF,gat,12362,0.4,0.7297297297297297,0.5414133738601823,0.6216216216216216,0.3528751123090746,0.7384152412414551,67.0,f1,0.5414133738601823
Texas,SDRF,gat,12362,0.55,0.6756756756756757,0.4333333333333333,0.5945945945945946,0.3779503105590062,0.7723597288131714,62.0,f1,0.4333333333333333
Texas,SDRF,gat,12363,0.0,0.6216216216216216,0.5324248120300752,0.5945945945945946,0.3581521739130435,0.1619786620140075,198.0,f1,0.5324248120300752
Texas,SDRF,gat,12363,0.1,0.5675675675675675,0.4873987854251012,0.6216216216216216,0.4223484848484848,0.1526298224925995,182.0,f1,0.4873987854251012
Texas,SDRF,gat,12363,0.25,0.5405405405405406,0.4989035087719298,0.5945945945945946,0.4048172757475082,0.3642447888851166,105.0,f1,0.4989035087719298
Texas,SDRF,gat,12363,0.4,0.5135135135135135,0.4517482517482517,0.4324324324324324,0.2329268292682926,0.537431001663208,81.0,f1,0.4517482517482517
Texas,SDRF,gat,12363,0.55,0.5405405405405406,0.5020626432391139,0.4864864864864865,0.3715277777777777,0.4149023592472076,107.0,f1,0.5020626432391139
Texas,SDRF,gat,12364,0.0,0.6486486486486487,0.6464285714285714,0.5675675675675675,0.526984126984127,0.5571640729904175,96.0,f1,0.6464285714285714
Texas,SDRF,gat,12364,0.1,0.8108108108108109,0.7578865578865579,0.5675675675675675,0.4512812768626722,0.4369470477104187,117.0,f1,0.7578865578865579
Texas,SDRF,gat,12364,0.25,0.7027027027027027,0.6224308300395257,0.5135135135135135,0.3666666666666666,0.3755539953708648,124.0,f1,0.6224308300395257
Texas,SDRF,gat,12364,0.4,0.7027027027027027,0.5952913365704063,0.5945945945945946,0.4678758741258741,0.2889071106910705,187.0,f1,0.5952913365704063
Texas,SDRF,gat,12364,0.55,0.7027027027027027,0.6212121212121212,0.4864864864864865,0.4009615384615385,0.4565728008747101,139.0,f1,0.6212121212121212
Texas,SDRF,gat,12365,0.0,0.5675675675675675,0.4791666666666667,0.5135135135135135,0.403175313059034,0.2314674109220504,110.0,f1,0.4791666666666667
Texas,SDRF,gat,12365,0.1,0.6216216216216216,0.5247252747252747,0.5405405405405406,0.4560924369747899,0.3777654767036438,85.0,f1,0.5247252747252747
Texas,SDRF,gat,12365,0.25,0.6486486486486487,0.5121058558558559,0.4864864864864865,0.4581724581724581,0.4234338700771332,86.0,f1,0.5121058558558559
Texas,SDRF,gat,12365,0.4,0.6486486486486487,0.5069444444444444,0.4054054054054054,0.3621101871101871,0.6729587912559509,59.0,f1,0.5069444444444444
Texas,SDRF,gat,12365,0.55,0.6486486486486487,0.5347222222222222,0.4594594594594595,0.3923611111111111,0.5665932893753052,72.0,f1,0.5347222222222222
Texas,SDRF,gat,12366,0.0,0.6486486486486487,0.448051948051948,0.5405405405405406,0.2785326086956521,0.7284933924674988,68.0,f1,0.448051948051948
Texas,SDRF,gat,12366,0.1,0.5945945945945946,0.4074502788593076,0.5135135135135135,0.2477124183006536,0.7499218583106995,57.0,f1,0.4074502788593076
Texas,SDRF,gat,12366,0.25,0.5945945945945946,0.4543650793650793,0.6216216216216216,0.4473684210526316,0.3484827578067779,177.0,f1,0.4543650793650793
Texas,SDRF,gat,12366,0.4,0.6216216216216216,0.3527131782945736,0.5135135135135135,0.250392464678179,0.9855747818946838,43.0,f1,0.3527131782945736
Texas,SDRF,gat,12366,0.55,0.6216216216216216,0.4040836764214977,0.4594594594594595,0.2680167751903763,0.8704231381416321,59.0,f1,0.4040836764214977
Texas,SDRF,gat,12367,0.0,0.7027027027027027,0.4903846153846154,0.5135135135135135,0.2641843971631206,0.3348954021930694,152.0,f1,0.4903846153846154
Texas,SDRF,gat,12367,0.1,0.7027027027027027,0.4971590909090909,0.5675675675675675,0.4145021645021645,0.4508943557739258,101.0,f1,0.4971590909090909
Texas,SDRF,gat,12367,0.25,0.7567567567567568,0.5766666666666667,0.6756756756756757,0.5235562310030395,0.59759521484375,81.0,f1,0.5766666666666667
Texas,SDRF,gat,12367,0.4,0.7837837837837838,0.5589826839826839,0.6756756756756757,0.5281080517313308,0.6440549492835999,78.0,f1,0.5589826839826839
Texas,SDRF,gat,12367,0.55,0.7567567567567568,0.5550065876152832,0.6216216216216216,0.4363107822410147,0.7105805277824402,71.0,f1,0.5550065876152832
Texas,SDRF,gat,12368,0.0,0.5405405405405406,0.4574786324786325,0.7027027027027027,0.4348854397634885,0.2059827893972396,174.0,f1,0.4574786324786325
Texas,SDRF,gat,12368,0.1,0.5675675675675675,0.4612511671335201,0.5675675675675675,0.3169747899159664,0.3509210646152496,91.0,f1,0.4612511671335201
Texas,SDRF,gat,12368,0.25,0.5675675675675675,0.5301587301587302,0.6486486486486487,0.3699300699300699,0.1968079805374145,143.0,f1,0.5301587301587302
Texas,SDRF,gat,12368,0.4,0.5945945945945946,0.5357142857142857,0.6216216216216216,0.3832167832167832,0.2525027692317962,155.0,f1,0.5357142857142857
Texas,SDRF,gat,12368,0.55,0.5405405405405406,0.4895220588235294,0.5675675675675675,0.3639177639177639,0.5492838025093079,106.0,f1,0.4895220588235294
Texas,SDRF,gat,12369,0.0,0.6486486486486487,0.4584160937102114,0.4324324324324324,0.2283677298311444,0.2914314866065979,197.0,f1,0.4584160937102114
Texas,SDRF,gat,12369,0.1,0.6216216216216216,0.4163615560640732,0.4864864864864865,0.3428571428571428,0.509640634059906,62.0,f1,0.4163615560640732
Texas,SDRF,gat,12369,0.25,0.6486486486486487,0.5557434813248766,0.4324324324324324,0.2975757575757576,0.3819571733474731,291.0,f1,0.5557434813248766
Texas,SDRF,gat,12369,0.4,0.6756756756756757,0.4410165484633569,0.4594594594594595,0.3409663865546218,0.4472801089286804,80.0,f1,0.4410165484633569
Texas,SDRF,gat,12369,0.55,0.6486486486486487,0.520959595959596,0.4864864864864865,0.4135912698412698,0.4233048856258392,96.0,f1,0.520959595959596
Texas,SDRF,gat,12370,0.0,0.6486486486486487,0.5337855297157623,0.4864864864864865,0.4015151515151515,0.3555457293987274,358.0,f1,0.5337855297157623
Texas,SDRF,gat,12370,0.1,0.6216216216216216,0.5710220673635308,0.4054054054054054,0.3445616883116883,0.2232536673545837,138.0,f1,0.5710220673635308
Texas,SDRF,gat,12370,0.25,0.5675675675675675,0.5084170253467241,0.4324324324324324,0.3555555555555555,0.1851819008588791,136.0,f1,0.5084170253467241
Texas,SDRF,gat,12370,0.4,0.6216216216216216,0.4759920634920634,0.3783783783783784,0.3031906906906906,0.1211988031864166,360.0,f1,0.4759920634920634
Texas,SDRF,gat,12370,0.55,0.6486486486486487,0.46875,0.4324324324324324,0.2796747967479674,0.514887809753418,70.0,f1,0.46875
Texas,SDRF,gat,12371,0.0,0.5945945945945946,0.4688888888888889,0.5675675675675675,0.314484126984127,0.4986732900142669,72.0,f1,0.4688888888888889
Texas,SDRF,gat,12371,0.1,0.4324324324324324,0.3193939393939394,0.5405405405405406,0.3563492063492063,0.5373743176460266,79.0,f1,0.3193939393939394
Texas,SDRF,gat,12371,0.25,0.4594594594594595,0.3573411534701857,0.4864864864864865,0.3214285714285714,0.4620343148708343,83.0,f1,0.3573411534701857
Texas,SDRF,gat,12371,0.4,0.4594594594594595,0.3494526459232341,0.4864864864864865,0.3089160839160839,0.1934929937124252,161.0,f1,0.3494526459232341
Texas,SDRF,gat,12371,0.55,0.4864864864864865,0.3557422969187674,0.5405405405405406,0.4015009380863039,0.1956217139959335,217.0,f1,0.3557422969187674
Texas,SDRF,gat,12372,0.0,0.5675675675675675,0.3717460317460317,0.5675675675675675,0.4102766798418972,0.304044634103775,193.0,f1,0.3717460317460317
Texas,SDRF,gat,12372,0.1,0.5675675675675675,0.349264559729676,0.5135135135135135,0.3382867132867133,0.2823887169361114,245.0,f1,0.349264559729676
Texas,SDRF,gat,12372,0.25,0.5405405405405406,0.3508710801393728,0.4594594594594595,0.3276315789473684,0.4210423231124878,87.0,f1,0.3508710801393728
Texas,SDRF,gat,12372,0.4,0.5135135135135135,0.3822472101541868,0.5405405405405406,0.4668831168831169,0.1422350406646728,204.0,f1,0.3822472101541868
Texas,SDRF,gat,12372,0.55,0.5405405405405406,0.3720634920634921,0.5405405405405406,0.4579545454545454,0.3505872786045074,112.0,f1,0.3720634920634921
Texas,SDRF,gat,12373,0.0,0.6486486486486487,0.5764492753623188,0.4594594594594595,0.3825757575757575,0.3194397687911987,111.0,f1,0.5764492753623188
Texas,SDRF,gat,12373,0.1,0.6486486486486487,0.5795454545454546,0.4864864864864865,0.3976190476190476,0.1826944500207901,171.0,f1,0.5795454545454546
Texas,SDRF,gat,12373,0.25,0.7027027027027027,0.5857142857142856,0.4324324324324324,0.2967032967032967,0.5450834035873413,79.0,f1,0.5857142857142856
Texas,SDRF,gat,12373,0.4,0.7567567567567568,0.6558874458874457,0.4864864864864865,0.3724185724185724,0.4862102568149566,111.0,f1,0.6558874458874457
Texas,SDRF,gat,12373,0.55,0.6756756756756757,0.561734693877551,0.4054054054054054,0.2762237762237762,0.3838257193565368,121.0,f1,0.561734693877551
Texas,SDRF,gat,12374,0.0,0.5675675675675675,0.4909090909090909,0.4594594594594595,0.3052046783625731,0.0742490962147712,170.0,f1,0.4909090909090909
Texas,SDRF,gat,12374,0.1,0.5945945945945946,0.5186261107313739,0.4324324324324324,0.286090636090636,0.054796777665615,336.0,f1,0.5186261107313739
Texas,SDRF,gat,12374,0.25,0.5675675675675675,0.4655982905982905,0.4594594594594595,0.2696312974950746,0.1226133629679679,232.0,f1,0.4655982905982905
Texas,SDRF,gat,12374,0.4,0.6486486486486487,0.5082070707070707,0.4864864864864865,0.2449186991869919,0.721233069896698,69.0,f1,0.5082070707070707
Texas,SDRF,gat,12374,0.55,0.6216216216216216,0.4811507936507936,0.3243243243243243,0.1554655870445344,0.2127841860055923,203.0,f1,0.4811507936507936
Texas,DiffWire CT,gcn,12345,,0.7297297297297297,0.4358974358974358,0.6756756756756757,0.4016548463356973,0.7909853458404541,135.0,f1,0.4358974358974358
Texas,DiffWire CT,gcn,12346,,0.6756756756756757,0.4953216374269005,0.7027027027027027,0.3275132275132275,0.6127049922943115,235.0,f1,0.4953216374269005
Texas,DiffWire CT,gcn,12347,,0.6486486486486487,0.4141414141414141,0.5135135135135135,0.2972850678733031,0.7454949617385864,137.0,f1,0.4141414141414141
Texas,DiffWire CT,gcn,12348,,0.7297297297297297,0.6024069319640565,0.6756756756756757,0.3138461538461539,0.6054668426513672,339.0,f1,0.6024069319640565
Texas,DiffWire CT,gcn,12349,,0.6756756756756757,0.5603632478632479,0.7297297297297297,0.4940159574468085,0.7192243933677673,236.0,f1,0.5603632478632479
Texas,DiffWire CT,gcn,12350,,0.7027027027027027,0.4266666666666666,0.5945945945945946,0.252,0.7889664173126221,99.0,f1,0.4266666666666666
Texas,DiffWire CT,gcn,12351,,0.5135135135135135,0.3753811405985319,0.5945945945945946,0.296078431372549,0.5412791967391968,194.0,f1,0.3753811405985319
Texas,DiffWire CT,gcn,12352,,0.6486486486486487,0.3857729138166895,0.5405405405405406,0.325,0.7608756422996521,284.0,f1,0.3857729138166895
Texas,DiffWire CT,gcn,12353,,0.5945945945945946,0.3422084623323013,0.5675675675675675,0.3512265512265512,0.421265572309494,284.0,f1,0.3422084623323013
Texas,DiffWire CT,gcn,12354,,0.7567567567567568,0.5476190476190477,0.6756756756756757,0.4047459893048128,0.8875539898872375,107.0,f1,0.5476190476190477
Texas,DiffWire CT,gcn,12355,,0.6756756756756757,0.4282212885154061,0.6216216216216216,0.3188775510204081,0.8795179724693298,111.0,f1,0.4282212885154061
Texas,DiffWire CT,gcn,12356,,0.7027027027027027,0.4761904761904761,0.5945945945945946,0.3894716394716395,0.8129361867904663,119.0,f1,0.4761904761904761
Texas,DiffWire CT,gcn,12357,,0.6756756756756757,0.4283088235294118,0.5675675675675675,0.244,0.6352338194847107,139.0,f1,0.4283088235294118
Texas,DiffWire CT,gcn,12358,,0.5405405405405406,0.4968253968253968,0.6486486486486487,0.4992424242424242,0.5428088307380676,338.0,f1,0.4968253968253968
Texas,DiffWire CT,gcn,12359,,0.6756756756756757,0.5752976190476191,0.5405405405405406,0.2708935508935509,0.5421094298362732,309.0,f1,0.5752976190476191
Texas,DiffWire CT,gcn,12360,,0.7027027027027027,0.421188630490956,0.5945945945945946,0.3415329768270945,0.5051239728927612,254.0,f1,0.421188630490956
Texas,DiffWire CT,gcn,12361,,0.4594594594594595,0.3430555555555555,0.6486486486486487,0.408578431372549,0.5080487132072449,361.0,f1,0.3430555555555555
Texas,DiffWire CT,gcn,12362,,0.6216216216216216,0.3718181818181818,0.6216216216216216,0.287037037037037,0.6742309927940369,216.0,f1,0.3718181818181818
Texas,DiffWire CT,gcn,12363,,0.5675675675675675,0.4922619047619048,0.6486486486486487,0.3491864831038798,0.5685185194015503,242.0,f1,0.4922619047619048
Texas,DiffWire CT,gcn,12364,,0.6486486486486487,0.431873977086743,0.5675675675675675,0.3317460317460317,0.6953903436660767,141.0,f1,0.431873977086743
Texas,DiffWire CT,gcn,12365,,0.7837837837837838,0.7467754467754468,0.6216216216216216,0.3083333333333333,0.6920437812805176,148.0,f1,0.7467754467754468
Texas,DiffWire CT,gcn,12366,,0.6216216216216216,0.4840510366826156,0.5945945945945946,0.4581232492997198,0.504448652267456,363.0,f1,0.4840510366826156
Texas,DiffWire CT,gcn,12367,,0.7027027027027027,0.6687943262411348,0.5405405405405406,0.281010101010101,0.7042526006698608,345.0,f1,0.6687943262411348
Texas,DiffWire CT,gcn,12368,,0.5945945945945946,0.4605065666041276,0.6756756756756757,0.3602173913043478,0.5409307479858398,233.0,f1,0.4605065666041276
Texas,DiffWire CT,gcn,12369,,0.6756756756756757,0.4499999999999999,0.5675675675675675,0.3248366013071895,0.79751056432724,115.0,f1,0.4499999999999999
Texas,DiffWire CT,gcn,12370,,0.6756756756756757,0.4565217391304348,0.5675675675675675,0.3822115384615384,0.6973825097084045,142.0,f1,0.4565217391304348
Texas,DiffWire CT,gcn,12371,,0.5675675675675675,0.3774358974358974,0.6486486486486487,0.4412641621943947,0.6548397541046143,194.0,f1,0.3774358974358974
Texas,DiffWire CT,gcn,12372,,0.7027027027027027,0.3861224489795918,0.6486486486486487,0.4032792604221176,0.6385979056358337,309.0,f1,0.3861224489795918
Texas,DiffWire CT,gcn,12373,,0.8108108108108109,0.7642857142857143,0.6216216216216216,0.4002501563477173,0.5959271788597107,308.0,f1,0.7642857142857143
Texas,DiffWire CT,gcn,12374,,0.7027027027027027,0.5154761904761904,0.6486486486486487,0.2798786653185036,0.7346814870834351,170.0,f1,0.5154761904761904
