dataset,method,backbone,seed,selected_ratio,selected_val_acc,selected_val_f1,selected_test_acc,selected_test_f1,baseline_val_acc,baseline_val_f1,baseline_test_acc,baseline_test_f1,gain_acc,gain_f1
Actor,SDRF,gcn,12345,0.0,0.3217105263157894,0.3018414777486385,0.2875,0.249234790787316,0.3217105263157894,0.3018414777486385,0.2875,0.249234790787316,0.0,2.775557561562892e-17
Actor,SDRF,gcn,12346,0.0,0.2828947368421052,0.2592580003222366,0.2973684210526315,0.2658689434037475,0.2822368421052632,0.2592518037727515,0.2980263157894737,0.2657805309791351,-0.0006578947368421,8.841242461243848e-05
Actor,SDRF,gcn,12347,0.0,0.3210526315789473,0.2749715264703022,0.3059210526315789,0.2548435878854278,0.3210526315789473,0.2749715264703022,0.3059210526315789,0.2548435878854278,0.0,0.0
Actor,SDRF,gcn,12348,0.0,0.3138157894736842,0.2906527167902102,0.3046052631578947,0.2702153636473138,0.3138157894736842,0.2906527167902102,0.3046052631578947,0.2702153636473138,0.0,0.0
Actor,SDRF,gcn,12349,0.55,0.3118421052631579,0.2771108649757738,0.3026315789473684,0.2702645227483998,0.2973684210526315,0.2767158227082549,0.3006578947368421,0.2758327105452627,0.0019736842105262,-0.0055681877968628
Actor,SDRF,gcn,12350,0.0,0.3388157894736842,0.2915531129227827,0.2973684210526315,0.258647098665705,0.3388157894736842,0.2915531129227827,0.2973684210526315,0.258647098665705,5.551115123125783e-17,5.551115123125783e-17
Actor,SDRF,gcn,12351,0.1,0.3039473684210526,0.2804019185677764,0.2888157894736842,0.2650730086312869,0.3026315789473684,0.2799290125899757,0.2934210526315789,0.2721374653469717,-0.0046052631578947,-0.0070644567156847
Actor,SDRF,gcn,12352,0.1,0.2907894736842105,0.2790637630736851,0.2736842105263158,0.2629339203427008,0.2914473684210526,0.2776300841333107,0.2822368421052632,0.2674194981126437,-0.0085526315789473,-0.0044855777699428
Actor,SDRF,gcn,12353,0.0,0.2993421052631579,0.2747906446741253,0.2894736842105263,0.2666635322537301,0.2967105263157895,0.2743655720223846,0.2881578947368421,0.2670383587067841,0.0013157894736842,-0.0003748264530539
Actor,SDRF,gcn,12354,0.25,0.3157894736842105,0.2811614222294615,0.3105263157894737,0.270011074944348,0.3151315789473684,0.2779150208616682,0.3098684210526315,0.27360456302841,0.0006578947368421,-0.003593488084062
Actor,SDRF,gcn,12355,0.0,0.3263157894736842,0.2847656366410179,0.3013157894736842,0.2596768862455422,0.3263157894736842,0.2847656366410179,0.3013157894736842,0.2596768862455422,0.0,0.0
Actor,SDRF,gcn,12356,0.55,0.3039473684210526,0.2776620409307894,0.2888157894736842,0.2548524423208706,0.3105263157894737,0.271806906888607,0.3006578947368421,0.254568916668522,-0.0118421052631579,0.0002835256523486
Actor,SDRF,gcn,12357,0.0,0.3164473684210526,0.2762053108974164,0.2980263157894737,0.2548498470445124,0.3019736842105263,0.2763410444588881,0.2842105263157894,0.259490963781304,0.0138157894736842,-0.0046411167367915
Actor,SDRF,gcn,12358,0.25,0.3243421052631579,0.2929552910141928,0.2907894736842105,0.2527685490961873,0.3131578947368421,0.2865930838094713,0.2828947368421052,0.2487418197787328,0.0078947368421053,0.0040267293174544
Actor,SDRF,gcn,12359,0.55,0.3276315789473684,0.2996502614427908,0.3026315789473684,0.273328323425933,0.3164473684210526,0.2919143262040721,0.3052631578947368,0.2795988594987225,-0.0026315789473683,-0.0062705360727894
Actor,SDRF,gcn,12360,0.0,0.3223684210526316,0.2923711881267935,0.3157894736842105,0.2836459989882435,0.3223684210526316,0.2923711881267935,0.3157894736842105,0.2836459989882435,0.0,0.0
Actor,SDRF,gcn,12361,0.0,0.331578947368421,0.2941502540602898,0.2875,0.2574199757648266,0.331578947368421,0.2941502540602898,0.2875,0.2574199757648266,0.0,0.0
Actor,SDRF,gcn,12362,0.1,0.3243421052631579,0.2952361157390933,0.2868421052631579,0.2623608769738987,0.3190789473684211,0.2930129272516188,0.2907894736842105,0.2654336476174931,-0.0039473684210525,-0.0030727706435943
Actor,SDRF,gcn,12363,0.0,0.3125,0.2785256550320579,0.3197368421052631,0.2798585581544554,0.3125,0.2785256550320579,0.3197368421052631,0.2798585581544554,5.551115123125783e-17,0.0
Actor,SDRF,gcn,12364,0.4,0.3006578947368421,0.2714985164074965,0.2927631578947368,0.2583675319970541,0.3039473684210526,0.2695462607214492,0.2953947368421052,0.2585070405743481,-0.0026315789473683,-0.000139508577294
Actor,SDRF,gcn,12365,0.25,0.3092105263157895,0.2823651821010879,0.3052631578947368,0.2795317333013204,0.3098684210526315,0.2816197431151303,0.3098684210526315,0.2855700604647627,-0.0046052631578946,-0.0060383271634422
Actor,SDRF,gcn,12366,0.0,0.3223684210526316,0.2874604020543962,0.3026315789473684,0.2704075412215915,0.3223684210526316,0.2874604020543962,0.3026315789473684,0.2704075412215915,0.0,0.0
Actor,SDRF,gcn,12367,0.0,0.3151315789473684,0.287393328158524,0.2960526315789473,0.2741527960062581,0.3151315789473684,0.287236434986452,0.2953947368421052,0.2722185494462361,0.0006578947368421,0.001934246560022
Actor,SDRF,gcn,12368,0.0,0.2934210526315789,0.2717328083217305,0.2907894736842105,0.2671260748581068,0.2914473684210526,0.2702424778605169,0.2927631578947368,0.2688370628471727,-0.0019736842105262,-0.0017109879890658
Actor,SDRF,gcn,12369,0.0,0.3210526315789473,0.285461202483018,0.3078947368421053,0.2779136289394061,0.3210526315789473,0.285461202483018,0.3078947368421053,0.2779136289394061,0.0,0.0
Actor,SDRF,gcn,12370,0.25,0.2894736842105263,0.2617962348980055,0.331578947368421,0.2999230887639704,0.2888157894736842,0.2561665305562158,0.3355263157894737,0.2999270311524499,-0.0039473684210526,-3.942388479505343e-06
Actor,SDRF,gcn,12371,0.0,0.2973684210526315,0.2669821742724683,0.2927631578947368,0.2704304561328544,0.2953947368421052,0.267404994880233,0.2855263157894737,0.2645726408925806,0.0072368421052631,0.0058578152402738
Actor,SDRF,gcn,12372,0.4,0.3171052631578947,0.2793543224610751,0.3263157894736842,0.2893445271899321,0.3098684210526315,0.2763000285962775,0.3138157894736842,0.2865869954177346,0.0125,0.0027575317721975
Actor,SDRF,gcn,12373,0.0,0.3144736842105263,0.2816029235103638,0.3118421052631579,0.273996146841626,0.3144736842105263,0.2816029235103638,0.3118421052631579,0.273996146841626,0.0,5.551115123125783e-17
Actor,SDRF,gcn,12374,0.1,0.3098684210526315,0.279907377513497,0.3052631578947368,0.2690591215031214,0.3085526315789473,0.2761907973298372,0.3085526315789473,0.2690996428410913,-0.0032894736842104,-4.052133796988988e-05
Actor,SDRF,sage,12345,0.55,0.3684210526315789,0.3419700094768235,0.3282894736842105,0.3007103966415019,0.3631578947368421,0.3418635879851895,0.3375,0.3163636235387186,-0.0092105263157895,-0.0156532268972167
Actor,SDRF,sage,12346,0.25,0.3644736842105263,0.3470208849641245,0.3480263157894737,0.3209081194936774,0.3664473684210526,0.3430058216413028,0.3434210526315789,0.3166827765679391,0.0046052631578947,0.0042253429257383
Actor,SDRF,sage,12347,0.25,0.3657894736842105,0.3403347187960082,0.3480263157894737,0.3187203801855727,0.3625,0.334912091278048,0.3460526315789474,0.3193405738632286,0.0019736842105262,-0.0006201936776559
Actor,SDRF,sage,12348,0.0,0.3513157894736842,0.3355093902958555,0.3552631578947368,0.3273685931335443,0.3513157894736842,0.3355093902958555,0.3552631578947368,0.3273685931335443,5.551115123125783e-17,0.0
Actor,SDRF,sage,12349,0.1,0.3513157894736842,0.3257393241991347,0.369078947368421,0.3276511579578475,0.3486842105263157,0.3246916273516426,0.369078947368421,0.3273970724874361,5.551115123125783e-17,0.0002540854704113
Actor,SDRF,sage,12350,0.1,0.3671052631578947,0.3307135926351982,0.3552631578947368,0.3151328965737568,0.3677631578947368,0.3287927433875374,0.3546052631578947,0.3144168101544674,0.0006578947368421,0.0007160864192894
Actor,SDRF,sage,12351,0.0,0.3677631578947368,0.3411726869882404,0.3552631578947368,0.3226771368611256,0.3677631578947368,0.3411726869882404,0.3552631578947368,0.3226771368611256,5.551115123125783e-17,5.551115123125783e-17
Actor,SDRF,sage,12352,0.25,0.3526315789473684,0.3339803203520389,0.3467105263157894,0.3293528523948511,0.3526315789473684,0.3332433773478948,0.3421052631578947,0.3283405309880513,0.0046052631578947,0.0010123214067997
Actor,SDRF,sage,12353,0.25,0.3723684210526315,0.3524078765776559,0.3546052631578947,0.3270151019597011,0.3605263157894737,0.3411418623360714,0.3572368421052631,0.3291468462918833,-0.0026315789473683,-0.0021317443321821
Actor,SDRF,sage,12354,0.55,0.3578947368421052,0.3290526598927622,0.3460526315789474,0.3195056906750343,0.3697368421052631,0.3243326184314724,0.3526315789473684,0.3088561217696649,-0.006578947368421,0.0106495689053693
Actor,SDRF,sage,12355,0.0,0.3730263157894737,0.3335388385171384,0.3671052631578947,0.3347832004619162,0.3730263157894737,0.3335388385171384,0.3671052631578947,0.3347832004619162,0.0,5.551115123125783e-17
Actor,SDRF,sage,12356,0.0,0.3625,0.3342981712495049,0.3592105263157895,0.3226795618112243,0.3625,0.3342981712495049,0.3592105263157895,0.3226795618112243,0.0,5.551115123125783e-17
Actor,SDRF,sage,12357,0.25,0.375,0.3481430729762974,0.3552631578947368,0.3212048128817263,0.3651315789473684,0.3448998784845697,0.3342105263157894,0.3076797292181999,0.0210526315789474,0.0135250836635263
Actor,SDRF,sage,12358,0.55,0.3631578947368421,0.3403691325189745,0.35,0.3294544475271989,0.3532894736842105,0.3310245079963091,0.3375,0.3211517185769322,0.0124999999999999,0.0083027289502666
Actor,SDRF,sage,12359,0.1,0.3730263157894737,0.355998850137261,0.3421052631578947,0.324096888940082,0.3677631578947368,0.351047069573519,0.3401315789473684,0.3166092102253612,0.0019736842105263,0.0074876787147208
Actor,SDRF,sage,12360,0.0,0.3657894736842105,0.3450666852227423,0.3578947368421052,0.3306102399946874,0.3657894736842105,0.3450666852227423,0.3578947368421052,0.3306102399946874,5.551115123125783e-17,0.0
Actor,SDRF,sage,12361,0.55,0.3677631578947368,0.3328121996176273,0.3355263157894737,0.2972256051348941,0.3578947368421052,0.328237293536629,0.3388157894736842,0.3104434861056462,-0.0032894736842105,-0.013217880970752
Actor,SDRF,sage,12362,0.4,0.369078947368421,0.3393055140449909,0.3552631578947368,0.335051372084606,0.3638157894736842,0.3358736601481407,0.3552631578947368,0.3344468401645632,5.551115123125783e-17,0.0006045319200428
Actor,SDRF,sage,12363,0.55,0.3638157894736842,0.3380894907119618,0.3546052631578947,0.3274349492076323,0.3651315789473684,0.3367433794961705,0.3578947368421052,0.3280719231990158,-0.0032894736842104,-0.0006369739913835
Actor,SDRF,sage,12364,0.1,0.3631578947368421,0.3354927115226829,0.3480263157894737,0.3235257920404049,0.3625,0.335456245025292,0.3414473684210526,0.3193757887958414,0.006578947368421,0.0041500032445634
Actor,SDRF,sage,12365,0.25,0.3625,0.3423584984572567,0.3592105263157895,0.3367118143734327,0.3644736842105263,0.3400302803765031,0.3605263157894737,0.3335267350801597,-0.0013157894736842,0.003185079293273
Actor,SDRF,sage,12366,0.25,0.3651315789473684,0.3324386255851341,0.3328947368421052,0.3098043066715034,0.3605263157894737,0.3256877577083655,0.3460526315789474,0.3113493392728269,-0.0131578947368421,-0.0015450326013234
Actor,SDRF,sage,12367,0.4,0.3638157894736842,0.3370042513510567,0.3625,0.3390487629732638,0.3684210526315789,0.3307600863514783,0.3618421052631579,0.3349196388324501,0.000657894736842,0.0041291241408137
Actor,SDRF,sage,12368,0.25,0.3710526315789473,0.3374754859010045,0.3671052631578947,0.3286471935904271,0.3552631578947368,0.3357667268441773,0.3572368421052631,0.3338344487221776,0.0098684210526316,-0.0051872551317505
Actor,SDRF,sage,12369,0.4,0.3736842105263158,0.3446210715308159,0.3703947368421053,0.3479507165636906,0.3671052631578947,0.3375287057715534,0.3723684210526315,0.3500650842253624,-0.0019736842105262,-0.0021143676616717
Actor,SDRF,sage,12370,0.0,0.3578947368421052,0.337660177238145,0.3585526315789473,0.3392887649060523,0.3578947368421052,0.337660177238145,0.3585526315789473,0.3392887649060523,5.551115123125783e-17,5.551115123125783e-17
Actor,SDRF,sage,12371,0.0,0.3434210526315789,0.3223870436336068,0.3164473684210526,0.3030677970150131,0.3434210526315789,0.3223870436336068,0.3164473684210526,0.3030677970150131,5.551115123125783e-17,5.551115123125783e-17
Actor,SDRF,sage,12372,0.0,0.3572368421052631,0.3446843269857309,0.3605263157894737,0.3357276649691521,0.3572368421052631,0.3446843269857309,0.3605263157894737,0.3357276649691521,0.0,0.0
Actor,SDRF,sage,12373,0.55,0.3697368421052631,0.3438572694001459,0.3815789473684211,0.3527453364473809,0.3684210526315789,0.3432907517297069,0.3677631578947368,0.3422377683437853,0.0138157894736842,0.0105075681035956
Actor,SDRF,sage,12374,0.25,0.3611842105263158,0.3373895120264148,0.3611842105263158,0.3366550466752849,0.3598684210526315,0.3321130187515776,0.3638157894736842,0.3317191865325023,-0.0026315789473684,0.0049358601427825
Actor,SDRF,gat,12345,0.1,0.3302631578947368,0.2846731291152239,0.2986842105263158,0.2497988484398298,0.3203947368421053,0.2797998489922262,0.3052631578947368,0.257325273615404,-0.006578947368421,-0.0075264251755741
Actor,SDRF,gat,12346,0.1,0.2796052631578947,0.2628308733186796,0.2769736842105263,0.2570019144733791,0.2743421052631579,0.2563859110169176,0.2782894736842105,0.2542085651863474,-0.0013157894736841,0.0027933492870317
Actor,SDRF,gat,12347,0.55,0.3111842105263158,0.2759065983315237,0.3105263157894737,0.2710348528852043,0.306578947368421,0.2661682906057731,0.2993421052631579,0.2567466170042485,0.0111842105263157,0.0142882358809558
Actor,SDRF,gat,12348,0.0,0.3026315789473684,0.2812590606160381,0.2822368421052632,0.2534337445171609,0.3039473684210526,0.2826345440557912,0.2789473684210526,0.2499447478424819,0.0032894736842105,0.003488996674679
Actor,SDRF,gat,12349,0.4,0.3085526315789473,0.275170380965247,0.2809210526315789,0.2459171686418555,0.3,0.2670755977365935,0.2927631578947368,0.2541913322542233,-0.0118421052631578,-0.0082741636123677
Actor,SDRF,gat,12350,0.1,0.3190789473684211,0.2753931952072467,0.2861842105263157,0.252695820653348,0.3125,0.2730353437402152,0.2809210526315789,0.2510731031616103,0.0052631578947368,0.0016227174917377
Actor,SDRF,gat,12351,0.25,0.3059210526315789,0.2665507584924936,0.2973684210526315,0.2663352050426378,0.3105263157894737,0.2648440368433398,0.3032894736842105,0.2621968664015102,-0.0059210526315789,0.0041383386411276
Actor,SDRF,gat,12352,0.25,0.2980263157894737,0.2765108613284596,0.2868421052631579,0.2645192799180169,0.2960526315789473,0.2707606212549961,0.3,0.2775314544740505,-0.013157894736842,-0.0130121745560335
Actor,SDRF,gat,12353,0.1,0.2875,0.2552710832957088,0.2973684210526315,0.2692260429907764,0.281578947368421,0.2533160592609492,0.2921052631578947,0.2681893568681425,0.0052631578947368,0.0010366861226339
Actor,SDRF,gat,12354,0.4,0.3,0.2853972101487471,0.2868421052631579,0.2668336425821326,0.2973684210526315,0.2804082556278975,0.2907894736842105,0.2654260661356424,-0.0039473684210525,0.0014075764464901
Actor,SDRF,gat,12355,0.1,0.3,0.267535868675037,0.2822368421052632,0.2560266484698408,0.2953947368421052,0.2633984652839962,0.2789473684210526,0.2563973569244918,0.0032894736842105,-0.0003707084546509
Actor,SDRF,gat,12356,0.1,0.2973684210526315,0.2628067003139688,0.2901315789473684,0.2554798989067876,0.2953947368421052,0.2598554101238033,0.294078947368421,0.2583182804757487,-0.0039473684210525,-0.0028383815689611
Actor,SDRF,gat,12357,0.1,0.3013157894736842,0.2899348888595286,0.2717105263157894,0.2546205720176863,0.2960526315789473,0.2850752747660373,0.2664473684210526,0.2499904190913778,0.0052631578947368,0.0046301529263085
Actor,SDRF,gat,12358,0.0,0.3276315789473684,0.2841236911874706,0.2947368421052631,0.2494796369364947,0.3282894736842105,0.2845073109742887,0.294078947368421,0.248496706691644,0.0006578947368421,0.0009829302448507
Actor,SDRF,gat,12359,0.1,0.3144736842105263,0.2849743160238821,0.3,0.2702876687676872,0.3059210526315789,0.280949724501002,0.2901315789473684,0.2636099727715072,0.0098684210526315,0.00667769599618
Actor,SDRF,gat,12360,0.25,0.3006578947368421,0.2780989295548982,0.2901315789473684,0.263438659041142,0.3151315789473684,0.2716949080435739,0.2953947368421052,0.2521216796087981,-0.0052631578947368,0.0113169794323439
Actor,SDRF,gat,12361,0.4,0.3236842105263158,0.2822591351325494,0.2756578947368421,0.2417280853495473,0.3243421052631579,0.2796210484253949,0.2973684210526315,0.2594739575340269,-0.0217105263157894,-0.0177458721844796
Actor,SDRF,gat,12362,0.0,0.3203947368421053,0.280904129776968,0.2914473684210526,0.259298727358395,0.3052631578947368,0.2806897881842257,0.281578947368421,0.2606227023771067,0.0098684210526316,-0.0013239750187117
Actor,SDRF,gat,12363,0.4,0.3131578947368421,0.2648591761671459,0.294078947368421,0.2500933338493518,0.2743421052631579,0.2520068107695504,0.2881578947368421,0.2613057008642615,0.0059210526315789,-0.0112123670149096
Actor,SDRF,gat,12364,0.1,0.3059210526315789,0.2647606113946971,0.281578947368421,0.2414054436084673,0.3026315789473684,0.2633020165092856,0.2776315789473684,0.244314314636231,0.0039473684210526,-0.0029088710277636
Actor,SDRF,gat,12365,0.1,0.3118421052631579,0.2624700952783182,0.3184210526315789,0.2663248267667928,0.2828947368421052,0.2591964387640185,0.2769736842105263,0.2479302114097404,0.0414473684210526,0.0183946153570524
Actor,SDRF,gat,12366,0.1,0.3210526315789473,0.2795027744630623,0.3026315789473684,0.2644998210119268,0.3013157894736842,0.2743348826422743,0.2736842105263158,0.251474289223856,0.0289473684210526,0.0130255317880708
Actor,SDRF,gat,12367,0.1,0.2927631578947368,0.2737395760642594,0.2605263157894736,0.243004451711995,0.3039473684210526,0.2620296546440607,0.2842105263157894,0.2579276837908854,-0.0236842105263157,-0.0149232320788903
Actor,SDRF,gat,12368,0.0,0.2855263157894737,0.262004150760465,0.2789473684210526,0.257339736738857,0.2848684210526316,0.2613113659789203,0.2769736842105263,0.2557310274382027,0.0019736842105262,0.0016087093006543
Actor,SDRF,gat,12369,0.55,0.2901315789473684,0.2737306914313556,0.2638157894736842,0.2463541313134666,0.2868421052631579,0.2628717077379801,0.2835526315789474,0.2633749392075274,-0.0197368421052631,-0.0170208078940608
Actor,SDRF,gat,12370,0.1,0.3098684210526315,0.2679825263314339,0.3335526315789474,0.2819508756425895,0.294078947368421,0.2599831886013596,0.3203947368421053,0.2817856147416473,0.013157894736842,0.0001652609009422
Actor,SDRF,gat,12371,0.4,0.3,0.2829773773127403,0.2802631578947368,0.2622309067040677,0.3078947368421053,0.2728746485324658,0.2993421052631579,0.271269883791748,-0.019078947368421,-0.0090389770876802
Actor,SDRF,gat,12372,0.1,0.3217105263157894,0.2795312178083431,0.3072368421052631,0.2658676576624465,0.3085526315789473,0.2761533782426724,0.3026315789473684,0.2724616435083683,0.0046052631578947,-0.0065939858459218
Actor,SDRF,gat,12373,0.55,0.2723684210526316,0.2599133222270069,0.2973684210526315,0.2827852286843796,0.2723684210526316,0.2552821115915732,0.2809210526315789,0.2682633106555744,0.0164473684210526,0.0145219180288052
Actor,SDRF,gat,12374,0.55,0.2934210526315789,0.2679411554095808,0.2743421052631579,0.2403475581863835,0.2953947368421052,0.2602278691465228,0.2967105263157895,0.2467591662577208,-0.0223684210526315,-0.0064116080713372
Actor,DiffWire CT,gcn,12345,,0.3230263157894736,0.2955187646277143,0.3,0.2679225055861561,0.3217105263157894,0.3018414777486385,0.2875,0.249234790787316,0.0125,0.0186877147988401
Actor,DiffWire CT,gcn,12346,,0.3289473684210526,0.2736134719103586,0.3388157894736842,0.2914445622486532,0.2822368421052632,0.2592518037727515,0.2980263157894737,0.2657805309791351,0.0407894736842105,0.0256640312695181
Actor,DiffWire CT,gcn,12347,,0.3105263157894737,0.2835614532748062,0.3111842105263158,0.2761652187938506,0.3210526315789473,0.2749715264703022,0.3059210526315789,0.2548435878854278,0.0052631578947368,0.0213216309084227
Actor,DiffWire CT,gcn,12348,,0.3197368421052631,0.2900162448095726,0.3085526315789473,0.2714846660523894,0.3138157894736842,0.2906527167902102,0.3046052631578947,0.2702153636473138,0.0039473684210526,0.0012693024050756
Actor,DiffWire CT,gcn,12349,,0.3355263157894737,0.3001784001706936,0.3151315789473684,0.2820748146354649,0.2973684210526315,0.2767158227082549,0.3006578947368421,0.2758327105452627,0.0144736842105263,0.0062421040902022
Actor,DiffWire CT,gcn,12350,,0.3361842105263158,0.291133974954038,0.3046052631578947,0.2613567379676832,0.3388157894736842,0.2915531129227827,0.2973684210526315,0.258647098665705,0.0072368421052632,0.0027096393019782
Actor,DiffWire CT,gcn,12351,,0.3138157894736842,0.272379991016853,0.3092105263157895,0.2792900863595032,0.3026315789473684,0.2799290125899757,0.2934210526315789,0.2721374653469717,0.0157894736842105,0.0071526210125315
Actor,DiffWire CT,gcn,12352,,0.2973684210526315,0.2791235015762067,0.2901315789473684,0.2723866607315656,0.2914473684210526,0.2776300841333107,0.2822368421052632,0.2674194981126437,0.0078947368421052,0.0049671626189218
Actor,DiffWire CT,gcn,12353,,0.3111842105263158,0.2686683402952193,0.3164473684210526,0.27391416870504,0.2967105263157895,0.2743655720223846,0.2881578947368421,0.2670383587067841,0.0282894736842105,0.0068758099982558
Actor,DiffWire CT,gcn,12354,,0.3184210526315789,0.2828265182744818,0.3190789473684211,0.285123136771716,0.3151315789473684,0.2779150208616682,0.3098684210526315,0.27360456302841,0.0092105263157895,0.011518573743306
Actor,DiffWire CT,gcn,12355,,0.3269736842105263,0.2961097863322733,0.2967105263157895,0.2648797120954897,0.3263157894736842,0.2847656366410179,0.3013157894736842,0.2596768862455422,-0.0046052631578947,0.0052028258499475
Actor,DiffWire CT,gcn,12356,,0.3190789473684211,0.2753554731807987,0.3125,0.258398749045591,0.3105263157894737,0.271806906888607,0.3006578947368421,0.254568916668522,0.0118421052631578,0.003829832377069
Actor,DiffWire CT,gcn,12357,,0.3197368421052631,0.2884120691718879,0.2921052631578947,0.2645778799454734,0.3019736842105263,0.2763410444588881,0.2842105263157894,0.259490963781304,0.0078947368421053,0.0050869161641694
Actor,DiffWire CT,gcn,12358,,0.3098684210526315,0.2864217646042443,0.2986842105263158,0.2736390303556327,0.3131578947368421,0.2865930838094713,0.2828947368421052,0.2487418197787328,0.0157894736842105,0.0248972105768999
Actor,DiffWire CT,gcn,12359,,0.3105263157894737,0.2785093307292841,0.3059210526315789,0.2565119629404352,0.3164473684210526,0.2919143262040721,0.3052631578947368,0.2795988594987225,0.0006578947368421,-0.0230868965582872
Actor,DiffWire CT,gcn,12360,,0.3138157894736842,0.2745884543989682,0.3263157894736842,0.2879215266391862,0.3223684210526316,0.2923711881267935,0.3157894736842105,0.2836459989882435,0.0105263157894737,0.0042755276509426
Actor,DiffWire CT,gcn,12361,,0.3210526315789473,0.2738086332612427,0.2888157894736842,0.2455242584203123,0.331578947368421,0.2941502540602898,0.2875,0.2574199757648266,0.0013157894736842,-0.0118957173445142
Actor,DiffWire CT,gcn,12362,,0.35,0.2936550415499986,0.3144736842105263,0.2758434760552449,0.3190789473684211,0.2930129272516188,0.2907894736842105,0.2654336476174931,0.0236842105263158,0.0104098284377517
Actor,DiffWire CT,gcn,12363,,0.3197368421052631,0.281309930673256,0.3368421052631579,0.2881239079734434,0.3125,0.2785256550320579,0.3197368421052631,0.2798585581544554,0.0171052631578947,0.008265349818988
Actor,DiffWire CT,gcn,12364,,0.3006578947368421,0.2729085245922784,0.2934210526315789,0.2663377328427513,0.3039473684210526,0.2695462607214492,0.2953947368421052,0.2585070405743481,-0.0019736842105262,0.0078306922684032
Actor,DiffWire CT,gcn,12365,,0.3243421052631579,0.2917736898984911,0.3171052631578947,0.2860456457745929,0.3098684210526315,0.2816197431151303,0.3098684210526315,0.2855700604647627,0.0072368421052632,0.0004755853098302
Actor,DiffWire CT,gcn,12366,,0.3217105263157894,0.2929689898461028,0.3039473684210526,0.2721585492854228,0.3223684210526316,0.2874604020543962,0.3026315789473684,0.2704075412215915,0.0013157894736842,0.0017510080638313
Actor,DiffWire CT,gcn,12367,,0.3006578947368421,0.2807769127366003,0.2894736842105263,0.2646697337122773,0.3151315789473684,0.287236434986452,0.2953947368421052,0.2722185494462361,-0.0059210526315788,-0.0075488157339587
Actor,DiffWire CT,gcn,12368,,0.3282894736842105,0.2854913248719691,0.3164473684210526,0.2800246596495944,0.2914473684210526,0.2702424778605169,0.2927631578947368,0.2688370628471727,0.0236842105263158,0.0111875968024217
Actor,DiffWire CT,gcn,12369,,0.3328947368421052,0.2876432033844058,0.3171052631578947,0.2793597515332613,0.3210526315789473,0.285461202483018,0.3078947368421053,0.2779136289394061,0.0092105263157894,0.0014461225938552
Actor,DiffWire CT,gcn,12370,,0.2901315789473684,0.2605049342551561,0.3151315789473684,0.286302922292849,0.2888157894736842,0.2561665305562158,0.3355263157894737,0.2999270311524499,-0.0203947368421052,-0.0136241088596008
Actor,DiffWire CT,gcn,12371,,0.3217105263157894,0.2737336693805634,0.3217105263157894,0.2831113169334622,0.2953947368421052,0.267404994880233,0.2855263157894737,0.2645726408925806,0.0361842105263157,0.0185386760408816
Actor,DiffWire CT,gcn,12372,,0.3131578947368421,0.2761827793870034,0.3210526315789473,0.2865699986435855,0.3098684210526315,0.2763000285962775,0.3138157894736842,0.2865869954177346,0.0072368421052631,-1.6996774149014016e-05
Actor,DiffWire CT,gcn,12373,,0.3177631578947368,0.27946836288772,0.3072368421052631,0.2598191940272319,0.3144736842105263,0.2816029235103638,0.3118421052631579,0.273996146841626,-0.0046052631578947,-0.014176952814394
Actor,DiffWire CT,gcn,12374,,0.2894736842105263,0.2594036186127297,0.2967105263157895,0.2722241896596535,0.3085526315789473,0.2761907973298372,0.3085526315789473,0.2690996428410913,-0.0118421052631578,0.0031245468185622
Airports-Brazil,SDRF,gcn,12345,0.4,0.6538461538461539,0.6380566801619433,0.4074074074074074,0.4073083778966132,0.6153846153846154,0.6222222222222222,0.4444444444444444,0.4053921568627451,-0.037037037037037,0.0019162210338681
Airports-Brazil,SDRF,gcn,12346,0.1,0.4615384615384615,0.4558213716108452,0.3333333333333333,0.2614468864468864,0.4615384615384615,0.4406371406371406,0.4444444444444444,0.4475274725274725,-0.1111111111111111,-0.186080586080586
Airports-Brazil,SDRF,gcn,12347,0.0,0.6153846153846154,0.6037296037296038,0.5925925925925926,0.5705741626794258,0.6153846153846154,0.6037296037296038,0.5925925925925926,0.5705741626794258,0.0,0.0
Airports-Brazil,SDRF,gcn,12348,0.4,0.5,0.4701388888888889,0.4444444444444444,0.4131313131313131,0.4615384615384615,0.401010101010101,0.4074074074074074,0.376068376068376,0.037037037037037,0.0370629370629371
Airports-Brazil,SDRF,gcn,12349,0.55,0.6153846153846154,0.5946969696969697,0.3703703703703703,0.3118686868686868,0.6153846153846154,0.5758928571428572,0.4814814814814814,0.465967365967366,-0.111111111111111,-0.1540986790986791
Airports-Brazil,SDRF,gcn,12350,0.4,0.6153846153846154,0.6143665158371041,0.4814814814814814,0.4599463036963037,0.5769230769230769,0.5451388888888888,0.4444444444444444,0.4409090909090908,0.037037037037037,0.0190372127872129
Airports-Brazil,SDRF,gcn,12351,0.25,0.5384615384615384,0.4955741626794258,0.4444444444444444,0.4009049773755656,0.5,0.4622766122766123,0.4444444444444444,0.4142246642246642,0.0,-0.0133196868490985
Airports-Brazil,SDRF,gcn,12352,0.0,0.6923076923076923,0.6866258741258742,0.4074074074074074,0.4039432789432789,0.6923076923076923,0.6866258741258742,0.4074074074074074,0.4039432789432789,0.0,5.551115123125783e-17
Airports-Brazil,SDRF,gcn,12353,0.1,0.6153846153846154,0.6030844155844155,0.4074074074074074,0.4117424242424242,0.5769230769230769,0.5642482517482518,0.5185185185185185,0.4845238095238095,-0.1111111111111111,-0.0727813852813852
Airports-Brazil,SDRF,gcn,12354,0.55,0.6923076923076923,0.6916666666666667,0.4074074074074074,0.3424242424242424,0.6538461538461539,0.6607142857142857,0.4444444444444444,0.3621794871794871,-0.037037037037037,-0.0197552447552447
Airports-Brazil,SDRF,gcn,12355,0.1,0.5,0.5101731601731602,0.4074074074074074,0.3803921568627451,0.3846153846153846,0.3809523809523809,0.4814814814814814,0.4739819004524886,-0.074074074074074,-0.0935897435897435
Airports-Brazil,SDRF,gcn,12356,0.0,0.6153846153846154,0.6085218702865762,0.5925925925925926,0.5985739750445633,0.6153846153846154,0.6085218702865762,0.5925925925925926,0.5985739750445633,0.0,0.0
Airports-Brazil,SDRF,gcn,12357,0.4,0.5,0.4611336032388663,0.3333333333333333,0.2936507936507936,0.5,0.4558823529411765,0.4074074074074074,0.3454545454545454,-0.074074074074074,-0.0518037518037517
Airports-Brazil,SDRF,gcn,12358,0.0,0.5384615384615384,0.4714743589743589,0.4444444444444444,0.4439033189033188,0.5384615384615384,0.4714743589743589,0.4444444444444444,0.4439033189033188,0.0,5.551115123125783e-17
Airports-Brazil,SDRF,gcn,12359,0.1,0.6153846153846154,0.5944805194805195,0.4444444444444444,0.4348039215686274,0.5769230769230769,0.5621794871794872,0.5185185185185185,0.5108225108225108,-0.074074074074074,-0.0760185892538833
Airports-Brazil,SDRF,gcn,12360,0.25,0.5769230769230769,0.5389610389610389,0.4444444444444444,0.4169823232323232,0.5384615384615384,0.5,0.4444444444444444,0.4060897435897436,0.0,0.0108925796425796
Airports-Brazil,SDRF,gcn,12361,0.4,0.6153846153846154,0.575362872421696,0.4444444444444444,0.4259803921568628,0.6153846153846154,0.5467105263157894,0.3703703703703703,0.3115131578947368,0.0740740740740741,0.1144672342621259
Airports-Brazil,SDRF,gcn,12362,0.25,0.6538461538461539,0.6458333333333333,0.4444444444444444,0.4308608058608059,0.6153846153846154,0.599504662004662,0.5185185185185185,0.5092627960275019,-0.074074074074074,-0.078401990166696
Airports-Brazil,SDRF,gcn,12363,0.4,0.5769230769230769,0.5598290598290598,0.5555555555555556,0.5595238095238095,0.5769230769230769,0.5568124685771745,0.4814814814814814,0.4422348484848484,0.0740740740740741,0.1172889610389611
Airports-Brazil,SDRF,gcn,12364,0.1,0.6923076923076923,0.686261655011655,0.3703703703703703,0.3177319004524886,0.6923076923076923,0.6801948051948052,0.3333333333333333,0.2792703619909502,0.037037037037037,0.0384615384615384
Airports-Brazil,SDRF,gcn,12365,0.0,0.5,0.4806663924310983,0.4444444444444444,0.4026570048309178,0.5,0.4806663924310983,0.4444444444444444,0.4026570048309178,0.0,0.0
Airports-Brazil,SDRF,gcn,12366,0.4,0.5,0.5014430014430014,0.4814814814814814,0.4553571428571428,0.4230769230769231,0.3834224598930481,0.4074074074074074,0.4363247863247863,0.074074074074074,0.0190323565323565
Airports-Brazil,SDRF,gcn,12367,0.1,0.6153846153846154,0.6036713286713287,0.5555555555555556,0.5111111111111111,0.5769230769230769,0.5601648351648352,0.5185185185185185,0.4539682539682539,0.037037037037037,0.0571428571428571
Airports-Brazil,SDRF,gcn,12368,0.1,0.5,0.494047619047619,0.3333333333333333,0.3305555555555555,0.5,0.4813186813186813,0.4444444444444444,0.4208874458874458,-0.1111111111111111,-0.0903318903318902
Airports-Brazil,SDRF,gcn,12369,0.0,0.6153846153846154,0.6246753246753247,0.4444444444444444,0.3541666666666666,0.6153846153846154,0.6246753246753247,0.4444444444444444,0.3541666666666666,0.0,5.551115123125783e-17
Airports-Brazil,SDRF,gcn,12370,0.0,0.5,0.4947552447552448,0.5185185185185185,0.4858391608391608,0.5,0.4947552447552448,0.5185185185185185,0.4858391608391608,0.0,0.0
Airports-Brazil,SDRF,gcn,12371,0.0,0.5769230769230769,0.5952380952380952,0.2962962962962963,0.265126050420168,0.5769230769230769,0.5952380952380952,0.2962962962962963,0.265126050420168,0.0,5.551115123125783e-17
Airports-Brazil,SDRF,gcn,12372,0.0,0.5,0.4871413308913309,0.5185185185185185,0.5168581418581418,0.5,0.4871413308913309,0.5185185185185185,0.5168581418581418,0.0,0.0
Airports-Brazil,SDRF,gcn,12373,0.0,0.6538461538461539,0.6347285067873303,0.4444444444444444,0.4375901875901876,0.6538461538461539,0.6347285067873303,0.4444444444444444,0.4375901875901876,0.0,0.0
Airports-Brazil,SDRF,gcn,12374,0.55,0.6538461538461539,0.6427853192559075,0.4074074074074074,0.3775917065390749,0.6153846153846154,0.6024038461538461,0.3333333333333333,0.3242424242424242,0.074074074074074,0.0533492822966507
Airports-Brazil,SDRF,sage,12345,0.1,0.5384615384615384,0.4699754901960784,0.5925925925925926,0.5857371794871795,0.5,0.4350961538461538,0.5555555555555556,0.5437038451744334,0.0370370370370369,0.0420333343127461
Airports-Brazil,SDRF,sage,12346,0.0,0.4230769230769231,0.3411377708978328,0.2592592592592592,0.2,0.4230769230769231,0.3411377708978328,0.2592592592592592,0.2,5.551115123125783e-17,0.0
Airports-Brazil,SDRF,sage,12347,0.1,0.6153846153846154,0.625,0.4444444444444444,0.4267045454545454,0.5769230769230769,0.5938375350140056,0.4444444444444444,0.4267045454545454,0.0,5.551115123125783e-17
Airports-Brazil,SDRF,sage,12348,0.0,0.4615384615384615,0.4,0.4444444444444444,0.4216450216450216,0.4615384615384615,0.4,0.4444444444444444,0.4216450216450216,0.0,0.0
Airports-Brazil,SDRF,sage,12349,0.0,0.5769230769230769,0.5731768231768232,0.4074074074074074,0.3871212121212121,0.5384615384615384,0.5292207792207793,0.4074074074074074,0.384313725490196,0.0,0.002807486631016
Airports-Brazil,SDRF,sage,12350,0.25,0.5769230769230769,0.5585699023199023,0.3333333333333333,0.3115568641884432,0.5384615384615384,0.5097402597402597,0.3703703703703703,0.3534188034188034,-0.0370370370370369,-0.0418619392303601
Airports-Brazil,SDRF,sage,12351,0.4,0.5384615384615384,0.5050505050505051,0.3703703703703703,0.3035714285714286,0.5,0.4267482517482517,0.4074074074074074,0.3476190476190476,-0.037037037037037,-0.044047619047619
Airports-Brazil,SDRF,sage,12352,0.1,0.6153846153846154,0.5723039215686274,0.5185185185185185,0.5318181818181817,0.5769230769230769,0.5410714285714285,0.4814814814814814,0.4825757575757575,0.037037037037037,0.0492424242424242
Airports-Brazil,SDRF,sage,12353,0.25,0.5384615384615384,0.5483405483405484,0.4444444444444444,0.370819397993311,0.5384615384615384,0.5416666666666666,0.4444444444444444,0.3680830039525692,0.0,0.0027363940407418
Airports-Brazil,SDRF,sage,12354,0.25,0.5769230769230769,0.5443181818181818,0.2592592592592592,0.2414473684210526,0.5769230769230769,0.5410714285714285,0.2222222222222222,0.204656862745098,0.037037037037037,0.0367905056759546
Airports-Brazil,SDRF,sage,12355,0.1,0.5,0.4659945317840054,0.4814814814814814,0.4166666666666667,0.4615384615384615,0.4265873015873015,0.5185185185185185,0.4457393483709273,-0.037037037037037,-0.0290726817042606
Airports-Brazil,SDRF,sage,12356,0.0,0.4615384615384615,0.459717365967366,0.5555555555555556,0.5208333333333333,0.4615384615384615,0.459717365967366,0.5555555555555556,0.5208333333333333,0.0,0.0
Airports-Brazil,SDRF,sage,12357,0.1,0.6153846153846154,0.6014957264957265,0.4074074074074074,0.3811247575953458,0.5769230769230769,0.5592105263157894,0.4444444444444444,0.4137254901960784,-0.037037037037037,-0.0326007326007325
Airports-Brazil,SDRF,sage,12358,0.0,0.6538461538461539,0.6029519500107735,0.4814814814814814,0.4862637362637362,0.6538461538461539,0.6029519500107735,0.4814814814814814,0.4862637362637362,5.551115123125783e-17,5.551115123125783e-17
Airports-Brazil,SDRF,sage,12359,0.0,0.5,0.4920995670995671,0.6666666666666666,0.6431372549019607,0.5,0.4920995670995671,0.6666666666666666,0.6431372549019607,0.0,0.0
Airports-Brazil,SDRF,sage,12360,0.1,0.5769230769230769,0.4944444444444444,0.4444444444444444,0.4155844155844156,0.5,0.444760101010101,0.6296296296296297,0.6204266321913381,-0.1851851851851852,-0.2048422166069224
Airports-Brazil,SDRF,sage,12361,0.1,0.3461538461538461,0.3425120772946859,0.3333333333333333,0.2474747474747474,0.3076923076923077,0.3181818181818182,0.3333333333333333,0.2517482517482518,0.0,-0.0042735042735043
Airports-Brazil,SDRF,sage,12362,0.55,0.5384615384615384,0.5370879120879121,0.4444444444444444,0.4371212121212121,0.5,0.4942307692307692,0.4444444444444444,0.4480643539467069,0.0,-0.0109431418254947
Airports-Brazil,SDRF,sage,12363,0.0,0.5384615384615384,0.5174603174603174,0.4814814814814814,0.4327731092436975,0.5384615384615384,0.5174603174603174,0.4814814814814814,0.4327731092436975,5.551115123125783e-17,0.0
Airports-Brazil,SDRF,sage,12364,0.0,0.6538461538461539,0.6499999999999999,0.5185185185185185,0.5095238095238095,0.6538461538461539,0.6499999999999999,0.5185185185185185,0.5095238095238095,0.0,0.0
Airports-Brazil,SDRF,sage,12365,0.0,0.4615384615384615,0.4234126984126984,0.4074074074074074,0.3763458763458763,0.4615384615384615,0.4234126984126984,0.4074074074074074,0.3763458763458763,0.0,5.551115123125783e-17
Airports-Brazil,SDRF,sage,12366,0.25,0.5,0.4832070707070707,0.5555555555555556,0.5580357142857142,0.4615384615384615,0.438034188034188,0.6296296296296297,0.6291208791208791,-0.074074074074074,-0.0710851648351649
Airports-Brazil,SDRF,sage,12367,0.0,0.3846153846153846,0.3704545454545455,0.4814814814814814,0.4125,0.3846153846153846,0.3704545454545455,0.4814814814814814,0.4125,5.551115123125783e-17,0.0
Airports-Brazil,SDRF,sage,12368,0.4,0.5769230769230769,0.5523310023310024,0.4074074074074074,0.3520833333333333,0.5384615384615384,0.5103174603174603,0.3703703703703703,0.3166666666666666,0.037037037037037,0.0354166666666667
Airports-Brazil,SDRF,sage,12369,0.4,0.6153846153846154,0.6297348484848484,0.3703703703703703,0.3889517345399698,0.5769230769230769,0.5994652406417111,0.3333333333333333,0.3586309523809523,0.037037037037037,0.0303207821590175
Airports-Brazil,SDRF,sage,12370,0.0,0.5,0.4944444444444444,0.4074074074074074,0.4050133689839572,0.5,0.4944444444444444,0.4074074074074074,0.4050133689839572,0.0,5.551115123125783e-17
Airports-Brazil,SDRF,sage,12371,0.1,0.5,0.4682692307692307,0.2962962962962963,0.2890442890442891,0.4615384615384615,0.4370192307692307,0.3703703703703703,0.365018315018315,-0.074074074074074,-0.0759740259740259
Airports-Brazil,SDRF,sage,12372,0.55,0.4615384615384615,0.428030303030303,0.5555555555555556,0.5605956543456544,0.4230769230769231,0.3863636363636363,0.5185185185185185,0.5254079254079254,0.037037037037037,0.035187728937729
Airports-Brazil,SDRF,sage,12373,0.25,0.6153846153846154,0.6119938884644767,0.4074074074074074,0.3833333333333333,0.6153846153846154,0.5978298017771702,0.4074074074074074,0.3767482517482518,0.0,0.0065850815850815
Airports-Brazil,SDRF,sage,12374,0.4,0.6153846153846154,0.6217341482047365,0.3333333333333333,0.3119047619047619,0.6153846153846154,0.5997786935286935,0.4074074074074074,0.388235294117647,-0.074074074074074,-0.0763305322128851
Airports-Brazil,SDRF,gat,12345,0.1,0.5769230769230769,0.5625,0.4074074074074074,0.3903202061096797,0.5384615384615384,0.5547619047619048,0.3703703703703703,0.372960372960373,0.037037037037037,0.0173598331493067
Airports-Brazil,SDRF,gat,12346,0.25,0.4615384615384615,0.4600815850815851,0.2222222222222222,0.2190656565656565,0.5,0.4768633540372671,0.4074074074074074,0.4047619047619047,-0.1851851851851851,-0.1856962481962481
Airports-Brazil,SDRF,gat,12347,0.0,0.6153846153846154,0.6055944055944056,0.5185185185185185,0.4884049773755656,0.6153846153846154,0.5957167832167832,0.4074074074074074,0.3921626984126984,0.1111111111111111,0.0962422789628672
Airports-Brazil,SDRF,gat,12348,0.55,0.5384615384615384,0.5538315850815851,0.3703703703703703,0.3409806567701304,0.5769230769230769,0.4947552447552447,0.5555555555555556,0.4911858974358974,-0.1851851851851852,-0.1502052406657669
Airports-Brazil,SDRF,gat,12349,0.0,0.6923076923076923,0.672349709114415,0.5185185185185185,0.5095959595959596,0.4615384615384615,0.4642857142857143,0.3703703703703703,0.3924679487179487,0.1481481481481482,0.1171280108780108
Airports-Brazil,SDRF,gat,12350,0.1,0.6923076923076923,0.6784188034188035,0.5185185185185185,0.4967032967032967,0.6153846153846154,0.6120937885643769,0.4074074074074074,0.3829895594601477,0.1111111111111111,0.113713737243149
Airports-Brazil,SDRF,gat,12351,0.0,0.6538461538461539,0.6458874458874458,0.5925925925925926,0.5771287535993419,0.6153846153846154,0.5855314276366907,0.5925925925925926,0.5794181308887192,0.0,-0.0022893772893772
Airports-Brazil,SDRF,gat,12352,0.4,0.6923076923076923,0.6902930402930404,0.4814814814814814,0.4910130718954248,0.6153846153846154,0.602591706539075,0.5185185185185185,0.514423076923077,-0.037037037037037,-0.0234100050276521
Airports-Brazil,SDRF,gat,12353,0.4,0.6538461538461539,0.6499999999999999,0.3703703703703703,0.325328947368421,0.6153846153846154,0.6014652014652014,0.3333333333333333,0.3474338161838162,0.037037037037037,-0.0221048688153951
Airports-Brazil,SDRF,gat,12354,0.0,0.7307692307692307,0.7407925407925409,0.4444444444444444,0.3736455108359133,0.6153846153846154,0.6186313686313687,0.5185185185185185,0.4855866355866355,-0.074074074074074,-0.1119411247507222
Airports-Brazil,SDRF,gat,12355,0.0,0.5769230769230769,0.56745337995338,0.4444444444444444,0.417239010989011,0.5384615384615384,0.5214015151515151,0.5555555555555556,0.5447330447330447,-0.1111111111111111,-0.1274940337440337
Airports-Brazil,SDRF,gat,12356,0.4,0.6153846153846154,0.6007575757575757,0.4074074074074074,0.3471014492753623,0.5769230769230769,0.5916666666666666,0.5555555555555556,0.5673076923076923,-0.1481481481481482,-0.2202062430323299
Airports-Brazil,SDRF,gat,12357,0.55,0.5769230769230769,0.5554029304029304,0.3333333333333333,0.2950174825174825,0.5769230769230769,0.5808213716108453,0.5185185185185185,0.4910714285714286,-0.1851851851851851,-0.1960539460539461
Airports-Brazil,SDRF,gat,12358,0.1,0.6538461538461539,0.6110576923076922,0.6296296296296297,0.6165501165501165,0.5769230769230769,0.5657738095238095,0.4814814814814814,0.4826839826839826,0.1481481481481482,0.1338661338661338
Airports-Brazil,SDRF,gat,12359,0.25,0.6153846153846154,0.608982683982684,0.5555555555555556,0.5197552447552448,0.6153846153846154,0.5933441558441559,0.5555555555555556,0.5261904761904762,0.0,-0.0064352314352313
Airports-Brazil,SDRF,gat,12360,0.1,0.6153846153846154,0.6060606060606062,0.5925925925925926,0.6006410256410256,0.5769230769230769,0.4666666666666667,0.5185185185185185,0.4458874458874459,0.074074074074074,0.1547535797535797
Airports-Brazil,SDRF,gat,12361,0.0,0.6538461538461539,0.6468614718614719,0.3333333333333333,0.3472850678733031,0.6153846153846154,0.5410471881060116,0.4814814814814814,0.4137254901960784,-0.148148148148148,-0.0664404223227752
Airports-Brazil,SDRF,gat,12362,0.25,0.5769230769230769,0.5784527972027973,0.3333333333333333,0.3168220668220668,0.5769230769230769,0.5722610722610723,0.4444444444444444,0.441025641025641,-0.1111111111111111,-0.1242035742035742
Airports-Brazil,SDRF,gat,12363,0.1,0.6923076923076923,0.6722374847374848,0.4814814814814814,0.4883180544945251,0.6923076923076923,0.7060331825037708,0.4444444444444444,0.4227272727272727,0.037037037037037,0.0655907817672524
Airports-Brazil,SDRF,gat,12364,0.0,0.7307692307692307,0.7048611111111112,0.2962962962962963,0.2791666666666667,0.6538461538461539,0.6512626262626262,0.5185185185185185,0.4856150793650793,-0.2222222222222222,-0.2064484126984126
Airports-Brazil,SDRF,gat,12365,0.55,0.5384615384615384,0.5046650717703349,0.2592592592592592,0.225,0.3461538461538461,0.3912698412698412,0.2592592592592592,0.227485380116959,5.551115123125783e-17,-0.002485380116959
Airports-Brazil,SDRF,gat,12366,0.4,0.6153846153846154,0.6317460317460317,0.4814814814814814,0.490967365967366,0.4615384615384615,0.4257761437908497,0.5925925925925926,0.572577276524645,-0.1111111111111111,-0.0816099105572789
Airports-Brazil,SDRF,gat,12367,0.0,0.6153846153846154,0.6333333333333333,0.5185185185185185,0.5124320124320124,0.6538461538461539,0.6645833333333333,0.5555555555555556,0.5431372549019607,-0.037037037037037,-0.0307052424699483
Airports-Brazil,SDRF,gat,12368,0.25,0.5769230769230769,0.5792929292929292,0.4814814814814814,0.3948076923076923,0.5769230769230769,0.5725274725274725,0.3333333333333333,0.3325757575757575,0.1481481481481481,0.0622319347319347
Airports-Brazil,SDRF,gat,12369,0.1,0.6153846153846154,0.5784722222222222,0.2962962962962963,0.2975961538461538,0.5384615384615384,0.528030303030303,0.3703703703703703,0.2792207792207792,-0.074074074074074,0.0183753746253746
Airports-Brazil,SDRF,gat,12370,0.25,0.6538461538461539,0.6440058479532164,0.5185185185185185,0.5038770053475936,0.6153846153846154,0.625,0.5925925925925926,0.5931818181818183,-0.074074074074074,-0.0893048128342246
Airports-Brazil,SDRF,gat,12371,0.1,0.5769230769230769,0.6062791375291375,0.2222222222222222,0.2427350427350427,0.4615384615384615,0.450297619047619,0.2592592592592592,0.2721468074409251,-0.0370370370370369,-0.0294117647058823
Airports-Brazil,SDRF,gat,12372,0.0,0.5384615384615384,0.4910714285714286,0.5925925925925926,0.5967341482047364,0.5,0.4863636363636363,0.4814814814814814,0.4111111111111111,0.1111111111111111,0.1856230370936252
Airports-Brazil,SDRF,gat,12373,0.55,0.6538461538461539,0.6446969696969697,0.4074074074074074,0.3848178137651822,0.6538461538461539,0.6130952380952381,0.4444444444444444,0.4355203619909502,-0.037037037037037,-0.0507025482257679
Airports-Brazil,SDRF,gat,12374,0.25,0.6923076923076923,0.6923076923076923,0.4444444444444444,0.4499389499389499,0.6538461538461539,0.648538961038961,0.4074074074074074,0.3686868686868687,0.037037037037037,0.0812520812520812
Airports-Brazil,DiffWire CT,gcn,12345,,0.6923076923076923,0.7117965367965369,0.5555555555555556,0.5285714285714286,0.6153846153846154,0.6222222222222222,0.4444444444444444,0.4053921568627451,0.1111111111111111,0.1231792717086834
Airports-Brazil,DiffWire CT,gcn,12346,,0.5,0.4837662337662337,0.5185185185185185,0.5166666666666666,0.4615384615384615,0.4406371406371406,0.4444444444444444,0.4475274725274725,0.074074074074074,0.0691391941391941
Airports-Brazil,DiffWire CT,gcn,12347,,0.6538461538461539,0.6415055532702592,0.6296296296296297,0.6004159239453357,0.6153846153846154,0.6037296037296038,0.5925925925925926,0.5705741626794258,0.037037037037037,0.0298417612659098
Airports-Brazil,DiffWire CT,gcn,12348,,0.5384615384615384,0.4675716440422323,0.4444444444444444,0.429978354978355,0.4615384615384615,0.401010101010101,0.4074074074074074,0.376068376068376,0.037037037037037,0.053909978909979
Airports-Brazil,DiffWire CT,gcn,12349,,0.5769230769230769,0.5661838161838162,0.4444444444444444,0.4419191919191919,0.6153846153846154,0.5758928571428572,0.4814814814814814,0.465967365967366,-0.0370370370370369,-0.024048174048174
Airports-Brazil,DiffWire CT,gcn,12350,,0.6153846153846154,0.587202380952381,0.5185185185185185,0.5164835164835164,0.5769230769230769,0.5451388888888888,0.4444444444444444,0.4409090909090908,0.074074074074074,0.0755744255744256
Airports-Brazil,DiffWire CT,gcn,12351,,0.5769230769230769,0.5505793226381461,0.5925925925925926,0.5856227106227107,0.5,0.4622766122766123,0.4444444444444444,0.4142246642246642,0.1481481481481481,0.1713980463980464
Airports-Brazil,DiffWire CT,gcn,12352,,0.6538461538461539,0.6375457875457876,0.4444444444444444,0.4607627666451196,0.6923076923076923,0.6866258741258742,0.4074074074074074,0.4039432789432789,0.037037037037037,0.0568194877018407
Airports-Brazil,DiffWire CT,gcn,12353,,0.6538461538461539,0.6455128205128206,0.4444444444444444,0.4364468864468864,0.5769230769230769,0.5642482517482518,0.5185185185185185,0.4845238095238095,-0.074074074074074,-0.048076923076923
Airports-Brazil,DiffWire CT,gcn,12354,,0.6538461538461539,0.6349206349206349,0.4444444444444444,0.3687343358395989,0.6538461538461539,0.6607142857142857,0.4444444444444444,0.3621794871794871,0.0,0.0065548486601118
Airports-Brazil,DiffWire CT,gcn,12355,,0.5384615384615384,0.5361471861471861,0.5925925925925926,0.5627705627705627,0.3846153846153846,0.3809523809523809,0.4814814814814814,0.4739819004524886,0.1111111111111111,0.088788662318074
Airports-Brazil,DiffWire CT,gcn,12356,,0.5769230769230769,0.5829170829170829,0.5925925925925926,0.5863095238095238,0.6153846153846154,0.6085218702865762,0.5925925925925926,0.5985739750445633,0.0,-0.0122644512350394
Airports-Brazil,DiffWire CT,gcn,12357,,0.5769230769230769,0.562004662004662,0.5185185185185185,0.5133928571428571,0.5,0.4558823529411765,0.4074074074074074,0.3454545454545454,0.1111111111111111,0.1679383116883117
Airports-Brazil,DiffWire CT,gcn,12358,,0.4615384615384615,0.4752747252747252,0.5555555555555556,0.5636302294197031,0.5384615384615384,0.4714743589743589,0.4444444444444444,0.4439033189033188,0.1111111111111111,0.1197269105163842
Airports-Brazil,DiffWire CT,gcn,12359,,0.6153846153846154,0.6163315850815851,0.6296296296296297,0.603615134865135,0.5769230769230769,0.5621794871794872,0.5185185185185185,0.5108225108225108,0.1111111111111111,0.0927926240426241
Airports-Brazil,DiffWire CT,gcn,12360,,0.5384615384615384,0.5126984126984128,0.4444444444444444,0.4502747252747252,0.5384615384615384,0.5,0.4444444444444444,0.4060897435897436,0.0,0.0441849816849816
Airports-Brazil,DiffWire CT,gcn,12361,,0.6538461538461539,0.5978015448603684,0.4444444444444444,0.3768568033273916,0.6153846153846154,0.5467105263157894,0.3703703703703703,0.3115131578947368,0.0740740740740741,0.0653436454326547
Airports-Brazil,DiffWire CT,gcn,12362,,0.5769230769230769,0.5723443223443223,0.5925925925925926,0.5752136752136753,0.6153846153846154,0.599504662004662,0.5185185185185185,0.5092627960275019,0.074074074074074,0.0659508791861733
Airports-Brazil,DiffWire CT,gcn,12363,,0.6538461538461539,0.6354929792429792,0.6296296296296297,0.6220238095238095,0.5769230769230769,0.5568124685771745,0.4814814814814814,0.4422348484848484,0.1481481481481482,0.1797889610389611
Airports-Brazil,DiffWire CT,gcn,12364,,0.6538461538461539,0.6440559440559441,0.4444444444444444,0.4432900432900433,0.6923076923076923,0.6801948051948052,0.3333333333333333,0.2792703619909502,0.1111111111111111,0.1640196812990931
Airports-Brazil,DiffWire CT,gcn,12365,,0.4230769230769231,0.4275724275724276,0.4814814814814814,0.4876858435681965,0.5,0.4806663924310983,0.4444444444444444,0.4026570048309178,0.037037037037037,0.0850288387372787
Airports-Brazil,DiffWire CT,gcn,12366,,0.5384615384615384,0.483288770053476,0.4444444444444444,0.4032738095238095,0.4230769230769231,0.3834224598930481,0.4074074074074074,0.4363247863247863,0.037037037037037,-0.0330509768009767
Airports-Brazil,DiffWire CT,gcn,12367,,0.5769230769230769,0.5634920634920635,0.5555555555555556,0.5284090909090909,0.5769230769230769,0.5601648351648352,0.5185185185185185,0.4539682539682539,0.037037037037037,0.074440836940837
Airports-Brazil,DiffWire CT,gcn,12368,,0.4615384615384615,0.4438061938061938,0.4814814814814814,0.4571549773755656,0.5,0.4813186813186813,0.4444444444444444,0.4208874458874458,0.037037037037037,0.0362675314881198
Airports-Brazil,DiffWire CT,gcn,12369,,0.4615384615384615,0.4256854256854256,0.5555555555555556,0.5196969696969697,0.6153846153846154,0.6246753246753247,0.4444444444444444,0.3541666666666666,0.1111111111111111,0.165530303030303
Airports-Brazil,DiffWire CT,gcn,12370,,0.6153846153846154,0.6208874458874458,0.4814814814814814,0.488235294117647,0.5,0.4947552447552448,0.5185185185185185,0.4858391608391608,-0.037037037037037,0.0023961332784862
Airports-Brazil,DiffWire CT,gcn,12371,,0.5,0.5017482517482518,0.2962962962962963,0.2923076923076923,0.5769230769230769,0.5952380952380952,0.2962962962962963,0.265126050420168,0.0,0.0271816418875243
Airports-Brazil,DiffWire CT,gcn,12372,,0.5384615384615384,0.5136904761904763,0.6296296296296297,0.6365693130399013,0.5,0.4871413308913309,0.5185185185185185,0.5168581418581418,0.1111111111111111,0.1197111711817594
Airports-Brazil,DiffWire CT,gcn,12373,,0.6923076923076923,0.671780303030303,0.4444444444444444,0.4226998491704374,0.6538461538461539,0.6347285067873303,0.4444444444444444,0.4375901875901876,0.0,-0.0148903384197501
Airports-Brazil,DiffWire CT,gcn,12374,,0.6923076923076923,0.6880952380952381,0.5925925925925926,0.5561868686868687,0.6153846153846154,0.6024038461538461,0.3333333333333333,0.3242424242424242,0.2592592592592592,0.2319444444444445
Airports-Europe,SDRF,gcn,12345,0.0,0.5875,0.5728517004366726,0.475,0.4728212356119332,0.5875,0.5728517004366726,0.45,0.4525914416061295,0.0249999999999999,0.0202297940058037
Airports-Europe,SDRF,gcn,12346,0.25,0.5,0.4817508710801393,0.5,0.466517809859566,0.475,0.4556468432305074,0.5375,0.4980158730158729,-0.0374999999999999,-0.0314980631563069
Airports-Europe,SDRF,gcn,12347,0.55,0.5625,0.5369379459100714,0.4125,0.3823232323232323,0.575,0.5494421667726962,0.425,0.391300777507674,-0.0125,-0.0089775451844417
Airports-Europe,SDRF,gcn,12348,0.1,0.6125,0.6035196687370601,0.4375,0.4123371429142794,0.625,0.6135616249926025,0.4875,0.4538466481045192,-0.0499999999999999,-0.0415095051902397
Airports-Europe,SDRF,gcn,12349,0.4,0.6375,0.635771744595274,0.425,0.4237275882012724,0.6125,0.6111262547304007,0.4625,0.4592263487000329,-0.0375,-0.0354987604987604
Airports-Europe,SDRF,gcn,12350,0.1,0.5375,0.5347662988640433,0.5,0.4838731240296705,0.525,0.5240075801618627,0.5375,0.5253589344404082,-0.0374999999999999,-0.0414858104107376
Airports-Europe,SDRF,gcn,12351,0.25,0.525,0.5195083491353218,0.575,0.5683317932666024,0.5,0.4926758810365179,0.5375,0.5231787430140209,0.0374999999999999,0.0451530502525815
Airports-Europe,SDRF,gcn,12352,0.1,0.55,0.5344286363193926,0.5,0.4756216577540107,0.525,0.5012697646626219,0.4375,0.3887744887744888,0.0625,0.0868471689795219
Airports-Europe,SDRF,gcn,12353,0.55,0.55,0.5305555555555556,0.45,0.4298752834467119,0.5625,0.5314183185235817,0.425,0.398517126148705,0.025,0.0313581572980069
Airports-Europe,SDRF,gcn,12354,0.1,0.55,0.5346062667491238,0.4625,0.4169347627176983,0.5375,0.529134929003694,0.45,0.4183017473399433,0.0125,-0.0013669846222449
Airports-Europe,SDRF,gcn,12355,0.0,0.5375,0.5168338907469343,0.5,0.4958265013322402,0.5125,0.4889492753623188,0.5125,0.5076306620209059,-0.0124999999999999,-0.0118041606886656
Airports-Europe,SDRF,gcn,12356,0.4,0.6125,0.6186021747564573,0.3625,0.3497263605959258,0.5875,0.5826064701064702,0.4,0.3647009335649153,-0.0375,-0.0149745729689894
Airports-Europe,SDRF,gcn,12357,0.1,0.5,0.4985231445056386,0.4875,0.4630894114738891,0.5,0.4907742831880762,0.4875,0.4760269930852914,0.0,-0.0129375816114022
Airports-Europe,SDRF,gcn,12358,0.25,0.5125,0.5140340689121177,0.4375,0.4221355881062102,0.45,0.436168965193733,0.4,0.3977564102564102,0.0374999999999999,0.0243791778498
Airports-Europe,SDRF,gcn,12359,0.25,0.5875,0.5765918478684436,0.4625,0.4274447159533933,0.5625,0.5410246483417215,0.4375,0.3954911098806447,0.025,0.0319536060727486
Airports-Europe,SDRF,gcn,12360,0.25,0.5375,0.5195904257311454,0.45,0.4441663285318185,0.5,0.4859126984126983,0.45,0.4459412419938736,0.0,-0.0017749134620551
Airports-Europe,SDRF,gcn,12361,0.1,0.6125,0.6127100840336135,0.5125,0.5220318688403796,0.6125,0.6028115159694107,0.5125,0.5013478818998717,0.0,0.0206839869405078
Airports-Europe,SDRF,gcn,12362,0.25,0.5125,0.5009615384615385,0.4625,0.4580882352941177,0.5,0.4753471334866683,0.3875,0.3639399624765478,0.075,0.0941482728175698
Airports-Europe,SDRF,gcn,12363,0.0,0.5125,0.4815710872162485,0.45,0.4256222639149468,0.5,0.4821787048152594,0.4125,0.3903238368518139,0.0375,0.0352984270631329
Airports-Europe,SDRF,gcn,12364,0.1,0.625,0.6062782805429865,0.4375,0.408354996258222,0.5875,0.5797819990560916,0.4125,0.4151059085841694,0.025,-0.0067509123259473
Airports-Europe,SDRF,gcn,12365,0.55,0.5375,0.5442546583850931,0.45,0.4440813914218169,0.525,0.5178646934460889,0.4375,0.4291997974924804,0.0125,0.0148815939293365
Airports-Europe,SDRF,gcn,12366,0.4,0.5375,0.5082110484579538,0.5,0.4546273101864874,0.55,0.5139401969189203,0.5375,0.4882046070460704,-0.0374999999999999,-0.0335772968595829
Airports-Europe,SDRF,gcn,12367,0.25,0.5875,0.5789059954382535,0.45,0.4486542907015143,0.575,0.5646994324045408,0.5125,0.5038431723315444,-0.0624999999999999,-0.05518888163003
Airports-Europe,SDRF,gcn,12368,0.25,0.6125,0.5994172494172494,0.4625,0.4441510870082298,0.6125,0.6082802698656358,0.55,0.5475274725274725,-0.0875,-0.1033763855192426
Airports-Europe,SDRF,gcn,12369,0.1,0.5875,0.5748904052936311,0.5125,0.4814263322884012,0.6,0.5792499894483603,0.4375,0.4132513391505771,0.0749999999999999,0.0681749931378241
Airports-Europe,SDRF,gcn,12370,0.1,0.5875,0.5763139621835274,0.375,0.3514917083434164,0.5625,0.5556253270538984,0.3875,0.3796152817948355,-0.0125,-0.028123573451419
Airports-Europe,SDRF,gcn,12371,0.25,0.5375,0.5365448424607739,0.4125,0.3880427170868347,0.525,0.5038213012477718,0.475,0.4421773636991027,-0.0625,-0.0541346466122679
Airports-Europe,SDRF,gcn,12372,0.55,0.6125,0.6118854045683314,0.3875,0.3721941037207354,0.6,0.5883172495748561,0.4,0.3590847877612584,-0.0125,0.013109315959477
Airports-Europe,SDRF,gcn,12373,0.0,0.5875,0.5761083911328709,0.425,0.4109022556390977,0.6,0.5679640018700327,0.4625,0.439047619047619,-0.0375,-0.0281453634085212
Airports-Europe,SDRF,gcn,12374,0.55,0.55,0.5377599066457762,0.475,0.4601000351000351,0.5375,0.5176783479349186,0.5125,0.4877343127403762,-0.0374999999999999,-0.027634277640341
Airports-Europe,SDRF,sage,12345,0.1,0.5875,0.5777910685805423,0.525,0.5127864005912787,0.5875,0.5745810407451362,0.5125,0.5002246485534427,0.0125,0.0125617520378359
Airports-Europe,SDRF,sage,12346,0.55,0.4875,0.493640886947175,0.45,0.4540221683078826,0.5,0.4793367346938775,0.5,0.451716674676306,-0.0499999999999999,0.0023054936315766
Airports-Europe,SDRF,sage,12347,0.55,0.5,0.4885482369557192,0.4375,0.4366420173533716,0.4875,0.4819064656273958,0.425,0.4188954009782677,0.0125,0.0177466163751038
Airports-Europe,SDRF,sage,12348,0.25,0.5375,0.5244047619047619,0.45,0.4411717797166713,0.5375,0.5149480740912966,0.425,0.412235353411824,0.025,0.0289364263048473
Airports-Europe,SDRF,sage,12349,0.1,0.6,0.5925361237861237,0.3875,0.3513071895424837,0.6,0.5855527984560243,0.3875,0.3584508905957193,0.0,-0.0071437010532355
Airports-Europe,SDRF,sage,12350,0.0,0.525,0.5248026315789474,0.5125,0.5017678621834682,0.525,0.5248026315789474,0.5125,0.5017678621834682,0.0,0.0
Airports-Europe,SDRF,sage,12351,0.25,0.525,0.5272740569848113,0.5,0.4907111941995663,0.525,0.5245496840324426,0.4875,0.4842807924203273,0.0125,0.006430401779239
Airports-Europe,SDRF,sage,12352,0.25,0.5125,0.5232783882783882,0.4875,0.461060606060606,0.4875,0.497491115138174,0.475,0.4517640169814082,0.0125,0.0092965890791978
Airports-Europe,SDRF,sage,12353,0.1,0.4875,0.4610104807473228,0.475,0.4551101823708206,0.475,0.4406084656084656,0.4625,0.4437352245862884,0.0124999999999999,0.0113749577845322
Airports-Europe,SDRF,sage,12354,0.25,0.5125,0.5022594364699628,0.5125,0.4992063492063492,0.5,0.4895833333333333,0.5,0.4796653991300089,0.0124999999999999,0.0195409500763403
Airports-Europe,SDRF,sage,12355,0.55,0.5375,0.5203703703703704,0.4625,0.4600250626566415,0.525,0.5157090948487804,0.45,0.449207410236822,0.0125,0.0108176524198195
Airports-Europe,SDRF,sage,12356,0.55,0.5375,0.536001456506451,0.4125,0.3807017543859649,0.5,0.5067717717717718,0.3875,0.3481784632300476,0.0249999999999999,0.0325232911559172
Airports-Europe,SDRF,sage,12357,0.55,0.4875,0.4734267967026587,0.5125,0.4892401242021735,0.45,0.4275350140056022,0.525,0.4966052731394497,-0.0125,-0.0073651489372761
Airports-Europe,SDRF,sage,12358,0.4,0.5125,0.4950710108604845,0.425,0.4018883941442163,0.4875,0.4733843537414965,0.4375,0.4156615741981596,-0.0125,-0.0137731800539432
Airports-Europe,SDRF,sage,12359,0.55,0.625,0.6329394257703082,0.4375,0.4373015873015873,0.625,0.6292033858998145,0.375,0.3603219696969696,0.0625,0.0769796176046176
Airports-Europe,SDRF,sage,12360,0.1,0.4125,0.3843434343434343,0.4,0.3768299031456926,0.4,0.3760821401731424,0.4375,0.4201565266845037,-0.0374999999999999,-0.0433266235388111
Airports-Europe,SDRF,sage,12361,0.4,0.55,0.5521825396825397,0.4,0.3997743767096895,0.55,0.5520299145299146,0.425,0.4237009936023947,-0.0249999999999999,-0.0239266168927051
Airports-Europe,SDRF,sage,12362,0.25,0.4625,0.454781388823942,0.4625,0.4563329054343175,0.4375,0.4259178321678321,0.4875,0.4802511598144297,-0.0249999999999999,-0.0239182543801121
Airports-Europe,SDRF,sage,12363,0.25,0.5,0.4735133783445861,0.4625,0.4465073478784226,0.4875,0.4681372549019608,0.4875,0.4770278992246956,-0.0249999999999999,-0.0305205513462729
Airports-Europe,SDRF,sage,12364,0.0,0.55,0.542833266670476,0.4625,0.4579435664936402,0.55,0.542833266670476,0.4625,0.4579435664936402,0.0,5.551115123125783e-17
Airports-Europe,SDRF,sage,12365,0.55,0.45,0.4359788359788359,0.4125,0.4119475240206947,0.45,0.4295366795366795,0.4375,0.424763353617309,-0.025,-0.0128158295966142
Airports-Europe,SDRF,sage,12366,0.0,0.5375,0.5260413549584056,0.4625,0.4415182518630794,0.5375,0.5260413549584056,0.4625,0.4415182518630794,0.0,5.551115123125783e-17
Airports-Europe,SDRF,sage,12367,0.25,0.575,0.5681159420289855,0.5375,0.5366414454441483,0.55,0.5451514914476429,0.55,0.5489453903973002,-0.0125,-0.0123039449531519
Airports-Europe,SDRF,sage,12368,0.0,0.425,0.41775633640553,0.5,0.4742125199362041,0.425,0.41775633640553,0.5,0.4742125199362041,0.0,5.551115123125783e-17
Airports-Europe,SDRF,sage,12369,0.4,0.5375,0.5200554323725056,0.4375,0.4339128741515522,0.5375,0.5179064513429839,0.425,0.4175045978789597,0.0125,0.0164082762725925
Airports-Europe,SDRF,sage,12370,0.0,0.5625,0.5705033811819129,0.4625,0.4308441558441558,0.5625,0.5705033811819129,0.4625,0.4308441558441558,0.0,0.0
Airports-Europe,SDRF,sage,12371,0.4,0.5625,0.5597744360902256,0.35,0.3171873280762883,0.5375,0.5327891922319167,0.3625,0.3323168498168498,-0.0125,-0.0151295217405614
Airports-Europe,SDRF,sage,12372,0.55,0.4625,0.431385394828791,0.4875,0.4583413781169742,0.45,0.4193121693121693,0.475,0.4449848243965891,0.0125,0.013356553720385
Airports-Europe,SDRF,sage,12373,0.25,0.525,0.5220712560386473,0.45,0.4407843633907463,0.525,0.5162663006177076,0.4875,0.48425901378579,-0.0374999999999999,-0.0434746503950436
Airports-Europe,SDRF,sage,12374,0.55,0.5125,0.5083325479551895,0.475,0.4778321340821341,0.5,0.4973822506717243,0.475,0.4716071428571428,0.0,0.0062249912249913
Airports-Europe,SDRF,gat,12345,0.4,0.5625,0.5600500194250194,0.425,0.4195624853869534,0.5375,0.5314066976003224,0.5,0.4899469451516796,-0.075,-0.0703844597647261
Airports-Europe,SDRF,gat,12346,0.0,0.475,0.4670784240049384,0.4625,0.4356357063479156,0.475,0.4670784240049384,0.4625,0.4356357063479156,0.0,5.551115123125783e-17
Airports-Europe,SDRF,gat,12347,0.25,0.5375,0.5191287560852778,0.4125,0.3955687805617679,0.5375,0.5158663465386154,0.4125,0.3922032828282829,0.0,0.003365497733485
Airports-Europe,SDRF,gat,12348,0.0,0.55,0.5347564597564598,0.325,0.3059135816488758,0.525,0.5075044625275551,0.3375,0.3215454425013249,-0.0125,-0.0156318608524491
Airports-Europe,SDRF,gat,12349,0.25,0.525,0.517434988179669,0.475,0.4379148629148629,0.5125,0.5084134894346466,0.4875,0.4568181818181818,-0.0125,-0.0189033189033188
Airports-Europe,SDRF,gat,12350,0.55,0.55,0.5376196071848245,0.475,0.4650212376276206,0.5125,0.5023270495654217,0.5125,0.487828144078144,-0.0374999999999999,-0.0228069064505234
Airports-Europe,SDRF,gat,12351,0.25,0.5375,0.53495670995671,0.55,0.5413383056571911,0.5125,0.5013743082823161,0.5375,0.522071438546093,0.0125,0.0192668671110981
Airports-Europe,SDRF,gat,12352,0.1,0.5375,0.5291138739309471,0.3625,0.340170635740861,0.5,0.4849773242630386,0.35,0.3194935869084476,0.0125,0.0206770488324134
Airports-Europe,SDRF,gat,12353,0.4,0.5,0.4804831785963861,0.4,0.3688590820943762,0.4875,0.4594524119947849,0.3875,0.3513810270749505,0.0125,0.0174780550194256
Airports-Europe,SDRF,gat,12354,0.4,0.525,0.5157051282051281,0.4625,0.4319085757872943,0.55,0.5377727940029107,0.475,0.455924978687127,-0.0124999999999999,-0.0240164028998327
Airports-Europe,SDRF,gat,12355,0.0,0.5,0.4833035598531138,0.4625,0.4573852922690131,0.5,0.4833035598531138,0.4625,0.4573852922690131,0.0,5.551115123125783e-17
Airports-Europe,SDRF,gat,12356,0.1,0.4875,0.4732866455250176,0.3875,0.3606060606060606,0.4625,0.4545054200542005,0.3625,0.3329451345755693,0.025,0.0276609260304913
Airports-Europe,SDRF,gat,12357,0.4,0.5625,0.540053050397878,0.475,0.4547534165181224,0.525,0.5316270739064857,0.525,0.5164854419480155,-0.05,-0.061732025429893
Airports-Europe,SDRF,gat,12358,0.55,0.4875,0.4717880333951763,0.4375,0.4117547425474255,0.4625,0.4532458282458282,0.475,0.4243163847407603,-0.0374999999999999,-0.0125616421933347
Airports-Europe,SDRF,gat,12359,0.25,0.6125,0.6048730479721379,0.4625,0.4354653966722932,0.5875,0.5741669620701879,0.475,0.4462410899035268,-0.0124999999999999,-0.0107756932312335
Airports-Europe,SDRF,gat,12360,0.0,0.5125,0.4816789215686274,0.375,0.3674147203558968,0.5125,0.4816789215686274,0.375,0.3674147203558968,0.0,5.551115123125783e-17
Airports-Europe,SDRF,gat,12361,0.4,0.5375,0.5157513348588864,0.45,0.4405021520803444,0.5125,0.4800744254144489,0.4375,0.3963356667530895,0.0125,0.0441664853272548
Airports-Europe,SDRF,gat,12362,0.4,0.5375,0.5227029914529915,0.3875,0.3761363636363636,0.525,0.5092294598746212,0.4625,0.4420937314319667,-0.075,-0.065957367795603
Airports-Europe,SDRF,gat,12363,0.0,0.5625,0.5443072532469907,0.475,0.4336111111111111,0.5625,0.5443072532469907,0.475,0.4336111111111111,0.0,5.551115123125783e-17
Airports-Europe,SDRF,gat,12364,0.25,0.6125,0.6034816247582204,0.45,0.4319151980339679,0.5625,0.5574744152046783,0.525,0.5138790779852579,-0.075,-0.0819638799512899
Airports-Europe,SDRF,gat,12365,0.4,0.5,0.490541412738209,0.4,0.3898595848595848,0.525,0.5130920559491987,0.4125,0.4069444444444444,-0.0124999999999999,-0.0170848595848595
Airports-Europe,SDRF,gat,12366,0.0,0.525,0.5156691134952005,0.475,0.4577437491839665,0.525,0.5099846784545945,0.45,0.42825311942959,0.0249999999999999,0.0294906297543765
Airports-Europe,SDRF,gat,12367,0.4,0.5125,0.5093840251734988,0.375,0.3671253423764183,0.425,0.4316168249095078,0.4,0.412203302373581,-0.025,-0.0450779599971626
Airports-Europe,SDRF,gat,12368,0.25,0.625,0.6136593324093325,0.45,0.4269120247568523,0.6125,0.5995847902097902,0.45,0.4268774703557312,0.0,3.4554401121156264e-05
Airports-Europe,SDRF,gat,12369,0.25,0.5125,0.5044113907958302,0.4375,0.4219404724491934,0.5,0.4971685292051425,0.45,0.431530800515904,-0.0125,-0.0095903280667105
Airports-Europe,SDRF,gat,12370,0.55,0.6,0.6004703629703629,0.4,0.3741897199085063,0.5625,0.552469980240158,0.4,0.3626136606760804,0.0,0.0115760592324259
Airports-Europe,SDRF,gat,12371,0.0,0.5125,0.4962919394435351,0.425,0.4126346306330117,0.4625,0.4514897497841293,0.4625,0.4428953399541635,-0.0375,-0.0302607093211517
Airports-Europe,SDRF,gat,12372,0.4,0.55,0.5294117647058824,0.4125,0.3984977324263038,0.5,0.4704000921106184,0.4125,0.3861911439741628,0.0,0.0123065884521409
Airports-Europe,SDRF,gat,12373,0.25,0.55,0.5313002975586665,0.325,0.3070578231292517,0.5375,0.5234406905987095,0.3,0.2934346525227798,0.025,0.0136231706064719
Airports-Europe,SDRF,gat,12374,0.55,0.55,0.5372513107807225,0.425,0.3997013497013497,0.525,0.5118786549707602,0.45,0.4176518339874844,-0.025,-0.0179504842861346
Airports-Europe,DiffWire CT,gcn,12345,,0.6125,0.5990406976744186,0.5375,0.5257213365230287,0.5875,0.5728517004366726,0.45,0.4525914416061295,0.0874999999999999,0.0731298949168991
Airports-Europe,DiffWire CT,gcn,12346,,0.5,0.491391349501615,0.475,0.4529870129870129,0.475,0.4556468432305074,0.5375,0.4980158730158729,-0.0625,-0.0450288600288599
Airports-Europe,DiffWire CT,gcn,12347,,0.5625,0.5548106839635079,0.425,0.3813497822931785,0.575,0.5494421667726962,0.425,0.391300777507674,0.0,-0.0099509952144954
Airports-Europe,DiffWire CT,gcn,12348,,0.5875,0.5590668999205585,0.4625,0.407883064516129,0.625,0.6135616249926025,0.4875,0.4538466481045192,-0.0249999999999999,-0.0459635835883901
Airports-Europe,DiffWire CT,gcn,12349,,0.6,0.604685172897444,0.575,0.5467432950191571,0.6125,0.6111262547304007,0.4625,0.4592263487000329,0.1124999999999999,0.0875169463191241
Airports-Europe,DiffWire CT,gcn,12350,,0.5,0.4884262754635263,0.5,0.4704805491990846,0.525,0.5240075801618627,0.5375,0.5253589344404082,-0.0374999999999999,-0.0548783852413234
Airports-Europe,DiffWire CT,gcn,12351,,0.575,0.5569246107843089,0.55,0.5362762237762237,0.5,0.4926758810365179,0.5375,0.5231787430140209,0.0125,0.0130974807622028
Airports-Europe,DiffWire CT,gcn,12352,,0.6,0.5980769230769231,0.4,0.3937655943469897,0.525,0.5012697646626219,0.4375,0.3887744887744888,-0.0374999999999999,0.0049911055725009
Airports-Europe,DiffWire CT,gcn,12353,,0.525,0.5172898338220919,0.375,0.3661198774925929,0.5625,0.5314183185235817,0.425,0.398517126148705,-0.0499999999999999,-0.032397248656112
Airports-Europe,DiffWire CT,gcn,12354,,0.575,0.5625307125307125,0.4625,0.4471770448972877,0.5375,0.529134929003694,0.45,0.4183017473399433,0.0125,0.0288752975573444
Airports-Europe,DiffWire CT,gcn,12355,,0.55,0.5393304130162704,0.45,0.446807951987997,0.5125,0.4889492753623188,0.5125,0.5076306620209059,-0.0624999999999999,-0.0608227100329089
Airports-Europe,DiffWire CT,gcn,12356,,0.6,0.5832681747672691,0.4375,0.4240262953276313,0.5875,0.5826064701064702,0.4,0.3647009335649153,0.0374999999999999,0.059325361762716
Airports-Europe,DiffWire CT,gcn,12357,,0.575,0.5606063258636789,0.5,0.4848276325778853,0.5,0.4907742831880762,0.4875,0.4760269930852914,0.0125,0.0088006394925939
Airports-Europe,DiffWire CT,gcn,12358,,0.5,0.4854582843713279,0.425,0.394209536581431,0.45,0.436168965193733,0.4,0.3977564102564102,0.0249999999999999,-0.0035468736749791
Airports-Europe,DiffWire CT,gcn,12359,,0.6125,0.6106150793650793,0.5,0.4794172162593215,0.5625,0.5410246483417215,0.4375,0.3954911098806447,0.0625,0.0839261063786768
Airports-Europe,DiffWire CT,gcn,12360,,0.4875,0.480171277997365,0.5,0.4924634273772204,0.5,0.4859126984126983,0.45,0.4459412419938736,0.0499999999999999,0.0465221853833468
Airports-Europe,DiffWire CT,gcn,12361,,0.6375,0.6354359677317704,0.475,0.4463147759103641,0.6125,0.6028115159694107,0.5125,0.5013478818998717,-0.0374999999999999,-0.0550331059895075
Airports-Europe,DiffWire CT,gcn,12362,,0.5875,0.5606874973026628,0.525,0.5027425652545999,0.5,0.4753471334866683,0.3875,0.3639399624765478,0.1375,0.1388026027780521
Airports-Europe,DiffWire CT,gcn,12363,,0.575,0.5573115394806571,0.4375,0.4244615604050777,0.5,0.4821787048152594,0.4125,0.3903238368518139,0.025,0.0341377235532638
Airports-Europe,DiffWire CT,gcn,12364,,0.6125,0.59837075453594,0.575,0.5792254119176276,0.5875,0.5797819990560916,0.4125,0.4151059085841694,0.1624999999999999,0.1641195033334581
Airports-Europe,DiffWire CT,gcn,12365,,0.55,0.5545596954254328,0.5,0.5098364321768578,0.525,0.5178646934460889,0.4375,0.4291997974924804,0.0625,0.0806366346843774
Airports-Europe,DiffWire CT,gcn,12366,,0.5125,0.5058108558108558,0.5,0.4957156611039794,0.55,0.5139401969189203,0.5375,0.4882046070460704,-0.0374999999999999,0.007511054057909
Airports-Europe,DiffWire CT,gcn,12367,,0.55,0.5463704994192798,0.5,0.5016222406806111,0.575,0.5646994324045408,0.5125,0.5038431723315444,-0.0124999999999999,-0.0022209316509332
Airports-Europe,DiffWire CT,gcn,12368,,0.575,0.5682376055307571,0.5375,0.5132323268080287,0.6125,0.6082802698656358,0.55,0.5475274725274725,-0.0125,-0.0342951457194438
Airports-Europe,DiffWire CT,gcn,12369,,0.5375,0.5139944076928323,0.5,0.4898399557492539,0.6,0.5792499894483603,0.4375,0.4132513391505771,0.0625,0.0765886165986767
Airports-Europe,DiffWire CT,gcn,12370,,0.625,0.6122467071935157,0.425,0.4151034919068131,0.5625,0.5556253270538984,0.3875,0.3796152817948355,0.0374999999999999,0.0354882101119776
Airports-Europe,DiffWire CT,gcn,12371,,0.575,0.568953568953569,0.45,0.4232345039427005,0.525,0.5038213012477718,0.475,0.4421773636991027,-0.0249999999999999,-0.0189428597564021
Airports-Europe,DiffWire CT,gcn,12372,,0.6125,0.6055350186230768,0.475,0.4566303274139289,0.6,0.5883172495748561,0.4,0.3590847877612584,0.0749999999999999,0.0975455396526705
Airports-Europe,DiffWire CT,gcn,12373,,0.6125,0.6060326086956522,0.45,0.4517554772271753,0.6,0.5679640018700327,0.4625,0.439047619047619,-0.0125,0.0127078581795563
Airports-Europe,DiffWire CT,gcn,12374,,0.55,0.5383924251848781,0.5625,0.5516787968991613,0.5375,0.5176783479349186,0.5125,0.4877343127403762,0.05,0.0639444841587851
Airports-USA,SDRF,gcn,12345,0.25,0.5630252100840336,0.5478430463392951,0.5084033613445378,0.4943032292844345,0.5546218487394958,0.5336176720199344,0.4957983193277311,0.4696195428698649,0.0126050420168066,0.0246836864145696
Airports-USA,SDRF,gcn,12346,0.25,0.5588235294117647,0.5520525744153684,0.5672268907563025,0.5495751056095883,0.5588235294117647,0.5507407259875139,0.5798319327731093,0.5630992776020809,-0.0126050420168067,-0.0135241719924925
Airports-USA,SDRF,gcn,12347,0.25,0.5966386554621849,0.5868656973973961,0.5168067226890757,0.5084347941533732,0.5756302521008403,0.5715268937093155,0.5126050420168067,0.5022671781395822,0.004201680672269,0.006167616013791
Airports-USA,SDRF,gcn,12348,0.0,0.5546218487394958,0.5560433480757644,0.5504201680672269,0.5404479456728658,0.5588235294117647,0.5535988055432886,0.5462184873949579,0.5355281232044652,0.004201680672269,0.0049198224684006
Airports-USA,SDRF,gcn,12349,0.25,0.5588235294117647,0.5448687074877244,0.5042016806722689,0.4990966133593665,0.5630252100840336,0.5442879149274498,0.5252100840336135,0.5152643652643653,-0.0210084033613445,-0.0161677519049986
Airports-USA,SDRF,gcn,12350,0.25,0.592436974789916,0.5745268819630672,0.4957983193277311,0.4880118516466193,0.5840336134453782,0.5634448415381478,0.5378151260504201,0.5304077148195628,-0.042016806722689,-0.0423958631729434
Airports-USA,SDRF,gcn,12351,0.0,0.6176470588235294,0.6123999011506509,0.4915966386554621,0.4771312249082426,0.6134453781512605,0.6077965825633737,0.4873949579831932,0.4730868372146429,0.0042016806722689,0.0040443876935997
Airports-USA,SDRF,gcn,12352,0.55,0.6008403361344538,0.5811241164828951,0.4831932773109244,0.4712223334675158,0.5840336134453782,0.5678403077880129,0.4915966386554621,0.481540223986748,-0.0084033613445377,-0.0103178905192322
Airports-USA,SDRF,gcn,12353,0.4,0.5546218487394958,0.5444173881673882,0.5042016806722689,0.4772525138211678,0.5378151260504201,0.5347973103902647,0.4873949579831932,0.4681405313734448,0.0168067226890756,0.009111982447723
Airports-USA,SDRF,gcn,12354,0.1,0.5126050420168067,0.4937767272635285,0.5798319327731093,0.5685902462326997,0.4915966386554621,0.4739105836251083,0.5798319327731093,0.564017766772701,0.0,0.0045724794599987
Airports-USA,SDRF,gcn,12355,0.55,0.5588235294117647,0.5398866370197565,0.5504201680672269,0.5444157735557992,0.5588235294117647,0.5363921126268071,0.5546218487394958,0.5438118738733414,-0.0042016806722688,0.0006038996824577
Airports-USA,SDRF,gcn,12356,0.0,0.6176470588235294,0.6135290100394787,0.5462184873949579,0.5384704005671748,0.6134453781512605,0.6088369506864024,0.5504201680672269,0.5429186985270291,-0.004201680672269,-0.0044482979598543
Airports-USA,SDRF,gcn,12357,0.1,0.5966386554621849,0.586960655036765,0.5630252100840336,0.5558395580454404,0.5798319327731093,0.5694414392450262,0.5546218487394958,0.5492829427418751,0.0084033613445377,0.0065566153035653
Airports-USA,SDRF,gcn,12358,0.55,0.5840336134453782,0.5684934855212013,0.5168067226890757,0.5198138642605744,0.5840336134453782,0.5700690826064048,0.5546218487394958,0.551827237889919,-0.0378151260504201,-0.0320133736293446
Airports-USA,SDRF,gcn,12359,0.0,0.5756302521008403,0.5556368273095788,0.5714285714285714,0.5582412371281984,0.5756302521008403,0.5559002699298976,0.5672268907563025,0.5539303687714694,0.0042016806722688,0.004310868356729
Airports-USA,SDRF,gcn,12360,0.4,0.5210084033613446,0.5080225077059931,0.4873949579831932,0.4679618344466301,0.5252100840336135,0.5081409357760893,0.4873949579831932,0.4666822007730762,5.551115123125783e-17,0.0012796336735539
Airports-USA,SDRF,gcn,12361,0.55,0.5840336134453782,0.5782299966327489,0.5588235294117647,0.54951704431127,0.5378151260504201,0.5331618364906409,0.5504201680672269,0.5400474249954852,0.0084033613445377,0.0094696193157848
Airports-USA,SDRF,gcn,12362,0.1,0.6176470588235294,0.6032864787245041,0.5546218487394958,0.5445816431109782,0.6134453781512605,0.5996149813439827,0.542016806722689,0.5326052805471247,0.0126050420168067,0.0119763625638534
Airports-USA,SDRF,gcn,12363,0.55,0.6134453781512605,0.6112629399585922,0.5084033613445378,0.4981925418569254,0.5966386554621849,0.5903692502986857,0.4831932773109244,0.4730350378787878,0.0252100840336134,0.0251575039781375
Airports-USA,SDRF,gcn,12364,0.1,0.5630252100840336,0.5539171674764027,0.4957983193277311,0.484759386538547,0.5588235294117647,0.547290475167031,0.5210084033613446,0.5122278384601637,-0.0252100840336134,-0.0274684519216166
Airports-USA,SDRF,gcn,12365,0.0,0.5756302521008403,0.5522004241781548,0.5168067226890757,0.4977087838533621,0.5756302521008403,0.5522004241781548,0.5210084033613446,0.5016160095175373,-0.0042016806722688,-0.0039072256641751
Airports-USA,SDRF,gcn,12366,0.4,0.5882352941176471,0.5858133545824095,0.5546218487394958,0.554149814831633,0.5714285714285714,0.5678700972156937,0.5756302521008403,0.5693925618716592,-0.0210084033613444,-0.0152427470400262
Airports-USA,SDRF,gcn,12367,0.25,0.6134453781512605,0.5987804864909128,0.5546218487394958,0.5366347970548625,0.592436974789916,0.5796874031681365,0.5504201680672269,0.5375546511155861,0.0042016806722688,-0.0009198540607235
Airports-USA,SDRF,gcn,12368,0.0,0.5840336134453782,0.5704310344827587,0.5084033613445378,0.4786902998584642,0.5882352941176471,0.5744163203430519,0.5126050420168067,0.4819862871127529,-0.0042016806722688,-0.0032959872542887
Airports-USA,SDRF,gcn,12369,0.1,0.5966386554621849,0.5908959632613028,0.5504201680672269,0.5379012445166411,0.5966386554621849,0.5886895584846843,0.542016806722689,0.5225949955124181,0.0084033613445378,0.015306249004223
Airports-USA,SDRF,gcn,12370,0.0,0.5756302521008403,0.5657435852486248,0.5504201680672269,0.5433623793159875,0.5756302521008403,0.5651692677389237,0.5672268907563025,0.5583539390489708,-0.0168067226890755,-0.0149915597329832
Airports-USA,SDRF,gcn,12371,0.1,0.5672268907563025,0.542162748409267,0.5042016806722689,0.4892575322812051,0.5504201680672269,0.5277769332117158,0.4705882352941176,0.4668988737954255,0.0336134453781513,0.0223586584857796
Airports-USA,SDRF,gcn,12372,0.55,0.5462184873949579,0.5464636265803647,0.5,0.4881696469436195,0.5462184873949579,0.5435881370091896,0.5168067226890757,0.5008558450166745,-0.0168067226890756,-0.0126861980730549
Airports-USA,SDRF,gcn,12373,0.25,0.6092436974789915,0.5911649108757528,0.5672268907563025,0.5492551826247184,0.6008403361344538,0.5841066513784756,0.5756302521008403,0.5533218625539862,-0.0084033613445377,-0.0040666799292677
Airports-USA,SDRF,gcn,12374,0.0,0.5504201680672269,0.5498883356699229,0.5882352941176471,0.5815958961573784,0.5504201680672269,0.5495703490896858,0.5882352941176471,0.5815958961573784,0.0,0.0
Airports-USA,SDRF,sage,12345,0.0,0.6092436974789915,0.6065850649445739,0.5714285714285714,0.5643700542776637,0.6092436974789915,0.6065850649445739,0.5714285714285714,0.5643700542776637,0.0,0.0
Airports-USA,SDRF,sage,12346,0.0,0.5798319327731093,0.5679243649732949,0.5462184873949579,0.5364956034494925,0.5798319327731093,0.5679243649732949,0.5462184873949579,0.5364956034494925,0.0,0.0
Airports-USA,SDRF,sage,12347,0.1,0.6050420168067226,0.5990272958177383,0.5672268907563025,0.548167440544936,0.6008403361344538,0.5908026960784314,0.5588235294117647,0.5384958113255077,0.0084033613445377,0.0096716292194283
Airports-USA,SDRF,sage,12348,0.0,0.5756302521008403,0.5632430601636805,0.5210084033613446,0.5148353241370169,0.5756302521008403,0.5632430601636805,0.5210084033613446,0.5148353241370169,0.0,0.0
Airports-USA,SDRF,sage,12349,0.25,0.6470588235294118,0.6431282435293989,0.5630252100840336,0.5609967332211901,0.6386554621848739,0.6324174195425709,0.5504201680672269,0.5445447105729084,0.0126050420168066,0.0164520226482817
Airports-USA,SDRF,sage,12350,0.25,0.6092436974789915,0.6000917185127712,0.5882352941176471,0.5825967114670667,0.6008403361344538,0.5916129358762713,0.6008403361344538,0.5965741416154117,-0.0126050420168066,-0.0139774301483449
Airports-USA,SDRF,sage,12351,0.1,0.5840336134453782,0.5785637095981924,0.5378151260504201,0.5303913428913429,0.5756302521008403,0.5715926165282429,0.5504201680672269,0.5447057755830623,-0.0126050420168067,-0.0143144326917193
Airports-USA,SDRF,sage,12352,0.0,0.6218487394957983,0.6147607419157345,0.5378151260504201,0.5285501983234084,0.6218487394957983,0.6147607419157345,0.5378151260504201,0.5285501983234084,0.0,0.0
Airports-USA,SDRF,sage,12353,0.55,0.5882352941176471,0.5829615435393838,0.5588235294117647,0.5476179320429465,0.5714285714285714,0.5637242470532543,0.5630252100840336,0.547574007900457,-0.0042016806722688,4.392414248954868e-05
Airports-USA,SDRF,sage,12354,0.1,0.5714285714285714,0.5600762873490146,0.5462184873949579,0.5396604413089409,0.5672268907563025,0.5565760905760906,0.5378151260504201,0.5307197891061033,0.0084033613445377,0.0089406522028375
Airports-USA,SDRF,sage,12355,0.4,0.6008403361344538,0.5952691939829665,0.5756302521008403,0.5756706500203475,0.5882352941176471,0.5780394605994416,0.5882352941176471,0.5864788043169978,-0.0126050420168067,-0.0108081542966503
Airports-USA,SDRF,sage,12356,0.0,0.5966386554621849,0.5886589176229768,0.5210084033613446,0.5178548137658612,0.6008403361344538,0.5938707521526198,0.5084033613445378,0.5056601127122542,0.0126050420168067,0.0121947010536069
Airports-USA,SDRF,sage,12357,0.1,0.6050420168067226,0.6032811156431122,0.5126050420168067,0.5074394981017695,0.5840336134453782,0.5784713035820244,0.5,0.4964226657420774,0.0126050420168066,0.011016832359692
Airports-USA,SDRF,sage,12358,0.0,0.6050420168067226,0.5961195200738444,0.5378151260504201,0.5256283341143031,0.6050420168067226,0.5961195200738444,0.5378151260504201,0.5256283341143031,0.0,0.0
Airports-USA,SDRF,sage,12359,0.25,0.6134453781512605,0.607834629896392,0.6218487394957983,0.6172979865334234,0.6008403361344538,0.5915034180986513,0.6428571428571429,0.6367119471725584,-0.0210084033613445,-0.019413960639135
Airports-USA,SDRF,sage,12360,0.0,0.6092436974789915,0.6054686022115601,0.634453781512605,0.6243308080808081,0.6092436974789915,0.6054686022115601,0.634453781512605,0.6243308080808081,0.0,0.0
Airports-USA,SDRF,sage,12361,0.55,0.6050420168067226,0.5947945604875791,0.5756302521008403,0.5651035728060478,0.592436974789916,0.5852305376133045,0.5672268907563025,0.5581889332407144,0.0084033613445377,0.0069146395653334
Airports-USA,SDRF,sage,12362,0.55,0.5840336134453782,0.5715074502685121,0.5504201680672269,0.5359423314780458,0.5714285714285714,0.5645206375841204,0.5294117647058824,0.5201903289529652,0.0210084033613445,0.0157520025250805
Airports-USA,SDRF,sage,12363,0.0,0.5798319327731093,0.564368530020704,0.5042016806722689,0.4883325760261244,0.5798319327731093,0.564368530020704,0.5042016806722689,0.4883325760261244,0.0,5.551115123125783e-17
Airports-USA,SDRF,sage,12364,0.1,0.6050420168067226,0.6044267905280141,0.5168067226890757,0.5171393969113307,0.6050420168067226,0.6004981539369432,0.5630252100840336,0.5580563559626371,-0.0462184873949579,-0.0409169590513064
Airports-USA,SDRF,sage,12365,0.0,0.5462184873949579,0.5414358541416372,0.5546218487394958,0.539282353104804,0.5462184873949579,0.5414358541416372,0.5546218487394958,0.539282353104804,0.0,0.0
Airports-USA,SDRF,sage,12366,0.0,0.5588235294117647,0.5508062410236323,0.5084033613445378,0.4911712987495107,0.5588235294117647,0.5508062410236323,0.5084033613445378,0.4911712987495107,0.0,0.0
Airports-USA,SDRF,sage,12367,0.25,0.5756302521008403,0.551613644412833,0.5252100840336135,0.508572326366444,0.5504201680672269,0.5319926152279093,0.5252100840336135,0.4990886116677255,0.0,0.0094837146987185
Airports-USA,SDRF,sage,12368,0.4,0.5756302521008403,0.5664765985497693,0.5756302521008403,0.5631303146630897,0.5462184873949579,0.5330683194838834,0.5840336134453782,0.5763832632559023,-0.0084033613445378,-0.0132529485928125
Airports-USA,SDRF,sage,12369,0.55,0.5798319327731093,0.5693674439376056,0.5378151260504201,0.5154995679484942,0.5756302521008403,0.5649586289512805,0.5168067226890757,0.4942496532606794,0.0210084033613444,0.0212499146878147
Airports-USA,SDRF,sage,12370,0.25,0.6008403361344538,0.5911738942712393,0.6050420168067226,0.5969518347864915,0.592436974789916,0.5839070378364866,0.6260504201680672,0.6206235873887385,-0.0210084033613445,-0.0236717526022469
Airports-USA,SDRF,sage,12371,0.1,0.6008403361344538,0.5982610265395774,0.6092436974789915,0.6011627814967795,0.5882352941176471,0.5789534740995542,0.592436974789916,0.5849475051214515,0.0168067226890755,0.0162152763753279
Airports-USA,SDRF,sage,12372,0.1,0.592436974789916,0.5859703152607234,0.5966386554621849,0.5932346723044397,0.5882352941176471,0.582149293876612,0.6050420168067226,0.6017794221282593,-0.0084033613445377,-0.0085447498238195
Airports-USA,SDRF,sage,12373,0.0,0.6596638655462185,0.6548510859549714,0.5168067226890757,0.5003875215412488,0.6596638655462185,0.6548510859549714,0.5168067226890757,0.5003875215412488,0.0,0.0
Airports-USA,SDRF,sage,12374,0.55,0.5966386554621849,0.5885720575570199,0.5588235294117647,0.5487135457355827,0.5672268907563025,0.5624615853359082,0.5588235294117647,0.5534623035217416,0.0,-0.0047487577861589
Airports-USA,SDRF,gat,12345,0.4,0.5966386554621849,0.5825669500838684,0.5588235294117647,0.5420204774325461,0.5546218487394958,0.5397260293745009,0.5630252100840336,0.5537948378838458,-0.0042016806722688,-0.0117743604512996
Airports-USA,SDRF,gat,12346,0.55,0.6050420168067226,0.6025422194853269,0.6218487394957983,0.6075445631090195,0.6092436974789915,0.6051416452535856,0.6218487394957983,0.6138845377332219,0.0,-0.0063399746242024
Airports-USA,SDRF,gat,12347,0.0,0.634453781512605,0.6338512149045665,0.5966386554621849,0.5907805776824371,0.634453781512605,0.634392819799964,0.5672268907563025,0.562213880241714,0.0294117647058823,0.028566697440723
Airports-USA,SDRF,gat,12348,0.0,0.6512605042016807,0.6521962407168403,0.6050420168067226,0.5998885028735775,0.6512605042016807,0.6513106184590206,0.6008403361344538,0.5940785029392676,0.0042016806722688,0.0058099999343099
Airports-USA,SDRF,gat,12349,0.0,0.6176470588235294,0.6145926022900992,0.5294117647058824,0.5205634353142632,0.6134453781512605,0.6096976122460332,0.5462184873949579,0.5403632545531694,-0.0168067226890755,-0.0197998192389061
Airports-USA,SDRF,gat,12350,0.25,0.6470588235294118,0.6418630102002212,0.5756302521008403,0.5710504567647425,0.6302521008403361,0.6224684624784359,0.6050420168067226,0.6060330923937193,-0.0294117647058823,-0.0349826356289767
Airports-USA,SDRF,gat,12351,0.0,0.6596638655462185,0.6573931206891359,0.5462184873949579,0.5399608618055498,0.6680672268907563,0.66341206642709,0.5168067226890757,0.5073752679530519,0.0294117647058822,0.0325855938524979
Airports-USA,SDRF,gat,12352,0.55,0.6638655462184874,0.6581813066350127,0.5672268907563025,0.5664242424242424,0.6428571428571429,0.6383072072302076,0.5840336134453782,0.580985879200165,-0.0168067226890756,-0.0145616367759225
Airports-USA,SDRF,gat,12353,0.25,0.592436974789916,0.5893786547512183,0.5756302521008403,0.5731799865206365,0.5882352941176471,0.5853885951446927,0.5756302521008403,0.5735589640494756,0.0,-0.000378977528839
Airports-USA,SDRF,gat,12354,0.1,0.6218487394957983,0.6156074218574219,0.5798319327731093,0.5738045056140306,0.6218487394957983,0.6181494600026616,0.6050420168067226,0.597731679171519,-0.0252100840336133,-0.0239271735574884
Airports-USA,SDRF,gat,12355,0.0,0.6302521008403361,0.6312385888610934,0.6008403361344538,0.5971477843679679,0.6302521008403361,0.6293668838800432,0.6176470588235294,0.6154456654456655,-0.0168067226890756,-0.0182978810776975
Airports-USA,SDRF,gat,12356,0.1,0.5084033613445378,0.50144055696366,0.4915966386554621,0.482379387879213,0.5126050420168067,0.5062510550851008,0.4957983193277311,0.4873162806789382,-0.0042016806722689,-0.0049368927997251
Airports-USA,SDRF,gat,12357,0.0,0.6302521008403361,0.6262097926738519,0.5840336134453782,0.5816571262220992,0.6176470588235294,0.6133878559251693,0.5840336134453782,0.5832369493251846,0.0,-0.0015798231030853
Airports-USA,SDRF,gat,12358,0.0,0.6932773109243697,0.6877521733589684,0.5798319327731093,0.5691846274293082,0.6890756302521008,0.6827005357978809,0.5798319327731093,0.5691612569741481,0.0,2.3370455160098835e-05
Airports-USA,SDRF,gat,12359,0.25,0.6134453781512605,0.6129143737618314,0.5840336134453782,0.5798637110594053,0.6260504201680672,0.6200890479316763,0.5840336134453782,0.5813897981451173,0.0,-0.001526087085712
Airports-USA,SDRF,gat,12360,0.0,0.6176470588235294,0.6119779937860729,0.6092436974789915,0.6005972595738225,0.6218487394957983,0.6149633022103589,0.6218487394957983,0.6155072257758825,-0.0126050420168067,-0.0149099662020599
Airports-USA,SDRF,gat,12361,0.1,0.5126050420168067,0.5008061986322856,0.5336134453781513,0.5037217846857115,0.5,0.486980277085416,0.5462184873949579,0.5167724019548333,-0.0126050420168066,-0.0130506172691218
Airports-USA,SDRF,gat,12362,0.55,0.6638655462184874,0.6584893048128342,0.6050420168067226,0.6022226223418905,0.6512605042016807,0.6479212245341277,0.6218487394957983,0.6282626967404695,-0.0168067226890756,-0.026040074398579
Airports-USA,SDRF,gat,12363,0.1,0.6638655462184874,0.6581403335449614,0.6008403361344538,0.5950277618956864,0.6722689075630253,0.6634669567993383,0.6092436974789915,0.6052558021688457,-0.0084033613445377,-0.0102280402731592
Airports-USA,SDRF,gat,12364,0.1,0.5588235294117647,0.5533562551258596,0.5588235294117647,0.5562278724724432,0.5672268907563025,0.5576572355560929,0.5756302521008403,0.5719053176069611,-0.0168067226890755,-0.0156774451345178
Airports-USA,SDRF,gat,12365,0.0,0.6008403361344538,0.5925628139131958,0.6218487394957983,0.6144837706690173,0.6092436974789915,0.6029175502859714,0.6050420168067226,0.6002305498445086,0.0168067226890756,0.0142532208245086
Airports-USA,SDRF,gat,12366,0.25,0.5840336134453782,0.579814597889965,0.5966386554621849,0.5886904761904761,0.5840336134453782,0.5775991136663073,0.5714285714285714,0.5657259089753368,0.0252100840336134,0.0229645672151392
Airports-USA,SDRF,gat,12367,0.4,0.6302521008403361,0.618357617801832,0.5756302521008403,0.5630449760549381,0.6176470588235294,0.6052005465798569,0.5672268907563025,0.5536698463169052,0.0084033613445377,0.0093751297380328
Airports-USA,SDRF,gat,12368,0.0,0.6470588235294118,0.6436080159414931,0.5294117647058824,0.5258626992823888,0.6470588235294118,0.6431769644804023,0.5336134453781513,0.5240160327348663,-0.0042016806722688,0.0018466665475225
Airports-USA,SDRF,gat,12369,0.4,0.6134453781512605,0.6104168683452571,0.5714285714285714,0.5557212208040166,0.6050420168067226,0.6013225767165211,0.5756302521008403,0.5603722557616587,-0.0042016806722688,-0.004651034957642
Airports-USA,SDRF,gat,12370,0.0,0.6302521008403361,0.6217614085261144,0.5210084033613446,0.5140880182209409,0.634453781512605,0.6237507281395168,0.5378151260504201,0.5310064679468205,-0.0168067226890755,-0.0169184497258796
Airports-USA,SDRF,gat,12371,0.1,0.6260504201680672,0.6179656279788295,0.5546218487394958,0.5456327985739751,0.6260504201680672,0.6184226172864553,0.5630252100840336,0.5550262672050992,-0.0084033613445377,-0.0093934686311241
Airports-USA,SDRF,gat,12372,0.55,0.6134453781512605,0.6092156781811954,0.592436974789916,0.5953204016849288,0.5966386554621849,0.5903245008898921,0.6008403361344538,0.6048920759943769,-0.0084033613445377,-0.009571674309448
Airports-USA,SDRF,gat,12373,0.0,0.6050420168067226,0.5989253393665158,0.5126050420168067,0.5051934895029762,0.6134453781512605,0.6072601020368613,0.5210084033613446,0.5127983888068788,-0.0084033613445378,-0.0076048993039026
Airports-USA,SDRF,gat,12374,0.1,0.592436974789916,0.5900899571309328,0.6428571428571429,0.6415515416735595,0.592436974789916,0.5894141626531173,0.6386554621848739,0.6374131881981412,0.004201680672269,0.0041383534754183
Airports-USA,DiffWire CT,gcn,12345,,0.5798319327731093,0.5671132638242453,0.5294117647058824,0.5262951494479483,0.5546218487394958,0.5336176720199344,0.4957983193277311,0.4696195428698649,0.0336134453781512,0.0566756065780834
Airports-USA,DiffWire CT,gcn,12346,,0.592436974789916,0.5816291013734295,0.5966386554621849,0.5769199655710227,0.5588235294117647,0.5507407259875139,0.5798319327731093,0.5630992776020809,0.0168067226890755,0.0138206879689417
Airports-USA,DiffWire CT,gcn,12347,,0.5882352941176471,0.5810155252439514,0.5294117647058824,0.5178039938502664,0.5756302521008403,0.5715268937093155,0.5126050420168067,0.5022671781395822,0.0168067226890756,0.0155368157106842
Airports-USA,DiffWire CT,gcn,12348,,0.6092436974789915,0.6061503718662229,0.592436974789916,0.5837454637912304,0.5588235294117647,0.5535988055432886,0.5462184873949579,0.5355281232044652,0.046218487394958,0.0482173405867651
Airports-USA,DiffWire CT,gcn,12349,,0.5882352941176471,0.581482494993721,0.5126050420168067,0.5130103609231133,0.5630252100840336,0.5442879149274498,0.5252100840336135,0.5152643652643653,-0.0126050420168067,-0.002254004341252
Airports-USA,DiffWire CT,gcn,12350,,0.5966386554621849,0.5871774041074846,0.5798319327731093,0.5791364610797168,0.5840336134453782,0.5634448415381478,0.5378151260504201,0.5304077148195628,0.0420168067226891,0.048728746260154
Airports-USA,DiffWire CT,gcn,12351,,0.6008403361344538,0.5957328867634384,0.5756302521008403,0.5742115093544848,0.6134453781512605,0.6077965825633737,0.4873949579831932,0.4730868372146429,0.088235294117647,0.1011246721398419
Airports-USA,DiffWire CT,gcn,12352,,0.592436974789916,0.5864707147567972,0.5798319327731093,0.5696699956926451,0.5840336134453782,0.5678403077880129,0.4915966386554621,0.481540223986748,0.0882352941176471,0.088129771705897
Airports-USA,DiffWire CT,gcn,12353,,0.5252100840336135,0.5126015929587358,0.5840336134453782,0.5724358306243834,0.5378151260504201,0.5347973103902647,0.4873949579831932,0.4681405313734448,0.0966386554621849,0.1042952992509386
Airports-USA,DiffWire CT,gcn,12354,,0.5756302521008403,0.5634737705792536,0.542016806722689,0.5245580697477343,0.4915966386554621,0.4739105836251083,0.5798319327731093,0.564017766772701,-0.0378151260504202,-0.0394596970249666
Airports-USA,DiffWire CT,gcn,12355,,0.5966386554621849,0.5861188305648883,0.5966386554621849,0.5926378579085227,0.5588235294117647,0.5363921126268071,0.5546218487394958,0.5438118738733414,0.042016806722689,0.0488259840351813
Airports-USA,DiffWire CT,gcn,12356,,0.5882352941176471,0.582273195414486,0.5588235294117647,0.5535532794972154,0.6134453781512605,0.6088369506864024,0.5504201680672269,0.5429186985270291,0.0084033613445377,0.0106345809701863
Airports-USA,DiffWire CT,gcn,12357,,0.5756302521008403,0.5679914524486893,0.5504201680672269,0.5408397740012325,0.5798319327731093,0.5694414392450262,0.5546218487394958,0.5492829427418751,-0.0042016806722688,-0.0084431687406425
Airports-USA,DiffWire CT,gcn,12358,,0.5840336134453782,0.5816299876593994,0.5294117647058824,0.5210432766982709,0.5840336134453782,0.5700690826064048,0.5546218487394958,0.551827237889919,-0.0252100840336134,-0.0307839611916481
Airports-USA,DiffWire CT,gcn,12359,,0.592436974789916,0.5857479128902958,0.5840336134453782,0.5734226052726312,0.5756302521008403,0.5559002699298976,0.5672268907563025,0.5539303687714694,0.0168067226890756,0.0194922365011618
Airports-USA,DiffWire CT,gcn,12360,,0.5798319327731093,0.5767153074717085,0.6134453781512605,0.609825245501707,0.5252100840336135,0.5081409357760893,0.4873949579831932,0.4666822007730762,0.1260504201680673,0.1431430447286308
Airports-USA,DiffWire CT,gcn,12361,,0.6050420168067226,0.5985524463392745,0.5546218487394958,0.5357751393712678,0.5378151260504201,0.5331618364906409,0.5504201680672269,0.5400474249954852,0.0042016806722688,-0.0042722856242174
Airports-USA,DiffWire CT,gcn,12362,,0.6050420168067226,0.5980143857768325,0.5672268907563025,0.5580219308992893,0.6134453781512605,0.5996149813439827,0.542016806722689,0.5326052805471247,0.0252100840336134,0.0254166503521645
Airports-USA,DiffWire CT,gcn,12363,,0.6050420168067226,0.5983929529935973,0.5630252100840336,0.5440918126525602,0.5966386554621849,0.5903692502986857,0.4831932773109244,0.4730350378787878,0.0798319327731092,0.0710567747737724
Airports-USA,DiffWire CT,gcn,12364,,0.5672268907563025,0.5678750789440444,0.5588235294117647,0.5556861742908255,0.5588235294117647,0.547290475167031,0.5210084033613446,0.5122278384601637,0.0378151260504201,0.0434583358306617
Airports-USA,DiffWire CT,gcn,12365,,0.5966386554621849,0.5782909846242507,0.5714285714285714,0.56026416518063,0.5756302521008403,0.5522004241781548,0.5210084033613446,0.5016160095175373,0.0504201680672268,0.0586481556630927
Airports-USA,DiffWire CT,gcn,12366,,0.6092436974789915,0.6050832410356167,0.5756302521008403,0.5589493026510477,0.5714285714285714,0.5678700972156937,0.5756302521008403,0.5693925618716592,0.0,-0.0104432592206115
Airports-USA,DiffWire CT,gcn,12367,,0.6092436974789915,0.6033236918291536,0.5546218487394958,0.538346478538107,0.592436974789916,0.5796874031681365,0.5504201680672269,0.5375546511155861,0.0042016806722688,0.0007918274225209
Airports-USA,DiffWire CT,gcn,12368,,0.5672268907563025,0.5576285018721847,0.5546218487394958,0.5429111595226725,0.5882352941176471,0.5744163203430519,0.5126050420168067,0.4819862871127529,0.0420168067226891,0.0609248724099196
Airports-USA,DiffWire CT,gcn,12369,,0.6092436974789915,0.602172096908939,0.5798319327731093,0.564824879227053,0.5966386554621849,0.5886895584846843,0.542016806722689,0.5225949955124181,0.0378151260504202,0.0422298837146349
Airports-USA,DiffWire CT,gcn,12370,,0.634453781512605,0.6245279832139787,0.5756302521008403,0.5617332131765481,0.5756302521008403,0.5651692677389237,0.5672268907563025,0.5583539390489708,0.0084033613445377,0.0033792741275773
Airports-USA,DiffWire CT,gcn,12371,,0.6260504201680672,0.6188710714572783,0.5672268907563025,0.5597481948031544,0.5504201680672269,0.5277769332117158,0.4705882352941176,0.4668988737954255,0.0966386554621849,0.0928493210077289
Airports-USA,DiffWire CT,gcn,12372,,0.5714285714285714,0.5697985739750445,0.5714285714285714,0.5679464535806542,0.5462184873949579,0.5435881370091896,0.5168067226890757,0.5008558450166745,0.0546218487394957,0.0670906085639797
Airports-USA,DiffWire CT,gcn,12373,,0.6050420168067226,0.5938075055778687,0.542016806722689,0.5240096262619796,0.6008403361344538,0.5841066513784756,0.5756302521008403,0.5533218625539862,-0.0336134453781512,-0.0293122362920066
Airports-USA,DiffWire CT,gcn,12374,,0.5840336134453782,0.5774725671205008,0.6428571428571429,0.64036068356046,0.5504201680672269,0.5495703490896858,0.5882352941176471,0.5815958961573784,0.0546218487394958,0.0587647874030816
Amazon-Photo,SDRF,gcn,12345,0.0,0.9418300653594772,0.9345700429815598,0.9372549019607844,0.9341142651278294,0.9418300653594772,0.9339574033306836,0.9392156862745098,0.935124945419686,-0.0019607843137254,-0.0010106802918566
Amazon-Photo,SDRF,gcn,12346,0.1,0.94640522875817,0.943257776145461,0.9418300653594772,0.9376574188336948,0.94640522875817,0.943035679466508,0.9418300653594772,0.937713000589472,-1.1102230246251563e-16,-5.558175577724533e-05
Amazon-Photo,SDRF,gcn,12347,0.1,0.9450980392156862,0.9348081408694764,0.9333333333333332,0.9273777875332948,0.9450980392156862,0.9345812611877444,0.9333333333333332,0.9272580058584232,1.1102230246251563e-16,0.0001197816748716
Amazon-Photo,SDRF,gcn,12348,0.55,0.9562091503267974,0.949820345320958,0.9431372549019608,0.937743284965302,0.9549019607843138,0.9486030551262812,0.945751633986928,0.9384665721978268,-0.0026143790849672,-0.0007232872325247
Amazon-Photo,SDRF,gcn,12349,0.0,0.9490196078431372,0.9408864112913622,0.9405228758169936,0.933453880572468,0.9490196078431372,0.9407158579734948,0.937908496732026,0.930516108218647,0.0026143790849674,0.0029377723538208
Amazon-Photo,SDRF,gcn,12350,0.1,0.954248366013072,0.9476006695682176,0.9411764705882352,0.9342660658724712,0.9555555555555556,0.9484487551272848,0.9398692810457516,0.9326157896598096,0.0013071895424836,0.0016502762126614
Amazon-Photo,SDRF,gcn,12351,0.0,0.9594771241830066,0.9552992567933772,0.9411764705882352,0.935886782874158,0.9588235294117649,0.955577416718934,0.9405228758169936,0.9343467752092376,0.0006535947712417,0.0015400076649204
Amazon-Photo,SDRF,gcn,12352,0.0,0.9503267973856208,0.9427293272846536,0.9424836601307188,0.9331344478169306,0.949673202614379,0.942248979462138,0.9431372549019608,0.9354630544947012,-0.0006535947712418,-0.0023286066777706
Amazon-Photo,SDRF,gcn,12353,0.0,0.9503267973856208,0.9447478620043608,0.9411764705882352,0.9356442291717332,0.9503267973856208,0.9443695989856614,0.9372549019607844,0.9305056560918477,0.0039215686274508,0.0051385730798856
Amazon-Photo,SDRF,gcn,12354,0.25,0.9352941176470588,0.9247417365884348,0.94640522875817,0.943025272577683,0.9352941176470588,0.9242853200804356,0.9450980392156862,0.9405892872496048,0.0013071895424836,0.0024359853280782
Amazon-Photo,SDRF,gcn,12355,0.0,0.9444444444444444,0.940181739117982,0.94640522875817,0.9367613268316886,0.9444444444444444,0.940181739117982,0.94640522875817,0.9367613268316886,-1.1102230246251563e-16,0.0
Amazon-Photo,SDRF,gcn,12356,0.25,0.9359477124183008,0.9282322176438872,0.9555555555555556,0.9481543403706104,0.9339869281045752,0.9264814869624016,0.9562091503267974,0.9502920307321308,-0.0006535947712418,-0.0021376903615204
Amazon-Photo,SDRF,gcn,12357,0.1,0.949673202614379,0.9425679276770316,0.9424836601307188,0.934322459476016,0.9490196078431372,0.9418541969142722,0.9359477124183008,0.9279313844230648,0.0065359477124181,0.0063910750529512
Amazon-Photo,SDRF,gcn,12358,0.0,0.9444444444444444,0.9405311411774078,0.9424836601307188,0.9388735375207732,0.945751633986928,0.9407797054936324,0.9424836601307188,0.9361467990025772,1.1102230246251563e-16,0.0027267385181958
Amazon-Photo,SDRF,gcn,12359,0.0,0.9516339869281044,0.9472685669539312,0.9359477124183008,0.9276496496013856,0.9516339869281044,0.9481235572082314,0.938562091503268,0.9314342081792288,-0.0026143790849673,-0.0037845585778432
Amazon-Photo,SDRF,gcn,12360,0.4,0.9411764705882352,0.9360783502664868,0.934640522875817,0.9208443069187104,0.9411764705882352,0.935507798961614,0.938562091503268,0.925180245103964,-0.0039215686274509,-0.0043359381852535
Amazon-Photo,SDRF,gcn,12361,0.0,0.9490196078431372,0.9454319178316236,0.9431372549019608,0.9334236412966348,0.9483660130718954,0.9445634801167568,0.9411764705882352,0.9312503621022264,0.0019607843137255,0.0021732791944084
Amazon-Photo,SDRF,gcn,12362,0.1,0.9450980392156862,0.938112457942386,0.94640522875817,0.9374143999932742,0.94640522875817,0.937889917332295,0.94640522875817,0.937268228622597,-1.1102230246251563e-16,0.0001461713706772
Amazon-Photo,SDRF,gcn,12363,0.55,0.945751633986928,0.9432550144745124,0.9405228758169936,0.9301855407046008,0.9437908496732026,0.9405820577767467,0.9444444444444444,0.9338259764613392,-0.0039215686274509,-0.0036404357567385
Amazon-Photo,SDRF,gcn,12364,0.55,0.9437908496732026,0.9398308608858854,0.938562091503268,0.9374664072763252,0.9398692810457516,0.935794137951412,0.9450980392156862,0.944444297861622,-0.0065359477124182,-0.0069778905852967
Amazon-Photo,SDRF,gcn,12365,0.0,0.9477124183006536,0.9447495718071636,0.9431372549019608,0.9391299277446432,0.9477124183006536,0.945714022591928,0.9444444444444444,0.9407063018007986,-0.0013071895424836,-0.0015763740561555
Amazon-Photo,SDRF,gcn,12366,0.1,0.9470588235294116,0.9435485774757476,0.9359477124183008,0.9305827678713898,0.94640522875817,0.9430165399981558,0.9405228758169936,0.9313781182919106,-0.0045751633986929,-0.0007953504205208
Amazon-Photo,SDRF,gcn,12367,0.0,0.9411764705882352,0.9378852877594022,0.9444444444444444,0.9402019714865726,0.9418300653594772,0.9388543592100648,0.9437908496732026,0.9396545088465028,0.0006535947712418,0.0005474626400697
Amazon-Photo,SDRF,gcn,12368,0.55,0.9516339869281044,0.944369622871544,0.9483660130718954,0.9419862732030302,0.9529411764705882,0.9437748297885504,0.9490196078431372,0.9401151567456496,-0.0006535947712418,0.0018711164573805
Amazon-Photo,SDRF,gcn,12369,0.0,0.9470588235294116,0.9374944837542788,0.9352941176470588,0.923058482444769,0.94640522875817,0.9371494839521064,0.9366013071895424,0.9246070211492186,-0.0013071895424835,-0.0015485387044495
Amazon-Photo,SDRF,gcn,12370,0.1,0.9568627450980391,0.9519703387813834,0.9352941176470588,0.92488458320306,0.9562091503267974,0.9509706655430508,0.9398692810457516,0.9271081416426904,-0.0045751633986927,-0.0022235584396305
Amazon-Photo,SDRF,gcn,12371,0.0,0.9522875816993464,0.9472712405435332,0.9352941176470588,0.9288330253245736,0.9516339869281044,0.9462072673785076,0.9411764705882352,0.9371616794611876,-0.0058823529411763,-0.0083286541366138
Amazon-Photo,SDRF,gcn,12372,0.1,0.9477124183006536,0.9439060596935628,0.9444444444444444,0.9354779184597868,0.9470588235294116,0.9432989340931532,0.9418300653594772,0.9317526701983224,0.0026143790849672,0.0037252482614643
Amazon-Photo,SDRF,gcn,12373,0.1,0.9470588235294116,0.9423558882539922,0.9529411764705882,0.9453520045494296,0.9477124183006536,0.9428749405256092,0.9529411764705882,0.945240595620374,0.0,0.0001114089290554
Amazon-Photo,SDRF,gcn,12374,0.0,0.9470588235294116,0.9402608427827438,0.9398692810457516,0.933298637930966,0.94640522875817,0.9391201213129814,0.9405228758169936,0.933793563881683,-0.0006535947712419,-0.0004949259507169
Amazon-Photo,SDRF,sage,12345,0.25,0.9568627450980391,0.9489581143198472,0.949673202614379,0.939373585321711,0.9555555555555556,0.9450910150886194,0.9490196078431372,0.9375705819438886,0.0006535947712418,0.0018030033778223
Amazon-Photo,SDRF,sage,12346,0.55,0.9581699346405228,0.9537258441748572,0.9516339869281044,0.9437851592485612,0.9562091503267974,0.951464807240708,0.9516339869281044,0.9437289734307586,1.1102230246251563e-16,5.618581780275633e-05
Amazon-Photo,SDRF,sage,12347,0.55,0.9562091503267974,0.9454823377302272,0.9418300653594772,0.9320682962998112,0.9549019607843138,0.9431701681877136,0.9450980392156862,0.9346732256244622,-0.0032679738562091,-0.002604929324651
Amazon-Photo,SDRF,sage,12348,0.4,0.9640522875816994,0.9558161790776176,0.9549019607843138,0.9441436520174478,0.9607843137254902,0.9533328303256134,0.9529411764705882,0.9421858649633804,0.0019607843137255,0.0019577870540673
Amazon-Photo,SDRF,sage,12349,0.25,0.9588235294117649,0.9504610596927014,0.9516339869281044,0.9455308901184892,0.9562091503267974,0.9466739435854772,0.9503267973856208,0.94351045166727,0.0013071895424837,0.0020204384512193
Amazon-Photo,SDRF,sage,12350,0.1,0.9581699346405228,0.9514548009222634,0.9503267973856208,0.9423742844956984,0.9568627450980391,0.9494603054896033,0.9529411764705882,0.944710602428012,-0.0026143790849673,-0.0023363179323135
Amazon-Photo,SDRF,sage,12351,0.0,0.9581699346405228,0.9517049223965935,0.9437908496732026,0.9341526054516492,0.9549019607843138,0.9492411459806668,0.9405228758169936,0.9332416921460625,0.003267973856209,0.0009109133055866
Amazon-Photo,SDRF,sage,12352,0.1,0.9555555555555556,0.9452226261024308,0.9516339869281044,0.939934185254952,0.954248366013072,0.9436760557692164,0.9503267973856208,0.9377215881968244,0.0013071895424837,0.0022125970581277
Amazon-Photo,SDRF,sage,12353,0.55,0.9679738562091504,0.9601312393594456,0.9477124183006536,0.9396405680663352,0.965359477124183,0.9579459721416006,0.95359477124183,0.9464867473505424,-0.0058823529411764,-0.006846179284207
Amazon-Photo,SDRF,sage,12354,0.55,0.949673202614379,0.9417957194015348,0.9424836601307188,0.9327572366943002,0.9503267973856208,0.9406265251803448,0.9424836601307188,0.9332996065388351,1.1102230246251563e-16,-0.0005423698445349
Amazon-Photo,SDRF,sage,12355,0.25,0.9503267973856208,0.9419061588737436,0.9529411764705882,0.9434942722055204,0.9483660130718954,0.9395020360967,0.9516339869281044,0.9432551822636756,0.0013071895424837,0.0002390899418448
Amazon-Photo,SDRF,sage,12356,0.25,0.9555555555555556,0.9473586330014654,0.9601307189542484,0.9517080694622568,0.9529411764705882,0.9437540836032904,0.9555555555555556,0.9459611128206494,0.0045751633986927,0.0057469566416074
Amazon-Photo,SDRF,sage,12357,0.25,0.9568627450980391,0.9494020356539796,0.9529411764705882,0.9465286735371338,0.9555555555555556,0.9486006047123956,0.954248366013072,0.945750042350306,-0.0013071895424837,0.0007786311868277
Amazon-Photo,SDRF,sage,12358,0.4,0.9555555555555556,0.9470791196749369,0.9483660130718954,0.941178400783886,0.9555555555555556,0.9450769210587554,0.94640522875817,0.9354683683331352,0.0019607843137253,0.0057100324507507
Amazon-Photo,SDRF,sage,12359,0.55,0.9640522875816994,0.9594486312093532,0.949673202614379,0.9397479918538814,0.9627450980392156,0.9582284099466056,0.95359477124183,0.9437371063215764,-0.0039215686274509,-0.003989114467695
Amazon-Photo,SDRF,sage,12360,0.0,0.95359477124183,0.9473018706954398,0.95359477124183,0.9428451000266308,0.9516339869281044,0.9445576218155868,0.9477124183006536,0.9342244023609156,0.0058823529411765,0.0086206976657152
Amazon-Photo,SDRF,sage,12361,0.1,0.9562091503267974,0.9474605670714376,0.9450980392156862,0.9341269920354552,0.9562091503267974,0.9468537248982836,0.9470588235294116,0.9378750863290856,-0.0019607843137253,-0.0037480942936304
Amazon-Photo,SDRF,sage,12362,0.55,0.9529411764705882,0.943322115562489,0.9562091503267974,0.947144210700506,0.9503267973856208,0.9400942976041676,0.954248366013072,0.9461726729434534,0.0019607843137254,0.0009715377570527
Amazon-Photo,SDRF,sage,12363,0.55,0.9601307189542484,0.9499157392931508,0.949673202614379,0.939049904568971,0.9627450980392156,0.9538261233767864,0.945751633986928,0.9366342972287102,0.003921568627451,0.0024156073402608
Amazon-Photo,SDRF,sage,12364,0.1,0.9549019607843138,0.9477376969256052,0.9594771241830066,0.954433604775676,0.9522875816993464,0.9458987524830352,0.9562091503267974,0.952942070264527,0.0032679738562091,0.001491534511149
Amazon-Photo,SDRF,sage,12365,0.4,0.9581699346405228,0.9537879170382876,0.9490196078431372,0.940885951469996,0.9568627450980391,0.9510626212890242,0.9470588235294116,0.9393780907772652,0.0019607843137255,0.0015078606927309
Amazon-Photo,SDRF,sage,12366,0.4,0.9568627450980391,0.9497781184808288,0.9405228758169936,0.9277426664152216,0.9549019607843138,0.9493453299115746,0.9437908496732026,0.9305721955374964,-0.0032679738562091,-0.0028295291222747
Amazon-Photo,SDRF,sage,12367,0.0,0.9549019607843138,0.9486702269424502,0.9581699346405228,0.9516340398052072,0.9549019607843138,0.947691974969897,0.9562091503267974,0.9489079638705252,0.0019607843137254,0.0027260759346818
Amazon-Photo,SDRF,sage,12368,0.55,0.9562091503267974,0.9479401581954512,0.9581699346405228,0.9524359838117034,0.9549019607843138,0.9483866298317568,0.9601307189542484,0.9542863579820732,-0.0019607843137254,-0.0018503741703698
Amazon-Photo,SDRF,sage,12369,0.0,0.9555555555555556,0.9491959657795662,0.949673202614379,0.9388443772988108,0.9581699346405228,0.9504309828071672,0.949673202614379,0.9388967470054448,0.0,-5.236970663413665e-05
Amazon-Photo,SDRF,sage,12370,0.25,0.962091503267974,0.9563807958349072,0.9405228758169936,0.928603780521,0.9594771241830066,0.9528380451329496,0.9450980392156862,0.935171157071917,-0.0045751633986927,-0.0065673765509171
Amazon-Photo,SDRF,sage,12371,0.4,0.9601307189542484,0.9563535017325352,0.9503267973856208,0.9466418829839116,0.9588235294117649,0.9551988660882332,0.94640522875817,0.9414274404531412,0.0039215686274508,0.0052144425307704
Amazon-Photo,SDRF,sage,12372,0.55,0.9483660130718954,0.9398095364942898,0.9483660130718954,0.939670011789642,0.9477124183006536,0.9385061824666356,0.9483660130718954,0.9388685022209274,0.0,0.0008015095687144
Amazon-Photo,SDRF,sage,12373,0.25,0.9660130718954248,0.9604574120945611,0.95359477124183,0.9461219724741564,0.9647058823529412,0.9598160316510096,0.9516339869281044,0.9440070229285692,0.0019607843137257,0.0021149495455873
Amazon-Photo,SDRF,sage,12374,0.55,0.9549019607843138,0.9458063148265188,0.9483660130718954,0.9418660284780328,0.954248366013072,0.9438189986541428,0.9516339869281044,0.9447007854915126,-0.003267973856209,-0.0028347570134799
Amazon-Photo,SDRF,gat,12345,0.55,0.9372549019607844,0.9306766180226492,0.9320261437908496,0.929772921493841,0.9352941176470588,0.92464056854684,0.9359477124183008,0.9305684901780258,-0.003921568627451,-0.0007955686841847
Amazon-Photo,SDRF,gat,12346,0.0,0.9405228758169936,0.9394443587203456,0.9437908496732026,0.933928944729438,0.9424836601307188,0.940398561358888,0.9450980392156862,0.9368745681077622,-0.0013071895424836,-0.0029456233783242
Amazon-Photo,SDRF,gat,12347,0.4,0.9437908496732026,0.9330534820875336,0.9326797385620916,0.9268232309846702,0.9424836601307188,0.9329593020181336,0.937908496732026,0.932038224385098,-0.0052287581699345,-0.0052149934004277
Amazon-Photo,SDRF,gat,12348,0.1,0.9450980392156862,0.9400229103074264,0.9392156862745098,0.9295520041186656,0.9398692810457516,0.934385324127912,0.9339869281045752,0.9232159899182782,0.0052287581699346,0.0063360142003873
Amazon-Photo,SDRF,gat,12349,0.1,0.94640522875817,0.940040430393794,0.9405228758169936,0.9370705113269756,0.9483660130718954,0.9390350629992886,0.9392156862745098,0.933111453302312,0.0013071895424836,0.0039590580246636
Amazon-Photo,SDRF,gat,12350,0.25,0.94640522875817,0.9395050677732268,0.9320261437908496,0.9265888652643544,0.94640522875817,0.9360805396076648,0.9320261437908496,0.9221145033853356,1.1102230246251563e-16,0.0044743618790188
Amazon-Photo,SDRF,gat,12351,0.0,0.9529411764705882,0.9518495249176242,0.9294117647058824,0.9199554871971278,0.9503267973856208,0.9480057348940526,0.9320261437908496,0.923104291123416,-0.0026143790849672,-0.0031488039262881
Amazon-Photo,SDRF,gat,12352,0.25,0.9483660130718954,0.9408628771571844,0.9366013071895424,0.928570605472371,0.9470588235294116,0.9383090711823394,0.931372549019608,0.9224466808690042,0.0052287581699345,0.0061239246033668
Amazon-Photo,SDRF,gat,12353,0.1,0.94640522875817,0.9417607211573152,0.9392156862745098,0.9345048525895296,0.9437908496732026,0.9404035780184128,0.934640522875817,0.930033093874156,0.0045751633986927,0.0044717587153736
Amazon-Photo,SDRF,gat,12354,0.0,0.930718954248366,0.9206477335845906,0.9294117647058824,0.9225500456694868,0.9320261437908496,0.92187847879015,0.930718954248366,0.9249716051769028,-0.0013071895424836,-0.0024215595074159
Amazon-Photo,SDRF,gat,12355,0.25,0.934640522875817,0.9242021555467448,0.9392156862745098,0.9314579188114442,0.9333333333333332,0.9237969581293342,0.9392156862745098,0.9324052891061516,0.0,-0.0009473702947073
Amazon-Photo,SDRF,gat,12356,0.1,0.934640522875817,0.924490729775731,0.9549019607843138,0.9480054956890726,0.9300653594771242,0.9198823802452843,0.9516339869281044,0.944872245917192,0.0032679738562093,0.0031332497718805
Amazon-Photo,SDRF,gat,12357,0.55,0.9483660130718954,0.941961968667546,0.937908496732026,0.9299512203232704,0.9470588235294116,0.9393401621689166,0.9418300653594772,0.9342184675166696,-0.003921568627451,-0.0042672471933991
Amazon-Photo,SDRF,gat,12358,0.55,0.9300653594771242,0.9263606846365716,0.9359477124183008,0.9329879841503458,0.9287581699346406,0.9248066188904536,0.934640522875817,0.928787386009894,0.0013071895424836,0.0042005981404518
Amazon-Photo,SDRF,gat,12359,0.0,0.9477124183006536,0.9485544262698355,0.9333333333333332,0.9263189469711546,0.9470588235294116,0.948113055543102,0.9333333333333332,0.9252739308632102,1.1102230246251563e-16,0.0010450161079443
Amazon-Photo,SDRF,gat,12360,0.0,0.9320261437908496,0.922807314796531,0.9411764705882352,0.923772535778548,0.930718954248366,0.9220899137615806,0.934640522875817,0.9192288432513082,0.0065359477124182,0.0045436925272398
Amazon-Photo,SDRF,gat,12361,0.0,0.9477124183006536,0.9423766817114676,0.9372549019607844,0.928326461258456,0.945751633986928,0.9371143750162336,0.9405228758169936,0.9340931831561284,-0.0032679738562092,-0.0057667218976724
Amazon-Photo,SDRF,gat,12362,0.0,0.9359477124183008,0.9233320197591164,0.9431372549019608,0.9358540564919527,0.934640522875817,0.9218411426811384,0.9424836601307188,0.934657359819723,0.0006535947712419,0.0011966966722298
Amazon-Photo,SDRF,gat,12363,0.0,0.9424836601307188,0.9340886063809728,0.9359477124183008,0.9278316711229462,0.9444444444444444,0.9343183670225385,0.934640522875817,0.926177930376232,0.0013071895424836,0.0016537407467142
Amazon-Photo,SDRF,gat,12364,0.1,0.9366013071895424,0.9309395314111706,0.9418300653594772,0.935629125701613,0.9359477124183008,0.9305645257654076,0.9339869281045752,0.9276962939473994,0.0078431372549019,0.0079328317542136
Amazon-Photo,SDRF,gat,12365,0.55,0.9470588235294116,0.9422353421228165,0.9359477124183008,0.9268879806422644,0.9437908496732026,0.9376971721637996,0.931372549019608,0.9245437065203672,0.0045751633986926,0.002344274121897
Amazon-Photo,SDRF,gat,12366,0.55,0.9450980392156862,0.9398332512570028,0.934640522875817,0.925065295733872,0.9450980392156862,0.938290001026682,0.9287581699346406,0.9187182823611216,0.0058823529411764,0.0063470133727502
Amazon-Photo,SDRF,gat,12367,0.0,0.9372549019607844,0.9300928568680822,0.9405228758169936,0.9338584562606016,0.937908496732026,0.9333008823337,0.9372549019607844,0.929014050073335,0.003267973856209,0.0048444061872666
Amazon-Photo,SDRF,gat,12368,0.1,0.9470588235294116,0.9417883636150276,0.9372549019607844,0.9301358913398148,0.9444444444444444,0.9393932432014448,0.9411764705882352,0.9360944880384384,-0.0039215686274508,-0.0059585966986236
Amazon-Photo,SDRF,gat,12369,0.0,0.9366013071895424,0.92792280837569,0.937908496732026,0.9288578647406946,0.9405228758169936,0.9322072284648972,0.9398692810457516,0.931758131385733,-0.0019607843137254,-0.0029002666450383
Amazon-Photo,SDRF,gat,12370,0.0,0.949673202614379,0.9462227310462707,0.937908496732026,0.925169755515529,0.9490196078431372,0.942762170144114,0.938562091503268,0.9253506536646828,-0.0006535947712418,-0.0001808981491537
Amazon-Photo,SDRF,gat,12371,0.0,0.945751633986928,0.9433806833054884,0.9274509803921568,0.918159154482228,0.9431372549019608,0.9424515997624792,0.9294117647058824,0.9207267154211612,-0.0019607843137254,-0.0025675609389331
Amazon-Photo,SDRF,gat,12372,0.25,0.937908496732026,0.9319177698314156,0.9326797385620916,0.9237594867103928,0.9366013071895424,0.9303939012081468,0.9281045751633988,0.9168003446272815,0.0045751633986926,0.0069591420831113
Amazon-Photo,SDRF,gat,12373,0.0,0.9477124183006536,0.946098191847946,0.9372549019607844,0.9296365638009662,0.94640522875817,0.94443493183376,0.934640522875817,0.9276028953324388,0.0026143790849673,0.0020336684685273
Amazon-Photo,SDRF,gat,12374,0.1,0.9444444444444444,0.935967111149816,0.9405228758169936,0.933761697128262,0.9398692810457516,0.931943659957584,0.9366013071895424,0.9262864438283251,0.003921568627451,0.0074752532999368
Amazon-Photo,DiffWire CT,gcn,12345,,0.9183006535947712,0.9017337625051368,0.915686274509804,0.90805632363025,0.9418300653594772,0.9339574033306836,0.9392156862745098,0.935124945419686,-0.0235294117647059,-0.0270686217894361
Amazon-Photo,DiffWire CT,gcn,12346,,0.9300653594771242,0.923066037059896,0.9222222222222224,0.9118792692705118,0.94640522875817,0.943035679466508,0.9418300653594772,0.937713000589472,-0.0196078431372549,-0.0258337313189602
Amazon-Photo,DiffWire CT,gcn,12347,,0.9294117647058824,0.9107671061550032,0.915686274509804,0.9004768297678092,0.9450980392156862,0.9345812611877444,0.9333333333333332,0.9272580058584232,-0.0176470588235293,-0.026781176090614
Amazon-Photo,DiffWire CT,gcn,12348,,0.9372549019607844,0.9298566802045328,0.9267973856209152,0.9155596808612344,0.9549019607843138,0.9486030551262812,0.945751633986928,0.9384665721978268,-0.0189542483660128,-0.0229068913365925
Amazon-Photo,DiffWire CT,gcn,12349,,0.9300653594771242,0.918544042249249,0.9196078431372549,0.9061424818401332,0.9490196078431372,0.9407158579734948,0.937908496732026,0.930516108218647,-0.0183006535947711,-0.0243736263785139
Amazon-Photo,DiffWire CT,gcn,12350,,0.9352941176470588,0.923031272290214,0.9241830065359478,0.9122325540740238,0.9555555555555556,0.9484487551272848,0.9398692810457516,0.9326157896598096,-0.0156862745098038,-0.0203832355857858
Amazon-Photo,DiffWire CT,gcn,12351,,0.934640522875817,0.921945834138156,0.9196078431372549,0.909601824589222,0.9588235294117649,0.955577416718934,0.9405228758169936,0.9343467752092376,-0.0209150326797387,-0.0247449506200154
Amazon-Photo,DiffWire CT,gcn,12352,,0.930718954248366,0.9262525426747636,0.9241830065359478,0.9120248527824408,0.949673202614379,0.942248979462138,0.9431372549019608,0.9354630544947012,-0.018954248366013,-0.0234382017122602
Amazon-Photo,DiffWire CT,gcn,12353,,0.9281045751633988,0.9177718402497184,0.9254901960784314,0.9167197599270358,0.9503267973856208,0.9443695989856614,0.9372549019607844,0.9305056560918477,-0.011764705882353,-0.0137858961648118
Amazon-Photo,DiffWire CT,gcn,12354,,0.9196078431372549,0.9037935929709652,0.930718954248366,0.9190443170790747,0.9352941176470588,0.9242853200804356,0.9450980392156862,0.9405892872496048,-0.0143790849673202,-0.02154497017053
Amazon-Photo,DiffWire CT,gcn,12355,,0.9196078431372549,0.9122015601486198,0.9222222222222224,0.9052162656863452,0.9444444444444444,0.940181739117982,0.94640522875817,0.9367613268316886,-0.0241830065359477,-0.0315450611453433
Amazon-Photo,DiffWire CT,gcn,12356,,0.9176470588235294,0.9052456980355066,0.934640522875817,0.9252487697851376,0.9339869281045752,0.9264814869624016,0.9562091503267974,0.9502920307321308,-0.0215686274509804,-0.025043260946993
Amazon-Photo,DiffWire CT,gcn,12357,,0.9359477124183008,0.9273018649170052,0.9320261437908496,0.9230305594881866,0.9490196078431372,0.9418541969142722,0.9359477124183008,0.9279313844230648,-0.003921568627451,-0.0049008249348782
Amazon-Photo,DiffWire CT,gcn,12358,,0.9248366013071896,0.9127108414122532,0.9241830065359478,0.9146355605437712,0.945751633986928,0.9407797054936324,0.9424836601307188,0.9361467990025772,-0.018300653594771,-0.0215112384588059
Amazon-Photo,DiffWire CT,gcn,12359,,0.9287581699346406,0.919863666970642,0.9248366013071896,0.9120395655155672,0.9516339869281044,0.9481235572082314,0.938562091503268,0.9314342081792288,-0.0137254901960783,-0.0193946426636617
Amazon-Photo,DiffWire CT,gcn,12360,,0.9267973856209152,0.9179609637100732,0.915032679738562,0.8994541714517322,0.9411764705882352,0.935507798961614,0.938562091503268,0.925180245103964,-0.0235294117647059,-0.0257260736522317
Amazon-Photo,DiffWire CT,gcn,12361,,0.931372549019608,0.9251787829747198,0.9124183006535947,0.8996977611327821,0.9483660130718954,0.9445634801167568,0.9411764705882352,0.9312503621022264,-0.0287581699346404,-0.0315526009694443
Amazon-Photo,DiffWire CT,gcn,12362,,0.918954248366013,0.9040432175346054,0.9352941176470588,0.9312075343061792,0.94640522875817,0.937889917332295,0.94640522875817,0.937268228622597,-0.0111111111111111,-0.0060606943164178
Amazon-Photo,DiffWire CT,gcn,12363,,0.9326797385620916,0.9246178039344246,0.918954248366013,0.9057318005760892,0.9437908496732026,0.9405820577767467,0.9444444444444444,0.9338259764613392,-0.0254901960784313,-0.0280941758852499
Amazon-Photo,DiffWire CT,gcn,12364,,0.9254901960784314,0.915063287805852,0.9267973856209152,0.9197103085364456,0.9398692810457516,0.935794137951412,0.9450980392156862,0.944444297861622,-0.0183006535947711,-0.0247339893251764
Amazon-Photo,DiffWire CT,gcn,12365,,0.931372549019608,0.9239219981861438,0.9215686274509804,0.9097503686916952,0.9477124183006536,0.945714022591928,0.9444444444444444,0.9407063018007986,-0.022875816993464,-0.0309559331091033
Amazon-Photo,DiffWire CT,gcn,12366,,0.9254901960784314,0.9141084661255184,0.9130718954248366,0.8937925720197467,0.94640522875817,0.9430165399981558,0.9405228758169936,0.9313781182919106,-0.0274509803921569,-0.0375855462721639
Amazon-Photo,DiffWire CT,gcn,12367,,0.923529411764706,0.9167018915268154,0.923529411764706,0.9119050273094548,0.9418300653594772,0.9388543592100648,0.9437908496732026,0.9396545088465028,-0.0202614379084966,-0.0277494815370481
Amazon-Photo,DiffWire CT,gcn,12368,,0.9274509803921568,0.9147290039425644,0.9392156862745098,0.927690061667233,0.9529411764705882,0.9437748297885504,0.9490196078431372,0.9401151567456496,-0.0098039215686274,-0.0124250950784166
Amazon-Photo,DiffWire CT,gcn,12369,,0.9261437908496732,0.915070694589326,0.9098039215686274,0.8907265090314875,0.94640522875817,0.9371494839521064,0.9366013071895424,0.9246070211492186,-0.0267973856209149,-0.033880512117731
Amazon-Photo,DiffWire CT,gcn,12370,,0.930718954248366,0.922321750824476,0.9117647058823528,0.8971252207366885,0.9562091503267974,0.9509706655430508,0.9398692810457516,0.9271081416426904,-0.0281045751633987,-0.0299829209060018
Amazon-Photo,DiffWire CT,gcn,12371,,0.9339869281045752,0.9205948633819416,0.915686274509804,0.9074858116773163,0.9516339869281044,0.9462072673785076,0.9411764705882352,0.9371616794611876,-0.0254901960784312,-0.0296758677838712
Amazon-Photo,DiffWire CT,gcn,12372,,0.9241830065359478,0.9140006078921028,0.9215686274509804,0.9073331325619594,0.9470588235294116,0.9432989340931532,0.9418300653594772,0.9317526701983224,-0.0202614379084968,-0.024419537636363
Amazon-Photo,DiffWire CT,gcn,12373,,0.9372549019607844,0.927582972232274,0.9281045751633988,0.9143875209340908,0.9477124183006536,0.9428749405256092,0.9529411764705882,0.945240595620374,-0.0248366013071894,-0.0308530746862831
Amazon-Photo,DiffWire CT,gcn,12374,,0.9261437908496732,0.91728856281212,0.9320261437908496,0.922349408218886,0.94640522875817,0.9391201213129814,0.9405228758169936,0.933793563881683,-0.0084967320261438,-0.0114441556627971
Coauthor-CS,SDRF,gcn,12345,0.0,0.9427324788655576,0.9287216511819372,0.9380965366784838,0.924027653483932,0.9427324788655576,0.9284693076999206,0.9380965366784838,0.923921454888294,0.0,0.0001061985956379
Coauthor-CS,SDRF,gcn,12346,0.55,0.9361876193073356,0.9213665085369988,0.937278429233706,0.923161079185862,0.9361876193073356,0.9205764849808656,0.9386419416416688,0.9252399713524256,-0.0013635124079627,-0.0020788921665636
Coauthor-CS,SDRF,gcn,12347,0.0,0.9402781565312244,0.928669289988086,0.9394600490864466,0.920708404971456,0.940550859012817,0.9288218077011378,0.9394600490864466,0.9212512351151024,0.0,-0.0005428301436463
Coauthor-CS,SDRF,gcn,12348,0.4,0.9460049086446688,0.9330549068068248,0.9296427597491136,0.9124070177355456,0.9449140987182983,0.9320036461837924,0.9290973547859286,0.9120931320888398,0.0005454049631851,0.0003138856467058
Coauthor-CS,SDRF,gcn,12349,0.0,0.9432778838287428,0.927984108808087,0.9402781565312244,0.9246273788523176,0.9430051813471504,0.9280695833463558,0.9394600490864466,0.9240333027396196,0.0008181074447778,0.0005940761126981
Coauthor-CS,SDRF,gcn,12350,0.1,0.942459776383965,0.9284908275721068,0.940005454049632,0.9273575992852237,0.9410962639760022,0.9278178293108448,0.9416416689391872,0.928015330060408,-0.0016362148895553,-0.0006577307751843
Coauthor-CS,SDRF,gcn,12351,0.25,0.9435505863103354,0.9310674979026866,0.94191437142078,0.9261508239500948,0.9413689664575948,0.9293083650547056,0.9397327515680391,0.923090972706455,0.0021816198527407,0.0030598512436398
Coauthor-CS,SDRF,gcn,12352,0.0,0.943823288791928,0.9296194131006628,0.940005454049632,0.9262786396261355,0.9427324788655576,0.927828872835713,0.940005454049632,0.925983970456792,-1.1102230246251563e-16,0.0002946691693436
Coauthor-CS,SDRF,gcn,12353,0.0,0.942459776383965,0.9316270460842178,0.9315516771202618,0.919983844807742,0.9432778838287428,0.932523238880636,0.932097082083447,0.9207268560795532,-0.0005454049631852,-0.0007430112718113
Coauthor-CS,SDRF,gcn,12354,0.55,0.9350968093809654,0.9170219705030666,0.9389146441232616,0.9257812909238772,0.9331878920098172,0.915054175353972,0.9337332969730024,0.9171628118654024,0.005181347150259,0.0086184790584749
Coauthor-CS,SDRF,gcn,12355,0.4,0.9364603217889282,0.9212531832278066,0.9359149168257432,0.922760196702617,0.9364603217889282,0.920289967113838,0.9364603217889282,0.9218876357408968,-0.0005454049631851,0.0008725609617201
Coauthor-CS,SDRF,gcn,12356,0.25,0.94191437142078,0.9283377864913924,0.9378238341968912,0.9264299684841916,0.9410962639760022,0.9274368115624448,0.9383692391600764,0.926408429345129,-0.0005454049631852,2.153913906244309e-05
Coauthor-CS,SDRF,gcn,12357,0.55,0.9397327515680391,0.925366012627279,0.9435505863103354,0.9275272954145868,0.940005454049632,0.9253073781986886,0.9454595036814836,0.9288127280729208,-0.0019089173711481,-0.0012854326583341
Coauthor-CS,SDRF,gcn,12358,0.4,0.9364603217889282,0.9195478589813226,0.9380965366784838,0.9228754666035864,0.937278429233706,0.9192647594229136,0.9378238341968912,0.92296021535962,0.0002727024815926,-8.474875603348142e-05
Coauthor-CS,SDRF,gcn,12359,0.25,0.9386419416416688,0.9249858163872896,0.9413689664575948,0.9286627865257816,0.9383692391600764,0.9246695946519488,0.9410962639760022,0.92874405813323,0.0002727024815925,-8.127160744830775e-05
Coauthor-CS,SDRF,gcn,12360,0.1,0.9397327515680391,0.926487028043762,0.940005454049632,0.9295965262784268,0.940005454049632,0.9266500941597856,0.940005454049632,0.9292678424341136,-1.1102230246251563e-16,0.0003286838443132
Coauthor-CS,SDRF,gcn,12361,0.0,0.943823288791928,0.92848562560808,0.935369511862558,0.9222903098621064,0.943823288791928,0.92848562560808,0.935369511862558,0.9222903098621064,-1.1102230246251563e-16,1.1102230246251563e-16
Coauthor-CS,SDRF,gcn,12362,0.0,0.9408235614944096,0.929742979886072,0.9394600490864466,0.9287495385480063,0.940550859012817,0.929189966315896,0.939187346604854,0.9287862624616434,0.0002727024815926,-3.672391363696015e-05
Coauthor-CS,SDRF,gcn,12363,0.4,0.9421870739023726,0.9269633957028242,0.9443686937551132,0.933792616414018,0.94191437142078,0.9263333233103512,0.9449140987182983,0.9351013742463032,-0.0005454049631852,-0.0013087578322851
Coauthor-CS,SDRF,gcn,12364,0.0,0.9340059994545952,0.9177860471829978,0.9386419416416688,0.92562725122847,0.9331878920098172,0.916919299883941,0.9389146441232616,0.9263561141187336,-0.0002727024815927,-0.0007288628902636
Coauthor-CS,SDRF,gcn,12365,0.0,0.9342787019361876,0.9203656261353677,0.9410962639760022,0.9266994842253824,0.9337332969730024,0.9194998844667248,0.9430051813471504,0.9297583663347752,-0.0019089173711481,-0.0030588821093927
Coauthor-CS,SDRF,gcn,12366,0.55,0.9460049086446688,0.9370119732684306,0.9370057267521136,0.9244929308659154,0.9468230160894464,0.9377609139199864,0.9361876193073356,0.9225628791091052,0.0008181074447778,0.0019300517568102
Coauthor-CS,SDRF,gcn,12367,0.55,0.9413689664575948,0.9267943428023538,0.942459776383965,0.9194538985679852,0.9402781565312244,0.925579545233476,0.942459776383965,0.9192813134969224,0.0,0.0001725850710627
Coauthor-CS,SDRF,gcn,12368,0.0,0.9413689664575948,0.9254824160039076,0.940005454049632,0.9208686436806984,0.9413689664575948,0.925409106437188,0.940550859012817,0.921365367201423,-0.0005454049631851,-0.0004967235207247
Coauthor-CS,SDRF,gcn,12369,0.1,0.9440959912735206,0.9298626866762728,0.9367330242705209,0.9180691243341136,0.943823288791928,0.9290841603877475,0.9361876193073356,0.916877365290765,0.0005454049631852,0.0011917590433486
Coauthor-CS,SDRF,gcn,12370,0.25,0.942459776383965,0.9265099054716084,0.9408235614944096,0.924099547062349,0.942459776383965,0.925997743272773,0.940005454049632,0.9231568325291082,0.0008181074447776,0.0009427145332407
Coauthor-CS,SDRF,gcn,12371,0.0,0.9435505863103354,0.9360185055742236,0.9323697845650396,0.9162675135707884,0.9435505863103354,0.935544782144902,0.9337332969730024,0.9166160802537884,-0.0013635124079629,-0.000348566683
Coauthor-CS,SDRF,gcn,12372,0.25,0.940550859012817,0.9250594762672474,0.9337332969730024,0.9158739186184782,0.940005454049632,0.9245770562946076,0.9342787019361876,0.9162968625896456,-0.0005454049631851,-0.0004229439711673
Coauthor-CS,SDRF,gcn,12373,0.55,0.937278429233706,0.9208921918827844,0.9408235614944096,0.9307912511751496,0.9378238341968912,0.920288179169513,0.942459776383965,0.9309562913361282,-0.0016362148895554,-0.0001650401609786
Coauthor-CS,SDRF,gcn,12374,0.55,0.9386419416416688,0.9234613866526148,0.9397327515680391,0.9287385987340312,0.9370057267521136,0.9220379736061478,0.940550859012817,0.9317101123630346,-0.0008181074447777,-0.0029715136290033
Coauthor-CS,SDRF,sage,12345,0.0,0.9533678756476685,0.9368648154006204,0.9443686937551132,0.9306705614169132,0.9530951731660758,0.9357930010271792,0.9454595036814836,0.931377121125852,-0.0010908099263704,-0.0007065597089388
Coauthor-CS,SDRF,sage,12346,0.1,0.9446413962367056,0.9308421165352116,0.9481865284974094,0.9350827448913304,0.9443686937551132,0.929397582500498,0.9473684210526316,0.9343924427465816,0.0008181074447777,0.0006903021447486
Coauthor-CS,SDRF,sage,12347,0.55,0.9498227433869648,0.9375710473812936,0.9462776111262612,0.933679022224076,0.9495500409053722,0.93712967664282,0.947095718571039,0.9348957973586142,-0.0008181074447777,-0.0012167751345382
Coauthor-CS,SDRF,sage,12348,0.25,0.95036814835015,0.9364420965417596,0.9402781565312244,0.9229068535478068,0.9509135533133352,0.9366434529584712,0.9397327515680391,0.9220548867308886,0.0005454049631853,0.000851966816918
Coauthor-CS,SDRF,sage,12349,0.25,0.9465503136078538,0.9317084306195405,0.9465503136078538,0.9329225724341572,0.9465503136078538,0.9313373482183268,0.9468230160894464,0.9345230982199928,-0.0002727024815926,-0.0016005257858356
Coauthor-CS,SDRF,sage,12350,0.1,0.95036814835015,0.9353581887000432,0.948459230979002,0.9330290360260484,0.9492773384237796,0.9350652677997884,0.947641123534224,0.9306259322959504,0.0008181074447778,0.0024031037300981
Coauthor-CS,SDRF,sage,12351,0.55,0.9520043632397056,0.940538489681878,0.947641123534224,0.93411733123303,0.952277065721298,0.940172747702785,0.9495500409053722,0.9340910824768875,-0.001908917371148,2.624875614254396e-05
Coauthor-CS,SDRF,sage,12352,0.25,0.947641123534224,0.9334285326426518,0.9490046359421872,0.9364638098132658,0.9481865284974094,0.9330090025456704,0.9490046359421872,0.9355205522484604,-1.1102230246251563e-16,0.0009432575648053
Coauthor-CS,SDRF,sage,12353,0.0,0.9539132806108536,0.940460495549618,0.943823288791928,0.9318949772312518,0.9533678756476685,0.9403637678455002,0.9440959912735206,0.931929693073774,-0.0002727024815926,-3.471584252223714e-05
Coauthor-CS,SDRF,sage,12354,0.1,0.9465503136078538,0.928101397823626,0.9490046359421872,0.9344111973507706,0.9454595036814836,0.9269290040723632,0.9498227433869648,0.9344492951588672,-0.0008181074447777,-3.8097808096604346e-05
Coauthor-CS,SDRF,sage,12355,0.25,0.9481865284974094,0.9312379330470943,0.9402781565312244,0.9273724724856556,0.945732206163076,0.9293503612524728,0.940550859012817,0.9264698017533414,-0.0002727024815925,0.000902670732314
Coauthor-CS,SDRF,sage,12356,0.1,0.9492773384237796,0.9328212691136244,0.9495500409053722,0.9357073199211856,0.9500954458685574,0.9333036955063764,0.9490046359421872,0.934627955693564,0.000545404963185,0.0010793642276216
Coauthor-CS,SDRF,sage,12357,0.0,0.9495500409053722,0.9372707251158006,0.9498227433869648,0.9347097090956834,0.9495500409053722,0.9361975914511144,0.95036814835015,0.9350134926822168,-0.0005454049631852,-0.0003037835865333
Coauthor-CS,SDRF,sage,12358,0.4,0.9421870739023726,0.9259947266629218,0.9495500409053722,0.9378171931532588,0.9430051813471504,0.9257235949568926,0.9498227433869648,0.937718762957798,-0.0002727024815926,9.84301954607414e-05
Coauthor-CS,SDRF,sage,12359,0.1,0.9490046359421872,0.9373850492612628,0.9460049086446688,0.9342699197114176,0.9479138260158168,0.9363891458056326,0.9440959912735206,0.9298173896605586,0.001908917371148,0.0044525300508588
Coauthor-CS,SDRF,sage,12360,0.1,0.9517316607581128,0.9394641243478532,0.9454595036814836,0.9323915338651028,0.9520043632397056,0.9402679038631386,0.9473684210526316,0.9343764017727404,-0.0019089173711481,-0.0019848679076377
Coauthor-CS,SDRF,sage,12361,0.0,0.953640578129261,0.9373322620140454,0.942459776383965,0.9275213646780294,0.9539132806108536,0.9376350226365412,0.942459776383965,0.9275213646780294,0.0,0.0
Coauthor-CS,SDRF,sage,12362,0.1,0.9481865284974094,0.9352350855664366,0.9435505863103354,0.9319779077283574,0.9481865284974094,0.9345481675447168,0.9430051813471504,0.9316238009566096,0.000545404963185,0.0003541067717478
Coauthor-CS,SDRF,sage,12363,0.1,0.9487319334605944,0.933486380374589,0.9495500409053722,0.940476987458374,0.948459230979002,0.933202587726386,0.95036814835015,0.9414277269841314,-0.0008181074447778,-0.0009507395257574
Coauthor-CS,SDRF,sage,12364,0.0,0.9440959912735206,0.9315655758872088,0.947095718571039,0.9333668779914848,0.9435505863103354,0.9305549526376384,0.947095718571039,0.9333649318177236,0.0,1.946173761258052e-06
Coauthor-CS,SDRF,sage,12365,0.55,0.9446413962367056,0.9326743005789684,0.948459230979002,0.937319901599834,0.9454595036814836,0.9326412074648648,0.947095718571039,0.9350451404779404,0.0013635124079628,0.0022747611218935
Coauthor-CS,SDRF,sage,12366,0.4,0.9528224706844832,0.9429051022098413,0.9435505863103354,0.930261331217208,0.9533678756476685,0.9426144888857444,0.9446413962367056,0.9302046103679794,-0.0010908099263702,5.672084922847542e-05
Coauthor-CS,SDRF,sage,12367,0.0,0.9487319334605944,0.9358483531467644,0.947641123534224,0.9251276311763084,0.9490046359421872,0.9360063381219358,0.9495500409053722,0.9269367995423732,-0.001908917371148,-0.0018091683660647
Coauthor-CS,SDRF,sage,12368,0.0,0.9479138260158168,0.9345642442623512,0.9468230160894464,0.927728049287175,0.947095718571039,0.9337303239930512,0.9460049086446688,0.926913164633654,0.0008181074447776,0.0008148846535209
Coauthor-CS,SDRF,sage,12369,0.55,0.953640578129261,0.9395002329773952,0.9408235614944096,0.921738973718418,0.953640578129261,0.9391021054306172,0.9413689664575948,0.921741866365554,-0.0005454049631852,-2.892647135932513e-06
Coauthor-CS,SDRF,sage,12370,0.1,0.9490046359421872,0.9295805832874976,0.9495500409053722,0.9355425265096712,0.9487319334605944,0.9286681728080024,0.9500954458685574,0.936564457596432,-0.0005454049631852,-0.0010219310867609
Coauthor-CS,SDRF,sage,12371,0.4,0.95036814835015,0.942075247813033,0.9465503136078538,0.9272665017743396,0.9487319334605944,0.9411433811915858,0.9443686937551132,0.9219239428790866,0.0021816198527405,0.005342558895253
Coauthor-CS,SDRF,sage,12372,0.4,0.95036814835015,0.9386321458276434,0.9408235614944096,0.9211045924512048,0.9490046359421872,0.9370031114432849,0.942459776383965,0.9222193998923276,-0.0016362148895554,-0.0011148074411229
Coauthor-CS,SDRF,sage,12373,0.25,0.9416416689391872,0.925813098031514,0.9511862557949278,0.941587065958117,0.94191437142078,0.9250531621165554,0.9511862557949278,0.9426192698356072,0.0,-0.0010322038774901
Coauthor-CS,SDRF,sage,12374,0.0,0.9446413962367056,0.932093673198173,0.9492773384237796,0.9395663509739944,0.9449140987182983,0.9322166793322044,0.9473684210526316,0.9378397650499573,0.001908917371148,0.0017265859240371
Coauthor-CS,SDRF,gat,12345,0.4,0.9370057267521136,0.915714892498128,0.926915734933188,0.9101812535392736,0.9367330242705209,0.914085608703403,0.9266430324515952,0.9104647123235377,0.0002727024815927,-0.000283458784264
Coauthor-CS,SDRF,gat,12346,0.1,0.9310062721570768,0.9162022920369858,0.9299154622307064,0.9154559741953172,0.9304608671938914,0.9157004407256012,0.930733569675484,0.9162138979140676,-0.0008181074447777,-0.0007579237187502
Coauthor-CS,SDRF,gat,12347,0.1,0.9342787019361876,0.9255642515053152,0.9290973547859286,0.9132293402452348,0.9337332969730024,0.9243845876851182,0.9282792473411507,0.9129007259683284,0.0008181074447778,0.0003286142769064
Coauthor-CS,SDRF,gat,12348,0.4,0.9378238341968912,0.9234978108965384,0.9225524952277064,0.9054597602410775,0.9378238341968912,0.922627698100648,0.9214616853013362,0.9033321842852908,0.0010908099263703,0.0021275759557867
Coauthor-CS,SDRF,gat,12349,0.1,0.9367330242705209,0.9232222058412216,0.9331878920098172,0.9191762938019512,0.9367330242705209,0.922934644690621,0.932642487046632,0.9187455864733456,0.0005454049631853,0.0004307073286055
Coauthor-CS,SDRF,gat,12350,0.1,0.9323697845650396,0.9196345773479496,0.9350968093809654,0.9241688091887698,0.9334605944914098,0.9176413200713768,0.9356422143441504,0.9236368638105608,-0.000545404963185,0.0005319453782089
Coauthor-CS,SDRF,gat,12351,0.0,0.9364603217889282,0.920053330704515,0.9329151895282248,0.9150027369709264,0.9364603217889282,0.9212785821111176,0.9331878920098172,0.9153768637610264,-0.0002727024815925,-0.0003741267901
Coauthor-CS,SDRF,gat,12352,0.4,0.9359149168257432,0.923170850896256,0.9348241068993728,0.92083711321271,0.9364603217889282,0.9222104231206496,0.9345514044177802,0.9206838010853928,0.0002727024815926,0.0001533121273172
Coauthor-CS,SDRF,gat,12353,0.0,0.9329151895282248,0.9196828508463772,0.9271884374147804,0.9134843729207662,0.9340059994545952,0.9201430732842436,0.9260976274884102,0.9130169027803288,0.0010908099263703,0.0004674701404374
Coauthor-CS,SDRF,gat,12354,0.55,0.9315516771202618,0.9123751297898424,0.9348241068993728,0.9179824621301236,0.9293700572675212,0.9106755750711172,0.9356422143441504,0.9188299749627908,-0.0008181074447776,-0.0008475128326673
Coauthor-CS,SDRF,gat,12355,0.1,0.9304608671938914,0.9143703211924348,0.9285519498227434,0.9137253170132456,0.9296427597491136,0.9132306026313288,0.9282792473411507,0.9138863819843636,0.0002727024815926,-0.0001610649711178
Coauthor-CS,SDRF,gat,12356,0.1,0.9370057267521136,0.9252902655797643,0.9359149168257432,0.9240625559509114,0.937278429233706,0.924686645016456,0.9367330242705209,0.9252946093481196,-0.0008181074447777,-0.0012320533972082
Coauthor-CS,SDRF,gat,12357,0.0,0.9312789746386692,0.9196776677999808,0.9397327515680391,0.921543903258865,0.9315516771202618,0.919768978069656,0.9389146441232616,0.9183503427240626,0.0008181074447776,0.0031935605348024
Coauthor-CS,SDRF,gat,12358,0.55,0.9337332969730024,0.9152625303783772,0.9299154622307064,0.9132679715426542,0.932097082083447,0.9142058383439372,0.9280065448595582,0.9126234442692616,0.001908917371148,0.0006445272733925
Coauthor-CS,SDRF,gat,12359,0.0,0.9323697845650396,0.91807371975084,0.9329151895282248,0.9151297634529044,0.9337332969730024,0.9187062808224996,0.9337332969730024,0.9168764791997835,-0.0008181074447777,-0.001746715746879
Coauthor-CS,SDRF,gat,12360,0.0,0.9334605944914098,0.9182646619771806,0.932642487046632,0.918203719201502,0.9334605944914098,0.9176633637348404,0.9323697845650396,0.9188189518276856,0.0002727024815925,-0.0006152326261834
Coauthor-CS,SDRF,gat,12361,0.55,0.9378238341968912,0.9200435517214968,0.9258249250068176,0.9111276890463492,0.9361876193073356,0.9180570953912928,0.9263703299700028,0.9114111790861212,-0.0005454049631852,-0.000283490039772
Coauthor-CS,SDRF,gat,12362,0.25,0.9304608671938914,0.9174248206866416,0.9290973547859286,0.9138248474873236,0.9310062721570768,0.9164515646413224,0.9260976274884102,0.910353639412368,0.0029997272975184,0.0034712080749557
Coauthor-CS,SDRF,gat,12363,0.25,0.9361876193073356,0.9228076581989576,0.9367330242705209,0.9259709451557988,0.9350968093809654,0.9204342439184456,0.9383692391600764,0.928071504775918,-0.0016362148895555,-0.0021005596201192
Coauthor-CS,SDRF,gat,12364,0.4,0.9318243796018544,0.917428573762471,0.9293700572675212,0.9117267831868044,0.9318243796018544,0.9167181326429144,0.9299154622307064,0.9124311978098226,-0.0005454049631853,-0.0007044146230181
Coauthor-CS,SDRF,gat,12365,0.0,0.9334605944914098,0.9202134118751548,0.9334605944914098,0.9155881165672094,0.932642487046632,0.9195195723783646,0.9337332969730024,0.9159681172774669,-0.0002727024815926,-0.0003800007102574
Coauthor-CS,SDRF,gat,12366,0.1,0.9383692391600764,0.930047223322838,0.9312789746386692,0.919107447576316,0.9386419416416688,0.9302777505541948,0.9315516771202618,0.9195194779177672,-0.0002727024815925,-0.0004120303414512
Coauthor-CS,SDRF,gat,12367,0.4,0.9293700572675212,0.9170829402525372,0.9318243796018544,0.9091956417266848,0.9299154622307064,0.915937160947756,0.9361876193073356,0.9129127733920638,-0.0043632397054812,-0.0037171316653789
Coauthor-CS,SDRF,gat,12368,0.0,0.9364603217889282,0.9212275452195812,0.9304608671938914,0.9077881927187548,0.9364603217889282,0.92115723521481,0.930733569675484,0.9104503638546884,-0.0002727024815926,-0.0026621711359336
Coauthor-CS,SDRF,gat,12369,0.1,0.9394600490864466,0.9233395681123908,0.932097082083447,0.9151431315831738,0.939187346604854,0.9229950489190836,0.932642487046632,0.9158708549315542,-0.000545404963185,-0.0007277233483803
Coauthor-CS,SDRF,gat,12370,0.1,0.9342787019361876,0.9163228798162084,0.9370057267521136,0.9249755461489836,0.9334605944914098,0.9158463966688548,0.9370057267521136,0.9245581032532948,-1.1102230246251563e-16,0.0004174428956886
Coauthor-CS,SDRF,gat,12371,0.25,0.9378238341968912,0.9300746645847788,0.9301881647122988,0.9133165592906736,0.9380965366784838,0.9292781183286606,0.930733569675484,0.9127029165359068,-0.0005454049631851,0.0006136427547667
Coauthor-CS,SDRF,gat,12372,0.0,0.935369511862558,0.9192394964759278,0.927461139896373,0.9132710950803806,0.9348241068993728,0.9186359273026422,0.928824652304336,0.9142570058294972,-0.0013635124079629,-0.0009859107491165
Coauthor-CS,SDRF,gat,12373,0.25,0.9277338423779656,0.912445419189808,0.932097082083447,0.9195270653587524,0.9277338423779656,0.911472906374175,0.9334605944914098,0.9208181631148012,-0.0013635124079628,-0.0012910977560487
Coauthor-CS,SDRF,gat,12374,0.1,0.9310062721570768,0.9150431660516622,0.9337332969730024,0.9237691611911854,0.9318243796018544,0.915479052544789,0.9350968093809654,0.9249294551298848,-0.0013635124079629,-0.0011602939386994
Coauthor-CS,DiffWire CT,gcn,12345,,0.9135533133351512,0.8928719010776668,0.9089173711480776,0.8910936238090613,0.9427324788655576,0.9284693076999206,0.9380965366784838,0.923921454888294,-0.0291791655304063,-0.0328278310792327
Coauthor-CS,DiffWire CT,gcn,12346,,0.9089173711480776,0.887512396454614,0.9162803381510772,0.899578358936914,0.9361876193073356,0.9205764849808656,0.9386419416416688,0.9252399713524256,-0.0223616034905916,-0.0256616124155116
Coauthor-CS,DiffWire CT,gcn,12347,,0.9135533133351512,0.8910779961001634,0.9154622307062994,0.8898525689631588,0.940550859012817,0.9288218077011378,0.9394600490864466,0.9212512351151024,-0.0239978183801472,-0.0313986661519436
Coauthor-CS,DiffWire CT,gcn,12348,,0.90919007362967,0.8925524701584836,0.9034633215162258,0.881981179850334,0.9449140987182983,0.9320036461837924,0.9290973547859286,0.9120931320888398,-0.0256340332697028,-0.0301119522385058
Coauthor-CS,DiffWire CT,gcn,12349,,0.9181892555222252,0.8957593395474118,0.9089173711480776,0.8855060685813333,0.9430051813471504,0.9280695833463558,0.9394600490864466,0.9240333027396196,-0.0305426779383691,-0.0385272341582862
Coauthor-CS,DiffWire CT,gcn,12350,,0.9135533133351512,0.8959407482618632,0.907281156258522,0.8878164655220566,0.9410962639760022,0.9278178293108448,0.9416416689391872,0.928015330060408,-0.0343605126806653,-0.0401988645383514
Coauthor-CS,DiffWire CT,gcn,12351,,0.9154622307062994,0.895888213145187,0.9165530406326696,0.8981753665078952,0.9413689664575948,0.9293083650547056,0.9397327515680391,0.923090972706455,-0.0231797109353694,-0.0249156061985598
Coauthor-CS,DiffWire CT,gcn,12352,,0.9179165530406328,0.8972333829669284,0.9116443959640032,0.8913956532479623,0.9427324788655576,0.927828872835713,0.940005454049632,0.925983970456792,-0.0283610580856287,-0.0345883172088297
Coauthor-CS,DiffWire CT,gcn,12353,,0.9127352058903736,0.8977611883057377,0.9121898009271884,0.8906736724301111,0.9432778838287428,0.932523238880636,0.932097082083447,0.9207268560795532,-0.0199072811562585,-0.030053183649442
Coauthor-CS,DiffWire CT,gcn,12354,,0.9149168257431144,0.8904608401741534,0.9173711480774476,0.8936614525244806,0.9331878920098172,0.915054175353972,0.9337332969730024,0.9171628118654024,-0.0163621488955549,-0.0235013593409217
Coauthor-CS,DiffWire CT,gcn,12355,,0.911098991000818,0.8893263037488539,0.913826015816744,0.8949406332322748,0.9364603217889282,0.920289967113838,0.9364603217889282,0.9218876357408968,-0.0226343059721843,-0.026947002508622
Coauthor-CS,DiffWire CT,gcn,12356,,0.9127352058903736,0.8945006046104325,0.9225524952277064,0.9087121858296804,0.9410962639760022,0.9274368115624448,0.9383692391600764,0.926408429345129,-0.0158167439323698,-0.0176962435154486
Coauthor-CS,DiffWire CT,gcn,12357,,0.9105535860376328,0.8876064359204439,0.9121898009271884,0.8931624386193627,0.940005454049632,0.9253073781986886,0.9454595036814836,0.9288127280729208,-0.033269702754295,-0.035650289453558
Coauthor-CS,DiffWire CT,gcn,12358,,0.9083719661848922,0.8832961035223542,0.9143714207799292,0.8959806471583863,0.937278429233706,0.9192647594229136,0.9378238341968912,0.92296021535962,-0.0234524134169621,-0.0269795682012337
Coauthor-CS,DiffWire CT,gcn,12359,,0.9149168257431144,0.8979564523121952,0.9160076356694846,0.8968652936810336,0.9383692391600764,0.9246695946519488,0.9410962639760022,0.92874405813323,-0.0250886283065175,-0.0318787644521963
Coauthor-CS,DiffWire CT,gcn,12360,,0.9149168257431144,0.8960348415844381,0.9116443959640032,0.8931394815711425,0.940005454049632,0.9266500941597856,0.940005454049632,0.9292678424341136,-0.0283610580856287,-0.0361283608629711
Coauthor-CS,DiffWire CT,gcn,12361,,0.9187346604854104,0.899951849671273,0.9067357512953368,0.8916994931820478,0.943823288791928,0.92848562560808,0.935369511862558,0.9222903098621064,-0.0286337605672212,-0.0305908166800585
Coauthor-CS,DiffWire CT,gcn,12362,,0.917098445595855,0.8999343720327241,0.9143714207799292,0.902044979944682,0.940550859012817,0.929189966315896,0.939187346604854,0.9287862624616434,-0.0248159258249249,-0.0267412825169612
Coauthor-CS,DiffWire CT,gcn,12363,,0.9130079083719662,0.8932599827990605,0.913826015816744,0.8958980711548395,0.94191437142078,0.9263333233103512,0.9449140987182983,0.9351013742463032,-0.0310880829015544,-0.0392033030914636
Coauthor-CS,DiffWire CT,gcn,12364,,0.9097354785928552,0.890136234611422,0.9151895282247068,0.8932434040153565,0.9331878920098172,0.916919299883941,0.9389146441232616,0.9263561141187336,-0.0237251158985547,-0.0331127101033771
Coauthor-CS,DiffWire CT,gcn,12365,,0.9121898009271884,0.894316173896865,0.9211889828197436,0.904518098392359,0.9337332969730024,0.9194998844667248,0.9430051813471504,0.9297583663347752,-0.0218161985274066,-0.0252402679424161
Coauthor-CS,DiffWire CT,gcn,12366,,0.9149168257431144,0.9008909744747438,0.9086446686664847,0.8889803924223073,0.9468230160894464,0.9377609139199864,0.9361876193073356,0.9225628791091052,-0.0275429506408507,-0.0335824866867978
Coauthor-CS,DiffWire CT,gcn,12367,,0.9132806108535588,0.8924672145089565,0.9127352058903736,0.8858476475333652,0.9402781565312244,0.925579545233476,0.942459776383965,0.9192813134969224,-0.0297245704935914,-0.0334336659635572
Coauthor-CS,DiffWire CT,gcn,12368,,0.911098991000818,0.8911755487660694,0.9149168257431144,0.891803350336265,0.9413689664575948,0.925409106437188,0.940550859012817,0.921365367201423,-0.0256340332697027,-0.029562016865158
Coauthor-CS,DiffWire CT,gcn,12369,,0.917098445595855,0.8961731799104787,0.9187346604854104,0.9000904942541411,0.943823288791928,0.9290841603877475,0.9361876193073356,0.916877365290765,-0.0174529588219252,-0.0167868710366239
Coauthor-CS,DiffWire CT,gcn,12370,,0.9154622307062994,0.8907417024413403,0.9140987182983366,0.8943979288002807,0.942459776383965,0.925997743272773,0.940005454049632,0.9231568325291082,-0.0259067357512954,-0.0287589037288275
Coauthor-CS,DiffWire CT,gcn,12371,,0.9181892555222252,0.9048035861556628,0.9130079083719662,0.8907359111442212,0.9435505863103354,0.935544782144902,0.9337332969730024,0.9166160802537884,-0.0207253886010362,-0.0258801691095671
Coauthor-CS,DiffWire CT,gcn,12372,,0.9154622307062994,0.8998453715383822,0.9130079083719662,0.8948386039812468,0.940005454049632,0.9245770562946076,0.9342787019361876,0.9162968625896456,-0.0212707935642213,-0.0214582586083987
Coauthor-CS,DiffWire CT,gcn,12373,,0.9143714207799292,0.8923620690417096,0.9160076356694846,0.9023224535910496,0.9378238341968912,0.920288179169513,0.942459776383965,0.9309562913361282,-0.0264521407144804,-0.0286338377450785
Coauthor-CS,DiffWire CT,gcn,12374,,0.9064630488137442,0.8887981636596117,0.9127352058903736,0.8959669102756356,0.9370057267521136,0.9220379736061478,0.940550859012817,0.9317101123630346,-0.0278156531224433,-0.035743202087399
Cora,SDRF,gcn,12345,0.0,0.8763837638376384,0.8654968509371529,0.8523985239852399,0.8549635540241471,0.8763837638376384,0.8654968509371529,0.8523985239852399,0.8549635540241471,0.0,0.0
Cora,SDRF,gcn,12346,0.0,0.8708487084870848,0.8680377654404813,0.8542435424354243,0.8396545598625513,0.8708487084870848,0.8680377654404813,0.8542435424354243,0.8396545598625513,0.0,0.0
Cora,SDRF,gcn,12347,0.0,0.8800738007380073,0.8710024213930765,0.8929889298892989,0.8823900746936049,0.8800738007380073,0.8710024213930765,0.8929889298892989,0.8823900746936049,0.0,0.0
Cora,SDRF,gcn,12348,0.0,0.8745387453874539,0.8645503241686899,0.8763837638376384,0.8648756389615136,0.8745387453874539,0.8645503241686899,0.8763837638376384,0.8648756389615136,0.0,0.0
Cora,SDRF,gcn,12349,0.0,0.8653136531365314,0.8578927910631419,0.8837638376383764,0.8678261898437818,0.8653136531365314,0.8578927910631419,0.8837638376383764,0.8678261898437818,0.0,0.0
Cora,SDRF,gcn,12350,0.0,0.8690036900369004,0.8528619812175284,0.8966789667896679,0.8966557159453579,0.8690036900369004,0.8528619812175284,0.8966789667896679,0.8966557159453579,0.0,0.0
Cora,SDRF,gcn,12351,0.0,0.8763837638376384,0.8701672490876821,0.8800738007380073,0.87483021250739,0.8763837638376384,0.8701672490876821,0.8800738007380073,0.87483021250739,0.0,0.0
Cora,SDRF,gcn,12352,0.0,0.8837638376383764,0.8734996103919358,0.8690036900369004,0.8513164105479623,0.8837638376383764,0.8734996103919358,0.8690036900369004,0.8513164105479623,0.0,0.0
Cora,SDRF,gcn,12353,0.0,0.8800738007380073,0.8848979608549159,0.8874538745387454,0.8722392479523654,0.8800738007380073,0.8848979608549159,0.8874538745387454,0.8722392479523654,0.0,0.0
Cora,SDRF,gcn,12354,0.0,0.8394833948339483,0.8231405177167169,0.8708487084870848,0.857579354508554,0.8394833948339483,0.8231405177167169,0.8708487084870848,0.857579354508554,0.0,0.0
Cora,SDRF,gcn,12355,0.0,0.8726937269372693,0.8623703390566193,0.8892988929889298,0.8786915531795036,0.8726937269372693,0.8623703390566193,0.8892988929889298,0.8786915531795036,0.0,0.0
Cora,SDRF,gcn,12356,0.0,0.8782287822878229,0.8720288055329394,0.8653136531365314,0.8625116270285016,0.8782287822878229,0.8720288055329394,0.8653136531365314,0.8625116270285016,0.0,0.0
Cora,SDRF,gcn,12357,0.0,0.8690036900369004,0.8638101243159609,0.8763837638376384,0.8659107384406991,0.8690036900369004,0.8638101243159609,0.8763837638376384,0.8659107384406991,0.0,0.0
Cora,SDRF,gcn,12358,0.4,0.8800738007380073,0.870354751587459,0.8394833948339483,0.8049147071822313,0.8800738007380073,0.8635846061229768,0.8542435424354243,0.8255676675979029,-0.014760147601476,-0.0206529604156715
Cora,SDRF,gcn,12359,0.0,0.8892988929889298,0.8903396149238435,0.8634686346863468,0.855831773322903,0.8892988929889298,0.8903396149238435,0.8634686346863468,0.855831773322903,0.0,0.0
Cora,SDRF,gcn,12360,0.0,0.8856088560885609,0.8770351296213365,0.8708487084870848,0.8587978448746106,0.8856088560885609,0.8770351296213365,0.8708487084870848,0.8587978448746106,0.0,0.0
Cora,SDRF,gcn,12361,0.0,0.8690036900369004,0.85987326746183,0.8671586715867159,0.8506795679209131,0.8690036900369004,0.85987326746183,0.8671586715867159,0.8506795679209131,0.0,0.0
Cora,SDRF,gcn,12362,0.0,0.8892988929889298,0.8838797017619747,0.8819188191881919,0.8725395960636245,0.8892988929889298,0.8838797017619747,0.8819188191881919,0.8725395960636245,0.0,0.0
Cora,SDRF,gcn,12363,0.0,0.8800738007380073,0.8730870927807738,0.8579335793357934,0.8430362997489468,0.8800738007380073,0.8730870927807738,0.8579335793357934,0.8430362997489468,0.0,0.0
Cora,SDRF,gcn,12364,0.0,0.8690036900369004,0.8591310419827278,0.8671586715867159,0.8456769145194902,0.8690036900369004,0.8591310419827278,0.8671586715867159,0.8456769145194902,0.0,0.0
Cora,SDRF,gcn,12365,0.0,0.8763837638376384,0.8650829721915922,0.8837638376383764,0.876997250792043,0.8763837638376384,0.8650829721915922,0.8837638376383764,0.876997250792043,0.0,0.0
Cora,SDRF,gcn,12366,0.0,0.8874538745387454,0.8822366083500783,0.8653136531365314,0.85207503455976,0.8874538745387454,0.8822366083500783,0.8653136531365314,0.85207503455976,0.0,0.0
Cora,SDRF,gcn,12367,0.0,0.8653136531365314,0.8582489238950364,0.8745387453874539,0.8618044538883444,0.8653136531365314,0.8582489238950364,0.8745387453874539,0.8618044538883444,0.0,0.0
Cora,SDRF,gcn,12368,0.0,0.8763837638376384,0.8704547140149087,0.8634686346863468,0.8588408743017106,0.8763837638376384,0.8704547140149087,0.8634686346863468,0.8588408743017106,0.0,0.0
Cora,SDRF,gcn,12369,0.1,0.8874538745387454,0.8792121756550745,0.8634686346863468,0.8398032930083975,0.8856088560885609,0.8765609201731246,0.8671586715867159,0.8453778668253883,-0.003690036900369,-0.0055745738169907
Cora,SDRF,gcn,12370,0.0,0.8726937269372693,0.8657865691952725,0.8782287822878229,0.8657887414780242,0.8726937269372693,0.8657865691952725,0.8782287822878229,0.8657887414780242,0.0,0.0
Cora,SDRF,gcn,12371,0.55,0.8837638376383764,0.873669169057985,0.8856088560885609,0.8710068423104621,0.8800738007380073,0.870797120157653,0.8874538745387454,0.8727300980254457,-0.0018450184501844,-0.0017232557149835
Cora,SDRF,gcn,12372,0.0,0.8782287822878229,0.8685481879289311,0.8911439114391144,0.8872819762826784,0.8782287822878229,0.8685481879289311,0.8911439114391144,0.8872819762826784,0.0,0.0
Cora,SDRF,gcn,12373,0.0,0.8911439114391144,0.8865123588666229,0.8579335793357934,0.8483636419417772,0.8911439114391144,0.8865123588666229,0.8579335793357934,0.8483636419417772,0.0,0.0
Cora,SDRF,gcn,12374,0.0,0.8929889298892989,0.8854610340209238,0.8929889298892989,0.8835967993026406,0.8929889298892989,0.8854610340209238,0.8929889298892989,0.8835967993026406,0.0,0.0
Cora,SDRF,sage,12345,0.0,0.8726937269372693,0.8618366130994225,0.8523985239852399,0.8489298533263752,0.8745387453874539,0.8633936584640607,0.8523985239852399,0.8499163506443358,0.0,-0.0009864973179606
Cora,SDRF,sage,12346,0.0,0.8634686346863468,0.8574548980633904,0.8708487084870848,0.8603204981626155,0.8634686346863468,0.8574548980633904,0.8708487084870848,0.8603204981626155,0.0,0.0
Cora,SDRF,sage,12347,0.55,0.8745387453874539,0.8651157942620279,0.8874538745387454,0.875470863199333,0.8708487084870848,0.8596054597181355,0.8874538745387454,0.8780585819222227,0.0,-0.0025877187228897
Cora,SDRF,sage,12348,0.0,0.8708487084870848,0.8574139316528163,0.8911439114391144,0.8755793327922113,0.8708487084870848,0.8574139316528163,0.8911439114391144,0.8755793327922113,0.0,0.0
Cora,SDRF,sage,12349,0.0,0.8690036900369004,0.8612997223060818,0.8856088560885609,0.8746679763067116,0.8690036900369004,0.8616050484995944,0.8874538745387454,0.8758327798860124,-0.0018450184501844,-0.0011648035793008
Cora,SDRF,sage,12350,0.0,0.8782287822878229,0.8661348455850005,0.8763837638376384,0.8614979960299799,0.8782287822878229,0.8661348455850005,0.8763837638376384,0.8614979960299799,0.0,0.0
Cora,SDRF,sage,12351,0.0,0.8782287822878229,0.8682145735501378,0.8579335793357934,0.8447419818647932,0.8782287822878229,0.8682145735501378,0.8579335793357934,0.8447419818647932,0.0,0.0
Cora,SDRF,sage,12352,0.0,0.8763837638376384,0.8678711548379271,0.8653136531365314,0.8494373965571488,0.8763837638376384,0.8678711548379271,0.8653136531365314,0.8494373965571488,0.0,0.0
Cora,SDRF,sage,12353,0.1,0.8708487084870848,0.8742143561006117,0.8690036900369004,0.8581280093586852,0.8763837638376384,0.8740037289888537,0.8874538745387454,0.875857903861575,-0.0184501845018449,-0.0177298945028898
Cora,SDRF,sage,12354,0.0,0.8339483394833949,0.8178168230481379,0.8616236162361623,0.8533024493104948,0.8339483394833949,0.8183804440822902,0.8616236162361623,0.8532595754485841,0.0,4.28738619107083e-05
Cora,SDRF,sage,12355,0.0,0.8634686346863468,0.8534986014170247,0.8856088560885609,0.8741552171926511,0.8634686346863468,0.8534986014170247,0.8856088560885609,0.8741552171926511,0.0,0.0
Cora,SDRF,sage,12356,0.0,0.8892988929889298,0.8801463547904687,0.8856088560885609,0.8855745059521674,0.8892988929889298,0.8801463547904687,0.8856088560885609,0.8855745059521674,0.0,0.0
Cora,SDRF,sage,12357,0.0,0.8726937269372693,0.8651329762726433,0.8745387453874539,0.8628381461505074,0.8726937269372693,0.8651329762726433,0.8745387453874539,0.8628381461505074,0.0,0.0
Cora,SDRF,sage,12358,0.55,0.8542435424354243,0.8455002593153976,0.8321033210332104,0.8001157492395119,0.8542435424354243,0.8450486495759576,0.8357933579335793,0.810889748621915,-0.0036900369003689,-0.010773999382403
Cora,SDRF,sage,12359,0.0,0.8763837638376384,0.8700542625591784,0.8653136531365314,0.8479833236016932,0.8763837638376384,0.8700542625591784,0.8653136531365314,0.8479833236016932,0.0,0.0
Cora,SDRF,sage,12360,0.0,0.8856088560885609,0.8744259685358016,0.8634686346863468,0.8503428480606369,0.8856088560885609,0.8744259685358016,0.8634686346863468,0.8503428480606369,0.0,0.0
Cora,SDRF,sage,12361,0.1,0.8653136531365314,0.8591663298751157,0.8450184501845018,0.8299987170061384,0.8653136531365314,0.8583129552320982,0.8431734317343174,0.8247393207350725,0.0018450184501844,0.0052593962710658
Cora,SDRF,sage,12362,0.1,0.8948339483394834,0.8854469373426743,0.8579335793357934,0.8343233488081998,0.8948339483394834,0.8847196302135164,0.8763837638376384,0.8669596850081671,-0.0184501845018449,-0.0326363361999673
Cora,SDRF,sage,12363,0.0,0.8763837638376384,0.8655618558139008,0.8634686346863468,0.8466466883509877,0.8763837638376384,0.8655618558139008,0.8634686346863468,0.8466466883509877,0.0,0.0
Cora,SDRF,sage,12364,0.25,0.8726937269372693,0.8632498961694254,0.8616236162361623,0.8359162485640826,0.8671586715867159,0.8586806896473692,0.8597785977859779,0.839518328946541,0.0018450184501844,-0.0036020803824583
Cora,SDRF,sage,12365,0.0,0.8634686346863468,0.8522288480957168,0.8745387453874539,0.8648231679140114,0.8634686346863468,0.8522288480957168,0.8745387453874539,0.8648231679140114,0.0,0.0
Cora,SDRF,sage,12366,0.0,0.8874538745387454,0.8787253253906806,0.8690036900369004,0.8573819734377947,0.8874538745387454,0.8787253253906806,0.8690036900369004,0.8573819734377947,0.0,0.0
Cora,SDRF,sage,12367,0.0,0.8690036900369004,0.8654968240800942,0.8745387453874539,0.8626494875711626,0.8690036900369004,0.8654968240800942,0.8745387453874539,0.8626494875711626,0.0,0.0
Cora,SDRF,sage,12368,0.4,0.8800738007380073,0.871647607497478,0.8468634686346863,0.8376356770481669,0.8800738007380073,0.8705012963257336,0.8634686346863468,0.8604743755334866,-0.0166051660516605,-0.0228386984853197
Cora,SDRF,sage,12369,0.0,0.8800738007380073,0.8676906722627784,0.8653136531365314,0.8448453301889975,0.8800738007380073,0.8676906722627784,0.8653136531365314,0.8448453301889975,0.0,0.0
Cora,SDRF,sage,12370,0.0,0.8782287822878229,0.8714663354970955,0.8800738007380073,0.8709683885443581,0.8782287822878229,0.8714663354970955,0.8800738007380073,0.8709683885443581,0.0,0.0
Cora,SDRF,sage,12371,0.1,0.8653136531365314,0.8480166008414484,0.8782287822878229,0.8665357847426843,0.8653136531365314,0.8479736881876564,0.8819188191881919,0.8676397979365593,-0.003690036900369,-0.0011040131938749
Cora,SDRF,sage,12372,0.25,0.8837638376383764,0.8740511967422214,0.8911439114391144,0.889379109607768,0.8819188191881919,0.8721357584569602,0.8911439114391144,0.8870840980218286,0.0,0.0022950115859393
Cora,SDRF,sage,12373,0.0,0.8837638376383764,0.8854196024454042,0.8505535055350554,0.838561856471058,0.8837638376383764,0.8854196024454042,0.8505535055350554,0.838561856471058,0.0,0.0
Cora,SDRF,sage,12374,0.0,0.8911439114391144,0.884053502579225,0.8745387453874539,0.867088442379129,0.8911439114391144,0.884053502579225,0.8745387453874539,0.867088442379129,0.0,0.0
Cora,SDRF,gat,12345,0.0,0.8782287822878229,0.8634788498234499,0.8690036900369004,0.871739603880071,0.8782287822878229,0.8634788498234499,0.8690036900369004,0.871739603880071,0.0,0.0
Cora,SDRF,gat,12346,0.0,0.8763837638376384,0.8710716638722096,0.8616236162361623,0.851692119687858,0.8763837638376384,0.8710716638722096,0.8616236162361623,0.851692119687858,0.0,0.0
Cora,SDRF,gat,12347,0.0,0.8782287822878229,0.8668010897729361,0.8874538745387454,0.8825232543501277,0.8782287822878229,0.8668010897729361,0.8874538745387454,0.8825232543501277,0.0,0.0
Cora,SDRF,gat,12348,0.0,0.8671586715867159,0.8543412001344219,0.8874538745387454,0.8748587192519413,0.8671586715867159,0.8543412001344219,0.8874538745387454,0.8748587192519413,0.0,0.0
Cora,SDRF,gat,12349,0.0,0.8671586715867159,0.8589915115714147,0.8911439114391144,0.876924682113262,0.8671586715867159,0.8593727100249023,0.8929889298892989,0.8799903832795734,-0.0018450184501844,-0.0030657011663113
Cora,SDRF,gat,12350,0.0,0.8597785977859779,0.8395608941316174,0.8874538745387454,0.8836479391831998,0.8597785977859779,0.8395608941316174,0.8874538745387454,0.8836479391831998,0.0,0.0
Cora,SDRF,gat,12351,0.25,0.8745387453874539,0.8641836259709895,0.8579335793357934,0.8435729353134361,0.8690036900369004,0.8578057314373483,0.8523985239852399,0.8401299641924228,0.0055350553505535,0.0034429711210133
Cora,SDRF,gat,12352,0.0,0.8892988929889298,0.8852599304137226,0.8523985239852399,0.845595262712337,0.8892988929889298,0.8852599304137226,0.8523985239852399,0.845595262712337,0.0,0.0
Cora,SDRF,gat,12353,0.0,0.8819188191881919,0.8845504411651383,0.8948339483394834,0.8871992273945306,0.8819188191881919,0.8838863876146892,0.8911439114391144,0.8821683845658032,0.0036900369003689,0.0050308428287274
Cora,SDRF,gat,12354,0.0,0.8505535055350554,0.8343379126836933,0.8745387453874539,0.8662396005251721,0.8505535055350554,0.8343379126836933,0.8745387453874539,0.8662396005251721,0.0,0.0
Cora,SDRF,gat,12355,0.0,0.8616236162361623,0.8539748218920016,0.8856088560885609,0.8737081859614664,0.8616236162361623,0.8539748218920016,0.8856088560885609,0.8737081859614664,0.0,0.0
Cora,SDRF,gat,12356,0.0,0.8745387453874539,0.8687891978246807,0.8653136531365314,0.8646976230077076,0.8745387453874539,0.8687891978246807,0.8653136531365314,0.8646976230077076,0.0,0.0
Cora,SDRF,gat,12357,0.0,0.8579335793357934,0.8561954134248305,0.8837638376383764,0.8767221430341531,0.8579335793357934,0.8561954134248305,0.8837638376383764,0.8767221430341531,0.0,0.0
Cora,SDRF,gat,12358,0.1,0.8763837638376384,0.8649138166440457,0.8634686346863468,0.8396864756559161,0.8690036900369004,0.8601432233663153,0.8597785977859779,0.8375456258835842,0.0036900369003689,0.0021408497723319
Cora,SDRF,gat,12359,0.0,0.8708487084870848,0.8733820172526695,0.8450184501845018,0.836346310133894,0.8726937269372693,0.8747293678104348,0.8468634686346863,0.8377003925983927,-0.0018450184501844,-0.0013540824644986
Cora,SDRF,gat,12360,0.0,0.8929889298892989,0.8830124171428366,0.8634686346863468,0.8504566243240885,0.8929889298892989,0.8830124171428366,0.8634686346863468,0.8504566243240885,0.0,0.0
Cora,SDRF,gat,12361,0.0,0.8634686346863468,0.8570125226946332,0.8597785977859779,0.8530169532522812,0.8653136531365314,0.8582069679729474,0.8616236162361623,0.8543198950374784,-0.0018450184501844,-0.0013029417851971
Cora,SDRF,gat,12362,0.0,0.8874538745387454,0.8795123847627867,0.8819188191881919,0.8719147893046316,0.8874538745387454,0.8795123847627867,0.8819188191881919,0.8719147893046316,0.0,0.0
Cora,SDRF,gat,12363,0.0,0.8782287822878229,0.8702453977682413,0.8653136531365314,0.8482564526593492,0.8782287822878229,0.8702453977682413,0.8653136531365314,0.8482564526593492,0.0,0.0
Cora,SDRF,gat,12364,0.0,0.8745387453874539,0.8633010662911057,0.8653136531365314,0.8424412719134956,0.8745387453874539,0.8633010662911057,0.8653136531365314,0.8424412719134956,0.0,0.0
Cora,SDRF,gat,12365,0.0,0.8708487084870848,0.8576548287577861,0.8690036900369004,0.8595047205058167,0.8708487084870848,0.8576548287577861,0.8690036900369004,0.8595047205058167,0.0,0.0
Cora,SDRF,gat,12366,0.0,0.8745387453874539,0.8658913618950044,0.8708487084870848,0.8613419695648904,0.8763837638376384,0.8672180435693243,0.8708487084870848,0.8613419695648904,0.0,0.0
Cora,SDRF,gat,12367,0.0,0.8782287822878229,0.8669952586240182,0.8837638376383764,0.867220455196403,0.8782287822878229,0.8669952586240182,0.8837638376383764,0.867220455196403,0.0,0.0
Cora,SDRF,gat,12368,0.0,0.8911439114391144,0.885963350922316,0.8542435424354243,0.8535235003120657,0.8911439114391144,0.885963350922316,0.8542435424354243,0.8535235003120657,0.0,0.0
Cora,SDRF,gat,12369,0.55,0.8745387453874539,0.8698414552660338,0.8468634686346863,0.8218656303943197,0.8690036900369004,0.86656104675496,0.8560885608856088,0.8424024372386042,-0.0092250922509224,-0.0205368068442844
Cora,SDRF,gat,12370,0.0,0.8726937269372693,0.8713765193231628,0.8671586715867159,0.8559923650439375,0.8745387453874539,0.8731173597577604,0.8690036900369004,0.8576898991542607,-0.0018450184501844,-0.0016975341103232
Cora,SDRF,gat,12371,0.0,0.8892988929889298,0.8865077267063225,0.8782287822878229,0.867652727574909,0.8892988929889298,0.884970984679536,0.8892988929889298,0.879393147109489,-0.0110701107011069,-0.01174041953458
Cora,SDRF,gat,12372,0.4,0.8763837638376384,0.8703239189692491,0.8800738007380073,0.8773128953620469,0.8763837638376384,0.8663384072277763,0.8782287822878229,0.8774241115055238,0.0018450184501844,-0.0001112161434768
Cora,SDRF,gat,12373,0.0,0.8856088560885609,0.8864218973113358,0.8579335793357934,0.8518437041296114,0.8856088560885609,0.8864218973113358,0.8579335793357934,0.8518437041296114,0.0,0.0
Cora,SDRF,gat,12374,0.0,0.8929889298892989,0.883480202616344,0.8708487084870848,0.8573928667629082,0.8929889298892989,0.883480202616344,0.8708487084870848,0.8573928667629082,0.0,0.0
Cora,DiffWire CT,gcn,12345,,0.8136531365313653,0.7921707969252355,0.7822878228782287,0.764087094609801,0.8763837638376384,0.8654968509371529,0.8523985239852399,0.8549635540241471,-0.0701107011070111,-0.0908764594143461
Cora,DiffWire CT,gcn,12346,,0.8136531365313653,0.7938094684678043,0.8118081180811808,0.795548423633612,0.8708487084870848,0.8680377654404813,0.8542435424354243,0.8396545598625513,-0.0424354243542435,-0.0441061362289393
Cora,DiffWire CT,gcn,12347,,0.8136531365313653,0.7989844866525733,0.8321033210332104,0.8135180637963131,0.8800738007380073,0.8710024213930765,0.8929889298892989,0.8823900746936049,-0.0608856088560885,-0.0688720108972917
Cora,DiffWire CT,gcn,12348,,0.7970479704797048,0.7811486830299762,0.7988929889298892,0.7851402591681192,0.8745387453874539,0.8645503241686899,0.8763837638376384,0.8648756389615136,-0.0774907749077491,-0.0797353797933944
Cora,DiffWire CT,gcn,12349,,0.8081180811808119,0.7889957644777577,0.8173431734317343,0.7936010138239992,0.8653136531365314,0.8578927910631419,0.8837638376383764,0.8678261898437818,-0.066420664206642,-0.0742251760197826
Cora,DiffWire CT,gcn,12350,,0.8154981549815498,0.8008596782433992,0.8118081180811808,0.8053231329005374,0.8690036900369004,0.8528619812175284,0.8966789667896679,0.8966557159453579,-0.084870848708487,-0.0913325830448205
Cora,DiffWire CT,gcn,12351,,0.8173431734317343,0.7986449375694356,0.8007380073800738,0.788868924196343,0.8763837638376384,0.8701672490876821,0.8800738007380073,0.87483021250739,-0.0793357933579335,-0.0859612883110469
Cora,DiffWire CT,gcn,12352,,0.8265682656826568,0.8161303466089643,0.8025830258302583,0.7805518282454782,0.8837638376383764,0.8734996103919358,0.8690036900369004,0.8513164105479623,-0.066420664206642,-0.070764582302484
Cora,DiffWire CT,gcn,12353,,0.8173431734317343,0.8069341826976698,0.8191881918819188,0.7964559497329916,0.8800738007380073,0.8848979608549159,0.8874538745387454,0.8722392479523654,-0.0682656826568265,-0.0757832982193738
Cora,DiffWire CT,gcn,12354,,0.8025830258302583,0.7826626545025873,0.7988929889298892,0.7887332893911841,0.8394833948339483,0.8231405177167169,0.8708487084870848,0.857579354508554,-0.0719557195571956,-0.0688460651173699
Cora,DiffWire CT,gcn,12355,,0.7878228782287823,0.7771462537993344,0.8173431734317343,0.8007486604346806,0.8726937269372693,0.8623703390566193,0.8892988929889298,0.8786915531795036,-0.0719557195571954,-0.077942892744823
Cora,DiffWire CT,gcn,12356,,0.8191881918819188,0.7945339091058264,0.7988929889298892,0.7958249795478819,0.8782287822878229,0.8720288055329394,0.8653136531365314,0.8625116270285016,-0.0664206642066421,-0.0666866474806197
Cora,DiffWire CT,gcn,12357,,0.8062730627306273,0.8019115295793057,0.8247232472324724,0.8043032687988733,0.8690036900369004,0.8638101243159609,0.8763837638376384,0.8659107384406991,-0.051660516605166,-0.0616074696418258
Cora,DiffWire CT,gcn,12358,,0.8210332103321033,0.8049500980398239,0.7878228782287823,0.759003589284452,0.8800738007380073,0.8635846061229768,0.8542435424354243,0.8255676675979029,-0.066420664206642,-0.0665640783134509
Cora,DiffWire CT,gcn,12359,,0.8044280442804428,0.7884702452049526,0.7804428044280443,0.7623296697587597,0.8892988929889298,0.8903396149238435,0.8634686346863468,0.855831773322903,-0.0830258302583025,-0.0935021035641433
Cora,DiffWire CT,gcn,12360,,0.8062730627306273,0.7891440331223977,0.8228782287822878,0.8038538675039694,0.8856088560885609,0.8770351296213365,0.8708487084870848,0.8587978448746106,-0.047970479704797,-0.0549439773706412
Cora,DiffWire CT,gcn,12361,,0.8007380073800738,0.7820846311070637,0.7915129151291513,0.7782830090456196,0.8690036900369004,0.85987326746183,0.8671586715867159,0.8506795679209131,-0.0756457564575645,-0.0723965588752935
Cora,DiffWire CT,gcn,12362,,0.8247232472324724,0.8195342189668209,0.7952029520295203,0.7812655562048018,0.8892988929889298,0.8838797017619747,0.8819188191881919,0.8725395960636245,-0.0867158671586716,-0.0912740398588227
Cora,DiffWire CT,gcn,12363,,0.8210332103321033,0.8057525891548646,0.7730627306273062,0.7537413999460549,0.8800738007380073,0.8730870927807738,0.8579335793357934,0.8430362997489468,-0.0848708487084871,-0.0892948998028918
Cora,DiffWire CT,gcn,12364,,0.8357933579335793,0.8163702223959968,0.7915129151291513,0.7688001080349114,0.8690036900369004,0.8591310419827278,0.8671586715867159,0.8456769145194902,-0.0756457564575645,-0.0768768064845788
Cora,DiffWire CT,gcn,12365,,0.7785977859778598,0.7606018667165185,0.7988929889298892,0.7750301730424746,0.8763837638376384,0.8650829721915922,0.8837638376383764,0.876997250792043,-0.0848708487084871,-0.1019670777495684
Cora,DiffWire CT,gcn,12366,,0.8118081180811808,0.7919825691554047,0.8247232472324724,0.813173007981764,0.8874538745387454,0.8822366083500783,0.8653136531365314,0.85207503455976,-0.040590405904059,-0.038902026577996
Cora,DiffWire CT,gcn,12367,,0.7988929889298892,0.7727963046107792,0.8247232472324724,0.798807766865821,0.8653136531365314,0.8582489238950364,0.8745387453874539,0.8618044538883444,-0.0498154981549815,-0.0629966870225233
Cora,DiffWire CT,gcn,12368,,0.8007380073800738,0.7849483753375708,0.7656826568265682,0.7467453032143059,0.8763837638376384,0.8704547140149087,0.8634686346863468,0.8588408743017106,-0.0977859778597786,-0.1120955710874047
Cora,DiffWire CT,gcn,12369,,0.8136531365313653,0.7968313394849709,0.7859778597785978,0.7658637866119253,0.8856088560885609,0.8765609201731246,0.8671586715867159,0.8453778668253883,-0.081180811808118,-0.0795140802134629
Cora,DiffWire CT,gcn,12370,,0.7988929889298892,0.7837752373207841,0.7988929889298892,0.7713065526617527,0.8726937269372693,0.8657865691952725,0.8782287822878229,0.8657887414780242,-0.0793357933579336,-0.0944821888162714
Cora,DiffWire CT,gcn,12371,,0.8191881918819188,0.7910411546779932,0.8081180811808119,0.7832139002978559,0.8800738007380073,0.870797120157653,0.8874538745387454,0.8727300980254457,-0.0793357933579335,-0.0895161977275897
Cora,DiffWire CT,gcn,12372,,0.8228782287822878,0.8071380992522718,0.8136531365313653,0.7981381515464714,0.8782287822878229,0.8685481879289311,0.8911439114391144,0.8872819762826784,-0.0774907749077491,-0.0891438247362069
Cora,DiffWire CT,gcn,12373,,0.8154981549815498,0.8066487526980662,0.7767527675276753,0.7489212327256106,0.8911439114391144,0.8865123588666229,0.8579335793357934,0.8483636419417772,-0.081180811808118,-0.0994424092161665
Cora,DiffWire CT,gcn,12374,,0.8154981549815498,0.7988641530884094,0.8154981549815498,0.7886239478529656,0.8929889298892989,0.8854610340209238,0.8929889298892989,0.8835967993026406,-0.0774907749077491,-0.0949728514496749
Cornell,SDRF,gcn,12345,0.55,0.4324324324324324,0.3967537443399512,0.3783783783783784,0.2896881496881497,0.4324324324324324,0.3500653594771242,0.4324324324324324,0.3764590964590965,-0.054054054054054,-0.0867709467709467
Cornell,SDRF,gcn,12346,0.0,0.5945945945945946,0.5321428571428571,0.5135135135135135,0.33003003003003,0.5945945945945946,0.5321428571428571,0.5135135135135135,0.3365659777424484,0.0,-0.0065359477124183
Cornell,SDRF,gcn,12347,0.1,0.4054054054054054,0.406073926073926,0.3513513513513513,0.2666666666666666,0.4054054054054054,0.3939860139860139,0.3513513513513513,0.2841408641771618,5.551115123125783e-17,-0.0174741975104951
Cornell,SDRF,gcn,12348,0.0,0.5135135135135135,0.5335449735449735,0.4864864864864865,0.4475132275132275,0.5135135135135135,0.5142623560014863,0.4594594594594595,0.4081573498964803,0.027027027027027,0.0393558776167471
Cornell,SDRF,gcn,12349,0.1,0.5135135135135135,0.4901648351648351,0.4864864864864865,0.3762301587301587,0.5405405405405406,0.4833333333333333,0.5135135135135135,0.360995670995671,-0.0270270270270269,0.0152344877344877
Cornell,SDRF,gcn,12350,0.55,0.4864864864864865,0.4054761904761904,0.4594594594594595,0.4056195596518177,0.4054054054054054,0.3484126984126984,0.3243243243243243,0.2774193548387097,0.1351351351351352,0.1282002048131079
Cornell,SDRF,gcn,12351,0.55,0.6486486486486487,0.5828817733990148,0.3243243243243243,0.2536531568789633,0.5945945945945946,0.536505376344086,0.3243243243243243,0.197002997002997,5.551115123125783e-17,0.0566501598759663
Cornell,SDRF,gcn,12352,0.0,0.5405405405405406,0.3970942140296979,0.4054054054054054,0.2680555555555555,0.5405405405405406,0.4229310344827586,0.4054054054054054,0.2569444444444445,5.551115123125783e-17,0.011111111111111
Cornell,SDRF,gcn,12353,0.1,0.4864864864864865,0.4061904761904761,0.3513513513513513,0.2446428571428571,0.4594594594594595,0.3561904761904761,0.4054054054054054,0.2623655913978495,-0.054054054054054,-0.0177227342549923
Cornell,SDRF,gcn,12354,0.55,0.4864864864864865,0.4302199413489735,0.4324324324324324,0.3703463203463203,0.4864864864864865,0.4268531468531468,0.5675675675675675,0.4611111111111111,-0.1351351351351351,-0.0907647907647907
Cornell,SDRF,gcn,12355,0.25,0.5945945945945946,0.5354621848739496,0.2702702702702703,0.2748638838475499,0.5675675675675675,0.4745098039215686,0.3783783783783784,0.3066666666666666,-0.1081081081081081,-0.0318027828191166
Cornell,SDRF,gcn,12356,0.0,0.5405405405405406,0.3875457875457876,0.3783783783783784,0.2538140417457305,0.4864864864864865,0.3705707196029776,0.3783783783783784,0.2533333333333333,0.0,0.0004807084123972
Cornell,SDRF,gcn,12357,0.55,0.5675675675675675,0.4926050420168066,0.3783783783783784,0.2706293706293706,0.4594594594594595,0.4549619178775188,0.3783783783783784,0.2815268065268065,0.0,-0.0108974358974358
Cornell,SDRF,gcn,12358,0.0,0.4864864864864865,0.4503448275862068,0.5135135135135135,0.3701754385964912,0.4864864864864865,0.4503448275862068,0.4594594594594595,0.3321428571428571,0.054054054054054,0.0380325814536341
Cornell,SDRF,gcn,12359,0.0,0.5135135135135135,0.4346428571428571,0.5135135135135135,0.3265359477124183,0.5135135135135135,0.4346428571428571,0.5405405405405406,0.319591901801371,-0.027027027027027,0.0069440459110473
Cornell,SDRF,gcn,12360,0.0,0.4324324324324324,0.3690756302521009,0.3243243243243243,0.2771706454465075,0.4324324324324324,0.3690756302521009,0.3783783783783784,0.3098227752639517,-0.054054054054054,-0.0326521298174442
Cornell,SDRF,gcn,12361,0.4,0.4324324324324324,0.4078970049558285,0.2432432432432432,0.1711827956989247,0.4054054054054054,0.3731848852901485,0.3243243243243243,0.292063492063492,-0.081081081081081,-0.1208806963645672
Cornell,SDRF,gcn,12362,0.1,0.5945945945945946,0.4355555555555555,0.4324324324324324,0.3192082771030139,0.6216216216216216,0.4288288288288288,0.5135135135135135,0.4182816014394961,-0.081081081081081,-0.0990733243364822
Cornell,SDRF,gcn,12363,0.0,0.4054054054054054,0.4033660130718954,0.2972972972972973,0.2498982498982498,0.4054054054054054,0.4033660130718954,0.3243243243243243,0.2726373626373626,-0.0270270270270269,-0.0227391127391127
Cornell,SDRF,gcn,12364,0.25,0.4324324324324324,0.3920634920634921,0.3513513513513513,0.1917460317460317,0.3783783783783784,0.3718611847922192,0.3243243243243243,0.18,0.027027027027027,0.0117460317460317
Cornell,SDRF,gcn,12365,0.25,0.4864864864864865,0.4775975748389541,0.3783783783783784,0.2422746521476104,0.4054054054054054,0.3889743589743589,0.3243243243243243,0.2636470588235294,0.0540540540540541,-0.0213724066759189
Cornell,SDRF,gcn,12366,0.0,0.4864864864864865,0.442091242091242,0.5405405405405406,0.409982174688057,0.5135135135135135,0.4744721944721945,0.5405405405405406,0.4127450980392156,0.0,-0.0027629233511585
Cornell,SDRF,gcn,12367,0.4,0.5135135135135135,0.5111111111111111,0.5405405405405406,0.4551082251082251,0.5405405405405406,0.4547619047619046,0.5675675675675675,0.4209523809523809,-0.0270270270270269,0.0341558441558442
Cornell,SDRF,gcn,12368,0.55,0.6216216216216216,0.504078624078624,0.2972972972972973,0.1658687258687258,0.5405405405405406,0.4011904761904762,0.4054054054054054,0.236078431372549,-0.108108108108108,-0.0702097055038231
Cornell,SDRF,gcn,12369,0.25,0.5135135135135135,0.4852026143790851,0.4054054054054054,0.3262337662337662,0.4864864864864865,0.4357978279030911,0.4054054054054054,0.3992969396195203,5.551115123125783e-17,-0.073063173385754
Cornell,SDRF,gcn,12370,0.55,0.5135135135135135,0.4595749348690525,0.3243243243243243,0.2192857142857143,0.4864864864864865,0.4076190476190476,0.3513513513513513,0.2269674185463658,-0.0270270270270269,-0.0076817042606514
Cornell,SDRF,gcn,12371,0.55,0.5675675675675675,0.4830065359477123,0.5135135135135135,0.3665244559362207,0.5405405405405406,0.4247899159663865,0.5135135135135135,0.4198879551820728,0.0,-0.0533634992458521
Cornell,SDRF,gcn,12372,0.55,0.4594594594594595,0.3602288392610973,0.3783783783783784,0.3406393606393606,0.4594594594594595,0.3061111111111111,0.4054054054054054,0.3619576719576719,-0.0270270270270269,-0.0213183113183113
Cornell,SDRF,gcn,12373,0.4,0.4594594594594595,0.4517653993516062,0.5675675675675675,0.396812865497076,0.3513513513513513,0.3438509316770186,0.3783783783783784,0.2704761904761905,0.1891891891891891,0.1263366750208855
Cornell,SDRF,gcn,12374,0.55,0.5675675675675675,0.4919002050580998,0.3243243243243243,0.1954941116231439,0.4864864864864865,0.438,0.2972972972972973,0.2342105263157894,0.027027027027027,-0.0387164146926455
Cornell,SDRF,sage,12345,0.4,0.7297297297297297,0.6306926406926407,0.6216216216216216,0.3722222222222222,0.6486486486486487,0.6078431372549019,0.5675675675675675,0.3255417956656347,0.054054054054054,0.0466804265565875
Cornell,SDRF,sage,12346,0.4,0.7297297297297297,0.67,0.6756756756756757,0.519047619047619,0.7567567567567568,0.6365079365079366,0.7837837837837838,0.6088888888888888,-0.1081081081081081,-0.0898412698412698
Cornell,SDRF,sage,12347,0.0,0.7567567567567568,0.6804545454545454,0.6486486486486487,0.5593650793650794,0.7567567567567568,0.6804545454545454,0.6486486486486487,0.5593650793650794,0.0,0.0
Cornell,SDRF,sage,12348,0.0,0.7027027027027027,0.6157509157509157,0.7027027027027027,0.5247058823529411,0.7027027027027027,0.6157509157509157,0.7027027027027027,0.5247058823529411,0.0,0.0
Cornell,SDRF,sage,12349,0.4,0.7027027027027027,0.572822966507177,0.7027027027027027,0.5434676434676435,0.7027027027027027,0.5535714285714286,0.6486486486486487,0.5268864468864469,0.054054054054054,0.0165811965811966
Cornell,SDRF,sage,12350,0.0,0.7027027027027027,0.6348387096774194,0.5945945945945946,0.4656565656565656,0.7027027027027027,0.6348387096774194,0.5945945945945946,0.4656565656565656,0.0,5.551115123125783e-17
Cornell,SDRF,sage,12351,0.0,0.7837837837837838,0.6653041695146958,0.5675675675675675,0.4860913280268119,0.7837837837837838,0.6653041695146958,0.5675675675675675,0.4860913280268119,0.0,0.0
Cornell,SDRF,sage,12352,0.25,0.7837837837837838,0.7180392156862745,0.6486486486486487,0.5028571428571429,0.7837837837837838,0.6603565062388592,0.6486486486486487,0.4807017543859649,0.0,0.0221553884711779
Cornell,SDRF,sage,12353,0.0,0.7027027027027027,0.6233333333333333,0.6486486486486487,0.5318197454420364,0.7027027027027027,0.6233333333333333,0.6486486486486487,0.5318197454420364,0.0,0.0
Cornell,SDRF,sage,12354,0.0,0.8108108108108109,0.6598989898989899,0.7027027027027027,0.4396581196581197,0.8108108108108109,0.6598989898989899,0.7027027027027027,0.4396581196581197,0.0,0.0
Cornell,SDRF,sage,12355,0.0,0.7297297297297297,0.6369815805109923,0.6486486486486487,0.4552631578947368,0.7297297297297297,0.6369815805109923,0.6486486486486487,0.4552631578947368,0.0,0.0
Cornell,SDRF,sage,12356,0.4,0.6216216216216216,0.5154545454545454,0.7297297297297297,0.5674126492702344,0.5675675675675675,0.4039393939393939,0.7567567567567568,0.6084848484848485,-0.027027027027027,-0.0410721992146141
Cornell,SDRF,sage,12357,0.1,0.6756756756756757,0.573015873015873,0.6486486486486487,0.3507507507507507,0.6486486486486487,0.514984984984985,0.6756756756756757,0.4505050505050505,-0.0270270270270269,-0.0997542997542997
Cornell,SDRF,sage,12358,0.0,0.6756756756756757,0.5918300653594771,0.6216216216216216,0.5165732959850607,0.6756756756756757,0.5918300653594771,0.6216216216216216,0.5165732959850607,0.0,0.0
Cornell,SDRF,sage,12359,0.55,0.7297297297297297,0.6823376623376624,0.7027027027027027,0.5312280701754386,0.7027027027027027,0.5642067736185383,0.7297297297297297,0.6178947368421053,-0.0270270270270269,-0.0866666666666666
Cornell,SDRF,sage,12360,0.55,0.5405405405405406,0.4599954431533379,0.6756756756756757,0.4529323308270676,0.5135135135135135,0.418069168069168,0.6216216216216216,0.4400668337510442,0.054054054054054,0.0128654970760234
Cornell,SDRF,sage,12361,0.4,0.6486486486486487,0.5401680672268908,0.6216216216216216,0.4222084623323013,0.5945945945945946,0.5191072010426849,0.6216216216216216,0.4931328320802005,0.0,-0.0709243697478991
Cornell,SDRF,sage,12362,0.55,0.7837837837837838,0.7216666666666667,0.6486486486486487,0.5114676173499703,0.7297297297297297,0.6304487024011642,0.6486486486486487,0.5504621848739497,0.0,-0.0389945675239794
Cornell,SDRF,sage,12363,0.25,0.7297297297297297,0.6631720430107527,0.6756756756756757,0.5733333333333334,0.7297297297297297,0.6151604278074866,0.7837837837837838,0.6940724676967562,-0.1081081081081081,-0.1207391343634228
Cornell,SDRF,sage,12364,0.0,0.6756756756756757,0.5675184482395108,0.6486486486486487,0.5819047619047619,0.6756756756756757,0.5675184482395108,0.6486486486486487,0.5819047619047619,0.0,0.0
Cornell,SDRF,sage,12365,0.4,0.7297297297297297,0.6313725490196079,0.6756756756756757,0.5361904761904761,0.7027027027027027,0.536152162014231,0.6756756756756757,0.4934502923976608,0.0,0.0427401837928153
Cornell,SDRF,sage,12366,0.1,0.7567567567567568,0.739572192513369,0.5405405405405406,0.2976623376623376,0.6486486486486487,0.6126040326040326,0.5405405405405406,0.3031746031746031,0.0,-0.0055122655122654
Cornell,SDRF,sage,12367,0.55,0.8378378378378378,0.7973737373737374,0.7297297297297297,0.5906595365418894,0.7837837837837838,0.715701754385965,0.7837837837837838,0.637511961722488,-0.054054054054054,-0.0468524251805986
Cornell,SDRF,sage,12368,0.0,0.7297297297297297,0.5750877192982455,0.6756756756756757,0.5515722520373684,0.7297297297297297,0.5750877192982455,0.6756756756756757,0.5515722520373684,0.0,0.0
Cornell,SDRF,sage,12369,0.1,0.8108108108108109,0.718939393939394,0.7027027027027027,0.54004329004329,0.7297297297297297,0.6733350309820898,0.7567567567567568,0.6608080808080807,-0.054054054054054,-0.1207647907647907
Cornell,SDRF,sage,12370,0.55,0.7027027027027027,0.5918614718614719,0.7297297297297297,0.5137529137529138,0.6486486486486487,0.5192857142857142,0.7027027027027027,0.4941558441558441,0.0270270270270269,0.0195970695970696
Cornell,SDRF,sage,12371,0.25,0.7297297297297297,0.6832994032994033,0.5945945945945946,0.4138888888888889,0.7027027027027027,0.6326623376623377,0.5945945945945946,0.4305555555555556,0.0,-0.0166666666666666
Cornell,SDRF,sage,12372,0.4,0.7027027027027027,0.6567320261437908,0.6486486486486487,0.5302231237322516,0.6756756756756757,0.5771089271089271,0.6486486486486487,0.556031746031746,0.0,-0.0258086222994944
Cornell,SDRF,sage,12373,0.0,0.6486486486486487,0.4862745098039215,0.7027027027027027,0.4990476190476191,0.6486486486486487,0.4862745098039215,0.7027027027027027,0.4990476190476191,0.0,0.0
Cornell,SDRF,sage,12374,0.4,0.7567567567567568,0.6475324675324675,0.7837837837837838,0.661394025604552,0.7297297297297297,0.5766716943187531,0.7567567567567568,0.5618618618618619,0.0270270270270269,0.09953216374269
Cornell,SDRF,gat,12345,0.0,0.4324324324324324,0.4098850574712644,0.4594594594594595,0.3706195596518177,0.4324324324324324,0.4098850574712644,0.4594594594594595,0.3706195596518177,0.0,0.0
Cornell,SDRF,gat,12346,0.0,0.6486486486486487,0.5055962854349951,0.4594594594594595,0.3554978354978354,0.6486486486486487,0.5055962854349951,0.4594594594594595,0.3554978354978354,0.0,0.0
Cornell,SDRF,gat,12347,0.0,0.5405405405405406,0.4374691974691974,0.4864864864864865,0.3195084485407066,0.5675675675675675,0.4351608751608752,0.4864864864864865,0.3081232492997198,0.0,0.0113851992409867
Cornell,SDRF,gat,12348,0.0,0.5675675675675675,0.5152777777777778,0.5405405405405406,0.4771336996336996,0.5675675675675675,0.5075854700854701,0.5405405405405406,0.4771336996336996,0.0,5.551115123125783e-17
Cornell,SDRF,gat,12349,0.55,0.4864864864864865,0.3999245852187029,0.5135135135135135,0.3774358974358974,0.4864864864864865,0.3887179487179487,0.5675675675675675,0.4527097902097902,-0.054054054054054,-0.0752738927738927
Cornell,SDRF,gat,12350,0.0,0.5675675675675675,0.4937118437118437,0.3783783783783784,0.3127257799671593,0.5675675675675675,0.4937118437118437,0.3783783783783784,0.3127257799671593,0.0,0.0
Cornell,SDRF,gat,12351,0.0,0.6756756756756757,0.561470588235294,0.4864864864864865,0.3471428571428571,0.6756756756756757,0.561470588235294,0.4864864864864865,0.3471428571428571,0.0,5.551115123125783e-17
Cornell,SDRF,gat,12352,0.25,0.5135135135135135,0.4088888888888889,0.4864864864864865,0.3045196456961163,0.4864864864864865,0.3846685340802988,0.5135135135135135,0.4578657269359357,-0.0270270270270269,-0.1533460812398194
Cornell,SDRF,gat,12353,0.25,0.5135135135135135,0.3825974025974026,0.4594594594594595,0.3084526284526284,0.4864864864864865,0.3561904761904761,0.4594594594594595,0.2549206349206349,0.0,0.0535319935319935
Cornell,SDRF,gat,12354,0.0,0.4324324324324324,0.3897435897435897,0.5405405405405406,0.451643086210149,0.4054054054054054,0.38851324114482,0.5135135135135135,0.4250738916256157,0.027027027027027,0.0265691945845333
Cornell,SDRF,gat,12355,0.0,0.5675675675675675,0.4771428571428571,0.5135135135135135,0.453076923076923,0.5675675675675675,0.4771428571428571,0.5135135135135135,0.453076923076923,0.0,5.551115123125783e-17
Cornell,SDRF,gat,12356,0.0,0.6486486486486487,0.5094017094017094,0.4324324324324324,0.205050505050505,0.6486486486486487,0.5094017094017094,0.4594594594594595,0.2362154641224409,-0.027027027027027,-0.0311649590719358
Cornell,SDRF,gat,12357,0.0,0.5675675675675675,0.4024603174603174,0.4594594594594595,0.2314571607254534,0.5675675675675675,0.4024603174603174,0.4594594594594595,0.2314571607254534,0.0,2.775557561562892e-17
Cornell,SDRF,gat,12358,0.1,0.5135135135135135,0.3938835358190197,0.4324324324324324,0.2986466165413534,0.5135135135135135,0.3895450785773366,0.4864864864864865,0.3579831932773109,-0.054054054054054,-0.0593365767359574
Cornell,SDRF,gat,12359,0.4,0.4594594594594595,0.3294117647058823,0.5135135135135135,0.2446886446886447,0.4594594594594595,0.3038095238095238,0.5135135135135135,0.24,0.0,0.0046886446886447
Cornell,SDRF,gat,12360,0.0,0.4594594594594595,0.3856293706293706,0.3243243243243243,0.2398484848484848,0.4594594594594595,0.3856293706293706,0.3243243243243243,0.2398484848484848,5.551115123125783e-17,2.775557561562892e-17
Cornell,SDRF,gat,12361,0.25,0.4324324324324324,0.4161904761904762,0.4054054054054054,0.3257142857142857,0.4324324324324324,0.3206626706626706,0.5675675675675675,0.4132867132867132,-0.1621621621621621,-0.0875724275724274
Cornell,SDRF,gat,12362,0.55,0.4324324324324324,0.2895977011494253,0.4054054054054054,0.2624561403508772,0.4324324324324324,0.2871794871794871,0.4864864864864865,0.383091418385536,-0.081081081081081,-0.1206352780346587
Cornell,SDRF,gat,12363,0.0,0.4594594594594595,0.3658333333333333,0.4324324324324324,0.2354123354123354,0.4594594594594595,0.3658333333333333,0.4324324324324324,0.231016731016731,5.551115123125783e-17,0.0043956043956044
Cornell,SDRF,gat,12364,0.1,0.4594594594594595,0.4490756302521008,0.3513513513513513,0.1828571428571428,0.4594594594594595,0.3846600458365164,0.3783783783783784,0.2293460925039872,-0.027027027027027,-0.0464889496468443
Cornell,SDRF,gat,12365,0.25,0.4594594594594595,0.3119191919191919,0.4054054054054054,0.3098901098901098,0.4324324324324324,0.2686186186186187,0.4054054054054054,0.266031746031746,5.551115123125783e-17,0.0438583638583638
Cornell,SDRF,gat,12366,0.55,0.5675675675675675,0.5022222222222222,0.4324324324324324,0.2475279106858054,0.5675675675675675,0.4995314489432136,0.6216216216216216,0.4174042950513538,-0.1891891891891891,-0.1698763843655483
Cornell,SDRF,gat,12367,0.0,0.5675675675675675,0.4682034632034632,0.5675675675675675,0.4261764705882352,0.5405405405405406,0.4455555555555556,0.5405405405405406,0.3583183183183183,0.0270270270270269,0.0678581522699169
Cornell,SDRF,gat,12368,0.0,0.5945945945945946,0.422826296510507,0.4054054054054054,0.2276318276318276,0.5945945945945946,0.422826296510507,0.4054054054054054,0.2276318276318276,5.551115123125783e-17,5.551115123125783e-17
Cornell,SDRF,gat,12369,0.0,0.5675675675675675,0.4663336663336663,0.5135135135135135,0.4874236874236874,0.5405405405405406,0.4364145658263305,0.5135135135135135,0.4874236874236874,0.0,5.551115123125783e-17
Cornell,SDRF,gat,12370,0.1,0.6486486486486487,0.5177738927738929,0.4594594594594595,0.276982476982477,0.6216216216216216,0.4727738927738928,0.4864864864864865,0.3472527472527472,-0.027027027027027,-0.0702702702702701
Cornell,SDRF,gat,12371,0.0,0.5675675675675675,0.4430926779313876,0.4864864864864865,0.3691086691086691,0.5675675675675675,0.4430926779313876,0.4864864864864865,0.3691086691086691,0.0,0.0
Cornell,SDRF,gat,12372,0.0,0.5135135135135135,0.4169354838709678,0.4324324324324324,0.3738095238095238,0.5405405405405406,0.4157142857142856,0.4054054054054054,0.3326984126984126,0.027027027027027,0.0411111111111112
Cornell,SDRF,gat,12373,0.4,0.4054054054054054,0.3282727272727272,0.5945945945945946,0.3509803921568627,0.3783783783783784,0.3058661145617667,0.5945945945945946,0.3267543859649122,0.0,0.0242260061919505
Cornell,SDRF,gat,12374,0.0,0.5945945945945946,0.4849924585218702,0.4864864864864865,0.359047619047619,0.5945945945945946,0.4849924585218702,0.4864864864864865,0.359047619047619,0.0,0.0
Cornell,DiffWire CT,gcn,12345,,0.4594594594594595,0.3771878665996312,0.4054054054054054,0.3661904761904762,0.4324324324324324,0.3500653594771242,0.4324324324324324,0.3764590964590965,-0.0270270270270269,-0.0102686202686202
Cornell,DiffWire CT,gcn,12346,,0.5945945945945946,0.5243956043956044,0.5405405405405406,0.3890322580645161,0.5945945945945946,0.5321428571428571,0.5135135135135135,0.3365659777424484,0.027027027027027,0.0524662803220676
Cornell,DiffWire CT,gcn,12347,,0.6486486486486487,0.5405177717019822,0.3783783783783784,0.2633533435711294,0.4054054054054054,0.3939860139860139,0.3513513513513513,0.2841408641771618,0.027027027027027,-0.0207875206060323
Cornell,DiffWire CT,gcn,12348,,0.4324324324324324,0.4209961685823755,0.3513513513513513,0.2737234413096482,0.5135135135135135,0.5142623560014863,0.4594594594594595,0.4081573498964803,-0.1081081081081081,-0.134433908586832
Cornell,DiffWire CT,gcn,12349,,0.5405405405405406,0.4709990662931839,0.4594594594594595,0.3120802005012532,0.5405405405405406,0.4833333333333333,0.5135135135135135,0.360995670995671,-0.054054054054054,-0.0489154704944178
Cornell,DiffWire CT,gcn,12350,,0.4594594594594595,0.3991575091575091,0.2972972972972973,0.2218803418803419,0.4054054054054054,0.3484126984126984,0.3243243243243243,0.2774193548387097,-0.0270270270270269,-0.0555390129583678
Cornell,DiffWire CT,gcn,12351,,0.6756756756756757,0.6118253968253968,0.4054054054054054,0.3013533834586465,0.5945945945945946,0.536505376344086,0.3243243243243243,0.197002997002997,0.0810810810810811,0.1043503864556495
Cornell,DiffWire CT,gcn,12352,,0.4864864864864865,0.3523809523809523,0.3783783783783784,0.2638636363636363,0.5405405405405406,0.4229310344827586,0.4054054054054054,0.2569444444444445,-0.0270270270270269,0.0069191919191918
Cornell,DiffWire CT,gcn,12353,,0.4864864864864865,0.4004761904761905,0.4594594594594595,0.2951260504201681,0.4594594594594595,0.3561904761904761,0.4054054054054054,0.2623655913978495,0.0540540540540541,0.0327604590223186
Cornell,DiffWire CT,gcn,12354,,0.5675675675675675,0.5238095238095237,0.5675675675675675,0.3759716859716859,0.4864864864864865,0.4268531468531468,0.5675675675675675,0.4611111111111111,0.0,-0.0851394251394251
Cornell,DiffWire CT,gcn,12355,,0.5945945945945946,0.5062388591800357,0.3513513513513513,0.3404295051353875,0.5675675675675675,0.4745098039215686,0.3783783783783784,0.3066666666666666,-0.027027027027027,0.0337628384687209
Cornell,DiffWire CT,gcn,12356,,0.4864864864864865,0.4186681124062528,0.2972972972972973,0.2046963562753036,0.4864864864864865,0.3705707196029776,0.3783783783783784,0.2533333333333333,-0.081081081081081,-0.0486369770580296
Cornell,DiffWire CT,gcn,12357,,0.4594594594594595,0.428038628038628,0.4594594594594595,0.3068398268398268,0.4594594594594595,0.4549619178775188,0.3783783783783784,0.2815268065268065,0.081081081081081,0.0253130203130202
Cornell,DiffWire CT,gcn,12358,,0.5135135135135135,0.45,0.4594594594594595,0.3113170313170313,0.4864864864864865,0.4503448275862068,0.4594594594594595,0.3321428571428571,0.0,-0.0208258258258257
Cornell,DiffWire CT,gcn,12359,,0.5405405405405406,0.4425974025974025,0.4324324324324324,0.2551226551226551,0.5135135135135135,0.4346428571428571,0.5405405405405406,0.319591901801371,-0.1081081081081081,-0.0644692466787158
Cornell,DiffWire CT,gcn,12360,,0.4054054054054054,0.3047076023391812,0.3783783783783784,0.2315078236130867,0.4324324324324324,0.3690756302521009,0.3783783783783784,0.3098227752639517,0.0,-0.0783149516508649
Cornell,DiffWire CT,gcn,12361,,0.4324324324324324,0.4232258064516129,0.4324324324324324,0.3451680672268907,0.4054054054054054,0.3731848852901485,0.3243243243243243,0.292063492063492,0.1081081081081081,0.0531045751633987
Cornell,DiffWire CT,gcn,12362,,0.5675675675675675,0.4164260112647209,0.5405405405405406,0.4477272727272727,0.6216216216216216,0.4288288288288288,0.5135135135135135,0.4182816014394961,0.027027027027027,0.0294456712877766
Cornell,DiffWire CT,gcn,12363,,0.4594594594594595,0.4384514831573655,0.5135135135135135,0.3997899159663866,0.4054054054054054,0.4033660130718954,0.3243243243243243,0.2726373626373626,0.1891891891891892,0.1271525533290239
Cornell,DiffWire CT,gcn,12364,,0.4594594594594595,0.3992857142857143,0.4054054054054054,0.3077777777777778,0.3783783783783784,0.3718611847922192,0.3243243243243243,0.18,0.0810810810810811,0.1277777777777778
Cornell,DiffWire CT,gcn,12365,,0.4054054054054054,0.370952380952381,0.3783783783783784,0.2866053317878875,0.4054054054054054,0.3889743589743589,0.3243243243243243,0.2636470588235294,0.0540540540540541,0.022958272964358
Cornell,DiffWire CT,gcn,12366,,0.4864864864864865,0.4276190476190476,0.5945945945945946,0.4119047619047619,0.5135135135135135,0.4744721944721945,0.5405405405405406,0.4127450980392156,0.054054054054054,-0.0008403361344537
Cornell,DiffWire CT,gcn,12367,,0.5405405405405406,0.4519047619047619,0.5675675675675675,0.4075460487225193,0.5405405405405406,0.4547619047619046,0.5675675675675675,0.4209523809523809,0.0,-0.0134063322298615
Cornell,DiffWire CT,gcn,12368,,0.4864864864864865,0.4740994152046783,0.4324324324324324,0.3085714285714286,0.5405405405405406,0.4011904761904762,0.4054054054054054,0.236078431372549,0.027027027027027,0.0724929971988796
Cornell,DiffWire CT,gcn,12369,,0.5405405405405406,0.4541176470588236,0.4864864864864865,0.4516394716394716,0.4864864864864865,0.4357978279030911,0.4054054054054054,0.3992969396195203,0.0810810810810811,0.0523425320199513
Cornell,DiffWire CT,gcn,12370,,0.5135135135135135,0.4123076923076922,0.4054054054054054,0.2512820512820513,0.4864864864864865,0.4076190476190476,0.3513513513513513,0.2269674185463658,0.0540540540540541,0.0243146327356854
Cornell,DiffWire CT,gcn,12371,,0.5675675675675675,0.471031746031746,0.5405405405405406,0.3802733214497921,0.5405405405405406,0.4247899159663865,0.5135135135135135,0.4198879551820728,0.027027027027027,-0.0396146337322806
Cornell,DiffWire CT,gcn,12372,,0.5675675675675675,0.3819607843137255,0.2972972972972973,0.248034188034188,0.4594594594594595,0.3061111111111111,0.4054054054054054,0.3619576719576719,-0.108108108108108,-0.1139234839234838
Cornell,DiffWire CT,gcn,12373,,0.4054054054054054,0.3400621118012422,0.5135135135135135,0.2955555555555555,0.3513513513513513,0.3438509316770186,0.3783783783783784,0.2704761904761905,0.1351351351351351,0.025079365079365
Cornell,DiffWire CT,gcn,12374,,0.5135135135135135,0.467012987012987,0.4324324324324324,0.323030303030303,0.4864864864864865,0.438,0.2972972972972973,0.2342105263157894,0.1351351351351351,0.0888197767145136
Minesweeper,SDRF,gcn,12345,0.55,0.745,0.6241770582938229,0.7495,0.6371183722042814,0.7205,0.6063478694722773,0.729,0.618608526280828,0.0205,0.0185098459234533
Minesweeper,SDRF,gcn,12346,0.25,0.721,0.5974513911733643,0.74,0.6155205482085476,0.725,0.5919633093407759,0.7235,0.592149053664113,0.0164999999999999,0.0233714945444346
Minesweeper,SDRF,gcn,12347,0.1,0.7525,0.6099780996793547,0.756,0.6215786992233058,0.734,0.607308201058201,0.7345,0.6172353652897352,0.0214999999999999,0.0043433339335705
Minesweeper,SDRF,gcn,12348,0.0,0.7295,0.6075124012659721,0.7315,0.6153569283564675,0.7295,0.6075124012659721,0.731,0.6155473234090234,0.0005,-0.0001903950525559
Minesweeper,SDRF,gcn,12349,0.0,0.7995,0.5779833603364346,0.7955,0.5734587024071425,0.7985,0.5745801618178834,0.7955,0.5734587024071425,0.0,0.0
Minesweeper,SDRF,gcn,12350,0.4,0.791,0.5567065630759899,0.7935,0.5530087758555471,0.791,0.5539515834718787,0.794,0.5505166876134618,-0.0005,0.0024920882420852
Minesweeper,SDRF,gcn,12351,0.55,0.7915,0.5651155963417566,0.802,0.5826086956521739,0.7945,0.5593625015344584,0.799,0.5614264767490573,0.003,0.0211822189031165
Minesweeper,SDRF,gcn,12352,0.25,0.798,0.5914892240115354,0.7955,0.5695640757546179,0.7965,0.5890464210941362,0.7965,0.571668896900072,-0.001,-0.0021048211454541
Minesweeper,SDRF,gcn,12353,0.55,0.7105,0.5852731126971967,0.7215,0.599768771257793,0.724,0.5840867992766727,0.7345,0.6002588154787917,-0.013,-0.0004900442209986
Minesweeper,SDRF,gcn,12354,0.0,0.691,0.56838210336201,0.695,0.5714070915966281,0.6905,0.5692832880872037,0.694,0.5712934748345067,0.001,0.0001136167621214
Minesweeper,SDRF,gcn,12355,0.55,0.7785,0.6168812664884833,0.772,0.6025042233926264,0.763,0.6045458868600777,0.7605,0.5965254014214267,0.0115,0.0059788219711996
Minesweeper,SDRF,gcn,12356,0.25,0.7915,0.5789492815632795,0.8,0.5757957541397032,0.7905,0.5732482681671216,0.802,0.5707261232666441,-0.002,0.0050696308730591
Minesweeper,SDRF,gcn,12357,0.1,0.726,0.5906629318394024,0.737,0.6077694459855277,0.713,0.5872261597938144,0.73,0.6104368301677718,0.007,-0.0026673841822441
Minesweeper,SDRF,gcn,12358,0.55,0.749,0.6114400712101862,0.7545,0.5983625297598232,0.7445,0.6105288309653207,0.755,0.6043990822058707,-0.0005,-0.0060365524460475
Minesweeper,SDRF,gcn,12359,0.4,0.8135,0.6001027082052385,0.805,0.5602998078848391,0.8125,0.5954201561678197,0.8045,0.5539073325198702,0.0005,0.0063924753649688
Minesweeper,SDRF,gcn,12360,0.0,0.7115,0.5715692778789041,0.71,0.5652636675856093,0.7115,0.5708401900352364,0.7105,0.564882647948354,-0.0005,0.0003810196372553
Minesweeper,SDRF,gcn,12361,0.25,0.702,0.5760873430776343,0.7085,0.577042014672942,0.683,0.5727394276595286,0.6955,0.581151832460733,0.013,-0.0041098177877909
Minesweeper,SDRF,gcn,12362,0.55,0.803,0.5673714632068096,0.802,0.5489739156581223,0.804,0.5667550839964632,0.802,0.5489739156581223,0.0,0.0
Minesweeper,SDRF,gcn,12363,0.55,0.71,0.601383337273682,0.6915,0.5774665731203683,0.7925,0.5797619427352232,0.795,0.5877897285243475,-0.1035,-0.0103231554039792
Minesweeper,SDRF,gcn,12364,0.1,0.7595,0.5783067305664936,0.765,0.5957969765613846,0.76,0.5777257363847341,0.765,0.5948946381288615,0.0,0.0009023384325231
Minesweeper,SDRF,gcn,12365,0.55,0.8075,0.5666656724363913,0.808,0.5581087052585064,0.8065,0.561466876301364,0.8085,0.5615338074034387,-0.0004999999999999,-0.0034251021449323
Minesweeper,SDRF,gcn,12366,0.55,0.798,0.5914892240115354,0.785,0.5651989265469312,0.8005,0.5568417141895619,0.805,0.5588145459975429,-0.02,0.0063843805493882
Minesweeper,SDRF,gcn,12367,0.1,0.7285,0.6073297009522798,0.7285,0.5940488913161226,0.749,0.6025657468676322,0.7415,0.5779548770905826,-0.013,0.01609401422554
Minesweeper,SDRF,gcn,12368,0.0,0.7585,0.6223020105966572,0.738,0.601687507126297,0.7595,0.6252713569033235,0.7385,0.6042039144459895,-0.0005,-0.0025164073196924
Minesweeper,SDRF,gcn,12369,0.25,0.7995,0.5673692869954552,0.793,0.5582199893716693,0.802,0.565175379263697,0.793,0.5540484643755816,0.0,0.0041715249960876
Minesweeper,SDRF,gcn,12370,0.0,0.7585,0.623009531302502,0.749,0.6040853345952127,0.76,0.6242949660221759,0.7495,0.6037381492198743,-0.0005,0.0003471853753383
Minesweeper,SDRF,gcn,12371,0.25,0.812,0.5949812140222674,0.796,0.5591200554990048,0.811,0.592826858777705,0.797,0.5640399536980365,-0.001,-0.0049198981990317
Minesweeper,SDRF,gcn,12372,0.55,0.6735,0.5826824062928682,0.6905,0.6112530620101608,0.7885,0.5640916644124125,0.8095,0.6014592241007335,-0.119,0.0097938379094273
Minesweeper,SDRF,gcn,12373,0.55,0.8035,0.5773355036563705,0.7975,0.5724688971122649,0.804,0.5723362658846529,0.7995,0.5673692869954552,-0.002,0.0050996101168097
Minesweeper,SDRF,gcn,12374,0.4,0.7135,0.590215372930829,0.7295,0.6190236089168193,0.7405,0.5871185769194511,0.7585,0.6223020105966572,-0.0289999999999999,-0.0032784016798379
Minesweeper,SDRF,sage,12345,0.25,0.8875,0.812876663682396,0.8825,0.8089367983254734,0.8855,0.8130593169318054,0.882,0.8105951165642596,0.0004999999999999,-0.0016583182387862
Minesweeper,SDRF,sage,12346,0.0,0.87,0.7972548304036656,0.8875,0.8250371795993352,0.867,0.7944879505040454,0.884,0.8226993714998411,0.0034999999999999,0.0023378080994941
Minesweeper,SDRF,sage,12347,0.0,0.884,0.8166773078114431,0.883,0.8233799640419721,0.8845,0.8136879660573348,0.884,0.8217356493355812,-0.001,0.0016443147063909
Minesweeper,SDRF,sage,12348,0.0,0.8885,0.8246270079912674,0.8745,0.800707527975383,0.885,0.8219745346182128,0.8725,0.8031671562401221,0.002,-0.0024596282647391
Minesweeper,SDRF,sage,12349,0.0,0.884,0.8200947914340306,0.8725,0.7990796271075464,0.8825,0.8175997603183234,0.8715,0.79515048667701,0.001,0.0039291404305363
Minesweeper,SDRF,sage,12350,0.0,0.886,0.8155566629346553,0.867,0.7869378483285835,0.889,0.818218740173986,0.875,0.7957085725585948,-0.008,-0.0087707242300113
Minesweeper,SDRF,sage,12351,0.0,0.8785,0.809978030175958,0.8705,0.7951460691575798,0.875,0.806136628700464,0.871,0.795347243374962,-0.0004999999999999,-0.0002011742173821
Minesweeper,SDRF,sage,12352,0.0,0.881,0.8122954375172522,0.8805,0.8068511278803123,0.8835,0.813186844024244,0.8845,0.8086892355395771,-0.004,-0.0018381076592647
Minesweeper,SDRF,sage,12353,0.0,0.888,0.8173265744165867,0.8875,0.8174352574710564,0.8815,0.8170612393290547,0.876,0.8101301680194892,0.0114999999999999,0.0073050894515671
Minesweeper,SDRF,sage,12354,0.55,0.874,0.8056608226099751,0.8875,0.8196010296371455,0.88,0.8054597715125016,0.884,0.8084594858788408,0.0034999999999999,0.0111415437583047
Minesweeper,SDRF,sage,12355,0.25,0.8825,0.8134114305745618,0.8745,0.8029807984772221,0.886,0.8136862181734386,0.8805,0.8048959683262074,-0.0059999999999998,-0.0019151698489852
Minesweeper,SDRF,sage,12356,0.55,0.878,0.8064524317189563,0.8835,0.8146409025476534,0.8775,0.8069588574170543,0.8805,0.8109649055160677,0.003,0.0036759970315857
Minesweeper,SDRF,sage,12357,0.25,0.8895,0.821753422072169,0.8745,0.7979585766785436,0.886,0.8151867829368766,0.8795,0.806008035775016,-0.0049999999999998,-0.0080494590964723
Minesweeper,SDRF,sage,12358,0.1,0.871,0.7972944306251974,0.88,0.8088867654085046,0.8735,0.7995066913651176,0.881,0.8097388145608964,-0.001,-0.0008520491523917
Minesweeper,SDRF,sage,12359,0.0,0.8765,0.8114053925077547,0.876,0.8144334833828177,0.879,0.8116426627812128,0.879,0.8163728632478633,-0.003,-0.0019393798650455
Minesweeper,SDRF,sage,12360,0.0,0.888,0.8195132013201321,0.8775,0.7975165612857451,0.888,0.8180636777128005,0.877,0.7977386190974209,0.0004999999999999,-0.0002220578116758
Minesweeper,SDRF,sage,12361,0.0,0.8915,0.8232143940958496,0.8745,0.7929875565727482,0.888,0.8202258733491278,0.872,0.7937293729372937,0.0025,-0.0007418163645455
Minesweeper,SDRF,sage,12362,0.0,0.8915,0.82392644831653,0.8835,0.8135533883470868,0.891,0.8225793062362561,0.8835,0.8135533883470868,0.0,0.0
Minesweeper,SDRF,sage,12363,0.0,0.888,0.8256527126569904,0.879,0.8105820453695137,0.8865,0.8260509073131034,0.875,0.8075549315203467,0.004,0.0030271138491669
Minesweeper,SDRF,sage,12364,0.4,0.893,0.8334360736990891,0.875,0.8024539954864689,0.8955,0.8320987773336563,0.879,0.8026474598607767,-0.004,-0.0001934643743077
Minesweeper,SDRF,sage,12365,0.0,0.8895,0.8173516736495905,0.8905,0.816708716253794,0.891,0.8192671198806168,0.889,0.8128022989901442,0.0014999999999999,0.0039064172636498
Minesweeper,SDRF,sage,12366,0.0,0.882,0.817999817999818,0.8855,0.820588524481636,0.884,0.818066612714007,0.894,0.8308543927592914,-0.0085,-0.0102658682776554
Minesweeper,SDRF,sage,12367,0.0,0.883,0.801829268292683,0.8665,0.7746142167780723,0.8805,0.7991150133790241,0.868,0.777864163936247,-0.0014999999999999,-0.0032499471581747
Minesweeper,SDRF,sage,12368,0.0,0.8845,0.8058391970316091,0.8835,0.8094062513931544,0.8825,0.8049694611223219,0.8785,0.8032254028716945,0.005,0.0061808485214598
Minesweeper,SDRF,sage,12369,0.1,0.885,0.8120518867539073,0.8855,0.8149326706468265,0.887,0.8081881589288412,0.894,0.8223786184072723,-0.0085,-0.0074459477604458
Minesweeper,SDRF,sage,12370,0.55,0.889,0.8232202580028667,0.8805,0.8056846587225026,0.889,0.8207685637749047,0.8715,0.7880390519489892,0.0089999999999998,0.0176456067735134
Minesweeper,SDRF,sage,12371,0.0,0.886,0.8159244709039561,0.8875,0.8203069875424824,0.885,0.8135656143661474,0.888,0.8226588193194215,-0.0005,-0.002351831776939
Minesweeper,SDRF,sage,12372,0.0,0.882,0.8138727867818132,0.8915,0.8266960724298609,0.879,0.8123402565820492,0.892,0.8289924329151566,-0.0005,-0.0022963604852956
Minesweeper,SDRF,sage,12373,0.0,0.888,0.8146796854187659,0.869,0.7888949051155115,0.8905,0.8193795812327962,0.868,0.7889539791767926,0.001,-5.90740612810281e-05
Minesweeper,SDRF,sage,12374,0.1,0.8805,0.808376204814568,0.884,0.8190889255909632,0.878,0.808656265095766,0.882,0.8173303920430357,0.002,0.0017585335479275
Minesweeper,SDRF,gat,12345,0.0,0.851,0.7738806332556333,0.837,0.757321664922261,0.8535,0.7746596726566433,0.8365,0.7542601483231637,0.0004999999999999,0.0030615165990973
Minesweeper,SDRF,gat,12346,0.4,0.837,0.7393901409531606,0.84,0.7466554561706022,0.8355,0.7392794524076036,0.8475,0.7592243709144619,-0.0075,-0.0125689147438596
Minesweeper,SDRF,gat,12347,0.1,0.843,0.7670481438781884,0.8275,0.7472408036863281,0.8455,0.7199918987947418,0.8485,0.7385441569149247,-0.021,0.0086966467714033
Minesweeper,SDRF,gat,12348,0.1,0.849,0.7712505927033484,0.838,0.7532759471462251,0.8495,0.7722091362299099,0.8415,0.7583906837886627,-0.0035,-0.0051147366424375
Minesweeper,SDRF,gat,12349,0.4,0.84,0.7374358974358974,0.841,0.7417153996101364,0.8435,0.736351671492498,0.8355,0.7179982677036445,0.0054999999999999,0.0237171319064919
Minesweeper,SDRF,gat,12350,0.55,0.8365,0.7576089119864616,0.8335,0.7548145260244501,0.8425,0.7586168978133373,0.835,0.7450414423546428,-0.0014999999999999,0.0097730836698073
Minesweeper,SDRF,gat,12351,0.25,0.8435,0.7434425178043106,0.8485,0.7480072404256266,0.827,0.7360515447087489,0.8385,0.7559898633807642,0.01,-0.0079826229551376
Minesweeper,SDRF,gat,12352,0.4,0.846,0.7537796423729247,0.852,0.7525265699513748,0.851,0.7470799617734278,0.853,0.7383205519834234,-0.001,0.0142060179679514
Minesweeper,SDRF,gat,12353,0.0,0.849,0.769203492211,0.8245,0.7432685714285714,0.85,0.7673639544405568,0.832,0.7523990031112244,-0.0074999999999999,-0.009130431682653
Minesweeper,SDRF,gat,12354,0.55,0.8525,0.7718730268466782,0.8565,0.7776502903910449,0.8475,0.7632677740301643,0.852,0.7683152290470086,0.0045,0.0093350613440363
Minesweeper,SDRF,gat,12355,0.1,0.832,0.7463917432397549,0.8335,0.7470987556575261,0.8205,0.7448543555458109,0.8285,0.7543155054492893,0.005,-0.0072167497917631
Minesweeper,SDRF,gat,12356,0.55,0.8285,0.7543155054492893,0.8295,0.7538011904903724,0.8325,0.7512577263248403,0.833,0.7509410550554492,-0.0034999999999999,0.0028601354349232
Minesweeper,SDRF,gat,12357,0.4,0.823,0.7458353616245859,0.8225,0.7465168378868072,0.831,0.7125048482910199,0.831,0.7118750117210609,-0.0084999999999999,0.0346418261657462
Minesweeper,SDRF,gat,12358,0.55,0.8445,0.7540170946255108,0.8425,0.7494072287661409,0.834,0.7520074696545285,0.8245,0.7357643017571673,0.018,0.0136429270089735
Minesweeper,SDRF,gat,12359,0.25,0.8305,0.7536615593223295,0.81,0.7218281454282456,0.8345,0.7477202408014112,0.828,0.7292123227285322,-0.0179999999999999,-0.0073841773002866
Minesweeper,SDRF,gat,12360,0.4,0.84,0.7563219231073828,0.839,0.7474890055771993,0.8335,0.7544044030201621,0.8225,0.7327530687287591,0.0164999999999999,0.0147359368484402
Minesweeper,SDRF,gat,12361,0.0,0.8445,0.7658766320412509,0.831,0.7470907959007758,0.8385,0.7679090002087382,0.8235,0.749118628155073,0.0074999999999999,-0.0020278322542972
Minesweeper,SDRF,gat,12362,0.1,0.8605,0.7722425739038153,0.85,0.7538461538461538,0.841,0.7664426572656164,0.841,0.7632769614885859,0.009,-0.009430807642432
Minesweeper,SDRF,gat,12363,0.0,0.8395,0.7663618574450686,0.833,0.7574916211176876,0.8415,0.7613597824986383,0.834,0.7528551924975173,-0.001,0.0046364286201703
Minesweeper,SDRF,gat,12364,0.25,0.8435,0.7556976879869217,0.8395,0.7513092098101932,0.8465,0.7538556271049053,0.843,0.7459859305328147,-0.0034999999999999,0.0053232792773785
Minesweeper,SDRF,gat,12365,0.4,0.842,0.7374713170798171,0.848,0.7379744042365401,0.8385,0.7267527268682012,0.845,0.7279097854173688,0.003,0.0100646188191713
Minesweeper,SDRF,gat,12366,0.55,0.8455,0.7424758571116041,0.8545,0.7609855281254736,0.8445,0.7380363253487761,0.853,0.7572719346912895,0.0015,0.003713593434184
Minesweeper,SDRF,gat,12367,0.55,0.8445,0.7646413334468504,0.829,0.74095265796207,0.832,0.7528117661599307,0.8235,0.7400886717316242,0.0054999999999999,0.0008639862304458
Minesweeper,SDRF,gat,12368,0.0,0.828,0.7604586937478326,0.821,0.7510777360589626,0.8295,0.7553625638003314,0.828,0.7526233431516937,-0.007,-0.0015456070927311
Minesweeper,SDRF,gat,12369,0.1,0.847,0.7402901620894929,0.8425,0.7358002045661274,0.8435,0.7460321581708473,0.8345,0.7454346472674025,0.008,-0.0096344427012751
Minesweeper,SDRF,gat,12370,0.25,0.848,0.7785547785547786,0.8335,0.7531613690871307,0.847,0.7745062349762937,0.836,0.7549953314659197,-0.0024999999999999,-0.0018339623787889
Minesweeper,SDRF,gat,12371,0.0,0.845,0.7651910057550927,0.835,0.7588269342079876,0.854,0.7665703103016039,0.8455,0.7592699569295779,-0.0105,-0.0004430227215902
Minesweeper,SDRF,gat,12372,0.0,0.845,0.7639368630102772,0.849,0.7631729182742677,0.8405,0.7623297053223618,0.832,0.7481527453599393,0.017,0.0150201729143284
Minesweeper,SDRF,gat,12373,0.4,0.841,0.7675968638731517,0.824,0.750791520115089,0.84,0.7625968345255423,0.8235,0.7455444142133267,0.0004999999999999,0.0052471059017622
Minesweeper,SDRF,gat,12374,0.1,0.838,0.7514956281638288,0.852,0.7741943850687563,0.8295,0.7493420228098759,0.8495,0.7791116693250321,0.0024999999999999,-0.0049172842562758
Minesweeper,DiffWire CT,gcn,12345,,0.75,0.6026189003988116,0.7645,0.630294645748094,0.7205,0.6063478694722773,0.729,0.618608526280828,0.0354999999999999,0.011686119467266
Minesweeper,DiffWire CT,gcn,12346,,0.729,0.5951447245564893,0.741,0.6069468725718725,0.725,0.5919633093407759,0.7235,0.592149053664113,0.0174999999999999,0.0147978189077595
Minesweeper,DiffWire CT,gcn,12347,,0.7505,0.6068264075555515,0.7565,0.6205969871349658,0.734,0.607308201058201,0.7345,0.6172353652897352,0.0219999999999999,0.0033616218452305
Minesweeper,DiffWire CT,gcn,12348,,0.6885,0.6023284530800236,0.67,0.5916629957582447,0.7295,0.6075124012659721,0.731,0.6155473234090234,-0.0609999999999999,-0.0238843276507787
Minesweeper,DiffWire CT,gcn,12349,,0.7985,0.5834692054029109,0.7935,0.5793592714869242,0.7985,0.5745801618178834,0.7955,0.5734587024071425,-0.002,0.0059005690797817
Minesweeper,DiffWire CT,gcn,12350,,0.7905,0.5617097503889956,0.794,0.5589809462641833,0.791,0.5539515834718787,0.794,0.5505166876134618,0.0,0.0084642586507214
Minesweeper,DiffWire CT,gcn,12351,,0.7905,0.566932002639751,0.8,0.5770990687721494,0.7945,0.5593625015344584,0.799,0.5614264767490573,0.001,0.0156725920230921
Minesweeper,DiffWire CT,gcn,12352,,0.801,0.6032410619581947,0.7995,0.584300663615786,0.7965,0.5890464210941362,0.7965,0.571668896900072,0.003,0.0126317667157139
Minesweeper,DiffWire CT,gcn,12353,,0.696,0.5839258512069572,0.7075,0.5959106154281326,0.724,0.5840867992766727,0.7345,0.6002588154787917,-0.027,-0.004348200050659
Minesweeper,DiffWire CT,gcn,12354,,0.8025,0.5751845392983876,0.7995,0.5632186537222539,0.6905,0.5692832880872037,0.694,0.5712934748345067,0.1055,-0.0080748211122527
Minesweeper,DiffWire CT,gcn,12355,,0.7495,0.6044964256660506,0.7545,0.604771558363207,0.763,0.6045458868600777,0.7605,0.5965254014214267,-0.006,0.0082461569417802
Minesweeper,DiffWire CT,gcn,12356,,0.7935,0.5805775944144715,0.7995,0.5891896432762587,0.7905,0.5732482681671216,0.802,0.5707261232666441,-0.0025,0.0184635200096145
Minesweeper,DiffWire CT,gcn,12357,,0.751,0.5827573205982155,0.759,0.6003979439562261,0.713,0.5872261597938144,0.73,0.6104368301677718,0.029,-0.0100388862115456
Minesweeper,DiffWire CT,gcn,12358,,0.746,0.6082368963724896,0.7525,0.6039009752438109,0.7445,0.6105288309653207,0.755,0.6043990822058707,-0.0025,-0.0004981069620597
Minesweeper,DiffWire CT,gcn,12359,,0.81,0.5932348533504603,0.805,0.5602998078848391,0.8125,0.5954201561678197,0.8045,0.5539073325198702,0.0005,0.0063924753649688
Minesweeper,DiffWire CT,gcn,12360,,0.796,0.5738600757025042,0.8,0.5663900235016607,0.7115,0.5708401900352364,0.7105,0.564882647948354,0.0895,0.0015073755533067
Minesweeper,DiffWire CT,gcn,12361,,0.794,0.5773006336386618,0.7945,0.5687735384334518,0.683,0.5727394276595286,0.6955,0.581151832460733,0.0989999999999999,-0.0123782940272811
Minesweeper,DiffWire CT,gcn,12362,,0.7995,0.5673692869954552,0.798,0.5578233526183644,0.804,0.5667550839964632,0.802,0.5489739156581223,-0.004,0.008849436960242
Minesweeper,DiffWire CT,gcn,12363,,0.7985,0.588346844852216,0.788,0.563706110789836,0.7925,0.5797619427352232,0.795,0.5877897285243475,-0.007,-0.0240836177345115
Minesweeper,DiffWire CT,gcn,12364,,0.7995,0.5903897885502198,0.7985,0.5732720030961604,0.76,0.5777257363847341,0.765,0.5948946381288615,0.0334999999999999,-0.021622635032701
Minesweeper,DiffWire CT,gcn,12365,,0.803,0.5602197561786892,0.8065,0.561466876301364,0.8065,0.561466876301364,0.8085,0.5615338074034387,-0.002,-6.693110207467434e-05
Minesweeper,DiffWire CT,gcn,12366,,0.7995,0.5632186537222539,0.8055,0.5679484381447106,0.8005,0.5568417141895619,0.805,0.5588145459975429,0.0004999999999999,0.0091338921471677
Minesweeper,DiffWire CT,gcn,12367,,0.735,0.6132961903108077,0.7355,0.5960868527797661,0.749,0.6025657468676322,0.7415,0.5779548770905826,-0.006,0.0181319756891835
Minesweeper,DiffWire CT,gcn,12368,,0.7675,0.6271754612501007,0.742,0.5976288172626595,0.7595,0.6252713569033235,0.7385,0.6042039144459895,0.0034999999999999,-0.00657509718333
Minesweeper,DiffWire CT,gcn,12369,,0.801,0.5739670306144294,0.7975,0.5737737180455262,0.802,0.565175379263697,0.793,0.5540484643755816,0.0044999999999999,0.0197252536699445
Minesweeper,DiffWire CT,gcn,12370,,0.758,0.6274263474233914,0.7485,0.6095858699579432,0.76,0.6242949660221759,0.7495,0.6037381492198743,-0.001,0.0058477207380688
Minesweeper,DiffWire CT,gcn,12371,,0.8115,0.6008028416060855,0.795,0.5743355481727574,0.811,0.592826858777705,0.797,0.5640399536980365,-0.002,0.0102955944747209
Minesweeper,DiffWire CT,gcn,12372,,0.734,0.5941601785695214,0.743,0.6180233525956577,0.7885,0.5640916644124125,0.8095,0.6014592241007335,-0.0665,0.0165641284949241
Minesweeper,DiffWire CT,gcn,12373,,0.8035,0.5799754077204368,0.801,0.5766101579520697,0.804,0.5723362658846529,0.7995,0.5673692869954552,0.0015,0.0092408709566145
Minesweeper,DiffWire CT,gcn,12374,,0.723,0.5990527802867135,0.7475,0.6353947249197598,0.7405,0.5871185769194511,0.7585,0.6223020105966572,-0.0109999999999998,0.0130927143231025
Pubmed,SDRF,gcn,12345,0.0,0.8808316430020284,0.8767817321187682,0.8727180527383367,0.8651565440552821,0.8815922920892495,0.8771037766184847,0.8732251521298174,0.8653636225672378,-0.0005070993914807,-0.0002070785119556
Pubmed,SDRF,gcn,12346,0.0,0.8739858012170385,0.8680413126369028,0.8722109533468559,0.8660544655345427,0.8724645030425964,0.868208729233321,0.8717038539553753,0.8654084650793771,0.0005070993914806,0.0006460004551656
Pubmed,SDRF,gcn,12347,0.25,0.8767748478701826,0.8714536143663644,0.8643509127789046,0.8576797672031696,0.8755070993914807,0.8695328116079231,0.8686612576064908,0.8619962781569983,-0.0043103448275861,-0.0043165109538286
Pubmed,SDRF,gcn,12348,0.0,0.8815922920892495,0.8769853910783144,0.8724645030425964,0.8673204078697748,0.8831135902636917,0.8788117350082428,0.8724645030425964,0.8678237924683231,0.0,-0.0005033845985482
Pubmed,SDRF,gcn,12349,0.0,0.8777890466531441,0.8726729606553363,0.8668864097363083,0.8597853837186413,0.8798174442190669,0.8754064439533046,0.869421906693712,0.8616574941302512,-0.0025354969574037,-0.0018721104116098
Pubmed,SDRF,gcn,12350,0.0,0.8765212981744422,0.871529732762862,0.8640973630831643,0.8586133503126367,0.8780425963488844,0.8723837755212142,0.8630831643002028,0.8575337421962744,0.0010141987829614,0.0010796081163623
Pubmed,SDRF,gcn,12351,0.0,0.8734787018255578,0.8652766507775033,0.8661257606490872,0.8596421480824299,0.8727180527383367,0.8642667362131559,0.8666328600405679,0.8608016797318868,-0.0005070993914807,-0.0011595316494569
Pubmed,SDRF,gcn,12352,0.0,0.8808316430020284,0.8751857627053511,0.8709432048681541,0.8659500328816573,0.8810851926977687,0.8758757262825583,0.8714503042596349,0.866870657115617,-0.0005070993914807,-0.0009206242339596
Pubmed,SDRF,gcn,12353,0.0,0.8714503042596349,0.8660592831502103,0.880578093306288,0.8734209581112585,0.8729716024340771,0.8670793714307572,0.8808316430020284,0.8739605500543721,-0.0002535496957404,-0.0005395919431135
Pubmed,SDRF,gcn,12354,0.0,0.8859026369168357,0.8809141502375555,0.8587728194726166,0.8522350522616811,0.8856490872210954,0.8804249544855153,0.8615618661257607,0.8544759620982231,-0.002789046653144,-0.002240909836542
Pubmed,SDRF,gcn,12355,0.0,0.8711967545638946,0.865597312378478,0.8696754563894523,0.8623269257446681,0.8704361054766734,0.8651735339005541,0.8727180527383367,0.8663961103111149,-0.0030425963488843,-0.0040691845664467
Pubmed,SDRF,gcn,12356,0.0,0.8742393509127789,0.8687487009730684,0.8762677484787018,0.8704151066068021,0.8734787018255578,0.867939721403967,0.8760141987829615,0.8706651727509699,0.0002535496957403,-0.0002500661441677
Pubmed,SDRF,gcn,12357,0.0,0.8775354969574036,0.8727884586207613,0.8755070993914807,0.8680411803436158,0.8770283975659229,0.8724317985165085,0.875,0.8673418294618257,0.0005070993914807,0.00069935088179
Pubmed,SDRF,gcn,12358,0.0,0.8701825557809331,0.8620806512609104,0.8696754563894523,0.8650180330695286,0.8699290060851927,0.8621299489387942,0.8679006085192698,0.8622340565564555,0.0017748478701825,0.0027839765130731
Pubmed,SDRF,gcn,12359,0.0,0.8851419878296146,0.8805548938822195,0.8666328600405679,0.8602893557178563,0.8853955375253549,0.880799545648497,0.8640973630831643,0.8591979383457106,0.0025354969574036,0.0010914173721456
Pubmed,SDRF,gcn,12360,0.0,0.8793103448275862,0.8738660302148912,0.8651115618661258,0.8576164621533039,0.8803245436105477,0.875307771804032,0.8658722109533469,0.8585948724015285,-0.000760649087221,-0.0009784102482246
Pubmed,SDRF,gcn,12361,0.0,0.8815922920892495,0.8756804700492512,0.8739858012170385,0.8678433211395933,0.8813387423935092,0.8755245160726256,0.8742393509127789,0.8678472184443121,-0.0002535496957404,-3.897304718836203e-06
Pubmed,SDRF,gcn,12362,0.0,0.8775354969574036,0.8715648524207218,0.8785496957403651,0.8726081521031176,0.8785496957403651,0.8725335811952225,0.8762677484787018,0.8700816932770913,0.0022819472616633,0.0025264588260263
Pubmed,SDRF,gcn,12363,0.0,0.8803245436105477,0.8758472973895953,0.8661257606490872,0.8596782309154843,0.8828600405679513,0.8771799674210646,0.8686612576064908,0.8616264106648592,-0.0025354969574036,-0.0019481797493748
Pubmed,SDRF,gcn,12364,0.0,0.8793103448275862,0.8741420602468781,0.8663793103448276,0.8612028248500514,0.8813387423935092,0.8757997397656324,0.869421906693712,0.8640974611803777,-0.0030425963488843,-0.0028946363303262
Pubmed,SDRF,gcn,12365,0.0,0.869421906693712,0.8633298667922688,0.8653651115618661,0.856541914231656,0.869421906693712,0.8634235613383633,0.8656186612576064,0.8558306682825293,-0.0002535496957403,0.0007112459491267
Pubmed,SDRF,gcn,12366,0.0,0.8782961460446247,0.8715266316690803,0.8747464503042597,0.8690537271764683,0.8793103448275862,0.873156072123952,0.8737322515212982,0.8677959930532867,0.0010141987829614,0.0012577341231816
Pubmed,SDRF,gcn,12367,0.0,0.8765212981744422,0.8695526941628047,0.875,0.8693367853750914,0.8757606490872211,0.8688397214623028,0.8739858012170385,0.8683147589886171,0.0010141987829614,0.0010220263864743
Pubmed,SDRF,gcn,12368,0.0,0.8800709939148073,0.8746972738384343,0.8701825557809331,0.8643183806204005,0.8785496957403651,0.8732624431233177,0.8706896551724138,0.8642550906042579,-0.0005070993914807,6.32900161425809e-05
Pubmed,SDRF,gcn,12369,0.0,0.8737322515212982,0.8679615416825494,0.8770283975659229,0.8710752480252166,0.8747464503042597,0.8691571602157312,0.8790567951318459,0.8732031586702406,-0.0020283975659229,-0.0021279106450239
Pubmed,SDRF,gcn,12370,0.0,0.8732251521298174,0.8687025732537866,0.8724645030425964,0.8667868034710224,0.8742393509127789,0.8694821967658345,0.8737322515212982,0.8675041180717328,-0.0012677484787018,-0.0007173146007103
Pubmed,SDRF,gcn,12371,0.0,0.8739858012170385,0.8685536928043294,0.8818458417849898,0.8746612346080366,0.8732251521298174,0.8678438320065779,0.882606490872211,0.875776668190786,-0.0007606490872211,-0.0011154335827494
Pubmed,SDRF,gcn,12372,0.0,0.8704361054766734,0.8643517575178951,0.8747464503042597,0.8712931025939786,0.8696754563894523,0.8632714816231563,0.8770283975659229,0.8737555551036845,-0.0022819472616631,-0.0024624525097058
Pubmed,SDRF,gcn,12373,0.0,0.8785496957403651,0.8745922133921505,0.8691683569979716,0.8631847764234214,0.8782961460446247,0.8740761584105528,0.8681541582150102,0.8626467888314299,0.0010141987829613,0.0005379875919915
Pubmed,SDRF,gcn,12374,0.0,0.8737322515212982,0.8679463133625661,0.8734787018255578,0.867771107511707,0.8722109533468559,0.8662694553580305,0.8699290060851927,0.8646971852736559,0.003549695740365,0.0030739222380511
Pubmed,SDRF,sage,12345,0.55,0.8993407707910751,0.8967163091514463,0.8894523326572008,0.8871068525381394,0.8988336713995944,0.896361680186264,0.8912271805273834,0.8882825145327282,-0.0017748478701825,-0.0011756619945888
Pubmed,SDRF,sage,12346,0.1,0.8985801217038539,0.8962494128948918,0.9023833671399596,0.9008123868077128,0.8980730223123732,0.8950391722987887,0.8995943204868154,0.8975930209456205,0.002789046653144,0.0032193658620922
Pubmed,SDRF,sage,12347,0.0,0.9031440162271804,0.9004053617663784,0.890973630831643,0.8866640752701084,0.902129817444219,0.8992311185079419,0.8917342799188641,0.8877965274693946,-0.000760649087221,-0.0011324521992862
Pubmed,SDRF,sage,12348,0.55,0.9046653144016228,0.901699223197846,0.8914807302231237,0.8893865532087509,0.9018762677484788,0.8985931768307075,0.8907200811359026,0.8883493191050441,0.000760649087221,0.0010372341037068
Pubmed,SDRF,sage,12349,0.0,0.8960446247464503,0.8937363948461566,0.8886916835699797,0.8848251962494098,0.8960446247464503,0.8935634353622453,0.8897058823529411,0.886058887680159,-0.0010141987829613,-0.0012336914307491
Pubmed,SDRF,sage,12350,0.4,0.8942697768762677,0.8913918487999007,0.8798174442190669,0.8763814668059448,0.8950304259634888,0.8916549826383461,0.8820993914807302,0.8781642427326082,-0.0022819472616633,-0.0017827759266634
Pubmed,SDRF,sage,12351,0.0,0.8952839756592292,0.8899567932101968,0.8894523326572008,0.8880739185845661,0.896551724137931,0.8907092545429259,0.8894523326572008,0.8879951704753419,0.0,7.87481092241471e-05
Pubmed,SDRF,sage,12352,0.0,0.9031440162271804,0.9000242727648805,0.8942697768762677,0.891873463502749,0.9023833671399596,0.8992662691600621,0.8947768762677485,0.893095752772497,-0.0005070993914807,-0.0012222892697479
Pubmed,SDRF,sage,12353,0.0,0.893762677484787,0.8909240662068708,0.893762677484787,0.8883994137596157,0.8935091277890467,0.8906575297078413,0.8952839756592292,0.8899994700405492,-0.0015212981744422,-0.0016000562809335
Pubmed,SDRF,sage,12354,0.1,0.9026369168356998,0.9010863495983584,0.8780425963488844,0.8743839819279389,0.90289046653144,0.9007775654768576,0.8803245436105477,0.8764819734705025,-0.0022819472616633,-0.0020979915425636
Pubmed,SDRF,sage,12355,0.4,0.8884381338742393,0.8858382089189026,0.8947768762677485,0.8897767086154226,0.8874239350912779,0.8842203525544207,0.8922413793103449,0.8875837703268727,0.0025354969574036,0.0021929382885498
Pubmed,SDRF,sage,12356,0.0,0.8879310344827587,0.8841807332926711,0.9008620689655172,0.8966485662036107,0.8879310344827587,0.8841664577654941,0.8985801217038539,0.8946364238180856,0.0022819472616633,0.002012142385525
Pubmed,SDRF,sage,12357,0.4,0.8945233265720081,0.8922489644891357,0.8912271805273834,0.8888237547414161,0.8930020283975659,0.8906695879795833,0.8935091277890467,0.8904548513930249,-0.0022819472616633,-0.0016310966516088
Pubmed,SDRF,sage,12358,0.25,0.9018762677484788,0.8985276255021478,0.888184584178499,0.8849667108765426,0.901369168356998,0.8977051808715887,0.8897058823529411,0.8865506542913915,-0.0015212981744421,-0.0015839434148489
Pubmed,SDRF,sage,12359,0.4,0.9066937119675456,0.9055940972407044,0.8841277890466531,0.8811961875892623,0.9066937119675456,0.9050796878701456,0.8859026369168357,0.882489621150275,-0.0017748478701825,-0.0012934335610126
Pubmed,SDRF,sage,12360,0.25,0.8988336713995944,0.8962315323102285,0.8907200811359026,0.8877341349950588,0.8975659229208925,0.8948080472138598,0.8899594320486816,0.8856974423235026,0.000760649087221,0.0020366926715562
Pubmed,SDRF,sage,12361,0.1,0.9026369168356998,0.8991978843802669,0.8975659229208925,0.8950220848255827,0.902129817444219,0.8987453136244786,0.8988336713995944,0.8959279174181253,-0.0012677484787018,-0.0009058325925426
Pubmed,SDRF,sage,12362,0.25,0.9008620689655172,0.8975511348329884,0.89579107505071,0.8933678939862381,0.8993407707910751,0.8957528538317302,0.8980730223123732,0.8946377758705428,-0.0022819472616631,-0.0012698818843047
Pubmed,SDRF,sage,12363,0.0,0.902129817444219,0.9010247673820416,0.8970588235294118,0.8946601367119694,0.90289046653144,0.9014561741768512,0.8962981744421906,0.8936048931827795,0.0007606490872211,0.0010552435291899
Pubmed,SDRF,sage,12364,0.1,0.9001014198782962,0.8972416368327668,0.8902129817444219,0.8885434485450898,0.8998478701825557,0.8972662071006713,0.888184584178499,0.8862638993506368,0.0020283975659228,0.002279549194453
Pubmed,SDRF,sage,12365,0.55,0.896551724137931,0.893484238250016,0.882606490872211,0.8784867769405152,0.8940162271805274,0.8905868713025358,0.8891987829614605,0.8845477018370876,-0.0065922920892494,-0.0060609248965723
Pubmed,SDRF,sage,12366,0.0,0.8968052738336714,0.8919734057847261,0.9026369168356998,0.8992895621047788,0.896551724137931,0.8917132472360062,0.9026369168356998,0.8990466004354986,0.0,0.0002429616692802
Pubmed,SDRF,sage,12367,0.55,0.90289046653144,0.900884264770438,0.8902129817444219,0.8864483760496426,0.90289046653144,0.900748477054702,0.8932555780933062,0.8888266355272144,-0.0030425963488843,-0.0023782594775718
Pubmed,SDRF,sage,12368,0.25,0.9003549695740365,0.8976810916817154,0.8932555780933062,0.8899003369065192,0.8998478701825557,0.8976099383176516,0.8924949290060852,0.8889963841219274,0.000760649087221,0.0009039527845917
Pubmed,SDRF,sage,12369,0.1,0.8990872210953347,0.8966423379723061,0.8980730223123732,0.8943849400593095,0.8993407707910751,0.8965497056010658,0.9003549695740365,0.8963945896848552,-0.0022819472616633,-0.0020096496255457
Pubmed,SDRF,sage,12370,0.0,0.8960446247464503,0.8923702422792753,0.8973123732251521,0.8941417246830324,0.8947768762677485,0.8914883760060377,0.8980730223123732,0.8951397686609397,-0.000760649087221,-0.0009980439779072
Pubmed,SDRF,sage,12371,0.1,0.8990872210953347,0.8965560011203145,0.901369168356998,0.8972670401838773,0.8978194726166329,0.8953136624672119,0.8998478701825557,0.8958264461298496,0.0015212981744422,0.0014405940540276
Pubmed,SDRF,sage,12372,0.1,0.890973630831643,0.8875627473075073,0.8970588235294118,0.895021364298577,0.8899594320486816,0.886564284809526,0.8930020283975659,0.8911084452589856,0.0040567951318458,0.0039129190395914
Pubmed,SDRF,sage,12373,0.25,0.8975659229208925,0.89563739268806,0.8914807302231237,0.8880499277232256,0.8973123732251521,0.8952442212068693,0.8912271805273834,0.8877662067961731,0.0002535496957403,0.0002837209270524
Pubmed,SDRF,sage,12374,0.0,0.8973123732251521,0.8946081024176182,0.8894523326572008,0.8859994118615777,0.8970588235294118,0.8942825338370018,0.8919878296146044,0.8887950371207136,-0.0025354969574036,-0.0027956252591359
Pubmed,SDRF,gat,12345,0.0,0.8838742393509128,0.8795886400972943,0.8770283975659229,0.8701059395844505,0.8841277890466531,0.8799475285526843,0.8765212981744422,0.8696124631374186,0.0005070993914806,0.0004934764470319
Pubmed,SDRF,gat,12346,0.0,0.8739858012170385,0.8694794578873374,0.8742393509127789,0.869097417408392,0.8744929006085193,0.8697608264340712,0.8744929006085193,0.8696019536844414,-0.0002535496957403,-0.0005045362760494
Pubmed,SDRF,gat,12347,0.0,0.8765212981744422,0.8716770203286365,0.8610547667342799,0.8538191671864563,0.8765212981744422,0.8712160951052837,0.8656186612576064,0.8585474241356783,-0.0045638945233265,-0.0047282569492219
Pubmed,SDRF,gat,12348,0.0,0.8798174442190669,0.873941357565068,0.8676470588235294,0.8614265894137901,0.8790567951318459,0.8734983191585295,0.8719574036511156,0.8670288693452974,-0.0043103448275861,-0.0056022799315073
Pubmed,SDRF,gat,12349,0.0,0.8755070993914807,0.8700189235858914,0.8635902636916836,0.8551983579043888,0.8752535496957403,0.8698599397810821,0.8646044624746451,0.8563550074881685,-0.0010141987829614,-0.0011566495837797
Pubmed,SDRF,gat,12350,0.0,0.8727180527383367,0.8676097671084307,0.8608012170385395,0.8544884337800239,0.8717038539553753,0.8665911770445239,0.8633367139959433,0.8567976921784727,-0.0025354969574037,-0.0023092583984487
Pubmed,SDRF,gat,12351,0.0,0.8755070993914807,0.8678733744008232,0.8714503042596349,0.8677665589543366,0.8757606490872211,0.8685335550751908,0.8719574036511156,0.8675838600958228,-0.0005070993914807,0.0001826988585138
Pubmed,SDRF,gat,12352,0.0,0.8760141987829615,0.8705934233705509,0.8719574036511156,0.8674620952158509,0.875,0.8694035742366039,0.8729716024340771,0.8684221119179338,-0.0010141987829614,-0.0009600167020828
Pubmed,SDRF,gat,12353,0.0,0.8729716024340771,0.8669227988576046,0.8717038539553753,0.8646012644699962,0.8732251521298174,0.8673461706792005,0.8742393509127789,0.8679989608598251,-0.0025354969574036,-0.0033976963898288
Pubmed,SDRF,gat,12354,0.0,0.8813387423935092,0.8757694733725357,0.8567444219066938,0.8507301111953568,0.8813387423935092,0.87621871260456,0.859026369168357,0.8526942717901669,-0.0022819472616631,-0.00196416059481
Pubmed,SDRF,gat,12355,0.0,0.8709432048681541,0.8639334942390801,0.8729716024340771,0.8649833990943292,0.8714503042596349,0.8648331551899838,0.8727180527383367,0.8654299679444585,0.0002535496957404,-0.0004465688501292
Pubmed,SDRF,gat,12356,0.0,0.8701825557809331,0.8650471259422683,0.8686612576064908,0.8630872238572304,0.8701825557809331,0.8649424786080395,0.8679006085192698,0.8623062216520774,0.000760649087221,0.0007810022051529
Pubmed,SDRF,gat,12357,0.25,0.8706896551724138,0.8662527115445404,0.8689148073022313,0.8612053817220744,0.8706896551724138,0.8660644085127512,0.8757606490872211,0.8682981705416601,-0.0068458417849898,-0.0070927888195857
Pubmed,SDRF,gat,12358,0.0,0.8701825557809331,0.8627805599360467,0.8699290060851927,0.8652008800886085,0.8701825557809331,0.8630460268262589,0.869421906693712,0.8641488249783956,0.0005070993914807,0.0010520551102128
Pubmed,SDRF,gat,12359,0.0,0.8871703853955375,0.8831006278705024,0.8643509127789046,0.8587508465312382,0.8851419878296146,0.8811430348110791,0.861815415821501,0.8559767966477411,0.0025354969574036,0.0027740498834971
Pubmed,SDRF,gat,12360,0.0,0.8818458417849898,0.8770544170578208,0.8676470588235294,0.8608515066080167,0.8815922920892495,0.8774994607574053,0.8640973630831643,0.8568530046647496,0.0035496957403651,0.0039985019432671
Pubmed,SDRF,gat,12361,0.0,0.8800709939148073,0.8738695840952376,0.8760141987829615,0.8705960215258268,0.8808316430020284,0.8744935021092465,0.8793103448275862,0.8735080114817277,-0.0032961460446246,-0.0029119899559009
Pubmed,SDRF,gat,12362,0.0,0.8777890466531441,0.872761743817246,0.8734787018255578,0.8679072891405334,0.8770283975659229,0.8715617679309858,0.8747464503042597,0.8691815076153465,-0.0012677484787019,-0.0012742184748131
Pubmed,SDRF,gat,12363,0.0,0.8767748478701826,0.872198592813655,0.8628296146044625,0.8558968895249114,0.8785496957403651,0.8739024211083262,0.8648580121703854,0.8587759214283673,-0.0020283975659228,-0.0028790319034559
Pubmed,SDRF,gat,12364,0.0,0.8782961460446247,0.8722630613337606,0.8630831643002028,0.8578618083884404,0.8767748478701826,0.8708000742381482,0.8638438133874239,0.8592737136206975,-0.000760649087221,-0.001411905232257
Pubmed,SDRF,gat,12365,0.25,0.8668864097363083,0.8624596139293286,0.8524340770791075,0.845018434085664,0.8661257606490872,0.8602281741699671,0.859026369168357,0.8518651614392251,-0.0065922920892494,-0.006846727353561
Pubmed,SDRF,gat,12366,0.1,0.8772819472616633,0.8696725260812067,0.8704361054766734,0.8647440462061872,0.8770283975659229,0.8689932814146409,0.8724645030425964,0.8662163840934382,-0.0020283975659229,-0.0014723378872509
Pubmed,SDRF,gat,12367,0.0,0.8815922920892495,0.8749420875323906,0.867393509127789,0.861773130173988,0.8808316430020284,0.8739098866943794,0.8656186612576064,0.8597342718757873,0.0017748478701825,0.0020388582982007
Pubmed,SDRF,gat,12368,0.0,0.8711967545638946,0.8658832402407471,0.8717038539553753,0.8661255115072849,0.8714503042596349,0.866133427929281,0.8732251521298174,0.8681914145505066,-0.0015212981744421,-0.0020659030432217
Pubmed,SDRF,gat,12369,0.0,0.8734787018255578,0.868923036047765,0.8795638945233266,0.8739029511624049,0.8734787018255578,0.8688348327082468,0.8780425963488844,0.8733125817770131,0.0015212981744422,0.0005903693853918
Pubmed,SDRF,gat,12370,0.0,0.8737322515212982,0.8698668195653504,0.8681541582150102,0.8637657858364983,0.8729716024340771,0.8691094625820961,0.8691683569979716,0.8648335780959572,-0.0010141987829613,-0.0010677922594588
Pubmed,SDRF,gat,12371,0.0,0.8684077079107505,0.8618874296619353,0.8815922920892495,0.8749736821436859,0.8684077079107505,0.8614425705945209,0.8795638945233266,0.8723753596570548,0.0020283975659228,0.002598322486631
Pubmed,SDRF,gat,12372,0.0,0.8727180527383367,0.8680258026953102,0.8765212981744422,0.8733887618477135,0.8724645030425964,0.8675821838637443,0.8737322515212982,0.8698665845284941,0.002789046653144,0.0035221773192194
Pubmed,SDRF,gat,12373,0.0,0.8770283975659229,0.8725749579673252,0.8648580121703854,0.8594899896104784,0.8775354969574036,0.8732388092737967,0.8620689655172413,0.8569376008680999,0.002789046653144,0.0025523887423785
Pubmed,SDRF,gat,12374,0.0,0.8719574036511156,0.8672075082919845,0.875,0.8705531593552708,0.8711967545638946,0.8664842844585886,0.8744929006085193,0.8696783591609668,0.0005070993914807,0.0008748001943039
Pubmed,DiffWire CT,gcn,12345,,0.8620689655172413,0.8572423631023899,0.8554766734279919,0.849795858199046,0.8815922920892495,0.8771037766184847,0.8732251521298174,0.8653636225672378,-0.0177484787018255,-0.0155677643681917
Pubmed,DiffWire CT,gcn,12346,,0.8577586206896551,0.8527688816795508,0.856237322515213,0.853147089361746,0.8724645030425964,0.868208729233321,0.8717038539553753,0.8654084650793771,-0.0154665314401623,-0.012261375717631
Pubmed,DiffWire CT,gcn,12347,,0.8554766734279919,0.8504200148778462,0.8511663286004056,0.8440009740524891,0.8755070993914807,0.8695328116079231,0.8686612576064908,0.8619962781569983,-0.0174949290060851,-0.0179953041045092
Pubmed,DiffWire CT,gcn,12348,,0.8600405679513184,0.8552332195263185,0.8547160243407708,0.8491307263853992,0.8831135902636917,0.8788117350082428,0.8724645030425964,0.8678237924683231,-0.0177484787018256,-0.0186930660829238
Pubmed,DiffWire CT,gcn,12349,,0.856237322515213,0.8517771082637031,0.8481237322515213,0.8416164479174402,0.8798174442190669,0.8754064439533046,0.869421906693712,0.8616574941302512,-0.0212981744421907,-0.0200410462128109
Pubmed,DiffWire CT,gcn,12350,,0.861815415821501,0.8564416504753661,0.8483772819472617,0.8434834742468253,0.8780425963488844,0.8723837755212142,0.8630831643002028,0.8575337421962744,-0.0147058823529411,-0.014050267949449
Pubmed,DiffWire CT,gcn,12351,,0.8466024340770791,0.839211826514584,0.8498985801217038,0.8462280593839595,0.8727180527383367,0.8642667362131559,0.8666328600405679,0.8608016797318868,-0.0167342799188641,-0.0145736203479273
Pubmed,DiffWire CT,gcn,12352,,0.8564908722109533,0.8520316857348225,0.8521805273833671,0.8479135227502299,0.8810851926977687,0.8758757262825583,0.8714503042596349,0.866870657115617,-0.0192697768762677,-0.018957134365387
Pubmed,DiffWire CT,gcn,12353,,0.8516734279918864,0.8456367467562492,0.8521805273833671,0.8454062303574389,0.8729716024340771,0.8670793714307572,0.8808316430020284,0.8739605500543721,-0.0286511156186612,-0.0285543196969332
Pubmed,DiffWire CT,gcn,12354,,0.861815415821501,0.8564445317881532,0.8392494929006086,0.8325774120564927,0.8856490872210954,0.8804249544855153,0.8615618661257607,0.8544759620982231,-0.0223123732251521,-0.0218985500417303
Pubmed,DiffWire CT,gcn,12355,,0.8498985801217038,0.8444605380987072,0.8501521298174443,0.8438716079931528,0.8704361054766734,0.8651735339005541,0.8727180527383367,0.8663961103111149,-0.0225659229208924,-0.0225245023179621
Pubmed,DiffWire CT,gcn,12356,,0.845841784989858,0.8404631467822989,0.8509127789046653,0.844699190157513,0.8734787018255578,0.867939721403967,0.8760141987829615,0.8706651727509699,-0.0251014198782961,-0.0259659825934568
Pubmed,DiffWire CT,gcn,12357,,0.8496450304259635,0.8446418152402503,0.8544624746450304,0.8488284201362152,0.8770283975659229,0.8724317985165085,0.875,0.8673418294618257,-0.0205375253549695,-0.0185134093256105
Pubmed,DiffWire CT,gcn,12358,,0.8557302231237323,0.8495646931622133,0.8445740365111561,0.8396958349355285,0.8699290060851927,0.8621299489387942,0.8679006085192698,0.8622340565564555,-0.0233265720081136,-0.022538221620927
Pubmed,DiffWire CT,gcn,12359,,0.8684077079107505,0.8649329132427636,0.8506592292089249,0.8475893252675566,0.8853955375253549,0.880799545648497,0.8640973630831643,0.8591979383457106,-0.0134381338742394,-0.0116086130781539
Pubmed,DiffWire CT,gcn,12360,,0.8605476673427992,0.8558542609263697,0.8387423935091278,0.832869299106982,0.8803245436105477,0.875307771804032,0.8658722109533469,0.8585948724015285,-0.027129817444219,-0.0257255732945465
Pubmed,DiffWire CT,gcn,12361,,0.8625760649087221,0.8582554969821,0.8443204868154158,0.8400644136171914,0.8813387423935092,0.8755245160726256,0.8742393509127789,0.8678472184443121,-0.0299188640973631,-0.0277828048271207
Pubmed,DiffWire CT,gcn,12362,,0.8516734279918864,0.8461423054699794,0.8498985801217038,0.843161719998155,0.8785496957403651,0.8725335811952225,0.8762677484787018,0.8700816932770913,-0.0263691683569979,-0.0269199732789362
Pubmed,DiffWire CT,gcn,12363,,0.861815415821501,0.8563179298575765,0.8613083164300203,0.8557033032123303,0.8828600405679513,0.8771799674210646,0.8686612576064908,0.8616264106648592,-0.0073529411764705,-0.0059231074525288
Pubmed,DiffWire CT,gcn,12364,,0.8595334685598377,0.8538467335891662,0.8524340770791075,0.8486494980635375,0.8813387423935092,0.8757997397656324,0.869421906693712,0.8640974611803777,-0.0169878296146045,-0.0154479631168401
Pubmed,DiffWire CT,gcn,12365,,0.8496450304259635,0.8447391212366835,0.8448275862068966,0.8388407995221038,0.869421906693712,0.8634235613383633,0.8656186612576064,0.8558306682825293,-0.0207910750507098,-0.0169898687604255
Pubmed,DiffWire CT,gcn,12366,,0.8557302231237323,0.8491102896738466,0.8585192697768763,0.853667271857025,0.8793103448275862,0.873156072123952,0.8737322515212982,0.8677959930532867,-0.0152129817444218,-0.0141287211962617
Pubmed,DiffWire CT,gcn,12367,,0.8582657200811359,0.8529636838785745,0.8547160243407708,0.8484791978996218,0.8757606490872211,0.8688397214623028,0.8739858012170385,0.8683147589886171,-0.0192697768762677,-0.0198355610889953
Pubmed,DiffWire CT,gcn,12368,,0.8625760649087221,0.8588087685626391,0.8463488843813387,0.8416472577071641,0.8785496957403651,0.8732624431233177,0.8706896551724138,0.8642550906042579,-0.0243407707910751,-0.0226078328970937
Pubmed,DiffWire CT,gcn,12369,,0.8557302231237323,0.8521186641227394,0.8605476673427992,0.856352544824715,0.8747464503042597,0.8691571602157312,0.8790567951318459,0.8732031586702406,-0.0185091277890466,-0.0168506138455255
Pubmed,DiffWire CT,gcn,12370,,0.8544624746450304,0.8489700932302741,0.8504056795131846,0.845631888937972,0.8742393509127789,0.8694821967658345,0.8737322515212982,0.8675041180717328,-0.0233265720081136,-0.0218722291337607
Pubmed,DiffWire CT,gcn,12371,,0.8519269776876268,0.8455165820733184,0.8623225152129818,0.8568610076807404,0.8732251521298174,0.8678438320065779,0.882606490872211,0.875776668190786,-0.0202839756592292,-0.0189156605100456
Pubmed,DiffWire CT,gcn,12372,,0.845841784989858,0.8412956374375135,0.8552231237322515,0.8512024409263921,0.8696754563894523,0.8632714816231563,0.8770283975659229,0.8737555551036845,-0.0218052738336713,-0.0225531141772924
Pubmed,DiffWire CT,gcn,12373,,0.8529411764705882,0.8491796378350368,0.8466024340770791,0.8409379365581174,0.8782961460446247,0.8740761584105528,0.8681541582150102,0.8626467888314299,-0.021551724137931,-0.0217088522733124
Pubmed,DiffWire CT,gcn,12374,,0.8557302231237323,0.851539520938104,0.8580121703853956,0.8521270342630057,0.8722109533468559,0.8662694553580305,0.8699290060851927,0.8646971852736559,-0.0119168356997971,-0.0125701510106501
Roman-Empire,SDRF,gcn,12345,0.0,0.400617692477388,0.3666951599975128,0.3926759320538275,0.3645400233542726,0.4010589013898081,0.364287708759924,0.4030443414956982,0.3797915042198776,-0.0103684094418706,-0.015251480865605
Roman-Empire,SDRF,gcn,12346,0.0,0.3946613721597176,0.3789541966116125,0.4074564306198985,0.4005484882057286,0.3933377454224575,0.3688474192739763,0.4050297816015883,0.3848648179200943,0.0024266490183101,0.0156836702856342
Roman-Empire,SDRF,gcn,12347,0.0,0.4045885726891683,0.3839821810095342,0.3957643944407677,0.3641176551252509,0.400838296933598,0.372552799336269,0.3946613721597176,0.3609314328080808,0.0011030222810501,0.0031862223171701
Roman-Empire,SDRF,gcn,12348,0.55,0.3992940657401279,0.3611189118177048,0.3902492830355173,0.3523869193255059,0.3942201632472976,0.3545510690073494,0.3909110964041473,0.357454313638684,-0.0006618133686299,-0.005067394313178
Roman-Empire,SDRF,gcn,12349,0.0,0.4050297816015883,0.3849348598522263,0.3913523053165674,0.3618082578269289,0.4098830796382087,0.386781360305691,0.3951025810721376,0.3658991508925144,-0.0037502757555701,-0.0040908930655854
Roman-Empire,SDRF,gcn,12350,0.0,0.3891462607544672,0.3713041779837023,0.3962056033531877,0.374673239040232,0.3933377454224575,0.373440563646769,0.3995146701963379,0.382223810041146,-0.0033090668431501,-0.0075505710009139
Roman-Empire,SDRF,gcn,12351,0.0,0.4076770350761085,0.3850861654756121,0.4032649459519082,0.3840121261810076,0.4178248400617692,0.3851079095487266,0.4015001103022281,0.3764803895696152,0.0017648356496801,0.0075317366113923
Roman-Empire,SDRF,gcn,12352,0.0,0.3906904919479373,0.3626306196642874,0.3926759320538275,0.3690363951394457,0.3931171409662475,0.368234538172445,0.3911317008603573,0.3671829310855744,0.0015442311934701,0.0018534640538713
Roman-Empire,SDRF,gcn,12353,0.0,0.3939995587910875,0.3673196540801693,0.3946613721597176,0.3683960661986029,0.3878226340172071,0.3588786217722958,0.3889256562982572,0.3617195978351814,0.0057357158614604,0.0066764683634215
Roman-Empire,SDRF,gcn,12354,0.1,0.3915729097727774,0.3725368802068354,0.372600926538716,0.3566868442698194,0.3973086256342378,0.3753647379738064,0.3933377454224575,0.3744876816585087,-0.0207368188837414,-0.0178008373886892
Roman-Empire,SDRF,gcn,12355,0.0,0.3898080741230972,0.3611995717949122,0.3902492830355173,0.3606810554620401,0.3898080741230972,0.3734905289913425,0.3948819766159276,0.3668600173595022,-0.0046326935804102,-0.006178961897462
Roman-Empire,SDRF,gcn,12356,0.1,0.3906904919479373,0.3705065506541985,0.3962056033531877,0.3684311240449314,0.4026031325832782,0.3708834570687839,0.4112067063754688,0.3780776020767331,-0.015001103022281,-0.0096464780318016
Roman-Empire,SDRF,gcn,12357,0.0,0.3966468122656078,0.3702239638979492,0.3823075226119568,0.3447743867217145,0.4034855504081182,0.3673814827064133,0.3891462607544672,0.3500260170035806,-0.0068387381425104,-0.005251630281866
Roman-Empire,SDRF,gcn,12358,0.0,0.3847341716302669,0.3622168658386005,0.3876020295609971,0.3611589744293768,0.386940216192367,0.3685545697231346,0.3878226340172071,0.3679561478041291,-0.0002206044562099,-0.0067971733747523
Roman-Empire,SDRF,gcn,12359,0.25,0.4043679682329583,0.3666173080853366,0.4026031325832782,0.3791801183620437,0.4037061548643282,0.3639125215133001,0.4094418707257886,0.3932922527279218,-0.0068387381425104,-0.0141121343658781
Roman-Empire,SDRF,gcn,12360,0.0,0.3992940657401279,0.3757310353285806,0.401279505846018,0.3721705506709698,0.3935583498786675,0.3694933378691356,0.3964262078093977,0.3718782356972048,0.0048532980366203,0.000292314973765
Roman-Empire,SDRF,gcn,12361,0.0,0.3818663136995367,0.359616837531372,0.3900286785793073,0.3636499655475678,0.3902492830355173,0.3518200478532824,0.3931171409662475,0.3504845372841351,-0.0030884623869402,0.0131654282634326
Roman-Empire,SDRF,gcn,12362,0.0,0.3831899404367968,0.3516121018185614,0.4074564306198985,0.3796719946604468,0.3734833443635561,0.3663183463533914,0.3915729097727774,0.3755941663409624,0.015883520847121,0.0040778283194844
Roman-Empire,SDRF,gcn,12363,0.0,0.400176483564968,0.3690827334387185,0.3959849988969777,0.3669477170994139,0.4030443414956982,0.3701889860138559,0.3948819766159276,0.3641479292906113,0.00110302228105,0.0027997878088025
Roman-Empire,SDRF,gcn,12364,0.0,0.3957643944407677,0.3686274709534651,0.3970880211780278,0.3756026325936519,0.400397088021178,0.3649178810579198,0.3946613721597176,0.3608789343946665,0.0024266490183101,0.0147236981989854
Roman-Empire,SDRF,gcn,12365,0.0,0.3935583498786675,0.3661038366360004,0.3838517538054268,0.3556696071355761,0.3964262078093977,0.3696745648552495,0.3781160379439665,0.3516676171524439,0.0057357158614603,0.0040019899831322
Roman-Empire,SDRF,gcn,12366,0.0,0.3984116479152879,0.3677170253628892,0.3946613721597176,0.3732305560551353,0.4034855504081182,0.3817679104759543,0.3911317008603573,0.3746399052225362,0.0035296712993603,-0.0014093491674008
Roman-Empire,SDRF,gcn,12367,0.0,0.3988528568277079,0.3841883983518049,0.3970880211780278,0.3752139882163309,0.3900286785793073,0.370394389911054,0.400617692477388,0.3638100564472095,-0.0035296712993602,0.0114039317691214
Roman-Empire,SDRF,gcn,12368,0.0,0.4173836311493492,0.3859728041787707,0.4037061548643282,0.3662608434208168,0.4215751158173395,0.3873712646435858,0.4107654974630487,0.3711875030249443,-0.0070593425987204,-0.0049266596041275
Roman-Empire,SDRF,gcn,12369,0.0,0.4059121994264284,0.3666819876937778,0.3973086256342378,0.3685255837582547,0.3975292300904478,0.3689693120987625,0.3937789543348776,0.3764242108443318,0.0035296712993602,-0.007898627086077
Roman-Empire,SDRF,gcn,12370,0.0,0.3984116479152879,0.3671307474938137,0.4052503860577984,0.3708185009471694,0.3955437899845577,0.3716271214604656,0.4101036840944187,0.3775663663872755,-0.0048532980366203,-0.006747865440106
Roman-Empire,SDRF,gcn,12371,0.25,0.3695124641517758,0.3392583928703978,0.3849547760864769,0.3598002702794769,0.3898080741230972,0.3484142470674865,0.3981910434590778,0.3669000015418039,-0.0132362673726008,-0.0070997312623269
Roman-Empire,SDRF,gcn,12372,0.0,0.3968674167218178,0.3757099618752638,0.3836311493492168,0.3660803224644503,0.4116479152878888,0.3811027913105633,0.3942201632472976,0.3687560786036412,-0.0105890138980807,-0.0026757561391908
Roman-Empire,SDRF,gcn,12373,0.0,0.3922347231414074,0.3627458338702594,0.3937789543348776,0.36690283943322,0.3931171409662475,0.3662850902654624,0.3935583498786675,0.3692434286650656,0.00022060445621,-0.0023405892318456
Roman-Empire,SDRF,gcn,12374,0.0,0.3939995587910875,0.3789925807958425,0.400838296933598,0.3738586205716439,0.4015001103022281,0.3780509883785485,0.4085594529009486,0.3740502622115924,-0.0077211559673505,-0.0001916416399485
Roman-Empire,SDRF,sage,12345,0.25,0.8354290756673285,0.799765467523831,0.8327818221928083,0.7958118770521198,0.8367527024045885,0.8013603565248975,0.8336642400176484,0.7980430309729111,-0.0008824178248401,-0.0022311539207913
Roman-Empire,SDRF,sage,12346,0.4,0.8305757776307081,0.7884768223275229,0.8398411647915288,0.8048049841085619,0.8343260533862784,0.7888977330151271,0.8411647915287889,0.8064580455993329,-0.00132362673726,-0.0016530614907709
Roman-Empire,SDRF,sage,12347,0.0,0.8352084712111185,0.7938652123273009,0.8347672622986985,0.7854610378127478,0.8307963820869182,0.7870962054488447,0.8360908890359585,0.7868581187866603,-0.00132362673726,-0.0013970809739125
Roman-Empire,SDRF,sage,12348,0.0,0.8312375909993381,0.7917616519747555,0.8255018751378778,0.7774701726082536,0.8336642400176484,0.7942725610031063,0.8277079196999779,0.7850087236772808,-0.0022060445621001,-0.0075385510690272
Roman-Empire,SDRF,sage,12349,0.0,0.8345466578424884,0.7970662404485156,0.828149128612398,0.785519091804739,0.8312375909993381,0.7923793713335414,0.8243988528568277,0.7810943801684351,0.0037502757555702,0.0044247116363038
Roman-Empire,SDRF,sage,12350,0.0,0.8263842929627179,0.7819649173510522,0.8341054489300684,0.7944048953650282,0.8243988528568277,0.7813888968966206,0.8316787999117582,0.7905994381396124,0.0024266490183102,0.0038054572254158
Roman-Empire,SDRF,sage,12351,0.25,0.827487315243768,0.7989964974962495,0.8235164350319877,0.7896048459242972,0.8299139642620781,0.7957533219598475,0.8332230311052283,0.794162508810267,-0.0097065960732406,-0.0045576628859697
Roman-Empire,SDRF,sage,12352,0.0,0.8325612177365983,0.797020235084142,0.8321200088241782,0.7900806603354102,0.8301345687182881,0.7949809613137355,0.8334436355614383,0.7906027523488782,-0.00132362673726,-0.0005220920134679
Roman-Empire,SDRF,sage,12353,0.0,0.842047209353629,0.796283931689555,0.8334436355614383,0.7921672703901753,0.8374145157732186,0.7916166942202242,0.8292521508934481,0.7884971190021417,0.0041914846679902,0.0036701513880336
Roman-Empire,SDRF,sage,12354,0.0,0.8217515993823076,0.7814033222122827,0.8296933598058681,0.7886803482847682,0.8246194573130378,0.7824807010700481,0.8341054489300684,0.795200393834356,-0.0044120891242003,-0.0065200455495878
Roman-Empire,SDRF,sage,12355,0.4,0.8345466578424884,0.7981864250427656,0.8182219280829472,0.7751627839426563,0.8327818221928083,0.7963791682327648,0.8224134127509376,0.778269456454779,-0.0041914846679903,-0.0031066725121227
Roman-Empire,SDRF,sage,12356,0.4,0.8416060004412089,0.803711016051635,0.8243988528568277,0.7746385274839914,0.8416060004412089,0.8038286906873507,0.8310169865431282,0.7826913692239852,-0.0066181336863004,-0.0080528417399937
Roman-Empire,SDRF,sage,12357,0.0,0.8367527024045885,0.7965931778212118,0.8312375909993381,0.7860375374170799,0.8405029781601588,0.8000380069528878,0.8299139642620781,0.7893385539934046,0.00132362673726,-0.0033010165763246
Roman-Empire,SDRF,sage,12358,0.0,0.8325612177365983,0.7917850631285863,0.8354290756673285,0.8026573358781491,0.8299139642620781,0.7909844012725263,0.8389587469666887,0.8056782114603901,-0.0035296712993602,-0.0030208755822409
Roman-Empire,SDRF,sage,12359,0.0,0.8334436355614383,0.796045444730673,0.8363114934921685,0.8002007044842381,0.8323406132803882,0.7931656462064808,0.8347672622986985,0.7947189674888535,0.00154423119347,0.0054817369953845
Roman-Empire,SDRF,sage,12360,0.0,0.8455768806529892,0.8154829636412079,0.8310169865431282,0.7908982343891999,0.8405029781601588,0.8088548670039469,0.8316787999117582,0.7929188673366205,-0.00066181336863,-0.0020206329474206
Roman-Empire,SDRF,sage,12361,0.0,0.8332230311052283,0.7942030788164283,0.8239576439444076,0.7838224432384678,0.8316787999117582,0.7936763677718427,0.8199867637326274,0.7826622874566742,0.0039708802117802,0.0011601557817936
Roman-Empire,SDRF,sage,12362,0.4,0.8352084712111185,0.8029731833964775,0.8360908890359585,0.7950997612230317,0.8349878667549084,0.8002144497146655,0.8380763291418487,0.7997401402819093,-0.0019854401058901,-0.0046403790588775
Roman-Empire,SDRF,sage,12363,0.4,0.8323406132803882,0.7935500402377884,0.8312375909993381,0.7939356525481789,0.8382969335980587,0.7973595252032258,0.8341054489300684,0.7937955621726773,-0.0028678579307303,0.0001400903755015
Roman-Empire,SDRF,sage,12364,0.0,0.8369733068607986,0.8005453235356197,0.8411647915287889,0.8032208030843887,0.8363114934921685,0.7981462158050713,0.8402823737039489,0.805163428711182,0.0008824178248399,-0.0019426256267932
Roman-Empire,SDRF,sage,12365,0.0,0.8402823737039489,0.8013417629766375,0.8270461063313479,0.7811084335521392,0.8354290756673285,0.790181237904607,0.8257224795940878,0.7784633834969219,0.00132362673726,0.0026450500552173
Roman-Empire,SDRF,sage,12366,0.0,0.8365320979483786,0.8001140803242942,0.8323406132803882,0.8016159788155078,0.8360908890359585,0.8014310598694563,0.8314581954555482,0.7997264379121805,0.0008824178248399,0.0018895409033273
Roman-Empire,SDRF,sage,12367,0.0,0.8237370394881977,0.7846944022644554,0.8312375909993381,0.7900504265910747,0.8221928082947275,0.7825887333600875,0.8307963820869182,0.7941858832310348,0.0004412089124199,-0.00413545663996
Roman-Empire,SDRF,sage,12368,0.0,0.8387381425104787,0.80021153157315,0.8255018751378778,0.7878416605098404,0.8400617692477388,0.7966745374359628,0.8230752261195676,0.7809616426598587,0.0024266490183101,0.0068800178499817
Roman-Empire,SDRF,sage,12369,0.0,0.8334436355614383,0.7903007022187475,0.8405029781601588,0.8041126265154966,0.8371939113170086,0.7941654647164388,0.8393999558791088,0.7991515180628476,0.00110302228105,0.004961108452649
Roman-Empire,SDRF,sage,12370,0.0,0.8347672622986985,0.7917512406393205,0.8376351202294287,0.798208756355634,0.8338848444738584,0.7891288923464204,0.8385175380542687,0.8020616236921645,-0.0008824178248399,-0.0038528673365304
Roman-Empire,SDRF,sage,12371,0.4,0.8310169865431282,0.7916540097817304,0.8356496801235385,0.7955197148782504,0.8385175380542687,0.7993820623535155,0.8400617692477388,0.8017358867242786,-0.0044120891242003,-0.0062161718460282
Roman-Empire,SDRF,sage,12372,0.1,0.8356496801235385,0.7996401350625776,0.8312375909993381,0.7861154766786038,0.8389587469666887,0.8030845974443345,0.828590337524818,0.7797397172056049,0.0026472534745201,0.0063757594729989
Roman-Empire,SDRF,sage,12373,0.0,0.8369733068607986,0.7973782485750398,0.8321200088241782,0.793312805440689,0.8371939113170086,0.7963087686035601,0.8318994043679683,0.7908552287534856,0.0002206044562099,0.0024575766872034
Roman-Empire,SDRF,sage,12374,0.0,0.8310169865431282,0.7973543921750554,0.8332230311052283,0.7944734299941678,0.8310169865431282,0.7949927467777779,0.8352084712111185,0.7924932890257512,-0.0019854401058901,0.0019801409684165
Roman-Empire,SDRF,gat,12345,0.0,0.4584160600044121,0.3875607832827503,0.4517979263181116,0.3893238470369831,0.4535627619677917,0.3853868039694147,0.4401058901389808,0.3834159013045715,0.0116920361791307,0.0059079457324116
Roman-Empire,SDRF,gat,12346,0.25,0.4544451797926318,0.3948175834114208,0.4515773218619016,0.383772076308575,0.4476064416501213,0.3963722167118126,0.4489300683873814,0.3853546419213217,0.0026472534745202,-0.0015825656127466
Roman-Empire,SDRF,gat,12347,0.0,0.458195455548202,0.395023988653062,0.4557688065298919,0.3813254676409141,0.4469446282814913,0.3963847402648063,0.4442973748069711,0.3774689355208303,0.0114714317229207,0.0038565321200838
Roman-Empire,SDRF,gat,12348,0.4,0.4412089124200309,0.3893642035034407,0.4462828149128612,0.3909274716738684,0.4394440767703507,0.3839053100603221,0.4465034193690712,0.3905150494555038,-0.0002206044562099,0.0004124222183646
Roman-Empire,SDRF,gat,12349,0.0,0.4551069931612618,0.3992829093290324,0.4392234723141408,0.3846588898681873,0.4511361129494816,0.3959376874339002,0.4511361129494816,0.3853961357230507,-0.0119126406353408,-0.0007372458548633
Roman-Empire,SDRF,gat,12350,0.55,0.4240017648356496,0.3843846444017387,0.4321641297154202,0.3904826425158701,0.4270902272225899,0.3835919614428579,0.4409883079638209,0.3870732726667591,-0.0088241782484006,0.003409369849111
Roman-Empire,SDRF,gat,12351,0.4,0.4595190822854622,0.3924844640092354,0.4533421575115817,0.3881829422106578,0.4599602911978822,0.3901639942648914,0.457533642179572,0.3972726174111176,-0.0041914846679902,-0.0090896752004597
Roman-Empire,SDRF,gat,12352,0.0,0.4407677035076108,0.3859196632332371,0.442753143613501,0.389719160784707,0.4462828149128612,0.3888451039501761,0.4420913302448709,0.3901272292123672,0.00066181336863,-0.0004080684276601
Roman-Empire,SDRF,gat,12353,0.0,0.4665784248841826,0.4066890114883416,0.4515773218619016,0.3901370087254913,0.4674608427090227,0.4023299597003269,0.4500330906684315,0.3835655323854948,0.0015442311934701,0.0065714763399965
Roman-Empire,SDRF,gat,12354,0.1,0.4515773218619016,0.3902197953650454,0.443635561438341,0.3755146157653631,0.4524597396867417,0.3843252452430815,0.4498124862122215,0.382189259029522,-0.0061769247738804,-0.0066746432641588
Roman-Empire,SDRF,gat,12355,0.0,0.4557688065298919,0.4051948129027257,0.4524597396867417,0.3949322038883389,0.4469446282814913,0.3907818016825122,0.4445179792631811,0.3875941459755181,0.0079417604235605,0.0073380579128207
Roman-Empire,SDRF,gat,12356,0.4,0.4458416060004412,0.3950186394274826,0.4350319876461505,0.3744908451075568,0.4592984778292521,0.40516222327861,0.4445179792631811,0.3789006151334265,-0.0094859916170306,-0.0044097700258696
Roman-Empire,SDRF,gat,12357,0.1,0.4345907787337304,0.3799208247186383,0.4345907787337304,0.38084560139981,0.4383410544893006,0.3831216110701125,0.4405470990514008,0.3845348986716166,-0.0059563203176704,-0.0036892972718065
Roman-Empire,SDRF,gat,12358,0.0,0.4471652327377013,0.3866025924111688,0.4447385837193911,0.3802399178880262,0.4396646812265607,0.3852141199047931,0.4425325391572909,0.3797408935007794,0.0022060445621002,0.0004990243872468
Roman-Empire,SDRF,gat,12359,0.25,0.4376792411206706,0.3906000117610819,0.4390028678579307,0.3875917582388097,0.4557688065298919,0.392137790302808,0.4511361129494816,0.3968070274728974,-0.0121332450915508,-0.0092152692340876
Roman-Empire,SDRF,gat,12360,0.4,0.457754246635782,0.3991802462070762,0.4506949040370615,0.3830884633103358,0.4482682550187514,0.3961279373630265,0.4511361129494816,0.394963303128126,-0.00044120891242,-0.0118748398177901
Roman-Empire,SDRF,gat,12361,0.0,0.4465034193690712,0.387751157988698,0.4502536951246415,0.3921884858227988,0.443856165894551,0.3870633548028602,0.4467240238252812,0.3892087392221579,0.0035296712993603,0.0029797466006409
Roman-Empire,SDRF,gat,12362,0.0,0.4295168762409,0.375209780531413,0.4555482020736819,0.393383520559766,0.4303992940657401,0.3785394513058525,0.4454003970880212,0.3943310915326081,0.0101478049856607,-0.000947570972842
Roman-Empire,SDRF,gat,12363,0.25,0.4553275976174719,0.4022687141032659,0.457092433267152,0.3985482083250267,0.4513567174056916,0.3966439121331669,0.4551069931612618,0.3958951846085705,0.0019854401058901,0.0026530237164562
Roman-Empire,SDRF,gat,12364,0.0,0.4416501213324509,0.3764717672070315,0.4409883079638209,0.3706155220290524,0.4403264945951908,0.3691323614539793,0.4462828149128612,0.3789531592559068,-0.0052945069490403,-0.0083376372268543
Roman-Empire,SDRF,gat,12365,0.25,0.4606221045665122,0.4115646966983248,0.4350319876461505,0.375540764122703,0.4694462828149128,0.412259805644953,0.4511361129494816,0.3857449746219379,-0.0161041253033311,-0.0102042104992349
Roman-Empire,SDRF,gat,12366,0.55,0.4615045223913523,0.3981791471761766,0.4367968232958306,0.3883697416161055,0.4648135892345025,0.4060262252966121,0.4513567174056916,0.4020906405344073,-0.014559894109861,-0.0137208989183017
Roman-Empire,SDRF,gat,12367,0.0,0.4476064416501213,0.3959930914192153,0.4500330906684315,0.3852585383004989,0.4462828149128612,0.3955565072435809,0.4526803441429516,0.391616184181574,-0.0026472534745201,-0.006357645881075
Roman-Empire,SDRF,gat,12368,0.0,0.4747407897639532,0.4196175056254212,0.4555482020736819,0.407211231140157,0.4740789763953232,0.4155728160051731,0.4621663357599823,0.4070139362437729,-0.0066181336863003,0.0001972948963841
Roman-Empire,SDRF,gat,12369,0.1,0.4476064416501213,0.3880696358261388,0.457313037723362,0.4106383934195656,0.4498124862122215,0.3889207349903445,0.4667990293403927,0.4170811854963826,-0.0094859916170306,-0.0064427920768169
Roman-Empire,SDRF,gat,12370,0.0,0.4694462828149128,0.4092269117722102,0.4601808956540922,0.4058202688593531,0.4712111184645929,0.4082618694284142,0.4639311714096625,0.4044346513482883,-0.0037502757555702,0.0013856175110648
Roman-Empire,SDRF,gat,12371,0.0,0.4456210015442312,0.3824212887548776,0.4617251268475623,0.4009673674694584,0.4416501213324509,0.3761065794857535,0.4610633134789322,0.3964197339838731,0.0006618133686301,0.0045476334855852
Roman-Empire,SDRF,gat,12372,0.0,0.4742995808515332,0.4199147313489457,0.4482682550187514,0.3842725322917916,0.4734171630266931,0.4086120990563339,0.4559894109861019,0.3811619234901411,-0.0077211559673505,0.0031106088016504
Roman-Empire,SDRF,gat,12373,0.0,0.4586366644606221,0.3967253447979733,0.4608427090227223,0.4005597851069624,0.4506949040370615,0.3923819404283671,0.4612839179351423,0.4035471916255081,-0.0004412089124199,-0.0029874065185456
Roman-Empire,SDRF,gat,12374,0.0,0.4599602911978822,0.405734461329012,0.4491506728435914,0.3818817005179227,0.4623869402161923,0.4019463155812001,0.4551069931612618,0.385646461987416,-0.0059563203176703,-0.0037647614694932
Roman-Empire,DiffWire CT,gcn,12345,,0.5118023384072359,0.438155178604322,0.4990072799470549,0.4180773351861344,0.4010589013898081,0.364287708759924,0.4030443414956982,0.3797915042198776,0.0959629384513567,0.0382858309662568
Roman-Empire,DiffWire CT,gcn,12346,,0.5162144275314361,0.428633240753487,0.5106993161261858,0.4321224590129559,0.3933377454224575,0.3688474192739763,0.4050297816015883,0.3848648179200943,0.1056695345245974,0.0472576410928615
Roman-Empire,DiffWire CT,gcn,12347,,0.5263622325170968,0.4491007669864657,0.5065078314581954,0.4276099260720938,0.400838296933598,0.372552799336269,0.3946613721597176,0.3609314328080808,0.1118464592984778,0.066678493264013
Roman-Empire,DiffWire CT,gcn,12348,,0.5089344804765056,0.4240736800510202,0.5181998676373263,0.4411701840502834,0.3942201632472976,0.3545510690073494,0.3909110964041473,0.357454313638684,0.127288771233179,0.0837158704115993
Roman-Empire,DiffWire CT,gcn,12349,,0.5043017868960953,0.4354857624522003,0.4917273328921244,0.4274144617000926,0.4098830796382087,0.386781360305691,0.3951025810721376,0.3658991508925144,0.0966247518199868,0.0615153108075782
Roman-Empire,DiffWire CT,gcn,12350,,0.5120229428634459,0.4257712886719781,0.5069490403706155,0.4151902837074609,0.3933377454224575,0.373440563646769,0.3995146701963379,0.382223810041146,0.1074343701742776,0.0329664736663149
Roman-Empire,DiffWire CT,gcn,12351,,0.513567174056916,0.4271851113688425,0.5217295389366865,0.4322439294517133,0.4178248400617692,0.3851079095487266,0.4015001103022281,0.3764803895696152,0.1202294286344584,0.055763539882098
Roman-Empire,DiffWire CT,gcn,12352,,0.5076108537392455,0.4344011014947828,0.499889697771895,0.4207200712949293,0.3931171409662475,0.368234538172445,0.3911317008603573,0.3671829310855744,0.1087579969115377,0.0535371402093548
Roman-Empire,DiffWire CT,gcn,12353,,0.5038605779836752,0.4207285779639371,0.5012133245091551,0.4124804818546753,0.3878226340172071,0.3588786217722958,0.3889256562982572,0.3617195978351814,0.1122876682108979,0.0507608840194939
Roman-Empire,DiffWire CT,gcn,12354,,0.4987866754908449,0.4175329704275253,0.5133465696007059,0.432200015741625,0.3973086256342378,0.3753647379738064,0.3933377454224575,0.3744876816585087,0.1200088241782484,0.0577123340831162
Roman-Empire,DiffWire CT,gcn,12355,,0.5133465696007059,0.4344772018690747,0.5067284359144054,0.424010830440499,0.3898080741230972,0.3734905289913425,0.3948819766159276,0.3668600173595022,0.1118464592984778,0.0571508130809968
Roman-Empire,DiffWire CT,gcn,12356,,0.5124641517758659,0.431547667655376,0.4994484888594749,0.4163243745503758,0.4026031325832782,0.3708834570687839,0.4112067063754688,0.3780776020767331,0.0882417824840061,0.0382467724736427
Roman-Empire,DiffWire CT,gcn,12357,,0.499889697771895,0.4231587631876305,0.5155526141628061,0.4369095767006897,0.4034855504081182,0.3673814827064133,0.3891462607544672,0.3500260170035806,0.1264063534083389,0.086883559697109
Roman-Empire,DiffWire CT,gcn,12358,,0.5012133245091551,0.4248061969125932,0.5043017868960953,0.4081048290370857,0.386940216192367,0.3685545697231346,0.3878226340172071,0.3679561478041291,0.1164791528788881,0.0401486812329566
Roman-Empire,DiffWire CT,gcn,12359,,0.5095962938451357,0.4309361676934952,0.5104787116699757,0.4451485959444466,0.4037061548643282,0.3639125215133001,0.4094418707257886,0.3932922527279218,0.1010368409441871,0.0518563432165248
Roman-Empire,DiffWire CT,gcn,12360,,0.5124641517758659,0.4265952795248293,0.5126847562320759,0.4270640064682516,0.3935583498786675,0.3694933378691356,0.3964262078093977,0.3718782356972048,0.1162585484226781,0.0551857707710468
Roman-Empire,DiffWire CT,gcn,12361,,0.5043017868960953,0.432444897940214,0.4974630487535848,0.4125137312608464,0.3902492830355173,0.3518200478532824,0.3931171409662475,0.3504845372841351,0.1043459077873373,0.0620291939767113
Roman-Empire,DiffWire CT,gcn,12362,,0.5146701963379661,0.4369170599075805,0.5157732186190161,0.4341652314587045,0.3734833443635561,0.3663183463533914,0.3915729097727774,0.3755941663409624,0.1242003088462387,0.0585710651177421
Roman-Empire,DiffWire CT,gcn,12363,,0.5179792631811163,0.4400711496278916,0.5104787116699757,0.422358472658759,0.4030443414956982,0.3701889860138559,0.3948819766159276,0.3641479292906113,0.1155967350540481,0.0582105433681477
Roman-Empire,DiffWire CT,gcn,12364,,0.5062872270019855,0.4383534295188038,0.514228987425546,0.4346373990911735,0.400397088021178,0.3649178810579198,0.3946613721597176,0.3608789343946665,0.1195676152658284,0.073758464696507
Roman-Empire,DiffWire CT,gcn,12365,,0.513567174056916,0.4358175327370945,0.5034193690712553,0.4169942519015822,0.3964262078093977,0.3696745648552495,0.3781160379439665,0.3516676171524439,0.1253033311272888,0.0653266347491383
Roman-Empire,DiffWire CT,gcn,12366,,0.5115817339510258,0.433531450482242,0.5248180013236268,0.4397061537079453,0.4034855504081182,0.3817679104759543,0.3911317008603573,0.3746399052225362,0.1336863004632694,0.0650662484854091
Roman-Empire,DiffWire CT,gcn,12367,,0.5087138760202956,0.426980019575522,0.5020957423339951,0.4155727328725321,0.3900286785793073,0.370394389911054,0.400617692477388,0.3638100564472095,0.1014780498566071,0.0517626764253226
Roman-Empire,DiffWire CT,gcn,12368,,0.513567174056916,0.4346159347998911,0.5098168983013457,0.4232231545617122,0.4215751158173395,0.3873712646435858,0.4107654974630487,0.3711875030249443,0.099051400838297,0.0520356515367679
Roman-Empire,DiffWire CT,gcn,12369,,0.5166556364438561,0.4426392703789467,0.499889697771895,0.4226835817356133,0.3975292300904478,0.3689693120987625,0.3937789543348776,0.3764242108443318,0.1061107434370174,0.0462593708912815
Roman-Empire,DiffWire CT,gcn,12370,,0.5106993161261858,0.4314256286564327,0.5012133245091551,0.4217917464174875,0.3955437899845577,0.3716271214604656,0.4101036840944187,0.3775663663872755,0.0911096404147364,0.044225380030212
Roman-Empire,DiffWire CT,gcn,12371,,0.5091550849327157,0.4362843161447773,0.5162144275314361,0.4367342735253212,0.3898080741230972,0.3484142470674865,0.3981910434590778,0.3669000015418039,0.1180233840723583,0.0698342719835172
Roman-Empire,DiffWire CT,gcn,12372,,0.5175380542686963,0.4350561111715581,0.5104787116699757,0.4361509344463541,0.4116479152878888,0.3811027913105633,0.3942201632472976,0.3687560786036412,0.1162585484226781,0.0673948558427129
Roman-Empire,DiffWire CT,gcn,12373,,0.513567174056916,0.4351191275909147,0.5056254136333554,0.4276431267147942,0.3931171409662475,0.3662850902654624,0.3935583498786675,0.3692434286650656,0.1120670637546879,0.0583996980497286
Roman-Empire,DiffWire CT,gcn,12374,,0.5239355834987867,0.4441423477479553,0.5164350319876462,0.4280640710937762,0.4015001103022281,0.3780509883785485,0.4085594529009486,0.3740502622115924,0.1078755790866975,0.0540138088821838
Texas,SDRF,gcn,12345,0.1,0.7567567567567568,0.5260377358490567,0.7027027027027027,0.4291968599033816,0.7567567567567568,0.5197069597069597,0.6486486486486487,0.40625,0.054054054054054,0.0229468599033816
Texas,SDRF,gcn,12346,0.25,0.6486486486486487,0.4828216374269006,0.7027027027027027,0.4883241758241758,0.6216216216216216,0.45,0.4864864864864865,0.2534237726098191,0.2162162162162162,0.2349004032143567
Texas,SDRF,gcn,12347,0.25,0.6756756756756757,0.4824088145896656,0.5675675675675675,0.4173441734417344,0.6486486486486487,0.4295454545454545,0.5405405405405406,0.3360323886639675,0.0270270270270269,0.0813117847777669
Texas,SDRF,gcn,12348,0.0,0.7837837837837838,0.7440735986307231,0.6756756756756757,0.3447802197802198,0.7837837837837838,0.7440735986307231,0.6756756756756757,0.3447802197802198,0.0,0.0
Texas,SDRF,gcn,12349,0.25,0.6486486486486487,0.5597826086956521,0.6486486486486487,0.4666666666666667,0.5945945945945946,0.4514705882352942,0.6756756756756757,0.4286750483558994,-0.0270270270270269,0.0379916183107672
Texas,SDRF,gcn,12350,0.0,0.7297297297297297,0.5,0.4594594594594595,0.2383333333333333,0.7297297297297297,0.5,0.4594594594594595,0.2383333333333333,0.0,2.775557561562892e-17
Texas,SDRF,gcn,12351,0.25,0.6216216216216216,0.5368950832365467,0.6216216216216216,0.4170807453416149,0.5945945945945946,0.5246999612853271,0.6486486486486487,0.4349958552086211,-0.027027027027027,-0.0179151098670062
Texas,SDRF,gcn,12352,0.0,0.7027027027027027,0.4916666666666667,0.6486486486486487,0.4154143728611814,0.7027027027027027,0.4916666666666667,0.6486486486486487,0.4154143728611814,0.0,0.0
Texas,SDRF,gcn,12353,0.25,0.5945945945945946,0.3679120879120879,0.5405405405405406,0.3165064102564102,0.5675675675675675,0.3590062111801242,0.5675675675675675,0.3375816993464052,-0.0270270270270269,-0.0210752890899949
Texas,SDRF,gcn,12354,0.0,0.7567567567567568,0.5612244897959184,0.6756756756756757,0.4195417789757412,0.7567567567567568,0.5612244897959184,0.6756756756756757,0.4195417789757412,0.0,0.0
Texas,SDRF,gcn,12355,0.4,0.7027027027027027,0.5123188405797101,0.5945945945945946,0.3463414634146341,0.6756756756756757,0.4607107383291027,0.5135135135135135,0.3073684210526315,0.0810810810810811,0.0389730423620026
Texas,SDRF,gcn,12356,0.55,0.7027027027027027,0.5184294871794871,0.5405405405405406,0.2971576227390181,0.7027027027027027,0.4829277864992151,0.6486486486486487,0.5027131782945736,-0.1081081081081081,-0.2055555555555555
Texas,SDRF,gcn,12357,0.0,0.5675675675675675,0.3826388888888888,0.5945945945945946,0.3023809523809523,0.5675675675675675,0.3826388888888888,0.5945945945945946,0.3023809523809523,0.0,5.551115123125783e-17
Texas,SDRF,gcn,12358,0.0,0.5945945945945946,0.507051282051282,0.6486486486486487,0.4044289044289044,0.5945945945945946,0.507051282051282,0.6486486486486487,0.4044289044289044,0.0,5.551115123125783e-17
Texas,SDRF,gcn,12359,0.4,0.7567567567567568,0.6444444444444444,0.6216216216216216,0.336837765409194,0.7297297297297297,0.5374149659863945,0.5405405405405406,0.2184615384615384,0.081081081081081,0.1183762269476556
Texas,SDRF,gcn,12360,0.0,0.7567567567567568,0.4603174603174603,0.6216216216216216,0.3114630467571644,0.7567567567567568,0.4603174603174603,0.6216216216216216,0.3114630467571644,0.0,0.0
Texas,SDRF,gcn,12361,0.0,0.5405405405405406,0.3767482517482518,0.6216216216216216,0.4038461538461538,0.5405405405405406,0.3767482517482518,0.6216216216216216,0.4038461538461538,0.0,5.551115123125783e-17
Texas,SDRF,gcn,12362,0.4,0.7027027027027027,0.4824420677361853,0.6486486486486487,0.2767857142857143,0.6216216216216216,0.4035326086956521,0.6756756756756757,0.3881027253668763,-0.0270270270270269,-0.1113170110811619
Texas,SDRF,gcn,12363,0.25,0.5945945945945946,0.5382744495647721,0.5945945945945946,0.3862761115649434,0.5945945945945946,0.5169455169455169,0.6216216216216216,0.3868055555555555,-0.0270270270270269,-0.0005294439906121
Texas,SDRF,gcn,12364,0.4,0.6756756756756757,0.5514533085961657,0.5405405405405406,0.3484848484848485,0.6756756756756757,0.4369875222816399,0.5675675675675675,0.334697217675941,-0.0270270270270269,0.0137876308089074
Texas,SDRF,gcn,12365,0.55,0.7837837837837838,0.805874765478424,0.7297297297297297,0.5186807095343681,0.7567567567567568,0.756005622284692,0.6486486486486487,0.384313725490196,0.081081081081081,0.134366984044172
Texas,SDRF,gcn,12366,0.1,0.7027027027027027,0.603753702437913,0.5675675675675675,0.433738517579981,0.6486486486486487,0.4791866028708134,0.5135135135135135,0.3400974025974026,0.054054054054054,0.0936411149825783
Texas,SDRF,gcn,12367,0.1,0.7297297297297297,0.6951832151300237,0.5945945945945946,0.3684124386252045,0.6756756756756757,0.568095025541834,0.5405405405405406,0.2855064557192217,0.054054054054054,0.0829059829059828
Texas,SDRF,gcn,12368,0.25,0.5405405405405406,0.4416666666666666,0.6486486486486487,0.325,0.5135135135135135,0.3937732589048378,0.5405405405405406,0.2884162895927601,0.1081081081081081,0.0365837104072399
Texas,SDRF,gcn,12369,0.25,0.7837837837837838,0.5743731003039514,0.5405405405405406,0.3935406698564593,0.7027027027027027,0.5226404800872886,0.5945945945945946,0.4311965811965812,-0.054054054054054,-0.0376559113401219
Texas,SDRF,gcn,12370,0.1,0.7027027027027027,0.5282738095238095,0.5675675675675675,0.4833333333333334,0.7027027027027027,0.5146276595744681,0.5945945945945946,0.4683579985905567,-0.027027027027027,0.0149753347427766
Texas,SDRF,gcn,12371,0.25,0.5675675675675675,0.4212787212787212,0.6216216216216216,0.4484848484848485,0.5135135135135135,0.3557539682539682,0.6216216216216216,0.4977314352314352,0.0,-0.0492465867465867
Texas,SDRF,gcn,12372,0.25,0.7297297297297297,0.4705128205128205,0.6486486486486487,0.4017628205128205,0.6486486486486487,0.3623885918003565,0.6216216216216216,0.336734693877551,0.027027027027027,0.0650281266352694
Texas,SDRF,gcn,12373,0.0,0.7837837837837838,0.7237549684358195,0.6216216216216216,0.4649244833068363,0.7837837837837838,0.7237549684358195,0.6216216216216216,0.4649244833068363,0.0,0.0
Texas,SDRF,gcn,12374,0.4,0.7567567567567568,0.5948170731707317,0.6486486486486487,0.3541687979539641,0.7027027027027027,0.5456590193432299,0.5405405405405406,0.2862929681928398,0.1081081081081081,0.0678758297611243
Texas,SDRF,sage,12345,0.55,0.8108108108108109,0.5897435897435898,0.6756756756756757,0.5984848484848484,0.7297297297297297,0.5440354767184036,0.7297297297297297,0.7228867623604465,-0.054054054054054,-0.124401913875598
Texas,SDRF,sage,12346,0.1,0.8918918918918919,0.8641148325358852,0.8108108108108109,0.6398471094123268,0.8378378378378378,0.782080200501253,0.8918918918918919,0.7125087678279167,-0.081081081081081,-0.0726616584155899
Texas,SDRF,sage,12347,0.25,0.7567567567567568,0.6597953216374268,0.6756756756756757,0.459469696969697,0.6756756756756757,0.5966587466587466,0.6756756756756757,0.5226010101010101,0.0,-0.0631313131313131
Texas,SDRF,sage,12348,0.0,0.7837837837837838,0.7209429824561403,0.7567567567567568,0.3928888888888888,0.7837837837837838,0.7227058029689609,0.7837837837837838,0.4373333333333333,-0.0270270270270269,-0.0444444444444444
Texas,SDRF,sage,12349,0.0,0.8378378378378378,0.8452380952380952,0.7027027027027027,0.6557330057330057,0.8108108108108109,0.8254489413025998,0.7297297297297297,0.6916666666666667,-0.0270270270270269,-0.0359336609336609
Texas,SDRF,sage,12350,0.25,0.7567567567567568,0.574198717948718,0.6486486486486487,0.4994541406306112,0.7567567567567568,0.5623693379790942,0.6756756756756757,0.5192673992673993,-0.0270270270270269,-0.019813258636788
Texas,SDRF,sage,12351,0.4,0.6486486486486487,0.5527027027027027,0.7297297297297297,0.5541023441966837,0.6216216216216216,0.532915845764143,0.7567567567567568,0.6020512820512821,-0.027027027027027,-0.0479489378545984
Texas,SDRF,sage,12352,0.0,0.8648648648648649,0.8292635658914729,0.7567567567567568,0.642358803986711,0.8648648648648649,0.8292635658914729,0.8108108108108109,0.7226107226107226,-0.054054054054054,-0.0802519186240116
Texas,SDRF,sage,12353,0.0,0.8378378378378378,0.66815649867374,0.5405405405405406,0.402014652014652,0.8378378378378378,0.66815649867374,0.5405405405405406,0.402014652014652,0.0,5.551115123125783e-17
Texas,SDRF,sage,12354,0.0,0.8108108108108109,0.7536630036630036,0.7567567567567568,0.6539971656250726,0.8108108108108109,0.7536630036630036,0.7567567567567568,0.6539971656250726,0.0,0.0
Texas,SDRF,sage,12355,0.25,0.7837837837837838,0.7333333333333333,0.5405405405405406,0.4107050444811355,0.7837837837837838,0.6964285714285715,0.7297297297297297,0.5483333333333333,-0.1891891891891891,-0.1376282888521978
Texas,SDRF,sage,12356,0.1,0.7837837837837838,0.7236788617886178,0.7027027027027027,0.6013471177944861,0.7297297297297297,0.6780448717948718,0.7567567567567568,0.6591269841269841,-0.054054054054054,-0.0577798663324979
Texas,SDRF,sage,12357,0.0,0.8108108108108109,0.8487250735534488,0.5945945945945946,0.4123037323037323,0.8108108108108109,0.8487250735534488,0.5945945945945946,0.4123037323037323,0.0,0.0
Texas,SDRF,sage,12358,0.1,0.7297297297297297,0.6357142857142857,0.7567567567567568,0.6325757575757576,0.7297297297297297,0.6525326797385621,0.7297297297297297,0.6155523255813954,0.027027027027027,0.0170234319943621
Texas,SDRF,sage,12359,0.1,0.7567567567567568,0.7075582075582076,0.6486486486486487,0.4871292106586224,0.7837837837837838,0.6750968992248062,0.6756756756756757,0.4271708683473389,-0.0270270270270269,0.0599583423112835
Texas,SDRF,sage,12360,0.1,0.8108108108108109,0.5635404568331397,0.6756756756756757,0.565531561461794,0.7567567567567568,0.5434498834498834,0.6756756756756757,0.553030303030303,0.0,0.0125012584314909
Texas,SDRF,sage,12361,0.4,0.7027027027027027,0.725359477124183,0.6216216216216216,0.5604707792207793,0.7297297297297297,0.7172688993341166,0.6486486486486487,0.5128787878787878,-0.027027027027027,0.0475919913419914
Texas,SDRF,sage,12362,0.4,0.8648648648648649,0.8211201079622132,0.7297297297297297,0.6420754348250929,0.7567567567567568,0.7175438596491227,0.8378378378378378,0.702226345083488,-0.1081081081081081,-0.0601509102583951
Texas,SDRF,sage,12363,0.25,0.7027027027027027,0.6403600464576075,0.8648648648648649,0.6064814814814815,0.6756756756756757,0.5820707070707071,0.8378378378378378,0.5356060606060606,0.027027027027027,0.0708754208754208
Texas,SDRF,sage,12364,0.55,0.8378378378378378,0.7545665634674923,0.6756756756756757,0.6261265909872722,0.7567567567567568,0.6646929824561403,0.6216216216216216,0.4604545454545455,0.054054054054054,0.1656720455327266
Texas,SDRF,sage,12365,0.0,0.8648648648648649,0.8233766233766233,0.6756756756756757,0.6111111111111112,0.8108108108108109,0.7535014005602241,0.6216216216216216,0.4261412673177379,0.054054054054054,0.1849698437933732
Texas,SDRF,sage,12366,0.4,0.7027027027027027,0.6330357142857144,0.7297297297297297,0.6890350877192982,0.7027027027027027,0.5314285714285715,0.6756756756756757,0.6333333333333333,0.054054054054054,0.0557017543859649
Texas,SDRF,sage,12367,0.55,0.7567567567567568,0.6388888888888888,0.6756756756756757,0.5727016885553471,0.6756756756756757,0.5815018315018315,0.7567567567567568,0.6264705882352941,-0.0810810810810811,-0.053768899679947
Texas,SDRF,sage,12368,0.1,0.8108108108108109,0.7854166666666667,0.6486486486486487,0.3933014354066985,0.8108108108108109,0.7518315018315018,0.6756756756756757,0.4165656565656565,-0.0270270270270269,-0.0232642211589579
Texas,SDRF,sage,12369,0.0,0.8108108108108109,0.7470238095238094,0.7297297297297297,0.5307563025210082,0.8108108108108109,0.7470238095238094,0.7297297297297297,0.5307563025210082,0.0,0.0
Texas,SDRF,sage,12370,0.25,0.7837837837837838,0.6445804195804196,0.6216216216216216,0.5103381096028154,0.7837837837837838,0.6477855477855478,0.6486486486486487,0.542957042957043,-0.027027027027027,-0.0326189333542275
Texas,SDRF,sage,12371,0.1,0.7567567567567568,0.5992360580595875,0.7027027027027027,0.5809873949579832,0.7027027027027027,0.5701619433198382,0.6216216216216216,0.5685924369747899,0.0810810810810811,0.0123949579831933
Texas,SDRF,sage,12372,0.25,0.945945945945946,0.7593810444874275,0.6756756756756757,0.5593023255813954,0.8378378378378378,0.6495238095238095,0.7297297297297297,0.5964452214452215,-0.054054054054054,-0.0371428958638261
Texas,SDRF,sage,12373,0.0,0.8108108108108109,0.7234042553191489,0.7027027027027027,0.5311965811965813,0.8108108108108109,0.7234042553191489,0.7027027027027027,0.5311965811965813,0.0,0.0
Texas,SDRF,sage,12374,0.4,0.8108108108108109,0.7599768652400231,0.5945945945945946,0.3458611552729199,0.7297297297297297,0.6659673659673659,0.5675675675675675,0.3356209150326797,0.027027027027027,0.0102402402402402
Texas,SDRF,gat,12345,0.1,0.7297297297297297,0.5191919191919192,0.6756756756756757,0.63003663003663,0.7567567567567568,0.5747058823529412,0.6486486486486487,0.3993788819875776,0.0270270270270269,0.2306577480490524
Texas,SDRF,gat,12346,0.1,0.6486486486486487,0.5670653907496013,0.5945945945945946,0.4137115839243498,0.6756756756756757,0.5883699633699634,0.6756756756756757,0.4821428571428571,-0.081081081081081,-0.0684312732185072
Texas,SDRF,gat,12347,0.55,0.7027027027027027,0.557712215320911,0.4864864864864865,0.301131221719457,0.6756756756756757,0.4810968784976993,0.5945945945945946,0.393796992481203,-0.1081081081081081,-0.0926657707617459
Texas,SDRF,gat,12348,0.0,0.6216216216216216,0.576417004048583,0.5675675675675675,0.2973856209150327,0.6756756756756757,0.5509068167604754,0.5405405405405406,0.2875816993464052,0.0270270270270269,0.0098039215686274
Texas,SDRF,gat,12349,0.0,0.5675675675675675,0.507235142118863,0.5405405405405406,0.369551282051282,0.5945945945945946,0.5224747474747474,0.5405405405405406,0.3054323725055432,0.0,0.0641189095457388
Texas,SDRF,gat,12350,0.1,0.7297297297297297,0.55625,0.5135135135135135,0.3272874493927126,0.6486486486486487,0.4692671394799054,0.4864864864864865,0.3126984126984127,0.0270270270270269,0.0145890366942998
Texas,SDRF,gat,12351,0.25,0.6486486486486487,0.5487637362637363,0.6486486486486487,0.4047619047619047,0.5405405405405406,0.4696969696969696,0.5135135135135135,0.2539893617021276,0.1351351351351352,0.1507725430597771
Texas,SDRF,gat,12352,0.1,0.5675675675675675,0.4646464646464646,0.3243243243243243,0.2267732267732267,0.5675675675675675,0.4314307146753955,0.5945945945945946,0.3925282234105763,-0.2702702702702703,-0.1657549966373495
Texas,SDRF,gat,12353,0.4,0.5135135135135135,0.3980392156862745,0.4594594594594595,0.2957317073170732,0.5405405405405406,0.3244444444444444,0.5405405405405406,0.2473544973544973,-0.081081081081081,0.0483772099625759
Texas,SDRF,gat,12354,0.4,0.6216216216216216,0.5732465258781049,0.5405405405405406,0.3458333333333333,0.6756756756756757,0.5630590339892666,0.7027027027027027,0.4465148378191856,-0.1621621621621621,-0.1006815044858522
Texas,SDRF,gat,12355,0.0,0.6486486486486487,0.5187782805429865,0.3783783783783784,0.288981288981289,0.6486486486486487,0.4932126696832579,0.4054054054054054,0.2956349206349206,-0.0270270270270269,-0.0066536316536315
Texas,SDRF,gat,12356,0.25,0.7837837837837838,0.5725108225108225,0.5945945945945946,0.4042735042735043,0.5945945945945946,0.5705128205128205,0.6216216216216216,0.5274781113195748,-0.0270270270270269,-0.1232046070460705
Texas,SDRF,gat,12357,0.55,0.5405405405405406,0.4484030589293747,0.4054054054054054,0.2097297297297297,0.5405405405405406,0.4138888888888889,0.4594594594594595,0.1966777408637873,-0.054054054054054,0.0130519888659424
Texas,SDRF,gat,12358,0.55,0.6216216216216216,0.5369727172052754,0.6216216216216216,0.3806022408963586,0.5945945945945946,0.5028998778998779,0.6486486486486487,0.5208333333333333,-0.027027027027027,-0.1402310924369746
Texas,SDRF,gat,12359,0.0,0.6216216216216216,0.4931818181818181,0.6486486486486487,0.4548951048951049,0.6486486486486487,0.4898578811369509,0.6486486486486487,0.451236568309739,0.0,0.0036585365853659
Texas,SDRF,gat,12360,0.0,0.6756756756756757,0.4505050505050505,0.4324324324324324,0.2155612244897959,0.6756756756756757,0.4505050505050505,0.4864864864864865,0.2291666666666666,-0.054054054054054,-0.0136054421768706
Texas,SDRF,gat,12361,0.0,0.5405405405405406,0.4960365853658536,0.5675675675675675,0.4252525252525252,0.5675675675675675,0.4991002214839424,0.5945945945945946,0.4347826086956521,-0.027027027027027,-0.0095300834431268
Texas,SDRF,gat,12362,0.4,0.7297297297297297,0.5414133738601823,0.6216216216216216,0.3528751123090746,0.6486486486486487,0.3725490196078431,0.6486486486486487,0.3558333333333333,-0.027027027027027,-0.0029582210242586
Texas,SDRF,gat,12363,0.0,0.6216216216216216,0.5324248120300752,0.5945945945945946,0.3581521739130435,0.6216216216216216,0.5324248120300752,0.6216216216216216,0.4638242894056847,-0.0270270270270269,-0.1056721154926412
Texas,SDRF,gat,12364,0.1,0.8108108108108109,0.7578865578865579,0.5675675675675675,0.4512812768626722,0.7027027027027027,0.701098901098901,0.6216216216216216,0.5568362480127186,-0.054054054054054,-0.1055549711500463
Texas,SDRF,gat,12365,0.55,0.6486486486486487,0.5347222222222222,0.4594594594594595,0.3923611111111111,0.5405405405405406,0.4772997835497835,0.4594594594594595,0.2666666666666666,0.0,0.1256944444444445
Texas,SDRF,gat,12366,0.25,0.5945945945945946,0.4543650793650793,0.6216216216216216,0.4473684210526316,0.6486486486486487,0.448051948051948,0.5945945945945946,0.3523285225412885,0.0270270270270269,0.095039898511343
Texas,SDRF,gat,12367,0.25,0.7567567567567568,0.5766666666666667,0.6756756756756757,0.5235562310030395,0.7027027027027027,0.4738562091503268,0.5405405405405406,0.1851851851851851,0.1351351351351351,0.3383710458178544
Texas,SDRF,gat,12368,0.4,0.5945945945945946,0.5357142857142857,0.6216216216216216,0.3832167832167832,0.5675675675675675,0.4772233772233772,0.7567567567567568,0.4732220795892169,-0.1351351351351352,-0.0900052963724336
Texas,SDRF,gat,12369,0.25,0.6486486486486487,0.5557434813248766,0.4324324324324324,0.2975757575757576,0.6486486486486487,0.4584160937102114,0.5135135135135135,0.3955693696547355,-0.081081081081081,-0.0979936120789778
Texas,SDRF,gat,12370,0.1,0.6216216216216216,0.5710220673635308,0.4054054054054054,0.3445616883116883,0.5945945945945946,0.5175438596491229,0.5135135135135135,0.456429211469534,-0.108108108108108,-0.1118675231578457
Texas,SDRF,gat,12371,0.0,0.5945945945945946,0.4688888888888889,0.5675675675675675,0.314484126984127,0.6216216216216216,0.48,0.6216216216216216,0.3635204081632653,-0.054054054054054,-0.0490362811791383
Texas,SDRF,gat,12372,0.4,0.5135135135135135,0.3822472101541868,0.5405405405405406,0.4668831168831169,0.6216216216216216,0.4025839793281654,0.5945945945945946,0.3829545454545455,-0.054054054054054,0.0839285714285714
Texas,SDRF,gat,12373,0.4,0.7567567567567568,0.6558874458874457,0.4864864864864865,0.3724185724185724,0.7027027027027027,0.6086309523809523,0.4864864864864865,0.3540494058786742,0.0,0.0183691665398982
Texas,SDRF,gat,12374,0.1,0.5945945945945946,0.5186261107313739,0.4324324324324324,0.286090636090636,0.5945945945945946,0.525,0.4594594594594595,0.2786324786324786,-0.027027027027027,0.0074581574581574
Texas,DiffWire CT,gcn,12345,,0.7297297297297297,0.4358974358974358,0.6756756756756757,0.4016548463356973,0.7567567567567568,0.5197069597069597,0.6486486486486487,0.40625,0.0270270270270269,-0.0045951536643026
Texas,DiffWire CT,gcn,12346,,0.6756756756756757,0.4953216374269005,0.7027027027027027,0.3275132275132275,0.6216216216216216,0.45,0.4864864864864865,0.2534237726098191,0.2162162162162162,0.0740894549034084
Texas,DiffWire CT,gcn,12347,,0.6486486486486487,0.4141414141414141,0.5135135135135135,0.2972850678733031,0.6486486486486487,0.4295454545454545,0.5405405405405406,0.3360323886639675,-0.027027027027027,-0.0387473207906643
Texas,DiffWire CT,gcn,12348,,0.7297297297297297,0.6024069319640565,0.6756756756756757,0.3138461538461539,0.7837837837837838,0.7440735986307231,0.6756756756756757,0.3447802197802198,0.0,-0.0309340659340658
Texas,DiffWire CT,gcn,12349,,0.6756756756756757,0.5603632478632479,0.7297297297297297,0.4940159574468085,0.5945945945945946,0.4514705882352942,0.6756756756756757,0.4286750483558994,0.054054054054054,0.065340909090909
Texas,DiffWire CT,gcn,12350,,0.7027027027027027,0.4266666666666666,0.5945945945945946,0.252,0.7297297297297297,0.5,0.4594594594594595,0.2383333333333333,0.1351351351351351,0.0136666666666666
Texas,DiffWire CT,gcn,12351,,0.5135135135135135,0.3753811405985319,0.5945945945945946,0.296078431372549,0.5945945945945946,0.5246999612853271,0.6486486486486487,0.4349958552086211,-0.054054054054054,-0.138917423836072
Texas,DiffWire CT,gcn,12352,,0.6486486486486487,0.3857729138166895,0.5405405405405406,0.325,0.7027027027027027,0.4916666666666667,0.6486486486486487,0.4154143728611814,-0.1081081081081081,-0.0904143728611813
Texas,DiffWire CT,gcn,12353,,0.5945945945945946,0.3422084623323013,0.5675675675675675,0.3512265512265512,0.5675675675675675,0.3590062111801242,0.5675675675675675,0.3375816993464052,0.0,0.013644851880146
Texas,DiffWire CT,gcn,12354,,0.7567567567567568,0.5476190476190477,0.6756756756756757,0.4047459893048128,0.7567567567567568,0.5612244897959184,0.6756756756756757,0.4195417789757412,0.0,-0.0147957896709283
Texas,DiffWire CT,gcn,12355,,0.6756756756756757,0.4282212885154061,0.6216216216216216,0.3188775510204081,0.6756756756756757,0.4607107383291027,0.5135135135135135,0.3073684210526315,0.1081081081081081,0.0115091299677766
Texas,DiffWire CT,gcn,12356,,0.7027027027027027,0.4761904761904761,0.5945945945945946,0.3894716394716395,0.7027027027027027,0.4829277864992151,0.6486486486486487,0.5027131782945736,-0.054054054054054,-0.1132415388229341
Texas,DiffWire CT,gcn,12357,,0.6756756756756757,0.4283088235294118,0.5675675675675675,0.244,0.5675675675675675,0.3826388888888888,0.5945945945945946,0.3023809523809523,-0.027027027027027,-0.0583809523809523
Texas,DiffWire CT,gcn,12358,,0.5405405405405406,0.4968253968253968,0.6486486486486487,0.4992424242424242,0.5945945945945946,0.507051282051282,0.6486486486486487,0.4044289044289044,0.0,0.0948135198135198
Texas,DiffWire CT,gcn,12359,,0.6756756756756757,0.5752976190476191,0.5405405405405406,0.2708935508935509,0.7297297297297297,0.5374149659863945,0.5405405405405406,0.2184615384615384,0.0,0.0524320124320125
Texas,DiffWire CT,gcn,12360,,0.7027027027027027,0.421188630490956,0.5945945945945946,0.3415329768270945,0.7567567567567568,0.4603174603174603,0.6216216216216216,0.3114630467571644,-0.0270270270270269,0.03006993006993
Texas,DiffWire CT,gcn,12361,,0.4594594594594595,0.3430555555555555,0.6486486486486487,0.408578431372549,0.5405405405405406,0.3767482517482518,0.6216216216216216,0.4038461538461538,0.027027027027027,0.0047322775263952
Texas,DiffWire CT,gcn,12362,,0.6216216216216216,0.3718181818181818,0.6216216216216216,0.287037037037037,0.6216216216216216,0.4035326086956521,0.6756756756756757,0.3881027253668763,-0.054054054054054,-0.1010656883298392
Texas,DiffWire CT,gcn,12363,,0.5675675675675675,0.4922619047619048,0.6486486486486487,0.3491864831038798,0.5945945945945946,0.5169455169455169,0.6216216216216216,0.3868055555555555,0.027027027027027,-0.0376190724516756
Texas,DiffWire CT,gcn,12364,,0.6486486486486487,0.431873977086743,0.5675675675675675,0.3317460317460317,0.6756756756756757,0.4369875222816399,0.5675675675675675,0.334697217675941,0.0,-0.0029511859299092
Texas,DiffWire CT,gcn,12365,,0.7837837837837838,0.7467754467754468,0.6216216216216216,0.3083333333333333,0.7567567567567568,0.756005622284692,0.6486486486486487,0.384313725490196,-0.027027027027027,-0.0759803921568626
Texas,DiffWire CT,gcn,12366,,0.6216216216216216,0.4840510366826156,0.5945945945945946,0.4581232492997198,0.6486486486486487,0.4791866028708134,0.5135135135135135,0.3400974025974026,0.0810810810810811,0.1180258467023172
Texas,DiffWire CT,gcn,12367,,0.7027027027027027,0.6687943262411348,0.5405405405405406,0.281010101010101,0.6756756756756757,0.568095025541834,0.5405405405405406,0.2855064557192217,0.0,-0.0044963547091206
Texas,DiffWire CT,gcn,12368,,0.5945945945945946,0.4605065666041276,0.6756756756756757,0.3602173913043478,0.5135135135135135,0.3937732589048378,0.5405405405405406,0.2884162895927601,0.1351351351351351,0.0718011017115877
Texas,DiffWire CT,gcn,12369,,0.6756756756756757,0.4499999999999999,0.5675675675675675,0.3248366013071895,0.7027027027027027,0.5226404800872886,0.5945945945945946,0.4311965811965812,-0.027027027027027,-0.1063599798893916
Texas,DiffWire CT,gcn,12370,,0.6756756756756757,0.4565217391304348,0.5675675675675675,0.3822115384615384,0.7027027027027027,0.5146276595744681,0.5945945945945946,0.4683579985905567,-0.027027027027027,-0.0861464601290182
Texas,DiffWire CT,gcn,12371,,0.5675675675675675,0.3774358974358974,0.6486486486486487,0.4412641621943947,0.5135135135135135,0.3557539682539682,0.6216216216216216,0.4977314352314352,0.027027027027027,-0.0564672730370404
Texas,DiffWire CT,gcn,12372,,0.7027027027027027,0.3861224489795918,0.6486486486486487,0.4032792604221176,0.6486486486486487,0.3623885918003565,0.6216216216216216,0.336734693877551,0.027027027027027,0.0665445665445665
Texas,DiffWire CT,gcn,12373,,0.8108108108108109,0.7642857142857143,0.6216216216216216,0.4002501563477173,0.7837837837837838,0.7237549684358195,0.6216216216216216,0.4649244833068363,0.0,-0.0646743269591189
Texas,DiffWire CT,gcn,12374,,0.7027027027027027,0.5154761904761904,0.6486486486486487,0.2798786653185036,0.7027027027027027,0.5456590193432299,0.5405405405405406,0.2862929681928398,0.1081081081081081,-0.0064143028743361
