graph_id,family,configuration_id,instance_index,generation_seed,generation_parameters,generation_metadata,param_n,param_target_avg_degree,param_communities,param_mixing,num_nodes,num_edges,density,avg_degree,degree_variance,degree_std,degree_cv,num_components,largest_cc_ratio,num_isolates,avg_clustering,transitivity,degree_assortativity,lambda2_norm_laplacian,algebraic_connectivity,cheeger_lower_bound,cheeger_upper_bound,approx_avg_shortest_path,approx_diameter,effective_resistance_sample,effective_resistance_median,effective_resistance_pairs,edge_connectivity,edge_connectivity_ratio,spectral_sweep_conductance,modularity,param_k,param_beta,param_m,param_p,param_degree,param_bridges,gain_selected_rewiring,gain_selected_rewiring_std,gain_geometry,gain_vgae,n_nested_runs,positive_run_fraction,success_0_0,refine_success_0_0,success_0_5,refine_success_0_5,success_1_0,refine_success_1_0
barabasi_albert__23d4232072__i00,barabasi_albert,barabasi_albert__23d4232072,0,300388815,"{""m"": 8, ""n"": 240}","{""controlled_property"": ""degree_heterogeneity"", ""edge_budget"": 1856, ""generation_attempt"": 0}",240,,,,240,1856,0.0647140864714086,15.466666666666669,110.3572222222222,10.505104579309156,0.679209347800161,1,1.0,0,0.1305260533305115,0.1230888184969944,-0.0355744924501946,0.541783456805414,5.814595076509815,0.270891728402707,1.040945202021138,2.2557531380753137,3.0,0.1950535366207718,0.1927904055794659,64,8.0,0.0021551724137931,0.354177897574124,0.2001484293716557,,,8.0,,,,-0.08171146319447588,0.09028578510121206,-0.10711975770835301,0.01156349733574663,12,0.16666666666666666,0,1,0,1,0,1
barabasi_albert__23d4232072__i01,barabasi_albert,barabasi_albert__23d4232072,1,1551574204,"{""m"": 8, ""n"": 240}","{""controlled_property"": ""degree_heterogeneity"", ""edge_budget"": 1856, ""generation_attempt"": 0}",240,,,,240,1856,0.0647140864714086,15.466666666666669,130.09055555555557,11.405724683489233,0.7374390959152521,1,1.0,0,0.1488770706271968,0.1251972398200702,-0.0817115171232329,0.5357134417452172,5.559536081977152,0.2678567208726086,1.035097523661628,2.231661872384937,3.0,0.1787966698215362,0.1836594635550794,64,8.0,0.0021551724137931,0.3712121212121212,0.1971709878492865,,,8.0,,,,-0.06133943710817052,0.06503435020261615,-0.101531472486924,0.029513531407566563,12,0.16666666666666666,0,1,0,1,0,1
barabasi_albert__23d4232072__i02,barabasi_albert,barabasi_albert__23d4232072,2,752773596,"{""m"": 8, ""n"": 240}","{""controlled_property"": ""degree_heterogeneity"", ""edge_budget"": 1856, ""generation_attempt"": 0}",240,,,,240,1856,0.0647140864714086,15.466666666666669,114.08222222222224,10.680927966343669,0.6905772392032543,1,1.0,0,0.1332928993351277,0.1228416378885051,-0.0420478620771339,0.5379943333299007,5.564057173527785,0.2689971666649503,1.0372987354951326,2.248267520920502,4.0,0.1876646091812299,0.1892620677118879,64,7.0,0.0018857758620689,0.3646170442286947,0.2058945881484096,,,8.0,,,,-0.05354885017120267,0.08162653781093268,-0.05991335135838707,0.008700516426425433,12,0.16666666666666666,0,1,0,1,0,0
barabasi_albert__23d4232072__i03,barabasi_albert,barabasi_albert__23d4232072,3,439839994,"{""m"": 8, ""n"": 240}","{""controlled_property"": ""degree_heterogeneity"", ""edge_budget"": 1856, ""generation_attempt"": 0}",240,,,,240,1856,0.0647140864714086,15.466666666666669,113.54055555555556,10.655541072866995,0.6889358452284696,1,1.0,0,0.1334856951638587,0.1252625077208153,-0.0386754864069091,0.5401912189664935,5.639007681008782,0.2700956094832467,1.039414468791438,2.244116108786611,3.0,0.1880321422149118,0.1886630404207544,64,8.0,0.0021551724137931,0.3768194070080862,0.197460414963585,,,8.0,,,,-0.1197348560371387,0.10318302058248643,-0.13370390420898254,0.013969048171843801,12,0.0,0,1,0,1,0,1
barabasi_albert__23d4232072__i04,barabasi_albert,barabasi_albert__23d4232072,4,1476959489,"{""m"": 8, ""n"": 240}","{""controlled_property"": ""degree_heterogeneity"", ""edge_budget"": 1856, ""generation_attempt"": 0}",240,,,,240,1856,0.0647140864714086,15.466666666666669,128.84055555555557,11.350795371054646,0.7338876317492228,1,1.0,0,0.1453359294223153,0.1225922336980926,-0.0901445429719946,0.5494154022773008,5.633964448991014,0.2747077011386504,1.0482513079193374,2.237839958158996,3.0,0.1776142527654339,0.1740544898061681,64,8.0,0.0021551724137931,0.3725067385444744,0.1953123548509958,,,8.0,,,,-0.08402643358989699,0.07055981982926321,-0.10827651994414327,0.024250086354246265,12,0.0,0,1,0,1,0,1
barabasi_albert__879d260642__i00,barabasi_albert,barabasi_albert__879d260642,0,601493762,"{""m"": 2, ""n"": 240}","{""controlled_property"": ""degree_heterogeneity"", ""edge_budget"": 476, ""generation_attempt"": 0}",240,,,,240,476,0.0165969316596931,3.966666666666667,21.407222222222217,4.626793946376067,1.166418641943546,1,1.0,0,0.0758534677322947,0.0324039186134137,-0.1500744226944242,0.1788619768998169,0.5717137934589245,0.0894309884499084,0.598100287409757,3.4137683054393304,6.0,1.025988790853022,1.0874654779349022,64,2.0,0.0021008403361344,0.1966173361522198,0.4904005719935033,,,2.0,,,,-0.041983734785575245,0.057037207232926976,-0.04441090812831963,-0.0011356047519074073,12,0.16666666666666666,0,0,0,0,0,0
barabasi_albert__879d260642__i01,barabasi_albert,barabasi_albert__879d260642,1,970865729,"{""m"": 2, ""n"": 240}","{""controlled_property"": ""degree_heterogeneity"", ""edge_budget"": 476, ""generation_attempt"": 0}",240,,,,240,476,0.0165969316596931,3.966666666666667,15.373888888888889,3.9209550990656457,0.9884760753947004,1,1.0,0,0.0721270005364432,0.0276327909118821,-0.1767887903935197,0.1795323672102045,0.5790104597211957,0.0897661836051022,0.5992201051536982,3.5020593619246863,6.0,1.0264903925589437,1.0291374716559796,64,2.0,0.0021008403361344,0.189873417721519,0.4975416637243132,,,2.0,,,,-0.037709072956340954,0.06339107470956416,-0.08426126298335677,0.058512656375801775,12,0.25,0,1,0,1,0,1
barabasi_albert__879d260642__i02,barabasi_albert,barabasi_albert__879d260642,2,2001422872,"{""m"": 2, ""n"": 240}","{""controlled_property"": ""degree_heterogeneity"", ""edge_budget"": 476, ""generation_attempt"": 0}",240,,,,240,476,0.0165969316596931,3.966666666666667,15.223888888888892,3.901780220474866,0.9836420723886216,1,1.0,0,0.0491705183433124,0.0277863538129052,-0.0799170332733943,0.179728705046392,0.5681378794979641,0.089864352523196,0.5995476712428995,3.518991893305439,7.0,0.9144950087891686,0.860048065597672,64,2.0,0.0021008403361344,0.2194092827004219,0.4889330732292917,,,2.0,,,,-0.06378856232183112,0.06396143033369167,-0.06820074368137151,0.00796341273685869,12,0.08333333333333333,0,1,0,1,0,0
barabasi_albert__879d260642__i03,barabasi_albert,barabasi_albert__879d260642,3,1605650700,"{""m"": 2, ""n"": 240}","{""controlled_property"": ""degree_heterogeneity"", ""edge_budget"": 476, ""generation_attempt"": 0}",240,,,,240,476,0.0165969316596931,3.966666666666667,20.20722222222223,4.495244400721971,1.133254890938312,1,1.0,0,0.0540534251968075,0.0320562939796716,-0.1044064570108803,0.184705320337583,0.5830056303742126,0.0923526601687915,0.6077916095794397,3.439134414225941,6.0,0.9410391753731928,0.9734677946435883,64,2.0,0.0021008403361344,0.211864406779661,0.4842061824729892,,,2.0,,,,-0.05583171953067959,0.06119773491554801,-0.07842099706445628,0.028397236771293872,12,0.16666666666666666,0,1,0,1,0,1
barabasi_albert__879d260642__i04,barabasi_albert,barabasi_albert__879d260642,4,1923930953,"{""m"": 2, ""n"": 240}","{""controlled_property"": ""degree_heterogeneity"", ""edge_budget"": 476, ""generation_attempt"": 0}",240,,,,240,476,0.0165969316596931,3.966666666666667,18.79888888888889,4.335768546508091,1.09305089407767,1,1.0,0,0.0811367695924147,0.0294438386041439,-0.1622211972744125,0.1857339926029463,0.5994053864757208,0.0928669963014731,0.6094817349239374,3.438284518828452,6.0,0.9484443234225646,0.972430298422264,64,2.0,0.0021008403361344,0.2184873949579832,0.4937107195819504,,,2.0,,,,-0.03927973031367803,0.07816321805544123,-0.10365606521097746,0.06859203384984051,12,0.3333333333333333,0,1,0,1,0,1
barabasi_albert__d49d1bf99a__i00,barabasi_albert,barabasi_albert__d49d1bf99a,0,1899566303,"{""m"": 4, ""n"": 240}","{""controlled_property"": ""degree_heterogeneity"", ""edge_budget"": 944, ""generation_attempt"": 0}",240,,,,240,944,0.0329149232914923,7.866666666666666,47.35722222222221,6.881658391857461,0.8747870837106942,1,1.0,0,0.1010648772631798,0.0776818742293464,-0.0767891446030601,0.3596791955790874,2.087918513459494,0.1798395977895437,0.8481499815234184,2.713062238493724,4.0,0.4013327325853797,0.420115370861014,64,4.0,0.0021186440677966,0.279317697228145,0.3215625897730537,,,4.0,,,,-0.03461324504454918,0.048060961566824975,-0.08071005980790714,0.054297105449524326,12,0.16666666666666666,0,1,0,1,0,1
barabasi_albert__d49d1bf99a__i01,barabasi_albert,barabasi_albert__d49d1bf99a,1,68077972,"{""m"": 4, ""n"": 240}","{""controlled_property"": ""degree_heterogeneity"", ""edge_budget"": 944, ""generation_attempt"": 0}",240,,,,240,944,0.0329149232914923,7.866666666666666,53.3238888888889,7.302320787865246,0.9282611171015144,1,1.0,0,0.1156052008776535,0.0701032528530393,-0.1300701557132831,0.3825639786580168,2.096904672625933,0.1912819893290084,0.8747159294971332,2.656086558577406,4.0,0.431570935423766,0.4405356815506655,64,4.0,0.0021186440677966,0.3198724760892667,0.3128512370726802,,,4.0,,,,-0.0924543605631518,0.12476716777998308,-0.13073370921508656,0.03696421371846878,12,0.25,0,1,0,1,0,1
barabasi_albert__d49d1bf99a__i02,barabasi_albert,barabasi_albert__d49d1bf99a,2,163078487,"{""m"": 4, ""n"": 240}","{""controlled_property"": ""degree_heterogeneity"", ""edge_budget"": 944, ""generation_attempt"": 0}",240,,,,240,944,0.0329149232914923,7.866666666666666,46.60722222222223,6.826948236380749,0.8678324029297563,1,1.0,0,0.1005276051038651,0.0695652173913043,-0.1241166920280978,0.3702857253072074,2.130545777186844,0.1851428626536037,0.8605646115280449,2.687565376569037,4.0,0.3875551440870481,0.3880891348663847,64,4.0,0.0021186440677966,0.3255567338282078,0.3046959162237862,,,4.0,,,,-0.04903164202007981,0.07896466748479945,-0.07891430285909963,0.01945327540963439,12,0.25,0,1,0,1,0,1
barabasi_albert__d49d1bf99a__i03,barabasi_albert,barabasi_albert__d49d1bf99a,3,399203331,"{""m"": 4, ""n"": 240}","{""controlled_property"": ""degree_heterogeneity"", ""edge_budget"": 944, ""generation_attempt"": 0}",240,,,,240,944,0.0329149232914923,7.866666666666666,44.05722222222222,6.63756146654946,0.8437578135444229,1,1.0,0,0.1005013107689019,0.0713739485087942,-0.0908921622989103,0.380523573470055,2.099917541391133,0.1902617867350275,0.8723801619363603,2.7166252615062763,5.0,0.3771473205762539,0.3880944668691886,64,4.0,0.0021186440677966,0.2916224814422057,0.3183492755314565,,,4.0,,,,-0.08096769069463948,0.06883535839305993,-0.13161935721590487,0.05065166652126535,12,0.16666666666666666,0,1,0,1,0,1
barabasi_albert__d49d1bf99a__i04,barabasi_albert,barabasi_albert__d49d1bf99a,4,1573078343,"{""m"": 4, ""n"": 240}","{""controlled_property"": ""degree_heterogeneity"", ""edge_budget"": 944, ""generation_attempt"": 0}",240,,,,240,944,0.0329149232914923,7.866666666666666,54.04055555555557,7.351228166473652,0.9344781567551252,1,1.0,0,0.1089890828387868,0.0744967995681345,-0.1070181579420947,0.3642098806222074,2.080163796355871,0.1821049403111037,0.8534751087433158,2.666775627615063,4.0,0.3741096001883047,0.3868495874787162,64,4.0,0.0021186440677966,0.3240343347639485,0.3081022425308818,,,4.0,,,,-0.06350692036817922,0.06717770020641264,-0.05293640932025092,-0.010570511047928275,12,0.25,0,0,0,0,0,0
degree_matched_bottleneck__0f35002e73__i00,degree_matched_bottleneck,degree_matched_bottleneck__0f35002e73,0,1722648713,"{""bridges"": 32, ""degree"": 12, ""n"": 240}","{""actual_bridge_edges"": 32, ""controlled_property"": ""bottleneck_at_exact_degree_sequence"", ""degree_sequence_preserved"": true, ""generation_attempt"": 0, ""requested_bridge_edges"": 32}",240,,,,240,1440,0.0502092050209205,12.0,0.0,0.0,0.0,1,1.0,0,0.0744318181818183,0.0744318181818181,,0.037339628750813,0.4480755450097667,0.0186698143754065,0.2732750583233421,2.818416579497908,5.0,0.1965807034536705,0.183272323480701,64,12.0,0.0041666666666666,0.0222222222222222,0.4777777777777777,,,,,12.0,32.0,-0.04881041196758818,0.05885522106694845,-0.106102824615657,0.06592333196606036,12,0.16666666666666666,0,1,0,1,0,1
degree_matched_bottleneck__0f35002e73__i01,degree_matched_bottleneck,degree_matched_bottleneck__0f35002e73,1,2138659054,"{""bridges"": 32, ""degree"": 12, ""n"": 240}","{""actual_bridge_edges"": 32, ""controlled_property"": ""bottleneck_at_exact_degree_sequence"", ""degree_sequence_preserved"": true, ""generation_attempt"": 0, ""requested_bridge_edges"": 32}",240,,,,240,1440,0.0502092050209205,12.0,0.0,0.0,0.0,1,1.0,0,0.0803030303030303,0.0803030303030303,,0.0374016987052308,0.4488203844627689,0.0187008493526154,0.273502097634482,2.8254445606694563,5.0,0.1979096611404082,0.1946427859873566,64,12.0,0.0041666666666666,0.0222222222222222,0.4777777777777777,,,,,12.0,32.0,-0.01561362920129506,0.03681770758296948,-0.050720934431949354,0.02989671035440593,12,0.16666666666666666,0,1,0,1,0,1
degree_matched_bottleneck__0f35002e73__i02,degree_matched_bottleneck,degree_matched_bottleneck__0f35002e73,2,2051589234,"{""bridges"": 32, ""degree"": 12, ""n"": 240}","{""actual_bridge_edges"": 32, ""controlled_property"": ""bottleneck_at_exact_degree_sequence"", ""degree_sequence_preserved"": true, ""generation_attempt"": 0, ""requested_bridge_edges"": 32}",240,,,,240,1440,0.0502092050209205,12.0,0.0,0.0,0.0,1,1.0,0,0.0768939393939395,0.0768939393939393,,0.0376329552003132,0.4515954624037666,0.0188164776001566,0.2743463329454698,2.8238428347280333,5.0,0.2002799754596683,0.2118433757376102,64,12.0,0.0041666666666666,0.0222222222222222,0.4777777777777777,,,,,12.0,32.0,-0.034781140485796495,0.04013275609191465,-0.07703567264261849,0.04747418893720293,12,0.0,0,1,0,1,0,1
degree_matched_bottleneck__0f35002e73__i03,degree_matched_bottleneck,degree_matched_bottleneck__0f35002e73,3,1826790449,"{""bridges"": 32, ""degree"": 12, ""n"": 240}","{""actual_bridge_edges"": 32, ""controlled_property"": ""bottleneck_at_exact_degree_sequence"", ""degree_sequence_preserved"": true, ""generation_attempt"": 0, ""requested_bridge_edges"": 32}",240,,,,240,1440,0.0502092050209205,12.0,0.0,0.0,0.0,1,1.0,0,0.0806818181818182,0.0806818181818181,,0.0379683131018522,0.4556197572222288,0.0189841565509261,0.2755660106103517,2.806387290794979,5.0,0.1968042551836819,0.1874114616658146,64,12.0,0.0041666666666666,0.0222222222222222,0.4777777777777777,,,,,12.0,32.0,-0.03812108609578626,0.06289639778676591,-0.06583429319381447,0.03639753189177546,12,0.08333333333333333,0,1,0,1,0,1
degree_matched_bottleneck__0f35002e73__i04,degree_matched_bottleneck,degree_matched_bottleneck__0f35002e73,4,1288946821,"{""bridges"": 32, ""degree"": 12, ""n"": 240}","{""actual_bridge_edges"": 32, ""controlled_property"": ""bottleneck_at_exact_degree_sequence"", ""degree_sequence_preserved"": true, ""generation_attempt"": 0, ""requested_bridge_edges"": 32}",240,,,,240,1440,0.0502092050209205,12.0,0.0,0.0,0.0,1,1.0,0,0.0912878787878788,0.0912878787878787,,0.0360143231906326,0.4321718782875968,0.0180071615953163,0.2683815313714142,2.838029550209205,5.0,0.2007728311385437,0.2109852948771312,64,12.0,0.0041666666666666,0.0222222222222222,0.4777777777777777,,,,,12.0,32.0,-0.02600079119793618,0.0505161838211714,-0.09767454329602442,0.07688737023112617,12,0.25,0,1,0,1,0,1
degree_matched_bottleneck__6edfdbb347__i00,degree_matched_bottleneck,degree_matched_bottleneck__6edfdbb347,0,109120775,"{""bridges"": 2, ""degree"": 12, ""n"": 240}","{""actual_bridge_edges"": 2, ""controlled_property"": ""bottleneck_at_exact_degree_sequence"", ""degree_sequence_preserved"": true, ""generation_attempt"": 0, ""requested_bridge_edges"": 2}",240,,,,240,1440,0.0502092050209205,12.0,0.0,0.0,0.0,1,1.0,0,0.0880681818181818,0.0880681818181818,,0.0023254177275161,0.0279050127301997,0.001162708863758,0.0681970340633109,3.5612578451882846,7.0,0.4771648878693984,0.4309305665805241,64,2.0,0.0006944444444444,0.0013888888888888,0.4986111111111111,,,,,12.0,2.0,-0.02253485312663929,0.02268335514257465,-0.060851838724455376,0.036598442599256896,12,0.08333333333333333,0,1,0,1,0,1
degree_matched_bottleneck__6edfdbb347__i01,degree_matched_bottleneck,degree_matched_bottleneck__6edfdbb347,1,237194814,"{""bridges"": 2, ""degree"": 12, ""n"": 240}","{""actual_bridge_edges"": 2, ""controlled_property"": ""bottleneck_at_exact_degree_sequence"", ""degree_sequence_preserved"": true, ""generation_attempt"": 0, ""requested_bridge_edges"": 2}",240,,,,240,1440,0.0502092050209205,12.0,0.0,0.0,0.0,1,1.0,0,0.090719696969697,0.0907196969696969,,0.0023316195879626,0.02797943505555,0.0011658097939813,0.0682879138349182,3.539977771966527,7.0,0.5331214872748125,0.7701613485889697,64,2.0,0.0006944444444444,0.0013888888888888,0.4986111111111111,,,,,12.0,2.0,-0.019237578781126967,0.03539895732390192,-0.06603575905117423,0.04680271122211355,12,0.08333333333333333,0,1,0,1,0,1
degree_matched_bottleneck__6edfdbb347__i02,degree_matched_bottleneck,degree_matched_bottleneck__6edfdbb347,2,1208435482,"{""bridges"": 2, ""degree"": 12, ""n"": 240}","{""actual_bridge_edges"": 2, ""controlled_property"": ""bottleneck_at_exact_degree_sequence"", ""degree_sequence_preserved"": true, ""generation_attempt"": 0, ""requested_bridge_edges"": 2}",240,,,,240,1440,0.0502092050209205,12.0,0.0,0.0,0.0,1,1.0,0,0.0861742424242424,0.0861742424242424,,0.0023320772505744,0.0279849270068966,0.0011660386252872,0.0682946154623404,3.53236140167364,7.0,0.450613089287591,0.1834056423339759,64,2.0,0.0006944444444444,0.0013888888888888,0.4986111111111111,,,,,12.0,2.0,-0.0285669946886221,0.0624179101505188,-0.043465528466500154,0.01489853377787805,12,0.08333333333333333,0,1,0,1,0,1
degree_matched_bottleneck__6edfdbb347__i03,degree_matched_bottleneck,degree_matched_bottleneck__6edfdbb347,3,1910253344,"{""bridges"": 2, ""degree"": 12, ""n"": 240}","{""actual_bridge_edges"": 2, ""controlled_property"": ""bottleneck_at_exact_degree_sequence"", ""degree_sequence_preserved"": true, ""generation_attempt"": 0, ""requested_bridge_edges"": 2}",240,,,,240,1440,0.0502092050209205,12.0,0.0,0.0,0.0,1,1.0,0,0.0831439393939394,0.0831439393939394,,0.0023308729181608,0.0279704750179326,0.0011654364590804,0.068276978816595,3.498267520920502,7.0,0.4594595004723849,0.1832551480716078,64,2.0,0.0006944444444444,0.0013888888888888,0.4986111111111111,,,,,12.0,2.0,-0.04006745919665016,0.05531846910691031,-0.06294463920503436,0.028098360267927638,12,0.08333333333333333,0,1,0,1,0,1
degree_matched_bottleneck__6edfdbb347__i04,degree_matched_bottleneck,degree_matched_bottleneck__6edfdbb347,4,1401959333,"{""bridges"": 2, ""degree"": 12, ""n"": 240}","{""actual_bridge_edges"": 2, ""controlled_property"": ""bottleneck_at_exact_degree_sequence"", ""degree_sequence_preserved"": true, ""generation_attempt"": 0, ""requested_bridge_edges"": 2}",240,,,,240,1440,0.0502092050209205,12.0,0.0,0.0,0.0,1,1.0,0,0.087689393939394,0.0876893939393939,,0.0023314695705491,0.0279776348465922,0.0011657347852745,0.0682857169626142,3.5384087343096238,7.0,0.4683988094224325,0.184466044487982,64,2.0,0.0006944444444444,0.0013888888888888,0.4986111111111111,,,,,12.0,2.0,-0.05072820285410488,0.052075375448764914,-0.08920581528081063,0.03674074746795628,12,0.0,0,1,0,1,0,1
degree_matched_bottleneck__70539b1dce__i00,degree_matched_bottleneck,degree_matched_bottleneck__70539b1dce,0,639804242,"{""bridges"": 2, ""degree"": 6, ""n"": 240}","{""actual_bridge_edges"": 2, ""controlled_property"": ""bottleneck_at_exact_degree_sequence"", ""degree_sequence_preserved"": true, ""generation_attempt"": 0, ""requested_bridge_edges"": 2}",240,,,,240,720,0.0251046025104602,6.0,0.0,0.0,0.0,1,1.0,0,0.0374999999999999,0.0375,,0.0037595757003799,0.0225574542022816,0.0018797878501899,0.0867130405461593,4.625980648535565,9.0,0.7889816381796377,1.0032007416722897,64,2.0,0.0013888888888888,0.0027777777777777,0.49875,,,,,6.0,2.0,-0.04878246104144743,0.05937111393120694,-0.10325004547244693,0.06142410617012992,12,0.16666666666666666,0,1,0,1,0,1
degree_matched_bottleneck__70539b1dce__i01,degree_matched_bottleneck,degree_matched_bottleneck__70539b1dce,1,1752696353,"{""bridges"": 2, ""degree"": 6, ""n"": 240}","{""actual_bridge_edges"": 2, ""controlled_property"": ""bottleneck_at_exact_degree_sequence"", ""degree_sequence_preserved"": true, ""generation_attempt"": 0, ""requested_bridge_edges"": 2}",240,,,,240,720,0.0251046025104602,6.0,0.0,0.0,0.0,1,1.0,0,0.0408333333333333,0.0408333333333333,,0.0037632797466958,0.0225796784801745,0.0018816398733479,0.0867557461692978,4.590938807531381,9.0,0.7494985582454317,0.4254051170611013,64,2.0,0.0013888888888888,0.0027777777777777,0.4996875,,,,,6.0,2.0,-0.033082387657283295,0.03719403764843403,-0.0862936953730974,0.05494817267456356,12,0.08333333333333333,0,1,0,1,0,1
degree_matched_bottleneck__70539b1dce__i02,degree_matched_bottleneck,degree_matched_bottleneck__70539b1dce,2,1822832250,"{""bridges"": 2, ""degree"": 6, ""n"": 240}","{""actual_bridge_edges"": 2, ""controlled_property"": ""bottleneck_at_exact_degree_sequence"", ""degree_sequence_preserved"": true, ""generation_attempt"": 0, ""requested_bridge_edges"": 2}",240,,,,240,720,0.0251046025104602,6.0,0.0,0.0,0.0,1,1.0,0,0.0283333333333333,0.0283333333333333,,0.0037830156329763,0.0226980937978578,0.0018915078164881,0.0869829366367487,4.5173574790794975,9.0,0.7979302831702668,1.1134042025832662,64,2.0,0.0013888888888888,0.0027777777777777,0.5019097222222222,,,,,6.0,2.0,-0.038226161160321875,0.06278880680423775,-0.10776599333833142,0.07302262399964106,12,0.3333333333333333,0,1,0,1,0,1
degree_matched_bottleneck__70539b1dce__i03,degree_matched_bottleneck,degree_matched_bottleneck__70539b1dce,3,770293422,"{""bridges"": 2, ""degree"": 6, ""n"": 240}","{""actual_bridge_edges"": 2, ""controlled_property"": ""bottleneck_at_exact_degree_sequence"", ""degree_sequence_preserved"": true, ""generation_attempt"": 0, ""requested_bridge_edges"": 2}",240,,,,240,720,0.0251046025104602,6.0,0.0,0.0,0.0,1,1.0,0,0.0316666666666666,0.0316666666666666,,0.0037670738585074,0.0226024431510462,0.0018835369292537,0.0867994684143564,4.551255230125523,9.0,0.7720942282448733,0.7634953465990819,64,2.0,0.0013888888888888,0.0027777777777777,0.5057638888888889,,,,,6.0,2.0,-0.04340477808463794,0.03811919118686491,-0.11693390316254959,0.07526599003666105,12,0.08333333333333333,0,1,0,1,0,1
degree_matched_bottleneck__70539b1dce__i04,degree_matched_bottleneck,degree_matched_bottleneck__70539b1dce,4,1125383515,"{""bridges"": 2, ""degree"": 6, ""n"": 240}","{""actual_bridge_edges"": 2, ""controlled_property"": ""bottleneck_at_exact_degree_sequence"", ""degree_sequence_preserved"": true, ""generation_attempt"": 0, ""requested_bridge_edges"": 2}",240,,,,240,720,0.0251046025104602,6.0,0.0,0.0,0.0,1,1.0,0,0.0383333333333333,0.0383333333333333,,0.0037806705117985,0.0226840230707941,0.0018903352558992,0.0869559717535091,4.535662918410042,9.0,0.7824597050736495,0.9332829226995952,64,2.0,0.0013888888888888,0.0027777777777777,0.5040972222222222,,,,,6.0,2.0,-0.04701641880927513,0.05215090601778683,-0.12011660864574829,0.07657995840131503,12,0.0,0,1,0,1,0,1
degree_matched_bottleneck__86bd7563af__i00,degree_matched_bottleneck,degree_matched_bottleneck__86bd7563af,0,1136538655,"{""bridges"": 12, ""degree"": 12, ""n"": 240}","{""actual_bridge_edges"": 12, ""controlled_property"": ""bottleneck_at_exact_degree_sequence"", ""degree_sequence_preserved"": true, ""generation_attempt"": 0, ""requested_bridge_edges"": 12}",240,,,,240,1440,0.0502092050209205,12.0,0.0,0.0,0.0,1,1.0,0,0.0840909090909091,0.084090909090909,,0.0141868051389107,0.1702416616669378,0.0070934025694553,0.1684446801707359,3.0488362970711296,6.0,0.2429579458196591,0.2776297945501907,64,12.0,0.0041666666666666,0.0083333333333333,0.4916666666666667,,,,,12.0,12.0,-0.02092175626693316,0.037934755412509166,-0.09283466195362279,0.07895181957831315,12,0.16666666666666666,0,1,0,1,0,1
degree_matched_bottleneck__86bd7563af__i01,degree_matched_bottleneck,degree_matched_bottleneck__86bd7563af,1,1624744142,"{""bridges"": 12, ""degree"": 12, ""n"": 240}","{""actual_bridge_edges"": 12, ""controlled_property"": ""bottleneck_at_exact_degree_sequence"", ""degree_sequence_preserved"": true, ""generation_attempt"": 0, ""requested_bridge_edges"": 12}",240,,,,240,1440,0.0502092050209205,12.0,0.0,0.0,0.0,1,1.0,0,0.084090909090909,0.084090909090909,,0.0140553477412636,0.1686641728951669,0.0070276738706318,0.1676624450571065,3.055047071129707,6.0,0.2218076235701724,0.1836602337946727,64,12.0,0.0041666666666666,0.0083333333333333,0.4916666666666667,,,,,12.0,12.0,-0.010422697447773408,0.03142818616248783,-0.09265256462724948,0.08221170388578981,12,0.16666666666666666,0,1,0,1,0,1
degree_matched_bottleneck__86bd7563af__i02,degree_matched_bottleneck,degree_matched_bottleneck__86bd7563af,2,1102998818,"{""bridges"": 12, ""degree"": 12, ""n"": 240}","{""actual_bridge_edges"": 12, ""controlled_property"": ""bottleneck_at_exact_degree_sequence"", ""degree_sequence_preserved"": true, ""generation_attempt"": 0, ""requested_bridge_edges"": 12}",240,,,,240,1440,0.0502092050209205,12.0,0.0,0.0,0.0,1,1.0,0,0.0899621212121212,0.0899621212121212,,0.0138874514049453,0.1666494168593496,0.0069437257024726,0.1666580415398269,3.0572698744769875,5.0,0.2286895379218835,0.1849041288087562,64,12.0,0.0041666666666666,0.0083333333333333,0.4916666666666667,,,,,12.0,12.0,-0.02439647547259738,0.029397932726895518,-0.0951892109249758,0.06554112437018716,12,0.16666666666666666,0,1,0,1,0,1
degree_matched_bottleneck__86bd7563af__i03,degree_matched_bottleneck,degree_matched_bottleneck__86bd7563af,3,152852341,"{""bridges"": 12, ""degree"": 12, ""n"": 240}","{""actual_bridge_edges"": 12, ""controlled_property"": ""bottleneck_at_exact_degree_sequence"", ""degree_sequence_preserved"": true, ""generation_attempt"": 0, ""requested_bridge_edges"": 12}",240,,,,240,1440,0.0502092050209205,12.0,0.0,0.0,0.0,1,1.0,0,0.0890151515151516,0.0890151515151515,,0.0137447015793333,0.1649364189519991,0.0068723507896666,0.1657992857604238,3.0563546025104604,6.0,0.2323110883561382,0.2678559373497339,64,12.0,0.0041666666666666,0.0083333333333333,0.4916666666666667,,,,,12.0,12.0,-0.022561081170056622,0.037145724447089364,-0.10183836431734598,0.07753588723647359,12,0.08333333333333333,0,1,0,1,0,1
degree_matched_bottleneck__86bd7563af__i04,degree_matched_bottleneck,degree_matched_bottleneck__86bd7563af,4,967411645,"{""bridges"": 12, ""degree"": 12, ""n"": 240}","{""actual_bridge_edges"": 12, ""controlled_property"": ""bottleneck_at_exact_degree_sequence"", ""degree_sequence_preserved"": true, ""generation_attempt"": 0, ""requested_bridge_edges"": 12}",240,,,,240,1440,0.0502092050209205,12.0,0.0,0.0,0.0,1,1.0,0,0.0810606060606061,0.081060606060606,,0.0140090357442758,0.1681084289313099,0.0070045178721379,0.1673859954970895,3.0327536610878663,5.0,0.2227245763406016,0.18337053800062,64,12.0,0.0041666666666666,0.0083333333333333,0.4916666666666667,,,,,12.0,12.0,-0.022626172218296266,0.024348239336536945,-0.0802046983452844,0.05753750992104525,12,0.0,0,1,0,1,0,1
degree_matched_bottleneck__8e84cdddd8__i00,degree_matched_bottleneck,degree_matched_bottleneck__8e84cdddd8,0,1602785557,"{""bridges"": 32, ""degree"": 6, ""n"": 240}","{""actual_bridge_edges"": 32, ""controlled_property"": ""bottleneck_at_exact_degree_sequence"", ""degree_sequence_preserved"": true, ""generation_attempt"": 0, ""requested_bridge_edges"": 32}",240,,,,240,720,0.0251046025104602,6.0,0.0,0.0,0.0,1,1.0,0,0.0308333333333333,0.0308333333333333,,0.0556130430867999,0.3336782585208036,0.0278065215433999,0.3335057513351154,3.610126830543933,6.0,0.4316133390522128,0.4205774660767141,64,6.0,0.0041666666666666,0.0444444444444444,0.4687847222222222,,,,,6.0,32.0,-0.015587673750410149,0.0490112612422437,-0.06619152050718936,0.05581444163302757,12,0.3333333333333333,0,1,0,1,0,1
degree_matched_bottleneck__8e84cdddd8__i01,degree_matched_bottleneck,degree_matched_bottleneck__8e84cdddd8,1,259110906,"{""bridges"": 32, ""degree"": 6, ""n"": 240}","{""actual_bridge_edges"": 32, ""controlled_property"": ""bottleneck_at_exact_degree_sequence"", ""degree_sequence_preserved"": true, ""generation_attempt"": 0, ""requested_bridge_edges"": 32}",240,,,,240,720,0.0251046025104602,6.0,0.0,0.0,0.0,1,1.0,0,0.0258333333333333,0.0258333333333333,,0.0618712033978892,0.3712272203873362,0.0309356016989446,0.3517703893106673,3.5457962866108788,6.0,0.4221070589032075,0.4192128781464002,64,6.0,0.0041666666666666,0.0444444444444444,0.4644097222222222,,,,,6.0,32.0,-0.04516151218427547,0.04854167519469126,-0.08543344639394108,0.04200879916841507,12,0.08333333333333333,0,1,0,1,0,1
degree_matched_bottleneck__8e84cdddd8__i02,degree_matched_bottleneck,degree_matched_bottleneck__8e84cdddd8,2,1260712083,"{""bridges"": 32, ""degree"": 6, ""n"": 240}","{""actual_bridge_edges"": 32, ""controlled_property"": ""bottleneck_at_exact_degree_sequence"", ""degree_sequence_preserved"": true, ""generation_attempt"": 0, ""requested_bridge_edges"": 32}",240,,,,240,720,0.0251046025104602,6.0,0.0,0.0,0.0,1,1.0,0,0.025,0.025,,0.0599040990518027,0.3594245943108161,0.0299520495259013,0.3461332086113748,3.582668671548117,6.0,0.429004941588291,0.4256785104743864,64,6.0,0.0041666666666666,0.0444444444444444,0.4747569444444444,,,,,6.0,32.0,-0.02428738439563301,0.05678978115451703,-0.08386224567357144,0.05431871924368087,12,0.3333333333333333,0,1,0,1,0,1
degree_matched_bottleneck__8e84cdddd8__i03,degree_matched_bottleneck,degree_matched_bottleneck__8e84cdddd8,3,460426211,"{""bridges"": 32, ""degree"": 6, ""n"": 240}","{""actual_bridge_edges"": 32, ""controlled_property"": ""bottleneck_at_exact_degree_sequence"", ""degree_sequence_preserved"": true, ""generation_attempt"": 0, ""requested_bridge_edges"": 32}",240,,,,240,720,0.0251046025104602,6.0,0.0,0.0,0.0,1,1.0,0,0.025,0.025,,0.0539760850012737,0.3238565100076495,0.0269880425006368,0.328560755420588,3.597770658995816,6.0,0.4322059436145858,0.4231155337570954,64,6.0,0.0041666666666666,0.0416666666666666,0.4860069444444445,,,,,6.0,32.0,-0.013863179252582923,0.05359484514416225,-0.0661559269324216,0.05229274767983866,12,0.4166666666666667,0,1,0,1,0,1
degree_matched_bottleneck__8e84cdddd8__i04,degree_matched_bottleneck,degree_matched_bottleneck__8e84cdddd8,4,1995869265,"{""bridges"": 32, ""degree"": 6, ""n"": 240}","{""actual_bridge_edges"": 32, ""controlled_property"": ""bottleneck_at_exact_degree_sequence"", ""degree_sequence_preserved"": true, ""generation_attempt"": 0, ""requested_bridge_edges"": 32}",240,,,,240,720,0.0251046025104602,6.0,0.0,0.0,0.0,1,1.0,0,0.0283333333333333,0.0283333333333333,,0.0621034613279834,0.3726207679679003,0.0310517306639917,0.3524300251907702,3.559656119246862,6.0,0.4252550472363811,0.4185512781703363,64,6.0,0.0041666666666666,0.0444444444444444,0.475,,,,,6.0,32.0,-0.03299439556889668,0.04395547030766438,-0.10451271097995453,0.07152283849688792,12,0.08333333333333333,0,1,0,1,0,1
degree_matched_bottleneck__91a8e55f0b__i00,degree_matched_bottleneck,degree_matched_bottleneck__91a8e55f0b,0,633699108,"{""bridges"": 12, ""degree"": 6, ""n"": 240}","{""actual_bridge_edges"": 12, ""controlled_property"": ""bottleneck_at_exact_degree_sequence"", ""degree_sequence_preserved"": true, ""generation_attempt"": 0, ""requested_bridge_edges"": 12}",240,,,,240,720,0.0251046025104602,6.0,0.0,0.0,0.0,1,1.0,0,0.0399999999999999,0.04,,0.0215785805998005,0.1294714835988033,0.0107892902999002,0.2077430172102086,3.906217311715481,7.0,0.4576028853213257,0.4193650671134064,64,6.0,0.0041666666666666,0.0166666666666666,0.4949652777777777,,,,,6.0,12.0,-0.027864206590584233,0.027247522044460456,-0.0838720492769686,0.05948157260388324,12,0.08333333333333333,0,1,0,1,0,1
degree_matched_bottleneck__91a8e55f0b__i01,degree_matched_bottleneck,degree_matched_bottleneck__91a8e55f0b,1,1113428918,"{""bridges"": 12, ""degree"": 6, ""n"": 240}","{""actual_bridge_edges"": 12, ""controlled_property"": ""bottleneck_at_exact_degree_sequence"", ""degree_sequence_preserved"": true, ""generation_attempt"": 0, ""requested_bridge_edges"": 12}",240,,,,240,720,0.0251046025104602,6.0,0.0,0.0,0.0,1,1.0,0,0.0333333333333333,0.0333333333333333,,0.0235254041906143,0.1411524251436877,0.0117627020953071,0.216911983028206,3.82423509414226,7.0,0.4556558690578124,0.420605151702927,64,6.0,0.0041666666666666,0.0166666666666666,0.5053819444444444,,,,,6.0,12.0,-0.04341861644441925,0.047402247318247104,-0.1080726589028827,0.07505706891727389,12,0.08333333333333333,0,1,0,1,0,1
degree_matched_bottleneck__91a8e55f0b__i02,degree_matched_bottleneck,degree_matched_bottleneck__91a8e55f0b,2,2087443170,"{""bridges"": 12, ""degree"": 6, ""n"": 240}","{""actual_bridge_edges"": 12, ""controlled_property"": ""bottleneck_at_exact_degree_sequence"", ""degree_sequence_preserved"": true, ""generation_attempt"": 0, ""requested_bridge_edges"": 12}",240,,,,240,720,0.0251046025104602,6.0,0.0,0.0,0.0,1,1.0,0,0.0299999999999999,0.03,,0.0226877645155607,0.1361265870933661,0.0113438822577803,0.213015325812772,3.8869639121338913,7.0,0.4759846835006059,0.4997290168932339,64,6.0,0.0041666666666666,0.0166666666666666,0.4866666666666667,,,,,6.0,12.0,-0.03143200672923383,0.03750393821625644,-0.07998836636082142,0.05554936662459458,12,0.08333333333333333,0,1,0,1,0,1
degree_matched_bottleneck__91a8e55f0b__i03,degree_matched_bottleneck,degree_matched_bottleneck__91a8e55f0b,3,1881981970,"{""bridges"": 12, ""degree"": 6, ""n"": 240}","{""actual_bridge_edges"": 12, ""controlled_property"": ""bottleneck_at_exact_degree_sequence"", ""degree_sequence_preserved"": true, ""generation_attempt"": 0, ""requested_bridge_edges"": 12}",240,,,,240,720,0.0251046025104602,6.0,0.0,0.0,0.0,1,1.0,0,0.03,0.03,,0.0225269304654355,0.1351615827926139,0.0112634652327177,0.2122589478228684,3.859113493723849,7.0,0.46163991418385,0.4222515608460302,64,6.0,0.0041666666666666,0.0166666666666666,0.4846874999999999,,,,,6.0,12.0,-0.022567135549872098,0.04122828255740018,-0.06781803620296417,0.048729122037236235,12,0.25,0,1,0,1,0,1
degree_matched_bottleneck__91a8e55f0b__i04,degree_matched_bottleneck,degree_matched_bottleneck__91a8e55f0b,4,681984566,"{""bridges"": 12, ""degree"": 6, ""n"": 240}","{""actual_bridge_edges"": 12, ""controlled_property"": ""bottleneck_at_exact_degree_sequence"", ""degree_sequence_preserved"": true, ""generation_attempt"": 0, ""requested_bridge_edges"": 12}",240,,,,240,720,0.0251046025104602,6.0,0.0,0.0,0.0,1,1.0,0,0.0299999999999999,0.03,,0.0218550314806059,0.1311301888836381,0.0109275157403029,0.2090695170540455,3.87333289748954,7.0,0.4620662471840762,0.423823888786845,64,6.0,0.0041666666666666,0.0166666666666666,0.5019097222222223,,,,,6.0,12.0,-0.04013184833600683,0.04933117727501927,-0.10210613298289507,0.06198791698850819,12,0.0,0,1,0,1,0,1
degree_matched_bottleneck__ac9ba75c2b__i00,degree_matched_bottleneck,degree_matched_bottleneck__ac9ba75c2b,0,1456893767,"{""bridges"": 4, ""degree"": 12, ""n"": 240}","{""actual_bridge_edges"": 4, ""controlled_property"": ""bottleneck_at_exact_degree_sequence"", ""degree_sequence_preserved"": true, ""generation_attempt"": 0, ""requested_bridge_edges"": 4}",240,,,,240,1440,0.0502092050209205,12.0,0.0,0.0,0.0,1,1.0,0,0.0814393939393939,0.0814393939393939,,0.0046795188855254,0.0561542266263046,0.0023397594427627,0.0967421199429225,3.3411676255230125,6.0,0.3343065354942404,0.4736189210278563,64,4.0,0.0013888888888888,0.0027777777777777,0.4972222222222222,,,,,12.0,4.0,-0.04002509396193462,0.0440620477175542,-0.08167954122753014,0.04512817718309443,12,0.0,0,1,0,1,0,1
degree_matched_bottleneck__ac9ba75c2b__i01,degree_matched_bottleneck,degree_matched_bottleneck__ac9ba75c2b,1,1218990110,"{""bridges"": 4, ""degree"": 12, ""n"": 240}","{""actual_bridge_edges"": 4, ""controlled_property"": ""bottleneck_at_exact_degree_sequence"", ""degree_sequence_preserved"": true, ""generation_attempt"": 0, ""requested_bridge_edges"": 4}",240,,,,240,1440,0.0502092050209205,12.0,0.0,0.0,0.0,1,1.0,0,0.0806818181818182,0.0806818181818181,,0.0046876862352418,0.0562522348229052,0.0023438431176209,0.0968265070653882,3.3059296548117154,6.0,0.3000070515099935,0.1829753188768972,64,4.0,0.0013888888888888,0.0027777777777777,0.4972222222222222,,,,,12.0,4.0,-0.024349420619311526,0.02926843729659133,-0.05927244467586068,0.034915477713929464,12,0.0,0,1,0,1,0,1
degree_matched_bottleneck__ac9ba75c2b__i02,degree_matched_bottleneck,degree_matched_bottleneck__ac9ba75c2b,2,1915079061,"{""bridges"": 4, ""degree"": 12, ""n"": 240}","{""actual_bridge_edges"": 4, ""controlled_property"": ""bottleneck_at_exact_degree_sequence"", ""degree_sequence_preserved"": true, ""generation_attempt"": 0, ""requested_bridge_edges"": 4}",240,,,,240,1440,0.0502092050209205,12.0,0.0,0.0,0.0,1,1.0,0,0.0895833333333334,0.0895833333333333,,0.0046680457005249,0.0560165484062985,0.0023340228502624,0.0966234516101024,3.342377092050209,6.0,0.3407525821213535,0.4332183522444093,64,4.0,0.0013888888888888,0.0027777777777777,0.4972222222222222,,,,,12.0,4.0,-0.015439009497420999,0.05071638504282693,-0.06806308310849195,0.05783919943938561,12,0.3333333333333333,0,1,0,1,0,1
degree_matched_bottleneck__ac9ba75c2b__i03,degree_matched_bottleneck,degree_matched_bottleneck__ac9ba75c2b,3,1086671553,"{""bridges"": 4, ""degree"": 12, ""n"": 240}","{""actual_bridge_edges"": 4, ""controlled_property"": ""bottleneck_at_exact_degree_sequence"", ""degree_sequence_preserved"": true, ""generation_attempt"": 0, ""requested_bridge_edges"": 4}",240,,,,240,1440,0.0502092050209205,12.0,0.0,0.0,0.0,1,1.0,0,0.084469696969697,0.0844696969696969,,0.0046665576831217,0.0559986921974675,0.0023332788415608,0.0966080502144804,3.317664748953975,7.0,0.3313175124705516,0.4338638436563989,64,4.0,0.0013888888888888,0.0027777777777777,0.4972222222222222,,,,,12.0,4.0,-0.04004201162404542,0.0546570057635155,-0.08201572328482958,0.03674650067154727,12,0.08333333333333333,0,1,0,1,0,1
degree_matched_bottleneck__ac9ba75c2b__i04,degree_matched_bottleneck,degree_matched_bottleneck__ac9ba75c2b,4,467343825,"{""bridges"": 4, ""degree"": 12, ""n"": 240}","{""actual_bridge_edges"": 4, ""controlled_property"": ""bottleneck_at_exact_degree_sequence"", ""degree_sequence_preserved"": true, ""generation_attempt"": 0, ""requested_bridge_edges"": 4}",240,,,,240,1440,0.0502092050209205,12.0,0.0,0.0,0.0,1,1.0,0,0.0869318181818182,0.0869318181818181,,0.0046843898725652,0.0562126784707828,0.0023421949362826,0.0967924570673276,3.3402523535564854,6.0,0.3053334723251563,0.1823678699724826,64,4.0,0.0013888888888888,0.0027777777777777,0.4972222222222222,,,,,12.0,4.0,-0.020939512468354782,0.0481593116851626,-0.0740576756148747,0.0531151398897303,12,0.08333333333333333,0,1,0,1,0,1
degree_matched_bottleneck__e0e59661e8__i00,degree_matched_bottleneck,degree_matched_bottleneck__e0e59661e8,0,72120651,"{""bridges"": 4, ""degree"": 6, ""n"": 240}","{""actual_bridge_edges"": 4, ""controlled_property"": ""bottleneck_at_exact_degree_sequence"", ""degree_sequence_preserved"": true, ""generation_attempt"": 0, ""requested_bridge_edges"": 4}",240,,,,240,720,0.0251046025104602,6.0,0.0,0.0,0.0,1,1.0,0,0.0408333333333332,0.0408333333333333,,0.0075478087477981,0.0452868524867887,0.003773904373899,0.1228642238228696,4.281609571129708,9.0,0.5972168934914148,0.6717984917080401,64,4.0,0.0027777777777777,0.0055555555555555,0.501076388888889,,,,,6.0,4.0,-0.041825733284155654,0.05770940528423732,-0.11006036642458383,0.06823463314042817,12,0.08333333333333333,0,1,0,1,0,1
degree_matched_bottleneck__e0e59661e8__i01,degree_matched_bottleneck,degree_matched_bottleneck__e0e59661e8,1,1347683566,"{""bridges"": 4, ""degree"": 6, ""n"": 240}","{""actual_bridge_edges"": 4, ""controlled_property"": ""bottleneck_at_exact_degree_sequence"", ""degree_sequence_preserved"": true, ""generation_attempt"": 0, ""requested_bridge_edges"": 4}",240,,,,240,720,0.0251046025104602,6.0,0.0,0.0,0.0,1,1.0,0,0.0325,0.0325,,0.0073321987939503,0.0439931927637027,0.0036660993969751,0.1210966456509046,4.330184361924686,8.0,0.5646899424672281,0.419405007667149,64,4.0,0.0027777777777777,0.0055555555555555,0.5059375,,,,,6.0,4.0,-0.008619067161354075,0.02437916964571211,-0.10980462058040308,0.10639614829529735,12,0.25,0,1,0,1,0,1
degree_matched_bottleneck__e0e59661e8__i02,degree_matched_bottleneck,degree_matched_bottleneck__e0e59661e8,2,271901174,"{""bridges"": 4, ""degree"": 6, ""n"": 240}","{""actual_bridge_edges"": 4, ""controlled_property"": ""bottleneck_at_exact_degree_sequence"", ""degree_sequence_preserved"": true, ""generation_attempt"": 0, ""requested_bridge_edges"": 4}",240,,,,240,720,0.0251046025104602,6.0,0.0,0.0,0.0,1,1.0,0,0.0316666666666666,0.0316666666666666,,0.0074833098041603,0.0448998588249597,0.0037416549020801,0.1223381363611552,4.238526412133891,8.0,0.5812294439477688,0.4243149520725455,64,4.0,0.0027777777777777,0.0055555555555555,0.4944444444444444,,,,,6.0,4.0,-0.01910098359417769,0.04117070605956897,-0.09230006215263958,0.07318095475019666,12,0.25,0,1,0,1,0,1
degree_matched_bottleneck__e0e59661e8__i03,degree_matched_bottleneck,degree_matched_bottleneck__e0e59661e8,3,294528276,"{""bridges"": 4, ""degree"": 6, ""n"": 240}","{""actual_bridge_edges"": 4, ""controlled_property"": ""bottleneck_at_exact_degree_sequence"", ""degree_sequence_preserved"": true, ""generation_attempt"": 0, ""requested_bridge_edges"": 4}",240,,,,240,720,0.0251046025104602,6.0,0.0,0.0,0.0,1,1.0,0,0.0349999999999999,0.035,,0.007606932940677,0.0456415976440641,0.0038034664703385,0.1233445008152129,4.272456851464435,8.0,0.640374257585388,0.7656738692567615,64,4.0,0.0027777777777777,0.0055555555555555,0.4916319444444443,,,,,6.0,4.0,-0.01565029932648281,0.06347169304231982,-0.07635028293213626,0.06765197439271757,12,0.16666666666666666,0,1,0,1,0,1
degree_matched_bottleneck__e0e59661e8__i04,degree_matched_bottleneck,degree_matched_bottleneck__e0e59661e8,4,451736143,"{""bridges"": 4, ""degree"": 6, ""n"": 240}","{""actual_bridge_edges"": 4, ""controlled_property"": ""bottleneck_at_exact_degree_sequence"", ""degree_sequence_preserved"": true, ""generation_attempt"": 0, ""requested_bridge_edges"": 4}",240,,,,240,720,0.0251046025104602,6.0,0.0,0.0,0.0,1,1.0,0,0.0283333333333333,0.0283333333333333,,0.007601805079247,0.0456108304754839,0.0038009025396235,0.1233029203161632,4.272685669456067,8.0,0.5450206198497154,0.417285197119763,64,4.0,0.0027777777777777,0.0055555555555555,0.4956944444444444,,,,,6.0,4.0,-0.03652109188829192,0.02832877586970362,-0.08889089755192593,0.054106670622383425,12,0.0,0,1,0,1,0,1
erdos_renyi__42b3614e17__i00,erdos_renyi,erdos_renyi__42b3614e17,0,890015451,"{""n"": 240, ""p"": 0.02510460251046025, ""target_avg_degree"": 6}","{""controlled_property"": ""simple_random_connectivity"", ""generation_attempt"": 0}",240,6.0,,,240,764,0.0266387726638772,6.366666666666666,5.607222222222221,2.367957394511612,0.3719304808133422,2,0.9958333333333332,1,0.0224296536796536,0.0226272784412319,0.0267713588711202,0.28419902917682,1.1603212016067357,0.14209951458841,0.7539217853024544,3.1775866596638656,6.0,0.4775081804943217,0.4315542105648062,64,2.0,0.0013089005235602,0.2736842105263158,0.3674703955483677,,,,0.0251046025104602,,,-0.07825782202498677,0.09358380704470239,-0.08827948625596922,0.021063762229602198,12,0.16666666666666666,0,1,0,1,0,1
erdos_renyi__42b3614e17__i01,erdos_renyi,erdos_renyi__42b3614e17,1,48914262,"{""n"": 240, ""p"": 0.02510460251046025, ""target_avg_degree"": 6}","{""controlled_property"": ""simple_random_connectivity"", ""generation_attempt"": 0}",240,6.0,,,240,766,0.0267085076708507,6.383333333333334,6.169722222222223,2.483892554484236,0.3891215490053633,2,0.9958333333333332,1,0.0233949479170067,0.0246710526315789,0.0167955555982154,0.2732674662228756,0.5356441271496415,0.1366337331114378,0.7392800094996153,3.139640231092437,6.0,0.4794087204545675,0.4487708026164598,64,1.0,0.0006527415143603,0.2581913499344692,0.3652369980025768,,,,0.0251046025104602,,,-0.05635708449714785,0.08653139209455549,-0.09564543679900957,0.03831015033973561,12,0.25,0,1,0,1,0,1
erdos_renyi__42b3614e17__i02,erdos_renyi,erdos_renyi__42b3614e17,2,23099656,"{""n"": 240, ""p"": 0.02510460251046025, ""target_avg_degree"": 6}","{""controlled_property"": ""simple_random_connectivity"", ""generation_attempt"": 0}",240,6.0,,,240,672,0.0234309623430962,5.6,4.79,2.188606862823929,0.3908226540757016,2,0.9958333333333332,1,0.0199771293521293,0.0229132569558101,0.0450017987832715,0.2434853581058111,0.779478258589758,0.1217426790529055,0.6978328712604632,3.3657103466386555,6.0,0.5288796076598257,0.4718298258747919,64,1.0,0.0007440476190476,0.2198795180722891,0.3816731770833333,,,,0.0251046025104602,,,-0.07292504609176564,0.06761381957039625,-0.11360768660128401,0.040682640509518385,12,0.16666666666666666,0,1,0,1,0,1
erdos_renyi__42b3614e17__i03,erdos_renyi,erdos_renyi__42b3614e17,3,1902147513,"{""n"": 240, ""p"": 0.02510460251046025, ""target_avg_degree"": 6}","{""controlled_property"": ""simple_random_connectivity"", ""generation_attempt"": 0}",240,6.0,,,240,689,0.0240237099023709,5.741666666666666,5.7832638888888885,2.404841759635941,0.4188403645229506,2,0.9958333333333332,1,0.0184399628149628,0.0181772279727341,0.0554864499079116,0.2512195179756082,0.586023962258243,0.1256097589878041,0.7088293419090497,3.360523897058824,7.0,0.5274459276367529,0.4640451124105986,64,1.0,0.0007256894049346,0.2489082969432314,0.387408604211737,,,,0.0251046025104602,,,-0.05573465252772894,0.1528438118184089,-0.13740412652561584,0.08328984436825726,12,0.25,0,1,0,1,0,1
erdos_renyi__42b3614e17__i04,erdos_renyi,erdos_renyi__42b3614e17,4,1816465384,"{""n"": 240, ""p"": 0.02510460251046025, ""target_avg_degree"": 6}","{""controlled_property"": ""simple_random_connectivity"", ""generation_attempt"": 0}",240,6.0,,,240,693,0.0241631799163179,5.775,4.799375,2.1907475892945767,0.3793502319124808,2,0.9958333333333332,1,0.025088985088985,0.0239382239382239,-0.0165432634220383,0.2481862965433044,0.7740318615692818,0.1240931482716522,0.7045371481239359,3.3380383403361344,6.0,0.4617752271215167,0.4334394862582462,64,1.0,0.0007215007215007,0.2590448625180897,0.3953522027115101,,,,0.0251046025104602,,,-0.058250495370453494,0.05299832427239922,-0.0944850351461186,0.036234539775665105,12,0.08333333333333333,0,1,0,1,0,1
erdos_renyi__b9dafd47d2__i00,erdos_renyi,erdos_renyi__b9dafd47d2,0,11740923,"{""n"": 240, ""p"": 0.0502092050209205, ""target_avg_degree"": 12}","{""controlled_property"": ""simple_random_connectivity"", ""generation_attempt"": 0}",240,12.0,,,240,1350,0.0470711297071129,11.25,11.670833333333333,3.416260138416472,0.3036675678592419,1,1.0,0,0.0456420549193381,0.0474471715448221,-0.0011516244382861,0.4544928112161012,2.553858402960536,0.2272464056080506,0.953407374857255,2.5319364539748954,4.0,0.2220719030845352,0.2112040358640579,64,3.0,0.0011111111111111,0.3244047619047619,0.2552427983539094,,,,0.0502092050209205,,,-0.05587252617610233,0.06329284456589265,-0.09416071837411687,0.043535982602054914,12,0.16666666666666666,0,1,0,1,0,1
erdos_renyi__b9dafd47d2__i01,erdos_renyi,erdos_renyi__b9dafd47d2,1,273314899,"{""n"": 240, ""p"": 0.0502092050209205, ""target_avg_degree"": 12}","{""controlled_property"": ""simple_random_connectivity"", ""generation_attempt"": 0}",240,12.0,,,240,1472,0.0513249651324965,12.266666666666667,10.870555555555557,3.297052555776986,0.2687814583513847,1,1.0,0,0.0516527599364286,0.0538319637766225,0.0392085069188423,0.4779224884938182,3.462436110109076,0.2389612442469091,0.9776732465336444,2.472182269874477,4.0,0.203506340918513,0.1948928258649672,64,4.0,0.0013586956521739,0.3310626702997275,0.247215227729206,,,,0.0502092050209205,,,-0.08107786210122996,0.08052574060046806,-0.11848192710286609,0.048091549892656425,12,0.16666666666666666,0,1,0,1,0,1
erdos_renyi__b9dafd47d2__i02,erdos_renyi,erdos_renyi__b9dafd47d2,2,986150970,"{""n"": 240, ""p"": 0.0502092050209205, ""target_avg_degree"": 12}","{""controlled_property"": ""simple_random_connectivity"", ""generation_attempt"": 0}",240,12.0,,,240,1518,0.052928870292887,12.65,12.094166666666668,3.4776668423911263,0.2749143748925791,1,1.0,0,0.0498855337845275,0.0517349498327759,-0.0114977593398893,0.4870854120496843,4.074493272834627,0.2435427060248421,0.9870009240620644,2.417429393305439,4.0,0.1894483011062506,0.1809498550479433,64,5.0,0.0016469038208168,0.3408042188529993,0.2332996575134399,,,,0.0502092050209205,,,-0.12009398694497726,0.06945001387448421,-0.1385078329108516,0.015130188415586483,12,0.08333333333333333,0,1,0,1,0,1
erdos_renyi__b9dafd47d2__i03,erdos_renyi,erdos_renyi__b9dafd47d2,3,20703414,"{""n"": 240, ""p"": 0.0502092050209205, ""target_avg_degree"": 12}","{""controlled_property"": ""simple_random_connectivity"", ""generation_attempt"": 0}",240,12.0,,,240,1413,0.0492677824267782,11.775,10.757708333333332,3.2798945613134167,0.278547308816426,1,1.0,0,0.0491268836254281,0.0475902155485589,-0.0196020837418594,0.4715916504532921,2.439776511519008,0.235795825226646,0.9711762460576268,2.4958812761506275,4.0,0.204253922330795,0.182745244400558,64,3.0,0.0010615711252653,0.3309608540925267,0.2508736237014598,,,,0.0502092050209205,,,-0.09413193593364043,0.09128409624432807,-0.14827212080461308,0.05830014192948041,12,0.16666666666666666,0,1,0,1,0,1
erdos_renyi__b9dafd47d2__i04,erdos_renyi,erdos_renyi__b9dafd47d2,4,599835862,"{""n"": 240, ""p"": 0.0502092050209205, ""target_avg_degree"": 12}","{""controlled_property"": ""simple_random_connectivity"", ""generation_attempt"": 0}",240,12.0,,,240,1367,0.0476638772663877,11.391666666666667,11.671597222222225,3.416371938507607,0.2999009748507043,1,1.0,0,0.0448804136681458,0.0453671664744329,-0.0499398198024842,0.4556771286583977,1.84376528405152,0.2278385643291988,0.9546487612293828,2.5214108263598325,4.0,0.2030555598966382,0.1917249630964116,64,2.0,0.0007315288953913,0.3313782991202346,0.2502219470441577,,,,0.0502092050209205,,,-0.0825928239827627,0.11911964159583281,-0.11599437808948226,0.035347776898012793,12,0.16666666666666666,0,1,0,1,0,1
random_regular__2b4e0b8dbf__i00,random_regular,random_regular__2b4e0b8dbf,0,867392248,"{""degree"": 6, ""n"": 240}","{""controlled_property"": ""homogeneous_degree_control"", ""generation_attempt"": 0}",240,,,,240,720,0.0251046025104602,6.0,0.0,0.0,0.0,1,1.0,0,0.015,0.015,,0.2739392427715711,1.643635456629427,0.1369696213857855,0.7401881419903606,3.3003726464435146,5.0,0.4135426767918886,0.4151221798808487,64,6.0,0.0041666666666666,0.2305555555555555,0.3883333333333333,,,,,6.0,,0.010273024921713865,0.08574102573792419,0.006271591916614558,0.009312147784338323,12,0.5,1,1,1,1,1,0
random_regular__2b4e0b8dbf__i01,random_regular,random_regular__2b4e0b8dbf,1,1748490959,"{""degree"": 6, ""n"": 240}","{""controlled_property"": ""homogeneous_degree_control"", ""generation_attempt"": 0}",240,,,,240,720,0.0251046025104602,6.0,0.0,0.0,0.0,1,1.0,0,0.0116666666666666,0.0116666666666666,,0.2736709102078505,1.6420254612471057,0.1368354551039252,0.7398255337684021,3.2841919456066946,5.0,0.4111620889444856,0.4142413435054679,64,6.0,0.0041666666666666,0.2464985994397759,0.384548611111111,,,,,6.0,,-0.05623193668599436,0.1322126740653032,-0.059379338778900025,0.02244485771876371,12,0.5,0,1,0,1,0,1
random_regular__2b4e0b8dbf__i02,random_regular,random_regular__2b4e0b8dbf,2,1640982127,"{""degree"": 6, ""n"": 240}","{""controlled_property"": ""homogeneous_degree_control"", ""generation_attempt"": 0}",240,,,,240,720,0.0251046025104602,6.0,0.0,0.0,0.0,1,1.0,0,0.0166666666666666,0.0166666666666666,,0.2626369633355196,1.5758217800131196,0.1313184816677598,0.7247578400204024,3.297888336820084,5.0,0.4124906055700044,0.4142005950584432,64,6.0,0.0041666666666666,0.2305555555555555,0.3802083333333333,,,,,6.0,,-0.008368173762749858,0.06120290758512445,-0.04759870481034286,0.03923053104759295,12,0.3333333333333333,0,1,0,1,0,1
random_regular__2b4e0b8dbf__i03,random_regular,random_regular__2b4e0b8dbf,3,87664502,"{""degree"": 6, ""n"": 240}","{""controlled_property"": ""homogeneous_degree_control"", ""generation_attempt"": 0}",240,,,,240,720,0.0251046025104602,6.0,0.0,0.0,0.0,1,1.0,0,0.0208333333333333,0.0208333333333333,,0.2786805293177842,1.672083175906702,0.1393402646588921,0.7465661783362332,3.2865455020920504,5.0,0.4098152746567998,0.4161592557379544,64,6.0,0.0041666666666666,0.2436974789915966,0.3728472222222221,,,,,6.0,,0.05918473430065376,0.09855546800801882,0.019414376374106954,0.03977035792654677,12,0.5833333333333334,1,1,1,1,1,1
random_regular__2b4e0b8dbf__i04,random_regular,random_regular__2b4e0b8dbf,4,2111665415,"{""degree"": 6, ""n"": 240}","{""controlled_property"": ""homogeneous_degree_control"", ""generation_attempt"": 0}",240,,,,240,720,0.0251046025104602,6.0,0.0,0.0,0.0,1,1.0,0,0.0116666666666666,0.0116666666666666,,0.2741490284085177,1.6448941704511066,0.1370745142042588,0.74047150979429,3.2943580020920504,5.0,0.4115996656550454,0.414380832568139,64,6.0,0.0041666666666666,0.2361111111111111,0.3780555555555555,,,,,6.0,,-0.022148286275769872,0.07540159597393514,-0.04207308108558953,0.01611077760124035,12,0.4166666666666667,0,1,0,1,0,1
random_regular__6cb9332062__i00,random_regular,random_regular__6cb9332062,0,9800536,"{""degree"": 12, ""n"": 240}","{""controlled_property"": ""homogeneous_degree_control"", ""generation_attempt"": 0}",240,,,,240,1440,0.0502092050209205,12.0,0.0,0.0,0.0,1,1.0,0,0.0428030303030303,0.0428030303030303,,0.4566078276528575,5.47929393183429,0.2283039138264287,0.9556231764172084,2.4831328451882846,4.0,0.1820735721519296,0.1826884089494052,64,12.0,0.0041666666666666,0.3180555555555555,0.2477777777777777,,,,,12.0,,-0.013477143195193648,0.08666932555939173,-0.048370360815535855,0.030953515041097,12,0.5,0,1,0,1,0,1
random_regular__6cb9332062__i01,random_regular,random_regular__6cb9332062,1,845184445,"{""degree"": 12, ""n"": 240}","{""controlled_property"": ""homogeneous_degree_control"", ""generation_attempt"": 0}",240,,,,240,1440,0.0502092050209205,12.0,0.0,0.0,0.0,1,1.0,0,0.0422348484848486,0.0422348484848484,,0.4816242243684636,5.779490689260419,0.2408121121842318,0.9814522141892223,2.479275627615063,4.0,0.1815938953382929,0.1823629220413566,64,12.0,0.0041666666666666,0.3208333333333333,0.2504513888888888,,,,,12.0,,0.03738707590959627,0.09467997251100055,-0.027526124348625905,0.07215981301208128,12,0.5,1,1,1,1,1,1
random_regular__6cb9332062__i02,random_regular,random_regular__6cb9332062,2,345325656,"{""degree"": 12, ""n"": 240}","{""controlled_property"": ""homogeneous_degree_control"", ""generation_attempt"": 0}",240,,,,240,1440,0.0502092050209205,12.0,0.0,0.0,0.0,1,1.0,0,0.0450757575757577,0.0450757575757575,,0.4663150794178037,5.595780953013643,0.2331575397089018,0.965727787130311,2.4825117677824267,4.0,0.1815485111387691,0.1827279804161617,64,12.0,0.0041666666666666,0.3208333333333333,0.2501736111111111,,,,,12.0,,0.014397007590277067,0.1310069835625384,-0.03208289251577222,0.052637338736110456,12,0.5833333333333334,1,1,1,1,1,1
random_regular__6cb9332062__i03,random_regular,random_regular__6cb9332062,3,93368163,"{""degree"": 12, ""n"": 240}","{""controlled_property"": ""homogeneous_degree_control"", ""generation_attempt"": 0}",240,,,,240,1440,0.0502092050209205,12.0,0.0,0.0,0.0,1,1.0,0,0.040719696969697,0.0407196969696969,,0.4716521360702984,5.6598256328442655,0.2358260680351492,0.9712385248437156,2.481890690376569,4.0,0.1814414621437511,0.1826436058725397,64,12.0,0.0041666666666666,0.3305555555555555,0.2470138888888889,,,,,12.0,,-0.002595937131976809,0.0862341055638825,-0.07002249999439765,0.06210686976779168,12,0.4166666666666667,0,1,0,1,0,1
random_regular__6cb9332062__i04,random_regular,random_regular__6cb9332062,4,1896471920,"{""degree"": 12, ""n"": 240}","{""controlled_property"": ""homogeneous_degree_control"", ""generation_attempt"": 0}",240,,,,240,1440,0.0502092050209205,12.0,0.0,0.0,0.0,1,1.0,0,0.0431818181818182,0.0431818181818181,,0.4760643276179175,5.7127719387699285,0.2380321638089587,0.975770800565294,2.4808773535564854,4.0,0.1819078091225084,0.1824279706225047,64,12.0,0.0041666666666666,0.3221288515406162,0.2504861111111111,,,,,12.0,,0.039618837534812025,0.07234964435702643,0.02966865091324487,0.003613247672778975,12,0.8333333333333334,1,1,1,0,1,0
sbm_density_matched__17a09c7c3b__i00,sbm_density_matched,sbm_density_matched__17a09c7c3b,0,1263378254,"{""communities"": 4, ""mixing"": 0.03, ""n"": 240, ""target_avg_degree"": 12}","{""controlled_property"": ""community_mixing_at_fixed_expected_degree"", ""expected_degree"": 12.0, ""generation_attempt"": 0, ""p_in"": 0.19728813559322034, ""p_out"": 0.002}",240,12.0,4.0,0.03,240,1482,0.051673640167364,12.35,9.410833333333334,3.0677081564799047,0.2483974215773202,1,1.0,0,0.1849784359875303,0.186016713091922,-0.0142892079102534,0.031161380744697,0.3883817195052107,0.0155806903723485,0.2496452713139066,3.1913572175732217,6.0,0.257742578651529,0.2532688364816222,64,4.0,0.0013495276653171,0.0204081632653061,0.7222579637612665,,,,,,,-0.05949958656480392,0.061318033163809675,-0.14189442739220479,0.08760921280807717,12,0.0,0,1,0,1,0,1
sbm_density_matched__17a09c7c3b__i01,sbm_density_matched,sbm_density_matched__17a09c7c3b,1,1973228412,"{""communities"": 4, ""mixing"": 0.03, ""n"": 240, ""target_avg_degree"": 12}","{""controlled_property"": ""community_mixing_at_fixed_expected_degree"", ""expected_degree"": 12.0, ""generation_attempt"": 0, ""p_in"": 0.19728813559322034, ""p_out"": 0.002}",240,12.0,4.0,0.03,240,1441,0.0502440725244072,12.008333333333333,9.23326388888889,3.038628619770585,0.2530433271148301,1,1.0,0,0.1828557882534276,0.1801308113841258,-0.0494106899627678,0.0344523845306082,0.4065908901962993,0.0172261922653041,0.2624971791490654,3.1654680962343096,5.0,0.2449653734031828,0.2491774281994893,64,5.0,0.0017349063150589,0.0201528839471855,0.7187055889266504,,,,,,,-0.05610638154116412,0.04892230557989537,-0.13716669546093646,0.07671806800143945,12,0.0,0,1,0,1,0,1
sbm_density_matched__17a09c7c3b__i02,sbm_density_matched,sbm_density_matched__17a09c7c3b,2,1366031069,"{""communities"": 4, ""mixing"": 0.03, ""n"": 240, ""target_avg_degree"": 12}","{""controlled_property"": ""community_mixing_at_fixed_expected_degree"", ""expected_degree"": 12.0, ""generation_attempt"": 0, ""p_in"": 0.19728813559322034, ""p_out"": 0.002}",240,12.0,4.0,0.03,240,1486,0.051813110181311,12.383333333333333,9.353055555555557,3.0582765662306537,0.2469671520509276,1,1.0,0,0.1937227713109393,0.1927597294600288,0.0242743570428237,0.0282922352780525,0.337209849622225,0.0141461176390262,0.2378749052676742,3.166971757322176,5.0,0.2378743704295333,0.2375442460295623,64,3.0,0.0010094212651413,0.0238095238095238,0.7184751715880293,,,,,,,-0.03321094465116204,0.038517345470582026,-0.09156946164180618,0.0601189093760365,12,0.08333333333333333,0,1,0,1,0,1
sbm_density_matched__17a09c7c3b__i03,sbm_density_matched,sbm_density_matched__17a09c7c3b,3,1224024460,"{""communities"": 4, ""mixing"": 0.03, ""n"": 240, ""target_avg_degree"": 12}","{""controlled_property"": ""community_mixing_at_fixed_expected_degree"", ""expected_degree"": 12.0, ""generation_attempt"": 0, ""p_in"": 0.19728813559322034, ""p_out"": 0.002}",240,12.0,4.0,0.03,240,1494,0.052092050209205,12.45,9.255833333333332,3.0423401080966164,0.2443646673169973,1,1.0,0,0.1858905631835199,0.1826316078388318,-0.0011095196607505,0.0335625531193208,0.4197406167124456,0.0167812765596604,0.2590851331872242,3.1597476464435146,6.0,0.2449389431199696,0.2464870203598712,64,6.0,0.002008032128514,0.0218579234972677,0.7201870847961234,,,,,,,-0.052984095882646576,0.06611762955698179,-0.09277605915287072,0.03631974104800192,12,0.0,0,1,0,1,0,1
sbm_density_matched__17a09c7c3b__i04,sbm_density_matched,sbm_density_matched__17a09c7c3b,4,838822850,"{""communities"": 4, ""mixing"": 0.03, ""n"": 240, ""target_avg_degree"": 12}","{""controlled_property"": ""community_mixing_at_fixed_expected_degree"", ""expected_degree"": 12.0, ""generation_attempt"": 0, ""p_in"": 0.19728813559322034, ""p_out"": 0.002}",240,12.0,4.0,0.03,240,1432,0.0499302649930264,11.933333333333334,9.070555555555556,3.011736302460021,0.2523801370776553,1,1.0,0,0.1876119355367067,0.1836369065392654,-0.016120404569548,0.0405909576745507,0.4780545310246598,0.0202954788372753,0.2849244028669735,3.116991370292887,5.0,0.2435082201119771,0.2453281679721129,64,4.0,0.0013966480446927,0.0225352112676056,0.7151198854592553,,,,,,,-0.061398724732058034,0.06631755815370931,-0.09068133605802266,0.031021741760747217,12,0.08333333333333333,0,1,0,1,0,1
sbm_density_matched__24891dd7d3__i00,sbm_density_matched,sbm_density_matched__24891dd7d3,0,555539138,"{""communities"": 2, ""mixing"": 0.45, ""n"": 240, ""target_avg_degree"": 12}","{""controlled_property"": ""community_mixing_at_fixed_expected_degree"", ""expected_degree"": 12.0, ""generation_attempt"": 0, ""p_in"": 0.05546218487394958, ""p_out"": 0.045000000000000005}",240,12.0,2.0,0.45,240,1404,0.0489539748953974,11.7,10.418333333333331,3.227744310402132,0.2758755820856523,1,1.0,0,0.0487472725717694,0.0514348921526454,-0.0156563725143952,0.4429078957351737,3.233392077452985,0.2214539478675868,0.9411778745116928,2.5058512029288704,4.0,0.195904666072513,0.1864118840153674,64,4.0,0.0014245014245014,0.3209700427960057,0.2457485633233496,,,,,,,-0.06258056223080374,0.11209801618923156,-0.09077118660302642,0.03389657070052264,12,0.4166666666666667,0,1,0,1,0,1
sbm_density_matched__24891dd7d3__i01,sbm_density_matched,sbm_density_matched__24891dd7d3,1,130129345,"{""communities"": 2, ""mixing"": 0.45, ""n"": 240, ""target_avg_degree"": 12}","{""controlled_property"": ""community_mixing_at_fixed_expected_degree"", ""expected_degree"": 12.0, ""generation_attempt"": 0, ""p_in"": 0.05546218487394958, ""p_out"": 0.045000000000000005}",240,12.0,2.0,0.45,240,1418,0.0494421199442119,11.816666666666666,11.391388888888889,3.3751131668269863,0.2856231170798578,1,1.0,0,0.048736352048078,0.0488476504040706,-0.0271096169818852,0.4512426912828018,2.371008821159477,0.2256213456414009,0.9499923065823236,2.482773274058577,4.0,0.2039048189081397,0.2057224607896139,64,3.0,0.0010578279266572,0.3469964664310954,0.2466531955653784,,,,,,,-0.018977932370685107,0.06945856619615955,-0.07587978308536776,0.058934772200491654,12,0.25,0,1,0,1,0,1
sbm_density_matched__24891dd7d3__i02,sbm_density_matched,sbm_density_matched__24891dd7d3,2,1985026205,"{""communities"": 2, ""mixing"": 0.45, ""n"": 240, ""target_avg_degree"": 12}","{""controlled_property"": ""community_mixing_at_fixed_expected_degree"", ""expected_degree"": 12.0, ""generation_attempt"": 0, ""p_in"": 0.05546218487394958, ""p_out"": 0.045000000000000005}",240,12.0,2.0,0.45,240,1407,0.0490585774058577,11.725,11.791041666666668,3.433808624059685,0.2928621427769454,1,1.0,0,0.0519872237683769,0.0525295365040896,-0.0144306401537512,0.4793254216882258,3.990966132906819,0.2396627108441129,0.9791071664411672,2.501699790794979,4.0,0.1975035459882632,0.1869898219248059,64,5.0,0.001776830135039,0.3304721030042918,0.2496654710001621,,,,,,,0.01182214798260021,0.10484267809731977,-0.03399888485178963,0.052589170598462555,12,0.5833333333333334,1,1,1,1,1,1
sbm_density_matched__24891dd7d3__i03,sbm_density_matched,sbm_density_matched__24891dd7d3,3,2033981877,"{""communities"": 2, ""mixing"": 0.45, ""n"": 240, ""target_avg_degree"": 12}","{""controlled_property"": ""community_mixing_at_fixed_expected_degree"", ""expected_degree"": 12.0, ""generation_attempt"": 0, ""p_in"": 0.05546218487394958, ""p_out"": 0.045000000000000005}",240,12.0,2.0,0.45,240,1456,0.0507670850767085,12.133333333333333,11.240555555555556,3.3526937759890263,0.2763209156034912,1,1.0,0,0.0518963152418193,0.0517683239364428,-0.0239483801666414,0.4775179874196805,2.627509886673984,0.2387589937098402,0.9772594204403257,2.4702536610878663,4.0,0.1916045278509472,0.1797930500890467,64,3.0,0.0010302197802197,0.3264604810996563,0.2421775940405748,,,,,,,-0.017585866692985282,0.08015737341596071,-0.04151088617806636,0.030014902246696385,12,0.5,0,1,0,1,0,1
sbm_density_matched__24891dd7d3__i04,sbm_density_matched,sbm_density_matched__24891dd7d3,4,656203235,"{""communities"": 2, ""mixing"": 0.45, ""n"": 240, ""target_avg_degree"": 12}","{""controlled_property"": ""community_mixing_at_fixed_expected_degree"", ""expected_degree"": 12.0, ""generation_attempt"": 0, ""p_in"": 0.05546218487394958, ""p_out"": 0.045000000000000005}",240,12.0,2.0,0.45,240,1431,0.0498953974895397,11.925,11.952708333333332,3.45726891249919,0.2899177285114624,1,1.0,0,0.0550669312126355,0.053257558003281,-0.0076007623310676,0.470466548397455,1.624701341339739,0.2352332741987275,0.9700170600535384,2.484211558577406,5.0,0.2043892223082176,0.1963245083594525,64,2.0,0.0006988120195667,0.3123249299719888,0.2354051571448034,,,,,,,-0.020643214122297148,0.054525589831762415,-0.0005401020515230573,-0.02179466750886051,12,0.25,0,0,0,0,0,0
sbm_density_matched__29b8120faf__i00,sbm_density_matched,sbm_density_matched__29b8120faf,0,1711420756,"{""communities"": 4, ""mixing"": 0.45, ""n"": 240, ""target_avg_degree"": 12}","{""controlled_property"": ""community_mixing_at_fixed_expected_degree"", ""expected_degree"": 12.0, ""generation_attempt"": 0, ""p_in"": 0.11186440677966102, ""p_out"": 0.030000000000000002}",240,12.0,4.0,0.45,240,1413,0.0492677824267782,11.775,10.28270833333333,3.206666233541204,0.27232834255127,1,1.0,0,0.0544158759841809,0.0539522449723555,-0.0198666102412516,0.4377454787647748,3.5515016829295054,0.2188727393823874,0.9356767377302642,2.495423640167364,4.0,0.2014764230094557,0.1939257654291556,64,4.0,0.0014154281670205,0.301699716713881,0.2678687788901861,,,,,,,-0.12632155888767807,0.13282725092832529,-0.20179456684672506,0.07547300795904696,12,0.16666666666666666,0,1,0,1,0,1
sbm_density_matched__29b8120faf__i01,sbm_density_matched,sbm_density_matched__29b8120faf,1,1963677401,"{""communities"": 4, ""mixing"": 0.45, ""n"": 240, ""target_avg_degree"": 12}","{""controlled_property"": ""community_mixing_at_fixed_expected_degree"", ""expected_degree"": 12.0, ""generation_attempt"": 0, ""p_in"": 0.11186440677966102, ""p_out"": 0.030000000000000002}",240,12.0,4.0,0.45,240,1493,0.0520571827057182,12.441666666666666,15.071597222222222,3.8822155043508624,0.3120333961969883,1,1.0,0,0.0657321204735896,0.0681276798475464,0.024518781631212,0.4181519135519476,3.433798150337032,0.2090759567759738,0.9144964882950044,2.4604144874476988,4.0,0.1966820271872997,0.1913947460068423,64,4.0,0.001339584728734,0.314516129032258,0.2920359758802969,,,,,,,-0.09386095128353396,0.06797753147131276,-0.15721484145336892,0.0633538901698349,12,0.08333333333333333,0,1,0,1,0,1
sbm_density_matched__29b8120faf__i02,sbm_density_matched,sbm_density_matched__29b8120faf,2,99763108,"{""communities"": 4, ""mixing"": 0.45, ""n"": 240, ""target_avg_degree"": 12}","{""controlled_property"": ""community_mixing_at_fixed_expected_degree"", ""expected_degree"": 12.0, ""generation_attempt"": 0, ""p_in"": 0.11186440677966102, ""p_out"": 0.030000000000000002}",240,12.0,4.0,0.45,240,1480,0.0516039051603905,12.333333333333334,10.747222222222224,3.278295627642849,0.2658077535926634,1,1.0,0,0.0612218586195988,0.0594585617007141,-0.027879142972053,0.4249453012210912,3.423096250178693,0.2124726506105456,0.9218951146644516,2.4655792364016738,4.0,0.1951908109643968,0.1915550932425577,64,4.0,0.0013513513513513,0.3206262763784888,0.265625684806428,,,,,,,-0.1379486810640593,0.09653912343415877,-0.1868786295810109,0.04892994851695162,12,0.0,0,1,0,1,0,1
sbm_density_matched__29b8120faf__i03,sbm_density_matched,sbm_density_matched__29b8120faf,3,616959065,"{""communities"": 4, ""mixing"": 0.45, ""n"": 240, ""target_avg_degree"": 12}","{""controlled_property"": ""community_mixing_at_fixed_expected_degree"", ""expected_degree"": 12.0, ""generation_attempt"": 0, ""p_in"": 0.11186440677966102, ""p_out"": 0.030000000000000002}",240,12.0,4.0,0.45,240,1414,0.0493026499302649,11.783333333333331,10.328055555555556,3.2137292287240933,0.272735153781394,1,1.0,0,0.0549437797396388,0.055134348274398,-0.0336751548937156,0.4171868906609132,3.924707643901013,0.2085934453304566,0.9134406282412812,2.5114735878661087,4.0,0.2041182471000192,0.1900439713574011,64,5.0,0.0017680339462517,0.3045325779036827,0.2584678072777979,,,,,,,-0.10597137161381355,0.11152022510815163,-0.187520073416372,0.10193162805504989,12,0.08333333333333333,0,1,0,1,0,1
sbm_density_matched__29b8120faf__i04,sbm_density_matched,sbm_density_matched__29b8120faf,4,2106096118,"{""communities"": 4, ""mixing"": 0.45, ""n"": 240, ""target_avg_degree"": 12}","{""controlled_property"": ""community_mixing_at_fixed_expected_degree"", ""expected_degree"": 12.0, ""generation_attempt"": 0, ""p_in"": 0.11186440677966102, ""p_out"": 0.030000000000000002}",240,12.0,4.0,0.45,240,1398,0.0487447698744769,11.65,12.810833333333337,3.579222448148946,0.3072293946908966,1,1.0,0,0.0622487897952293,0.0622793132838183,0.0254048094176566,0.4017205958708006,3.2404401795934743,0.2008602979354003,0.8963488114242141,2.526085251046025,4.0,0.207955971298531,0.1941738976276224,64,4.0,0.0014306151645207,0.2949640287769784,0.2824283003923447,,,,,,,-0.09524318346030843,0.08574708335307442,-0.1534154086488883,0.05817222518857981,12,0.0,0,1,0,1,0,1
sbm_density_matched__31d75cea26__i00,sbm_density_matched,sbm_density_matched__31d75cea26,0,1311258677,"{""communities"": 4, ""mixing"": 0.45, ""n"": 240, ""target_avg_degree"": 6}","{""controlled_property"": ""community_mixing_at_fixed_expected_degree"", ""expected_degree"": 6.0, ""generation_attempt"": 0, ""p_in"": 0.05593220338983051, ""p_out"": 0.015000000000000001}",240,6.0,4.0,0.45,240,752,0.0262203626220362,6.266666666666667,6.420555555555555,2.5338815196365347,0.4043427956866811,3,0.9916666666666668,2,0.0297965691715691,0.0298034242232086,0.0160934333883919,0.2719616222569186,0.8052743467130598,0.1359808111284593,0.7375115216142981,3.172567246835443,6.0,0.453469428526033,0.4083813425852429,64,1.0,0.0006648936170212,0.2771084337349397,0.3780335771276595,,,,,,,-0.07064705715547044,0.06161822574163941,-0.1429537219144389,0.07230666475896842,12,0.08333333333333333,0,1,0,1,0,1
sbm_density_matched__31d75cea26__i01,sbm_density_matched,sbm_density_matched__31d75cea26,1,433379387,"{""communities"": 4, ""mixing"": 0.45, ""n"": 240, ""target_avg_degree"": 6}","{""controlled_property"": ""community_mixing_at_fixed_expected_degree"", ""expected_degree"": 6.0, ""generation_attempt"": 0, ""p_in"": 0.05593220338983051, ""p_out"": 0.015000000000000001}",240,6.0,4.0,0.45,240,723,0.0252092050209205,6.025,5.307708333333333,2.3038464213860554,0.3823811487777685,1,1.0,0,0.0269293206793206,0.0210772833723653,-0.0308376359065605,0.2616986807811765,0.7949459531444366,0.1308493403905882,0.7234620664294383,3.2579432531380754,6.0,0.497123502854207,0.4193347908345685,64,1.0,0.0006915629322268,0.2419580419580419,0.3788655307052029,,,,,,,-0.09529953793031813,0.10378525656775169,-0.16141242748126808,0.06484053871338169,12,0.0,0,1,0,1,0,1
sbm_density_matched__31d75cea26__i02,sbm_density_matched,sbm_density_matched__31d75cea26,2,944531438,"{""communities"": 4, ""mixing"": 0.45, ""n"": 240, ""target_avg_degree"": 6}","{""controlled_property"": ""community_mixing_at_fixed_expected_degree"", ""expected_degree"": 6.0, ""generation_attempt"": 0, ""p_in"": 0.05593220338983051, ""p_out"": 0.015000000000000001}",240,6.0,4.0,0.45,240,757,0.02639470013947,6.308333333333334,6.2382638888888895,2.4976516748515776,0.3959289312842659,1,1.0,0,0.0275797643260878,0.0302076777847702,-0.0134297898677768,0.2805830240292726,0.8121336815434812,0.1402915120146363,0.7491101708417429,3.1894612970711296,6.0,0.4772837106677738,0.4445919144868864,64,1.0,0.0006605019815059,0.2546419098143236,0.3761580597819733,,,,,,,-0.044789590231329474,0.06812549693601691,-0.11926889626955829,0.07447930603822886,12,0.3333333333333333,0,1,0,1,0,1
sbm_density_matched__31d75cea26__i03,sbm_density_matched,sbm_density_matched__31d75cea26,3,638056671,"{""communities"": 4, ""mixing"": 0.45, ""n"": 240, ""target_avg_degree"": 6}","{""controlled_property"": ""community_mixing_at_fixed_expected_degree"", ""expected_degree"": 6.0, ""generation_attempt"": 0, ""p_in"": 0.05593220338983051, ""p_out"": 0.015000000000000001}",240,6.0,4.0,0.45,240,667,0.0232566248256624,5.558333333333334,5.363263888888889,2.315872165921273,0.4166486655330625,1,1.0,0,0.0343737974987974,0.0333876221498371,0.0152677859732314,0.2395584268158819,0.5987633048194754,0.1197792134079409,0.6921826735997975,3.419946391213389,7.0,0.5428549216714306,0.4960158564891663,64,1.0,0.0007496251874062,0.2222222222222222,0.4116060410574322,,,,,,,-0.052679101889634976,0.08323816495280385,-0.09831050342994203,0.04370228898619453,12,0.25,0,1,0,1,0,1
sbm_density_matched__31d75cea26__i04,sbm_density_matched,sbm_density_matched__31d75cea26,4,2080485429,"{""communities"": 4, ""mixing"": 0.45, ""n"": 240, ""target_avg_degree"": 6}","{""controlled_property"": ""community_mixing_at_fixed_expected_degree"", ""expected_degree"": 6.0, ""generation_attempt"": 0, ""p_in"": 0.05593220338983051, ""p_out"": 0.015000000000000001}",240,6.0,4.0,0.45,240,689,0.0240237099023709,5.741666666666666,5.091597222222222,2.256456784922375,0.3929968275626778,2,0.9958333333333332,1,0.0211095154845154,0.0224342444559051,-0.0451941503765213,0.252023343950801,0.6413332572950434,0.1260116719754005,0.7099624552760534,3.351464023109244,6.0,0.5080404480703209,0.4837679734508143,64,1.0,0.0007256894049346,0.2217327459618208,0.385801344368587,,,,,,,-0.07714935518857739,0.08097000955411121,-0.12048123813547194,0.043331882946894516,12,0.16666666666666666,0,1,0,1,0,1
sbm_density_matched__360b89c8be__i00,sbm_density_matched,sbm_density_matched__360b89c8be,0,978329725,"{""communities"": 4, ""mixing"": 0.1, ""n"": 240, ""target_avg_degree"": 6}","{""controlled_property"": ""community_mixing_at_fixed_expected_degree"", ""expected_degree"": 6.0, ""generation_attempt"": 0, ""p_in"": 0.09152542372881356, ""p_out"": 0.003333333333333334}",240,6.0,4.0,0.1,240,695,0.0242329149232914,5.791666666666667,5.098263888888889,2.257933543948734,0.3898590291710044,1,1.0,0,0.0666462241462241,0.0707762557077625,-0.0805710103189441,0.0891942572684334,0.497592363462524,0.0445971286342167,0.4223606451089719,3.6851791317991633,7.0,0.5497396596368729,0.4747432224237277,64,1.0,0.0007194244604316,0.0664697193500738,0.6458257854148337,,,,,,,-0.07313441758188131,0.057910052599647745,-0.20427985326536047,0.13805609748544526,12,0.0,0,1,0,1,0,1
sbm_density_matched__360b89c8be__i01,sbm_density_matched,sbm_density_matched__360b89c8be,1,748842155,"{""communities"": 4, ""mixing"": 0.1, ""n"": 240, ""target_avg_degree"": 6}","{""controlled_property"": ""community_mixing_at_fixed_expected_degree"", ""expected_degree"": 6.0, ""generation_attempt"": 0, ""p_in"": 0.09152542372881356, ""p_out"": 0.003333333333333334}",240,6.0,4.0,0.1,240,733,0.025557880055788,6.108333333333333,5.9882638888888895,2.4470929465161086,0.4006154891977258,1,1.0,0,0.0700247206497206,0.0746134886847412,-0.0906704933247822,0.0970920404020399,0.573554328607177,0.0485460202010199,0.4406632283321128,3.6096691945606696,6.0,0.5089995140684891,0.4504794032232333,64,1.0,0.0006821282401091,0.0811554332874828,0.634886439141691,,,,,,,-0.08791335285614461,0.05889102177926833,-0.20813593304671776,0.12022258019057312,12,0.08333333333333333,0,1,0,1,0,1
sbm_density_matched__360b89c8be__i02,sbm_density_matched,sbm_density_matched__360b89c8be,2,158190439,"{""communities"": 4, ""mixing"": 0.1, ""n"": 240, ""target_avg_degree"": 6}","{""controlled_property"": ""community_mixing_at_fixed_expected_degree"", ""expected_degree"": 6.0, ""generation_attempt"": 0, ""p_in"": 0.09152542372881356, ""p_out"": 0.003333333333333334}",240,6.0,4.0,0.1,240,701,0.0244421199442119,5.841666666666667,5.974930555555557,2.4443671073624675,0.4184365946982826,1,1.0,0,0.0762967819217818,0.0853806859644855,0.0694991650545044,0.106328373423658,0.4294154996825642,0.053164186711829,0.4611472073506638,3.581132322175732,7.0,0.5771615872242428,0.4887022315508016,64,1.0,0.0007132667617689,0.1215469613259668,0.6213591343932958,,,,,,,-0.050088637878492936,0.0580723567308538,-0.14091928301167428,0.0908306451331813,12,0.25,0,1,0,1,0,1
sbm_density_matched__360b89c8be__i03,sbm_density_matched,sbm_density_matched__360b89c8be,3,613363794,"{""communities"": 4, ""mixing"": 0.1, ""n"": 240, ""target_avg_degree"": 6}","{""controlled_property"": ""community_mixing_at_fixed_expected_degree"", ""expected_degree"": 6.0, ""generation_attempt"": 0, ""p_in"": 0.09152542372881356, ""p_out"": 0.003333333333333334}",240,6.0,4.0,0.1,240,737,0.025697350069735,6.141666666666667,6.829930555555555,2.61341358295153,0.4255218859622572,1,1.0,0,0.080565453065453,0.0800607507051421,0.0074220478480177,0.1020641934490689,0.4193831983214708,0.0510320967245344,0.4518056959558366,3.610519089958159,7.0,0.5259150714957098,0.4814985870281798,64,1.0,0.0006784260515603,0.0788732394366197,0.6314747343828532,,,,,,,-0.08389974633389108,0.08023840411585242,-0.17406416096301602,0.09016441462912494,12,0.16666666666666666,0,1,0,1,0,1
sbm_density_matched__360b89c8be__i04,sbm_density_matched,sbm_density_matched__360b89c8be,4,1780408659,"{""communities"": 4, ""mixing"": 0.1, ""n"": 240, ""target_avg_degree"": 6}","{""controlled_property"": ""community_mixing_at_fixed_expected_degree"", ""expected_degree"": 6.0, ""generation_attempt"": 0, ""p_in"": 0.09152542372881356, ""p_out"": 0.003333333333333334}",240,6.0,4.0,0.1,240,733,0.025557880055788,6.108333333333333,5.663263888888889,2.3797613092259677,0.3895925744981119,1,1.0,0,0.0779252923002922,0.0725587703435804,-0.0523391904122853,0.0747580497597732,0.4510066273184155,0.0373790248798866,0.3866731171410115,3.681256537656904,7.0,0.5246921451996984,0.4505758011816636,64,1.0,0.0006821282401091,0.0813648293963254,0.6609785422742694,,,,,,,-0.08299563024200703,0.06394555614902736,-0.21935468924456336,0.1363590590025563,12,0.08333333333333333,0,1,0,1,0,1
sbm_density_matched__405897cd5c__i00,sbm_density_matched,sbm_density_matched__405897cd5c,0,1607521319,"{""communities"": 2, ""mixing"": 0.45, ""n"": 240, ""target_avg_degree"": 6}","{""controlled_property"": ""community_mixing_at_fixed_expected_degree"", ""expected_degree"": 6.0, ""generation_attempt"": 0, ""p_in"": 0.02773109243697479, ""p_out"": 0.022500000000000003}",240,6.0,2.0,0.45,240,705,0.0245815899581589,5.875,5.434375,2.331174596635782,0.3967956760231118,2,0.9958333333333332,1,0.0206495587745587,0.0220102714600146,0.0384510350101034,0.2653750607606125,0.6410409840303343,0.1326875303803062,0.7285259923442848,3.290014443277311,6.0,0.5391214697315432,0.4771914128645234,64,1.0,0.000709219858156,0.2624113475177305,0.3688265177807956,,,,,,,0.04655049941275947,0.0876090325823147,0.02457189752973879,-0.004308347703799883,12,0.75,1,0,1,0,1,0
sbm_density_matched__405897cd5c__i01,sbm_density_matched,sbm_density_matched__405897cd5c,1,889743576,"{""communities"": 2, ""mixing"": 0.45, ""n"": 240, ""target_avg_degree"": 6}","{""controlled_property"": ""community_mixing_at_fixed_expected_degree"", ""expected_degree"": 6.0, ""generation_attempt"": 0, ""p_in"": 0.02773109243697479, ""p_out"": 0.022500000000000003}",240,6.0,2.0,0.45,240,673,0.0234658298465829,5.608333333333333,5.354930555555555,2.314072288316757,0.4126131866240875,1,1.0,0,0.0212391774891774,0.0184294871794871,0.0115586265741978,0.2426278198057641,0.5966433342960289,0.121313909902882,0.6966029282249167,3.364833943514644,7.0,0.5960341470182017,0.5042316615940169,64,1.0,0.00074294205052,0.2540861812778603,0.3996730171837087,,,,,,,-0.05380338722537281,0.07844321801130744,-0.029782564907866432,-0.0182194045378672,12,0.25,0,0,0,0,0,0
sbm_density_matched__405897cd5c__i02,sbm_density_matched,sbm_density_matched__405897cd5c,2,587815363,"{""communities"": 2, ""mixing"": 0.45, ""n"": 240, ""target_avg_degree"": 6}","{""controlled_property"": ""community_mixing_at_fixed_expected_degree"", ""expected_degree"": 6.0, ""generation_attempt"": 0, ""p_in"": 0.02773109243697479, ""p_out"": 0.022500000000000003}",240,6.0,2.0,0.45,240,692,0.0241283124128312,5.766666666666667,6.120555555555556,2.473975657834077,0.4290131198556203,3,0.9916666666666668,2,0.0363997113997113,0.0297545251673692,-0.0028671788599315,0.2626108337691092,0.5767734775959079,0.1313054168845546,0.7247217863002453,3.2991824894514767,7.0,0.5592732288580486,0.4808428308933834,64,1.0,0.0007225433526011,0.263768115942029,0.4002148835577534,,,,,,,0.03463938392699123,0.06664332825669261,-0.001769830909437098,0.044982689811007254,12,0.5833333333333334,1,1,1,1,1,1
sbm_density_matched__405897cd5c__i03,sbm_density_matched,sbm_density_matched__405897cd5c,3,1285599205,"{""communities"": 2, ""mixing"": 0.45, ""n"": 240, ""target_avg_degree"": 6}","{""controlled_property"": ""community_mixing_at_fixed_expected_degree"", ""expected_degree"": 6.0, ""generation_attempt"": 0, ""p_in"": 0.02773109243697479, ""p_out"": 0.022500000000000003}",240,6.0,2.0,0.45,240,719,0.0250697350069735,5.991666666666666,4.58326388888889,2.14085587765475,0.3573055706795132,1,1.0,0,0.0282587782587782,0.0260932592413626,-0.0469074008473023,0.2770698887420342,0.9474333568041984,0.1385349443710171,0.7444056538501495,3.250719142259414,6.0,0.5405764817458063,0.4555296579787573,64,1.0,0.0006954102920723,0.2344632768361582,0.3793796824131801,,,,,,,-0.0037099167553227403,0.08971589757137778,-0.0020366192628238494,-0.007959286571896861,12,0.5,0,0,0,0,0,0
sbm_density_matched__405897cd5c__i04,sbm_density_matched,sbm_density_matched__405897cd5c,4,2137924651,"{""communities"": 2, ""mixing"": 0.45, ""n"": 240, ""target_avg_degree"": 6}","{""controlled_property"": ""community_mixing_at_fixed_expected_degree"", ""expected_degree"": 6.0, ""generation_attempt"": 0, ""p_in"": 0.02773109243697479, ""p_out"": 0.022500000000000003}",240,6.0,2.0,0.45,240,742,0.0258716875871687,6.183333333333334,6.458055555555556,2.5412704609221657,0.4109871365372775,1,1.0,0,0.0146648027898027,0.0175286734473057,-0.0496032675391352,0.2313951196763006,0.3416686507882115,0.1156975598381503,0.6802868801855592,3.1954432531380754,6.0,0.4966856642103084,0.4671748493106101,64,1.0,0.0006738544474393,0.2682926829268293,0.3632702101844653,,,,,,,0.01000019582531785,0.07825266441086835,-0.02709138169938218,0.03709157752470003,12,0.5,1,1,1,1,1,1
sbm_density_matched__601a69618f__i00,sbm_density_matched,sbm_density_matched__601a69618f,0,731882594,"{""communities"": 2, ""mixing"": 0.1, ""n"": 240, ""target_avg_degree"": 12}","{""controlled_property"": ""community_mixing_at_fixed_expected_degree"", ""expected_degree"": 12.0, ""generation_attempt"": 0, ""p_in"": 0.09075630252100841, ""p_out"": 0.010000000000000002}",240,12.0,2.0,0.1,240,1400,0.0488145048814504,11.666666666666666,9.78055555555556,3.127387976499808,0.2680618265571263,1,1.0,0,0.0736694165487996,0.0718942074874278,0.0077134578817618,0.1717095825263763,1.941434599152032,0.0858547912631881,0.5860197650700467,2.5694626046025104,4.0,0.1994785355188244,0.1951885492338075,64,4.0,0.0014285714285714,0.1096394407652685,0.3909622448979591,,,,,,,-0.01893862345020236,0.04250508431258662,-0.07997496643431,0.06103634298410763,12,0.16666666666666666,0,1,0,1,0,1
sbm_density_matched__601a69618f__i01,sbm_density_matched,sbm_density_matched__601a69618f,1,97429212,"{""communities"": 2, ""mixing"": 0.1, ""n"": 240, ""target_avg_degree"": 12}","{""controlled_property"": ""community_mixing_at_fixed_expected_degree"", ""expected_degree"": 12.0, ""generation_attempt"": 0, ""p_in"": 0.09075630252100841, ""p_out"": 0.010000000000000002}",240,12.0,2.0,0.1,240,1469,0.0512203626220362,12.241666666666667,10.624930555555554,3.2595905502924065,0.2662701606773919,1,1.0,0,0.0752089034403275,0.0733599415369048,-0.0451858748082021,0.1550217754677322,1.853520822860996,0.0775108877338661,0.55681554480408,2.553347280334728,4.0,0.1957539135626985,0.1903867671351552,64,5.0,0.0017018379850238,0.0984743411927877,0.403681762552706,,,,,,,-0.024341779573377267,0.037564354114700674,-0.06834532951291862,0.049214144815789694,12,0.0,0,1,0,1,0,1
sbm_density_matched__601a69618f__i02,sbm_density_matched,sbm_density_matched__601a69618f,2,1724225973,"{""communities"": 2, ""mixing"": 0.1, ""n"": 240, ""target_avg_degree"": 12}","{""controlled_property"": ""community_mixing_at_fixed_expected_degree"", ""expected_degree"": 12.0, ""generation_attempt"": 0, ""p_in"": 0.09075630252100841, ""p_out"": 0.010000000000000002}",240,12.0,2.0,0.1,240,1432,0.0499302649930264,11.933333333333334,11.428888888888888,3.38066397160216,0.2832958635420804,1,1.0,0,0.0708405688165749,0.0722339675828047,0.0331886671739629,0.1717094457939112,1.9814668379475588,0.0858547228969556,0.5860195317460182,2.550143828451883,4.0,0.2138039717189865,0.2068261291252123,64,4.0,0.0013966480446927,0.1046263345195729,0.3958207355419618,,,,,,,-0.04346396550191666,0.05590162302033517,-0.12174331168664417,0.0904464628001063,12,0.16666666666666666,0,1,0,1,0,1
sbm_density_matched__601a69618f__i03,sbm_density_matched,sbm_density_matched__601a69618f,3,128328374,"{""communities"": 2, ""mixing"": 0.1, ""n"": 240, ""target_avg_degree"": 12}","{""controlled_property"": ""community_mixing_at_fixed_expected_degree"", ""expected_degree"": 12.0, ""generation_attempt"": 0, ""p_in"": 0.09075630252100841, ""p_out"": 0.010000000000000002}",240,12.0,2.0,0.1,240,1462,0.050976290097629,12.183333333333334,11.083055555555555,3.3291223401304366,0.273252175660501,1,1.0,0,0.0671216966214189,0.0710972850678733,0.0065496587268435,0.1846975384629376,2.183282527495468,0.0923487692314688,0.607778805920275,2.550895658995816,4.0,0.1959658002636416,0.1913025961114713,64,4.0,0.0013679890560875,0.1141678129298486,0.3752734574566632,,,,,,,-0.03484656465092994,0.046674966518907235,-0.08205169301432662,0.05242935558126497,12,0.08333333333333333,0,1,0,1,0,1
sbm_density_matched__601a69618f__i04,sbm_density_matched,sbm_density_matched__601a69618f,4,947183770,"{""communities"": 2, ""mixing"": 0.1, ""n"": 240, ""target_avg_degree"": 12}","{""controlled_property"": ""community_mixing_at_fixed_expected_degree"", ""expected_degree"": 12.0, ""generation_attempt"": 0, ""p_in"": 0.09075630252100841, ""p_out"": 0.010000000000000002}",240,12.0,2.0,0.1,240,1501,0.0523361227336122,12.508333333333333,11.766597222222222,3.4302473995649674,0.2742369673203172,1,1.0,0,0.0808577722944982,0.0801134539227229,0.0052003127068935,0.1631996984542393,1.984563319885752,0.0815998492271196,0.5713137464725303,2.5222280334728038,4.0,0.190831826598273,0.1816965472469696,64,5.0,0.0016655562958027,0.1002017484868863,0.4006893472306493,,,,,,,-0.03825206103090332,0.031936784648899354,-0.09618636419106917,0.05792373356075651,12,0.08333333333333333,0,1,0,1,0,1
sbm_density_matched__6e7c1161fa__i00,sbm_density_matched,sbm_density_matched__6e7c1161fa,0,1266462665,"{""communities"": 2, ""mixing"": 0.25, ""n"": 240, ""target_avg_degree"": 12}","{""controlled_property"": ""community_mixing_at_fixed_expected_degree"", ""expected_degree"": 12.0, ""generation_attempt"": 0, ""p_in"": 0.07563025210084033, ""p_out"": 0.025}",240,12.0,2.0,0.25,240,1428,0.0497907949790795,11.9,11.92333333333333,3.4530180036213727,0.2901695801362497,1,1.0,0,0.053594461953595,0.0540127088726759,0.0206100173283061,0.3751155873448635,3.9812431842188234,0.1875577936724317,0.8661588622705,2.502484309623431,4.0,0.2046682218968486,0.1958204126843064,64,6.0,0.0021008403361344,0.2461322081575246,0.2719293599792858,,,,,,,-0.08990918222591787,0.056561055722514124,-0.11532710046530338,0.036074214958136494,12,0.0,0,1,0,1,0,1
sbm_density_matched__6e7c1161fa__i01,sbm_density_matched,sbm_density_matched__6e7c1161fa,1,732480634,"{""communities"": 2, ""mixing"": 0.25, ""n"": 240, ""target_avg_degree"": 12}","{""controlled_property"": ""community_mixing_at_fixed_expected_degree"", ""expected_degree"": 12.0, ""generation_attempt"": 0, ""p_in"": 0.07563025210084033, ""p_out"": 0.025}",240,12.0,2.0,0.25,240,1488,0.0518828451882845,12.4,9.781666666666668,3.1275656134870564,0.2522230333457304,1,1.0,0,0.0572751157010057,0.0564040359486133,-0.0092295036112826,0.4096501814257008,2.6487590440611237,0.2048250907128504,0.9051521213870084,2.4562303870292888,4.0,0.1967550387814629,0.182257233462862,64,3.0,0.001008064516129,0.2619528619528619,0.2618592106023817,,,,,,,-0.047526946973557575,0.065270778568606,-0.09665577245386288,0.049374205435830175,12,0.16666666666666666,0,1,0,1,0,1
sbm_density_matched__6e7c1161fa__i02,sbm_density_matched,sbm_density_matched__6e7c1161fa,2,1151162018,"{""communities"": 2, ""mixing"": 0.25, ""n"": 240, ""target_avg_degree"": 12}","{""controlled_property"": ""community_mixing_at_fixed_expected_degree"", ""expected_degree"": 12.0, ""generation_attempt"": 0, ""p_in"": 0.07563025210084033, ""p_out"": 0.025}",240,12.0,2.0,0.25,240,1467,0.0511506276150627,12.225,11.791041666666668,3.433808624059685,0.2808841410273771,1,1.0,0,0.0548562064225763,0.0562017671401409,-0.0336118642437127,0.3847427176910635,3.525515844428611,0.1923713588455317,0.8772031893364998,2.466984832635984,4.0,0.1843007539038717,0.1757189797920613,64,4.0,0.0013633265167007,0.2422786547700754,0.2764915856175092,,,,,,,-0.08807906420213628,0.07220313009469755,-0.1355584555704409,0.04747939136830462,12,0.08333333333333333,0,1,0,1,0,1
sbm_density_matched__6e7c1161fa__i03,sbm_density_matched,sbm_density_matched__6e7c1161fa,3,1621012437,"{""communities"": 2, ""mixing"": 0.25, ""n"": 240, ""target_avg_degree"": 12}","{""controlled_property"": ""community_mixing_at_fixed_expected_degree"", ""expected_degree"": 12.0, ""generation_attempt"": 0, ""p_in"": 0.07563025210084033, ""p_out"": 0.025}",240,12.0,2.0,0.25,240,1449,0.0505230125523012,12.075,9.977708333333332,3.1587510717581613,0.2615942916569906,1,1.0,0,0.0580228911740134,0.0567120904610031,-0.0012220097718895,0.3891629065644021,3.971875542601906,0.194581453282201,0.882227755814112,2.473097541841004,4.0,0.1931092901419394,0.1865104724508228,64,5.0,0.0017253278122843,0.2467173462335867,0.2721167021734129,,,,,,,-0.05774039873453759,0.060225401096237384,-0.1174295221388949,0.05968912340435726,12,0.08333333333333333,0,1,0,1,0,1
sbm_density_matched__6e7c1161fa__i04,sbm_density_matched,sbm_density_matched__6e7c1161fa,4,1540872445,"{""communities"": 2, ""mixing"": 0.25, ""n"": 240, ""target_avg_degree"": 12}","{""controlled_property"": ""community_mixing_at_fixed_expected_degree"", ""expected_degree"": 12.0, ""generation_attempt"": 0, ""p_in"": 0.07563025210084033, ""p_out"": 0.025}",240,12.0,2.0,0.25,240,1475,0.0514295676429567,12.291666666666666,11.673263888888888,3.4166158532806827,0.2779619677245301,1,1.0,0,0.0536501073101305,0.0535002215330084,-0.0341242980780065,0.3758494946942696,3.5401935062207057,0.1879247473471348,0.8670057608739052,2.463585251046025,4.0,0.1918470978699634,0.1865835202304347,64,4.0,0.0013559322033898,0.2489795918367346,0.2540159724217179,,,,,,,-0.047088960730580665,0.039163500322933226,-0.06134613965476523,0.017666695766762414,12,0.08333333333333333,0,1,0,1,0,1
sbm_density_matched__76b1ae6b41__i00,sbm_density_matched,sbm_density_matched__76b1ae6b41,0,1106421838,"{""communities"": 2, ""mixing"": 0.1, ""n"": 240, ""target_avg_degree"": 6}","{""controlled_property"": ""community_mixing_at_fixed_expected_degree"", ""expected_degree"": 6.0, ""generation_attempt"": 0, ""p_in"": 0.04537815126050421, ""p_out"": 0.005000000000000001}",240,6.0,2.0,0.1,240,759,0.0264644351464435,6.325,6.552708333333333,2.5598258404300345,0.4047155478940766,1,1.0,0,0.0372073065823065,0.0397680198840099,0.0209820276893981,0.138688384479643,0.5783999065566203,0.0693441922398215,0.5266657089267214,3.272064592050209,7.0,0.4440078015438939,0.4022830972803042,64,1.0,0.0006587615283267,0.0981432360742705,0.4104848102957744,,,,,,,-0.03102993653531398,0.06221848429905226,-0.09112543973789088,0.05836014593910412,12,0.25,0,1,0,1,0,1
sbm_density_matched__76b1ae6b41__i01,sbm_density_matched,sbm_density_matched__76b1ae6b41,1,1865762794,"{""communities"": 2, ""mixing"": 0.1, ""n"": 240, ""target_avg_degree"": 6}","{""controlled_property"": ""community_mixing_at_fixed_expected_degree"", ""expected_degree"": 6.0, ""generation_attempt"": 0, ""p_in"": 0.04537815126050421, ""p_out"": 0.005000000000000001}",240,6.0,2.0,0.1,240,713,0.024860529986053,5.941666666666666,5.396597222222223,2.323057731142776,0.3909774582568487,1,1.0,0,0.0334063621563621,0.0316470870294893,0.0073878414311571,0.1142294979080462,0.6661034201377093,0.0571147489540231,0.4779738442803043,3.3468553870292888,7.0,0.4719636630569432,0.4678149046144118,64,1.0,0.0007012622720897,0.091164095371669,0.4419083382346288,,,,,,,-0.040667610723061555,0.06189982383620706,-0.07186753775581355,0.03293528429622476,12,0.08333333333333333,0,1,0,1,0,1
sbm_density_matched__76b1ae6b41__i02,sbm_density_matched,sbm_density_matched__76b1ae6b41,2,2102273975,"{""communities"": 2, ""mixing"": 0.1, ""n"": 240, ""target_avg_degree"": 6}","{""controlled_property"": ""community_mixing_at_fixed_expected_degree"", ""expected_degree"": 6.0, ""generation_attempt"": 0, ""p_in"": 0.04537815126050421, ""p_out"": 0.005000000000000001}",240,6.0,2.0,0.1,240,698,0.0243375174337517,5.816666666666666,5.374722222222222,2.3183447160036885,0.3985692921496312,1,1.0,0,0.0417353479853479,0.039680559021712,-0.0148088324384957,0.1182697327419546,0.5841134558877645,0.0591348663709773,0.4863532311848141,3.442664748953975,7.0,0.5756248874134878,0.4962019891056481,64,1.0,0.0007163323782234,0.0935672514619883,0.4353207280728401,,,,,,,-0.043467059811898835,0.047485593579957325,-0.11385597535303654,0.06865205058238823,12,0.16666666666666666,0,1,0,1,0,1
sbm_density_matched__76b1ae6b41__i03,sbm_density_matched,sbm_density_matched__76b1ae6b41,3,90619542,"{""communities"": 2, ""mixing"": 0.1, ""n"": 240, ""target_avg_degree"": 6}","{""controlled_property"": ""community_mixing_at_fixed_expected_degree"", ""expected_degree"": 6.0, ""generation_attempt"": 0, ""p_in"": 0.04537815126050421, ""p_out"": 0.005000000000000001}",240,6.0,2.0,0.1,240,683,0.0238145048814504,5.691666666666666,5.171597222222222,2.274114601822481,0.399551613790187,2,0.9958333333333332,1,0.0437756687756687,0.0439215686274509,-0.0214452278756625,0.1139026211960199,0.5841626485753323,0.0569513105980099,0.4772894744199162,3.45250131302521,7.0,0.537991722064053,0.4895521001486025,64,1.0,0.0007320644216691,0.093841642228739,0.4391496905607635,,,,,,,-0.0646215138578911,0.05698574569245492,-0.10306110471677449,0.03843959085888339,12,0.0,0,1,0,1,0,1
sbm_density_matched__76b1ae6b41__i04,sbm_density_matched,sbm_density_matched__76b1ae6b41,4,1700488107,"{""communities"": 2, ""mixing"": 0.1, ""n"": 240, ""target_avg_degree"": 6}","{""controlled_property"": ""community_mixing_at_fixed_expected_degree"", ""expected_degree"": 6.0, ""generation_attempt"": 0, ""p_in"": 0.04537815126050421, ""p_out"": 0.005000000000000001}",240,6.0,2.0,0.1,240,712,0.0248256624825662,5.933333333333334,5.037222222222223,2.244375686515567,0.378265565143073,1,1.0,0,0.0285919404669404,0.0298761233908185,-0.0063018428443072,0.1481642155230277,0.4971500788859505,0.0740821077615138,0.5443605708039988,3.3807531380753137,7.0,0.4803479253197723,0.4226513920075593,64,1.0,0.0007022471910112,0.2086553323029366,0.4256771951142533,,,,,,,-0.06936333528316295,0.08995686415900304,-0.11558450833622842,0.0479595457070916,12,0.16666666666666666,0,1,0,1,0,1
sbm_density_matched__83cebfefc5__i00,sbm_density_matched,sbm_density_matched__83cebfefc5,0,1596448982,"{""communities"": 4, ""mixing"": 0.25, ""n"": 240, ""target_avg_degree"": 12}","{""controlled_property"": ""community_mixing_at_fixed_expected_degree"", ""expected_degree"": 12.0, ""generation_attempt"": 0, ""p_in"": 0.15254237288135594, ""p_out"": 0.016666666666666666}",240,12.0,4.0,0.25,240,1436,0.0500697350069735,11.966666666666669,11.473888888888888,3.387312930464041,0.2830623618772179,1,1.0,0,0.104066237197042,0.1010802919708029,-0.0349311873616212,0.2397453732010332,2.42228711490038,0.1198726866005166,0.6924527033682997,2.568057008368201,4.0,0.1931287342724637,0.187906334581692,64,4.0,0.0013927576601671,0.1692969870875179,0.5172909020724544,,,,,,,-0.04676897579071488,0.04298619570993967,-0.15214251284283697,0.10537353705212205,12,0.0,0,1,0,1,0,1
sbm_density_matched__83cebfefc5__i01,sbm_density_matched,sbm_density_matched__83cebfefc5,1,1825796743,"{""communities"": 4, ""mixing"": 0.25, ""n"": 240, ""target_avg_degree"": 12}","{""controlled_property"": ""community_mixing_at_fixed_expected_degree"", ""expected_degree"": 12.0, ""generation_attempt"": 0, ""p_in"": 0.15254237288135594, ""p_out"": 0.016666666666666666}",240,12.0,4.0,0.25,240,1423,0.0496164574616457,11.858333333333333,10.36326388888889,3.219202368427448,0.2714717387289485,1,1.0,0,0.0950570415566544,0.0923629829290206,-0.0588572441410193,0.2647053966008947,2.934455377324709,0.1323526983004473,0.7276062075063608,2.5432139121338917,4.0,0.2065415453156932,0.1981415651493724,64,5.0,0.0017568517217146,0.1669044222539229,0.4842789549658285,,,,,,,-0.11947623722391786,0.08657322786292695,-0.19881085343114194,0.07933461620722405,12,0.0,0,1,0,1,0,1
sbm_density_matched__83cebfefc5__i02,sbm_density_matched,sbm_density_matched__83cebfefc5,2,2032791801,"{""communities"": 4, ""mixing"": 0.25, ""n"": 240, ""target_avg_degree"": 12}","{""controlled_property"": ""community_mixing_at_fixed_expected_degree"", ""expected_degree"": 12.0, ""generation_attempt"": 0, ""p_in"": 0.15254237288135594, ""p_out"": 0.016666666666666666}",240,12.0,4.0,0.25,240,1415,0.0493375174337517,11.791666666666666,11.589930555555554,3.404398706901933,0.2887122578291392,1,1.0,0,0.0945044746760993,0.0896704879659084,-0.0270217575839719,0.2460726927277781,2.665558624570114,0.123036346363889,0.7015307444834876,2.55357609832636,4.0,0.2074110412702155,0.2045048252600285,64,4.0,0.0014134275618374,0.2255434782608695,0.4798773864076215,,,,,,,-0.06632349947281295,0.06507147134263469,-0.16985229807349989,0.10353181792435845,12,0.08333333333333333,0,1,0,1,0,1
sbm_density_matched__83cebfefc5__i03,sbm_density_matched,sbm_density_matched__83cebfefc5,3,1642793051,"{""communities"": 4, ""mixing"": 0.25, ""n"": 240, ""target_avg_degree"": 12}","{""controlled_property"": ""community_mixing_at_fixed_expected_degree"", ""expected_degree"": 12.0, ""generation_attempt"": 0, ""p_in"": 0.15254237288135594, ""p_out"": 0.016666666666666666}",240,12.0,4.0,0.25,240,1491,0.0519874476987447,12.425,11.677708333333332,3.4172662075602678,0.2750314855179289,1,1.0,0,0.1055969815535788,0.1038186157517899,0.0072833066406728,0.2215952286460617,2.647007768938923,0.1107976143230308,0.6657255119733083,2.538572175732217,4.0,0.1976430864867948,0.1967123433637905,64,5.0,0.0016767270288397,0.1994750656167979,0.5306581271667564,,,,,,,-0.07767751438041287,0.07615889614012394,-0.1613087138868984,0.0836311995064855,12,0.08333333333333333,0,1,0,1,0,1
sbm_density_matched__83cebfefc5__i04,sbm_density_matched,sbm_density_matched__83cebfefc5,4,1782397244,"{""communities"": 4, ""mixing"": 0.25, ""n"": 240, ""target_avg_degree"": 12}","{""controlled_property"": ""community_mixing_at_fixed_expected_degree"", ""expected_degree"": 12.0, ""generation_attempt"": 0, ""p_in"": 0.15254237288135594, ""p_out"": 0.016666666666666666}",240,12.0,4.0,0.25,240,1464,0.0510460251046025,12.2,9.435,3.071644510681533,0.2517741402197978,1,1.0,0,0.0946779543412669,0.0968680472360089,0.0006496839606192,0.2617347595661516,2.7979248970315203,0.1308673797830758,0.7235119343399273,2.540991108786611,4.0,0.1932195527045484,0.1882828553155205,64,5.0,0.001707650273224,0.2284946236559139,0.4915618281375974,,,,,,,-0.07935598519837646,0.06561346716370656,-0.17658199064768956,0.09722600544931309,12,0.08333333333333333,0,1,0,1,0,1
sbm_density_matched__93b1e4a674__i00,sbm_density_matched,sbm_density_matched__93b1e4a674,0,1051247894,"{""communities"": 4, ""mixing"": 0.03, ""n"": 240, ""target_avg_degree"": 6}","{""controlled_property"": ""community_mixing_at_fixed_expected_degree"", ""expected_degree"": 6.0, ""generation_attempt"": 0, ""p_in"": 0.09864406779661017, ""p_out"": 0.001}",240,6.0,4.0,0.03,240,691,0.0240934449093444,5.758333333333334,5.599930555555556,2.366417240377435,0.4109552371133027,3,0.9916666666666668,2,0.0977386964886965,0.0954545454545454,-0.0241418038453116,0.0178496669630782,0.1054040350403274,0.0089248334815391,0.1889426736503865,4.353837025316456,9.0,0.7579536944623637,0.731267785384518,64,1.0,0.0007235890014471,0.0182767624020887,0.7229826945993663,,,,,,,-0.054175260611729864,0.05071187594158814,-0.14486770276091074,0.09069244214918086,12,0.16666666666666666,0,1,0,1,0,1
sbm_density_matched__93b1e4a674__i01,sbm_density_matched,sbm_density_matched__93b1e4a674,1,1189874551,"{""communities"": 4, ""mixing"": 0.03, ""n"": 240, ""target_avg_degree"": 6}","{""controlled_property"": ""community_mixing_at_fixed_expected_degree"", ""expected_degree"": 6.0, ""generation_attempt"": 0, ""p_in"": 0.09864406779661017, ""p_out"": 0.001}",240,6.0,4.0,0.03,240,708,0.0246861924686192,5.9,6.006666666666667,2.45085019262024,0.415398337732244,1,1.0,0,0.0974330761830761,0.098090692124105,0.0587047222534886,0.0256926395465721,0.146524818013068,0.012846319773286,0.2266832130819226,4.372123430962343,9.0,0.6411217985749249,0.6136965153174905,64,1.0,0.0007062146892655,0.0226928895612708,0.720469652717929,,,,,,,-0.0989804349463006,0.06554965155974186,-0.19287963272586084,0.09723787299323544,12,0.0,0,1,0,1,0,1
sbm_density_matched__93b1e4a674__i02,sbm_density_matched,sbm_density_matched__93b1e4a674,2,1580511933,"{""communities"": 4, ""mixing"": 0.03, ""n"": 240, ""target_avg_degree"": 6}","{""controlled_property"": ""community_mixing_at_fixed_expected_degree"", ""expected_degree"": 6.0, ""generation_attempt"": 0, ""p_in"": 0.09864406779661017, ""p_out"": 0.001}",240,6.0,4.0,0.03,240,737,0.025697350069735,6.141666666666667,5.771597222222223,2.4024148730438344,0.3911666007669744,2,0.9958333333333332,1,0.1058673502423502,0.0983935742971887,-0.030332117979381,0.0216964201731983,0.1363376084861374,0.0108482100865991,0.2083094821327072,4.310530462184874,8.0,0.7047560668956712,0.6738364439363327,64,1.0,0.0006784260515603,0.0168539325842696,0.722041390432812,,,,,,,-0.038435163869946415,0.025157877983337632,-0.1418445678047127,0.10156818657724453,12,0.08333333333333333,0,1,0,1,0,1
sbm_density_matched__93b1e4a674__i03,sbm_density_matched,sbm_density_matched__93b1e4a674,3,1895034198,"{""communities"": 4, ""mixing"": 0.03, ""n"": 240, ""target_avg_degree"": 6}","{""controlled_property"": ""community_mixing_at_fixed_expected_degree"", ""expected_degree"": 6.0, ""generation_attempt"": 0, ""p_in"": 0.09864406779661017, ""p_out"": 0.001}",240,6.0,4.0,0.03,240,759,0.0264644351464435,6.325,6.711041666666668,2.590567827073182,0.4095759410392382,1,1.0,0,0.0998308867058866,0.1101712399422323,0.1056493507596007,0.0247952699653101,0.1624002432828916,0.012397634982655,0.2226893350176884,4.218619246861925,9.0,0.6350652633198316,0.5557977528757632,64,1.0,0.0006587615283267,0.0192307692307692,0.7169712245326612,,,,,,,-0.07282928960465188,0.05294934430628627,-0.1641895701435668,0.09181691729989945,12,0.0,0,1,0,1,0,1
sbm_density_matched__93b1e4a674__i04,sbm_density_matched,sbm_density_matched__93b1e4a674,4,145760915,"{""communities"": 4, ""mixing"": 0.03, ""n"": 240, ""target_avg_degree"": 6}","{""controlled_property"": ""community_mixing_at_fixed_expected_degree"", ""expected_degree"": 6.0, ""generation_attempt"": 0, ""p_in"": 0.09864406779661017, ""p_out"": 0.001}",240,6.0,4.0,0.03,240,763,0.0266039051603905,6.358333333333333,5.946597222222223,2.438564582335728,0.3835226079689218,3,0.9916666666666668,2,0.0907529970029969,0.0893377759266972,-0.0690395795468068,0.0155459265661142,0.0972189733870335,0.0077729632830571,0.1763288210481443,4.318664293248945,8.0,0.6430281431463915,0.67026907578065,64,1.0,0.0006553079947575,0.0175438596491228,0.7254671753391198,,,,,,,-0.05995326076514096,0.0474728084785849,-0.10925030920501931,0.049518282519808055,12,0.0,0,1,0,1,0,1
sbm_density_matched__a6fc707be1__i00,sbm_density_matched,sbm_density_matched__a6fc707be1,0,444720478,"{""communities"": 4, ""mixing"": 0.25, ""n"": 240, ""target_avg_degree"": 6}","{""controlled_property"": ""community_mixing_at_fixed_expected_degree"", ""expected_degree"": 6.0, ""generation_attempt"": 0, ""p_in"": 0.07627118644067797, ""p_out"": 0.008333333333333333}",240,6.0,4.0,0.25,240,735,0.0256276150627615,6.125,5.384375,2.320425607512553,0.3788449971449066,1,1.0,0,0.0493894300144299,0.0469068660774983,0.0099994262081642,0.1928985713239281,0.6462520761491747,0.096449285661964,0.6211257059950557,3.289487447698745,6.0,0.4508632837555024,0.4254747769952256,64,1.0,0.0006802721088435,0.1988636363636363,0.4465879957425147,,,,,,,-0.0718820023402107,0.06715248688540967,-0.17083709132157354,0.09895508898136281,12,0.16666666666666666,0,1,0,1,0,1
sbm_density_matched__a6fc707be1__i01,sbm_density_matched,sbm_density_matched__a6fc707be1,1,855976882,"{""communities"": 4, ""mixing"": 0.25, ""n"": 240, ""target_avg_degree"": 6}","{""controlled_property"": ""community_mixing_at_fixed_expected_degree"", ""expected_degree"": 6.0, ""generation_attempt"": 0, ""p_in"": 0.07627118644067797, ""p_out"": 0.008333333333333333}",240,6.0,4.0,0.25,240,738,0.0257322175732217,6.15,5.9608333333333325,2.441481790498002,0.3969889090240654,1,1.0,0,0.059192636067636,0.0584588131089459,-0.0839874676169318,0.1881614318620778,0.685624505834012,0.0940807159310389,0.613451598517891,3.346103556485356,7.0,0.4685079074603604,0.4432713100379587,64,1.0,0.0006775067750677,0.1436388508891929,0.4948838140142919,,,,,,,-0.04905964707595143,0.034185673901660954,-0.13683475310245807,0.08604735611940888,12,0.08333333333333333,0,1,0,1,0,1
sbm_density_matched__a6fc707be1__i02,sbm_density_matched,sbm_density_matched__a6fc707be1,2,301501619,"{""communities"": 4, ""mixing"": 0.25, ""n"": 240, ""target_avg_degree"": 6}","{""controlled_property"": ""community_mixing_at_fixed_expected_degree"", ""expected_degree"": 6.0, ""generation_attempt"": 0, ""p_in"": 0.07627118644067797, ""p_out"": 0.008333333333333333}",240,6.0,4.0,0.25,240,716,0.0249651324965132,5.966666666666667,5.807222222222221,2.409817881546699,0.403880091879335,1,1.0,0,0.0496697052947052,0.0514930637197272,0.0245640057307407,0.1838396689126674,0.7091206822816523,0.0919198344563337,0.6063656799533882,3.3444037656903767,6.0,0.5187849172425334,0.4700041169866045,64,1.0,0.0006983240223463,0.2045133991537376,0.482338059049343,,,,,,,-0.07360955993536085,0.05971170582878189,-0.18852302548145414,0.11491346554609323,12,0.0,0,1,0,1,0,1
sbm_density_matched__a6fc707be1__i03,sbm_density_matched,sbm_density_matched__a6fc707be1,3,669178405,"{""communities"": 4, ""mixing"": 0.25, ""n"": 240, ""target_avg_degree"": 6}","{""controlled_property"": ""community_mixing_at_fixed_expected_degree"", ""expected_degree"": 6.0, ""generation_attempt"": 0, ""p_in"": 0.07627118644067797, ""p_out"": 0.008333333333333333}",240,6.0,4.0,0.25,240,706,0.0246164574616457,5.883333333333334,5.28638888888889,2.2992148418294645,0.3908013895460845,2,0.9958333333333332,1,0.0323534567284567,0.03968642822146,-0.0150761497541371,0.1878468371470596,1.007944106869872,0.0939234185735298,0.6129385567037852,3.354746586134454,6.0,0.5088896660524953,0.4750691673493493,64,2.0,0.0014164305949008,0.2045454545454545,0.4876142573971382,,,,,,,-0.06933348875387721,0.08161198611524027,-0.15705872512089467,0.08772523636701741,12,0.16666666666666666,0,1,0,1,0,1
sbm_density_matched__a6fc707be1__i04,sbm_density_matched,sbm_density_matched__a6fc707be1,4,448954434,"{""communities"": 4, ""mixing"": 0.25, ""n"": 240, ""target_avg_degree"": 6}","{""controlled_property"": ""community_mixing_at_fixed_expected_degree"", ""expected_degree"": 6.0, ""generation_attempt"": 0, ""p_in"": 0.07627118644067797, ""p_out"": 0.008333333333333333}",240,6.0,4.0,0.25,240,776,0.0270571827057182,6.466666666666667,5.940555555555554,2.437325492328744,0.3769060039683624,1,1.0,0,0.0430128667628667,0.0411705348133198,0.0263718525078233,0.2085303294475712,0.8637871940492231,0.1042651647237856,0.6458023373255493,3.213421809623431,6.0,0.4495275576460639,0.4183839783807663,64,1.0,0.0006443298969072,0.1760104302477184,0.468382167339781,,,,,,,-0.10312110522727634,0.08485803032452814,-0.20109475796142617,0.09797365273414978,12,0.08333333333333333,0,1,0,1,0,1
sbm_density_matched__bee2ed39c5__i00,sbm_density_matched,sbm_density_matched__bee2ed39c5,0,585700695,"{""communities"": 2, ""mixing"": 0.03, ""n"": 240, ""target_avg_degree"": 6}","{""controlled_property"": ""community_mixing_at_fixed_expected_degree"", ""expected_degree"": 6.0, ""generation_attempt"": 0, ""p_in"": 0.048907563025210085, ""p_out"": 0.0015}",240,6.0,2.0,0.03,240,768,0.0267782426778242,6.4,5.348333333333333,2.3126463917627644,0.3613509987129319,1,1.0,0,0.0506156806156805,0.0482355397786594,0.0074978309991623,0.0418209493714371,0.7839654534753653,0.0209104746857185,0.289209091736194,3.506897228033473,7.0,0.5155870266185657,0.4280327828077996,64,1.0,0.0006510416666666,0.0286458333333333,0.4713406032986111,,,,,,,-0.024325202894396544,0.03305861302167231,-0.06453261258710034,0.04550492767351153,12,0.08333333333333333,0,1,0,1,0,1
sbm_density_matched__bee2ed39c5__i01,sbm_density_matched,sbm_density_matched__bee2ed39c5,1,679137113,"{""communities"": 2, ""mixing"": 0.03, ""n"": 240, ""target_avg_degree"": 6}","{""controlled_property"": ""community_mixing_at_fixed_expected_degree"", ""expected_degree"": 6.0, ""generation_attempt"": 0, ""p_in"": 0.048907563025210085, ""p_out"": 0.0015}",240,6.0,2.0,0.03,240,670,0.0233612273361227,5.583333333333333,5.118055555555556,2.262311993416372,0.4051902077760665,1,1.0,0,0.0464570383320383,0.0480325644504749,0.0318697852550951,0.0400981096213006,0.6560712553411763,0.0200490548106503,0.2831893699322084,3.764088650627615,7.0,0.5636604003290163,0.5254648463328961,64,1.0,0.0007462686567164,0.0305810397553516,0.4903085319670305,,,,,,,-0.043489936374277414,0.061929725833378226,-0.08230654721250742,0.04402720571447836,12,0.16666666666666666,0,1,0,1,0,1
sbm_density_matched__bee2ed39c5__i02,sbm_density_matched,sbm_density_matched__bee2ed39c5,2,1911880037,"{""communities"": 2, ""mixing"": 0.03, ""n"": 240, ""target_avg_degree"": 6}","{""controlled_property"": ""community_mixing_at_fixed_expected_degree"", ""expected_degree"": 6.0, ""generation_attempt"": 0, ""p_in"": 0.048907563025210085, ""p_out"": 0.0015}",240,6.0,2.0,0.03,240,695,0.0242329149232914,5.791666666666667,5.673263888888888,2.381861433603745,0.411256650406402,1,1.0,0,0.03384731009731,0.0344053851907255,-0.0598856182680078,0.0374869516792807,0.2117311766205291,0.0187434758396403,0.2738136288765801,3.690866893305439,7.0,0.5654019656940177,0.5490852373616847,64,1.0,0.0007194244604316,0.0303030303030303,0.4760861239066301,,,,,,,-0.02790851859443584,0.037159709915480475,-0.11557616838244418,0.08940451474675777,12,0.16666666666666666,0,1,0,1,0,1
sbm_density_matched__bee2ed39c5__i03,sbm_density_matched,sbm_density_matched__bee2ed39c5,3,1413952398,"{""communities"": 2, ""mixing"": 0.03, ""n"": 240, ""target_avg_degree"": 6}","{""controlled_property"": ""community_mixing_at_fixed_expected_degree"", ""expected_degree"": 6.0, ""generation_attempt"": 0, ""p_in"": 0.048907563025210085, ""p_out"": 0.0015}",240,6.0,2.0,0.03,240,731,0.0254881450488145,6.091666666666667,5.324930555555555,2.307581104870543,0.3788094836996787,2,0.9958333333333332,1,0.0412993025493025,0.0474661774822288,0.0691038533674138,0.032755884559339,0.7113586238143831,0.0163779422796695,0.2559526696846081,3.660320378151261,7.0,0.5065729760413384,0.459454712202399,64,1.0,0.0006839945280437,0.2681564245810056,0.4777715813841205,,,,,,,-0.02953125098327951,0.04653565691589607,-0.08933924534787545,0.05806659845378014,12,0.16666666666666666,0,1,0,1,0,1
sbm_density_matched__bee2ed39c5__i04,sbm_density_matched,sbm_density_matched__bee2ed39c5,4,836096513,"{""communities"": 2, ""mixing"": 0.03, ""n"": 240, ""target_avg_degree"": 6}","{""controlled_property"": ""community_mixing_at_fixed_expected_degree"", ""expected_degree"": 6.0, ""generation_attempt"": 0, ""p_in"": 0.048907563025210085, ""p_out"": 0.0015}",240,6.0,2.0,0.03,240,682,0.0237796373779637,5.683333333333334,5.5747222222222215,2.3610849671755187,0.4154401701775106,2,0.9958333333333332,1,0.0373067673067672,0.0442661144188454,0.0571310613000265,0.031196534606066,0.174058906592268,0.015598267303033,0.2497860468723826,3.780068277310925,7.0,0.6215243320808603,0.6089456657051422,64,1.0,0.000733137829912,0.0240963855421686,0.4813103602480198,,,,,,,-0.04719163962041636,0.03836117982474124,-0.09446023689469119,0.04036572196373669,12,0.08333333333333333,0,1,0,1,0,1
sbm_density_matched__d4e5f98256__i00,sbm_density_matched,sbm_density_matched__d4e5f98256,0,304014511,"{""communities"": 2, ""mixing"": 0.25, ""n"": 240, ""target_avg_degree"": 6}","{""controlled_property"": ""community_mixing_at_fixed_expected_degree"", ""expected_degree"": 6.0, ""generation_attempt"": 0, ""p_in"": 0.037815126050420166, ""p_out"": 0.0125}",240,6.0,2.0,0.25,240,692,0.0241283124128312,5.766666666666667,5.603888888888889,2.367253448384623,0.4105063783325935,2,0.9958333333333332,1,0.0172459484959484,0.0211533618735834,-0.0027516435081863,0.2203578111755303,0.6293905152070404,0.1101789055877651,0.6638641595620755,3.3094472163865545,6.0,0.5903725979766792,0.5265860006744159,64,1.0,0.0007225433526011,0.2235294117647059,0.3848378662835376,,,,,,,-0.04918050082469825,0.051212632623340235,-0.09928894776020508,0.05007059686897183,12,0.08333333333333333,0,1,0,1,0,1
sbm_density_matched__d4e5f98256__i01,sbm_density_matched,sbm_density_matched__d4e5f98256,1,152195252,"{""communities"": 2, ""mixing"": 0.25, ""n"": 240, ""target_avg_degree"": 6}","{""controlled_property"": ""community_mixing_at_fixed_expected_degree"", ""expected_degree"": 6.0, ""generation_attempt"": 0, ""p_in"": 0.037815126050420166, ""p_out"": 0.0125}",240,6.0,2.0,0.25,240,727,0.0253486750348675,6.058333333333334,5.321597222222223,2.3068587347781446,0.3807744816690197,1,1.0,0,0.02757104007104,0.0298887859128823,-0.0369711372864198,0.2547901219095601,0.8903775310488404,0.12739506095478,0.7138488942480196,3.2325444560669454,5.0,0.5048804720960403,0.4332377042882713,64,1.0,0.0006877579092159,0.2082758620689655,0.369760221293439,,,,,,,-0.0622153014621418,0.05527529626131724,-0.05289938272670346,-0.002461946506784127,12,0.16666666666666666,0,0,0,0,0,0
sbm_density_matched__d4e5f98256__i02,sbm_density_matched,sbm_density_matched__d4e5f98256,2,1283885305,"{""communities"": 2, ""mixing"": 0.25, ""n"": 240, ""target_avg_degree"": 6}","{""controlled_property"": ""community_mixing_at_fixed_expected_degree"", ""expected_degree"": 6.0, ""generation_attempt"": 0, ""p_in"": 0.037815126050420166, ""p_out"": 0.0125}",240,6.0,2.0,0.25,240,721,0.025139470013947,6.008333333333334,5.483263888888889,2.3416370104883653,0.389731541274069,1,1.0,0,0.0265485209235209,0.0260014054813773,0.0188144145297411,0.2650121666229371,0.5287607282517963,0.1325060833114685,0.7280277008781151,3.288016474895397,7.0,0.4889333491626281,0.4619454241263577,64,1.0,0.0006934812760055,0.235048678720445,0.3847032073268557,,,,,,,-0.05581322388815474,0.07101859932470127,-0.08313765400465455,0.030556780976465497,12,0.16666666666666666,0,1,0,1,0,1
sbm_density_matched__d4e5f98256__i03,sbm_density_matched,sbm_density_matched__d4e5f98256,3,11180027,"{""communities"": 2, ""mixing"": 0.25, ""n"": 240, ""target_avg_degree"": 6}","{""controlled_property"": ""community_mixing_at_fixed_expected_degree"", ""expected_degree"": 6.0, ""generation_attempt"": 0, ""p_in"": 0.037815126050420166, ""p_out"": 0.0125}",240,6.0,2.0,0.25,240,701,0.0244421199442119,5.841666666666667,6.68326388888889,2.585200937816805,0.4425450963452448,1,1.0,0,0.0206594794094794,0.025023832221163,-0.0198975365585515,0.2656872349139895,0.5916329158920666,0.1328436174569947,0.7289543674524346,3.274418148535565,7.0,0.4942558752295382,0.4313454986233588,64,1.0,0.0007132667617689,0.2496433666191155,0.3896807291804453,,,,,,,-0.04914552416708887,0.06969717974536453,-0.07413755547975122,0.028317752174987287,12,0.16666666666666666,0,1,0,1,0,1
sbm_density_matched__d4e5f98256__i04,sbm_density_matched,sbm_density_matched__d4e5f98256,4,277236535,"{""communities"": 2, ""mixing"": 0.25, ""n"": 240, ""target_avg_degree"": 6}","{""controlled_property"": ""community_mixing_at_fixed_expected_degree"", ""expected_degree"": 6.0, ""generation_attempt"": 0, ""p_in"": 0.037815126050420166, ""p_out"": 0.0125}",240,6.0,2.0,0.25,240,734,0.0255927475592747,6.116666666666666,5.728055555555556,2.3933356545949747,0.3912810334487697,1,1.0,0,0.0291928904428904,0.0283592167454422,-0.0424724598520159,0.2638871943468164,0.8242635076102687,0.1319435971734082,0.7264808247253556,3.200804131799164,6.0,0.4825558233223222,0.4392717785804366,64,1.0,0.0006811989100817,0.2342215988779803,0.3827029304546027,,,,,,,-0.045373935540711376,0.04983186848008947,-0.0889253208857157,0.043995681256194796,12,0.16666666666666666,0,1,0,1,0,1
sbm_density_matched__e33dcbae26__i00,sbm_density_matched,sbm_density_matched__e33dcbae26,0,2053116679,"{""communities"": 2, ""mixing"": 0.03, ""n"": 240, ""target_avg_degree"": 12}","{""controlled_property"": ""community_mixing_at_fixed_expected_degree"", ""expected_degree"": 12.0, ""generation_attempt"": 0, ""p_in"": 0.09781512605042017, ""p_out"": 0.003}",240,12.0,2.0,0.03,240,1475,0.0514295676429567,12.291666666666666,11.531597222222222,3.3958205521231863,0.2762701466134117,1,1.0,0,0.091657078445004,0.0911358722767337,-0.0161076957953285,0.0482408135745095,0.5909087495923547,0.0241204067872547,0.3106149177824837,2.7514382845188283,5.0,0.2027462039948764,0.1877602611341879,64,4.0,0.0013559322033898,0.0300957592339261,0.4701306521114622,,,,,,,-0.020819166852129502,0.029567744123417235,-0.08217192158739615,0.059606827872384575,12,0.08333333333333333,0,1,0,1,0,1
sbm_density_matched__e33dcbae26__i01,sbm_density_matched,sbm_density_matched__e33dcbae26,1,1427620521,"{""communities"": 2, ""mixing"": 0.03, ""n"": 240, ""target_avg_degree"": 12}","{""controlled_property"": ""community_mixing_at_fixed_expected_degree"", ""expected_degree"": 12.0, ""generation_attempt"": 0, ""p_in"": 0.09781512605042017, ""p_out"": 0.003}",240,12.0,2.0,0.03,240,1420,0.0495118549511854,11.833333333333334,10.663888888888888,3.265561037385289,0.2759629045677709,1,1.0,0,0.0846407146152232,0.0878593290523915,0.0186597067826306,0.0453998750568861,0.5331940867836461,0.022699937528443,0.3013299688278154,2.8040010460251046,5.0,0.2169791103348275,0.2018552725755441,64,3.0,0.001056338028169,0.0276008492569002,0.472523060900615,,,,,,,-0.03648628878008182,0.025344835548385927,-0.09700932594007548,0.062218885912800205,12,0.0,0,1,0,1,0,1
sbm_density_matched__e33dcbae26__i02,sbm_density_matched,sbm_density_matched__e33dcbae26,2,1502961444,"{""communities"": 2, ""mixing"": 0.03, ""n"": 240, ""target_avg_degree"": 12}","{""controlled_property"": ""community_mixing_at_fixed_expected_degree"", ""expected_degree"": 12.0, ""generation_attempt"": 0, ""p_in"": 0.09781512605042017, ""p_out"": 0.003}",240,12.0,2.0,0.03,240,1462,0.050976290097629,12.183333333333334,10.908055555555556,3.302734557235194,0.2710862837675946,1,1.0,0,0.1013054148689412,0.1002321762274194,-0.0351683838030471,0.0468797661286647,0.5656213863344275,0.0234398830643323,0.3062017835632729,2.763859832635984,5.0,0.1948544271139802,0.1841012661214546,64,3.0,0.0010259917920656,0.027359781121751,0.4726402188782489,,,,,,,-0.027882314252553816,0.04021307304279645,-0.05408590640616472,0.0279601281013233,12,0.16666666666666666,0,1,0,1,0,1
sbm_density_matched__e33dcbae26__i03,sbm_density_matched,sbm_density_matched__e33dcbae26,3,1119084232,"{""communities"": 2, ""mixing"": 0.03, ""n"": 240, ""target_avg_degree"": 12}","{""controlled_property"": ""community_mixing_at_fixed_expected_degree"", ""expected_degree"": 12.0, ""generation_attempt"": 0, ""p_in"": 0.09781512605042017, ""p_out"": 0.003}",240,12.0,2.0,0.03,240,1413,0.0492677824267782,11.775,11.091041666666666,3.3303215560463024,0.2828298561398134,1,1.0,0,0.0990407784765201,0.0976685189659338,-0.0146941404188227,0.0560003051955196,0.6533830568366737,0.0280001525977598,0.3346649225584289,2.742906642259414,5.0,0.2196355721677244,0.2128177825759301,64,4.0,0.0014154281670205,0.0332850940665701,0.4672044893013964,,,,,,,-0.029576782408816196,0.032677867571491354,-0.09949379381186509,0.07339074132054779,12,0.08333333333333333,0,1,0,1,0,1
sbm_density_matched__e33dcbae26__i04,sbm_density_matched,sbm_density_matched__e33dcbae26,4,27659893,"{""communities"": 2, ""mixing"": 0.03, ""n"": 240, ""target_avg_degree"": 12}","{""controlled_property"": ""community_mixing_at_fixed_expected_degree"", ""expected_degree"": 12.0, ""generation_attempt"": 0, ""p_in"": 0.09781512605042017, ""p_out"": 0.003}",240,12.0,2.0,0.03,240,1429,0.0498256624825662,11.908333333333331,10.866597222222223,3.296452217494169,0.276818940587334,1,1.0,0,0.0923448993243883,0.0916410134975136,-0.0071822649595755,0.0489671310602779,0.5788901654085039,0.0244835655301389,0.3129445032598525,2.7843553870292888,5.0,0.2319333566382162,0.2053208948765621,64,2.0,0.0006997900629811,0.0292230933713471,0.4686563590055244,,,,,,,-0.02609986265037414,0.031026550300172213,-0.06807830282556708,0.04545217009269185,12,0.0,0,1,0,1,0,1
sbm_density_matched__e67f192a4f__i00,sbm_density_matched,sbm_density_matched__e67f192a4f,0,40274688,"{""communities"": 4, ""mixing"": 0.1, ""n"": 240, ""target_avg_degree"": 12}","{""controlled_property"": ""community_mixing_at_fixed_expected_degree"", ""expected_degree"": 12.0, ""generation_attempt"": 0, ""p_in"": 0.18305084745762712, ""p_out"": 0.006666666666666668}",240,12.0,4.0,0.1,240,1486,0.051813110181311,12.383333333333333,11.828055555555556,3.4391940270295245,0.2777276468664488,1,1.0,0,0.1476290741780293,0.1511862557949277,0.0581729088887175,0.1292547970604756,1.4881931642411634,0.0646273985302378,0.5084383877334119,2.716298378661088,5.0,0.2018181465249309,0.1905341079358247,64,3.0,0.0010094212651413,0.0900473933649289,0.6327223670362594,,,,,,,-0.07390284473420534,0.07975011686007573,-0.16886604985292164,0.09158778424329539,12,0.08333333333333333,0,1,0,1,0,1
sbm_density_matched__e67f192a4f__i01,sbm_density_matched,sbm_density_matched__e67f192a4f,1,465274429,"{""communities"": 4, ""mixing"": 0.1, ""n"": 240, ""target_avg_degree"": 12}","{""controlled_property"": ""community_mixing_at_fixed_expected_degree"", ""expected_degree"": 12.0, ""generation_attempt"": 0, ""p_in"": 0.18305084745762712, ""p_out"": 0.006666666666666668}",240,12.0,4.0,0.1,240,1487,0.0518479776847977,12.391666666666667,10.46326388888889,3.234696877435178,0.2610380802234172,1,1.0,0,0.1550574280486616,0.1600989282769991,0.0253687476403547,0.11272597915836,1.368940445651359,0.05636298957918,0.4748178159217702,2.7524189330543933,5.0,0.1988765177043068,0.1894917789012603,64,3.0,0.0010087424344317,0.0705563093622795,0.6477270620201351,,,,,,,-0.04870024098284964,0.06270880344462086,-0.12273716171255884,0.06697981117259962,12,0.16666666666666666,0,1,0,1,0,1
sbm_density_matched__e67f192a4f__i02,sbm_density_matched,sbm_density_matched__e67f192a4f,2,2008409227,"{""communities"": 4, ""mixing"": 0.1, ""n"": 240, ""target_avg_degree"": 12}","{""controlled_property"": ""community_mixing_at_fixed_expected_degree"", ""expected_degree"": 12.0, ""generation_attempt"": 0, ""p_in"": 0.18305084745762712, ""p_out"": 0.006666666666666668}",240,12.0,4.0,0.1,240,1432,0.0499302649930264,11.933333333333334,10.770555555555552,3.281852457920001,0.2750155690994414,1,1.0,0,0.152652151519218,0.1499203492831435,-0.0262034272865141,0.1105472562493917,1.288201396409285,0.0552736281246958,0.4702068826578184,2.798019089958159,5.0,0.2083706370147002,0.2063214823355021,64,4.0,0.0013966480446927,0.0724213606437454,0.6515938563091039,,,,,,,-0.03791438633829932,0.03788123961156929,-0.11753774651133532,0.09008255074092221,12,0.16666666666666666,0,1,0,1,0,1
sbm_density_matched__e67f192a4f__i03,sbm_density_matched,sbm_density_matched__e67f192a4f,3,1197773916,"{""communities"": 4, ""mixing"": 0.1, ""n"": 240, ""target_avg_degree"": 12}","{""controlled_property"": ""community_mixing_at_fixed_expected_degree"", ""expected_degree"": 12.0, ""generation_attempt"": 0, ""p_in"": 0.18305084745762712, ""p_out"": 0.006666666666666668}",240,12.0,4.0,0.1,240,1451,0.0505927475592747,12.091666666666669,9.291597222222224,3.0482121353708678,0.2520919753580317,1,1.0,0,0.1564785520135752,0.154977046894067,-0.0122366872545807,0.0980316878672429,1.154311226451676,0.0490158439336214,0.4427904422347957,2.8196587343096238,5.0,0.2052197197169407,0.2007444201468746,64,5.0,0.001722949689869,0.0806675938803894,0.6641891497154224,,,,,,,-0.08550347096542743,0.09841280885825363,-0.13938956183235354,0.05378826196474936,12,0.08333333333333333,0,1,0,1,0,1
sbm_density_matched__e67f192a4f__i04,sbm_density_matched,sbm_density_matched__e67f192a4f,4,1671168877,"{""communities"": 4, ""mixing"": 0.1, ""n"": 240, ""target_avg_degree"": 12}","{""controlled_property"": ""community_mixing_at_fixed_expected_degree"", ""expected_degree"": 12.0, ""generation_attempt"": 0, ""p_in"": 0.18305084745762712, ""p_out"": 0.006666666666666668}",240,12.0,4.0,0.1,240,1451,0.0505927475592747,12.091666666666669,8.424930555555555,2.902573092198637,0.2400473956332435,1,1.0,0,0.1540094131802722,0.151710026308097,-0.0439411165566543,0.0988448802751004,1.1871796470676703,0.0494224401375502,0.4446231669067649,2.796875,5.0,0.2032244335028921,0.2051939243180224,64,5.0,0.001722949689869,0.0590717299578059,0.6636909073378421,,,,,,,-0.06287496822822905,0.07975585758296388,-0.14673354165821736,0.08729097436238924,12,0.08333333333333333,0,1,0,1,0,1
watts_strogatz__03389ffbae__i00,watts_strogatz,watts_strogatz__03389ffbae,0,1752293925,"{""beta"": 0.2, ""k"": 12, ""n"": 240}","{""controlled_property"": ""rewiring_probability"", ""density_control"": ""fixed_n_and_k"", ""generation_attempt"": 0}",240,,,,240,1440,0.0502092050209205,12.0,1.7666666666666666,1.3291601358251257,0.1107633446520938,1,1.0,0,0.3676923539423535,0.3599551457762273,0.0350005036988904,0.1464145554267609,1.7379936475993358,0.0732072777133804,0.5411368688728591,2.7861205543933054,4.0,0.2006721418697299,0.2014850384344467,64,8.0,0.0027777777777777,0.1443688586545729,0.497774643132716,12.0,0.2,,,,,-0.01454887705804205,0.04491377468237993,-0.05530109372834996,0.03690007972054069,12,0.4166666666666667,0,1,0,1,0,1
watts_strogatz__03389ffbae__i01,watts_strogatz,watts_strogatz__03389ffbae,1,1092733594,"{""beta"": 0.2, ""k"": 12, ""n"": 240}","{""controlled_property"": ""rewiring_probability"", ""density_control"": ""fixed_n_and_k"", ""generation_attempt"": 0}",240,,,,240,1440,0.0502092050209205,12.0,2.4,1.5491933384829668,0.1290994448735805,1,1.0,0,0.3633343215879978,0.3532366071428571,-0.0189129323564361,0.1531002354164729,1.8227833634660096,0.0765501177082364,0.5533538387261319,2.76869769874477,4.0,0.2049462967008065,0.2060625602080998,64,8.0,0.0027777777777777,0.1495468277945619,0.5400214602623457,12.0,0.2,,,,,-0.001514733226698728,0.0977931779811473,0.011173761211964983,-0.015980675508622543,12,0.5,0,0,0,0,0,0
watts_strogatz__03389ffbae__i02,watts_strogatz,watts_strogatz__03389ffbae,2,1664291019,"{""beta"": 0.2, ""k"": 12, ""n"": 240}","{""controlled_property"": ""rewiring_probability"", ""density_control"": ""fixed_n_and_k"", ""generation_attempt"": 0}",240,,,,240,1440,0.0502092050209205,12.0,2.033333333333333,1.4259499757471623,0.1188291646455968,1,1.0,0,0.3694832019832018,0.3594255160407859,-0.0272785161900629,0.1553619272182933,1.846574310499057,0.0776809636091466,0.5574260977354637,2.7651019874476988,5.0,0.2024696591189637,0.2021704978641705,64,9.0,0.003125,0.1528073916133617,0.5373849826388889,12.0,0.2,,,,,-0.03343912969144148,0.059252305502500546,-0.07371957514886049,0.04782704039061623,12,0.25,0,1,0,1,0,1
watts_strogatz__03389ffbae__i03,watts_strogatz,watts_strogatz__03389ffbae,3,2067917358,"{""beta"": 0.2, ""k"": 12, ""n"": 240}","{""controlled_property"": ""rewiring_probability"", ""density_control"": ""fixed_n_and_k"", ""generation_attempt"": 0}",240,,,,240,1440,0.0502092050209205,12.0,1.8166666666666669,1.347837774610382,0.1123198145508651,1,1.0,0,0.3820885827135822,0.3742060032382613,-0.0391939800737108,0.1324614213731214,1.5739202490646207,0.0662307106865607,0.5147065598438035,2.8100810669456067,5.0,0.2059691178048453,0.20689134082878,64,8.0,0.0027777777777777,0.1693811074918566,0.5050315875771605,12.0,0.2,,,,,-0.054965506870067654,0.06485756167598157,-0.09542685197054329,0.03678488505545192,12,0.0,0,1,0,1,0,1
watts_strogatz__03389ffbae__i04,watts_strogatz,watts_strogatz__03389ffbae,4,874075322,"{""beta"": 0.2, ""k"": 12, ""n"": 240}","{""controlled_property"": ""rewiring_probability"", ""density_control"": ""fixed_n_and_k"", ""generation_attempt"": 0}",240,,,,240,1440,0.0502092050209205,12.0,2.466666666666667,1.570562531918633,0.1308802109932194,1,1.0,0,0.3571436087061084,0.3432077342588002,-0.0275551040130773,0.1601935480311327,1.9112204567280775,0.0800967740155663,0.5660274693530919,2.759741108786611,4.0,0.2023509344223056,0.2054511077508359,64,8.0,0.0027777777777777,0.167719298245614,0.4935920621141974,12.0,0.2,,,,,-0.0032329390224127078,0.039142524195733226,-0.01612319262048108,0.0154299361377509,12,0.4166666666666667,0,1,0,1,0,1
watts_strogatz__16f637a7ee__i00,watts_strogatz,watts_strogatz__16f637a7ee,0,813083480,"{""beta"": 1.0, ""k"": 6, ""n"": 240}","{""controlled_property"": ""rewiring_probability"", ""density_control"": ""fixed_n_and_k"", ""generation_attempt"": 0}",240,,,,240,720,0.0251046025104602,6.0,3.058333333333333,1.7488091186099566,0.2914681864349928,1,1.0,0,0.0277104377104376,0.0264683640030249,-0.0999479007349965,0.2649512523613272,1.4496777292195775,0.1324756261806636,0.7279440258169955,3.261015951882845,5.0,0.4323041704189181,0.4278133365679508,64,3.0,0.0020833333333333,0.2440725244072524,0.3871894290123456,6.0,1.0,,,,,-0.06478071097643985,0.06941169022803143,-0.09865133389601384,0.036523215953346254,12,0.16666666666666666,0,1,0,1,0,1
watts_strogatz__16f637a7ee__i01,watts_strogatz,watts_strogatz__16f637a7ee,1,1829322263,"{""beta"": 1.0, ""k"": 6, ""n"": 240}","{""controlled_property"": ""rewiring_probability"", ""density_control"": ""fixed_n_and_k"", ""generation_attempt"": 0}",240,,,,240,720,0.0251046025104602,6.0,2.658333333333333,1.630439613519413,0.2717399355865688,1,1.0,0,0.0241534391534391,0.0221995406991579,-0.0293494293414589,0.2754845830743933,1.4389789486430618,0.1377422915371966,0.7422729727996208,3.2845842050209204,6.0,0.4479197150878184,0.4337549618451185,64,3.0,0.0020833333333333,0.2444444444444444,0.3739795524691359,6.0,1.0,,,,,-0.03363918897291399,0.07016735442903162,-0.07202817596467337,0.03838898699175939,12,0.25,0,1,0,1,0,1
watts_strogatz__16f637a7ee__i02,watts_strogatz,watts_strogatz__16f637a7ee,2,263452171,"{""beta"": 1.0, ""k"": 6, ""n"": 240}","{""controlled_property"": ""rewiring_probability"", ""density_control"": ""fixed_n_and_k"", ""generation_attempt"": 0}",240,,,,240,720,0.0251046025104602,6.0,2.7,1.6431676725154984,0.2738612787525831,1,1.0,0,0.0271395502645502,0.0267584097859327,-0.1092961092961081,0.2736566070342047,1.4587557456675615,0.1368283035171023,0.7398062003446642,3.264023274058577,5.0,0.4453709913615141,0.4219113814512212,64,3.0,0.0020833333333333,0.2524407252440725,0.373389274691358,6.0,1.0,,,,,-0.06664832439521913,0.058235397739903445,-0.07502405813103162,0.012009238446950782,12,0.0,0,1,0,1,0,1
watts_strogatz__16f637a7ee__i03,watts_strogatz,watts_strogatz__16f637a7ee,3,1213250496,"{""beta"": 1.0, ""k"": 6, ""n"": 240}","{""controlled_property"": ""rewiring_probability"", ""density_control"": ""fixed_n_and_k"", ""generation_attempt"": 0}",240,,,,240,720,0.0251046025104602,6.0,2.3666666666666667,1.5383974345619102,0.256399572426985,1,1.0,0,0.0188852813852813,0.0193099897013388,-0.0989842230386851,0.2701502512324508,1.491638570805242,0.1350751256162254,0.7350513604265362,3.259087343096234,5.0,0.444147105627046,0.4228536095313384,64,3.0,0.0020833333333333,0.2391608391608391,0.3853125,6.0,1.0,,,,,-0.04054684353348885,0.07129662384036661,-0.07526369607810508,0.034716852544616233,12,0.3333333333333333,0,1,0,1,0,1
watts_strogatz__16f637a7ee__i04,watts_strogatz,watts_strogatz__16f637a7ee,4,2145795485,"{""beta"": 1.0, ""k"": 6, ""n"": 240}","{""controlled_property"": ""rewiring_probability"", ""density_control"": ""fixed_n_and_k"", ""generation_attempt"": 0}",240,,,,240,720,0.0251046025104602,6.0,2.6416666666666666,1.6253204812179862,0.2708867468696643,1,1.0,0,0.0173566017316017,0.0160837375542507,-0.0332449289336624,0.2694531416714605,1.4210953466575005,0.1347265708357302,0.7341023657112958,3.2682073744769875,5.0,0.4438745002672338,0.4294539513308675,64,3.0,0.0020833333333333,0.2412831241283124,0.3721141975308641,6.0,1.0,,,,,-0.04996860100944831,0.05687006018599859,-0.0996832992548412,0.04934924740555874,12,0.16666666666666666,0,1,0,1,0,1
watts_strogatz__3178c0ffff__i00,watts_strogatz,watts_strogatz__3178c0ffff,0,1008489,"{""beta"": 0.05, ""k"": 12, ""n"": 240}","{""controlled_property"": ""rewiring_probability"", ""density_control"": ""fixed_n_and_k"", ""generation_attempt"": 0}",240,,,,240,1440,0.0502092050209205,12.0,0.6,0.7745966692414834,0.0645497224367902,1,1.0,0,0.5993028036778039,0.5953996983408748,0.0087532528979891,0.0403941474072895,0.4850596489385471,0.0201970737036447,0.2842328179760019,3.503824529288703,6.0,0.2713406757036808,0.2796089136497283,64,9.0,0.003125,0.04675505931612,0.5937123842592592,12.0,0.05,,,,,-0.013911622620062491,0.033669768067195585,-0.024378359530568394,0.02262786223019896,12,0.25,0,1,0,1,0,1
watts_strogatz__3178c0ffff__i01,watts_strogatz,watts_strogatz__3178c0ffff,1,1886823494,"{""beta"": 0.05, ""k"": 12, ""n"": 240}","{""controlled_property"": ""rewiring_probability"", ""density_control"": ""fixed_n_and_k"", ""generation_attempt"": 0}",240,,,,240,1440,0.0502092050209205,12.0,0.5416666666666666,0.7359800721939872,0.0613316726828322,1,1.0,0,0.5958002183002193,0.5907576233888714,0.0246309396181459,0.0363830611499963,0.4388504609474985,0.0181915305749981,0.269751964404326,3.4618200836820083,6.0,0.2615309231481801,0.2667019586063522,64,9.0,0.003125,0.0649895178197065,0.5662413194444443,12.0,0.05,,,,,-0.0034110087539687994,0.04271670540799322,-0.012090810461886,0.02086658931225896,12,0.3333333333333333,0,1,0,1,0,1
watts_strogatz__3178c0ffff__i02,watts_strogatz,watts_strogatz__3178c0ffff,2,1554468268,"{""beta"": 0.05, ""k"": 12, ""n"": 240}","{""controlled_property"": ""rewiring_probability"", ""density_control"": ""fixed_n_and_k"", ""generation_attempt"": 0}",240,,,,240,1440,0.0502092050209205,12.0,0.4583333333333333,0.67700320038633,0.0564169333655275,1,1.0,0,0.6001180763680772,0.5954702736709657,-0.0016504657229903,0.0452297750246028,0.5749982383519244,0.0226148875123014,0.3007649415227872,3.4704171025104604,6.0,0.2631500335898437,0.2741256556056543,64,10.0,0.0034722222222222,0.0513595166163142,0.5923254243827161,12.0,0.05,,,,,0.03184526292732707,0.04016538594325458,0.014405460831940615,0.019199746805885667,12,0.6666666666666666,1,1,1,1,1,1
watts_strogatz__3178c0ffff__i03,watts_strogatz,watts_strogatz__3178c0ffff,3,1382372070,"{""beta"": 0.05, ""k"": 12, ""n"": 240}","{""controlled_property"": ""rewiring_probability"", ""density_control"": ""fixed_n_and_k"", ""generation_attempt"": 0}",240,,,,240,1440,0.0502092050209205,12.0,0.7166666666666667,0.8465616732800196,0.0705468061066683,1,1.0,0,0.5772870185370192,0.5715182720080372,-0.0470263271930728,0.0586264506353322,0.6201290245192388,0.0293132253176661,0.3424221097865388,3.3512683054393304,6.0,0.2472340960739469,0.2510355832054434,64,9.0,0.003125,0.0633284241531664,0.5828223861882716,12.0,0.05,,,,,-0.010503318533156175,0.029060345459764457,-0.038454297479445315,0.03672997507353742,12,0.16666666666666666,0,1,0,1,0,1
watts_strogatz__3178c0ffff__i04,watts_strogatz,watts_strogatz__3178c0ffff,4,1909587474,"{""beta"": 0.05, ""k"": 12, ""n"": 240}","{""controlled_property"": ""rewiring_probability"", ""density_control"": ""fixed_n_and_k"", ""generation_attempt"": 0}",240,,,,240,1440,0.0502092050209205,12.0,0.475,0.689202437604511,0.0574335364670425,1,1.0,0,0.5993753468753472,0.5952066427627855,0.0186928739721296,0.0423610329384507,0.5079322397935209,0.0211805164692253,0.2910705513735482,3.5325575313807533,6.0,0.2667380012115777,0.2750137019490432,64,10.0,0.0034722222222222,0.0750816104461371,0.590251494984568,12.0,0.05,,,,,-0.011038962318504666,0.042697998107771175,-0.04048597729183541,0.03846494428102596,12,0.4166666666666667,0,1,0,1,0,1
watts_strogatz__48a3ec9030__i00,watts_strogatz,watts_strogatz__48a3ec9030,0,1357741413,"{""beta"": 1.0, ""k"": 12, ""n"": 240}","{""controlled_property"": ""rewiring_probability"", ""density_control"": ""fixed_n_and_k"", ""generation_attempt"": 0}",240,,,,240,1440,0.0502092050209205,12.0,5.833333333333333,2.41522945769824,0.2012691214748533,1,1.0,0,0.0482191745804361,0.0473397823458282,-0.0705765596060566,0.4636275069041192,4.9546962824281895,0.2318137534520596,0.9629408153195286,2.4728033472803346,4.0,0.1904088068547646,0.185704691065573,64,7.0,0.0024305555555555,0.3124565066109951,0.2490108989197531,12.0,1.0,,,,,-0.09754661018891086,0.07597367245851909,-0.1599606811763942,0.06961155186917471,12,0.0,0,1,0,1,0,1
watts_strogatz__48a3ec9030__i01,watts_strogatz,watts_strogatz__48a3ec9030,1,58543962,"{""beta"": 1.0, ""k"": 12, ""n"": 240}","{""controlled_property"": ""rewiring_probability"", ""density_control"": ""fixed_n_and_k"", ""generation_attempt"": 0}",240,,,,240,1440,0.0502092050209205,12.0,6.041666666666667,2.4579802006254377,0.2048316833854531,1,1.0,0,0.0477937584574581,0.047087232115907,-0.0748730553288483,0.4533919475937097,4.797129679199453,0.2266959737968548,0.952252012435479,2.482054131799164,4.0,0.1907151443607775,0.1851244877642396,64,6.0,0.0020833333333333,0.330090340514246,0.249586467978395,12.0,1.0,,,,,-0.11340429917043947,0.08011853234474896,-0.12798662890056675,0.01458232973012727,12,0.08333333333333333,0,1,0,1,0,1
watts_strogatz__48a3ec9030__i02,watts_strogatz,watts_strogatz__48a3ec9030,2,1898755102,"{""beta"": 1.0, ""k"": 12, ""n"": 240}","{""controlled_property"": ""rewiring_probability"", ""density_control"": ""fixed_n_and_k"", ""generation_attempt"": 0}",240,,,,240,1440,0.0502092050209205,12.0,6.291666666666667,2.508319490548735,0.2090266242123946,1,1.0,0,0.0464231292085394,0.0453751129858391,-0.0345648830071231,0.4692819759250544,4.546477975787545,0.2346409879625272,0.968795103130744,2.474830020920502,4.0,0.1948953692062666,0.186907357487188,64,6.0,0.0020833333333333,0.3240418118466899,0.2442828896604938,12.0,1.0,,,,,-0.06070760526155989,0.09954132420861198,-0.09636537661930629,0.03211009951739165,12,0.3333333333333333,0,1,0,1,0,1
watts_strogatz__48a3ec9030__i03,watts_strogatz,watts_strogatz__48a3ec9030,3,875254991,"{""beta"": 1.0, ""k"": 12, ""n"": 240}","{""controlled_property"": ""rewiring_probability"", ""density_control"": ""fixed_n_and_k"", ""generation_attempt"": 0}",240,,,,240,1440,0.0502092050209205,12.0,5.475,2.339871791359518,0.1949893159466265,1,1.0,0,0.0485963084831118,0.0487361338425168,-0.03706146797542,0.4749429420897135,5.046361136250076,0.2374714710448567,0.974620892542032,2.4766932531380754,4.0,0.1898883194971014,0.1905592870310668,64,7.0,0.0024305555555555,0.3245125348189415,0.2452683738425926,12.0,1.0,,,,,-0.06150732817992605,0.06632656772664848,-0.09082406195090563,0.023585879259637232,12,0.16666666666666666,0,1,0,1,0,1
watts_strogatz__48a3ec9030__i04,watts_strogatz,watts_strogatz__48a3ec9030,4,1500081199,"{""beta"": 1.0, ""k"": 12, ""n"": 240}","{""controlled_property"": ""rewiring_probability"", ""density_control"": ""fixed_n_and_k"", ""generation_attempt"": 0}",240,,,,240,1440,0.0502092050209205,12.0,5.408333333333333,2.3255823643408835,0.1937985303617403,1,1.0,0,0.0458823537645131,0.0449390502759415,-0.073912863191672,0.4582040054756578,4.77418907027289,0.2291020027378289,0.9572920196843364,2.4746012029288704,4.0,0.1896666365551641,0.1871762866482754,64,7.0,0.0024305555555555,0.3156424581005586,0.2530982349537037,12.0,1.0,,,,,-0.06685086222708092,0.05860553748107272,-0.15676457962436208,0.08991371739728111,12,0.08333333333333333,0,1,0,1,0,1
watts_strogatz__4ebe5e8de8__i00,watts_strogatz,watts_strogatz__4ebe5e8de8,0,431498144,"{""beta"": 0.0, ""k"": 6, ""n"": 240}","{""controlled_property"": ""rewiring_probability"", ""density_control"": ""fixed_n_and_k"", ""generation_attempt"": 0}",240,,,,240,720,0.0251046025104602,6.0,0.0,0.0,0.0,1,1.0,0,0.5999999999999973,0.6,,0.0063867430940053,0.0383204585649622,0.0031933715470026,0.1130198486462035,20.418410041841003,40.0,3.090733488570711,3.3715887570997904,64,6.0,0.0041666666666666,0.0333333333333333,0.6415625,6.0,0.0,,,,,-0.0260681222843747,0.023734805046574634,-0.043541459044086524,0.02095919132355398,12,0.0,0,1,0,1,0,1
watts_strogatz__4ebe5e8de8__i01,watts_strogatz,watts_strogatz__4ebe5e8de8,1,1622974545,"{""beta"": 0.0, ""k"": 6, ""n"": 240}","{""controlled_property"": ""rewiring_probability"", ""density_control"": ""fixed_n_and_k"", ""generation_attempt"": 0}",240,,,,240,720,0.0251046025104602,6.0,0.0,0.0,0.0,1,1.0,0,0.5999999999999973,0.6,,0.0063867430940272,0.0383204585640366,0.0031933715470136,0.1130198486463971,20.418410041841003,40.0,2.894007779553012,3.31667804281409,64,6.0,0.0041666666666666,0.0333333333333333,0.6415625,6.0,0.0,,,,,-0.010512291934751316,0.03385737154724822,-0.02268099516483561,0.02092294365561026,12,0.3333333333333333,0,1,0,1,0,1
watts_strogatz__4ebe5e8de8__i02,watts_strogatz,watts_strogatz__4ebe5e8de8,2,1282568265,"{""beta"": 0.0, ""k"": 6, ""n"": 240}","{""controlled_property"": ""rewiring_probability"", ""density_control"": ""fixed_n_and_k"", ""generation_attempt"": 0}",240,,,,240,720,0.0251046025104602,6.0,0.0,0.0,0.0,1,1.0,0,0.5999999999999973,0.6,,0.0063867430940101,0.0383204585640584,0.003193371547005,0.113019848646246,20.418410041841003,40.0,2.827698033098064,3.2035828047188564,64,6.0,0.0041666666666666,0.0333333333333333,0.6415625,6.0,0.0,,,,,-0.010410580667666357,0.024381851982395064,-0.03654861858381977,0.022662800303377816,12,0.16666666666666666,0,1,0,1,0,1
watts_strogatz__4ebe5e8de8__i03,watts_strogatz,watts_strogatz__4ebe5e8de8,3,935546046,"{""beta"": 0.0, ""k"": 6, ""n"": 240}","{""controlled_property"": ""rewiring_probability"", ""density_control"": ""fixed_n_and_k"", ""generation_attempt"": 0}",240,,,,240,720,0.0251046025104602,6.0,0.0,0.0,0.0,1,1.0,0,0.5999999999999973,0.6,,0.0063867430940059,0.0383204585640312,0.0031933715470029,0.1130198486462085,20.418410041841003,40.0,3.080950895650795,3.2794756618617025,64,6.0,0.0041666666666666,0.0333333333333333,0.6415625,6.0,0.0,,,,,-0.02259435288145474,0.027362486266779083,-0.04169835973242209,0.024319132679282,12,0.08333333333333333,0,1,0,1,0,1
watts_strogatz__4ebe5e8de8__i04,watts_strogatz,watts_strogatz__4ebe5e8de8,4,1436405054,"{""beta"": 0.0, ""k"": 6, ""n"": 240}","{""controlled_property"": ""rewiring_probability"", ""density_control"": ""fixed_n_and_k"", ""generation_attempt"": 0}",240,,,,240,720,0.0251046025104602,6.0,0.0,0.0,0.0,1,1.0,0,0.5999999999999973,0.6,,0.006386743094007,0.0383204585640314,0.0031933715470035,0.1130198486462184,20.418410041841003,40.0,3.1066835938454447,3.560725661861688,64,6.0,0.0041666666666666,0.0333333333333333,0.6415625,6.0,0.0,,,,,6.823353752552555e-05,0.032133086254856925,-0.029511452946997373,0.027842821525773442,12,0.3333333333333333,1,1,0,1,0,1
watts_strogatz__8c8f4a1cc3__i00,watts_strogatz,watts_strogatz__8c8f4a1cc3,0,1669071355,"{""beta"": 0.05, ""k"": 6, ""n"": 240}","{""controlled_property"": ""rewiring_probability"", ""density_control"": ""fixed_n_and_k"", ""generation_attempt"": 0}",240,,,,240,720,0.0251046025104602,6.0,0.3833333333333333,0.6191391873668903,0.1031898645611483,1,1.0,0,0.5034325396825389,0.4912232583653318,0.0608234625823272,0.0236667355778369,0.1419468715996226,0.0118333677889184,0.217562568369823,5.239180177824268,10.0,0.7403029864406877,0.750482843669196,64,3.0,0.0020833333333333,0.0619469026548672,0.7114824459876543,6.0,0.05,,,,,-0.008758598667578376,0.045811691748578603,-0.05323396273198145,0.04280563177505423,12,0.3333333333333333,0,1,0,1,0,1
watts_strogatz__8c8f4a1cc3__i01,watts_strogatz,watts_strogatz__8c8f4a1cc3,1,1910082215,"{""beta"": 0.05, ""k"": 6, ""n"": 240}","{""controlled_property"": ""rewiring_probability"", ""density_control"": ""fixed_n_and_k"", ""generation_attempt"": 0}",240,,,,240,720,0.0251046025104602,6.0,0.2833333333333333,0.5322906474223771,0.0887151079037295,1,1.0,0,0.5310119047619036,0.523390203632361,-0.0180825276531644,0.0177881925491573,0.1498906941804935,0.0088940962745786,0.1886170328955333,5.762617677824268,12.0,0.8314329271085401,0.8701903839520608,64,4.0,0.0027777777777777,0.0464135021097046,0.7284211033950617,6.0,0.05,,,,,-0.005136062919104624,0.045766085460914645,-0.0447264541037668,0.019668168586223566,12,0.25,0,1,0,1,0,1
watts_strogatz__8c8f4a1cc3__i02,watts_strogatz,watts_strogatz__8c8f4a1cc3,2,1147250350,"{""beta"": 0.05, ""k"": 6, ""n"": 240}","{""controlled_property"": ""rewiring_probability"", ""density_control"": ""fixed_n_and_k"", ""generation_attempt"": 0}",240,,,,240,720,0.0251046025104602,6.0,0.2583333333333333,0.5082650227325636,0.0847108371220939,1,1.0,0,0.5273412698412685,0.5188653263563756,-0.0776254334043059,0.0221625706976694,0.1329956846079263,0.0110812853488347,0.2105353685140312,5.754707112970712,11.0,0.7940147919548786,0.8123574859016072,64,5.0,0.0034722222222222,0.0383386581469648,0.6917679398148148,6.0,0.05,,,,,0.002792632204396909,0.025641521687295755,-0.008423691819702291,0.009234592140154258,12,0.3333333333333333,1,1,0,1,0,0
watts_strogatz__8c8f4a1cc3__i03,watts_strogatz,watts_strogatz__8c8f4a1cc3,3,935287370,"{""beta"": 0.05, ""k"": 6, ""n"": 240}","{""controlled_property"": ""rewiring_probability"", ""density_control"": ""fixed_n_and_k"", ""generation_attempt"": 0}",240,,,,240,720,0.0251046025104602,6.0,0.2583333333333333,0.5082650227325636,0.0847108371220939,1,1.0,0,0.5304861111111098,0.5221702010465437,-0.0688544811709826,0.0193845951242431,0.1279931532494028,0.0096922975621215,0.1968989340968768,5.715219665271967,11.0,0.8476953905942617,0.8677050912347207,64,5.0,0.0034722222222222,0.048076923076923,0.7360455246913581,6.0,0.05,,,,,-0.007286629433573308,0.026788062077400324,-0.05594437950956105,0.05415477252216269,12,0.25,0,1,0,1,0,1
watts_strogatz__8c8f4a1cc3__i04,watts_strogatz,watts_strogatz__8c8f4a1cc3,4,683055603,"{""beta"": 0.05, ""k"": 6, ""n"": 240}","{""controlled_property"": ""rewiring_probability"", ""density_control"": ""fixed_n_and_k"", ""generation_attempt"": 0}",240,,,,240,720,0.0251046025104602,6.0,0.3583333333333333,0.5986094998689324,0.0997682499781554,1,1.0,0,0.4973710317460312,0.487510293713972,-0.0408929924598632,0.0300098254759797,0.2090713257656902,0.0150049127379898,0.2449890833322159,5.072437238493724,9.0,0.7063802528667447,0.7189441291280537,64,4.0,0.0027777777777777,0.0428360413589364,0.6908352623456789,6.0,0.05,,,,,-0.015940403828321424,0.021587484090075337,-0.053270206469017006,0.03938847479715464,12,0.08333333333333333,0,1,0,1,0,1
watts_strogatz__abccb9b20c__i00,watts_strogatz,watts_strogatz__abccb9b20c,0,2058016912,"{""beta"": 0.0, ""k"": 12, ""n"": 240}","{""controlled_property"": ""rewiring_probability"", ""density_control"": ""fixed_n_and_k"", ""generation_attempt"": 0}",240,,,,240,1440,0.0502092050209205,12.0,0.0,0.0,0.0,1,1.0,0,0.6818181818181848,0.6818181818181818,,0.0206717143273309,0.2480605719279745,0.0103358571636654,0.2033308354742632,10.460251046025103,20.0,0.5585306387807608,0.6028054702156537,64,12.0,0.0041666666666666,0.0583333333333333,0.5725,12.0,0.0,,,,,-0.013896435231508533,0.02237849615852248,-0.026057521065780593,0.012145945797375391,12,0.08333333333333333,0,1,0,1,0,1
watts_strogatz__abccb9b20c__i01,watts_strogatz,watts_strogatz__abccb9b20c,1,1600245149,"{""beta"": 0.0, ""k"": 12, ""n"": 240}","{""controlled_property"": ""rewiring_probability"", ""density_control"": ""fixed_n_and_k"", ""generation_attempt"": 0}",240,,,,240,1440,0.0502092050209205,12.0,0.0,0.0,0.0,1,1.0,0,0.6818181818181848,0.6818181818181818,,0.0206717143273307,0.248060571927975,0.0103358571636653,0.2033308354742623,10.460251046025103,20.0,0.602527190056918,0.68052982918892,64,12.0,0.0041666666666666,0.0583333333333333,0.5725,12.0,0.0,,,,,-0.022741580854769673,0.035266493347450474,-0.0366274386206327,0.013982968143681425,12,0.16666666666666666,0,1,0,1,0,1
watts_strogatz__abccb9b20c__i02,watts_strogatz,watts_strogatz__abccb9b20c,2,1985162336,"{""beta"": 0.0, ""k"": 12, ""n"": 240}","{""controlled_property"": ""rewiring_probability"", ""density_control"": ""fixed_n_and_k"", ""generation_attempt"": 0}",240,,,,240,1440,0.0502092050209205,12.0,0.0,0.0,0.0,1,1.0,0,0.6818181818181848,0.6818181818181818,,0.020671714327331,0.248060571927975,0.0103358571636655,0.2033308354742636,10.460251046025103,20.0,0.5911626434798922,0.6625811112401991,64,12.0,0.0041666666666666,0.0583333333333333,0.5725,12.0,0.0,,,,,-9.101389553634216e-06,0.044482566511028436,-0.017370173015243684,0.01736107162569004,12,0.16666666666666666,0,1,0,1,0,1
watts_strogatz__abccb9b20c__i03,watts_strogatz,watts_strogatz__abccb9b20c,3,865936848,"{""beta"": 0.0, ""k"": 12, ""n"": 240}","{""controlled_property"": ""rewiring_probability"", ""density_control"": ""fixed_n_and_k"", ""generation_attempt"": 0}",240,,,,240,1440,0.0502092050209205,12.0,0.0,0.0,0.0,1,1.0,0,0.6818181818181848,0.6818181818181818,,0.0206717143273308,0.2480605719279746,0.0103358571636654,0.2033308354742627,10.460251046025103,20.0,0.5913770503840833,0.6868714042804923,64,12.0,0.0041666666666666,0.0583333333333333,0.5725,12.0,0.0,,,,,0.012191358041829109,0.024323750638480218,-0.013931183070411841,0.020914969492782192,12,0.5833333333333334,1,1,1,1,1,1
watts_strogatz__abccb9b20c__i04,watts_strogatz,watts_strogatz__abccb9b20c,4,424236132,"{""beta"": 0.0, ""k"": 12, ""n"": 240}","{""controlled_property"": ""rewiring_probability"", ""density_control"": ""fixed_n_and_k"", ""generation_attempt"": 0}",240,,,,240,1440,0.0502092050209205,12.0,0.0,0.0,0.0,1,1.0,0,0.6818181818181848,0.6818181818181818,,0.020671714327331,0.2480605719279745,0.0103358571636655,0.2033308354742638,10.460251046025103,20.0,0.5814942340775242,0.6530115141706045,64,12.0,0.0041666666666666,0.0583333333333333,0.5725,12.0,0.0,,,,,-0.008741957112678668,0.03721849093835239,-0.03680716202405579,0.028042351999120533,12,0.3333333333333333,0,1,0,1,0,1
watts_strogatz__ca4614b0e1__i00,watts_strogatz,watts_strogatz__ca4614b0e1,0,1242561738,"{""beta"": 0.6, ""k"": 6, ""n"": 240}","{""controlled_property"": ""rewiring_probability"", ""density_control"": ""fixed_n_and_k"", ""generation_attempt"": 0}",240,,,,240,720,0.0251046025104602,6.0,2.683333333333333,1.6380883167074152,0.2730147194512358,1,1.0,0,0.0661459836459835,0.063488016318205,-0.0512077510256358,0.237675565720374,1.2804986866166863,0.118837782860187,0.6894571280658052,3.3222737970711296,6.0,0.4707562892039681,0.4696912520684118,64,3.0,0.0020833333333333,0.2441860465116279,0.4244309413580247,6.0,0.6,,,,,-0.10349605035297653,0.0757018198631192,-0.11799836754701647,0.024840856177080206,12,0.08333333333333333,0,1,0,1,0,1
watts_strogatz__ca4614b0e1__i01,watts_strogatz,watts_strogatz__ca4614b0e1,1,1182236631,"{""beta"": 0.6, ""k"": 6, ""n"": 240}","{""controlled_property"": ""rewiring_probability"", ""density_control"": ""fixed_n_and_k"", ""generation_attempt"": 0}",240,,,,240,720,0.0251046025104602,6.0,2.6333333333333333,1.622754859285078,0.2704591432141797,1,1.0,0,0.0536237373737373,0.0497957099080694,-0.0797237556405617,0.2329469596088037,1.2970576007621422,0.1164734798044018,0.6825642235113172,3.2960251046025104,5.0,0.4419465053363584,0.4313372507749309,64,3.0,0.0020833333333333,0.2219101123595505,0.4063966049382715,6.0,0.6,,,,,-0.07453324106679567,0.08289928346307048,-0.10853959469686765,0.03791745571529997,12,0.16666666666666666,0,1,0,1,0,1
watts_strogatz__ca4614b0e1__i02,watts_strogatz,watts_strogatz__ca4614b0e1,2,187699986,"{""beta"": 0.6, ""k"": 6, ""n"": 240}","{""controlled_property"": ""rewiring_probability"", ""density_control"": ""fixed_n_and_k"", ""generation_attempt"": 0}",240,,,,240,720,0.0251046025104602,6.0,2.575,1.6046806535881213,0.2674467755980202,1,1.0,0,0.0574353655603655,0.0560245587106676,-0.0910643613258518,0.2262775096066381,1.2544986195216188,0.113138754803319,0.6727220965698066,3.306419979079498,5.0,0.4387502228686906,0.4304461607362929,64,3.0,0.0020833333333333,0.2194444444444444,0.427691936728395,6.0,0.6,,,,,-0.04820792305397915,0.06726749016225493,-0.06152199717209895,0.017739968504666973,12,0.16666666666666666,0,1,0,1,0,1
watts_strogatz__ca4614b0e1__i03,watts_strogatz,watts_strogatz__ca4614b0e1,3,1565454183,"{""beta"": 0.6, ""k"": 6, ""n"": 240}","{""controlled_property"": ""rewiring_probability"", ""density_control"": ""fixed_n_and_k"", ""generation_attempt"": 0}",240,,,,240,720,0.0251046025104602,6.0,2.475,1.5732132722552274,0.2622022120425379,1,1.0,0,0.0546756253006252,0.0500384911470361,-0.0884034446117637,0.249526811027968,1.3399101996568472,0.124763405513984,0.7064372739712536,3.2903046548117154,5.0,0.4361977734552715,0.4199274906657475,64,3.0,0.0020833333333333,0.2335664335664335,0.4268441358024691,6.0,0.6,,,,,-0.04588465063771178,0.052040237687171635,-0.0853476825253438,0.035952720347482835,12,0.25,0,1,0,1,0,1
watts_strogatz__ca4614b0e1__i04,watts_strogatz,watts_strogatz__ca4614b0e1,4,202363467,"{""beta"": 0.6, ""k"": 6, ""n"": 240}","{""controlled_property"": ""rewiring_probability"", ""density_control"": ""fixed_n_and_k"", ""generation_attempt"": 0}",240,,,,240,720,0.0251046025104602,6.0,2.575,1.6046806535881213,0.2674467755980202,1,1.0,0,0.0625318662818662,0.0552570990023023,-0.0887818214714081,0.2495529551124916,1.3132778036489068,0.1247764775562458,0.7064742813613127,3.2979210251046025,5.0,0.4575309580111717,0.4367407826957536,64,3.0,0.0020833333333333,0.2258064516129032,0.4175916280864198,6.0,0.6,,,,,-0.045999690398784765,0.05905275711443297,-0.11446020007145041,0.07684381247802567,12,0.08333333333333333,0,1,0,1,0,1
watts_strogatz__ea84053df1__i00,watts_strogatz,watts_strogatz__ea84053df1,0,1731902449,"{""beta"": 0.6, ""k"": 12, ""n"": 240}","{""controlled_property"": ""rewiring_probability"", ""density_control"": ""fixed_n_and_k"", ""generation_attempt"": 0}",240,,,,240,1440,0.0502092050209205,12.0,4.683333333333334,2.164101045083924,0.1803417537569936,1,1.0,0,0.0824075939110768,0.0797463723936105,-0.068197626952481,0.4175037687603014,4.613065611895301,0.2087518843801507,0.9137874684633198,2.508335512552301,4.0,0.1903637995418298,0.1858555790018864,64,7.0,0.0024305555555555,0.301255230125523,0.279781780478395,12.0,0.6,,,,,-0.09690656906482158,0.0652504113742382,-0.14296287530177293,0.04605630623695129,12,0.0,0,1,0,1,0,1
watts_strogatz__ea84053df1__i01,watts_strogatz,watts_strogatz__ea84053df1,1,186075308,"{""beta"": 0.6, ""k"": 12, ""n"": 240}","{""controlled_property"": ""rewiring_probability"", ""density_control"": ""fixed_n_and_k"", ""generation_attempt"": 0}",240,,,,240,1440,0.0502092050209205,12.0,4.308333333333334,2.075652507847432,0.1729710423206193,1,1.0,0,0.0782802145466618,0.0770312404475148,-0.0162904716555734,0.4203971240453071,4.675938623550389,0.2101985620226535,0.9169483344718034,2.5050666841004183,4.0,0.1872067702390212,0.1835275659370884,64,8.0,0.0027777777777777,0.2953439888811675,0.2852828414351852,12.0,0.6,,,,,-0.05335446804735148,0.0759249900944185,-0.11765556956327956,0.06430110151592809,12,0.3333333333333333,0,1,0,1,0,1
watts_strogatz__ea84053df1__i02,watts_strogatz,watts_strogatz__ea84053df1,2,876866792,"{""beta"": 0.6, ""k"": 12, ""n"": 240}","{""controlled_property"": ""rewiring_probability"", ""density_control"": ""fixed_n_and_k"", ""generation_attempt"": 0}",240,,,,240,1440,0.0502092050209205,12.0,4.733333333333333,2.1756225162774294,0.1813018763564524,1,1.0,0,0.0873270351008354,0.0841053144807411,-0.0251518467942678,0.3964973976276018,4.342479881128709,0.1982486988138009,0.8905025520767492,2.515428870292887,4.0,0.1918082354546164,0.1810646124313303,64,6.0,0.0020833333333333,0.3017421602787456,0.2937801408179011,12.0,0.6,,,,,-0.08151997105759241,0.06114597527516358,-0.10193588350985629,0.02566451828468101,12,0.0,0,1,0,1,0,1
watts_strogatz__ea84053df1__i03,watts_strogatz,watts_strogatz__ea84053df1,3,1664378549,"{""beta"": 0.6, ""k"": 12, ""n"": 240}","{""controlled_property"": ""rewiring_probability"", ""density_control"": ""fixed_n_and_k"", ""generation_attempt"": 0}",240,,,,240,1440,0.0502092050209205,12.0,4.658333333333333,2.15831724575729,0.1798597704797741,1,1.0,0,0.0844034607821372,0.0843344106347948,0.0178966599591452,0.4158476319741609,4.587926368487739,0.2079238159870804,0.9119732802820056,2.4972214958159,4.0,0.1853487331072151,0.1852252542016494,64,7.0,0.0024305555555555,0.3180236604036186,0.2891295331790123,12.0,0.6,,,,,-0.036972052148307774,0.07373046747398956,-0.07359991551775025,0.032240150896560286,12,0.5,0,1,0,1,0,1
watts_strogatz__ea84053df1__i04,watts_strogatz,watts_strogatz__ea84053df1,4,1692269560,"{""beta"": 0.6, ""k"": 12, ""n"": 240}","{""controlled_property"": ""rewiring_probability"", ""density_control"": ""fixed_n_and_k"", ""generation_attempt"": 0}",240,,,,240,1440,0.0502092050209205,12.0,4.85,2.202271554554524,0.1835226295462103,1,1.0,0,0.086053031255237,0.0854950675922543,-0.0138219060512544,0.39806198797131,4.584191784818976,0.199030993985655,0.8922577967956458,2.500065376569037,4.0,0.1865462934389644,0.1838929933322957,64,7.0,0.0024305555555555,0.2995135510771369,0.2939491705246914,12.0,0.6,,,,,-0.07653272728847117,0.08294262674594402,-0.12031197228074281,0.043779244992271586,12,0.16666666666666666,0,1,0,1,0,1
watts_strogatz__fbe838d1ca__i00,watts_strogatz,watts_strogatz__fbe838d1ca,0,1714531437,"{""beta"": 0.2, ""k"": 6, ""n"": 240}","{""controlled_property"": ""rewiring_probability"", ""density_control"": ""fixed_n_and_k"", ""generation_attempt"": 0}",240,,,,240,720,0.0251046025104602,6.0,1.0583333333333331,1.028753290800731,0.1714588818001218,1,1.0,0,0.3132837301587303,0.2929970485645291,0.0020067962570029,0.0992133776609401,0.5767080473944175,0.04960668883047,0.4454511817493363,3.8336166317991633,7.0,0.5089797255869961,0.5086885522272293,64,4.0,0.0027777777777777,0.1487481590574374,0.641262538580247,6.0,0.2,,,,,-0.0966433456466077,0.13216800567673057,-0.10800698201024406,0.03212121383836091,12,0.08333333333333333,0,1,0,1,0,1
watts_strogatz__fbe838d1ca__i01,watts_strogatz,watts_strogatz__fbe838d1ca,1,1319466226,"{""beta"": 0.2, ""k"": 6, ""n"": 240}","{""controlled_property"": ""rewiring_probability"", ""density_control"": ""fixed_n_and_k"", ""generation_attempt"": 0}",240,,,,240,720,0.0251046025104602,6.0,1.25,1.118033988749895,0.1863389981249824,1,1.0,0,0.2911616161616163,0.2752,-0.0238034297414971,0.1124328583370064,0.6579031749912057,0.0562164291685032,0.4742000808456413,3.815343880753138,7.0,0.4885246180256278,0.4833529021417038,64,3.0,0.0020833333333333,0.1186440677966101,0.6326784336419753,6.0,0.2,,,,,-0.03490182797437787,0.04836245067247172,-0.07137502843145181,0.03647320045707391,12,0.08333333333333333,0,1,0,1,0,1
watts_strogatz__fbe838d1ca__i02,watts_strogatz,watts_strogatz__fbe838d1ca,2,1443471009,"{""beta"": 0.2, ""k"": 6, ""n"": 240}","{""controlled_property"": ""rewiring_probability"", ""density_control"": ""fixed_n_and_k"", ""generation_attempt"": 0}",240,,,,240,720,0.0251046025104602,6.0,1.0916666666666666,1.0448285345771653,0.1741380890961942,1,1.0,0,0.3117890211640211,0.295899222728491,0.0321327802595929,0.0897455739002317,0.5113744188455848,0.0448727869501158,0.4236639562205682,3.925013075313808,7.0,0.5133240537573932,0.5222273472829664,64,3.0,0.0020833333333333,0.1248246844319775,0.623413387345679,6.0,0.2,,,,,-0.053449760907659856,0.08758980175112516,-0.08430676912471419,0.030857008217054335,12,0.16666666666666666,0,1,0,1,0,1
watts_strogatz__fbe838d1ca__i03,watts_strogatz,watts_strogatz__fbe838d1ca,3,989335387,"{""beta"": 0.2, ""k"": 6, ""n"": 240}","{""controlled_property"": ""rewiring_probability"", ""density_control"": ""fixed_n_and_k"", ""generation_attempt"": 0}",240,,,,240,720,0.0251046025104602,6.0,0.85,0.9219544457292888,0.1536590742882148,1,1.0,0,0.3243948412698416,0.312803889789303,0.022790345639557,0.087921692012357,0.508917115418904,0.0439608460061785,0.4193368383825992,3.96541579497908,7.0,0.5196609554990446,0.5246334841808515,64,4.0,0.0027777777777777,0.1154381084840055,0.6469907407407408,6.0,0.2,,,,,-0.018827312104894942,0.03863761280898652,-0.058503776306370624,0.035293912525406576,12,0.3333333333333333,0,1,0,1,0,1
watts_strogatz__fbe838d1ca__i04,watts_strogatz,watts_strogatz__fbe838d1ca,4,1998523180,"{""beta"": 0.2, ""k"": 6, ""n"": 240}","{""controlled_property"": ""rewiring_probability"", ""density_control"": ""fixed_n_and_k"", ""generation_attempt"": 0}",240,,,,240,720,0.0251046025104602,6.0,1.2916666666666667,1.136515141415488,0.1894191902359146,1,1.0,0,0.2968166786916792,0.2796271637816245,-0.0583968031695025,0.0924680473097345,0.5467035788807012,0.0462340236548672,0.4300419684396734,3.821652719665272,7.0,0.50950416976017,0.4945482716905711,64,4.0,0.0027777777777777,0.1309192200557103,0.6447251157407408,6.0,0.2,,,,,-0.0303576742356079,0.06066557918823577,-0.0908270481419678,0.0604693739063599,12,0.08333333333333333,0,1,0,1,0,1
