run_id,graph_id,family,configuration_id,task_id,feature_regime,task_seed,pipeline_seed,baseline_test_f1,geometry_test_f1,selected_test_f1,refinement_test_f1,selected_ratio,refinement_selected_ratio,gain_geometry,gain_vgae,gain_selected_rewiring,selection_metric
barabasi_albert__23d4232072__i00__informative__t00__p41000,barabasi_albert__23d4232072__i00,barabasi_albert,barabasi_albert__23d4232072,barabasi_albert__23d4232072__i00__informative__t00,informative,1349774719,41000,0.8333333333333334,0.746031746031746,0.8509977827050997,0.8509977827050997,0.25,0.25,-0.0873015873015873,0.1049660366733536,0.0176644493717663,f1
barabasi_albert__23d4232072__i00__informative__t00__p41001,barabasi_albert__23d4232072__i00,barabasi_albert,barabasi_albert__23d4232072,barabasi_albert__23d4232072__i00__informative__t00,informative,1349774719,41001,0.9165217391304348,0.8954248366013071,0.9166666666666666,0.9166666666666666,0.55,0.55,-0.0210969025291276,0.0212418300653595,0.0001449275362318,f1
barabasi_albert__23d4232072__i00__informative__t01__p41000,barabasi_albert__23d4232072__i00,barabasi_albert,barabasi_albert__23d4232072,barabasi_albert__23d4232072__i00__informative__t01,informative,406010391,41000,0.9374728614850196,0.8535947712418301,0.9374728614850196,0.9374728614850196,0.25,0.25,-0.0838780902431894,0.0838780902431894,0.0,f1
barabasi_albert__23d4232072__i00__informative__t01__p41001,barabasi_albert__23d4232072__i00,barabasi_albert,barabasi_albert__23d4232072,barabasi_albert__23d4232072__i00__informative__t01,informative,406010391,41001,1.0,0.8741258741258742,1.0,1.0,0.55,0.55,-0.1258741258741258,0.1258741258741258,0.0,f1
barabasi_albert__23d4232072__i00__noisy__t00__p41000,barabasi_albert__23d4232072__i00,barabasi_albert,barabasi_albert__23d4232072,barabasi_albert__23d4232072__i00__noisy__t00,noisy,745692057,41000,0.7658536585365854,0.6873643074250977,0.5465587044534412,0.5465587044534412,0.55,0.55,-0.0784893511114876,-0.1408056029716564,-0.2192949540831441,f1
barabasi_albert__23d4232072__i00__noisy__t00__p41001,barabasi_albert__23d4232072__i00,barabasi_albert,barabasi_albert__23d4232072,barabasi_albert__23d4232072__i00__noisy__t00,noisy,745692057,41001,0.7916666666666666,0.6190476190476191,0.5208711433756805,0.5208711433756805,0.55,0.55,-0.1726190476190475,-0.0981764756719385,-0.2707955232909861,f1
barabasi_albert__23d4232072__i00__noisy__t01__p41000,barabasi_albert__23d4232072__i00,barabasi_albert,barabasi_albert__23d4232072,barabasi_albert__23d4232072__i00__noisy__t01,noisy,857844142,41000,0.7495652173913043,0.7495652173913043,0.625,0.625,0.55,0.55,0.0,-0.1245652173913043,-0.1245652173913043,f1
barabasi_albert__23d4232072__i00__noisy__t01__p41001,barabasi_albert__23d4232072__i00,barabasi_albert,barabasi_albert__23d4232072,barabasi_albert__23d4232072__i00__noisy__t01,noisy,857844142,41001,0.8124185844550587,0.7428571428571429,0.7428571428571429,0.5767195767195767,0.0,0.55,-0.0695614415979157,-0.1661375661375661,-0.0695614415979157,f1
barabasi_albert__23d4232072__i00__partial__t00__p41000,barabasi_albert__23d4232072__i00,barabasi_albert,barabasi_albert__23d4232072,barabasi_albert__23d4232072__i00__partial__t00,partial,1351230861,41000,0.8541033434650456,0.6419482229047828,0.7482517482517483,0.7482517482517483,0.55,0.55,-0.2121551205602627,0.1063035253469655,-0.1058515952132972,f1
barabasi_albert__23d4232072__i00__partial__t00__p41001,barabasi_albert__23d4232072__i00,barabasi_albert,barabasi_albert__23d4232072,barabasi_albert__23d4232072__i00__partial__t00,partial,1351230861,41001,0.8124185844550587,0.6079854809437386,0.7495652173913043,0.7495652173913043,0.55,0.55,-0.20443310351132,0.1415797364475657,-0.0628533670637543,f1
barabasi_albert__23d4232072__i00__partial__t01__p41000,barabasi_albert__23d4232072__i00,barabasi_albert,barabasi_albert__23d4232072,barabasi_albert__23d4232072__i00__partial__t01,partial,1365123504,41000,0.8541033434650456,0.7495652173913043,0.75,0.75,0.55,0.55,-0.1045381260737412,0.0004347826086956,-0.1041033434650455,f1
barabasi_albert__23d4232072__i00__partial__t01__p41001,barabasi_albert__23d4232072__i00,barabasi_albert,barabasi_albert__23d4232072,barabasi_albert__23d4232072__i00__partial__t01,partial,1365123504,41001,0.8954248366013071,0.7699346405228757,0.8541033434650456,0.8541033434650456,0.55,0.55,-0.1254901960784313,0.0841687029421698,-0.0413214931362615,f1
barabasi_albert__23d4232072__i01__informative__t00__p41000,barabasi_albert__23d4232072__i01,barabasi_albert,barabasi_albert__23d4232072,barabasi_albert__23d4232072__i01__informative__t00,informative,2107068072,41000,0.956442831215971,0.8693284936479129,0.8920377867746289,0.8920377867746289,0.1,0.1,-0.087114337568058,0.0227092931267159,-0.0644050444413421,f1
barabasi_albert__23d4232072__i01__informative__t00__p41001,barabasi_albert__23d4232072__i01,barabasi_albert,barabasi_albert__23d4232072,barabasi_albert__23d4232072__i01__informative__t00,informative,2107068072,41001,0.893569844789357,0.8285714285714285,0.873015873015873,0.873015873015873,0.25,0.25,-0.0649984162179284,0.0444444444444445,-0.0205539717734839,f1
barabasi_albert__23d4232072__i01__informative__t01__p41000,barabasi_albert__23d4232072__i01,barabasi_albert,barabasi_albert__23d4232072,barabasi_albert__23d4232072__i01__informative__t01,informative,1244548723,41000,0.8920377867746289,0.8104431768319438,0.8741258741258742,0.8741258741258742,0.55,0.55,-0.081594609942685,0.0636826972939303,-0.0179119126487546,f1
barabasi_albert__23d4232072__i01__informative__t01__p41001,barabasi_albert__23d4232072__i01,barabasi_albert,barabasi_albert__23d4232072,barabasi_albert__23d4232072__i01__informative__t01,informative,1244548723,41001,0.9340357306459002,0.893569844789357,0.893569844789357,0.8509977827050997,0.0,0.1,-0.0404658858565432,-0.0425720620842572,-0.0404658858565432,f1
barabasi_albert__23d4232072__i01__noisy__t00__p41000,barabasi_albert__23d4232072__i01,barabasi_albert,barabasi_albert__23d4232072,barabasi_albert__23d4232072__i01__noisy__t00,noisy,722171580,41000,0.8021071919377004,0.6998556998556998,0.6998556998556998,0.6142857142857143,0.0,0.25,-0.1022514920820005,-0.0855699855699855,-0.1022514920820005,f1
barabasi_albert__23d4232072__i01__noisy__t00__p41001,barabasi_albert__23d4232072__i01,barabasi_albert,barabasi_albert__23d4232072,barabasi_albert__23d4232072__i01__noisy__t00,noisy,722171580,41001,0.8666666666666667,0.7428571428571429,0.7526932084309134,0.7526932084309134,0.25,0.25,-0.1238095238095238,0.0098360655737704,-0.1139734582357533,f1
barabasi_albert__23d4232072__i01__noisy__t01__p41000,barabasi_albert__23d4232072__i01,barabasi_albert,barabasi_albert__23d4232072,barabasi_albert__23d4232072__i01__noisy__t01,noisy,1627440575,41000,0.6807095343680709,0.5826086956521739,0.7062937062937062,0.7062937062937062,0.4,0.4,-0.098100838715897,0.1236850106415323,0.0255841719256353,f1
barabasi_albert__23d4232072__i01__noisy__t01__p41001,barabasi_albert__23d4232072__i01,barabasi_albert,barabasi_albert__23d4232072,barabasi_albert__23d4232072__i01__noisy__t01,noisy,1627440575,41001,0.7281045751633988,0.578125,0.7192982456140351,0.7192982456140351,0.4,0.4,-0.1499795751633987,0.1411732456140351,-0.0088063295493636,f1
barabasi_albert__23d4232072__i01__partial__t00__p41000,barabasi_albert__23d4232072__i01,barabasi_albert,barabasi_albert__23d4232072,barabasi_albert__23d4232072__i01__partial__t00,partial,641249284,41000,0.9352226720647774,0.873015873015873,0.8525669153137341,0.8525669153137341,0.1,0.1,-0.0622067990489043,-0.0204489577021389,-0.0826557567510433,f1
barabasi_albert__23d4232072__i01__partial__t00__p41001,barabasi_albert__23d4232072__i01,barabasi_albert,barabasi_albert__23d4232072,barabasi_albert__23d4232072__i01__partial__t00,partial,641249284,41001,0.8666666666666667,0.7192982456140351,0.7624831309041835,0.7624831309041835,0.55,0.55,-0.1473684210526316,0.0431848852901484,-0.1041835357624831,f1
barabasi_albert__23d4232072__i01__partial__t01__p41000,barabasi_albert__23d4232072__i01,barabasi_albert,barabasi_albert__23d4232072,barabasi_albert__23d4232072__i01__partial__t01,partial,57106266,41000,0.8714285714285714,0.7386569872958257,0.873015873015873,0.873015873015873,0.55,0.55,-0.1327715841327457,0.1343588857200472,0.0015873015873015,f1
barabasi_albert__23d4232072__i01__partial__t01__p41001,barabasi_albert__23d4232072__i01,barabasi_albert,barabasi_albert__23d4232072,barabasi_albert__23d4232072__i01__partial__t01,partial,57106266,41001,0.9361419068736142,0.8084257206208425,0.7281045751633988,0.7281045751633988,0.1,0.1,-0.1277161862527717,-0.0803211454574437,-0.2080373317102154,f1
barabasi_albert__23d4232072__i02__informative__t00__p41000,barabasi_albert__23d4232072__i02,barabasi_albert,barabasi_albert__23d4232072,barabasi_albert__23d4232072__i02__informative__t00,informative,1485571110,41000,0.9089184060721064,0.8900595510765003,0.8332506203473946,0.8332506203473946,0.4,0.4,-0.018858854995606,-0.0568089307291056,-0.0756677857247116,f1
barabasi_albert__23d4232072__i02__informative__t00__p41001,barabasi_albert__23d4232072__i02,barabasi_albert,barabasi_albert__23d4232072,barabasi_albert__23d4232072__i02__informative__t00,informative,1485571110,41001,0.7983193277310925,0.8633776091081593,0.8808933002481389,0.8808933002481389,0.25,0.25,0.0650582813770668,0.0175156911399796,0.0825739725170464,f1
barabasi_albert__23d4232072__i02__informative__t01__p41000,barabasi_albert__23d4232072__i02,barabasi_albert,barabasi_albert__23d4232072,barabasi_albert__23d4232072__i02__informative__t01,informative,1441495647,41000,0.859375,0.7822141560798548,0.8222222222222222,0.8222222222222222,0.1,0.1,-0.0771608439201452,0.0400080661423674,-0.0371527777777778,f1
barabasi_albert__23d4232072__i02__informative__t01__p41001,barabasi_albert__23d4232072__i02,barabasi_albert,barabasi_albert__23d4232072,barabasi_albert__23d4232072__i02__informative__t01,informative,1441495647,41001,0.8460833715071003,0.9111111111111112,0.9111111111111112,0.9111111111111112,0.1,0.1,0.0650277396040107,0.0,0.0650277396040107,f1
barabasi_albert__23d4232072__i02__noisy__t00__p41000,barabasi_albert__23d4232072__i02,barabasi_albert,barabasi_albert__23d4232072,barabasi_albert__23d4232072__i02__noisy__t00,noisy,1644336133,41000,0.8875878220140515,0.6627634660421545,0.6627634660421545,0.6627634660421545,0.0,0.55,-0.2248243559718969,0.0,-0.2248243559718969,f1
barabasi_albert__23d4232072__i02__noisy__t00__p41001,barabasi_albert__23d4232072__i02,barabasi_albert,barabasi_albert__23d4232072,barabasi_albert__23d4232072__i02__noisy__t00,noisy,1644336133,41001,0.7379652605459057,0.5966386554621849,0.6177985948477751,0.6177985948477751,0.25,0.25,-0.1413266050837208,0.0211599393855902,-0.1201666656981306,f1
barabasi_albert__23d4232072__i02__noisy__t01__p41000,barabasi_albert__23d4232072__i02,barabasi_albert,barabasi_albert__23d4232072,barabasi_albert__23d4232072__i02__noisy__t01,noisy,1034764292,41000,0.6950998185117967,0.6262024736601008,0.6701786532295007,0.6701786532295007,0.4,0.4,-0.0688973448516958,0.0439761795693998,-0.024921165282296,f1
barabasi_albert__23d4232072__i02__noisy__t01__p41001,barabasi_albert__23d4232072__i02,barabasi_albert,barabasi_albert__23d4232072,barabasi_albert__23d4232072__i02__noisy__t01,noisy,1034764292,41001,0.728255275347401,0.6788471435923829,0.6356736242884251,0.6356736242884251,0.25,0.25,-0.0494081317550181,-0.0431735193039577,-0.0925816510589758,f1
barabasi_albert__23d4232072__i02__partial__t00__p41000,barabasi_albert__23d4232072__i02,barabasi_albert,barabasi_albert__23d4232072,barabasi_albert__23d4232072__i02__partial__t00,partial,665172751,41000,0.8332506203473946,0.6998556998556998,0.7267552182163188,0.7267552182163188,0.55,0.55,-0.1333949204916947,0.0268995183606189,-0.1064954021310757,f1
barabasi_albert__23d4232072__i02__partial__t00__p41001,barabasi_albert__23d4232072__i02,barabasi_albert,barabasi_albert__23d4232072,barabasi_albert__23d4232072__i02__partial__t00,partial,665172751,41001,0.8125,0.7362637362637363,0.7722960151802657,0.7722960151802657,0.1,0.1,-0.0762362637362636,0.0360322789165293,-0.0402039848197343,f1
barabasi_albert__23d4232072__i02__partial__t01__p41000,barabasi_albert__23d4232072__i02,barabasi_albert,barabasi_albert__23d4232072,barabasi_albert__23d4232072__i02__partial__t01,partial,574149059,41000,0.671875,0.6536796536796536,0.6444444444444444,0.6444444444444444,0.55,0.55,-0.0181953463203463,-0.0092352092352092,-0.0274305555555556,f1
barabasi_albert__23d4232072__i02__partial__t01__p41001,barabasi_albert__23d4232072__i02,barabasi_albert,barabasi_albert__23d4232072,barabasi_albert__23d4232072__i02__partial__t01,partial,574149059,41001,0.7983193277310925,0.7575757575757576,0.7575757575757576,0.7856079404466502,0.0,0.4,-0.0407435701553349,0.0280321828708925,-0.0407435701553349,f1
barabasi_albert__23d4232072__i03__informative__t00__p41000,barabasi_albert__23d4232072__i03,barabasi_albert,barabasi_albert__23d4232072,barabasi_albert__23d4232072__i03__informative__t00,informative,515336294,41000,0.8104431768319438,0.7141548327989007,0.7333333333333334,0.7333333333333334,0.25,0.25,-0.0962883440330431,0.0191785005344327,-0.0771098434986103,f1
barabasi_albert__23d4232072__i03__informative__t00__p41001,barabasi_albert__23d4232072__i03,barabasi_albert,barabasi_albert__23d4232072,barabasi_albert__23d4232072__i03__informative__t00,informative,515336294,41001,0.9142857142857144,0.8330434782608696,0.8525669153137341,0.8525669153137341,0.4,0.4,-0.0812422360248448,0.0195234370528645,-0.0617187989719802,f1
barabasi_albert__23d4232072__i03__informative__t01__p41000,barabasi_albert__23d4232072__i03,barabasi_albert,barabasi_albert__23d4232072,barabasi_albert__23d4232072__i03__informative__t01,informative,1676501539,41000,0.8535947712418301,0.7428571428571429,0.8321678321678322,0.8321678321678322,0.25,0.25,-0.1107376283846872,0.0893106893106893,-0.0214269390739979,f1
barabasi_albert__23d4232072__i03__informative__t01__p41001,barabasi_albert__23d4232072__i03,barabasi_albert,barabasi_albert__23d4232072,barabasi_albert__23d4232072__i03__informative__t01,informative,1676501539,41001,0.916083916083916,0.8509977827050997,0.8509977827050997,0.8509977827050997,0.25,0.25,-0.0650861333788163,0.0,-0.0650861333788163,f1
barabasi_albert__23d4232072__i03__noisy__t00__p41000,barabasi_albert__23d4232072__i03,barabasi_albert,barabasi_albert__23d4232072,barabasi_albert__23d4232072__i03__noisy__t00,noisy,675429997,41000,0.7857142857142857,0.6381374722838138,0.7037037037037037,0.7037037037037037,0.4,0.4,-0.1475768134304719,0.0655662314198899,-0.0820105820105819,f1
barabasi_albert__23d4232072__i03__noisy__t00__p41001,barabasi_albert__23d4232072__i03,barabasi_albert,barabasi_albert__23d4232072,barabasi_albert__23d4232072__i03__noisy__t00,noisy,675429997,41001,0.7333333333333334,0.6643356643356644,0.5529933481152993,0.5529933481152993,0.4,0.4,-0.068997668997669,-0.111342316220365,-0.180339985218034,f1
barabasi_albert__23d4232072__i03__noisy__t01__p41000,barabasi_albert__23d4232072__i03,barabasi_albert,barabasi_albert__23d4232072,barabasi_albert__23d4232072__i03__noisy__t01,noisy,457411226,41000,0.7581310123683005,0.484375,0.4502977553825011,0.4502977553825011,0.4,0.4,-0.2737560123683005,-0.0340772446174988,-0.3078332569857993,f1
barabasi_albert__23d4232072__i03__noisy__t01__p41001,barabasi_albert__23d4232072__i03,barabasi_albert,barabasi_albert__23d4232072,barabasi_albert__23d4232072__i03__noisy__t01,noisy,457411226,41001,0.8525669153137341,0.5804195804195804,0.5343915343915344,0.5343915343915344,0.1,0.1,-0.2721473348941536,-0.046028046028046,-0.3181753809221996,f1
barabasi_albert__23d4232072__i03__partial__t00__p41000,barabasi_albert__23d4232072__i03,barabasi_albert,barabasi_albert__23d4232072,barabasi_albert__23d4232072__i03__partial__t00,partial,1202729983,41000,0.9111111111111112,0.8056680161943319,0.8222222222222222,0.8222222222222222,0.4,0.4,-0.1054430949167791,0.0165542060278902,-0.0888888888888889,f1
barabasi_albert__23d4232072__i03__partial__t00__p41001,barabasi_albert__23d4232072__i03,barabasi_albert,barabasi_albert__23d4232072,barabasi_albert__23d4232072__i03__partial__t00,partial,1202729983,41001,0.9571428571428572,0.8257713248638838,0.7857142857142857,0.7857142857142857,0.4,0.4,-0.1313715322789732,-0.0400570391495981,-0.1714285714285713,f1
barabasi_albert__23d4232072__i03__partial__t01__p41000,barabasi_albert__23d4232072__i03,barabasi_albert,barabasi_albert__23d4232072,barabasi_albert__23d4232072__i03__partial__t01,partial,488759863,41000,0.9142857142857144,0.746031746031746,0.873015873015873,0.873015873015873,0.4,0.4,-0.1682539682539683,0.1269841269841269,-0.0412698412698413,f1
barabasi_albert__23d4232072__i03__partial__t01__p41001,barabasi_albert__23d4232072__i03,barabasi_albert,barabasi_albert__23d4232072,barabasi_albert__23d4232072__i03__partial__t01,partial,488759863,41001,0.9576719576719576,0.8741258741258742,0.9361419068736142,0.9361419068736142,0.4,0.4,-0.0835460835460835,0.06201603274774,-0.0215300507983434,f1
barabasi_albert__23d4232072__i04__informative__t00__p41000,barabasi_albert__23d4232072__i04,barabasi_albert,barabasi_albert__23d4232072,barabasi_albert__23d4232072__i04__informative__t00,informative,929753955,41000,0.9374728614850196,0.8117647058823529,0.8541033434650456,0.8541033434650456,0.4,0.4,-0.1257081556026666,0.0423386375826926,-0.083369518019974,f1
barabasi_albert__23d4232072__i04__informative__t00__p41001,barabasi_albert__23d4232072__i04,barabasi_albert,barabasi_albert__23d4232072,barabasi_albert__23d4232072__i04__informative__t00,informative,929753955,41001,0.9583333333333334,0.8321678321678322,0.9583333333333334,0.9583333333333334,0.55,0.55,-0.1261655011655011,0.1261655011655011,0.0,f1
barabasi_albert__23d4232072__i04__informative__t01__p41000,barabasi_albert__23d4232072__i04,barabasi_albert,barabasi_albert__23d4232072,barabasi_albert__23d4232072__i04__informative__t01,informative,1147883270,41000,0.9790849673202614,0.8104431768319438,0.9582608695652174,0.9582608695652174,0.4,0.4,-0.1686417904883176,0.1478176927332736,-0.020824097755044,f1
barabasi_albert__23d4232072__i04__informative__t01__p41001,barabasi_albert__23d4232072__i04,barabasi_albert,barabasi_albert__23d4232072,barabasi_albert__23d4232072__i04__informative__t01,informative,1147883270,41001,0.9791576204950064,0.893569844789357,0.9368143922773148,0.9368143922773148,0.55,0.55,-0.0855877757056495,0.0432445474879576,-0.0423432282176918,f1
barabasi_albert__23d4232072__i04__noisy__t00__p41000,barabasi_albert__23d4232072__i04,barabasi_albert,barabasi_albert__23d4232072,barabasi_albert__23d4232072__i04__noisy__t00,noisy,1964386852,41000,0.7683194383501536,0.5623100303951367,0.5206252713851498,0.5206252713851498,0.4,0.4,-0.2060094079550168,-0.0416847590099869,-0.2476941669650038,f1
barabasi_albert__23d4232072__i04__noisy__t00__p41001,barabasi_albert__23d4232072__i04,barabasi_albert,barabasi_albert__23d4232072,barabasi_albert__23d4232072__i04__noisy__t00,noisy,1964386852,41001,0.7281045751633988,0.746031746031746,0.6444444444444444,0.6444444444444444,0.1,0.1,0.0179271708683472,-0.1015873015873016,-0.0836601307189544,f1
barabasi_albert__23d4232072__i04__noisy__t01__p41000,barabasi_albert__23d4232072__i04,barabasi_albert,barabasi_albert__23d4232072,barabasi_albert__23d4232072__i04__noisy__t01,noisy,156547364,41000,0.7699346405228757,0.6660869565217391,0.6456795484151108,0.6456795484151108,0.1,0.1,-0.1038476840011366,-0.0204074081066283,-0.1242550921077649,f1
barabasi_albert__23d4232072__i04__noisy__t01__p41001,barabasi_albert__23d4232072__i04,barabasi_albert,barabasi_albert__23d4232072,barabasi_albert__23d4232072__i04__noisy__t01,noisy,156547364,41001,0.7232815964523283,0.6660869565217391,0.7,0.7,0.55,0.55,-0.0571946399305891,0.0339130434782608,-0.0232815964523283,f1
barabasi_albert__23d4232072__i04__partial__t00__p41000,barabasi_albert__23d4232072__i04,barabasi_albert,barabasi_albert__23d4232072,barabasi_albert__23d4232072__i04__partial__t00,partial,346124386,41000,0.7141548327989007,0.6223776223776224,0.6456795484151108,0.6456795484151108,0.55,0.55,-0.0917772104212782,0.0233019260374883,-0.0684752843837899,f1
barabasi_albert__23d4232072__i04__partial__t00__p41001,barabasi_albert__23d4232072__i04,barabasi_albert,barabasi_albert__23d4232072,barabasi_albert__23d4232072__i04__partial__t00,partial,346124386,41001,0.8124185844550587,0.625,0.6419482229047828,0.6419482229047828,0.55,0.55,-0.1874185844550586,0.0169482229047828,-0.1704703615502758,f1
barabasi_albert__23d4232072__i04__partial__t01__p41000,barabasi_albert__23d4232072__i04,barabasi_albert,barabasi_albert__23d4232072,barabasi_albert__23d4232072__i04__partial__t01,partial,613117018,41000,0.8330434782608696,0.7916666666666666,0.7916666666666666,0.7916666666666666,0.1,0.1,-0.0413768115942029,0.0,-0.0413768115942029,f1
barabasi_albert__23d4232072__i04__partial__t01__p41001,barabasi_albert__23d4232072__i04,barabasi_albert,barabasi_albert__23d4232072,barabasi_albert__23d4232072__i04__partial__t01,partial,613117018,41001,0.8525669153137341,0.7290490664350847,0.75,0.75,0.4,0.4,-0.1235178488786493,0.0209509335649152,-0.102566915313734,f1
barabasi_albert__879d260642__i00__informative__t00__p41000,barabasi_albert__879d260642__i00,barabasi_albert,barabasi_albert__879d260642,barabasi_albert__879d260642__i00__informative__t00,informative,1170820639,41000,0.8945054945054944,0.8196457326892109,0.8647887323943662,0.8647887323943662,0.25,0.25,-0.0748597618162835,0.0451429997051552,-0.0297167621111282,f1
barabasi_albert__879d260642__i00__informative__t00__p41001,barabasi_albert__879d260642__i00,barabasi_albert,barabasi_albert__879d260642,barabasi_albert__879d260642__i00__informative__t00,informative,1170820639,41001,0.8417582417582418,0.90625,0.8107042253521126,0.8107042253521126,0.4,0.4,0.0644917582417582,-0.0955457746478873,-0.0310540164061291,f1
barabasi_albert__879d260642__i00__informative__t01__p41000,barabasi_albert__879d260642__i00,barabasi_albert,barabasi_albert__879d260642,barabasi_albert__879d260642__i00__informative__t01,informative,1390156105,41000,0.8711755233494364,0.925887802367473,0.925887802367473,0.8991596638655461,0.0,0.1,0.0547122790180366,-0.0267281385019269,0.0547122790180366,f1
barabasi_albert__879d260642__i00__informative__t01__p41001,barabasi_albert__879d260642__i00,barabasi_albert,barabasi_albert__879d260642,barabasi_albert__879d260642__i00__informative__t01,informative,1390156105,41001,0.9227053140096618,0.9752959341224908,0.8417582417582418,0.8417582417582418,0.1,0.1,0.0525906201128291,-0.1335376923642491,-0.08094707225142,f1
barabasi_albert__879d260642__i00__noisy__t00__p41000,barabasi_albert__879d260642__i00,barabasi_albert,barabasi_albert__879d260642,barabasi_albert__879d260642__i00__noisy__t00,noisy,1840328997,41000,0.6650563607085347,0.6426799007444168,0.7090909090909091,0.7090909090909091,0.25,0.25,-0.0223764599641178,0.0664110083464922,0.0440345483823744,f1
barabasi_albert__879d260642__i00__noisy__t00__p41001,barabasi_albert__879d260642__i00,barabasi_albert,barabasi_albert__879d260642,barabasi_albert__879d260642__i00__noisy__t00,noisy,1840328997,41001,0.7856079404466502,0.6812144212523719,0.7379652605459057,0.7379652605459057,0.55,0.55,-0.1043935191942783,0.0567508392935338,-0.0476426799007444,f1
barabasi_albert__879d260642__i00__noisy__t01__p41000,barabasi_albert__879d260642__i00,barabasi_albert,barabasi_albert__879d260642,barabasi_albert__879d260642__i00__noisy__t01,noisy,2042796033,41000,0.71658615136876,0.5780219780219781,0.5780219780219781,0.5619967793880838,0.0,0.1,-0.1385641733467819,-0.0160251986338942,-0.1385641733467819,f1
barabasi_albert__879d260642__i00__noisy__t01__p41001,barabasi_albert__879d260642__i00,barabasi_albert,barabasi_albert__879d260642,barabasi_albert__879d260642__i00__noisy__t01,noisy,2042796033,41001,0.789010989010989,0.7090909090909091,0.71875,0.71875,0.1,0.1,-0.0799200799200798,0.0096590909090908,-0.0702609890109889,f1
barabasi_albert__879d260642__i00__partial__t00__p41000,barabasi_albert__879d260642__i00,barabasi_albert,barabasi_albert__879d260642,barabasi_albert__879d260642__i00__partial__t00,partial,1548644799,41000,0.7777777777777777,0.6283502084574151,0.6666666666666667,0.6666666666666667,0.4,0.4,-0.1494275693203626,0.0383164582092516,-0.1111111111111109,f1
barabasi_albert__879d260642__i00__partial__t00__p41001,barabasi_albert__879d260642__i00,barabasi_albert,barabasi_albert__879d260642,barabasi_albert__879d260642__i00__partial__t00,partial,1548644799,41001,0.7681159420289855,0.7090909090909091,0.7025352112676057,0.7025352112676057,0.55,0.55,-0.0590250329380763,-0.0065556978233034,-0.0655807307613798,f1
barabasi_albert__879d260642__i00__partial__t01__p41000,barabasi_albert__879d260642__i00,barabasi_albert,barabasi_albert__879d260642,barabasi_albert__879d260642__i00__partial__t01,partial,1085299092,41000,0.8107042253521126,0.7575757575757576,0.806060606060606,0.806060606060606,0.55,0.55,-0.053128467776355,0.0484848484848484,-0.0046436192915065,f1
barabasi_albert__879d260642__i00__partial__t01__p41001,barabasi_albert__879d260642__i00,barabasi_albert,barabasi_albert__879d260642,barabasi_albert__879d260642__i00__partial__t01,partial,1085299092,41001,0.8647887323943662,0.8417582417582418,0.8417582417582418,0.8417582417582418,0.55,0.55,-0.0230304906361243,0.0,-0.0230304906361243,f1
barabasi_albert__879d260642__i01__informative__t00__p41000,barabasi_albert__879d260642__i01,barabasi_albert,barabasi_albert__879d260642,barabasi_albert__879d260642__i01__informative__t00,informative,154990964,41000,0.9142857142857144,0.8117647058823529,0.8117647058823529,0.958041958041958,0.0,0.1,-0.1025210084033614,0.1462772521596052,-0.1025210084033614,f1
barabasi_albert__879d260642__i01__informative__t00__p41001,barabasi_albert__879d260642__i01,barabasi_albert,barabasi_albert__879d260642,barabasi_albert__879d260642__i01__informative__t00,informative,154990964,41001,0.9787139689578714,0.9787139689578714,0.916083916083916,0.916083916083916,0.1,0.1,0.0,-0.0626300528739554,-0.0626300528739554,f1
barabasi_albert__879d260642__i01__informative__t01__p41000,barabasi_albert__879d260642__i01,barabasi_albert,barabasi_albert__879d260642,barabasi_albert__879d260642__i01__informative__t01,informative,2047106324,41000,0.873015873015873,0.8946906537955244,0.8946906537955244,0.873015873015873,0.0,0.4,0.0216747807796513,-0.0216747807796513,0.0216747807796513,f1
barabasi_albert__879d260642__i01__informative__t01__p41001,barabasi_albert__879d260642__i01,barabasi_albert,barabasi_albert__879d260642,barabasi_albert__879d260642__i01__informative__t01,informative,2047106324,41001,0.893569844789357,0.8084257206208425,0.8714285714285714,0.8714285714285714,0.55,0.55,-0.0851441241685144,0.0630028508077289,-0.0221412733607855,f1
barabasi_albert__879d260642__i01__noisy__t00__p41000,barabasi_albert__879d260642__i01,barabasi_albert,barabasi_albert__879d260642,barabasi_albert__879d260642__i01__noisy__t00,noisy,1060017519,41000,0.8222222222222222,0.7267552182163188,0.7267552182163188,0.7267552182163188,0.25,0.25,-0.0954670040059033,0.0,-0.0954670040059033,f1
barabasi_albert__879d260642__i01__noisy__t00__p41001,barabasi_albert__879d260642__i01,barabasi_albert,barabasi_albert__879d260642,barabasi_albert__879d260642__i01__noisy__t00,noisy,1060017519,41001,0.8104431768319438,0.7902097902097902,0.8920377867746289,0.8920377867746289,0.55,0.55,-0.0202333866221535,0.1018279965648386,0.081594609942685,f1
barabasi_albert__879d260642__i01__noisy__t01__p41000,barabasi_albert__879d260642__i01,barabasi_albert,barabasi_albert__879d260642,barabasi_albert__879d260642__i01__noisy__t01,noisy,1692399858,41000,0.873015873015873,0.7141548327989007,0.7883597883597884,0.7883597883597884,0.55,0.55,-0.1588610402169723,0.0742049555608876,-0.0846560846560846,f1
barabasi_albert__879d260642__i01__noisy__t01__p41001,barabasi_albert__879d260642__i01,barabasi_albert,barabasi_albert__879d260642,barabasi_albert__879d260642__i01__noisy__t01,noisy,1692399858,41001,0.8321678321678322,0.6142857142857143,0.8306878306878307,0.8306878306878307,0.55,0.55,-0.2178821178821178,0.2164021164021163,-0.0014800014800014,f1
barabasi_albert__879d260642__i01__partial__t00__p41000,barabasi_albert__879d260642__i01,barabasi_albert,barabasi_albert__879d260642,barabasi_albert__879d260642__i01__partial__t00,partial,2054939745,41000,0.8488529014844803,0.8084257206208425,0.8509977827050997,0.8509977827050997,0.55,0.55,-0.0404271808636378,0.0425720620842572,0.0021448812206193,f1
barabasi_albert__879d260642__i01__partial__t00__p41001,barabasi_albert__879d260642__i01,barabasi_albert,barabasi_albert__879d260642,barabasi_albert__879d260642__i01__partial__t00,partial,2054939745,41001,0.9571428571428572,0.8117647058823529,0.8117647058823529,0.8306878306878307,0.0,0.4,-0.1453781512605041,0.0189231248054777,-0.1453781512605041,f1
barabasi_albert__879d260642__i01__partial__t01__p41000,barabasi_albert__879d260642__i01,barabasi_albert,barabasi_albert__879d260642,barabasi_albert__879d260642__i01__partial__t01,partial,1854293547,41000,0.8117647058823529,0.7495652173913043,0.8104431768319438,0.8104431768319438,0.55,0.55,-0.0621994884910486,0.0608779594406394,-0.0013215290504091,f1
barabasi_albert__879d260642__i01__partial__t01__p41001,barabasi_albert__879d260642__i01,barabasi_albert,barabasi_albert__879d260642,barabasi_albert__879d260642__i01__partial__t01,partial,1854293547,41001,0.873015873015873,0.7683194383501536,0.8306878306878307,0.8306878306878307,0.4,0.4,-0.1046964346657194,0.0623683923376771,-0.0423280423280423,f1
barabasi_albert__879d260642__i02__informative__t00__p41000,barabasi_albert__879d260642__i02,barabasi_albert,barabasi_albert__879d260642,barabasi_albert__879d260642__i02__informative__t00,informative,1410695682,41000,0.9372549019607844,0.8741258741258742,0.8741258741258742,0.8741258741258742,0.4,0.4,-0.0631290278349101,0.0,-0.0631290278349101,f1
barabasi_albert__879d260642__i02__informative__t00__p41001,barabasi_albert__879d260642__i02,barabasi_albert,barabasi_albert__879d260642,barabasi_albert__879d260642__i02__informative__t00,informative,1410695682,41001,0.875,0.8321678321678322,0.8321678321678322,0.8747826086956522,0.0,0.1,-0.0428321678321678,0.0426147765278199,-0.0428321678321678,f1
barabasi_albert__879d260642__i02__informative__t01__p41000,barabasi_albert__879d260642__i02,barabasi_albert,barabasi_albert__879d260642,barabasi_albert__879d260642__i02__informative__t01,informative,2132663551,41000,0.8946906537955244,0.8541033434650456,0.8333333333333334,0.8333333333333334,0.25,0.25,-0.0405873103304788,-0.0207700101317122,-0.061357320462191,f1
barabasi_albert__879d260642__i02__informative__t01__p41001,barabasi_albert__879d260642__i02,barabasi_albert,barabasi_albert__879d260642,barabasi_albert__879d260642__i02__informative__t01,informative,2132663551,41001,0.9372549019607844,0.8509977827050997,0.8741258741258742,0.8741258741258742,0.55,0.55,-0.0862571192556845,0.0231280914207744,-0.0631290278349101,f1
barabasi_albert__879d260642__i02__noisy__t00__p41000,barabasi_albert__879d260642__i02,barabasi_albert,barabasi_albert__879d260642,barabasi_albert__879d260642__i02__noisy__t00,noisy,87679622,41000,0.8306878306878307,0.7658536585365854,0.8104431768319438,0.8104431768319438,0.55,0.55,-0.0648341721512453,0.0445895182953584,-0.0202446538558869,f1
barabasi_albert__879d260642__i02__noisy__t00__p41001,barabasi_albert__879d260642__i02,barabasi_albert,barabasi_albert__879d260642,barabasi_albert__879d260642__i02__noisy__t00,noisy,87679622,41001,0.9153439153439152,0.8306878306878307,0.75,0.75,0.55,0.55,-0.0846560846560846,-0.0806878306878307,-0.1653439153439153,f1
barabasi_albert__879d260642__i02__noisy__t01__p41000,barabasi_albert__879d260642__i02,barabasi_albert,barabasi_albert__879d260642,barabasi_albert__879d260642__i02__noisy__t01,noisy,894581023,41000,0.8541033434650456,0.7883597883597884,0.7261956998683634,0.7261956998683634,0.25,0.25,-0.0657435551052572,-0.0621640884914249,-0.1279076435966821,f1
barabasi_albert__879d260642__i02__noisy__t01__p41001,barabasi_albert__879d260642__i02,barabasi_albert,barabasi_albert__879d260642,barabasi_albert__879d260642__i02__noisy__t01,noisy,894581023,41001,0.8285714285714285,0.6223776223776224,0.6444444444444444,0.6444444444444444,0.55,0.55,-0.2061938061938061,0.0220668220668219,-0.1841269841269841,f1
barabasi_albert__879d260642__i02__partial__t00__p41000,barabasi_albert__879d260642__i02,barabasi_albert,barabasi_albert__879d260642,barabasi_albert__879d260642__i02__partial__t00,partial,1624237847,41000,0.8741258741258742,0.8535947712418301,0.8535947712418301,0.8535947712418301,0.55,0.55,-0.020531102884044,0.0,-0.020531102884044,f1
barabasi_albert__879d260642__i02__partial__t00__p41001,barabasi_albert__879d260642__i02,barabasi_albert,barabasi_albert__879d260642,barabasi_albert__879d260642__i02__partial__t00,partial,1624237847,41001,0.8124185844550587,0.791304347826087,0.8333333333333334,0.8333333333333334,0.25,0.25,-0.0211142366289716,0.0420289855072463,0.0209147488782747,f1
barabasi_albert__879d260642__i02__partial__t01__p41000,barabasi_albert__879d260642__i02,barabasi_albert,barabasi_albert__879d260642,barabasi_albert__879d260642__i02__partial__t01,partial,2070188381,41000,0.8285714285714285,0.7902097902097902,0.791304347826087,0.791304347826087,0.55,0.55,-0.0383616383616383,0.0010945576162968,-0.0372670807453414,f1
barabasi_albert__879d260642__i02__partial__t01__p41001,barabasi_albert__879d260642__i02,barabasi_albert,barabasi_albert__879d260642,barabasi_albert__879d260642__i02__partial__t01,partial,2070188381,41001,0.8541033434650456,0.7699346405228757,0.8535947712418301,0.8535947712418301,0.55,0.55,-0.0841687029421698,0.0836601307189544,-0.0005085722232154,f1
barabasi_albert__879d260642__i03__informative__t00__p41000,barabasi_albert__879d260642__i03,barabasi_albert,barabasi_albert__879d260642,barabasi_albert__879d260642__i03__informative__t00,informative,726352824,41000,0.9544592030360532,0.9775175644028102,1.0,1.0,0.55,0.55,0.023058361366757,0.0224824355971897,0.0455407969639468,f1
barabasi_albert__879d260642__i03__informative__t00__p41001,barabasi_albert__879d260642__i03,barabasi_albert,barabasi_albert__879d260642,barabasi_albert__879d260642__i03__informative__t00,informative,726352824,41001,0.9775175644028102,0.912885662431942,0.9307359307359306,0.9307359307359306,0.55,0.55,-0.0646319019708683,0.0178502683039887,-0.0467816336668795,f1
barabasi_albert__879d260642__i03__informative__t01__p41000,barabasi_albert__879d260642__i03,barabasi_albert,barabasi_albert__879d260642,barabasi_albert__879d260642__i03__informative__t01,informative,1781944702,41000,0.9544592030360532,0.9555555555555556,0.9555555555555556,0.9775175644028102,0.0,0.4,0.0010963525195023,0.0219620088472547,0.0010963525195023,f1
barabasi_albert__879d260642__i03__informative__t01__p41001,barabasi_albert__879d260642__i03,barabasi_albert,barabasi_albert__879d260642,barabasi_albert__879d260642__i03__informative__t01,informative,1781944702,41001,0.9325526932084308,0.8633776091081593,0.8633776091081593,0.9111111111111112,0.0,0.1,-0.0691750841002716,0.0477335020029517,-0.0691750841002716,f1
barabasi_albert__879d260642__i03__noisy__t00__p41000,barabasi_albert__879d260642__i03,barabasi_albert,barabasi_albert__879d260642,barabasi_albert__879d260642__i03__noisy__t00,noisy,1087514927,41000,0.8332506203473946,0.7581310123683005,0.6835164835164835,0.6835164835164835,0.55,0.55,-0.0751196079790941,-0.0746145288518169,-0.149734136830911,f1
barabasi_albert__879d260642__i03__noisy__t00__p41001,barabasi_albert__879d260642__i03,barabasi_albert,barabasi_albert__879d260642,barabasi_albert__879d260642__i03__noisy__t00,noisy,1087514927,41001,0.8178368121442126,0.578125,0.6536796536796536,0.6536796536796536,0.1,0.1,-0.2397118121442125,0.0755546536796536,-0.1641571584645589,f1
barabasi_albert__879d260642__i03__noisy__t01__p41000,barabasi_albert__879d260642__i03,barabasi_albert,barabasi_albert__879d260642,barabasi_albert__879d260642__i03__noisy__t01,noisy,207548435,41000,0.8808933002481389,0.7722960151802657,0.7922077922077921,0.7922077922077921,0.4,0.4,-0.1085972850678732,0.0199117770275264,-0.0886855080403468,f1
barabasi_albert__879d260642__i03__noisy__t01__p41001,barabasi_albert__879d260642__i03,barabasi_albert,barabasi_albert__879d260642,barabasi_albert__879d260642__i03__noisy__t01,noisy,207548435,41001,0.8178368121442126,0.7777777777777778,0.765625,0.765625,0.25,0.25,-0.0400590343664347,-0.0121527777777777,-0.0522118121442125,f1
barabasi_albert__879d260642__i03__partial__t00__p41000,barabasi_albert__879d260642__i03,barabasi_albert,barabasi_albert__879d260642,barabasi_albert__879d260642__i03__partial__t00,partial,1546642904,41000,0.8332506203473946,0.728255275347401,0.8125,0.8125,0.25,0.25,-0.1049953449999936,0.084244724652599,-0.0207506203473946,f1
barabasi_albert__879d260642__i03__partial__t00__p41001,barabasi_albert__879d260642__i03,barabasi_albert,barabasi_albert__879d260642,barabasi_albert__879d260642__i03__partial__t00,partial,1546642904,41001,0.90625,0.8426229508196721,0.8178368121442126,0.8178368121442126,0.4,0.4,-0.0636270491803279,-0.0247861386754595,-0.0884131878557874,f1
barabasi_albert__879d260642__i03__partial__t01__p41000,barabasi_albert__879d260642__i03,barabasi_albert,barabasi_albert__879d260642,barabasi_albert__879d260642__i03__partial__t01,partial,354657866,41000,0.8545454545454545,0.728255275347401,0.8178368121442126,0.8178368121442126,0.55,0.55,-0.1262901791980535,0.0895815367968115,-0.0367086424012419,f1
barabasi_albert__879d260642__i03__partial__t01__p41001,barabasi_albert__879d260642__i03,barabasi_albert,barabasi_albert__879d260642,barabasi_albert__879d260642__i03__partial__t01,partial,354657866,41001,0.90625,0.8332506203473946,0.90625,0.90625,0.4,0.4,-0.0729993796526053,0.0729993796526053,0.0,f1
barabasi_albert__879d260642__i04__informative__t00__p41000,barabasi_albert__879d260642__i04,barabasi_albert,barabasi_albert__879d260642,barabasi_albert__879d260642__i04__informative__t00,informative,1809836416,41000,0.9142346634901728,0.9188732394366196,0.9188732394366196,0.9188732394366196,0.0,0.1,0.004638575946447,0.0,0.004638575946447,f1
barabasi_albert__879d260642__i04__informative__t00__p41001,barabasi_albert__879d260642__i04,barabasi_albert,barabasi_albert__879d260642,barabasi_albert__879d260642__i04__informative__t00,informative,1809836416,41001,0.941031941031941,0.9085714285714286,0.8820638820638821,0.8820638820638821,0.1,0.1,-0.0324605124605124,-0.0265075465075464,-0.0589680589680589,f1
barabasi_albert__879d260642__i04__informative__t01__p41000,barabasi_albert__879d260642__i04,barabasi_albert,barabasi_albert__879d260642,barabasi_albert__879d260642__i04__informative__t01,informative,872935115,41000,0.8736842105263158,0.8230958230958232,0.8230958230958232,0.8736842105263158,0.0,0.55,-0.0505883874304926,0.0505883874304926,-0.0505883874304926,f1
barabasi_albert__879d260642__i04__informative__t01__p41001,barabasi_albert__879d260642__i04,barabasi_albert,barabasi_albert__879d260642,barabasi_albert__879d260642__i04__informative__t01,informative,872935115,41001,0.9142346634901728,0.8476190476190476,0.8476190476190476,0.9085714285714286,0.0,0.4,-0.066615615871125,0.0609523809523809,-0.066615615871125,f1
barabasi_albert__879d260642__i04__noisy__t00__p41000,barabasi_albert__879d260642__i04,barabasi_albert,barabasi_albert__879d260642,barabasi_albert__879d260642__i04__noisy__t00,noisy,1348243516,41000,0.7,0.6390977443609023,0.7641277641277642,0.7641277641277642,0.55,0.55,-0.0609022556390976,0.1250300197668619,0.0641277641277642,f1
barabasi_albert__879d260642__i04__noisy__t00__p41001,barabasi_albert__879d260642__i04,barabasi_albert,barabasi_albert__879d260642,barabasi_albert__879d260642__i04__noisy__t00,noisy,1348243516,41001,0.8476190476190476,0.7866666666666666,0.7866666666666666,0.7866666666666666,0.4,0.4,-0.0609523809523809,0.0,-0.0609523809523809,f1
barabasi_albert__879d260642__i04__noisy__t01__p41000,barabasi_albert__879d260642__i04,barabasi_albert,barabasi_albert__879d260642,barabasi_albert__879d260642__i04__noisy__t01,noisy,584443155,41000,0.770334928229665,0.5800308800823469,0.6666666666666667,0.6666666666666667,0.4,0.4,-0.190304048147318,0.0866357865843198,-0.1036682615629982,f1
barabasi_albert__879d260642__i04__noisy__t01__p41001,barabasi_albert__879d260642__i04,barabasi_albert,barabasi_albert__879d260642,barabasi_albert__879d260642__i04__noisy__t01,noisy,584443155,41001,0.8196457326892109,0.6647619047619048,0.6647619047619048,0.6038095238095238,0.0,0.1,-0.1548838279273061,-0.0609523809523809,-0.1548838279273061,f1
barabasi_albert__879d260642__i04__partial__t00__p41000,barabasi_albert__879d260642__i04,barabasi_albert,barabasi_albert__879d260642,barabasi_albert__879d260642__i04__partial__t00,partial,1133481117,41000,0.7473684210526316,0.6581196581196581,0.8570577724836212,0.8570577724836212,0.55,0.55,-0.0892487629329734,0.1989381143639631,0.1096893514309896,f1
barabasi_albert__879d260642__i04__partial__t00__p41001,barabasi_albert__879d260642__i04,barabasi_albert,barabasi_albert__879d260642,barabasi_albert__879d260642__i04__partial__t00,partial,1133481117,41001,0.8820638820638821,0.5654320987654321,0.7777777777777777,0.7777777777777777,0.4,0.4,-0.31663178329845,0.2123456790123455,-0.1042861042861044,f1
barabasi_albert__879d260642__i04__partial__t01__p41000,barabasi_albert__879d260642__i04,barabasi_albert,barabasi_albert__879d260642,barabasi_albert__879d260642__i04__partial__t01,partial,832063161,41000,0.7948717948717949,0.6842105263157895,0.7047163362952836,0.7047163362952836,0.4,0.4,-0.1106612685560054,0.0205058099794941,-0.0901554585765113,f1
barabasi_albert__879d260642__i04__partial__t01__p41001,barabasi_albert__879d260642__i04,barabasi_albert,barabasi_albert__879d260642,barabasi_albert__879d260642__i04__partial__t01,partial,832063161,41001,0.8417582417582418,0.7264957264957266,0.8820638820638821,0.8820638820638821,0.55,0.55,-0.1152625152625151,0.1555681555681555,0.0403056403056403,f1
barabasi_albert__d49d1bf99a__i00__informative__t00__p41000,barabasi_albert__d49d1bf99a__i00,barabasi_albert,barabasi_albert__d49d1bf99a,barabasi_albert__d49d1bf99a__i00__informative__t00,informative,2092482575,41000,0.9555555555555556,0.8460833715071003,0.8460833715071003,0.8460833715071003,0.0,0.1,-0.1094721840484551,0.0,-0.1094721840484551,f1
barabasi_albert__d49d1bf99a__i00__informative__t00__p41001,barabasi_albert__d49d1bf99a__i00,barabasi_albert,barabasi_albert__d49d1bf99a,barabasi_albert__d49d1bf99a__i00__informative__t00,informative,2092482575,41001,0.9784075573549258,0.912885662431942,0.956442831215971,0.956442831215971,0.1,0.1,-0.0655218949229838,0.043557168784029,-0.0219647261389548,f1
barabasi_albert__d49d1bf99a__i00__informative__t01__p41000,barabasi_albert__d49d1bf99a__i00,barabasi_albert,barabasi_albert__d49d1bf99a,barabasi_albert__d49d1bf99a__i00__informative__t01,informative,1504271041,41000,0.9111111111111112,0.7777777777777778,0.8920377867746289,0.8920377867746289,0.4,0.4,-0.1333333333333333,0.114260008996851,-0.0190733243364822,f1
barabasi_albert__d49d1bf99a__i00__informative__t01__p41001,barabasi_albert__d49d1bf99a__i00,barabasi_albert,barabasi_albert__d49d1bf99a,barabasi_albert__d49d1bf99a__i00__informative__t01,informative,1504271041,41001,0.9784075573549258,0.9089184060721064,0.9361419068736142,0.9361419068736142,0.4,0.4,-0.0694891512828195,0.0272235008015079,-0.0422656504813115,f1
barabasi_albert__d49d1bf99a__i00__noisy__t00__p41000,barabasi_albert__d49d1bf99a__i00,barabasi_albert,barabasi_albert__d49d1bf99a,barabasi_albert__d49d1bf99a__i00__noisy__t00,noisy,1291460218,41000,0.8488529014844803,0.6888888888888889,0.8178368121442126,0.8178368121442126,0.25,0.25,-0.1599640125955914,0.1289479232553236,-0.0310160893402677,f1
barabasi_albert__d49d1bf99a__i00__noisy__t00__p41001,barabasi_albert__d49d1bf99a__i00,barabasi_albert,barabasi_albert__d49d1bf99a,barabasi_albert__d49d1bf99a__i00__noisy__t00,noisy,1291460218,41001,0.7658536585365854,0.7037037037037037,0.7037037037037037,0.8021071919377004,0.0,0.25,-0.0621499548328816,0.0984034882339967,-0.0621499548328816,f1
barabasi_albert__d49d1bf99a__i00__noisy__t01__p41000,barabasi_albert__d49d1bf99a__i00,barabasi_albert,barabasi_albert__d49d1bf99a,barabasi_albert__d49d1bf99a__i00__noisy__t01,noisy,1035607787,41000,0.8488529014844803,0.7856079404466502,0.8222222222222222,0.8222222222222222,0.55,0.55,-0.0632449610378301,0.036614281775572,-0.0266306792622581,f1
barabasi_albert__d49d1bf99a__i00__noisy__t01__p41001,barabasi_albert__d49d1bf99a__i00,barabasi_albert,barabasi_albert__d49d1bf99a,barabasi_albert__d49d1bf99a__i00__noisy__t01,noisy,1035607787,41001,0.7777777777777778,0.7976580796252928,0.8222222222222222,0.8222222222222222,0.55,0.55,0.0198803018475149,0.0245641425969294,0.0444444444444444,f1
barabasi_albert__d49d1bf99a__i00__partial__t00__p41000,barabasi_albert__d49d1bf99a__i00,barabasi_albert,barabasi_albert__d49d1bf99a,barabasi_albert__d49d1bf99a__i00__partial__t00,partial,899388718,41000,0.8875878220140515,0.746031746031746,0.7624831309041835,0.7624831309041835,0.25,0.25,-0.1415560759823054,0.0164513848724374,-0.125104691109868,f1
barabasi_albert__d49d1bf99a__i00__partial__t00__p41001,barabasi_albert__d49d1bf99a__i00,barabasi_albert,barabasi_albert__d49d1bf99a,barabasi_albert__d49d1bf99a__i00__partial__t00,partial,899388718,41001,0.8920377867746289,0.893569844789357,0.8920377867746289,0.8920377867746289,0.4,0.4,0.0015320580147281,-0.0015320580147281,0.0,f1
barabasi_albert__d49d1bf99a__i00__partial__t01__p41000,barabasi_albert__d49d1bf99a__i00,barabasi_albert,barabasi_albert__d49d1bf99a,barabasi_albert__d49d1bf99a__i00__partial__t01,partial,783012298,41000,0.8693284936479129,0.7777777777777778,0.8285714285714285,0.8285714285714285,0.4,0.4,-0.091550715870135,0.0507936507936507,-0.0407570650764843,f1
barabasi_albert__d49d1bf99a__i00__partial__t01__p41001,barabasi_albert__d49d1bf99a__i00,barabasi_albert,barabasi_albert__d49d1bf99a,barabasi_albert__d49d1bf99a__i00__partial__t01,partial,783012298,41001,0.8714285714285714,0.7777777777777778,0.8900595510765003,0.8900595510765003,0.55,0.55,-0.0936507936507936,0.1122817732987224,0.0186309796479288,f1
barabasi_albert__d49d1bf99a__i01__informative__t00__p41000,barabasi_albert__d49d1bf99a__i01,barabasi_albert,barabasi_albert__d49d1bf99a,barabasi_albert__d49d1bf99a__i01__informative__t00,informative,1274187673,41000,1.0,0.7767441860465116,0.7767441860465116,0.8636363636363636,0.0,0.1,-0.2232558139534883,0.086892177589852,-0.2232558139534883,f1
barabasi_albert__d49d1bf99a__i01__informative__t00__p41001,barabasi_albert__d49d1bf99a__i01,barabasi_albert,barabasi_albert__d49d1bf99a,barabasi_albert__d49d1bf99a__i01__informative__t00,informative,1274187673,41001,0.9386973180076628,0.768860353130016,0.8160919540229885,0.8160919540229885,0.1,0.1,-0.1698369648776467,0.0472316008929725,-0.1226053639846742,f1
barabasi_albert__d49d1bf99a__i01__informative__t01__p41000,barabasi_albert__d49d1bf99a__i01,barabasi_albert,barabasi_albert__d49d1bf99a,barabasi_albert__d49d1bf99a__i01__informative__t01,informative,1742018113,41000,0.8636363636363636,0.8459893048128342,0.8459893048128342,0.7433155080213903,0.0,0.1,-0.0176470588235294,-0.1026737967914438,-0.0176470588235294,f1
barabasi_albert__d49d1bf99a__i01__informative__t01__p41001,barabasi_albert__d49d1bf99a__i01,barabasi_albert,barabasi_albert__d49d1bf99a,barabasi_albert__d49d1bf99a__i01__informative__t01,informative,1742018113,41001,1.0,0.8636363636363636,0.7767441860465116,0.7767441860465116,0.4,0.4,-0.1363636363636363,-0.086892177589852,-0.2232558139534883,f1
barabasi_albert__d49d1bf99a__i01__noisy__t00__p41000,barabasi_albert__d49d1bf99a__i01,barabasi_albert,barabasi_albert__d49d1bf99a,barabasi_albert__d49d1bf99a__i01__noisy__t00,noisy,1698098577,41000,0.7272727272727273,0.4545454545454545,0.6444444444444445,0.6444444444444445,0.25,0.25,-0.2727272727272727,0.1898989898989899,-0.0828282828282828,f1
barabasi_albert__d49d1bf99a__i01__noisy__t00__p41001,barabasi_albert__d49d1bf99a__i01,barabasi_albert,barabasi_albert__d49d1bf99a,barabasi_albert__d49d1bf99a__i01__noisy__t00,noisy,1698098577,41001,0.768860353130016,0.6147672552166934,0.6444444444444445,0.6444444444444445,0.1,0.1,-0.1540930979133226,0.029677189227751,-0.1244159086855715,f1
barabasi_albert__d49d1bf99a__i01__noisy__t01__p41000,barabasi_albert__d49d1bf99a__i01,barabasi_albert,barabasi_albert__d49d1bf99a,barabasi_albert__d49d1bf99a__i01__noisy__t01,noisy,286827003,41000,0.768860353130016,0.6147672552166934,0.4666666666666667,0.4666666666666667,0.1,0.1,-0.1540930979133226,-0.1481005885500267,-0.3021936864633493,f1
barabasi_albert__d49d1bf99a__i01__noisy__t01__p41001,barabasi_albert__d49d1bf99a__i01,barabasi_albert,barabasi_albert__d49d1bf99a,barabasi_albert__d49d1bf99a__i01__noisy__t01,noisy,286827003,41001,0.6406417112299465,0.6651162790697674,0.6651162790697674,0.6651162790697674,0.0,0.1,0.0244745678398209,0.0,0.0244745678398209,f1
barabasi_albert__d49d1bf99a__i01__partial__t00__p41000,barabasi_albert__d49d1bf99a__i01,barabasi_albert,barabasi_albert__d49d1bf99a,barabasi_albert__d49d1bf99a__i01__partial__t00,partial,1782052134,41000,0.768860353130016,0.4606741573033708,0.7272727272727273,0.7272727272727273,0.55,0.55,-0.3081861958266452,0.2665985699693565,-0.0415876258572887,f1
barabasi_albert__d49d1bf99a__i01__partial__t00__p41001,barabasi_albert__d49d1bf99a__i01,barabasi_albert,barabasi_albert__d49d1bf99a,barabasi_albert__d49d1bf99a__i01__partial__t00,partial,1782052134,41001,0.6934865900383141,0.768860353130016,0.8160919540229885,0.8160919540229885,0.4,0.4,0.0753737630917018,0.0472316008929725,0.1226053639846743,f1
barabasi_albert__d49d1bf99a__i01__partial__t01__p41000,barabasi_albert__d49d1bf99a__i01,barabasi_albert,barabasi_albert__d49d1bf99a,barabasi_albert__d49d1bf99a__i01__partial__t01,partial,419030990,41000,0.9386973180076628,0.6886005560704356,0.7775718257645969,0.7775718257645969,0.25,0.25,-0.2500967619372272,0.0889712696941613,-0.1611254922430658,f1
barabasi_albert__d49d1bf99a__i01__partial__t01__p41001,barabasi_albert__d49d1bf99a__i01,barabasi_albert,barabasi_albert__d49d1bf99a,barabasi_albert__d49d1bf99a__i01__partial__t01,partial,419030990,41001,0.8459893048128342,0.8636363636363636,0.8883720930232558,0.8883720930232558,0.25,0.25,0.0176470588235294,0.0247357293868921,0.0423827882104216,f1
barabasi_albert__d49d1bf99a__i02__informative__t00__p41000,barabasi_albert__d49d1bf99a__i02,barabasi_albert,barabasi_albert__d49d1bf99a,barabasi_albert__d49d1bf99a__i02__informative__t00,informative,133608774,41000,0.925887802367473,0.8808933002481389,0.9285359801488834,0.9285359801488834,0.1,0.1,-0.044994502119334,0.0476426799007444,0.0026481777814103,f1
barabasi_albert__d49d1bf99a__i02__informative__t00__p41001,barabasi_albert__d49d1bf99a__i02,barabasi_albert,barabasi_albert__d49d1bf99a,barabasi_albert__d49d1bf99a__i02__informative__t00,informative,133608774,41001,0.8945054945054944,0.9227053140096618,0.8647887323943662,0.8647887323943662,0.25,0.25,0.0281998195041673,-0.0579165816152956,-0.0297167621111282,f1
barabasi_albert__d49d1bf99a__i02__informative__t01__p41000,barabasi_albert__d49d1bf99a__i02,barabasi_albert,barabasi_albert__d49d1bf99a,barabasi_albert__d49d1bf99a__i02__informative__t01,informative,681380480,41000,0.9285359801488834,0.806060606060606,0.90625,0.90625,0.25,0.25,-0.1224753740882773,0.1001893939393939,-0.0222859801488833,f1
barabasi_albert__d49d1bf99a__i02__informative__t01__p41001,barabasi_albert__d49d1bf99a__i02,barabasi_albert,barabasi_albert__d49d1bf99a,barabasi_albert__d49d1bf99a__i02__informative__t01,informative,681380480,41001,0.8417582417582418,0.9030303030303032,0.8764796706124549,0.8764796706124549,0.55,0.55,0.0612720612720613,-0.0265506324178481,0.0347214288542131,f1
barabasi_albert__d49d1bf99a__i02__noisy__t00__p41000,barabasi_albert__d49d1bf99a__i02,barabasi_albert,barabasi_albert__d49d1bf99a,barabasi_albert__d49d1bf99a__i02__noisy__t00,noisy,484477805,41000,0.7362637362637363,0.7362637362637363,0.7362637362637363,0.6111111111111112,0.0,0.55,0.0,-0.1251526251526251,0.0,f1
barabasi_albert__d49d1bf99a__i02__noisy__t00__p41001,barabasi_albert__d49d1bf99a__i02,barabasi_albert,barabasi_albert__d49d1bf99a,barabasi_albert__d49d1bf99a__i02__noisy__t00,noisy,484477805,41001,0.6835164835164835,0.4997518610421836,0.484375,0.484375,0.25,0.25,-0.1837646224742999,-0.0153768610421836,-0.1991414835164835,f1
barabasi_albert__d49d1bf99a__i02__noisy__t01__p41000,barabasi_albert__d49d1bf99a__i02,barabasi_albert,barabasi_albert__d49d1bf99a,barabasi_albert__d49d1bf99a__i02__noisy__t01,noisy,1373535169,41000,0.71658615136876,0.6484507042253521,0.6835164835164835,0.6835164835164835,0.25,0.25,-0.0681354471434079,0.0350657792911314,-0.0330696678522764,f1
barabasi_albert__d49d1bf99a__i02__noisy__t01__p41001,barabasi_albert__d49d1bf99a__i02,barabasi_albert,barabasi_albert__d49d1bf99a,barabasi_albert__d49d1bf99a__i02__noisy__t01,noisy,1373535169,41001,0.827071538857437,0.6666666666666667,0.6666666666666667,0.6666666666666667,0.1,0.1,-0.1604048721907702,0.0,-0.1604048721907702,f1
barabasi_albert__d49d1bf99a__i02__partial__t00__p41000,barabasi_albert__d49d1bf99a__i02,barabasi_albert,barabasi_albert__d49d1bf99a,barabasi_albert__d49d1bf99a__i02__partial__t00,partial,128583043,41000,0.728255275347401,0.5734791524265208,0.6461916461916462,0.6461916461916462,0.4,0.4,-0.1547761229208801,0.0727124937651253,-0.0820636291557548,f1
barabasi_albert__d49d1bf99a__i02__partial__t00__p41001,barabasi_albert__d49d1bf99a__i02,barabasi_albert,barabasi_albert__d49d1bf99a,barabasi_albert__d49d1bf99a__i02__partial__t00,partial,128583043,41001,0.8333333333333333,0.7427039904705182,0.7051597051597052,0.7051597051597052,0.4,0.4,-0.0906293428628151,-0.037544285310813,-0.1281736281736281,f1
barabasi_albert__d49d1bf99a__i02__partial__t01__p41000,barabasi_albert__d49d1bf99a__i02,barabasi_albert,barabasi_albert__d49d1bf99a,barabasi_albert__d49d1bf99a__i02__partial__t01,partial,1321069152,41000,0.7722960151802657,0.671875,0.7379652605459057,0.7379652605459057,0.55,0.55,-0.1004210151802657,0.0660902605459057,-0.0343307546343599,f1
barabasi_albert__d49d1bf99a__i02__partial__t01__p41001,barabasi_albert__d49d1bf99a__i02,barabasi_albert,barabasi_albert__d49d1bf99a,barabasi_albert__d49d1bf99a__i02__partial__t01,partial,1321069152,41001,0.6390977443609023,0.5282555282555282,0.7025352112676057,0.7025352112676057,0.55,0.55,-0.110842216105374,0.1742796830120774,0.0634374669067033,f1
barabasi_albert__d49d1bf99a__i03__informative__t00__p41000,barabasi_albert__d49d1bf99a__i03,barabasi_albert,barabasi_albert__d49d1bf99a,barabasi_albert__d49d1bf99a__i03__informative__t00,informative,1456370041,41000,0.9361419068736142,0.8084257206208425,0.8104431768319438,0.8104431768319438,0.1,0.1,-0.1277161862527717,0.0020174562111012,-0.1256987300416704,f1
barabasi_albert__d49d1bf99a__i03__informative__t00__p41001,barabasi_albert__d49d1bf99a__i03,barabasi_albert,barabasi_albert__d49d1bf99a,barabasi_albert__d49d1bf99a__i03__informative__t00,informative,1456370041,41001,0.912885662431942,0.893569844789357,0.9142857142857144,0.9142857142857144,0.55,0.55,-0.0193158176425849,0.0207158694963573,0.0014000518537724,f1
barabasi_albert__d49d1bf99a__i03__informative__t01__p41000,barabasi_albert__d49d1bf99a__i03,barabasi_albert,barabasi_albert__d49d1bf99a,barabasi_albert__d49d1bf99a__i03__informative__t01,informative,1911183191,41000,0.9368143922773148,0.8285714285714285,0.8946906537955244,0.8946906537955244,0.25,0.25,-0.1082429637058861,0.0661192252240958,-0.0421237384817902,f1
barabasi_albert__d49d1bf99a__i03__informative__t01__p41001,barabasi_albert__d49d1bf99a__i03,barabasi_albert,barabasi_albert__d49d1bf99a,barabasi_albert__d49d1bf99a__i03__informative__t01,informative,1911183191,41001,0.873015873015873,0.8306878306878307,0.7699346405228757,0.7699346405228757,0.25,0.25,-0.0423280423280423,-0.0607531901649549,-0.1030812324929972,f1
barabasi_albert__d49d1bf99a__i03__noisy__t00__p41000,barabasi_albert__d49d1bf99a__i03,barabasi_albert,barabasi_albert__d49d1bf99a,barabasi_albert__d49d1bf99a__i03__noisy__t00,noisy,1140627464,41000,0.7581310123683005,0.6840719613865731,0.6613756613756614,0.6613756613756614,0.4,0.4,-0.0740590509817273,-0.0226963000109117,-0.0967553509926391,f1
barabasi_albert__d49d1bf99a__i03__noisy__t00__p41001,barabasi_albert__d49d1bf99a__i03,barabasi_albert,barabasi_albert__d49d1bf99a,barabasi_albert__d49d1bf99a__i03__noisy__t00,noisy,1140627464,41001,0.8285714285714285,0.5577007459412022,0.6243478260869566,0.6243478260869566,0.55,0.55,-0.2708706826302263,0.0666470801457543,-0.2042236024844719,f1
barabasi_albert__d49d1bf99a__i03__noisy__t01__p41000,barabasi_albert__d49d1bf99a__i03,barabasi_albert,barabasi_albert__d49d1bf99a,barabasi_albert__d49d1bf99a__i03__noisy__t01,noisy,339278371,41000,0.8741258741258742,0.6419482229047828,0.7482517482517483,0.7482517482517483,0.55,0.55,-0.2321776512210913,0.1063035253469655,-0.1258741258741258,f1
barabasi_albert__d49d1bf99a__i03__noisy__t01__p41001,barabasi_albert__d49d1bf99a__i03,barabasi_albert,barabasi_albert__d49d1bf99a,barabasi_albert__d49d1bf99a__i03__noisy__t01,noisy,339278371,41001,0.8285714285714285,0.7281045751633988,0.8056680161943319,0.8056680161943319,0.25,0.25,-0.1004668534080297,0.0775634410309331,-0.0229034123770965,f1
barabasi_albert__d49d1bf99a__i03__partial__t00__p41000,barabasi_albert__d49d1bf99a__i03,barabasi_albert,barabasi_albert__d49d1bf99a,barabasi_albert__d49d1bf99a__i03__partial__t00,partial,290317373,41000,0.8747826086956522,0.7683194383501536,0.8330434782608696,0.8330434782608696,0.55,0.55,-0.1064631703454985,0.0647240399107159,-0.0417391304347826,f1
barabasi_albert__d49d1bf99a__i03__partial__t00__p41001,barabasi_albert__d49d1bf99a__i03,barabasi_albert,barabasi_albert__d49d1bf99a,barabasi_albert__d49d1bf99a__i03__partial__t00,partial,290317373,41001,0.8920377867746289,0.7078260869565217,0.9142857142857144,0.9142857142857144,0.4,0.4,-0.1842116998181071,0.2064596273291926,0.0222479275110855,f1
barabasi_albert__d49d1bf99a__i03__partial__t01__p41000,barabasi_albert__d49d1bf99a__i03,barabasi_albert,barabasi_albert__d49d1bf99a,barabasi_albert__d49d1bf99a__i03__partial__t01,partial,679392136,41000,0.8509977827050997,0.6381374722838138,0.6807095343680709,0.6807095343680709,0.25,0.25,-0.2128603104212859,0.0425720620842571,-0.1702882483370288,f1
barabasi_albert__d49d1bf99a__i03__partial__t01__p41001,barabasi_albert__d49d1bf99a__i03,barabasi_albert,barabasi_albert__d49d1bf99a,barabasi_albert__d49d1bf99a__i03__partial__t01,partial,679392136,41001,0.873015873015873,0.7722960151802657,0.8104431768319438,0.8104431768319438,0.55,0.55,-0.1007198578356073,0.038147161651678,-0.0625726961839292,f1
barabasi_albert__d49d1bf99a__i04__informative__t00__p41000,barabasi_albert__d49d1bf99a__i04,barabasi_albert,barabasi_albert__d49d1bf99a,barabasi_albert__d49d1bf99a__i04__informative__t00,informative,937446161,41000,0.9085714285714286,0.901572112098428,0.770334928229665,0.770334928229665,0.55,0.55,-0.0069993164730006,-0.1312371838687629,-0.1382365003417636,f1
barabasi_albert__d49d1bf99a__i04__informative__t00__p41001,barabasi_albert__d49d1bf99a__i04,barabasi_albert,barabasi_albert__d49d1bf99a,barabasi_albert__d49d1bf99a__i04__informative__t00,informative,937446161,41001,0.9085714285714286,0.9142346634901728,0.9142346634901728,0.9142346634901728,0.0,0.1,0.005663234918744,0.0,0.005663234918744,f1
barabasi_albert__d49d1bf99a__i04__informative__t01__p41000,barabasi_albert__d49d1bf99a__i04,barabasi_albert,barabasi_albert__d49d1bf99a,barabasi_albert__d49d1bf99a__i04__informative__t01,informative,1961744538,41000,0.9085714285714286,0.936842105263158,0.8820638820638821,0.8820638820638821,0.4,0.4,0.0282706766917293,-0.0547782231992758,-0.0265075465075464,f1
barabasi_albert__d49d1bf99a__i04__informative__t01__p41001,barabasi_albert__d49d1bf99a__i04,barabasi_albert,barabasi_albert__d49d1bf99a,barabasi_albert__d49d1bf99a__i04__informative__t01,informative,1961744538,41001,0.941031941031941,0.8359535201640464,0.8359535201640464,0.8359535201640464,0.0,0.55,-0.1050784208678945,0.0,-0.1050784208678945,f1
barabasi_albert__d49d1bf99a__i04__noisy__t00__p41000,barabasi_albert__d49d1bf99a__i04,barabasi_albert,barabasi_albert__d49d1bf99a,barabasi_albert__d49d1bf99a__i04__noisy__t00,noisy,117586348,41000,0.7998808814770697,0.7264957264957266,0.7047163362952836,0.7047163362952836,0.55,0.55,-0.0733851549813431,-0.0217793902004429,-0.095164545181786,f1
barabasi_albert__d49d1bf99a__i04__noisy__t00__p41001,barabasi_albert__d49d1bf99a__i04,barabasi_albert,barabasi_albert__d49d1bf99a,barabasi_albert__d49d1bf99a__i04__noisy__t00,noisy,117586348,41001,0.6783320923306031,0.7948717948717949,0.7,0.7,0.25,0.25,0.1165397025411918,-0.0948717948717949,0.0216679076693968,f1
barabasi_albert__d49d1bf99a__i04__noisy__t01__p41000,barabasi_albert__d49d1bf99a__i04,barabasi_albert,barabasi_albert__d49d1bf99a,barabasi_albert__d49d1bf99a__i04__noisy__t01,noisy,1458128149,41000,0.8105263157894737,0.6842105263157895,0.6842105263157895,0.6842105263157895,0.55,0.55,-0.1263157894736841,0.0,-0.1263157894736841,f1
barabasi_albert__d49d1bf99a__i04__noisy__t01__p41001,barabasi_albert__d49d1bf99a__i04,barabasi_albert,barabasi_albert__d49d1bf99a,barabasi_albert__d49d1bf99a__i04__noisy__t01,noisy,1458128149,41001,0.6444444444444444,0.5106580166821131,0.5818815331010453,0.5818815331010453,0.4,0.4,-0.1337864277623313,0.0712235164189322,-0.062562911343399,f1
barabasi_albert__d49d1bf99a__i04__partial__t00__p41000,barabasi_albert__d49d1bf99a__i04,barabasi_albert,barabasi_albert__d49d1bf99a,barabasi_albert__d49d1bf99a__i04__partial__t00,partial,825409050,41000,0.9142346634901728,0.7473684210526316,0.7264957264957266,0.7264957264957266,0.55,0.55,-0.1668662424375411,-0.0208726945569049,-0.1877389369944461,f1
barabasi_albert__d49d1bf99a__i04__partial__t00__p41001,barabasi_albert__d49d1bf99a__i04,barabasi_albert,barabasi_albert__d49d1bf99a,barabasi_albert__d49d1bf99a__i04__partial__t00,partial,825409050,41001,0.7234567901234568,0.7051597051597052,0.7257142857142858,0.7257142857142858,0.55,0.55,-0.0182970849637515,0.0205545805545805,0.0022574955908289,f1
barabasi_albert__d49d1bf99a__i04__partial__t01__p41000,barabasi_albert__d49d1bf99a__i04,barabasi_albert,barabasi_albert__d49d1bf99a,barabasi_albert__d49d1bf99a__i04__partial__t01,partial,407504515,41000,0.8476190476190476,0.7427039904705182,0.8476190476190476,0.8476190476190476,0.55,0.55,-0.1049150571485294,0.1049150571485294,0.0,f1
barabasi_albert__d49d1bf99a__i04__partial__t01__p41001,barabasi_albert__d49d1bf99a__i04,barabasi_albert,barabasi_albert__d49d1bf99a,barabasi_albert__d49d1bf99a__i04__partial__t01,partial,407504515,41001,0.7998808814770697,0.7498138495904692,0.7498138495904692,0.7498138495904692,0.25,0.25,-0.0500670318866005,0.0,-0.0500670318866005,f1
degree_matched_bottleneck__0f35002e73__i00__informative__t00__p41000,degree_matched_bottleneck__0f35002e73__i00,degree_matched_bottleneck,degree_matched_bottleneck__0f35002e73,degree_matched_bottleneck__0f35002e73__i00__informative__t00,informative,1638697651,41000,1.0,0.9791576204950064,0.9791576204950064,1.0,0.0,0.1,-0.0208423795049934,0.0208423795049934,-0.0208423795049934,f1
degree_matched_bottleneck__0f35002e73__i00__informative__t00__p41001,degree_matched_bottleneck__0f35002e73__i00,degree_matched_bottleneck,degree_matched_bottleneck__0f35002e73,degree_matched_bottleneck__0f35002e73__i00__informative__t00,informative,1638697651,41001,0.9791576204950064,0.9791576204950064,0.9791576204950064,1.0,0.0,0.1,0.0,0.0208423795049934,0.0,f1
degree_matched_bottleneck__0f35002e73__i00__informative__t01__p41000,degree_matched_bottleneck__0f35002e73__i00,degree_matched_bottleneck,degree_matched_bottleneck__0f35002e73,degree_matched_bottleneck__0f35002e73__i00__informative__t01,informative,1388750851,41000,1.0,0.9791576204950064,0.9791576204950064,0.9791576204950064,0.0,0.1,-0.0208423795049934,0.0,-0.0208423795049934,f1
degree_matched_bottleneck__0f35002e73__i00__informative__t01__p41001,degree_matched_bottleneck__0f35002e73__i00,degree_matched_bottleneck,degree_matched_bottleneck__0f35002e73,degree_matched_bottleneck__0f35002e73__i00__informative__t01,informative,1388750851,41001,1.0,0.8741258741258742,0.8741258741258742,0.8946906537955244,0.0,0.1,-0.1258741258741258,0.0205647796696502,-0.1258741258741258,f1
degree_matched_bottleneck__0f35002e73__i00__noisy__t00__p41000,degree_matched_bottleneck__0f35002e73__i00,degree_matched_bottleneck,degree_matched_bottleneck__0f35002e73,degree_matched_bottleneck__0f35002e73__i00__noisy__t00,noisy,41473970,41000,1.0,0.8957881024750325,0.9791576204950064,0.9791576204950064,0.1,0.1,-0.1042118975249675,0.083369518019974,-0.0208423795049934,f1
degree_matched_bottleneck__0f35002e73__i00__noisy__t00__p41001,degree_matched_bottleneck__0f35002e73__i00,degree_matched_bottleneck,degree_matched_bottleneck__0f35002e73,degree_matched_bottleneck__0f35002e73__i00__noisy__t00,noisy,41473970,41001,1.0,0.7916666666666666,0.9374728614850196,0.9374728614850196,0.55,0.55,-0.2083333333333333,0.145806194818353,-0.0625271385149803,f1
degree_matched_bottleneck__0f35002e73__i00__noisy__t01__p41000,degree_matched_bottleneck__0f35002e73__i00,degree_matched_bottleneck,degree_matched_bottleneck__0f35002e73,degree_matched_bottleneck__0f35002e73__i00__noisy__t01,noisy,1390645604,41000,0.9582608695652174,0.6666666666666666,0.9791576204950064,0.9791576204950064,0.4,0.4,-0.2915942028985507,0.3124909538283399,0.0208967509297891,f1
degree_matched_bottleneck__0f35002e73__i00__noisy__t01__p41001,degree_matched_bottleneck__0f35002e73__i00,degree_matched_bottleneck,degree_matched_bottleneck__0f35002e73,degree_matched_bottleneck__0f35002e73__i00__noisy__t01,noisy,1390645604,41001,0.9372549019607844,0.7707338254450716,0.9374728614850196,0.9374728614850196,0.4,0.4,-0.1665210765157126,0.166739036039948,0.0002179595242353,f1
degree_matched_bottleneck__0f35002e73__i00__partial__t00__p41000,degree_matched_bottleneck__0f35002e73__i00,degree_matched_bottleneck,degree_matched_bottleneck__0f35002e73,degree_matched_bottleneck__0f35002e73__i00__partial__t00,partial,344154205,41000,1.0,0.9791576204950064,0.9582608695652174,0.9582608695652174,0.1,0.1,-0.0208423795049934,-0.0208967509297891,-0.0417391304347826,f1
degree_matched_bottleneck__0f35002e73__i00__partial__t00__p41001,degree_matched_bottleneck__0f35002e73__i00,degree_matched_bottleneck,degree_matched_bottleneck__0f35002e73,degree_matched_bottleneck__0f35002e73__i00__partial__t00,partial,344154205,41001,1.0,0.9791576204950064,0.9791576204950064,0.9791576204950064,0.1,0.1,-0.0208423795049934,0.0,-0.0208423795049934,f1
degree_matched_bottleneck__0f35002e73__i00__partial__t01__p41000,degree_matched_bottleneck__0f35002e73__i00,degree_matched_bottleneck,degree_matched_bottleneck__0f35002e73,degree_matched_bottleneck__0f35002e73__i00__partial__t01,partial,1126628040,41000,1.0,0.8541033434650456,0.8541033434650456,0.8954248366013071,0.0,0.1,-0.1458966565349544,0.0413214931362615,-0.1458966565349544,f1
degree_matched_bottleneck__0f35002e73__i00__partial__t01__p41001,degree_matched_bottleneck__0f35002e73__i00,degree_matched_bottleneck,degree_matched_bottleneck__0f35002e73,degree_matched_bottleneck__0f35002e73__i00__partial__t01,partial,1126628040,41001,1.0,0.8525669153137341,0.8525669153137341,0.8525669153137341,0.1,0.1,-0.1474330846862659,0.0,-0.1474330846862659,f1
degree_matched_bottleneck__0f35002e73__i01__informative__t00__p41000,degree_matched_bottleneck__0f35002e73__i01,degree_matched_bottleneck,degree_matched_bottleneck__0f35002e73,degree_matched_bottleneck__0f35002e73__i01__informative__t00,informative,436609203,41000,1.0,1.0,1.0,0.9791576204950064,0.0,0.1,0.0,-0.0208423795049934,0.0,f1
degree_matched_bottleneck__0f35002e73__i01__informative__t00__p41001,degree_matched_bottleneck__0f35002e73__i01,degree_matched_bottleneck,degree_matched_bottleneck__0f35002e73,degree_matched_bottleneck__0f35002e73__i01__informative__t00,informative,436609203,41001,1.0,1.0,1.0,1.0,0.0,0.1,0.0,0.0,0.0,f1
degree_matched_bottleneck__0f35002e73__i01__informative__t01__p41000,degree_matched_bottleneck__0f35002e73__i01,degree_matched_bottleneck,degree_matched_bottleneck__0f35002e73,degree_matched_bottleneck__0f35002e73__i01__informative__t01,informative,1596963785,41000,0.9791576204950064,1.0,1.0,1.0,0.0,0.1,0.0208423795049934,0.0,0.0208423795049934,f1
degree_matched_bottleneck__0f35002e73__i01__informative__t01__p41001,degree_matched_bottleneck__0f35002e73__i01,degree_matched_bottleneck,degree_matched_bottleneck__0f35002e73,degree_matched_bottleneck__0f35002e73__i01__informative__t01,informative,1596963785,41001,1.0,1.0,1.0,1.0,0.0,0.1,0.0,0.0,0.0,f1
degree_matched_bottleneck__0f35002e73__i01__noisy__t00__p41000,degree_matched_bottleneck__0f35002e73__i01,degree_matched_bottleneck,degree_matched_bottleneck__0f35002e73,degree_matched_bottleneck__0f35002e73__i01__noisy__t00,noisy,2070080937,41000,1.0,0.9374728614850196,0.9583333333333334,0.9583333333333334,0.1,0.1,-0.0625271385149803,0.0208604718483137,-0.0416666666666666,f1
degree_matched_bottleneck__0f35002e73__i01__noisy__t00__p41001,degree_matched_bottleneck__0f35002e73__i01,degree_matched_bottleneck,degree_matched_bottleneck__0f35002e73,degree_matched_bottleneck__0f35002e73__i01__noisy__t00,noisy,2070080937,41001,0.9372549019607844,0.9583333333333334,1.0,1.0,0.25,0.25,0.021078431372549,0.0416666666666666,0.0627450980392156,f1
degree_matched_bottleneck__0f35002e73__i01__noisy__t01__p41000,degree_matched_bottleneck__0f35002e73__i01,degree_matched_bottleneck,degree_matched_bottleneck__0f35002e73,degree_matched_bottleneck__0f35002e73__i01__noisy__t01,noisy,1480735796,41000,0.9791576204950064,0.746031746031746,0.9374728614850196,0.9374728614850196,0.25,0.25,-0.2331258744632605,0.1914411154532735,-0.0416847590099869,f1
degree_matched_bottleneck__0f35002e73__i01__noisy__t01__p41001,degree_matched_bottleneck__0f35002e73__i01,degree_matched_bottleneck,degree_matched_bottleneck__0f35002e73,degree_matched_bottleneck__0f35002e73__i01__noisy__t01,noisy,1480735796,41001,1.0,0.7495652173913043,0.9374728614850196,0.9374728614850196,0.25,0.25,-0.2504347826086956,0.1879076440937153,-0.0625271385149803,f1
degree_matched_bottleneck__0f35002e73__i01__partial__t00__p41000,degree_matched_bottleneck__0f35002e73__i01,degree_matched_bottleneck,degree_matched_bottleneck__0f35002e73,degree_matched_bottleneck__0f35002e73__i01__partial__t00,partial,2034178895,41000,0.9791576204950064,0.9791576204950064,0.9791576204950064,0.9374728614850196,0.0,0.1,0.0,-0.0416847590099869,0.0,f1
degree_matched_bottleneck__0f35002e73__i01__partial__t00__p41001,degree_matched_bottleneck__0f35002e73__i01,degree_matched_bottleneck,degree_matched_bottleneck__0f35002e73,degree_matched_bottleneck__0f35002e73__i01__partial__t00,partial,2034178895,41001,1.0,0.9582608695652174,0.9791576204950064,0.9791576204950064,0.1,0.1,-0.0417391304347826,0.0208967509297891,-0.0208423795049934,f1
degree_matched_bottleneck__0f35002e73__i01__partial__t01__p41000,degree_matched_bottleneck__0f35002e73__i01,degree_matched_bottleneck,degree_matched_bottleneck__0f35002e73,degree_matched_bottleneck__0f35002e73__i01__partial__t01,partial,105726068,41000,0.9791576204950064,0.9372549019607844,0.9166666666666666,0.9166666666666666,0.1,0.1,-0.0419027185342222,-0.0205882352941176,-0.0624909538283399,f1
degree_matched_bottleneck__0f35002e73__i01__partial__t01__p41001,degree_matched_bottleneck__0f35002e73__i01,degree_matched_bottleneck,degree_matched_bottleneck__0f35002e73,degree_matched_bottleneck__0f35002e73__i01__partial__t01,partial,105726068,41001,1.0,0.9791576204950064,0.9582608695652174,0.9582608695652174,0.25,0.25,-0.0208423795049934,-0.0208967509297891,-0.0417391304347826,f1
degree_matched_bottleneck__0f35002e73__i02__informative__t00__p41000,degree_matched_bottleneck__0f35002e73__i02,degree_matched_bottleneck,degree_matched_bottleneck__0f35002e73,degree_matched_bottleneck__0f35002e73__i02__informative__t00,informative,691985855,41000,1.0,1.0,1.0,1.0,0.1,0.1,0.0,0.0,0.0,f1
degree_matched_bottleneck__0f35002e73__i02__informative__t00__p41001,degree_matched_bottleneck__0f35002e73__i02,degree_matched_bottleneck,degree_matched_bottleneck__0f35002e73,degree_matched_bottleneck__0f35002e73__i02__informative__t00,informative,691985855,41001,1.0,0.9374728614850196,0.9374728614850196,0.8957881024750325,0.0,0.1,-0.0625271385149803,-0.0416847590099871,-0.0625271385149803,f1
degree_matched_bottleneck__0f35002e73__i02__informative__t01__p41000,degree_matched_bottleneck__0f35002e73__i02,degree_matched_bottleneck,degree_matched_bottleneck__0f35002e73,degree_matched_bottleneck__0f35002e73__i02__informative__t01,informative,2107393996,41000,1.0,0.9374728614850196,0.9374728614850196,1.0,0.0,0.1,-0.0625271385149803,0.0625271385149803,-0.0625271385149803,f1
degree_matched_bottleneck__0f35002e73__i02__informative__t01__p41001,degree_matched_bottleneck__0f35002e73__i02,degree_matched_bottleneck,degree_matched_bottleneck__0f35002e73,degree_matched_bottleneck__0f35002e73__i02__informative__t01,informative,2107393996,41001,1.0,0.9791576204950064,1.0,1.0,0.1,0.1,-0.0208423795049934,0.0208423795049934,0.0,f1
degree_matched_bottleneck__0f35002e73__i02__noisy__t00__p41000,degree_matched_bottleneck__0f35002e73__i02,degree_matched_bottleneck,degree_matched_bottleneck__0f35002e73,degree_matched_bottleneck__0f35002e73__i02__noisy__t00,noisy,1976077758,41000,0.9791576204950064,0.7658536585365854,0.9583333333333334,0.9583333333333334,0.25,0.25,-0.2133039619584211,0.192479674796748,-0.0208242871616731,f1
degree_matched_bottleneck__0f35002e73__i02__noisy__t00__p41001,degree_matched_bottleneck__0f35002e73__i02,degree_matched_bottleneck,degree_matched_bottleneck__0f35002e73,degree_matched_bottleneck__0f35002e73__i02__noisy__t00,noisy,1976077758,41001,1.0,0.8541033434650456,0.9791576204950064,0.9791576204950064,0.25,0.25,-0.1458966565349544,0.1250542770299609,-0.0208423795049934,f1
degree_matched_bottleneck__0f35002e73__i02__noisy__t01__p41000,degree_matched_bottleneck__0f35002e73__i02,degree_matched_bottleneck,degree_matched_bottleneck__0f35002e73,degree_matched_bottleneck__0f35002e73__i02__noisy__t01,noisy,345057887,41000,1.0,0.8525669153137341,0.8747826086956522,0.8747826086956522,0.1,0.1,-0.1474330846862659,0.022215693381918,-0.1252173913043478,f1
degree_matched_bottleneck__0f35002e73__i02__noisy__t01__p41001,degree_matched_bottleneck__0f35002e73__i02,degree_matched_bottleneck,degree_matched_bottleneck__0f35002e73,degree_matched_bottleneck__0f35002e73__i02__noisy__t01,noisy,345057887,41001,0.9791576204950064,0.8741258741258742,0.9791576204950064,0.9791576204950064,0.25,0.25,-0.1050317463691323,0.1050317463691323,0.0,f1
degree_matched_bottleneck__0f35002e73__i02__partial__t00__p41000,degree_matched_bottleneck__0f35002e73__i02,degree_matched_bottleneck,degree_matched_bottleneck__0f35002e73,degree_matched_bottleneck__0f35002e73__i02__partial__t00,partial,571943726,41000,0.9374728614850196,0.8747826086956522,0.8747826086956522,0.9582608695652174,0.0,0.1,-0.0626902527893674,0.0834782608695652,-0.0626902527893674,f1
degree_matched_bottleneck__0f35002e73__i02__partial__t00__p41001,degree_matched_bottleneck__0f35002e73__i02,degree_matched_bottleneck,degree_matched_bottleneck__0f35002e73,degree_matched_bottleneck__0f35002e73__i02__partial__t00,partial,571943726,41001,0.9791576204950064,0.9791576204950064,0.9791576204950064,0.9374728614850196,0.0,0.1,0.0,-0.0416847590099869,0.0,f1
degree_matched_bottleneck__0f35002e73__i02__partial__t01__p41000,degree_matched_bottleneck__0f35002e73__i02,degree_matched_bottleneck,degree_matched_bottleneck__0f35002e73,degree_matched_bottleneck__0f35002e73__i02__partial__t01,partial,708171287,41000,1.0,0.9166666666666666,1.0,1.0,0.1,0.1,-0.0833333333333333,0.0833333333333333,0.0,f1
degree_matched_bottleneck__0f35002e73__i02__partial__t01__p41001,degree_matched_bottleneck__0f35002e73__i02,degree_matched_bottleneck,degree_matched_bottleneck__0f35002e73,degree_matched_bottleneck__0f35002e73__i02__partial__t01,partial,708171287,41001,1.0,0.9791576204950064,0.9372549019607844,0.9372549019607844,0.1,0.1,-0.0208423795049934,-0.0419027185342222,-0.0627450980392156,f1
degree_matched_bottleneck__0f35002e73__i03__informative__t00__p41000,degree_matched_bottleneck__0f35002e73__i03,degree_matched_bottleneck,degree_matched_bottleneck__0f35002e73,degree_matched_bottleneck__0f35002e73__i03__informative__t00,informative,1000189650,41000,1.0,0.9791576204950064,0.9791576204950064,0.9791576204950064,0.0,0.1,-0.0208423795049934,0.0,-0.0208423795049934,f1
degree_matched_bottleneck__0f35002e73__i03__informative__t00__p41001,degree_matched_bottleneck__0f35002e73__i03,degree_matched_bottleneck,degree_matched_bottleneck__0f35002e73,degree_matched_bottleneck__0f35002e73__i03__informative__t00,informative,1000189650,41001,1.0,0.9791576204950064,0.9791576204950064,1.0,0.0,0.1,-0.0208423795049934,0.0208423795049934,-0.0208423795049934,f1
degree_matched_bottleneck__0f35002e73__i03__informative__t01__p41000,degree_matched_bottleneck__0f35002e73__i03,degree_matched_bottleneck,degree_matched_bottleneck__0f35002e73,degree_matched_bottleneck__0f35002e73__i03__informative__t01,informative,1430768046,41000,1.0,1.0,1.0,0.9791576204950064,0.0,0.1,0.0,-0.0208423795049934,0.0,f1
degree_matched_bottleneck__0f35002e73__i03__informative__t01__p41001,degree_matched_bottleneck__0f35002e73__i03,degree_matched_bottleneck,degree_matched_bottleneck__0f35002e73,degree_matched_bottleneck__0f35002e73__i03__informative__t01,informative,1430768046,41001,1.0,0.9791576204950064,0.9791576204950064,1.0,0.0,0.1,-0.0208423795049934,0.0208423795049934,-0.0208423795049934,f1
degree_matched_bottleneck__0f35002e73__i03__noisy__t00__p41000,degree_matched_bottleneck__0f35002e73__i03,degree_matched_bottleneck,degree_matched_bottleneck__0f35002e73,degree_matched_bottleneck__0f35002e73__i03__noisy__t00,noisy,1421235647,41000,1.0,0.8535947712418301,0.9374728614850196,0.9374728614850196,0.4,0.4,-0.1464052287581698,0.0838780902431894,-0.0625271385149803,f1
degree_matched_bottleneck__0f35002e73__i03__noisy__t00__p41001,degree_matched_bottleneck__0f35002e73__i03,degree_matched_bottleneck,degree_matched_bottleneck__0f35002e73,degree_matched_bottleneck__0f35002e73__i03__noisy__t00,noisy,1421235647,41001,0.9791576204950064,0.8957881024750325,0.9582608695652174,0.9582608695652174,0.4,0.4,-0.083369518019974,0.0624727670901849,-0.0208967509297891,f1
degree_matched_bottleneck__0f35002e73__i03__noisy__t01__p41000,degree_matched_bottleneck__0f35002e73__i03,degree_matched_bottleneck,degree_matched_bottleneck__0f35002e73,degree_matched_bottleneck__0f35002e73__i03__noisy__t01,noisy,1595367576,41000,0.8509977827050997,0.7078260869565217,0.9372549019607844,0.9372549019607844,0.1,0.1,-0.143171695748578,0.2294288150042626,0.0862571192556845,f1
degree_matched_bottleneck__0f35002e73__i03__noisy__t01__p41001,degree_matched_bottleneck__0f35002e73__i03,degree_matched_bottleneck,degree_matched_bottleneck__0f35002e73,degree_matched_bottleneck__0f35002e73__i03__noisy__t01,noisy,1595367576,41001,1.0,0.8957881024750325,0.8525669153137341,0.8525669153137341,0.25,0.25,-0.1042118975249675,-0.0432211871612984,-0.1474330846862659,f1
degree_matched_bottleneck__0f35002e73__i03__partial__t00__p41000,degree_matched_bottleneck__0f35002e73__i03,degree_matched_bottleneck,degree_matched_bottleneck__0f35002e73,degree_matched_bottleneck__0f35002e73__i03__partial__t00,partial,1289117892,41000,1.0,0.9791576204950064,0.9791576204950064,1.0,0.0,0.1,-0.0208423795049934,0.0208423795049934,-0.0208423795049934,f1
degree_matched_bottleneck__0f35002e73__i03__partial__t00__p41001,degree_matched_bottleneck__0f35002e73__i03,degree_matched_bottleneck,degree_matched_bottleneck__0f35002e73,degree_matched_bottleneck__0f35002e73__i03__partial__t00,partial,1289117892,41001,1.0,0.9374728614850196,0.9374728614850196,0.9582608695652174,0.0,0.1,-0.0625271385149803,0.0207880080801977,-0.0625271385149803,f1
degree_matched_bottleneck__0f35002e73__i03__partial__t01__p41000,degree_matched_bottleneck__0f35002e73__i03,degree_matched_bottleneck,degree_matched_bottleneck__0f35002e73,degree_matched_bottleneck__0f35002e73__i03__partial__t01,partial,1219989092,41000,0.9791576204950064,0.8330434782608696,0.8330434782608696,0.8747826086956522,0.0,0.1,-0.146114142234137,0.0417391304347826,-0.146114142234137,f1
degree_matched_bottleneck__0f35002e73__i03__partial__t01__p41001,degree_matched_bottleneck__0f35002e73__i03,degree_matched_bottleneck,degree_matched_bottleneck__0f35002e73,degree_matched_bottleneck__0f35002e73__i03__partial__t01,partial,1219989092,41001,1.0,0.9791576204950064,0.9791576204950064,0.9791576204950064,0.1,0.1,-0.0208423795049934,0.0,-0.0208423795049934,f1
degree_matched_bottleneck__0f35002e73__i04__informative__t00__p41000,degree_matched_bottleneck__0f35002e73__i04,degree_matched_bottleneck,degree_matched_bottleneck__0f35002e73,degree_matched_bottleneck__0f35002e73__i04__informative__t00,informative,547750608,41000,0.9791576204950064,0.9583333333333334,0.9583333333333334,0.9791576204950064,0.0,0.1,-0.0208242871616731,0.0208242871616731,-0.0208242871616731,f1
degree_matched_bottleneck__0f35002e73__i04__informative__t00__p41001,degree_matched_bottleneck__0f35002e73__i04,degree_matched_bottleneck,degree_matched_bottleneck__0f35002e73,degree_matched_bottleneck__0f35002e73__i04__informative__t00,informative,547750608,41001,1.0,0.9582608695652174,0.9582608695652174,0.9582608695652174,0.0,0.1,-0.0417391304347826,0.0,-0.0417391304347826,f1
degree_matched_bottleneck__0f35002e73__i04__informative__t01__p41000,degree_matched_bottleneck__0f35002e73__i04,degree_matched_bottleneck,degree_matched_bottleneck__0f35002e73,degree_matched_bottleneck__0f35002e73__i04__informative__t01,informative,2044760513,41000,0.9791576204950064,1.0,1.0,1.0,0.0,0.1,0.0208423795049934,0.0,0.0208423795049934,f1
degree_matched_bottleneck__0f35002e73__i04__informative__t01__p41001,degree_matched_bottleneck__0f35002e73__i04,degree_matched_bottleneck,degree_matched_bottleneck__0f35002e73,degree_matched_bottleneck__0f35002e73__i04__informative__t01,informative,2044760513,41001,1.0,0.9791576204950064,0.9791576204950064,0.9582608695652174,0.0,0.1,-0.0208423795049934,-0.0208967509297891,-0.0208423795049934,f1
degree_matched_bottleneck__0f35002e73__i04__noisy__t00__p41000,degree_matched_bottleneck__0f35002e73__i04,degree_matched_bottleneck,degree_matched_bottleneck__0f35002e73,degree_matched_bottleneck__0f35002e73__i04__noisy__t00,noisy,1843562414,41000,1.0,0.6419482229047828,0.9791576204950064,0.9791576204950064,0.4,0.4,-0.3580517770952172,0.3372093975902237,-0.0208423795049934,f1
degree_matched_bottleneck__0f35002e73__i04__noisy__t00__p41001,degree_matched_bottleneck__0f35002e73__i04,degree_matched_bottleneck,degree_matched_bottleneck__0f35002e73,degree_matched_bottleneck__0f35002e73__i04__noisy__t00,noisy,1843562414,41001,1.0,0.6444444444444444,0.8330434782608696,0.8330434782608696,0.55,0.55,-0.3555555555555556,0.1885990338164251,-0.1669565217391304,f1
degree_matched_bottleneck__0f35002e73__i04__noisy__t01__p41000,degree_matched_bottleneck__0f35002e73__i04,degree_matched_bottleneck,degree_matched_bottleneck__0f35002e73,degree_matched_bottleneck__0f35002e73__i04__noisy__t01,noisy,1864107358,41000,1.0,0.8535947712418301,0.9583333333333334,0.9583333333333334,0.25,0.25,-0.1464052287581698,0.1047385620915032,-0.0416666666666666,f1
degree_matched_bottleneck__0f35002e73__i04__noisy__t01__p41001,degree_matched_bottleneck__0f35002e73__i04,degree_matched_bottleneck,degree_matched_bottleneck__0f35002e73,degree_matched_bottleneck__0f35002e73__i04__noisy__t01,noisy,1864107358,41001,0.9583333333333334,0.7078260869565217,0.9165217391304348,0.9165217391304348,0.55,0.55,-0.2505072463768116,0.208695652173913,-0.0418115942028985,f1
degree_matched_bottleneck__0f35002e73__i04__partial__t00__p41000,degree_matched_bottleneck__0f35002e73__i04,degree_matched_bottleneck,degree_matched_bottleneck__0f35002e73,degree_matched_bottleneck__0f35002e73__i04__partial__t00,partial,1534949604,41000,1.0,0.9791576204950064,1.0,1.0,0.1,0.1,-0.0208423795049934,0.0208423795049934,0.0,f1
degree_matched_bottleneck__0f35002e73__i04__partial__t00__p41001,degree_matched_bottleneck__0f35002e73__i04,degree_matched_bottleneck,degree_matched_bottleneck__0f35002e73,degree_matched_bottleneck__0f35002e73__i04__partial__t00,partial,1534949604,41001,0.8946906537955244,0.9165217391304348,0.9165217391304348,0.9791576204950064,0.0,0.1,0.0218310853349104,0.0626358813645717,0.0218310853349104,f1
degree_matched_bottleneck__0f35002e73__i04__partial__t01__p41000,degree_matched_bottleneck__0f35002e73__i04,degree_matched_bottleneck,degree_matched_bottleneck__0f35002e73,degree_matched_bottleneck__0f35002e73__i04__partial__t01,partial,2069732052,41000,0.9791576204950064,1.0,1.0,1.0,0.1,0.1,0.0208423795049934,0.0,0.0208423795049934,f1
degree_matched_bottleneck__0f35002e73__i04__partial__t01__p41001,degree_matched_bottleneck__0f35002e73__i04,degree_matched_bottleneck,degree_matched_bottleneck__0f35002e73,degree_matched_bottleneck__0f35002e73__i04__partial__t01,partial,2069732052,41001,1.0,0.9791576204950064,0.9791576204950064,0.9791576204950064,0.0,0.1,-0.0208423795049934,0.0,-0.0208423795049934,f1
degree_matched_bottleneck__6edfdbb347__i00__informative__t00__p41000,degree_matched_bottleneck__6edfdbb347__i00,degree_matched_bottleneck,degree_matched_bottleneck__6edfdbb347,degree_matched_bottleneck__6edfdbb347__i00__informative__t00,informative,904201309,41000,1.0,1.0,1.0,1.0,0.0,0.1,0.0,0.0,0.0,f1
degree_matched_bottleneck__6edfdbb347__i00__informative__t00__p41001,degree_matched_bottleneck__6edfdbb347__i00,degree_matched_bottleneck,degree_matched_bottleneck__6edfdbb347,degree_matched_bottleneck__6edfdbb347__i00__informative__t00,informative,904201309,41001,1.0,0.9791576204950064,0.9791576204950064,0.9165217391304348,0.0,0.1,-0.0208423795049934,-0.0626358813645717,-0.0208423795049934,f1
degree_matched_bottleneck__6edfdbb347__i00__informative__t01__p41000,degree_matched_bottleneck__6edfdbb347__i00,degree_matched_bottleneck,degree_matched_bottleneck__6edfdbb347,degree_matched_bottleneck__6edfdbb347__i00__informative__t01,informative,526337254,41000,1.0,0.9791576204950064,0.9791576204950064,1.0,0.0,0.1,-0.0208423795049934,0.0208423795049934,-0.0208423795049934,f1
degree_matched_bottleneck__6edfdbb347__i00__informative__t01__p41001,degree_matched_bottleneck__6edfdbb347__i00,degree_matched_bottleneck,degree_matched_bottleneck__6edfdbb347,degree_matched_bottleneck__6edfdbb347__i00__informative__t01,informative,526337254,41001,1.0,1.0,1.0,1.0,0.0,0.1,0.0,0.0,0.0,f1
degree_matched_bottleneck__6edfdbb347__i00__noisy__t00__p41000,degree_matched_bottleneck__6edfdbb347__i00,degree_matched_bottleneck,degree_matched_bottleneck__6edfdbb347,degree_matched_bottleneck__6edfdbb347__i00__noisy__t00,noisy,1961832556,41000,1.0,0.8541033434650456,0.9583333333333334,0.9583333333333334,0.25,0.25,-0.1458966565349544,0.1042299898682878,-0.0416666666666666,f1
degree_matched_bottleneck__6edfdbb347__i00__noisy__t00__p41001,degree_matched_bottleneck__6edfdbb347__i00,degree_matched_bottleneck,degree_matched_bottleneck__6edfdbb347,degree_matched_bottleneck__6edfdbb347__i00__noisy__t00,noisy,1961832556,41001,1.0,0.8117647058823529,0.9791576204950064,0.9791576204950064,0.25,0.25,-0.188235294117647,0.1673929146126536,-0.0208423795049934,f1
degree_matched_bottleneck__6edfdbb347__i00__noisy__t01__p41000,degree_matched_bottleneck__6edfdbb347__i00,degree_matched_bottleneck,degree_matched_bottleneck__6edfdbb347,degree_matched_bottleneck__6edfdbb347__i00__noisy__t01,noisy,1667358959,41000,1.0,0.9583333333333334,0.9583333333333334,0.9583333333333334,0.1,0.1,-0.0416666666666666,0.0,-0.0416666666666666,f1
degree_matched_bottleneck__6edfdbb347__i00__noisy__t01__p41001,degree_matched_bottleneck__6edfdbb347__i00,degree_matched_bottleneck,degree_matched_bottleneck__6edfdbb347,degree_matched_bottleneck__6edfdbb347__i00__noisy__t01,noisy,1667358959,41001,1.0,0.8117647058823529,0.9374728614850196,0.9374728614850196,0.25,0.25,-0.188235294117647,0.1257081556026666,-0.0625271385149803,f1
degree_matched_bottleneck__6edfdbb347__i00__partial__t00__p41000,degree_matched_bottleneck__6edfdbb347__i00,degree_matched_bottleneck,degree_matched_bottleneck__6edfdbb347,degree_matched_bottleneck__6edfdbb347__i00__partial__t00,partial,1441830821,41000,1.0,0.9791576204950064,0.9791576204950064,0.9791576204950064,0.1,0.1,-0.0208423795049934,0.0,-0.0208423795049934,f1
degree_matched_bottleneck__6edfdbb347__i00__partial__t00__p41001,degree_matched_bottleneck__6edfdbb347__i00,degree_matched_bottleneck,degree_matched_bottleneck__6edfdbb347,degree_matched_bottleneck__6edfdbb347__i00__partial__t00,partial,1441830821,41001,1.0,0.8957881024750325,0.9791576204950064,0.9791576204950064,0.1,0.1,-0.1042118975249675,0.083369518019974,-0.0208423795049934,f1
degree_matched_bottleneck__6edfdbb347__i00__partial__t01__p41000,degree_matched_bottleneck__6edfdbb347__i00,degree_matched_bottleneck,degree_matched_bottleneck__6edfdbb347,degree_matched_bottleneck__6edfdbb347__i00__partial__t01,partial,1883625188,41000,1.0,0.9791576204950064,0.9582608695652174,0.9582608695652174,0.1,0.1,-0.0208423795049934,-0.0208967509297891,-0.0417391304347826,f1
degree_matched_bottleneck__6edfdbb347__i00__partial__t01__p41001,degree_matched_bottleneck__6edfdbb347__i00,degree_matched_bottleneck,degree_matched_bottleneck__6edfdbb347,degree_matched_bottleneck__6edfdbb347__i00__partial__t01,partial,1883625188,41001,0.8946906537955244,0.916083916083916,0.916083916083916,0.9372549019607844,0.0,0.1,0.0213932622883916,0.0211709858768682,0.0213932622883916,f1
degree_matched_bottleneck__6edfdbb347__i01__informative__t00__p41000,degree_matched_bottleneck__6edfdbb347__i01,degree_matched_bottleneck,degree_matched_bottleneck__6edfdbb347,degree_matched_bottleneck__6edfdbb347__i01__informative__t00,informative,1882686767,41000,1.0,0.9582608695652174,0.9582608695652174,0.9791576204950064,0.0,0.1,-0.0417391304347826,0.0208967509297891,-0.0417391304347826,f1
degree_matched_bottleneck__6edfdbb347__i01__informative__t00__p41001,degree_matched_bottleneck__6edfdbb347__i01,degree_matched_bottleneck,degree_matched_bottleneck__6edfdbb347,degree_matched_bottleneck__6edfdbb347__i01__informative__t00,informative,1882686767,41001,1.0,1.0,1.0,0.9791576204950064,0.0,0.1,0.0,-0.0208423795049934,0.0,f1
degree_matched_bottleneck__6edfdbb347__i01__informative__t01__p41000,degree_matched_bottleneck__6edfdbb347__i01,degree_matched_bottleneck,degree_matched_bottleneck__6edfdbb347,degree_matched_bottleneck__6edfdbb347__i01__informative__t01,informative,831137634,41000,1.0,0.9791576204950064,0.9791576204950064,0.9791576204950064,0.0,0.1,-0.0208423795049934,0.0,-0.0208423795049934,f1
degree_matched_bottleneck__6edfdbb347__i01__informative__t01__p41001,degree_matched_bottleneck__6edfdbb347__i01,degree_matched_bottleneck,degree_matched_bottleneck__6edfdbb347,degree_matched_bottleneck__6edfdbb347__i01__informative__t01,informative,831137634,41001,1.0,1.0,1.0,1.0,0.0,0.1,0.0,0.0,0.0,f1
degree_matched_bottleneck__6edfdbb347__i01__noisy__t00__p41000,degree_matched_bottleneck__6edfdbb347__i01,degree_matched_bottleneck,degree_matched_bottleneck__6edfdbb347,degree_matched_bottleneck__6edfdbb347__i01__noisy__t00,noisy,430401168,41000,0.9582608695652174,0.791304347826087,0.9374728614850196,0.9374728614850196,0.4,0.4,-0.1669565217391303,0.1461685136589325,-0.0207880080801977,f1
degree_matched_bottleneck__6edfdbb347__i01__noisy__t00__p41001,degree_matched_bottleneck__6edfdbb347__i01,degree_matched_bottleneck,degree_matched_bottleneck__6edfdbb347,degree_matched_bottleneck__6edfdbb347__i01__noisy__t00,noisy,430401168,41001,0.9791576204950064,0.7495652173913043,0.873015873015873,0.873015873015873,0.25,0.25,-0.2295924031037022,0.1234506556245687,-0.1061417474791335,f1
degree_matched_bottleneck__6edfdbb347__i01__noisy__t01__p41000,degree_matched_bottleneck__6edfdbb347__i01,degree_matched_bottleneck,degree_matched_bottleneck__6edfdbb347,degree_matched_bottleneck__6edfdbb347__i01__noisy__t01,noisy,1826744897,41000,0.8954248366013071,0.8333333333333334,0.9372549019607844,0.9372549019607844,0.4,0.4,-0.0620915032679737,0.1039215686274509,0.0418300653594772,f1
degree_matched_bottleneck__6edfdbb347__i01__noisy__t01__p41001,degree_matched_bottleneck__6edfdbb347__i01,degree_matched_bottleneck,degree_matched_bottleneck__6edfdbb347,degree_matched_bottleneck__6edfdbb347__i01__noisy__t01,noisy,1826744897,41001,0.9372549019607844,0.8333333333333334,0.9166666666666666,0.9166666666666666,0.25,0.25,-0.1039215686274509,0.0833333333333332,-0.0205882352941176,f1
degree_matched_bottleneck__6edfdbb347__i01__partial__t00__p41000,degree_matched_bottleneck__6edfdbb347__i01,degree_matched_bottleneck,degree_matched_bottleneck__6edfdbb347,degree_matched_bottleneck__6edfdbb347__i01__partial__t00,partial,73710846,41000,1.0,0.9374728614850196,1.0,1.0,0.1,0.1,-0.0625271385149803,0.0625271385149803,0.0,f1
degree_matched_bottleneck__6edfdbb347__i01__partial__t00__p41001,degree_matched_bottleneck__6edfdbb347__i01,degree_matched_bottleneck,degree_matched_bottleneck__6edfdbb347,degree_matched_bottleneck__6edfdbb347__i01__partial__t00,partial,73710846,41001,1.0,0.916083916083916,0.9582608695652174,0.9582608695652174,0.1,0.1,-0.0839160839160839,0.0421769534813013,-0.0417391304347826,f1
degree_matched_bottleneck__6edfdbb347__i01__partial__t01__p41000,degree_matched_bottleneck__6edfdbb347__i01,degree_matched_bottleneck,degree_matched_bottleneck__6edfdbb347,degree_matched_bottleneck__6edfdbb347__i01__partial__t01,partial,303987355,41000,1.0,1.0,1.0,1.0,0.0,0.1,0.0,0.0,0.0,f1
degree_matched_bottleneck__6edfdbb347__i01__partial__t01__p41001,degree_matched_bottleneck__6edfdbb347__i01,degree_matched_bottleneck,degree_matched_bottleneck__6edfdbb347,degree_matched_bottleneck__6edfdbb347__i01__partial__t01,partial,303987355,41001,1.0,0.9791576204950064,0.9791576204950064,0.9791576204950064,0.0,0.1,-0.0208423795049934,0.0,-0.0208423795049934,f1
degree_matched_bottleneck__6edfdbb347__i02__informative__t00__p41000,degree_matched_bottleneck__6edfdbb347__i02,degree_matched_bottleneck,degree_matched_bottleneck__6edfdbb347,degree_matched_bottleneck__6edfdbb347__i02__informative__t00,informative,180650742,41000,1.0,1.0,1.0,1.0,0.0,0.1,0.0,0.0,0.0,f1
degree_matched_bottleneck__6edfdbb347__i02__informative__t00__p41001,degree_matched_bottleneck__6edfdbb347__i02,degree_matched_bottleneck,degree_matched_bottleneck__6edfdbb347,degree_matched_bottleneck__6edfdbb347__i02__informative__t00,informative,180650742,41001,1.0,1.0,1.0,1.0,0.0,0.1,0.0,0.0,0.0,f1
degree_matched_bottleneck__6edfdbb347__i02__informative__t01__p41000,degree_matched_bottleneck__6edfdbb347__i02,degree_matched_bottleneck,degree_matched_bottleneck__6edfdbb347,degree_matched_bottleneck__6edfdbb347__i02__informative__t01,informative,2121825288,41000,1.0,1.0,1.0,1.0,0.0,0.1,0.0,0.0,0.0,f1
degree_matched_bottleneck__6edfdbb347__i02__informative__t01__p41001,degree_matched_bottleneck__6edfdbb347__i02,degree_matched_bottleneck,degree_matched_bottleneck__6edfdbb347,degree_matched_bottleneck__6edfdbb347__i02__informative__t01,informative,2121825288,41001,1.0,1.0,1.0,1.0,0.1,0.1,0.0,0.0,0.0,f1
degree_matched_bottleneck__6edfdbb347__i02__noisy__t00__p41000,degree_matched_bottleneck__6edfdbb347__i02,degree_matched_bottleneck,degree_matched_bottleneck__6edfdbb347,degree_matched_bottleneck__6edfdbb347__i02__noisy__t00,noisy,1597954247,41000,0.9791576204950064,0.8954248366013071,0.9583333333333334,0.9583333333333334,0.25,0.25,-0.0837327838936994,0.0629084967320262,-0.0208242871616731,f1
degree_matched_bottleneck__6edfdbb347__i02__noisy__t00__p41001,degree_matched_bottleneck__6edfdbb347__i02,degree_matched_bottleneck,degree_matched_bottleneck__6edfdbb347,degree_matched_bottleneck__6edfdbb347__i02__noisy__t00,noisy,1597954247,41001,1.0,0.7707338254450716,0.9582608695652174,0.9582608695652174,0.25,0.25,-0.2292661745549283,0.1875270441201457,-0.0417391304347826,f1
degree_matched_bottleneck__6edfdbb347__i02__noisy__t01__p41000,degree_matched_bottleneck__6edfdbb347__i02,degree_matched_bottleneck,degree_matched_bottleneck__6edfdbb347,degree_matched_bottleneck__6edfdbb347__i02__noisy__t01,noisy,2139205010,41000,1.0,0.9372549019607844,0.7822141560798548,0.7822141560798548,0.1,0.1,-0.0627450980392156,-0.1550407458809295,-0.2177858439201452,f1
degree_matched_bottleneck__6edfdbb347__i02__noisy__t01__p41001,degree_matched_bottleneck__6edfdbb347__i02,degree_matched_bottleneck,degree_matched_bottleneck__6edfdbb347,degree_matched_bottleneck__6edfdbb347__i02__noisy__t01,noisy,2139205010,41001,0.9791576204950064,0.8957881024750325,0.9583333333333334,0.9583333333333334,0.1,0.1,-0.083369518019974,0.0625452308583008,-0.0208242871616731,f1
degree_matched_bottleneck__6edfdbb347__i02__partial__t00__p41000,degree_matched_bottleneck__6edfdbb347__i02,degree_matched_bottleneck,degree_matched_bottleneck__6edfdbb347,degree_matched_bottleneck__6edfdbb347__i02__partial__t00,partial,362087381,41000,0.9791576204950064,0.9374728614850196,0.9374728614850196,0.9791576204950064,0.0,0.1,-0.0416847590099869,0.0416847590099869,-0.0416847590099869,f1
degree_matched_bottleneck__6edfdbb347__i02__partial__t00__p41001,degree_matched_bottleneck__6edfdbb347__i02,degree_matched_bottleneck,degree_matched_bottleneck__6edfdbb347,degree_matched_bottleneck__6edfdbb347__i02__partial__t00,partial,362087381,41001,0.9582608695652174,0.9791576204950064,0.9791576204950064,0.9791576204950064,0.0,0.1,0.0208967509297891,0.0,0.0208967509297891,f1
degree_matched_bottleneck__6edfdbb347__i02__partial__t01__p41000,degree_matched_bottleneck__6edfdbb347__i02,degree_matched_bottleneck,degree_matched_bottleneck__6edfdbb347,degree_matched_bottleneck__6edfdbb347__i02__partial__t01,partial,1504286542,41000,1.0,0.9791576204950064,1.0,1.0,0.1,0.1,-0.0208423795049934,0.0208423795049934,0.0,f1
degree_matched_bottleneck__6edfdbb347__i02__partial__t01__p41001,degree_matched_bottleneck__6edfdbb347__i02,degree_matched_bottleneck,degree_matched_bottleneck__6edfdbb347,degree_matched_bottleneck__6edfdbb347__i02__partial__t01,partial,1504286542,41001,1.0,0.9791576204950064,0.9791576204950064,0.9374728614850196,0.0,0.1,-0.0208423795049934,-0.0416847590099869,-0.0208423795049934,f1
degree_matched_bottleneck__6edfdbb347__i03__informative__t00__p41000,degree_matched_bottleneck__6edfdbb347__i03,degree_matched_bottleneck,degree_matched_bottleneck__6edfdbb347,degree_matched_bottleneck__6edfdbb347__i03__informative__t00,informative,1584176475,41000,1.0,0.9582608695652174,0.9582608695652174,0.9372549019607844,0.0,0.1,-0.0417391304347826,-0.021005967604433,-0.0417391304347826,f1
degree_matched_bottleneck__6edfdbb347__i03__informative__t00__p41001,degree_matched_bottleneck__6edfdbb347__i03,degree_matched_bottleneck,degree_matched_bottleneck__6edfdbb347,degree_matched_bottleneck__6edfdbb347__i03__informative__t00,informative,1584176475,41001,1.0,1.0,1.0,1.0,0.0,0.1,0.0,0.0,0.0,f1
degree_matched_bottleneck__6edfdbb347__i03__informative__t01__p41000,degree_matched_bottleneck__6edfdbb347__i03,degree_matched_bottleneck,degree_matched_bottleneck__6edfdbb347,degree_matched_bottleneck__6edfdbb347__i03__informative__t01,informative,1617567726,41000,1.0,1.0,1.0,1.0,0.0,0.1,0.0,0.0,0.0,f1
degree_matched_bottleneck__6edfdbb347__i03__informative__t01__p41001,degree_matched_bottleneck__6edfdbb347__i03,degree_matched_bottleneck,degree_matched_bottleneck__6edfdbb347,degree_matched_bottleneck__6edfdbb347__i03__informative__t01,informative,1617567726,41001,1.0,1.0,1.0,1.0,0.0,0.1,0.0,0.0,0.0,f1
degree_matched_bottleneck__6edfdbb347__i03__noisy__t00__p41000,degree_matched_bottleneck__6edfdbb347__i03,degree_matched_bottleneck,degree_matched_bottleneck__6edfdbb347,degree_matched_bottleneck__6edfdbb347__i03__noisy__t00,noisy,1672939792,41000,0.9791576204950064,0.8541033434650456,0.8535947712418301,0.8535947712418301,0.25,0.25,-0.1250542770299609,-0.0005085722232154,-0.1255628492531764,f1
degree_matched_bottleneck__6edfdbb347__i03__noisy__t00__p41001,degree_matched_bottleneck__6edfdbb347__i03,degree_matched_bottleneck,degree_matched_bottleneck__6edfdbb347,degree_matched_bottleneck__6edfdbb347__i03__noisy__t00,noisy,1672939792,41001,1.0,0.8084257206208425,0.9791576204950064,0.9791576204950064,0.4,0.4,-0.1915742793791575,0.170731899874164,-0.0208423795049934,f1
degree_matched_bottleneck__6edfdbb347__i03__noisy__t01__p41000,degree_matched_bottleneck__6edfdbb347__i03,degree_matched_bottleneck,degree_matched_bottleneck__6edfdbb347,degree_matched_bottleneck__6edfdbb347__i03__noisy__t01,noisy,824995975,41000,1.0,0.8957881024750325,0.8954248366013071,0.8954248366013071,0.25,0.25,-0.1042118975249675,-0.0003632658737253,-0.1045751633986928,f1
degree_matched_bottleneck__6edfdbb347__i03__noisy__t01__p41001,degree_matched_bottleneck__6edfdbb347__i03,degree_matched_bottleneck,degree_matched_bottleneck__6edfdbb347,degree_matched_bottleneck__6edfdbb347__i03__noisy__t01,noisy,824995975,41001,1.0,0.8535947712418301,0.9791576204950064,0.9791576204950064,0.25,0.25,-0.1464052287581698,0.1255628492531764,-0.0208423795049934,f1
degree_matched_bottleneck__6edfdbb347__i03__partial__t00__p41000,degree_matched_bottleneck__6edfdbb347__i03,degree_matched_bottleneck,degree_matched_bottleneck__6edfdbb347,degree_matched_bottleneck__6edfdbb347__i03__partial__t00,partial,1762144341,41000,1.0,0.9791576204950064,1.0,1.0,0.1,0.1,-0.0208423795049934,0.0208423795049934,0.0,f1
degree_matched_bottleneck__6edfdbb347__i03__partial__t00__p41001,degree_matched_bottleneck__6edfdbb347__i03,degree_matched_bottleneck,degree_matched_bottleneck__6edfdbb347,degree_matched_bottleneck__6edfdbb347__i03__partial__t00,partial,1762144341,41001,0.9582608695652174,0.9791576204950064,0.9791576204950064,0.9791576204950064,0.4,0.4,0.0208967509297891,0.0,0.0208967509297891,f1
degree_matched_bottleneck__6edfdbb347__i03__partial__t01__p41000,degree_matched_bottleneck__6edfdbb347__i03,degree_matched_bottleneck,degree_matched_bottleneck__6edfdbb347,degree_matched_bottleneck__6edfdbb347__i03__partial__t01,partial,2077220257,41000,1.0,0.8535947712418301,0.8535947712418301,0.9372549019607844,0.0,0.1,-0.1464052287581698,0.0836601307189541,-0.1464052287581698,f1
degree_matched_bottleneck__6edfdbb347__i03__partial__t01__p41001,degree_matched_bottleneck__6edfdbb347__i03,degree_matched_bottleneck,degree_matched_bottleneck__6edfdbb347,degree_matched_bottleneck__6edfdbb347__i03__partial__t01,partial,2077220257,41001,1.0,1.0,0.9582608695652174,0.9582608695652174,0.4,0.4,0.0,-0.0417391304347826,-0.0417391304347826,f1
degree_matched_bottleneck__6edfdbb347__i04__informative__t00__p41000,degree_matched_bottleneck__6edfdbb347__i04,degree_matched_bottleneck,degree_matched_bottleneck__6edfdbb347,degree_matched_bottleneck__6edfdbb347__i04__informative__t00,informative,1494050391,41000,1.0,1.0,1.0,0.9791576204950064,0.0,0.1,0.0,-0.0208423795049934,0.0,f1
degree_matched_bottleneck__6edfdbb347__i04__informative__t00__p41001,degree_matched_bottleneck__6edfdbb347__i04,degree_matched_bottleneck,degree_matched_bottleneck__6edfdbb347,degree_matched_bottleneck__6edfdbb347__i04__informative__t00,informative,1494050391,41001,1.0,1.0,1.0,0.9583333333333334,0.0,0.1,0.0,-0.0416666666666666,0.0,f1
degree_matched_bottleneck__6edfdbb347__i04__informative__t01__p41000,degree_matched_bottleneck__6edfdbb347__i04,degree_matched_bottleneck,degree_matched_bottleneck__6edfdbb347,degree_matched_bottleneck__6edfdbb347__i04__informative__t01,informative,49971779,41000,1.0,0.9582608695652174,0.9582608695652174,0.9582608695652174,0.0,0.1,-0.0417391304347826,0.0,-0.0417391304347826,f1
degree_matched_bottleneck__6edfdbb347__i04__informative__t01__p41001,degree_matched_bottleneck__6edfdbb347__i04,degree_matched_bottleneck,degree_matched_bottleneck__6edfdbb347,degree_matched_bottleneck__6edfdbb347__i04__informative__t01,informative,49971779,41001,1.0,1.0,1.0,1.0,0.0,0.1,0.0,0.0,0.0,f1
degree_matched_bottleneck__6edfdbb347__i04__noisy__t00__p41000,degree_matched_bottleneck__6edfdbb347__i04,degree_matched_bottleneck,degree_matched_bottleneck__6edfdbb347,degree_matched_bottleneck__6edfdbb347__i04__noisy__t00,noisy,1753990959,41000,1.0,0.7658536585365854,0.8957881024750325,0.8957881024750325,0.25,0.25,-0.2341463414634146,0.1299344439384471,-0.1042118975249675,f1
degree_matched_bottleneck__6edfdbb347__i04__noisy__t00__p41001,degree_matched_bottleneck__6edfdbb347__i04,degree_matched_bottleneck,degree_matched_bottleneck__6edfdbb347,degree_matched_bottleneck__6edfdbb347__i04__noisy__t00,noisy,1753990959,41001,0.9582608695652174,0.7083333333333334,0.8525669153137341,0.8525669153137341,0.4,0.4,-0.249927536231884,0.1442335819804007,-0.1056939542514833,f1
degree_matched_bottleneck__6edfdbb347__i04__noisy__t01__p41000,degree_matched_bottleneck__6edfdbb347__i04,degree_matched_bottleneck,degree_matched_bottleneck__6edfdbb347,degree_matched_bottleneck__6edfdbb347__i04__noisy__t01,noisy,1142027491,41000,1.0,0.8306878306878307,0.9374728614850196,0.9374728614850196,0.55,0.55,-0.1693121693121693,0.1067850307971889,-0.0625271385149803,f1
degree_matched_bottleneck__6edfdbb347__i04__noisy__t01__p41001,degree_matched_bottleneck__6edfdbb347__i04,degree_matched_bottleneck,degree_matched_bottleneck__6edfdbb347,degree_matched_bottleneck__6edfdbb347__i04__noisy__t01,noisy,1142027491,41001,1.0,0.7707338254450716,0.8306878306878307,0.8306878306878307,0.25,0.25,-0.2292661745549283,0.059954005242759,-0.1693121693121693,f1
degree_matched_bottleneck__6edfdbb347__i04__partial__t00__p41000,degree_matched_bottleneck__6edfdbb347__i04,degree_matched_bottleneck,degree_matched_bottleneck__6edfdbb347,degree_matched_bottleneck__6edfdbb347__i04__partial__t00,partial,713824798,41000,1.0,0.9583333333333334,0.9583333333333334,1.0,0.0,0.1,-0.0416666666666666,0.0416666666666666,-0.0416666666666666,f1
degree_matched_bottleneck__6edfdbb347__i04__partial__t00__p41001,degree_matched_bottleneck__6edfdbb347__i04,degree_matched_bottleneck,degree_matched_bottleneck__6edfdbb347,degree_matched_bottleneck__6edfdbb347__i04__partial__t00,partial,713824798,41001,0.9791576204950064,0.9791576204950064,0.9372549019607844,0.9372549019607844,0.55,0.55,0.0,-0.0419027185342222,-0.0419027185342222,f1
degree_matched_bottleneck__6edfdbb347__i04__partial__t01__p41000,degree_matched_bottleneck__6edfdbb347__i04,degree_matched_bottleneck,degree_matched_bottleneck__6edfdbb347,degree_matched_bottleneck__6edfdbb347__i04__partial__t01,partial,1427818174,41000,1.0,0.9372549019607844,0.9791576204950064,0.9791576204950064,0.1,0.1,-0.0627450980392156,0.0419027185342222,-0.0208423795049934,f1
degree_matched_bottleneck__6edfdbb347__i04__partial__t01__p41001,degree_matched_bottleneck__6edfdbb347__i04,degree_matched_bottleneck,degree_matched_bottleneck__6edfdbb347,degree_matched_bottleneck__6edfdbb347__i04__partial__t01,partial,1427818174,41001,1.0,0.9583333333333334,0.9791576204950064,0.9791576204950064,0.1,0.1,-0.0416666666666666,0.0208242871616731,-0.0208423795049934,f1
degree_matched_bottleneck__70539b1dce__i00__informative__t00__p41000,degree_matched_bottleneck__70539b1dce__i00,degree_matched_bottleneck,degree_matched_bottleneck__70539b1dce,degree_matched_bottleneck__70539b1dce__i00__informative__t00,informative,777466000,41000,0.9791576204950064,1.0,1.0,1.0,0.0,0.1,0.0208423795049934,0.0,0.0208423795049934,f1
degree_matched_bottleneck__70539b1dce__i00__informative__t00__p41001,degree_matched_bottleneck__70539b1dce__i00,degree_matched_bottleneck,degree_matched_bottleneck__70539b1dce,degree_matched_bottleneck__70539b1dce__i00__informative__t00,informative,777466000,41001,1.0,0.9165217391304348,0.9165217391304348,1.0,0.0,0.4,-0.0834782608695652,0.0834782608695652,-0.0834782608695652,f1
degree_matched_bottleneck__70539b1dce__i00__informative__t01__p41000,degree_matched_bottleneck__70539b1dce__i00,degree_matched_bottleneck,degree_matched_bottleneck__70539b1dce,degree_matched_bottleneck__70539b1dce__i00__informative__t01,informative,731049619,41000,1.0,1.0,1.0,1.0,0.0,0.1,0.0,0.0,0.0,f1
degree_matched_bottleneck__70539b1dce__i00__informative__t01__p41001,degree_matched_bottleneck__70539b1dce__i00,degree_matched_bottleneck,degree_matched_bottleneck__70539b1dce,degree_matched_bottleneck__70539b1dce__i00__informative__t01,informative,731049619,41001,1.0,1.0,1.0,1.0,0.0,0.1,0.0,0.0,0.0,f1
degree_matched_bottleneck__70539b1dce__i00__noisy__t00__p41000,degree_matched_bottleneck__70539b1dce__i00,degree_matched_bottleneck,degree_matched_bottleneck__70539b1dce,degree_matched_bottleneck__70539b1dce__i00__noisy__t00,noisy,241603361,41000,1.0,0.75,0.8541033434650456,0.8541033434650456,0.25,0.25,-0.25,0.1041033434650455,-0.1458966565349544,f1
degree_matched_bottleneck__70539b1dce__i00__noisy__t00__p41001,degree_matched_bottleneck__70539b1dce__i00,degree_matched_bottleneck,degree_matched_bottleneck__70539b1dce,degree_matched_bottleneck__70539b1dce__i00__noisy__t00,noisy,241603361,41001,0.916083916083916,0.7037037037037037,0.7902097902097902,0.7902097902097902,0.25,0.25,-0.2123802123802123,0.0865060865060864,-0.1258741258741258,f1
degree_matched_bottleneck__70539b1dce__i00__noisy__t01__p41000,degree_matched_bottleneck__70539b1dce__i00,degree_matched_bottleneck,degree_matched_bottleneck__70539b1dce,degree_matched_bottleneck__70539b1dce__i00__noisy__t01,noisy,1740811398,41000,0.9791576204950064,0.7883597883597884,0.9582608695652174,0.9582608695652174,0.55,0.55,-0.1907978321352181,0.169901081205429,-0.0208967509297891,f1
degree_matched_bottleneck__70539b1dce__i00__noisy__t01__p41001,degree_matched_bottleneck__70539b1dce__i00,degree_matched_bottleneck,degree_matched_bottleneck__70539b1dce,degree_matched_bottleneck__70539b1dce__i00__noisy__t01,noisy,1740811398,41001,1.0,0.8741258741258742,0.9582608695652174,0.9582608695652174,0.55,0.55,-0.1258741258741258,0.0841349954393432,-0.0417391304347826,f1
degree_matched_bottleneck__70539b1dce__i00__partial__t00__p41000,degree_matched_bottleneck__70539b1dce__i00,degree_matched_bottleneck,degree_matched_bottleneck__70539b1dce,degree_matched_bottleneck__70539b1dce__i00__partial__t00,partial,1462060239,41000,1.0,0.8330434782608696,0.9791576204950064,0.9791576204950064,0.55,0.55,-0.1669565217391304,0.146114142234137,-0.0208423795049934,f1
degree_matched_bottleneck__70539b1dce__i00__partial__t00__p41001,degree_matched_bottleneck__70539b1dce__i00,degree_matched_bottleneck,degree_matched_bottleneck__70539b1dce,degree_matched_bottleneck__70539b1dce__i00__partial__t00,partial,1462060239,41001,0.9791576204950064,0.8954248366013071,0.9166666666666666,0.9166666666666666,0.1,0.1,-0.0837327838936994,0.0212418300653595,-0.0624909538283399,f1
degree_matched_bottleneck__70539b1dce__i00__partial__t01__p41000,degree_matched_bottleneck__70539b1dce__i00,degree_matched_bottleneck,degree_matched_bottleneck__70539b1dce,degree_matched_bottleneck__70539b1dce__i00__partial__t01,partial,211318763,41000,0.9374728614850196,0.8954248366013071,0.9583333333333334,0.9583333333333334,0.4,0.4,-0.0420480248837125,0.0629084967320262,0.0208604718483137,f1
degree_matched_bottleneck__70539b1dce__i00__partial__t01__p41001,degree_matched_bottleneck__70539b1dce__i00,degree_matched_bottleneck,degree_matched_bottleneck__70539b1dce,degree_matched_bottleneck__70539b1dce__i00__partial__t01,partial,211318763,41001,1.0,0.8954248366013071,0.8741258741258742,0.8741258741258742,0.1,0.1,-0.1045751633986928,-0.0212989624754329,-0.1258741258741258,f1
degree_matched_bottleneck__70539b1dce__i01__informative__t00__p41000,degree_matched_bottleneck__70539b1dce__i01,degree_matched_bottleneck,degree_matched_bottleneck__70539b1dce,degree_matched_bottleneck__70539b1dce__i01__informative__t00,informative,190319676,41000,0.9791576204950064,0.9372549019607844,1.0,1.0,0.1,0.1,-0.0419027185342222,0.0627450980392156,0.0208423795049934,f1
degree_matched_bottleneck__70539b1dce__i01__informative__t00__p41001,degree_matched_bottleneck__70539b1dce__i01,degree_matched_bottleneck,degree_matched_bottleneck__70539b1dce,degree_matched_bottleneck__70539b1dce__i01__informative__t00,informative,190319676,41001,1.0,0.9791576204950064,0.9791576204950064,1.0,0.0,0.1,-0.0208423795049934,0.0208423795049934,-0.0208423795049934,f1
degree_matched_bottleneck__70539b1dce__i01__informative__t01__p41000,degree_matched_bottleneck__70539b1dce__i01,degree_matched_bottleneck,degree_matched_bottleneck__70539b1dce,degree_matched_bottleneck__70539b1dce__i01__informative__t01,informative,743561550,41000,1.0,1.0,1.0,1.0,0.0,0.1,0.0,0.0,0.0,f1
degree_matched_bottleneck__70539b1dce__i01__informative__t01__p41001,degree_matched_bottleneck__70539b1dce__i01,degree_matched_bottleneck,degree_matched_bottleneck__70539b1dce,degree_matched_bottleneck__70539b1dce__i01__informative__t01,informative,743561550,41001,1.0,1.0,1.0,1.0,0.0,0.1,0.0,0.0,0.0,f1
degree_matched_bottleneck__70539b1dce__i01__noisy__t00__p41000,degree_matched_bottleneck__70539b1dce__i01,degree_matched_bottleneck,degree_matched_bottleneck__70539b1dce,degree_matched_bottleneck__70539b1dce__i01__noisy__t00,noisy,630377646,41000,0.8946906537955244,0.8117647058823529,0.8946906537955244,0.8946906537955244,0.55,0.55,-0.0829259479131714,0.0829259479131714,0.0,f1
degree_matched_bottleneck__70539b1dce__i01__noisy__t00__p41001,degree_matched_bottleneck__70539b1dce__i01,degree_matched_bottleneck,degree_matched_bottleneck__70539b1dce,degree_matched_bottleneck__70539b1dce__i01__noisy__t00,noisy,630377646,41001,1.0,0.7658536585365854,0.9165217391304348,0.9165217391304348,0.1,0.1,-0.2341463414634146,0.1506680805938494,-0.0834782608695652,f1
degree_matched_bottleneck__70539b1dce__i01__noisy__t01__p41000,degree_matched_bottleneck__70539b1dce__i01,degree_matched_bottleneck,degree_matched_bottleneck__70539b1dce,degree_matched_bottleneck__70539b1dce__i01__noisy__t01,noisy,906985506,41000,0.9372549019607844,0.7902097902097902,0.8330434782608696,0.8330434782608696,0.25,0.25,-0.1470451117509941,0.0428336880510793,-0.1042114236999147,f1
degree_matched_bottleneck__70539b1dce__i01__noisy__t01__p41001,degree_matched_bottleneck__70539b1dce__i01,degree_matched_bottleneck,degree_matched_bottleneck__70539b1dce,degree_matched_bottleneck__70539b1dce__i01__noisy__t01,noisy,906985506,41001,0.9582608695652174,0.7,0.916083916083916,0.916083916083916,0.55,0.55,-0.2582608695652174,0.216083916083916,-0.0421769534813013,f1
degree_matched_bottleneck__70539b1dce__i01__partial__t00__p41000,degree_matched_bottleneck__70539b1dce__i01,degree_matched_bottleneck,degree_matched_bottleneck__70539b1dce,degree_matched_bottleneck__70539b1dce__i01__partial__t00,partial,1200660549,41000,1.0,0.9791576204950064,0.9791576204950064,0.9791576204950064,0.25,0.25,-0.0208423795049934,0.0,-0.0208423795049934,f1
degree_matched_bottleneck__70539b1dce__i01__partial__t00__p41001,degree_matched_bottleneck__70539b1dce__i01,degree_matched_bottleneck,degree_matched_bottleneck__70539b1dce,degree_matched_bottleneck__70539b1dce__i01__partial__t00,partial,1200660549,41001,1.0,0.9166666666666666,0.9582608695652174,0.9582608695652174,0.25,0.25,-0.0833333333333333,0.0415942028985507,-0.0417391304347826,f1
degree_matched_bottleneck__70539b1dce__i01__partial__t01__p41000,degree_matched_bottleneck__70539b1dce__i01,degree_matched_bottleneck,degree_matched_bottleneck__70539b1dce,degree_matched_bottleneck__70539b1dce__i01__partial__t01,partial,180151151,41000,0.9372549019607844,0.8541033434650456,0.8957881024750325,0.8957881024750325,0.4,0.4,-0.0831515584957387,0.0416847590099869,-0.0414667994857518,f1
degree_matched_bottleneck__70539b1dce__i01__partial__t01__p41001,degree_matched_bottleneck__70539b1dce__i01,degree_matched_bottleneck,degree_matched_bottleneck__70539b1dce,degree_matched_bottleneck__70539b1dce__i01__partial__t01,partial,180151151,41001,0.9791576204950064,0.916083916083916,0.916083916083916,0.916083916083916,0.4,0.4,-0.0630737044110905,0.0,-0.0630737044110905,f1
degree_matched_bottleneck__70539b1dce__i02__informative__t00__p41000,degree_matched_bottleneck__70539b1dce__i02,degree_matched_bottleneck,degree_matched_bottleneck__70539b1dce,degree_matched_bottleneck__70539b1dce__i02__informative__t00,informative,443819575,41000,0.9791576204950064,1.0,1.0,1.0,0.0,0.1,0.0208423795049934,0.0,0.0208423795049934,f1
degree_matched_bottleneck__70539b1dce__i02__informative__t00__p41001,degree_matched_bottleneck__70539b1dce__i02,degree_matched_bottleneck,degree_matched_bottleneck__70539b1dce,degree_matched_bottleneck__70539b1dce__i02__informative__t00,informative,443819575,41001,1.0,1.0,1.0,0.9791576204950064,0.0,0.55,0.0,-0.0208423795049934,0.0,f1
degree_matched_bottleneck__70539b1dce__i02__informative__t01__p41000,degree_matched_bottleneck__70539b1dce__i02,degree_matched_bottleneck,degree_matched_bottleneck__70539b1dce,degree_matched_bottleneck__70539b1dce__i02__informative__t01,informative,1797759056,41000,1.0,0.9791576204950064,0.9791576204950064,0.9791576204950064,0.0,0.1,-0.0208423795049934,0.0,-0.0208423795049934,f1
degree_matched_bottleneck__70539b1dce__i02__informative__t01__p41001,degree_matched_bottleneck__70539b1dce__i02,degree_matched_bottleneck,degree_matched_bottleneck__70539b1dce,degree_matched_bottleneck__70539b1dce__i02__informative__t01,informative,1797759056,41001,0.9791576204950064,1.0,1.0,1.0,0.0,0.1,0.0208423795049934,0.0,0.0208423795049934,f1
degree_matched_bottleneck__70539b1dce__i02__noisy__t00__p41000,degree_matched_bottleneck__70539b1dce__i02,degree_matched_bottleneck,degree_matched_bottleneck__70539b1dce,degree_matched_bottleneck__70539b1dce__i02__noisy__t00,noisy,385839765,41000,0.9791576204950064,0.7707338254450716,0.8541033434650456,0.8541033434650456,0.4,0.4,-0.2084237950499349,0.0833695180199739,-0.1250542770299609,f1
degree_matched_bottleneck__70539b1dce__i02__noisy__t00__p41001,degree_matched_bottleneck__70539b1dce__i02,degree_matched_bottleneck,degree_matched_bottleneck__70539b1dce,degree_matched_bottleneck__70539b1dce__i02__noisy__t00,noisy,385839765,41001,1.0,0.7078260869565217,0.9165217391304348,0.9165217391304348,0.4,0.4,-0.2921739130434783,0.208695652173913,-0.0834782608695652,f1
degree_matched_bottleneck__70539b1dce__i02__noisy__t01__p41000,degree_matched_bottleneck__70539b1dce__i02,degree_matched_bottleneck,degree_matched_bottleneck__70539b1dce,degree_matched_bottleneck__70539b1dce__i02__noisy__t01,noisy,921256392,41000,0.9372549019607844,0.75,0.8535947712418301,0.8535947712418301,0.55,0.55,-0.1872549019607843,0.1035947712418301,-0.0836601307189541,f1
degree_matched_bottleneck__70539b1dce__i02__noisy__t01__p41001,degree_matched_bottleneck__70539b1dce__i02,degree_matched_bottleneck,degree_matched_bottleneck__70539b1dce,degree_matched_bottleneck__70539b1dce__i02__noisy__t01,noisy,921256392,41001,0.9791576204950064,0.75,0.875,0.875,0.55,0.55,-0.2291576204950065,0.125,-0.1041576204950065,f1
degree_matched_bottleneck__70539b1dce__i02__partial__t00__p41000,degree_matched_bottleneck__70539b1dce__i02,degree_matched_bottleneck,degree_matched_bottleneck__70539b1dce,degree_matched_bottleneck__70539b1dce__i02__partial__t00,partial,963738166,41000,0.9791576204950064,0.8333333333333334,0.875,0.875,0.25,0.25,-0.1458242871616731,0.0416666666666666,-0.1041576204950065,f1
degree_matched_bottleneck__70539b1dce__i02__partial__t00__p41001,degree_matched_bottleneck__70539b1dce__i02,degree_matched_bottleneck,degree_matched_bottleneck__70539b1dce,degree_matched_bottleneck__70539b1dce__i02__partial__t00,partial,963738166,41001,0.9791576204950064,0.8117647058823529,1.0,1.0,0.25,0.25,-0.1673929146126536,0.188235294117647,0.0208423795049934,f1
degree_matched_bottleneck__70539b1dce__i02__partial__t01__p41000,degree_matched_bottleneck__70539b1dce__i02,degree_matched_bottleneck,degree_matched_bottleneck__70539b1dce,degree_matched_bottleneck__70539b1dce__i02__partial__t01,partial,2135805421,41000,0.9372549019607844,0.916083916083916,1.0,1.0,0.25,0.25,-0.0211709858768682,0.0839160839160839,0.0627450980392156,f1
degree_matched_bottleneck__70539b1dce__i02__partial__t01__p41001,degree_matched_bottleneck__70539b1dce__i02,degree_matched_bottleneck,degree_matched_bottleneck__70539b1dce,degree_matched_bottleneck__70539b1dce__i02__partial__t01,partial,2135805421,41001,0.9791576204950064,0.9165217391304348,0.9165217391304348,0.9791576204950064,0.0,0.1,-0.0626358813645717,0.0626358813645717,-0.0626358813645717,f1
degree_matched_bottleneck__70539b1dce__i03__informative__t00__p41000,degree_matched_bottleneck__70539b1dce__i03,degree_matched_bottleneck,degree_matched_bottleneck__70539b1dce,degree_matched_bottleneck__70539b1dce__i03__informative__t00,informative,570746484,41000,0.9791576204950064,1.0,1.0,1.0,0.0,0.1,0.0208423795049934,0.0,0.0208423795049934,f1
degree_matched_bottleneck__70539b1dce__i03__informative__t00__p41001,degree_matched_bottleneck__70539b1dce__i03,degree_matched_bottleneck,degree_matched_bottleneck__70539b1dce,degree_matched_bottleneck__70539b1dce__i03__informative__t00,informative,570746484,41001,0.9791576204950064,0.9374728614850196,0.9165217391304348,0.9165217391304348,0.1,0.1,-0.0416847590099869,-0.0209511223545848,-0.0626358813645717,f1
degree_matched_bottleneck__70539b1dce__i03__informative__t01__p41000,degree_matched_bottleneck__70539b1dce__i03,degree_matched_bottleneck,degree_matched_bottleneck__70539b1dce,degree_matched_bottleneck__70539b1dce__i03__informative__t01,informative,1764920714,41000,1.0,0.9791576204950064,0.9791576204950064,1.0,0.0,0.1,-0.0208423795049934,0.0208423795049934,-0.0208423795049934,f1
degree_matched_bottleneck__70539b1dce__i03__informative__t01__p41001,degree_matched_bottleneck__70539b1dce__i03,degree_matched_bottleneck,degree_matched_bottleneck__70539b1dce,degree_matched_bottleneck__70539b1dce__i03__informative__t01,informative,1764920714,41001,1.0,1.0,1.0,1.0,0.1,0.1,0.0,0.0,0.0,f1
degree_matched_bottleneck__70539b1dce__i03__noisy__t00__p41000,degree_matched_bottleneck__70539b1dce__i03,degree_matched_bottleneck,degree_matched_bottleneck__70539b1dce,degree_matched_bottleneck__70539b1dce__i03__noisy__t00,noisy,240676048,41000,1.0,0.8330434782608696,0.9372549019607844,0.9372549019607844,0.25,0.25,-0.1669565217391304,0.1042114236999147,-0.0627450980392156,f1
degree_matched_bottleneck__70539b1dce__i03__noisy__t00__p41001,degree_matched_bottleneck__70539b1dce__i03,degree_matched_bottleneck,degree_matched_bottleneck__70539b1dce,degree_matched_bottleneck__70539b1dce__i03__noisy__t00,noisy,240676048,41001,0.9372549019607844,0.7062937062937062,0.8330434782608696,0.8330434782608696,0.55,0.55,-0.230961195667078,0.1267497719671633,-0.1042114236999147,f1
degree_matched_bottleneck__70539b1dce__i03__noisy__t01__p41000,degree_matched_bottleneck__70539b1dce__i03,degree_matched_bottleneck,degree_matched_bottleneck__70539b1dce,degree_matched_bottleneck__70539b1dce__i03__noisy__t01,noisy,556302267,41000,1.0,0.8321678321678322,0.9582608695652174,0.9582608695652174,0.4,0.4,-0.1678321678321678,0.1260930373973852,-0.0417391304347826,f1
degree_matched_bottleneck__70539b1dce__i03__noisy__t01__p41001,degree_matched_bottleneck__70539b1dce__i03,degree_matched_bottleneck,degree_matched_bottleneck__70539b1dce,degree_matched_bottleneck__70539b1dce__i03__noisy__t01,noisy,556302267,41001,0.916083916083916,0.7261956998683634,0.8124185844550587,0.8124185844550587,0.4,0.4,-0.1898882162155526,0.0862228845866952,-0.1036653316288573,f1
degree_matched_bottleneck__70539b1dce__i03__partial__t00__p41000,degree_matched_bottleneck__70539b1dce__i03,degree_matched_bottleneck,degree_matched_bottleneck__70539b1dce,degree_matched_bottleneck__70539b1dce__i03__partial__t00,partial,409213966,41000,0.9791576204950064,0.8954248366013071,0.9583333333333334,0.9583333333333334,0.1,0.1,-0.0837327838936994,0.0629084967320262,-0.0208242871616731,f1
degree_matched_bottleneck__70539b1dce__i03__partial__t00__p41001,degree_matched_bottleneck__70539b1dce__i03,degree_matched_bottleneck,degree_matched_bottleneck__70539b1dce,degree_matched_bottleneck__70539b1dce__i03__partial__t00,partial,409213966,41001,1.0,0.791304347826087,0.9583333333333334,0.9583333333333334,0.55,0.55,-0.2086956521739129,0.1670289855072463,-0.0416666666666666,f1
degree_matched_bottleneck__70539b1dce__i03__partial__t01__p41000,degree_matched_bottleneck__70539b1dce__i03,degree_matched_bottleneck,degree_matched_bottleneck__70539b1dce,degree_matched_bottleneck__70539b1dce__i03__partial__t01,partial,1861795006,41000,1.0,0.8124185844550587,0.9791576204950064,0.9791576204950064,0.25,0.25,-0.1875814155449413,0.1667390360399478,-0.0208423795049934,f1
degree_matched_bottleneck__70539b1dce__i03__partial__t01__p41001,degree_matched_bottleneck__70539b1dce__i03,degree_matched_bottleneck,degree_matched_bottleneck__70539b1dce,degree_matched_bottleneck__70539b1dce__i03__partial__t01,partial,1861795006,41001,1.0,0.8741258741258742,0.9374728614850196,0.9374728614850196,0.4,0.4,-0.1258741258741258,0.0633469873591454,-0.0625271385149803,f1
degree_matched_bottleneck__70539b1dce__i04__informative__t00__p41000,degree_matched_bottleneck__70539b1dce__i04,degree_matched_bottleneck,degree_matched_bottleneck__70539b1dce,degree_matched_bottleneck__70539b1dce__i04__informative__t00,informative,2106931913,41000,1.0,0.9374728614850196,0.9374728614850196,0.9583333333333334,0.0,0.1,-0.0625271385149803,0.0208604718483137,-0.0625271385149803,f1
degree_matched_bottleneck__70539b1dce__i04__informative__t00__p41001,degree_matched_bottleneck__70539b1dce__i04,degree_matched_bottleneck,degree_matched_bottleneck__70539b1dce,degree_matched_bottleneck__70539b1dce__i04__informative__t00,informative,2106931913,41001,0.9582608695652174,0.9582608695652174,0.9582608695652174,0.9791576204950064,0.0,0.1,0.0,0.0208967509297891,0.0,f1
degree_matched_bottleneck__70539b1dce__i04__informative__t01__p41000,degree_matched_bottleneck__70539b1dce__i04,degree_matched_bottleneck,degree_matched_bottleneck__70539b1dce,degree_matched_bottleneck__70539b1dce__i04__informative__t01,informative,679272742,41000,0.9791576204950064,0.9374728614850196,0.9791576204950064,0.9791576204950064,0.1,0.1,-0.0416847590099869,0.0416847590099869,0.0,f1
degree_matched_bottleneck__70539b1dce__i04__informative__t01__p41001,degree_matched_bottleneck__70539b1dce__i04,degree_matched_bottleneck,degree_matched_bottleneck__70539b1dce,degree_matched_bottleneck__70539b1dce__i04__informative__t01,informative,679272742,41001,1.0,0.9791576204950064,1.0,1.0,0.1,0.1,-0.0208423795049934,0.0208423795049934,0.0,f1
degree_matched_bottleneck__70539b1dce__i04__noisy__t00__p41000,degree_matched_bottleneck__70539b1dce__i04,degree_matched_bottleneck,degree_matched_bottleneck__70539b1dce,degree_matched_bottleneck__70539b1dce__i04__noisy__t00,noisy,1803096747,41000,1.0,0.7482517482517483,0.9582608695652174,0.9582608695652174,0.55,0.55,-0.2517482517482516,0.210009121313469,-0.0417391304347826,f1
degree_matched_bottleneck__70539b1dce__i04__noisy__t00__p41001,degree_matched_bottleneck__70539b1dce__i04,degree_matched_bottleneck,degree_matched_bottleneck__70539b1dce,degree_matched_bottleneck__70539b1dce__i04__noisy__t00,noisy,1803096747,41001,1.0,0.7495652173913043,0.9374728614850196,0.9374728614850196,0.4,0.4,-0.2504347826086956,0.1879076440937153,-0.0625271385149803,f1
degree_matched_bottleneck__70539b1dce__i04__noisy__t01__p41000,degree_matched_bottleneck__70539b1dce__i04,degree_matched_bottleneck,degree_matched_bottleneck__70539b1dce,degree_matched_bottleneck__70539b1dce__i04__noisy__t01,noisy,1611925969,41000,0.9374728614850196,0.7707338254450716,0.7699346405228757,0.7699346405228757,0.4,0.4,-0.166739036039948,-0.0007991849221958,-0.1675382209621438,f1
degree_matched_bottleneck__70539b1dce__i04__noisy__t01__p41001,degree_matched_bottleneck__70539b1dce__i04,degree_matched_bottleneck,degree_matched_bottleneck__70539b1dce,degree_matched_bottleneck__70539b1dce__i04__noisy__t01,noisy,1611925969,41001,0.9791576204950064,0.6243478260869566,0.8535947712418301,0.8535947712418301,0.55,0.55,-0.3548097944080499,0.2292469451548735,-0.1255628492531764,f1
degree_matched_bottleneck__70539b1dce__i04__partial__t00__p41000,degree_matched_bottleneck__70539b1dce__i04,degree_matched_bottleneck,degree_matched_bottleneck__70539b1dce,degree_matched_bottleneck__70539b1dce__i04__partial__t00,partial,1042476461,41000,1.0,0.8541033434650456,0.9582608695652174,0.9582608695652174,0.4,0.4,-0.1458966565349544,0.1041575261001718,-0.0417391304347826,f1
degree_matched_bottleneck__70539b1dce__i04__partial__t00__p41001,degree_matched_bottleneck__70539b1dce__i04,degree_matched_bottleneck,degree_matched_bottleneck__70539b1dce,degree_matched_bottleneck__70539b1dce__i04__partial__t00,partial,1042476461,41001,1.0,1.0,0.9791576204950064,0.9791576204950064,0.55,0.55,0.0,-0.0208423795049934,-0.0208423795049934,f1
degree_matched_bottleneck__70539b1dce__i04__partial__t01__p41000,degree_matched_bottleneck__70539b1dce__i04,degree_matched_bottleneck,degree_matched_bottleneck__70539b1dce,degree_matched_bottleneck__70539b1dce__i04__partial__t01,partial,342165839,41000,0.9791576204950064,0.9374728614850196,0.9583333333333334,0.9583333333333334,0.1,0.1,-0.0416847590099869,0.0208604718483137,-0.0208242871616731,f1
degree_matched_bottleneck__70539b1dce__i04__partial__t01__p41001,degree_matched_bottleneck__70539b1dce__i04,degree_matched_bottleneck,degree_matched_bottleneck__70539b1dce,degree_matched_bottleneck__70539b1dce__i04__partial__t01,partial,342165839,41001,0.9791576204950064,0.8741258741258742,0.9582608695652174,0.9582608695652174,0.55,0.55,-0.1050317463691323,0.0841349954393432,-0.0208967509297891,f1
degree_matched_bottleneck__86bd7563af__i00__informative__t00__p41000,degree_matched_bottleneck__86bd7563af__i00,degree_matched_bottleneck,degree_matched_bottleneck__86bd7563af,degree_matched_bottleneck__86bd7563af__i00__informative__t00,informative,1039169540,41000,1.0,0.9791576204950064,0.9791576204950064,0.9791576204950064,0.0,0.1,-0.0208423795049934,0.0,-0.0208423795049934,f1
degree_matched_bottleneck__86bd7563af__i00__informative__t00__p41001,degree_matched_bottleneck__86bd7563af__i00,degree_matched_bottleneck,degree_matched_bottleneck__86bd7563af,degree_matched_bottleneck__86bd7563af__i00__informative__t00,informative,1039169540,41001,1.0,1.0,1.0,0.9791576204950064,0.0,0.1,0.0,-0.0208423795049934,0.0,f1
degree_matched_bottleneck__86bd7563af__i00__informative__t01__p41000,degree_matched_bottleneck__86bd7563af__i00,degree_matched_bottleneck,degree_matched_bottleneck__86bd7563af,degree_matched_bottleneck__86bd7563af__i00__informative__t01,informative,90617642,41000,1.0,1.0,1.0,1.0,0.0,0.1,0.0,0.0,0.0,f1
degree_matched_bottleneck__86bd7563af__i00__informative__t01__p41001,degree_matched_bottleneck__86bd7563af__i00,degree_matched_bottleneck,degree_matched_bottleneck__86bd7563af,degree_matched_bottleneck__86bd7563af__i00__informative__t01,informative,90617642,41001,1.0,1.0,1.0,1.0,0.0,0.1,0.0,0.0,0.0,f1
degree_matched_bottleneck__86bd7563af__i00__noisy__t00__p41000,degree_matched_bottleneck__86bd7563af__i00,degree_matched_bottleneck,degree_matched_bottleneck__86bd7563af,degree_matched_bottleneck__86bd7563af__i00__noisy__t00,noisy,480795030,41000,1.0,0.7699346405228757,0.9791576204950064,0.9791576204950064,0.55,0.55,-0.2300653594771242,0.2092229799721308,-0.0208423795049934,f1
degree_matched_bottleneck__86bd7563af__i00__noisy__t00__p41001,degree_matched_bottleneck__86bd7563af__i00,degree_matched_bottleneck,degree_matched_bottleneck__86bd7563af,degree_matched_bottleneck__86bd7563af__i00__noisy__t00,noisy,480795030,41001,1.0,0.6807095343680709,0.9583333333333334,0.9583333333333334,0.25,0.25,-0.3192904656319291,0.2776237989652624,-0.0416666666666666,f1
degree_matched_bottleneck__86bd7563af__i00__noisy__t01__p41000,degree_matched_bottleneck__86bd7563af__i00,degree_matched_bottleneck,degree_matched_bottleneck__86bd7563af,degree_matched_bottleneck__86bd7563af__i00__noisy__t01,noisy,472894333,41000,1.0,0.8330434782608696,0.9582608695652174,0.9582608695652174,0.4,0.4,-0.1669565217391304,0.1252173913043478,-0.0417391304347826,f1
degree_matched_bottleneck__86bd7563af__i00__noisy__t01__p41001,degree_matched_bottleneck__86bd7563af__i00,degree_matched_bottleneck,degree_matched_bottleneck__86bd7563af,degree_matched_bottleneck__86bd7563af__i00__noisy__t01,noisy,472894333,41001,0.9582608695652174,0.8330434782608696,0.8957881024750325,0.8957881024750325,0.55,0.55,-0.1252173913043478,0.0627446242141629,-0.0624727670901849,f1
degree_matched_bottleneck__86bd7563af__i00__partial__t00__p41000,degree_matched_bottleneck__86bd7563af__i00,degree_matched_bottleneck,degree_matched_bottleneck__86bd7563af,degree_matched_bottleneck__86bd7563af__i00__partial__t00,partial,1440774253,41000,1.0,0.8946906537955244,0.8946906537955244,1.0,0.0,0.1,-0.1053093462044756,0.1053093462044756,-0.1053093462044756,f1
degree_matched_bottleneck__86bd7563af__i00__partial__t00__p41001,degree_matched_bottleneck__86bd7563af__i00,degree_matched_bottleneck,degree_matched_bottleneck__86bd7563af,degree_matched_bottleneck__86bd7563af__i00__partial__t00,partial,1440774253,41001,1.0,1.0,1.0,1.0,0.0,0.1,0.0,0.0,0.0,f1
degree_matched_bottleneck__86bd7563af__i00__partial__t01__p41000,degree_matched_bottleneck__86bd7563af__i00,degree_matched_bottleneck,degree_matched_bottleneck__86bd7563af,degree_matched_bottleneck__86bd7563af__i00__partial__t01,partial,1941412020,41000,0.9582608695652174,0.916083916083916,1.0,1.0,0.1,0.1,-0.0421769534813013,0.0839160839160839,0.0417391304347826,f1
degree_matched_bottleneck__86bd7563af__i00__partial__t01__p41001,degree_matched_bottleneck__86bd7563af__i00,degree_matched_bottleneck,degree_matched_bottleneck__86bd7563af,degree_matched_bottleneck__86bd7563af__i00__partial__t01,partial,1941412020,41001,0.9582608695652174,0.8541033434650456,0.9583333333333334,0.9583333333333334,0.25,0.25,-0.1041575261001718,0.1042299898682878,7.246376811598232e-05,f1
degree_matched_bottleneck__86bd7563af__i01__informative__t00__p41000,degree_matched_bottleneck__86bd7563af__i01,degree_matched_bottleneck,degree_matched_bottleneck__86bd7563af,degree_matched_bottleneck__86bd7563af__i01__informative__t00,informative,1170664325,41000,1.0,1.0,1.0,1.0,0.0,0.1,0.0,0.0,0.0,f1
degree_matched_bottleneck__86bd7563af__i01__informative__t00__p41001,degree_matched_bottleneck__86bd7563af__i01,degree_matched_bottleneck,degree_matched_bottleneck__86bd7563af,degree_matched_bottleneck__86bd7563af__i01__informative__t00,informative,1170664325,41001,1.0,1.0,1.0,1.0,0.0,0.1,0.0,0.0,0.0,f1
degree_matched_bottleneck__86bd7563af__i01__informative__t01__p41000,degree_matched_bottleneck__86bd7563af__i01,degree_matched_bottleneck,degree_matched_bottleneck__86bd7563af,degree_matched_bottleneck__86bd7563af__i01__informative__t01,informative,957183086,41000,1.0,1.0,1.0,1.0,0.1,0.1,0.0,0.0,0.0,f1
degree_matched_bottleneck__86bd7563af__i01__informative__t01__p41001,degree_matched_bottleneck__86bd7563af__i01,degree_matched_bottleneck,degree_matched_bottleneck__86bd7563af,degree_matched_bottleneck__86bd7563af__i01__informative__t01,informative,957183086,41001,1.0,1.0,1.0,1.0,0.0,0.1,0.0,0.0,0.0,f1
degree_matched_bottleneck__86bd7563af__i01__noisy__t00__p41000,degree_matched_bottleneck__86bd7563af__i01,degree_matched_bottleneck,degree_matched_bottleneck__86bd7563af,degree_matched_bottleneck__86bd7563af__i01__noisy__t00,noisy,1844694274,41000,1.0,0.8321678321678322,0.9374728614850196,0.9374728614850196,0.25,0.25,-0.1678321678321678,0.1053050293171874,-0.0625271385149803,f1
degree_matched_bottleneck__86bd7563af__i01__noisy__t00__p41001,degree_matched_bottleneck__86bd7563af__i01,degree_matched_bottleneck,degree_matched_bottleneck__86bd7563af,degree_matched_bottleneck__86bd7563af__i01__noisy__t00,noisy,1844694274,41001,0.9583333333333334,0.6840719613865731,1.0,1.0,0.25,0.25,-0.2742613719467602,0.3159280386134269,0.0416666666666666,f1
degree_matched_bottleneck__86bd7563af__i01__noisy__t01__p41000,degree_matched_bottleneck__86bd7563af__i01,degree_matched_bottleneck,degree_matched_bottleneck__86bd7563af,degree_matched_bottleneck__86bd7563af__i01__noisy__t01,noisy,762133167,41000,1.0,0.7916666666666666,0.9582608695652174,0.9582608695652174,0.4,0.4,-0.2083333333333333,0.1665942028985507,-0.0417391304347826,f1
degree_matched_bottleneck__86bd7563af__i01__noisy__t01__p41001,degree_matched_bottleneck__86bd7563af__i01,degree_matched_bottleneck,degree_matched_bottleneck__86bd7563af,degree_matched_bottleneck__86bd7563af__i01__noisy__t01,noisy,762133167,41001,0.9582608695652174,0.7261956998683634,0.9791576204950064,0.9791576204950064,0.4,0.4,-0.2320651696968539,0.2529619206266431,0.0208967509297891,f1
degree_matched_bottleneck__86bd7563af__i01__partial__t00__p41000,degree_matched_bottleneck__86bd7563af__i01,degree_matched_bottleneck,degree_matched_bottleneck__86bd7563af,degree_matched_bottleneck__86bd7563af__i01__partial__t00,partial,792701644,41000,1.0,0.9374728614850196,0.9374728614850196,0.9372549019607844,0.0,0.1,-0.0625271385149803,-0.0002179595242353,-0.0625271385149803,f1
degree_matched_bottleneck__86bd7563af__i01__partial__t00__p41001,degree_matched_bottleneck__86bd7563af__i01,degree_matched_bottleneck,degree_matched_bottleneck__86bd7563af,degree_matched_bottleneck__86bd7563af__i01__partial__t00,partial,792701644,41001,1.0,0.9791576204950064,1.0,1.0,0.1,0.1,-0.0208423795049934,0.0208423795049934,0.0,f1
degree_matched_bottleneck__86bd7563af__i01__partial__t01__p41000,degree_matched_bottleneck__86bd7563af__i01,degree_matched_bottleneck,degree_matched_bottleneck__86bd7563af,degree_matched_bottleneck__86bd7563af__i01__partial__t01,partial,1512510865,41000,0.9791576204950064,0.9165217391304348,0.9791576204950064,0.9791576204950064,0.1,0.1,-0.0626358813645717,0.0626358813645717,0.0,f1
degree_matched_bottleneck__86bd7563af__i01__partial__t01__p41001,degree_matched_bottleneck__86bd7563af__i01,degree_matched_bottleneck,degree_matched_bottleneck__86bd7563af,degree_matched_bottleneck__86bd7563af__i01__partial__t01,partial,1512510865,41001,1.0,0.9166666666666666,0.9791576204950064,0.9791576204950064,0.1,0.1,-0.0833333333333333,0.0624909538283399,-0.0208423795049934,f1
degree_matched_bottleneck__86bd7563af__i02__informative__t00__p41000,degree_matched_bottleneck__86bd7563af__i02,degree_matched_bottleneck,degree_matched_bottleneck__86bd7563af,degree_matched_bottleneck__86bd7563af__i02__informative__t00,informative,1238828777,41000,1.0,0.9791576204950064,0.9791576204950064,1.0,0.0,0.1,-0.0208423795049934,0.0208423795049934,-0.0208423795049934,f1
degree_matched_bottleneck__86bd7563af__i02__informative__t00__p41001,degree_matched_bottleneck__86bd7563af__i02,degree_matched_bottleneck,degree_matched_bottleneck__86bd7563af,degree_matched_bottleneck__86bd7563af__i02__informative__t00,informative,1238828777,41001,0.9791576204950064,1.0,1.0,0.916083916083916,0.0,0.1,0.0208423795049934,-0.0839160839160839,0.0208423795049934,f1
degree_matched_bottleneck__86bd7563af__i02__informative__t01__p41000,degree_matched_bottleneck__86bd7563af__i02,degree_matched_bottleneck,degree_matched_bottleneck__86bd7563af,degree_matched_bottleneck__86bd7563af__i02__informative__t01,informative,1891979485,41000,1.0,1.0,1.0,1.0,0.0,0.1,0.0,0.0,0.0,f1
degree_matched_bottleneck__86bd7563af__i02__informative__t01__p41001,degree_matched_bottleneck__86bd7563af__i02,degree_matched_bottleneck,degree_matched_bottleneck__86bd7563af,degree_matched_bottleneck__86bd7563af__i02__informative__t01,informative,1891979485,41001,1.0,0.9582608695652174,0.9582608695652174,1.0,0.0,0.25,-0.0417391304347826,0.0417391304347826,-0.0417391304347826,f1
degree_matched_bottleneck__86bd7563af__i02__noisy__t00__p41000,degree_matched_bottleneck__86bd7563af__i02,degree_matched_bottleneck,degree_matched_bottleneck__86bd7563af,degree_matched_bottleneck__86bd7563af__i02__noisy__t00,noisy,1284219205,41000,0.9583333333333334,0.7078260869565217,0.9374728614850196,0.9374728614850196,0.25,0.25,-0.2505072463768116,0.2296467745284979,-0.0208604718483137,f1
degree_matched_bottleneck__86bd7563af__i02__noisy__t00__p41001,degree_matched_bottleneck__86bd7563af__i02,degree_matched_bottleneck,degree_matched_bottleneck__86bd7563af,degree_matched_bottleneck__86bd7563af__i02__noisy__t00,noisy,1284219205,41001,0.9791576204950064,0.7261956998683634,0.9583333333333334,0.9583333333333334,0.4,0.4,-0.2529619206266431,0.2321376334649699,-0.0208242871616731,f1
degree_matched_bottleneck__86bd7563af__i02__noisy__t01__p41000,degree_matched_bottleneck__86bd7563af__i02,degree_matched_bottleneck,degree_matched_bottleneck__86bd7563af,degree_matched_bottleneck__86bd7563af__i02__noisy__t01,noisy,1626386933,41000,0.9791576204950064,0.791304347826087,0.9372549019607844,0.9372549019607844,0.25,0.25,-0.1878532726689195,0.1459505541346972,-0.0419027185342222,f1
degree_matched_bottleneck__86bd7563af__i02__noisy__t01__p41001,degree_matched_bottleneck__86bd7563af__i02,degree_matched_bottleneck,degree_matched_bottleneck__86bd7563af,degree_matched_bottleneck__86bd7563af__i02__noisy__t01,noisy,1626386933,41001,0.9582608695652174,0.7581310123683005,0.9583333333333334,0.9583333333333334,0.25,0.25,-0.2001298571969169,0.2002023209650328,7.246376811598232e-05,f1
degree_matched_bottleneck__86bd7563af__i02__partial__t00__p41000,degree_matched_bottleneck__86bd7563af__i02,degree_matched_bottleneck,degree_matched_bottleneck__86bd7563af,degree_matched_bottleneck__86bd7563af__i02__partial__t00,partial,1514912364,41000,1.0,0.9791576204950064,1.0,1.0,0.1,0.1,-0.0208423795049934,0.0208423795049934,0.0,f1
degree_matched_bottleneck__86bd7563af__i02__partial__t00__p41001,degree_matched_bottleneck__86bd7563af__i02,degree_matched_bottleneck,degree_matched_bottleneck__86bd7563af,degree_matched_bottleneck__86bd7563af__i02__partial__t00,partial,1514912364,41001,1.0,0.9791576204950064,0.9791576204950064,0.9374728614850196,0.0,0.1,-0.0208423795049934,-0.0416847590099869,-0.0208423795049934,f1
degree_matched_bottleneck__86bd7563af__i02__partial__t01__p41000,degree_matched_bottleneck__86bd7563af__i02,degree_matched_bottleneck,degree_matched_bottleneck__86bd7563af,degree_matched_bottleneck__86bd7563af__i02__partial__t01,partial,826164,41000,1.0,0.916083916083916,0.916083916083916,0.916083916083916,0.0,0.1,-0.0839160839160839,0.0,-0.0839160839160839,f1
degree_matched_bottleneck__86bd7563af__i02__partial__t01__p41001,degree_matched_bottleneck__86bd7563af__i02,degree_matched_bottleneck,degree_matched_bottleneck__86bd7563af,degree_matched_bottleneck__86bd7563af__i02__partial__t01,partial,826164,41001,1.0,0.9165217391304348,0.9372549019607844,0.9372549019607844,0.1,0.1,-0.0834782608695652,0.0207331628303495,-0.0627450980392156,f1
degree_matched_bottleneck__86bd7563af__i03__informative__t00__p41000,degree_matched_bottleneck__86bd7563af__i03,degree_matched_bottleneck,degree_matched_bottleneck__86bd7563af,degree_matched_bottleneck__86bd7563af__i03__informative__t00,informative,441953745,41000,1.0,1.0,1.0,1.0,0.0,0.1,0.0,0.0,0.0,f1
degree_matched_bottleneck__86bd7563af__i03__informative__t00__p41001,degree_matched_bottleneck__86bd7563af__i03,degree_matched_bottleneck,degree_matched_bottleneck__86bd7563af,degree_matched_bottleneck__86bd7563af__i03__informative__t00,informative,441953745,41001,1.0,0.9791576204950064,0.9791576204950064,0.9791576204950064,0.0,0.1,-0.0208423795049934,0.0,-0.0208423795049934,f1
degree_matched_bottleneck__86bd7563af__i03__informative__t01__p41000,degree_matched_bottleneck__86bd7563af__i03,degree_matched_bottleneck,degree_matched_bottleneck__86bd7563af,degree_matched_bottleneck__86bd7563af__i03__informative__t01,informative,455367750,41000,1.0,0.9791576204950064,0.9791576204950064,1.0,0.0,0.1,-0.0208423795049934,0.0208423795049934,-0.0208423795049934,f1
degree_matched_bottleneck__86bd7563af__i03__informative__t01__p41001,degree_matched_bottleneck__86bd7563af__i03,degree_matched_bottleneck,degree_matched_bottleneck__86bd7563af,degree_matched_bottleneck__86bd7563af__i03__informative__t01,informative,455367750,41001,1.0,1.0,1.0,0.9582608695652174,0.0,0.1,0.0,-0.0417391304347826,0.0,f1
degree_matched_bottleneck__86bd7563af__i03__noisy__t00__p41000,degree_matched_bottleneck__86bd7563af__i03,degree_matched_bottleneck,degree_matched_bottleneck__86bd7563af,degree_matched_bottleneck__86bd7563af__i03__noisy__t00,noisy,862741048,41000,1.0,0.873015873015873,0.9791576204950064,0.9791576204950064,0.25,0.25,-0.1269841269841269,0.1061417474791335,-0.0208423795049934,f1
degree_matched_bottleneck__86bd7563af__i03__noisy__t00__p41001,degree_matched_bottleneck__86bd7563af__i03,degree_matched_bottleneck,degree_matched_bottleneck__86bd7563af,degree_matched_bottleneck__86bd7563af__i03__noisy__t00,noisy,862741048,41001,1.0,0.5998244844229925,0.9374728614850196,0.9374728614850196,0.4,0.4,-0.4001755155770075,0.3376483770620271,-0.0625271385149803,f1
degree_matched_bottleneck__86bd7563af__i03__noisy__t01__p41000,degree_matched_bottleneck__86bd7563af__i03,degree_matched_bottleneck,degree_matched_bottleneck__86bd7563af,degree_matched_bottleneck__86bd7563af__i03__noisy__t01,noisy,1413196035,41000,0.9372549019607844,0.7037037037037037,0.9374728614850196,0.9374728614850196,0.25,0.25,-0.2335511982570806,0.2337691577813159,0.0002179595242353,f1
degree_matched_bottleneck__86bd7563af__i03__noisy__t01__p41001,degree_matched_bottleneck__86bd7563af__i03,degree_matched_bottleneck,degree_matched_bottleneck__86bd7563af,degree_matched_bottleneck__86bd7563af__i03__noisy__t01,noisy,1413196035,41001,0.9791576204950064,0.7261956998683634,0.8541033434650456,0.8541033434650456,0.4,0.4,-0.2529619206266431,0.1279076435966821,-0.1250542770299609,f1
degree_matched_bottleneck__86bd7563af__i03__partial__t00__p41000,degree_matched_bottleneck__86bd7563af__i03,degree_matched_bottleneck,degree_matched_bottleneck__86bd7563af,degree_matched_bottleneck__86bd7563af__i03__partial__t00,partial,1189863689,41000,1.0,0.9166666666666666,0.9791576204950064,0.9791576204950064,0.1,0.1,-0.0833333333333333,0.0624909538283399,-0.0208423795049934,f1
degree_matched_bottleneck__86bd7563af__i03__partial__t00__p41001,degree_matched_bottleneck__86bd7563af__i03,degree_matched_bottleneck,degree_matched_bottleneck__86bd7563af,degree_matched_bottleneck__86bd7563af__i03__partial__t00,partial,1189863689,41001,1.0,0.9791576204950064,1.0,1.0,0.1,0.1,-0.0208423795049934,0.0208423795049934,0.0,f1
degree_matched_bottleneck__86bd7563af__i03__partial__t01__p41000,degree_matched_bottleneck__86bd7563af__i03,degree_matched_bottleneck,degree_matched_bottleneck__86bd7563af,degree_matched_bottleneck__86bd7563af__i03__partial__t01,partial,1736450668,41000,1.0,0.9374728614850196,1.0,1.0,0.1,0.1,-0.0625271385149803,0.0625271385149803,0.0,f1
degree_matched_bottleneck__86bd7563af__i03__partial__t01__p41001,degree_matched_bottleneck__86bd7563af__i03,degree_matched_bottleneck,degree_matched_bottleneck__86bd7563af,degree_matched_bottleneck__86bd7563af__i03__partial__t01,partial,1736450668,41001,1.0,1.0,1.0,1.0,0.0,0.1,0.0,0.0,0.0,f1
degree_matched_bottleneck__86bd7563af__i04__informative__t00__p41000,degree_matched_bottleneck__86bd7563af__i04,degree_matched_bottleneck,degree_matched_bottleneck__86bd7563af,degree_matched_bottleneck__86bd7563af__i04__informative__t00,informative,833648336,41000,1.0,0.9791576204950064,0.9791576204950064,1.0,0.0,0.1,-0.0208423795049934,0.0208423795049934,-0.0208423795049934,f1
degree_matched_bottleneck__86bd7563af__i04__informative__t00__p41001,degree_matched_bottleneck__86bd7563af__i04,degree_matched_bottleneck,degree_matched_bottleneck__86bd7563af,degree_matched_bottleneck__86bd7563af__i04__informative__t00,informative,833648336,41001,1.0,1.0,1.0,1.0,0.0,0.1,0.0,0.0,0.0,f1
degree_matched_bottleneck__86bd7563af__i04__informative__t01__p41000,degree_matched_bottleneck__86bd7563af__i04,degree_matched_bottleneck,degree_matched_bottleneck__86bd7563af,degree_matched_bottleneck__86bd7563af__i04__informative__t01,informative,1494468303,41000,1.0,1.0,1.0,1.0,0.1,0.1,0.0,0.0,0.0,f1
degree_matched_bottleneck__86bd7563af__i04__informative__t01__p41001,degree_matched_bottleneck__86bd7563af__i04,degree_matched_bottleneck,degree_matched_bottleneck__86bd7563af,degree_matched_bottleneck__86bd7563af__i04__informative__t01,informative,1494468303,41001,1.0,1.0,1.0,1.0,0.0,0.1,0.0,0.0,0.0,f1
degree_matched_bottleneck__86bd7563af__i04__noisy__t00__p41000,degree_matched_bottleneck__86bd7563af__i04,degree_matched_bottleneck,degree_matched_bottleneck__86bd7563af,degree_matched_bottleneck__86bd7563af__i04__noisy__t00,noisy,651746738,41000,1.0,0.7261956998683634,0.9372549019607844,0.9372549019607844,0.25,0.25,-0.2738043001316366,0.2110592020924209,-0.0627450980392156,f1
degree_matched_bottleneck__86bd7563af__i04__noisy__t00__p41001,degree_matched_bottleneck__86bd7563af__i04,degree_matched_bottleneck,degree_matched_bottleneck__86bd7563af,degree_matched_bottleneck__86bd7563af__i04__noisy__t00,noisy,651746738,41001,1.0,0.7699346405228757,0.9583333333333334,0.9583333333333334,0.25,0.25,-0.2300653594771242,0.1883986928104576,-0.0416666666666666,f1
degree_matched_bottleneck__86bd7563af__i04__noisy__t01__p41000,degree_matched_bottleneck__86bd7563af__i04,degree_matched_bottleneck,degree_matched_bottleneck__86bd7563af,degree_matched_bottleneck__86bd7563af__i04__noisy__t01,noisy,644168794,41000,0.9582608695652174,0.8124185844550587,0.8954248366013071,0.8954248366013071,0.25,0.25,-0.1458422851101587,0.0830062521462484,-0.0628360329639102,f1
degree_matched_bottleneck__86bd7563af__i04__noisy__t01__p41001,degree_matched_bottleneck__86bd7563af__i04,degree_matched_bottleneck,degree_matched_bottleneck__86bd7563af,degree_matched_bottleneck__86bd7563af__i04__noisy__t01,noisy,644168794,41001,0.9791576204950064,0.7707338254450716,0.9374728614850196,0.9374728614850196,0.25,0.25,-0.2084237950499349,0.166739036039948,-0.0416847590099869,f1
degree_matched_bottleneck__86bd7563af__i04__partial__t00__p41000,degree_matched_bottleneck__86bd7563af__i04,degree_matched_bottleneck,degree_matched_bottleneck__86bd7563af,degree_matched_bottleneck__86bd7563af__i04__partial__t00,partial,88910365,41000,1.0,0.9791576204950064,1.0,1.0,0.1,0.1,-0.0208423795049934,0.0208423795049934,0.0,f1
degree_matched_bottleneck__86bd7563af__i04__partial__t00__p41001,degree_matched_bottleneck__86bd7563af__i04,degree_matched_bottleneck,degree_matched_bottleneck__86bd7563af,degree_matched_bottleneck__86bd7563af__i04__partial__t00,partial,88910365,41001,1.0,0.9791576204950064,0.9791576204950064,1.0,0.0,0.1,-0.0208423795049934,0.0208423795049934,-0.0208423795049934,f1
degree_matched_bottleneck__86bd7563af__i04__partial__t01__p41000,degree_matched_bottleneck__86bd7563af__i04,degree_matched_bottleneck,degree_matched_bottleneck__86bd7563af,degree_matched_bottleneck__86bd7563af__i04__partial__t01,partial,560112461,41000,0.9791576204950064,0.9582608695652174,0.9791576204950064,0.9791576204950064,0.1,0.1,-0.0208967509297891,0.0208967509297891,0.0,f1
degree_matched_bottleneck__86bd7563af__i04__partial__t01__p41001,degree_matched_bottleneck__86bd7563af__i04,degree_matched_bottleneck,degree_matched_bottleneck__86bd7563af,degree_matched_bottleneck__86bd7563af__i04__partial__t01,partial,560112461,41001,0.9791576204950064,0.9582608695652174,0.9582608695652174,0.916083916083916,0.0,0.1,-0.0208967509297891,-0.0421769534813013,-0.0208967509297891,f1
degree_matched_bottleneck__8e84cdddd8__i00__informative__t00__p41000,degree_matched_bottleneck__8e84cdddd8__i00,degree_matched_bottleneck,degree_matched_bottleneck__8e84cdddd8,degree_matched_bottleneck__8e84cdddd8__i00__informative__t00,informative,1438387832,41000,1.0,0.9791576204950064,0.9791576204950064,1.0,0.0,0.1,-0.0208423795049934,0.0208423795049934,-0.0208423795049934,f1
degree_matched_bottleneck__8e84cdddd8__i00__informative__t00__p41001,degree_matched_bottleneck__8e84cdddd8__i00,degree_matched_bottleneck,degree_matched_bottleneck__8e84cdddd8,degree_matched_bottleneck__8e84cdddd8__i00__informative__t00,informative,1438387832,41001,1.0,1.0,1.0,1.0,0.1,0.1,0.0,0.0,0.0,f1
degree_matched_bottleneck__8e84cdddd8__i00__informative__t01__p41000,degree_matched_bottleneck__8e84cdddd8__i00,degree_matched_bottleneck,degree_matched_bottleneck__8e84cdddd8,degree_matched_bottleneck__8e84cdddd8__i00__informative__t01,informative,9206866,41000,1.0,0.9791576204950064,0.9791576204950064,1.0,0.0,0.1,-0.0208423795049934,0.0208423795049934,-0.0208423795049934,f1
degree_matched_bottleneck__8e84cdddd8__i00__informative__t01__p41001,degree_matched_bottleneck__8e84cdddd8__i00,degree_matched_bottleneck,degree_matched_bottleneck__8e84cdddd8,degree_matched_bottleneck__8e84cdddd8__i00__informative__t01,informative,9206866,41001,1.0,0.9791576204950064,0.9791576204950064,1.0,0.0,0.1,-0.0208423795049934,0.0208423795049934,-0.0208423795049934,f1
degree_matched_bottleneck__8e84cdddd8__i00__noisy__t00__p41000,degree_matched_bottleneck__8e84cdddd8__i00,degree_matched_bottleneck,degree_matched_bottleneck__8e84cdddd8,degree_matched_bottleneck__8e84cdddd8__i00__noisy__t00,noisy,885982924,41000,0.9374728614850196,0.8124185844550587,0.8541033434650456,0.8541033434650456,0.55,0.55,-0.1250542770299609,0.0416847590099869,-0.083369518019974,f1
degree_matched_bottleneck__8e84cdddd8__i00__noisy__t00__p41001,degree_matched_bottleneck__8e84cdddd8__i00,degree_matched_bottleneck,degree_matched_bottleneck__8e84cdddd8,degree_matched_bottleneck__8e84cdddd8__i00__noisy__t00,noisy,885982924,41001,0.9166666666666666,0.8124185844550587,0.8957881024750325,0.8957881024750325,0.55,0.55,-0.1042480822116079,0.0833695180199738,-0.0208785641916341,f1
degree_matched_bottleneck__8e84cdddd8__i00__noisy__t01__p41000,degree_matched_bottleneck__8e84cdddd8__i00,degree_matched_bottleneck,degree_matched_bottleneck__8e84cdddd8,degree_matched_bottleneck__8e84cdddd8__i00__noisy__t01,noisy,87747441,41000,0.9791576204950064,0.7883597883597884,0.8535947712418301,0.8535947712418301,0.4,0.4,-0.1907978321352181,0.0652349828820417,-0.1255628492531764,f1
degree_matched_bottleneck__8e84cdddd8__i00__noisy__t01__p41001,degree_matched_bottleneck__8e84cdddd8__i00,degree_matched_bottleneck,degree_matched_bottleneck__8e84cdddd8,degree_matched_bottleneck__8e84cdddd8__i00__noisy__t01,noisy,87747441,41001,0.9583333333333334,0.8124185844550587,0.9791576204950064,0.9791576204950064,0.55,0.55,-0.1459147488782747,0.1667390360399478,0.0208242871616731,f1
degree_matched_bottleneck__8e84cdddd8__i00__partial__t00__p41000,degree_matched_bottleneck__8e84cdddd8__i00,degree_matched_bottleneck,degree_matched_bottleneck__8e84cdddd8,degree_matched_bottleneck__8e84cdddd8__i00__partial__t00,partial,1352425306,41000,0.9372549019607844,0.9372549019607844,0.9374728614850196,0.9374728614850196,0.55,0.55,0.0,0.0002179595242353,0.0002179595242353,f1
degree_matched_bottleneck__8e84cdddd8__i00__partial__t00__p41001,degree_matched_bottleneck__8e84cdddd8__i00,degree_matched_bottleneck,degree_matched_bottleneck__8e84cdddd8,degree_matched_bottleneck__8e84cdddd8__i00__partial__t00,partial,1352425306,41001,0.9582608695652174,0.875,0.9582608695652174,0.9582608695652174,0.55,0.55,-0.0832608695652173,0.0832608695652173,0.0,f1
degree_matched_bottleneck__8e84cdddd8__i00__partial__t01__p41000,degree_matched_bottleneck__8e84cdddd8__i00,degree_matched_bottleneck,degree_matched_bottleneck__8e84cdddd8,degree_matched_bottleneck__8e84cdddd8__i00__partial__t01,partial,713907429,41000,0.9582608695652174,0.9374728614850196,0.9791576204950064,0.9791576204950064,0.4,0.4,-0.0207880080801977,0.0416847590099869,0.0208967509297891,f1
degree_matched_bottleneck__8e84cdddd8__i00__partial__t01__p41001,degree_matched_bottleneck__8e84cdddd8__i00,degree_matched_bottleneck,degree_matched_bottleneck__8e84cdddd8,degree_matched_bottleneck__8e84cdddd8__i00__partial__t01,partial,713907429,41001,0.8741258741258742,0.8124185844550587,0.9374728614850196,0.9374728614850196,0.55,0.55,-0.0617072896708155,0.1250542770299609,0.0633469873591454,f1
degree_matched_bottleneck__8e84cdddd8__i01__informative__t00__p41000,degree_matched_bottleneck__8e84cdddd8__i01,degree_matched_bottleneck,degree_matched_bottleneck__8e84cdddd8,degree_matched_bottleneck__8e84cdddd8__i01__informative__t00,informative,1083173166,41000,1.0,0.9791576204950064,0.9791576204950064,1.0,0.0,0.1,-0.0208423795049934,0.0208423795049934,-0.0208423795049934,f1
degree_matched_bottleneck__8e84cdddd8__i01__informative__t00__p41001,degree_matched_bottleneck__8e84cdddd8__i01,degree_matched_bottleneck,degree_matched_bottleneck__8e84cdddd8,degree_matched_bottleneck__8e84cdddd8__i01__informative__t00,informative,1083173166,41001,0.9791576204950064,1.0,1.0,1.0,0.0,0.1,0.0208423795049934,0.0,0.0208423795049934,f1
degree_matched_bottleneck__8e84cdddd8__i01__informative__t01__p41000,degree_matched_bottleneck__8e84cdddd8__i01,degree_matched_bottleneck,degree_matched_bottleneck__8e84cdddd8,degree_matched_bottleneck__8e84cdddd8__i01__informative__t01,informative,1515764438,41000,1.0,0.9791576204950064,0.9791576204950064,0.9791576204950064,0.1,0.1,-0.0208423795049934,0.0,-0.0208423795049934,f1
degree_matched_bottleneck__8e84cdddd8__i01__informative__t01__p41001,degree_matched_bottleneck__8e84cdddd8__i01,degree_matched_bottleneck,degree_matched_bottleneck__8e84cdddd8,degree_matched_bottleneck__8e84cdddd8__i01__informative__t01,informative,1515764438,41001,1.0,0.9583333333333334,0.9583333333333334,0.9583333333333334,0.0,0.1,-0.0416666666666666,0.0,-0.0416666666666666,f1
degree_matched_bottleneck__8e84cdddd8__i01__noisy__t00__p41000,degree_matched_bottleneck__8e84cdddd8__i01,degree_matched_bottleneck,degree_matched_bottleneck__8e84cdddd8,degree_matched_bottleneck__8e84cdddd8__i01__noisy__t00,noisy,1226624799,41000,1.0,0.8117647058823529,0.9582608695652174,0.9582608695652174,0.55,0.55,-0.188235294117647,0.1464961636828644,-0.0417391304347826,f1
degree_matched_bottleneck__8e84cdddd8__i01__noisy__t00__p41001,degree_matched_bottleneck__8e84cdddd8__i01,degree_matched_bottleneck,degree_matched_bottleneck__8e84cdddd8,degree_matched_bottleneck__8e84cdddd8__i01__noisy__t00,noisy,1226624799,41001,0.9791576204950064,0.8541033434650456,0.9374728614850196,0.9374728614850196,0.55,0.55,-0.1250542770299609,0.083369518019974,-0.0416847590099869,f1
degree_matched_bottleneck__8e84cdddd8__i01__noisy__t01__p41000,degree_matched_bottleneck__8e84cdddd8__i01,degree_matched_bottleneck,degree_matched_bottleneck__8e84cdddd8,degree_matched_bottleneck__8e84cdddd8__i01__noisy__t01,noisy,1993221827,41000,0.9791576204950064,0.7883597883597884,0.8124185844550587,0.8124185844550587,0.25,0.25,-0.1907978321352181,0.0240587960952702,-0.1667390360399478,f1
degree_matched_bottleneck__8e84cdddd8__i01__noisy__t01__p41001,degree_matched_bottleneck__8e84cdddd8__i01,degree_matched_bottleneck,degree_matched_bottleneck__8e84cdddd8,degree_matched_bottleneck__8e84cdddd8__i01__noisy__t01,noisy,1993221827,41001,0.9791576204950064,0.8124185844550587,0.8957881024750325,0.8957881024750325,0.55,0.55,-0.1667390360399478,0.0833695180199738,-0.083369518019974,f1
degree_matched_bottleneck__8e84cdddd8__i01__partial__t00__p41000,degree_matched_bottleneck__8e84cdddd8__i01,degree_matched_bottleneck,degree_matched_bottleneck__8e84cdddd8,degree_matched_bottleneck__8e84cdddd8__i01__partial__t00,partial,195481159,41000,0.9582608695652174,0.9791576204950064,0.9582608695652174,0.9582608695652174,0.1,0.1,0.0208967509297891,-0.0208967509297891,0.0,f1
degree_matched_bottleneck__8e84cdddd8__i01__partial__t00__p41001,degree_matched_bottleneck__8e84cdddd8__i01,degree_matched_bottleneck,degree_matched_bottleneck__8e84cdddd8,degree_matched_bottleneck__8e84cdddd8__i01__partial__t00,partial,195481159,41001,0.9791576204950064,0.8747826086956522,0.9374728614850196,0.9374728614850196,0.55,0.55,-0.1043750117993543,0.0626902527893674,-0.0416847590099869,f1
degree_matched_bottleneck__8e84cdddd8__i01__partial__t01__p41000,degree_matched_bottleneck__8e84cdddd8__i01,degree_matched_bottleneck,degree_matched_bottleneck__8e84cdddd8,degree_matched_bottleneck__8e84cdddd8__i01__partial__t01,partial,1810749634,41000,1.0,0.9166666666666666,0.9791576204950064,0.9791576204950064,0.55,0.55,-0.0833333333333333,0.0624909538283399,-0.0208423795049934,f1
degree_matched_bottleneck__8e84cdddd8__i01__partial__t01__p41001,degree_matched_bottleneck__8e84cdddd8__i01,degree_matched_bottleneck,degree_matched_bottleneck__8e84cdddd8,degree_matched_bottleneck__8e84cdddd8__i01__partial__t01,partial,1810749634,41001,0.9791576204950064,0.8541033434650456,0.8957881024750325,0.8957881024750325,0.55,0.55,-0.1250542770299609,0.0416847590099869,-0.083369518019974,f1
degree_matched_bottleneck__8e84cdddd8__i02__informative__t00__p41000,degree_matched_bottleneck__8e84cdddd8__i02,degree_matched_bottleneck,degree_matched_bottleneck__8e84cdddd8,degree_matched_bottleneck__8e84cdddd8__i02__informative__t00,informative,1521507216,41000,1.0,0.9791576204950064,0.9791576204950064,0.916083916083916,0.0,0.1,-0.0208423795049934,-0.0630737044110905,-0.0208423795049934,f1
degree_matched_bottleneck__8e84cdddd8__i02__informative__t00__p41001,degree_matched_bottleneck__8e84cdddd8__i02,degree_matched_bottleneck,degree_matched_bottleneck__8e84cdddd8,degree_matched_bottleneck__8e84cdddd8__i02__informative__t00,informative,1521507216,41001,0.9582608695652174,0.9372549019607844,1.0,1.0,0.1,0.1,-0.021005967604433,0.0627450980392156,0.0417391304347826,f1
degree_matched_bottleneck__8e84cdddd8__i02__informative__t01__p41000,degree_matched_bottleneck__8e84cdddd8__i02,degree_matched_bottleneck,degree_matched_bottleneck__8e84cdddd8,degree_matched_bottleneck__8e84cdddd8__i02__informative__t01,informative,302308110,41000,0.9582608695652174,1.0,1.0,1.0,0.1,0.1,0.0417391304347826,0.0,0.0417391304347826,f1
degree_matched_bottleneck__8e84cdddd8__i02__informative__t01__p41001,degree_matched_bottleneck__8e84cdddd8__i02,degree_matched_bottleneck,degree_matched_bottleneck__8e84cdddd8,degree_matched_bottleneck__8e84cdddd8__i02__informative__t01,informative,302308110,41001,1.0,0.9583333333333334,0.9791576204950064,0.9791576204950064,0.25,0.25,-0.0416666666666666,0.0208242871616731,-0.0208423795049934,f1
degree_matched_bottleneck__8e84cdddd8__i02__noisy__t00__p41000,degree_matched_bottleneck__8e84cdddd8__i02,degree_matched_bottleneck,degree_matched_bottleneck__8e84cdddd8,degree_matched_bottleneck__8e84cdddd8__i02__noisy__t00,noisy,1657547651,41000,1.0,0.6840719613865731,0.9374728614850196,0.9374728614850196,0.55,0.55,-0.3159280386134269,0.2534009000984465,-0.0625271385149803,f1
degree_matched_bottleneck__8e84cdddd8__i02__noisy__t00__p41001,degree_matched_bottleneck__8e84cdddd8__i02,degree_matched_bottleneck,degree_matched_bottleneck__8e84cdddd8,degree_matched_bottleneck__8e84cdddd8__i02__noisy__t00,noisy,1657547651,41001,0.9374728614850196,0.873015873015873,0.9582608695652174,0.9582608695652174,0.55,0.55,-0.0644569884691466,0.0852449965493443,0.0207880080801977,f1
degree_matched_bottleneck__8e84cdddd8__i02__noisy__t01__p41000,degree_matched_bottleneck__8e84cdddd8__i02,degree_matched_bottleneck,degree_matched_bottleneck__8e84cdddd8,degree_matched_bottleneck__8e84cdddd8__i02__noisy__t01,noisy,943115331,41000,1.0,0.8330434782608696,0.8333333333333334,0.8333333333333334,0.25,0.25,-0.1669565217391304,0.0002898550724638,-0.1666666666666666,f1
degree_matched_bottleneck__8e84cdddd8__i02__noisy__t01__p41001,degree_matched_bottleneck__8e84cdddd8__i02,degree_matched_bottleneck,degree_matched_bottleneck__8e84cdddd8,degree_matched_bottleneck__8e84cdddd8__i02__noisy__t01,noisy,943115331,41001,0.9791576204950064,0.875,0.9374728614850196,0.9374728614850196,0.55,0.55,-0.1041576204950065,0.0624728614850196,-0.0416847590099869,f1
degree_matched_bottleneck__8e84cdddd8__i02__partial__t00__p41000,degree_matched_bottleneck__8e84cdddd8__i02,degree_matched_bottleneck,degree_matched_bottleneck__8e84cdddd8,degree_matched_bottleneck__8e84cdddd8__i02__partial__t00,partial,877512376,41000,1.0,0.8954248366013071,1.0,1.0,0.25,0.25,-0.1045751633986928,0.1045751633986928,0.0,f1
degree_matched_bottleneck__8e84cdddd8__i02__partial__t00__p41001,degree_matched_bottleneck__8e84cdddd8__i02,degree_matched_bottleneck,degree_matched_bottleneck__8e84cdddd8,degree_matched_bottleneck__8e84cdddd8__i02__partial__t00,partial,877512376,41001,1.0,0.9583333333333334,0.9791576204950064,0.9791576204950064,0.4,0.4,-0.0416666666666666,0.0208242871616731,-0.0208423795049934,f1
degree_matched_bottleneck__8e84cdddd8__i02__partial__t01__p41000,degree_matched_bottleneck__8e84cdddd8__i02,degree_matched_bottleneck,degree_matched_bottleneck__8e84cdddd8,degree_matched_bottleneck__8e84cdddd8__i02__partial__t01,partial,1042883806,41000,1.0,0.8954248366013071,0.9374728614850196,0.9374728614850196,0.4,0.4,-0.1045751633986928,0.0420480248837125,-0.0625271385149803,f1
degree_matched_bottleneck__8e84cdddd8__i02__partial__t01__p41001,degree_matched_bottleneck__8e84cdddd8__i02,degree_matched_bottleneck,degree_matched_bottleneck__8e84cdddd8,degree_matched_bottleneck__8e84cdddd8__i02__partial__t01,partial,1042883806,41001,0.9372549019607844,0.875,0.9374728614850196,0.9374728614850196,0.25,0.25,-0.0622549019607843,0.0624728614850196,0.0002179595242353,f1
degree_matched_bottleneck__8e84cdddd8__i03__informative__t00__p41000,degree_matched_bottleneck__8e84cdddd8__i03,degree_matched_bottleneck,degree_matched_bottleneck__8e84cdddd8,degree_matched_bottleneck__8e84cdddd8__i03__informative__t00,informative,2083602363,41000,0.9372549019607844,0.9583333333333334,0.9583333333333334,0.9583333333333334,0.1,0.1,0.021078431372549,0.0,0.021078431372549,f1
degree_matched_bottleneck__8e84cdddd8__i03__informative__t00__p41001,degree_matched_bottleneck__8e84cdddd8__i03,degree_matched_bottleneck,degree_matched_bottleneck__8e84cdddd8,degree_matched_bottleneck__8e84cdddd8__i03__informative__t00,informative,2083602363,41001,0.9791576204950064,0.9791576204950064,0.9791576204950064,0.9791576204950064,0.25,0.25,0.0,0.0,0.0,f1
degree_matched_bottleneck__8e84cdddd8__i03__informative__t01__p41000,degree_matched_bottleneck__8e84cdddd8__i03,degree_matched_bottleneck,degree_matched_bottleneck__8e84cdddd8,degree_matched_bottleneck__8e84cdddd8__i03__informative__t01,informative,1569742481,41000,0.9791576204950064,0.9791576204950064,0.9582608695652174,0.9582608695652174,0.1,0.1,0.0,-0.0208967509297891,-0.0208967509297891,f1
degree_matched_bottleneck__8e84cdddd8__i03__informative__t01__p41001,degree_matched_bottleneck__8e84cdddd8__i03,degree_matched_bottleneck,degree_matched_bottleneck__8e84cdddd8,degree_matched_bottleneck__8e84cdddd8__i03__informative__t01,informative,1569742481,41001,0.9372549019607844,0.9791576204950064,0.9791576204950064,0.9791576204950064,0.0,0.1,0.0419027185342222,0.0,0.0419027185342222,f1
degree_matched_bottleneck__8e84cdddd8__i03__noisy__t00__p41000,degree_matched_bottleneck__8e84cdddd8__i03,degree_matched_bottleneck,degree_matched_bottleneck__8e84cdddd8,degree_matched_bottleneck__8e84cdddd8__i03__noisy__t00,noisy,327441598,41000,0.8541033434650456,0.75,0.8957881024750325,0.8957881024750325,0.55,0.55,-0.1041033434650455,0.1457881024750325,0.0416847590099869,f1
degree_matched_bottleneck__8e84cdddd8__i03__noisy__t00__p41001,degree_matched_bottleneck__8e84cdddd8__i03,degree_matched_bottleneck,degree_matched_bottleneck__8e84cdddd8,degree_matched_bottleneck__8e84cdddd8__i03__noisy__t00,noisy,327441598,41001,0.9165217391304348,0.8124185844550587,0.9374728614850196,0.9374728614850196,0.55,0.55,-0.1041031546753761,0.1250542770299609,0.0209511223545848,f1
degree_matched_bottleneck__8e84cdddd8__i03__noisy__t01__p41000,degree_matched_bottleneck__8e84cdddd8__i03,degree_matched_bottleneck,degree_matched_bottleneck__8e84cdddd8,degree_matched_bottleneck__8e84cdddd8__i03__noisy__t01,noisy,1757136439,41000,0.9791576204950064,0.7482517482517483,0.8333333333333334,0.8333333333333334,0.4,0.4,-0.2309058722432582,0.085081585081585,-0.1458242871616731,f1
degree_matched_bottleneck__8e84cdddd8__i03__noisy__t01__p41001,degree_matched_bottleneck__8e84cdddd8__i03,degree_matched_bottleneck,degree_matched_bottleneck__8e84cdddd8,degree_matched_bottleneck__8e84cdddd8__i03__noisy__t01,noisy,1757136439,41001,0.9583333333333334,0.8124185844550587,0.9166666666666666,0.9166666666666666,0.4,0.4,-0.1459147488782747,0.1042480822116079,-0.0416666666666667,f1
degree_matched_bottleneck__8e84cdddd8__i03__partial__t00__p41000,degree_matched_bottleneck__8e84cdddd8__i03,degree_matched_bottleneck,degree_matched_bottleneck__8e84cdddd8,degree_matched_bottleneck__8e84cdddd8__i03__partial__t00,partial,1388431258,41000,0.9582608695652174,0.8747826086956522,0.9791576204950064,0.9791576204950064,0.25,0.25,-0.0834782608695652,0.1043750117993543,0.0208967509297891,f1
degree_matched_bottleneck__8e84cdddd8__i03__partial__t00__p41001,degree_matched_bottleneck__8e84cdddd8__i03,degree_matched_bottleneck,degree_matched_bottleneck__8e84cdddd8,degree_matched_bottleneck__8e84cdddd8__i03__partial__t00,partial,1388431258,41001,1.0,0.9374728614850196,0.9374728614850196,0.9374728614850196,0.4,0.4,-0.0625271385149803,0.0,-0.0625271385149803,f1
degree_matched_bottleneck__8e84cdddd8__i03__partial__t01__p41000,degree_matched_bottleneck__8e84cdddd8__i03,degree_matched_bottleneck,degree_matched_bottleneck__8e84cdddd8,degree_matched_bottleneck__8e84cdddd8__i03__partial__t01,partial,1135736135,41000,0.9582608695652174,0.8741258741258742,0.9165217391304348,0.9165217391304348,0.4,0.4,-0.0841349954393432,0.0423958650045606,-0.0417391304347826,f1
degree_matched_bottleneck__8e84cdddd8__i03__partial__t01__p41001,degree_matched_bottleneck__8e84cdddd8__i03,degree_matched_bottleneck,degree_matched_bottleneck__8e84cdddd8,degree_matched_bottleneck__8e84cdddd8__i03__partial__t01,partial,1135736135,41001,0.9374728614850196,0.8957881024750325,0.9372549019607844,0.9372549019607844,0.25,0.25,-0.0416847590099871,0.0414667994857518,-0.0002179595242353,f1
degree_matched_bottleneck__8e84cdddd8__i04__informative__t00__p41000,degree_matched_bottleneck__8e84cdddd8__i04,degree_matched_bottleneck,degree_matched_bottleneck__8e84cdddd8,degree_matched_bottleneck__8e84cdddd8__i04__informative__t00,informative,890735854,41000,0.9791576204950064,0.9791576204950064,0.9791576204950064,1.0,0.0,0.1,0.0,0.0208423795049934,0.0,f1
degree_matched_bottleneck__8e84cdddd8__i04__informative__t00__p41001,degree_matched_bottleneck__8e84cdddd8__i04,degree_matched_bottleneck,degree_matched_bottleneck__8e84cdddd8,degree_matched_bottleneck__8e84cdddd8__i04__informative__t00,informative,890735854,41001,1.0,0.8957881024750325,0.8957881024750325,0.875,0.0,0.1,-0.1042118975249675,-0.0207881024750324,-0.1042118975249675,f1
degree_matched_bottleneck__8e84cdddd8__i04__informative__t01__p41000,degree_matched_bottleneck__8e84cdddd8__i04,degree_matched_bottleneck,degree_matched_bottleneck__8e84cdddd8,degree_matched_bottleneck__8e84cdddd8__i04__informative__t01,informative,1395157608,41000,1.0,1.0,1.0,1.0,0.0,0.1,0.0,0.0,0.0,f1
degree_matched_bottleneck__8e84cdddd8__i04__informative__t01__p41001,degree_matched_bottleneck__8e84cdddd8__i04,degree_matched_bottleneck,degree_matched_bottleneck__8e84cdddd8,degree_matched_bottleneck__8e84cdddd8__i04__informative__t01,informative,1395157608,41001,1.0,0.9582608695652174,1.0,1.0,0.25,0.25,-0.0417391304347826,0.0417391304347826,0.0,f1
degree_matched_bottleneck__8e84cdddd8__i04__noisy__t00__p41000,degree_matched_bottleneck__8e84cdddd8__i04,degree_matched_bottleneck,degree_matched_bottleneck__8e84cdddd8,degree_matched_bottleneck__8e84cdddd8__i04__noisy__t00,noisy,960744373,41000,0.9583333333333334,0.7495652173913043,0.9166666666666666,0.9166666666666666,0.4,0.4,-0.208768115942029,0.1671014492753623,-0.0416666666666667,f1
degree_matched_bottleneck__8e84cdddd8__i04__noisy__t00__p41001,degree_matched_bottleneck__8e84cdddd8__i04,degree_matched_bottleneck,degree_matched_bottleneck__8e84cdddd8,degree_matched_bottleneck__8e84cdddd8__i04__noisy__t00,noisy,960744373,41001,0.9582608695652174,0.8333333333333334,0.8957881024750325,0.8957881024750325,0.4,0.4,-0.124927536231884,0.0624547691416991,-0.0624727670901849,f1
degree_matched_bottleneck__8e84cdddd8__i04__noisy__t01__p41000,degree_matched_bottleneck__8e84cdddd8__i04,degree_matched_bottleneck,degree_matched_bottleneck__8e84cdddd8,degree_matched_bottleneck__8e84cdddd8__i04__noisy__t01,noisy,1843320084,41000,1.0,0.8321678321678322,0.9791576204950064,0.9791576204950064,0.55,0.55,-0.1678321678321678,0.1469897883271743,-0.0208423795049934,f1
degree_matched_bottleneck__8e84cdddd8__i04__noisy__t01__p41001,degree_matched_bottleneck__8e84cdddd8__i04,degree_matched_bottleneck,degree_matched_bottleneck__8e84cdddd8,degree_matched_bottleneck__8e84cdddd8__i04__noisy__t01,noisy,1843320084,41001,0.9582608695652174,0.8117647058823529,1.0,1.0,0.55,0.55,-0.1464961636828644,0.188235294117647,0.0417391304347826,f1
degree_matched_bottleneck__8e84cdddd8__i04__partial__t00__p41000,degree_matched_bottleneck__8e84cdddd8__i04,degree_matched_bottleneck,degree_matched_bottleneck__8e84cdddd8,degree_matched_bottleneck__8e84cdddd8__i04__partial__t00,partial,1777205847,41000,1.0,0.8124185844550587,0.8957881024750325,0.8957881024750325,0.4,0.4,-0.1875814155449413,0.0833695180199738,-0.1042118975249675,f1
degree_matched_bottleneck__8e84cdddd8__i04__partial__t00__p41001,degree_matched_bottleneck__8e84cdddd8__i04,degree_matched_bottleneck,degree_matched_bottleneck__8e84cdddd8,degree_matched_bottleneck__8e84cdddd8__i04__partial__t00,partial,1777205847,41001,0.9791576204950064,0.9165217391304348,0.9582608695652174,0.9582608695652174,0.4,0.4,-0.0626358813645717,0.0417391304347826,-0.0208967509297891,f1
degree_matched_bottleneck__8e84cdddd8__i04__partial__t01__p41000,degree_matched_bottleneck__8e84cdddd8__i04,degree_matched_bottleneck,degree_matched_bottleneck__8e84cdddd8,degree_matched_bottleneck__8e84cdddd8__i04__partial__t01,partial,1476782743,41000,1.0,0.8525669153137341,0.9374728614850196,0.9374728614850196,0.25,0.25,-0.1474330846862659,0.0849059461712855,-0.0625271385149803,f1
degree_matched_bottleneck__8e84cdddd8__i04__partial__t01__p41001,degree_matched_bottleneck__8e84cdddd8__i04,degree_matched_bottleneck,degree_matched_bottleneck__8e84cdddd8,degree_matched_bottleneck__8e84cdddd8__i04__partial__t01,partial,1476782743,41001,1.0,0.9374728614850196,0.9791576204950064,0.9791576204950064,0.4,0.4,-0.0625271385149803,0.0416847590099869,-0.0208423795049934,f1
degree_matched_bottleneck__91a8e55f0b__i00__informative__t00__p41000,degree_matched_bottleneck__91a8e55f0b__i00,degree_matched_bottleneck,degree_matched_bottleneck__91a8e55f0b,degree_matched_bottleneck__91a8e55f0b__i00__informative__t00,informative,2112875701,41000,0.9791576204950064,1.0,1.0,0.9791576204950064,0.0,0.1,0.0208423795049934,-0.0208423795049934,0.0208423795049934,f1
degree_matched_bottleneck__91a8e55f0b__i00__informative__t00__p41001,degree_matched_bottleneck__91a8e55f0b__i00,degree_matched_bottleneck,degree_matched_bottleneck__91a8e55f0b,degree_matched_bottleneck__91a8e55f0b__i00__informative__t00,informative,2112875701,41001,1.0,1.0,1.0,1.0,0.0,0.1,0.0,0.0,0.0,f1
degree_matched_bottleneck__91a8e55f0b__i00__informative__t01__p41000,degree_matched_bottleneck__91a8e55f0b__i00,degree_matched_bottleneck,degree_matched_bottleneck__91a8e55f0b,degree_matched_bottleneck__91a8e55f0b__i00__informative__t01,informative,1549013936,41000,1.0,0.9374728614850196,0.9374728614850196,0.9791576204950064,0.0,0.1,-0.0625271385149803,0.0416847590099869,-0.0625271385149803,f1
degree_matched_bottleneck__91a8e55f0b__i00__informative__t01__p41001,degree_matched_bottleneck__91a8e55f0b__i00,degree_matched_bottleneck,degree_matched_bottleneck__91a8e55f0b,degree_matched_bottleneck__91a8e55f0b__i00__informative__t01,informative,1549013936,41001,1.0,0.9791576204950064,0.9791576204950064,1.0,0.0,0.1,-0.0208423795049934,0.0208423795049934,-0.0208423795049934,f1
degree_matched_bottleneck__91a8e55f0b__i00__noisy__t00__p41000,degree_matched_bottleneck__91a8e55f0b__i00,degree_matched_bottleneck,degree_matched_bottleneck__91a8e55f0b,degree_matched_bottleneck__91a8e55f0b__i00__noisy__t00,noisy,1935814780,41000,0.9582608695652174,0.8535947712418301,0.9165217391304348,0.9165217391304348,0.55,0.55,-0.1046660983233872,0.0629269678886046,-0.0417391304347826,f1
degree_matched_bottleneck__91a8e55f0b__i00__noisy__t00__p41001,degree_matched_bottleneck__91a8e55f0b__i00,degree_matched_bottleneck,degree_matched_bottleneck__91a8e55f0b,degree_matched_bottleneck__91a8e55f0b__i00__noisy__t00,noisy,1935814780,41001,0.9372549019607844,0.8104431768319438,0.8741258741258742,0.8741258741258742,0.25,0.25,-0.1268117251288405,0.0636826972939303,-0.0631290278349101,f1
degree_matched_bottleneck__91a8e55f0b__i00__noisy__t01__p41000,degree_matched_bottleneck__91a8e55f0b__i00,degree_matched_bottleneck,degree_matched_bottleneck__91a8e55f0b,degree_matched_bottleneck__91a8e55f0b__i00__noisy__t01,noisy,1056307761,41000,1.0,0.6840719613865731,0.9372549019607844,0.9372549019607844,0.4,0.4,-0.3159280386134269,0.2531829405742112,-0.0627450980392156,f1
degree_matched_bottleneck__91a8e55f0b__i00__noisy__t01__p41001,degree_matched_bottleneck__91a8e55f0b__i00,degree_matched_bottleneck,degree_matched_bottleneck__91a8e55f0b,degree_matched_bottleneck__91a8e55f0b__i00__noisy__t01,noisy,1056307761,41001,1.0,0.9165217391304348,0.9583333333333334,0.9583333333333334,0.55,0.55,-0.0834782608695652,0.0418115942028985,-0.0416666666666666,f1
degree_matched_bottleneck__91a8e55f0b__i00__partial__t00__p41000,degree_matched_bottleneck__91a8e55f0b__i00,degree_matched_bottleneck,degree_matched_bottleneck__91a8e55f0b,degree_matched_bottleneck__91a8e55f0b__i00__partial__t00,partial,676803564,41000,1.0,0.9582608695652174,0.9791576204950064,0.9791576204950064,0.4,0.4,-0.0417391304347826,0.0208967509297891,-0.0208423795049934,f1
degree_matched_bottleneck__91a8e55f0b__i00__partial__t00__p41001,degree_matched_bottleneck__91a8e55f0b__i00,degree_matched_bottleneck,degree_matched_bottleneck__91a8e55f0b,degree_matched_bottleneck__91a8e55f0b__i00__partial__t00,partial,676803564,41001,0.9791576204950064,0.8954248366013071,0.9582608695652174,0.9582608695652174,0.1,0.1,-0.0837327838936994,0.0628360329639102,-0.0208967509297891,f1
degree_matched_bottleneck__91a8e55f0b__i00__partial__t01__p41000,degree_matched_bottleneck__91a8e55f0b__i00,degree_matched_bottleneck,degree_matched_bottleneck__91a8e55f0b,degree_matched_bottleneck__91a8e55f0b__i00__partial__t01,partial,64864875,41000,0.9791576204950064,0.8541033434650456,0.9583333333333334,0.9583333333333334,0.25,0.25,-0.1250542770299609,0.1042299898682878,-0.0208242871616731,f1
degree_matched_bottleneck__91a8e55f0b__i00__partial__t01__p41001,degree_matched_bottleneck__91a8e55f0b__i00,degree_matched_bottleneck,degree_matched_bottleneck__91a8e55f0b,degree_matched_bottleneck__91a8e55f0b__i00__partial__t01,partial,64864875,41001,1.0,0.9374728614850196,1.0,1.0,0.4,0.4,-0.0625271385149803,0.0625271385149803,0.0,f1
degree_matched_bottleneck__91a8e55f0b__i01__informative__t00__p41000,degree_matched_bottleneck__91a8e55f0b__i01,degree_matched_bottleneck,degree_matched_bottleneck__91a8e55f0b,degree_matched_bottleneck__91a8e55f0b__i01__informative__t00,informative,1311608124,41000,0.9791576204950064,0.9791576204950064,1.0,1.0,0.1,0.1,0.0,0.0208423795049934,0.0208423795049934,f1
degree_matched_bottleneck__91a8e55f0b__i01__informative__t00__p41001,degree_matched_bottleneck__91a8e55f0b__i01,degree_matched_bottleneck,degree_matched_bottleneck__91a8e55f0b,degree_matched_bottleneck__91a8e55f0b__i01__informative__t00,informative,1311608124,41001,1.0,0.9791576204950064,0.9791576204950064,1.0,0.0,0.1,-0.0208423795049934,0.0208423795049934,-0.0208423795049934,f1
degree_matched_bottleneck__91a8e55f0b__i01__informative__t01__p41000,degree_matched_bottleneck__91a8e55f0b__i01,degree_matched_bottleneck,degree_matched_bottleneck__91a8e55f0b,degree_matched_bottleneck__91a8e55f0b__i01__informative__t01,informative,1345187644,41000,1.0,0.8541033434650456,0.8541033434650456,0.9372549019607844,0.0,0.1,-0.1458966565349544,0.0831515584957387,-0.1458966565349544,f1
degree_matched_bottleneck__91a8e55f0b__i01__informative__t01__p41001,degree_matched_bottleneck__91a8e55f0b__i01,degree_matched_bottleneck,degree_matched_bottleneck__91a8e55f0b,degree_matched_bottleneck__91a8e55f0b__i01__informative__t01,informative,1345187644,41001,1.0,0.9791576204950064,0.9791576204950064,1.0,0.0,0.1,-0.0208423795049934,0.0208423795049934,-0.0208423795049934,f1
degree_matched_bottleneck__91a8e55f0b__i01__noisy__t00__p41000,degree_matched_bottleneck__91a8e55f0b__i01,degree_matched_bottleneck,degree_matched_bottleneck__91a8e55f0b,degree_matched_bottleneck__91a8e55f0b__i01__noisy__t00,noisy,23522867,41000,0.9791576204950064,0.8306878306878307,0.9582608695652174,0.9582608695652174,0.55,0.55,-0.1484697898071758,0.1275730388773867,-0.0208967509297891,f1
degree_matched_bottleneck__91a8e55f0b__i01__noisy__t00__p41001,degree_matched_bottleneck__91a8e55f0b__i01,degree_matched_bottleneck,degree_matched_bottleneck__91a8e55f0b,degree_matched_bottleneck__91a8e55f0b__i01__noisy__t00,noisy,23522867,41001,0.9791576204950064,0.791304347826087,0.8957881024750325,0.8957881024750325,0.4,0.4,-0.1878532726689195,0.1044837546489454,-0.083369518019974,f1
degree_matched_bottleneck__91a8e55f0b__i01__noisy__t01__p41000,degree_matched_bottleneck__91a8e55f0b__i01,degree_matched_bottleneck,degree_matched_bottleneck__91a8e55f0b,degree_matched_bottleneck__91a8e55f0b__i01__noisy__t01,noisy,463114495,41000,1.0,0.791304347826087,0.9166666666666666,0.9166666666666666,0.55,0.55,-0.2086956521739129,0.1253623188405795,-0.0833333333333333,f1
degree_matched_bottleneck__91a8e55f0b__i01__noisy__t01__p41001,degree_matched_bottleneck__91a8e55f0b__i01,degree_matched_bottleneck,degree_matched_bottleneck__91a8e55f0b,degree_matched_bottleneck__91a8e55f0b__i01__noisy__t01,noisy,463114495,41001,0.9791576204950064,0.8741258741258742,0.9374728614850196,0.9374728614850196,0.4,0.4,-0.1050317463691323,0.0633469873591454,-0.0416847590099869,f1
degree_matched_bottleneck__91a8e55f0b__i01__partial__t00__p41000,degree_matched_bottleneck__91a8e55f0b__i01,degree_matched_bottleneck,degree_matched_bottleneck__91a8e55f0b,degree_matched_bottleneck__91a8e55f0b__i01__partial__t00,partial,1300664636,41000,1.0,0.791304347826087,0.9166666666666666,0.9166666666666666,0.25,0.25,-0.2086956521739129,0.1253623188405795,-0.0833333333333333,f1
degree_matched_bottleneck__91a8e55f0b__i01__partial__t00__p41001,degree_matched_bottleneck__91a8e55f0b__i01,degree_matched_bottleneck,degree_matched_bottleneck__91a8e55f0b,degree_matched_bottleneck__91a8e55f0b__i01__partial__t00,partial,1300664636,41001,1.0,0.9166666666666666,1.0,1.0,0.25,0.25,-0.0833333333333333,0.0833333333333333,0.0,f1
degree_matched_bottleneck__91a8e55f0b__i01__partial__t01__p41000,degree_matched_bottleneck__91a8e55f0b__i01,degree_matched_bottleneck,degree_matched_bottleneck__91a8e55f0b,degree_matched_bottleneck__91a8e55f0b__i01__partial__t01,partial,1967581645,41000,0.9791576204950064,0.8954248366013071,0.9791576204950064,0.9791576204950064,0.25,0.25,-0.0837327838936994,0.0837327838936994,0.0,f1
degree_matched_bottleneck__91a8e55f0b__i01__partial__t01__p41001,degree_matched_bottleneck__91a8e55f0b__i01,degree_matched_bottleneck,degree_matched_bottleneck__91a8e55f0b,degree_matched_bottleneck__91a8e55f0b__i01__partial__t01,partial,1967581645,41001,1.0,0.9165217391304348,0.9583333333333334,0.9583333333333334,0.55,0.55,-0.0834782608695652,0.0418115942028985,-0.0416666666666666,f1
degree_matched_bottleneck__91a8e55f0b__i02__informative__t00__p41000,degree_matched_bottleneck__91a8e55f0b__i02,degree_matched_bottleneck,degree_matched_bottleneck__91a8e55f0b,degree_matched_bottleneck__91a8e55f0b__i02__informative__t00,informative,694837580,41000,0.9791576204950064,0.916083916083916,0.9791576204950064,0.9791576204950064,0.1,0.1,-0.0630737044110905,0.0630737044110905,0.0,f1
degree_matched_bottleneck__91a8e55f0b__i02__informative__t00__p41001,degree_matched_bottleneck__91a8e55f0b__i02,degree_matched_bottleneck,degree_matched_bottleneck__91a8e55f0b,degree_matched_bottleneck__91a8e55f0b__i02__informative__t00,informative,694837580,41001,0.9791576204950064,1.0,1.0,1.0,0.1,0.1,0.0208423795049934,0.0,0.0208423795049934,f1
degree_matched_bottleneck__91a8e55f0b__i02__informative__t01__p41000,degree_matched_bottleneck__91a8e55f0b__i02,degree_matched_bottleneck,degree_matched_bottleneck__91a8e55f0b,degree_matched_bottleneck__91a8e55f0b__i02__informative__t01,informative,1156857935,41000,0.9791576204950064,0.9791576204950064,0.9791576204950064,1.0,0.0,0.1,0.0,0.0208423795049934,0.0,f1
degree_matched_bottleneck__91a8e55f0b__i02__informative__t01__p41001,degree_matched_bottleneck__91a8e55f0b__i02,degree_matched_bottleneck,degree_matched_bottleneck__91a8e55f0b,degree_matched_bottleneck__91a8e55f0b__i02__informative__t01,informative,1156857935,41001,0.9372549019607844,0.916083916083916,0.916083916083916,0.9791576204950064,0.0,0.1,-0.0211709858768682,0.0630737044110905,-0.0211709858768682,f1
degree_matched_bottleneck__91a8e55f0b__i02__noisy__t00__p41000,degree_matched_bottleneck__91a8e55f0b__i02,degree_matched_bottleneck,degree_matched_bottleneck__91a8e55f0b,degree_matched_bottleneck__91a8e55f0b__i02__noisy__t00,noisy,569397821,41000,0.9791576204950064,0.8541033434650456,0.9583333333333334,0.9583333333333334,0.4,0.4,-0.1250542770299609,0.1042299898682878,-0.0208242871616731,f1
degree_matched_bottleneck__91a8e55f0b__i02__noisy__t00__p41001,degree_matched_bottleneck__91a8e55f0b__i02,degree_matched_bottleneck,degree_matched_bottleneck__91a8e55f0b,degree_matched_bottleneck__91a8e55f0b__i02__noisy__t00,noisy,569397821,41001,0.9791576204950064,0.8541033434650456,0.9165217391304348,0.9165217391304348,0.4,0.4,-0.1250542770299609,0.0624183956653892,-0.0626358813645717,f1
degree_matched_bottleneck__91a8e55f0b__i02__noisy__t01__p41000,degree_matched_bottleneck__91a8e55f0b__i02,degree_matched_bottleneck,degree_matched_bottleneck__91a8e55f0b,degree_matched_bottleneck__91a8e55f0b__i02__noisy__t01,noisy,1849383195,41000,0.9791576204950064,0.791304347826087,0.9582608695652174,0.9582608695652174,0.55,0.55,-0.1878532726689195,0.1669565217391303,-0.0208967509297891,f1
degree_matched_bottleneck__91a8e55f0b__i02__noisy__t01__p41001,degree_matched_bottleneck__91a8e55f0b__i02,degree_matched_bottleneck,degree_matched_bottleneck__91a8e55f0b,degree_matched_bottleneck__91a8e55f0b__i02__noisy__t01,noisy,1849383195,41001,0.9166666666666666,0.7083333333333334,0.7902097902097902,0.7902097902097902,0.55,0.55,-0.2083333333333332,0.0818764568764568,-0.1264568764568764,f1
degree_matched_bottleneck__91a8e55f0b__i02__partial__t00__p41000,degree_matched_bottleneck__91a8e55f0b__i02,degree_matched_bottleneck,degree_matched_bottleneck__91a8e55f0b,degree_matched_bottleneck__91a8e55f0b__i02__partial__t00,partial,588865557,41000,1.0,0.9582608695652174,0.9582608695652174,0.9582608695652174,0.1,0.1,-0.0417391304347826,0.0,-0.0417391304347826,f1
degree_matched_bottleneck__91a8e55f0b__i02__partial__t00__p41001,degree_matched_bottleneck__91a8e55f0b__i02,degree_matched_bottleneck,degree_matched_bottleneck__91a8e55f0b,degree_matched_bottleneck__91a8e55f0b__i02__partial__t00,partial,588865557,41001,0.9791576204950064,0.8541033434650456,0.9583333333333334,0.9583333333333334,0.25,0.25,-0.1250542770299609,0.1042299898682878,-0.0208242871616731,f1
degree_matched_bottleneck__91a8e55f0b__i02__partial__t01__p41000,degree_matched_bottleneck__91a8e55f0b__i02,degree_matched_bottleneck,degree_matched_bottleneck__91a8e55f0b,degree_matched_bottleneck__91a8e55f0b__i02__partial__t01,partial,1893309332,41000,1.0,0.9791576204950064,0.9582608695652174,0.9582608695652174,0.4,0.4,-0.0208423795049934,-0.0208967509297891,-0.0417391304347826,f1
degree_matched_bottleneck__91a8e55f0b__i02__partial__t01__p41001,degree_matched_bottleneck__91a8e55f0b__i02,degree_matched_bottleneck,degree_matched_bottleneck__91a8e55f0b,degree_matched_bottleneck__91a8e55f0b__i02__partial__t01,partial,1893309332,41001,1.0,0.9374728614850196,0.9582608695652174,0.9582608695652174,0.1,0.1,-0.0625271385149803,0.0207880080801977,-0.0417391304347826,f1
degree_matched_bottleneck__91a8e55f0b__i03__informative__t00__p41000,degree_matched_bottleneck__91a8e55f0b__i03,degree_matched_bottleneck,degree_matched_bottleneck__91a8e55f0b,degree_matched_bottleneck__91a8e55f0b__i03__informative__t00,informative,1760836173,41000,1.0,1.0,1.0,1.0,0.0,0.1,0.0,0.0,0.0,f1
degree_matched_bottleneck__91a8e55f0b__i03__informative__t00__p41001,degree_matched_bottleneck__91a8e55f0b__i03,degree_matched_bottleneck,degree_matched_bottleneck__91a8e55f0b,degree_matched_bottleneck__91a8e55f0b__i03__informative__t00,informative,1760836173,41001,1.0,1.0,1.0,0.9791576204950064,0.0,0.1,0.0,-0.0208423795049934,0.0,f1
degree_matched_bottleneck__91a8e55f0b__i03__informative__t01__p41000,degree_matched_bottleneck__91a8e55f0b__i03,degree_matched_bottleneck,degree_matched_bottleneck__91a8e55f0b,degree_matched_bottleneck__91a8e55f0b__i03__informative__t01,informative,1197454929,41000,1.0,0.9582608695652174,0.9582608695652174,0.9791576204950064,0.0,0.1,-0.0417391304347826,0.0208967509297891,-0.0417391304347826,f1
degree_matched_bottleneck__91a8e55f0b__i03__informative__t01__p41001,degree_matched_bottleneck__91a8e55f0b__i03,degree_matched_bottleneck,degree_matched_bottleneck__91a8e55f0b,degree_matched_bottleneck__91a8e55f0b__i03__informative__t01,informative,1197454929,41001,0.9374728614850196,0.9582608695652174,0.9582608695652174,0.9372549019607844,0.0,0.1,0.0207880080801977,-0.021005967604433,0.0207880080801977,f1
degree_matched_bottleneck__91a8e55f0b__i03__noisy__t00__p41000,degree_matched_bottleneck__91a8e55f0b__i03,degree_matched_bottleneck,degree_matched_bottleneck__91a8e55f0b,degree_matched_bottleneck__91a8e55f0b__i03__noisy__t00,noisy,1743429641,41000,1.0,0.8333333333333334,0.9583333333333334,0.9583333333333334,0.55,0.55,-0.1666666666666666,0.125,-0.0416666666666666,f1
degree_matched_bottleneck__91a8e55f0b__i03__noisy__t00__p41001,degree_matched_bottleneck__91a8e55f0b__i03,degree_matched_bottleneck,degree_matched_bottleneck__91a8e55f0b,degree_matched_bottleneck__91a8e55f0b__i03__noisy__t00,noisy,1743429641,41001,0.9791576204950064,0.791304347826087,0.9583333333333334,0.9583333333333334,0.25,0.25,-0.1878532726689195,0.1670289855072463,-0.0208242871616731,f1
degree_matched_bottleneck__91a8e55f0b__i03__noisy__t01__p41000,degree_matched_bottleneck__91a8e55f0b__i03,degree_matched_bottleneck,degree_matched_bottleneck__91a8e55f0b,degree_matched_bottleneck__91a8e55f0b__i03__noisy__t01,noisy,1763728963,41000,0.9582608695652174,0.9165217391304348,0.9791576204950064,0.9791576204950064,0.4,0.4,-0.0417391304347826,0.0626358813645717,0.0208967509297891,f1
degree_matched_bottleneck__91a8e55f0b__i03__noisy__t01__p41001,degree_matched_bottleneck__91a8e55f0b__i03,degree_matched_bottleneck,degree_matched_bottleneck__91a8e55f0b,degree_matched_bottleneck__91a8e55f0b__i03__noisy__t01,noisy,1763728963,41001,0.9582608695652174,0.8957881024750325,0.9374728614850196,0.9374728614850196,0.4,0.4,-0.0624727670901849,0.0416847590099871,-0.0207880080801977,f1
degree_matched_bottleneck__91a8e55f0b__i03__partial__t00__p41000,degree_matched_bottleneck__91a8e55f0b__i03,degree_matched_bottleneck,degree_matched_bottleneck__91a8e55f0b,degree_matched_bottleneck__91a8e55f0b__i03__partial__t00,partial,648806597,41000,0.9372549019607844,0.875,0.9583333333333334,0.9583333333333334,0.1,0.1,-0.0622549019607843,0.0833333333333333,0.021078431372549,f1
degree_matched_bottleneck__91a8e55f0b__i03__partial__t00__p41001,degree_matched_bottleneck__91a8e55f0b__i03,degree_matched_bottleneck,degree_matched_bottleneck__91a8e55f0b,degree_matched_bottleneck__91a8e55f0b__i03__partial__t00,partial,648806597,41001,1.0,0.8747826086956522,0.8747826086956522,0.9374728614850196,0.0,0.25,-0.1252173913043478,0.0626902527893674,-0.1252173913043478,f1
degree_matched_bottleneck__91a8e55f0b__i03__partial__t01__p41000,degree_matched_bottleneck__91a8e55f0b__i03,degree_matched_bottleneck,degree_matched_bottleneck__91a8e55f0b,degree_matched_bottleneck__91a8e55f0b__i03__partial__t01,partial,273880756,41000,1.0,0.916083916083916,0.9583333333333334,0.9583333333333334,0.4,0.4,-0.0839160839160839,0.0422494172494173,-0.0416666666666666,f1
degree_matched_bottleneck__91a8e55f0b__i03__partial__t01__p41001,degree_matched_bottleneck__91a8e55f0b__i03,degree_matched_bottleneck,degree_matched_bottleneck__91a8e55f0b,degree_matched_bottleneck__91a8e55f0b__i03__partial__t01,partial,273880756,41001,1.0,0.9372549019607844,0.9583333333333334,0.9583333333333334,0.4,0.4,-0.0627450980392156,0.021078431372549,-0.0416666666666666,f1
degree_matched_bottleneck__91a8e55f0b__i04__informative__t00__p41000,degree_matched_bottleneck__91a8e55f0b__i04,degree_matched_bottleneck,degree_matched_bottleneck__91a8e55f0b,degree_matched_bottleneck__91a8e55f0b__i04__informative__t00,informative,822889275,41000,1.0,1.0,1.0,0.9791576204950064,0.0,0.1,0.0,-0.0208423795049934,0.0,f1
degree_matched_bottleneck__91a8e55f0b__i04__informative__t00__p41001,degree_matched_bottleneck__91a8e55f0b__i04,degree_matched_bottleneck,degree_matched_bottleneck__91a8e55f0b,degree_matched_bottleneck__91a8e55f0b__i04__informative__t00,informative,822889275,41001,1.0,1.0,0.9791576204950064,0.9791576204950064,0.1,0.1,0.0,-0.0208423795049934,-0.0208423795049934,f1
degree_matched_bottleneck__91a8e55f0b__i04__informative__t01__p41000,degree_matched_bottleneck__91a8e55f0b__i04,degree_matched_bottleneck,degree_matched_bottleneck__91a8e55f0b,degree_matched_bottleneck__91a8e55f0b__i04__informative__t01,informative,488444900,41000,1.0,0.9791576204950064,0.9791576204950064,0.9791576204950064,0.1,0.1,-0.0208423795049934,0.0,-0.0208423795049934,f1
degree_matched_bottleneck__91a8e55f0b__i04__informative__t01__p41001,degree_matched_bottleneck__91a8e55f0b__i04,degree_matched_bottleneck,degree_matched_bottleneck__91a8e55f0b,degree_matched_bottleneck__91a8e55f0b__i04__informative__t01,informative,488444900,41001,1.0,1.0,1.0,1.0,0.0,0.1,0.0,0.0,0.0,f1
degree_matched_bottleneck__91a8e55f0b__i04__noisy__t00__p41000,degree_matched_bottleneck__91a8e55f0b__i04,degree_matched_bottleneck,degree_matched_bottleneck__91a8e55f0b,degree_matched_bottleneck__91a8e55f0b__i04__noisy__t00,noisy,1808407835,41000,0.9791576204950064,0.8330434782608696,0.8330434782608696,0.8330434782608696,0.25,0.25,-0.146114142234137,0.0,-0.146114142234137,f1
degree_matched_bottleneck__91a8e55f0b__i04__noisy__t00__p41001,degree_matched_bottleneck__91a8e55f0b__i04,degree_matched_bottleneck,degree_matched_bottleneck__91a8e55f0b,degree_matched_bottleneck__91a8e55f0b__i04__noisy__t00,noisy,1808407835,41001,0.9791576204950064,0.7290490664350847,0.8525669153137341,0.8525669153137341,0.4,0.4,-0.2501085540599218,0.1235178488786493,-0.1265907051812724,f1
degree_matched_bottleneck__91a8e55f0b__i04__noisy__t01__p41000,degree_matched_bottleneck__91a8e55f0b__i04,degree_matched_bottleneck,degree_matched_bottleneck__91a8e55f0b,degree_matched_bottleneck__91a8e55f0b__i04__noisy__t01,noisy,1532446690,41000,0.9583333333333334,0.8333333333333334,0.9165217391304348,0.9165217391304348,0.25,0.25,-0.125,0.0831884057971014,-0.0418115942028985,f1
degree_matched_bottleneck__91a8e55f0b__i04__noisy__t01__p41001,degree_matched_bottleneck__91a8e55f0b__i04,degree_matched_bottleneck,degree_matched_bottleneck__91a8e55f0b,degree_matched_bottleneck__91a8e55f0b__i04__noisy__t01,noisy,1532446690,41001,0.9374728614850196,0.6515426497277677,0.9165217391304348,0.9165217391304348,0.55,0.55,-0.285930211757252,0.2649790894026671,-0.0209511223545848,f1
degree_matched_bottleneck__91a8e55f0b__i04__partial__t00__p41000,degree_matched_bottleneck__91a8e55f0b__i04,degree_matched_bottleneck,degree_matched_bottleneck__91a8e55f0b,degree_matched_bottleneck__91a8e55f0b__i04__partial__t00,partial,1805677488,41000,1.0,0.916083916083916,1.0,1.0,0.55,0.55,-0.0839160839160839,0.0839160839160839,0.0,f1
degree_matched_bottleneck__91a8e55f0b__i04__partial__t00__p41001,degree_matched_bottleneck__91a8e55f0b__i04,degree_matched_bottleneck,degree_matched_bottleneck__91a8e55f0b,degree_matched_bottleneck__91a8e55f0b__i04__partial__t00,partial,1805677488,41001,0.9791576204950064,0.8541033434650456,0.9791576204950064,0.9791576204950064,0.25,0.25,-0.1250542770299609,0.1250542770299609,0.0,f1
degree_matched_bottleneck__91a8e55f0b__i04__partial__t01__p41000,degree_matched_bottleneck__91a8e55f0b__i04,degree_matched_bottleneck,degree_matched_bottleneck__91a8e55f0b,degree_matched_bottleneck__91a8e55f0b__i04__partial__t01,partial,323470216,41000,0.9791576204950064,0.9372549019607844,0.9372549019607844,0.9582608695652174,0.0,0.1,-0.0419027185342222,0.021005967604433,-0.0419027185342222,f1
degree_matched_bottleneck__91a8e55f0b__i04__partial__t01__p41001,degree_matched_bottleneck__91a8e55f0b__i04,degree_matched_bottleneck,degree_matched_bottleneck__91a8e55f0b,degree_matched_bottleneck__91a8e55f0b__i04__partial__t01,partial,323470216,41001,1.0,0.8535947712418301,0.9374728614850196,0.9374728614850196,0.1,0.1,-0.1464052287581698,0.0838780902431894,-0.0625271385149803,f1
degree_matched_bottleneck__ac9ba75c2b__i00__informative__t00__p41000,degree_matched_bottleneck__ac9ba75c2b__i00,degree_matched_bottleneck,degree_matched_bottleneck__ac9ba75c2b,degree_matched_bottleneck__ac9ba75c2b__i00__informative__t00,informative,291801894,41000,1.0,0.9374728614850196,0.9374728614850196,0.9791576204950064,0.0,0.1,-0.0625271385149803,0.0416847590099869,-0.0625271385149803,f1
degree_matched_bottleneck__ac9ba75c2b__i00__informative__t00__p41001,degree_matched_bottleneck__ac9ba75c2b__i00,degree_matched_bottleneck,degree_matched_bottleneck__ac9ba75c2b,degree_matched_bottleneck__ac9ba75c2b__i00__informative__t00,informative,291801894,41001,1.0,0.9372549019607844,0.9372549019607844,1.0,0.0,0.1,-0.0627450980392156,0.0627450980392156,-0.0627450980392156,f1
degree_matched_bottleneck__ac9ba75c2b__i00__informative__t01__p41000,degree_matched_bottleneck__ac9ba75c2b__i00,degree_matched_bottleneck,degree_matched_bottleneck__ac9ba75c2b,degree_matched_bottleneck__ac9ba75c2b__i00__informative__t01,informative,1154682008,41000,1.0,1.0,1.0,1.0,0.0,0.1,0.0,0.0,0.0,f1
degree_matched_bottleneck__ac9ba75c2b__i00__informative__t01__p41001,degree_matched_bottleneck__ac9ba75c2b__i00,degree_matched_bottleneck,degree_matched_bottleneck__ac9ba75c2b,degree_matched_bottleneck__ac9ba75c2b__i00__informative__t01,informative,1154682008,41001,1.0,1.0,1.0,0.9372549019607844,0.0,0.1,0.0,-0.0627450980392156,0.0,f1
degree_matched_bottleneck__ac9ba75c2b__i00__noisy__t00__p41000,degree_matched_bottleneck__ac9ba75c2b__i00,degree_matched_bottleneck,degree_matched_bottleneck__ac9ba75c2b,degree_matched_bottleneck__ac9ba75c2b__i00__noisy__t00,noisy,23505451,41000,0.9791576204950064,0.8747826086956522,0.8535947712418301,0.8535947712418301,0.55,0.55,-0.1043750117993543,-0.021187837453822,-0.1255628492531764,f1
degree_matched_bottleneck__ac9ba75c2b__i00__noisy__t00__p41001,degree_matched_bottleneck__ac9ba75c2b__i00,degree_matched_bottleneck,degree_matched_bottleneck__ac9ba75c2b,degree_matched_bottleneck__ac9ba75c2b__i00__noisy__t00,noisy,23505451,41001,1.0,0.75,0.9583333333333334,0.9583333333333334,0.25,0.25,-0.25,0.2083333333333333,-0.0416666666666666,f1
degree_matched_bottleneck__ac9ba75c2b__i00__noisy__t01__p41000,degree_matched_bottleneck__ac9ba75c2b__i00,degree_matched_bottleneck,degree_matched_bottleneck__ac9ba75c2b,degree_matched_bottleneck__ac9ba75c2b__i00__noisy__t01,noisy,685249638,41000,1.0,0.7916666666666666,0.8957881024750325,0.8957881024750325,0.55,0.55,-0.2083333333333333,0.1041214358083658,-0.1042118975249675,f1
degree_matched_bottleneck__ac9ba75c2b__i00__noisy__t01__p41001,degree_matched_bottleneck__ac9ba75c2b__i00,degree_matched_bottleneck,degree_matched_bottleneck__ac9ba75c2b,degree_matched_bottleneck__ac9ba75c2b__i00__noisy__t01,noisy,685249638,41001,1.0,0.8330434782608696,0.9791576204950064,0.9791576204950064,0.25,0.25,-0.1669565217391304,0.146114142234137,-0.0208423795049934,f1
degree_matched_bottleneck__ac9ba75c2b__i00__partial__t00__p41000,degree_matched_bottleneck__ac9ba75c2b__i00,degree_matched_bottleneck,degree_matched_bottleneck__ac9ba75c2b,degree_matched_bottleneck__ac9ba75c2b__i00__partial__t00,partial,1576005103,41000,0.9791576204950064,0.9791576204950064,0.9791576204950064,0.9791576204950064,0.0,0.1,0.0,0.0,0.0,f1
degree_matched_bottleneck__ac9ba75c2b__i00__partial__t00__p41001,degree_matched_bottleneck__ac9ba75c2b__i00,degree_matched_bottleneck,degree_matched_bottleneck__ac9ba75c2b,degree_matched_bottleneck__ac9ba75c2b__i00__partial__t00,partial,1576005103,41001,1.0,1.0,1.0,1.0,0.1,0.1,0.0,0.0,0.0,f1
degree_matched_bottleneck__ac9ba75c2b__i00__partial__t01__p41000,degree_matched_bottleneck__ac9ba75c2b__i00,degree_matched_bottleneck,degree_matched_bottleneck__ac9ba75c2b,degree_matched_bottleneck__ac9ba75c2b__i00__partial__t01,partial,143146351,41000,1.0,0.9582608695652174,0.9372549019607844,0.9372549019607844,0.1,0.1,-0.0417391304347826,-0.021005967604433,-0.0627450980392156,f1
degree_matched_bottleneck__ac9ba75c2b__i00__partial__t01__p41001,degree_matched_bottleneck__ac9ba75c2b__i00,degree_matched_bottleneck,degree_matched_bottleneck__ac9ba75c2b,degree_matched_bottleneck__ac9ba75c2b__i00__partial__t01,partial,143146351,41001,1.0,0.9165217391304348,1.0,1.0,0.1,0.1,-0.0834782608695652,0.0834782608695652,0.0,f1
degree_matched_bottleneck__ac9ba75c2b__i01__informative__t00__p41000,degree_matched_bottleneck__ac9ba75c2b__i01,degree_matched_bottleneck,degree_matched_bottleneck__ac9ba75c2b,degree_matched_bottleneck__ac9ba75c2b__i01__informative__t00,informative,804220514,41000,1.0,1.0,1.0,0.9791576204950064,0.0,0.1,0.0,-0.0208423795049934,0.0,f1
degree_matched_bottleneck__ac9ba75c2b__i01__informative__t00__p41001,degree_matched_bottleneck__ac9ba75c2b__i01,degree_matched_bottleneck,degree_matched_bottleneck__ac9ba75c2b,degree_matched_bottleneck__ac9ba75c2b__i01__informative__t00,informative,804220514,41001,0.9791576204950064,0.9791576204950064,0.9791576204950064,0.9582608695652174,0.0,0.1,0.0,-0.0208967509297891,0.0,f1
degree_matched_bottleneck__ac9ba75c2b__i01__informative__t01__p41000,degree_matched_bottleneck__ac9ba75c2b__i01,degree_matched_bottleneck,degree_matched_bottleneck__ac9ba75c2b,degree_matched_bottleneck__ac9ba75c2b__i01__informative__t01,informative,107120027,41000,1.0,0.9791576204950064,0.9791576204950064,1.0,0.0,0.1,-0.0208423795049934,0.0208423795049934,-0.0208423795049934,f1
degree_matched_bottleneck__ac9ba75c2b__i01__informative__t01__p41001,degree_matched_bottleneck__ac9ba75c2b__i01,degree_matched_bottleneck,degree_matched_bottleneck__ac9ba75c2b,degree_matched_bottleneck__ac9ba75c2b__i01__informative__t01,informative,107120027,41001,1.0,1.0,1.0,1.0,0.0,0.1,0.0,0.0,0.0,f1
degree_matched_bottleneck__ac9ba75c2b__i01__noisy__t00__p41000,degree_matched_bottleneck__ac9ba75c2b__i01,degree_matched_bottleneck,degree_matched_bottleneck__ac9ba75c2b,degree_matched_bottleneck__ac9ba75c2b__i01__noisy__t00,noisy,193023544,41000,1.0,0.9166666666666666,0.9166666666666666,0.9374728614850196,0.0,0.1,-0.0833333333333333,0.0208061948183529,-0.0833333333333333,f1
degree_matched_bottleneck__ac9ba75c2b__i01__noisy__t00__p41001,degree_matched_bottleneck__ac9ba75c2b__i01,degree_matched_bottleneck,degree_matched_bottleneck__ac9ba75c2b,degree_matched_bottleneck__ac9ba75c2b__i01__noisy__t00,noisy,193023544,41001,1.0,0.7495652173913043,0.9374728614850196,0.9374728614850196,0.1,0.1,-0.2504347826086956,0.1879076440937153,-0.0625271385149803,f1
degree_matched_bottleneck__ac9ba75c2b__i01__noisy__t01__p41000,degree_matched_bottleneck__ac9ba75c2b__i01,degree_matched_bottleneck,degree_matched_bottleneck__ac9ba75c2b,degree_matched_bottleneck__ac9ba75c2b__i01__noisy__t01,noisy,189062647,41000,0.9791576204950064,0.8747826086956522,0.9374728614850196,0.9374728614850196,0.1,0.1,-0.1043750117993543,0.0626902527893674,-0.0416847590099869,f1
degree_matched_bottleneck__ac9ba75c2b__i01__noisy__t01__p41001,degree_matched_bottleneck__ac9ba75c2b__i01,degree_matched_bottleneck,degree_matched_bottleneck__ac9ba75c2b,degree_matched_bottleneck__ac9ba75c2b__i01__noisy__t01,noisy,189062647,41001,0.9791576204950064,0.8104431768319438,0.9372549019607844,0.9372549019607844,0.25,0.25,-0.1687144436630627,0.1268117251288405,-0.0419027185342222,f1
degree_matched_bottleneck__ac9ba75c2b__i01__partial__t00__p41000,degree_matched_bottleneck__ac9ba75c2b__i01,degree_matched_bottleneck,degree_matched_bottleneck__ac9ba75c2b,degree_matched_bottleneck__ac9ba75c2b__i01__partial__t00,partial,1313628367,41000,1.0,1.0,1.0,1.0,0.0,0.1,0.0,0.0,0.0,f1
degree_matched_bottleneck__ac9ba75c2b__i01__partial__t00__p41001,degree_matched_bottleneck__ac9ba75c2b__i01,degree_matched_bottleneck,degree_matched_bottleneck__ac9ba75c2b,degree_matched_bottleneck__ac9ba75c2b__i01__partial__t00,partial,1313628367,41001,1.0,1.0,1.0,1.0,0.0,0.25,0.0,0.0,0.0,f1
degree_matched_bottleneck__ac9ba75c2b__i01__partial__t01__p41000,degree_matched_bottleneck__ac9ba75c2b__i01,degree_matched_bottleneck,degree_matched_bottleneck__ac9ba75c2b,degree_matched_bottleneck__ac9ba75c2b__i01__partial__t01,partial,1739832163,41000,1.0,0.9583333333333334,1.0,1.0,0.1,0.1,-0.0416666666666666,0.0416666666666666,0.0,f1
degree_matched_bottleneck__ac9ba75c2b__i01__partial__t01__p41001,degree_matched_bottleneck__ac9ba75c2b__i01,degree_matched_bottleneck,degree_matched_bottleneck__ac9ba75c2b,degree_matched_bottleneck__ac9ba75c2b__i01__partial__t01,partial,1739832163,41001,0.9791576204950064,0.9372549019607844,0.9372549019607844,0.9372549019607844,0.1,0.1,-0.0419027185342222,0.0,-0.0419027185342222,f1
degree_matched_bottleneck__ac9ba75c2b__i02__informative__t00__p41000,degree_matched_bottleneck__ac9ba75c2b__i02,degree_matched_bottleneck,degree_matched_bottleneck__ac9ba75c2b,degree_matched_bottleneck__ac9ba75c2b__i02__informative__t00,informative,252867139,41000,1.0,1.0,1.0,1.0,0.0,0.25,0.0,0.0,0.0,f1
degree_matched_bottleneck__ac9ba75c2b__i02__informative__t00__p41001,degree_matched_bottleneck__ac9ba75c2b__i02,degree_matched_bottleneck,degree_matched_bottleneck__ac9ba75c2b,degree_matched_bottleneck__ac9ba75c2b__i02__informative__t00,informative,252867139,41001,0.9791576204950064,1.0,1.0,1.0,0.0,0.1,0.0208423795049934,0.0,0.0208423795049934,f1
degree_matched_bottleneck__ac9ba75c2b__i02__informative__t01__p41000,degree_matched_bottleneck__ac9ba75c2b__i02,degree_matched_bottleneck,degree_matched_bottleneck__ac9ba75c2b,degree_matched_bottleneck__ac9ba75c2b__i02__informative__t01,informative,470150407,41000,1.0,0.9791576204950064,0.9791576204950064,1.0,0.0,0.1,-0.0208423795049934,0.0208423795049934,-0.0208423795049934,f1
degree_matched_bottleneck__ac9ba75c2b__i02__informative__t01__p41001,degree_matched_bottleneck__ac9ba75c2b__i02,degree_matched_bottleneck,degree_matched_bottleneck__ac9ba75c2b,degree_matched_bottleneck__ac9ba75c2b__i02__informative__t01,informative,470150407,41001,1.0,1.0,1.0,1.0,0.0,0.1,0.0,0.0,0.0,f1
degree_matched_bottleneck__ac9ba75c2b__i02__noisy__t00__p41000,degree_matched_bottleneck__ac9ba75c2b__i02,degree_matched_bottleneck,degree_matched_bottleneck__ac9ba75c2b,degree_matched_bottleneck__ac9ba75c2b__i02__noisy__t00,noisy,1828388401,41000,1.0,0.8535947712418301,0.9374728614850196,0.9374728614850196,0.25,0.25,-0.1464052287581698,0.0838780902431894,-0.0625271385149803,f1
degree_matched_bottleneck__ac9ba75c2b__i02__noisy__t00__p41001,degree_matched_bottleneck__ac9ba75c2b__i02,degree_matched_bottleneck,degree_matched_bottleneck__ac9ba75c2b,degree_matched_bottleneck__ac9ba75c2b__i02__noisy__t00,noisy,1828388401,41001,1.0,0.8104431768319438,0.9582608695652174,0.9582608695652174,0.25,0.25,-0.1895568231680562,0.1478176927332736,-0.0417391304347826,f1
degree_matched_bottleneck__ac9ba75c2b__i02__noisy__t01__p41000,degree_matched_bottleneck__ac9ba75c2b__i02,degree_matched_bottleneck,degree_matched_bottleneck__ac9ba75c2b,degree_matched_bottleneck__ac9ba75c2b__i02__noisy__t01,noisy,1851841519,41000,1.0,0.75,0.8957881024750325,0.8957881024750325,0.25,0.25,-0.25,0.1457881024750325,-0.1042118975249675,f1
degree_matched_bottleneck__ac9ba75c2b__i02__noisy__t01__p41001,degree_matched_bottleneck__ac9ba75c2b__i02,degree_matched_bottleneck,degree_matched_bottleneck__ac9ba75c2b,degree_matched_bottleneck__ac9ba75c2b__i02__noisy__t01,noisy,1851841519,41001,0.873015873015873,0.8104431768319438,0.9374728614850196,0.9374728614850196,0.4,0.4,-0.0625726961839292,0.1270296846530758,0.0644569884691466,f1
degree_matched_bottleneck__ac9ba75c2b__i02__partial__t00__p41000,degree_matched_bottleneck__ac9ba75c2b__i02,degree_matched_bottleneck,degree_matched_bottleneck__ac9ba75c2b,degree_matched_bottleneck__ac9ba75c2b__i02__partial__t00,partial,1340096581,41000,1.0,0.8104431768319438,0.9165217391304348,0.9165217391304348,0.1,0.1,-0.1895568231680562,0.106078562298491,-0.0834782608695652,f1
degree_matched_bottleneck__ac9ba75c2b__i02__partial__t00__p41001,degree_matched_bottleneck__ac9ba75c2b__i02,degree_matched_bottleneck,degree_matched_bottleneck__ac9ba75c2b,degree_matched_bottleneck__ac9ba75c2b__i02__partial__t00,partial,1340096581,41001,1.0,0.9791576204950064,0.9791576204950064,1.0,0.0,0.1,-0.0208423795049934,0.0208423795049934,-0.0208423795049934,f1
degree_matched_bottleneck__ac9ba75c2b__i02__partial__t01__p41000,degree_matched_bottleneck__ac9ba75c2b__i02,degree_matched_bottleneck,degree_matched_bottleneck__ac9ba75c2b,degree_matched_bottleneck__ac9ba75c2b__i02__partial__t01,partial,579314562,41000,0.9582608695652174,0.9582608695652174,0.9791576204950064,0.9791576204950064,0.1,0.1,0.0,0.0208967509297891,0.0208967509297891,f1
degree_matched_bottleneck__ac9ba75c2b__i02__partial__t01__p41001,degree_matched_bottleneck__ac9ba75c2b__i02,degree_matched_bottleneck,degree_matched_bottleneck__ac9ba75c2b,degree_matched_bottleneck__ac9ba75c2b__i02__partial__t01,partial,579314562,41001,0.916083916083916,0.9582608695652174,0.9582608695652174,0.9791576204950064,0.0,0.1,0.0421769534813013,0.0208967509297891,0.0421769534813013,f1
degree_matched_bottleneck__ac9ba75c2b__i03__informative__t00__p41000,degree_matched_bottleneck__ac9ba75c2b__i03,degree_matched_bottleneck,degree_matched_bottleneck__ac9ba75c2b,degree_matched_bottleneck__ac9ba75c2b__i03__informative__t00,informative,1491989503,41000,1.0,1.0,1.0,1.0,0.0,0.1,0.0,0.0,0.0,f1
degree_matched_bottleneck__ac9ba75c2b__i03__informative__t00__p41001,degree_matched_bottleneck__ac9ba75c2b__i03,degree_matched_bottleneck,degree_matched_bottleneck__ac9ba75c2b,degree_matched_bottleneck__ac9ba75c2b__i03__informative__t00,informative,1491989503,41001,1.0,1.0,1.0,1.0,0.0,0.1,0.0,0.0,0.0,f1
degree_matched_bottleneck__ac9ba75c2b__i03__informative__t01__p41000,degree_matched_bottleneck__ac9ba75c2b__i03,degree_matched_bottleneck,degree_matched_bottleneck__ac9ba75c2b,degree_matched_bottleneck__ac9ba75c2b__i03__informative__t01,informative,498969638,41000,1.0,1.0,1.0,1.0,0.0,0.1,0.0,0.0,0.0,f1
degree_matched_bottleneck__ac9ba75c2b__i03__informative__t01__p41001,degree_matched_bottleneck__ac9ba75c2b__i03,degree_matched_bottleneck,degree_matched_bottleneck__ac9ba75c2b,degree_matched_bottleneck__ac9ba75c2b__i03__informative__t01,informative,498969638,41001,1.0,0.8957881024750325,0.8957881024750325,0.8747826086956522,0.0,0.1,-0.1042118975249675,-0.0210054937793803,-0.1042118975249675,f1
degree_matched_bottleneck__ac9ba75c2b__i03__noisy__t00__p41000,degree_matched_bottleneck__ac9ba75c2b__i03,degree_matched_bottleneck,degree_matched_bottleneck__ac9ba75c2b,degree_matched_bottleneck__ac9ba75c2b__i03__noisy__t00,noisy,1843391571,41000,1.0,0.8321678321678322,0.9372549019607844,0.9372549019607844,0.25,0.25,-0.1678321678321678,0.1050870697929521,-0.0627450980392156,f1
degree_matched_bottleneck__ac9ba75c2b__i03__noisy__t00__p41001,degree_matched_bottleneck__ac9ba75c2b__i03,degree_matched_bottleneck,degree_matched_bottleneck__ac9ba75c2b,degree_matched_bottleneck__ac9ba75c2b__i03__noisy__t00,noisy,1843391571,41001,1.0,0.791304347826087,0.9165217391304348,0.9165217391304348,0.25,0.25,-0.2086956521739129,0.1252173913043477,-0.0834782608695652,f1
degree_matched_bottleneck__ac9ba75c2b__i03__noisy__t01__p41000,degree_matched_bottleneck__ac9ba75c2b__i03,degree_matched_bottleneck,degree_matched_bottleneck__ac9ba75c2b,degree_matched_bottleneck__ac9ba75c2b__i03__noisy__t01,noisy,1888226644,41000,0.9372549019607844,0.6862745098039216,0.9374728614850196,0.9374728614850196,0.4,0.4,-0.2509803921568627,0.251198351681098,0.0002179595242353,f1
degree_matched_bottleneck__ac9ba75c2b__i03__noisy__t01__p41001,degree_matched_bottleneck__ac9ba75c2b__i03,degree_matched_bottleneck,degree_matched_bottleneck__ac9ba75c2b,degree_matched_bottleneck__ac9ba75c2b__i03__noisy__t01,noisy,1888226644,41001,1.0,0.7683194383501536,0.8321678321678322,0.8321678321678322,0.1,0.1,-0.2316805616498464,0.0638483938176786,-0.1678321678321678,f1
degree_matched_bottleneck__ac9ba75c2b__i03__partial__t00__p41000,degree_matched_bottleneck__ac9ba75c2b__i03,degree_matched_bottleneck,degree_matched_bottleneck__ac9ba75c2b,degree_matched_bottleneck__ac9ba75c2b__i03__partial__t00,partial,427930658,41000,0.9582608695652174,0.9374728614850196,0.9374728614850196,0.9582608695652174,0.0,0.1,-0.0207880080801977,0.0207880080801977,-0.0207880080801977,f1
degree_matched_bottleneck__ac9ba75c2b__i03__partial__t00__p41001,degree_matched_bottleneck__ac9ba75c2b__i03,degree_matched_bottleneck,degree_matched_bottleneck__ac9ba75c2b,degree_matched_bottleneck__ac9ba75c2b__i03__partial__t00,partial,427930658,41001,1.0,1.0,0.9583333333333334,0.9583333333333334,0.1,0.1,0.0,-0.0416666666666666,-0.0416666666666666,f1
degree_matched_bottleneck__ac9ba75c2b__i03__partial__t01__p41000,degree_matched_bottleneck__ac9ba75c2b__i03,degree_matched_bottleneck,degree_matched_bottleneck__ac9ba75c2b,degree_matched_bottleneck__ac9ba75c2b__i03__partial__t01,partial,1079000957,41000,1.0,1.0,1.0,0.9583333333333334,0.0,0.1,0.0,-0.0416666666666666,0.0,f1
degree_matched_bottleneck__ac9ba75c2b__i03__partial__t01__p41001,degree_matched_bottleneck__ac9ba75c2b__i03,degree_matched_bottleneck,degree_matched_bottleneck__ac9ba75c2b,degree_matched_bottleneck__ac9ba75c2b__i03__partial__t01,partial,1079000957,41001,1.0,1.0,1.0,0.9791576204950064,0.0,0.1,0.0,-0.0208423795049934,0.0,f1
degree_matched_bottleneck__ac9ba75c2b__i04__informative__t00__p41000,degree_matched_bottleneck__ac9ba75c2b__i04,degree_matched_bottleneck,degree_matched_bottleneck__ac9ba75c2b,degree_matched_bottleneck__ac9ba75c2b__i04__informative__t00,informative,759511633,41000,1.0,1.0,1.0,1.0,0.0,0.1,0.0,0.0,0.0,f1
degree_matched_bottleneck__ac9ba75c2b__i04__informative__t00__p41001,degree_matched_bottleneck__ac9ba75c2b__i04,degree_matched_bottleneck,degree_matched_bottleneck__ac9ba75c2b,degree_matched_bottleneck__ac9ba75c2b__i04__informative__t00,informative,759511633,41001,1.0,1.0,1.0,0.9583333333333334,0.0,0.1,0.0,-0.0416666666666666,0.0,f1
degree_matched_bottleneck__ac9ba75c2b__i04__informative__t01__p41000,degree_matched_bottleneck__ac9ba75c2b__i04,degree_matched_bottleneck,degree_matched_bottleneck__ac9ba75c2b,degree_matched_bottleneck__ac9ba75c2b__i04__informative__t01,informative,1705500884,41000,0.9791576204950064,0.9791576204950064,0.9791576204950064,1.0,0.0,0.1,0.0,0.0208423795049934,0.0,f1
degree_matched_bottleneck__ac9ba75c2b__i04__informative__t01__p41001,degree_matched_bottleneck__ac9ba75c2b__i04,degree_matched_bottleneck,degree_matched_bottleneck__ac9ba75c2b,degree_matched_bottleneck__ac9ba75c2b__i04__informative__t01,informative,1705500884,41001,1.0,1.0,1.0,1.0,0.0,0.1,0.0,0.0,0.0,f1
degree_matched_bottleneck__ac9ba75c2b__i04__noisy__t00__p41000,degree_matched_bottleneck__ac9ba75c2b__i04,degree_matched_bottleneck,degree_matched_bottleneck__ac9ba75c2b,degree_matched_bottleneck__ac9ba75c2b__i04__noisy__t00,noisy,2104195810,41000,0.9583333333333334,0.75,0.9582608695652174,0.9582608695652174,0.4,0.4,-0.2083333333333333,0.2082608695652174,-7.246376811598232e-05,f1
degree_matched_bottleneck__ac9ba75c2b__i04__noisy__t00__p41001,degree_matched_bottleneck__ac9ba75c2b__i04,degree_matched_bottleneck,degree_matched_bottleneck__ac9ba75c2b,degree_matched_bottleneck__ac9ba75c2b__i04__noisy__t00,noisy,2104195810,41001,1.0,0.7386569872958257,0.9791576204950064,0.9791576204950064,0.25,0.25,-0.2613430127041742,0.2405006331991808,-0.0208423795049934,f1
degree_matched_bottleneck__ac9ba75c2b__i04__noisy__t01__p41000,degree_matched_bottleneck__ac9ba75c2b__i04,degree_matched_bottleneck,degree_matched_bottleneck__ac9ba75c2b,degree_matched_bottleneck__ac9ba75c2b__i04__noisy__t01,noisy,1096821703,41000,1.0,0.8321678321678322,0.8321678321678322,0.8321678321678322,0.4,0.4,-0.1678321678321678,0.0,-0.1678321678321678,f1
degree_matched_bottleneck__ac9ba75c2b__i04__noisy__t01__p41001,degree_matched_bottleneck__ac9ba75c2b__i04,degree_matched_bottleneck,degree_matched_bottleneck__ac9ba75c2b,degree_matched_bottleneck__ac9ba75c2b__i04__noisy__t01,noisy,1096821703,41001,0.9791576204950064,0.8321678321678322,1.0,1.0,0.25,0.25,-0.1469897883271743,0.1678321678321678,0.0208423795049934,f1
degree_matched_bottleneck__ac9ba75c2b__i04__partial__t00__p41000,degree_matched_bottleneck__ac9ba75c2b__i04,degree_matched_bottleneck,degree_matched_bottleneck__ac9ba75c2b,degree_matched_bottleneck__ac9ba75c2b__i04__partial__t00,partial,2052238408,41000,1.0,0.9791576204950064,0.9791576204950064,1.0,0.0,0.1,-0.0208423795049934,0.0208423795049934,-0.0208423795049934,f1
degree_matched_bottleneck__ac9ba75c2b__i04__partial__t00__p41001,degree_matched_bottleneck__ac9ba75c2b__i04,degree_matched_bottleneck,degree_matched_bottleneck__ac9ba75c2b,degree_matched_bottleneck__ac9ba75c2b__i04__partial__t00,partial,2052238408,41001,1.0,0.9583333333333334,0.9791576204950064,0.9791576204950064,0.1,0.1,-0.0416666666666666,0.0208242871616731,-0.0208423795049934,f1
degree_matched_bottleneck__ac9ba75c2b__i04__partial__t01__p41000,degree_matched_bottleneck__ac9ba75c2b__i04,degree_matched_bottleneck,degree_matched_bottleneck__ac9ba75c2b,degree_matched_bottleneck__ac9ba75c2b__i04__partial__t01,partial,22390687,41000,1.0,0.9791576204950064,0.9791576204950064,0.9582608695652174,0.0,0.4,-0.0208423795049934,-0.0208967509297891,-0.0208423795049934,f1
degree_matched_bottleneck__ac9ba75c2b__i04__partial__t01__p41001,degree_matched_bottleneck__ac9ba75c2b__i04,degree_matched_bottleneck,degree_matched_bottleneck__ac9ba75c2b,degree_matched_bottleneck__ac9ba75c2b__i04__partial__t01,partial,22390687,41001,1.0,0.9791576204950064,0.9791576204950064,1.0,0.0,0.1,-0.0208423795049934,0.0208423795049934,-0.0208423795049934,f1
degree_matched_bottleneck__e0e59661e8__i00__informative__t00__p41000,degree_matched_bottleneck__e0e59661e8__i00,degree_matched_bottleneck,degree_matched_bottleneck__e0e59661e8,degree_matched_bottleneck__e0e59661e8__i00__informative__t00,informative,1042863505,41000,1.0,1.0,1.0,1.0,0.0,0.1,0.0,0.0,0.0,f1
degree_matched_bottleneck__e0e59661e8__i00__informative__t00__p41001,degree_matched_bottleneck__e0e59661e8__i00,degree_matched_bottleneck,degree_matched_bottleneck__e0e59661e8,degree_matched_bottleneck__e0e59661e8__i00__informative__t00,informative,1042863505,41001,1.0,1.0,1.0,1.0,0.0,0.1,0.0,0.0,0.0,f1
degree_matched_bottleneck__e0e59661e8__i00__informative__t01__p41000,degree_matched_bottleneck__e0e59661e8__i00,degree_matched_bottleneck,degree_matched_bottleneck__e0e59661e8,degree_matched_bottleneck__e0e59661e8__i00__informative__t01,informative,291440090,41000,0.9582608695652174,0.8741258741258742,0.9165217391304348,0.9165217391304348,0.1,0.1,-0.0841349954393432,0.0423958650045606,-0.0417391304347826,f1
degree_matched_bottleneck__e0e59661e8__i00__informative__t01__p41001,degree_matched_bottleneck__e0e59661e8__i00,degree_matched_bottleneck,degree_matched_bottleneck__e0e59661e8,degree_matched_bottleneck__e0e59661e8__i00__informative__t01,informative,291440090,41001,0.9791576204950064,0.9791576204950064,0.9791576204950064,0.9791576204950064,0.1,0.1,0.0,0.0,0.0,f1
degree_matched_bottleneck__e0e59661e8__i00__noisy__t00__p41000,degree_matched_bottleneck__e0e59661e8__i00,degree_matched_bottleneck,degree_matched_bottleneck__e0e59661e8,degree_matched_bottleneck__e0e59661e8__i00__noisy__t00,noisy,33488398,41000,1.0,0.791304347826087,0.8330434782608696,0.8330434782608696,0.1,0.1,-0.2086956521739129,0.0417391304347825,-0.1669565217391304,f1
degree_matched_bottleneck__e0e59661e8__i00__noisy__t00__p41001,degree_matched_bottleneck__e0e59661e8__i00,degree_matched_bottleneck,degree_matched_bottleneck__e0e59661e8,degree_matched_bottleneck__e0e59661e8__i00__noisy__t00,noisy,33488398,41001,1.0,0.8321678321678322,0.9374728614850196,0.9374728614850196,0.25,0.25,-0.1678321678321678,0.1053050293171874,-0.0625271385149803,f1
degree_matched_bottleneck__e0e59661e8__i00__noisy__t01__p41000,degree_matched_bottleneck__e0e59661e8__i00,degree_matched_bottleneck,degree_matched_bottleneck__e0e59661e8,degree_matched_bottleneck__e0e59661e8__i00__noisy__t01,noisy,1450981355,41000,0.9582608695652174,0.7495652173913043,0.9791576204950064,0.9791576204950064,0.55,0.55,-0.208695652173913,0.2295924031037022,0.0208967509297891,f1
degree_matched_bottleneck__e0e59661e8__i00__noisy__t01__p41001,degree_matched_bottleneck__e0e59661e8__i00,degree_matched_bottleneck,degree_matched_bottleneck__e0e59661e8,degree_matched_bottleneck__e0e59661e8__i00__noisy__t01,noisy,1450981355,41001,0.8957881024750325,0.7699346405228757,0.8321678321678322,0.8321678321678322,0.55,0.55,-0.1258534619521567,0.0622331916449564,-0.0636202703072003,f1
degree_matched_bottleneck__e0e59661e8__i00__partial__t00__p41000,degree_matched_bottleneck__e0e59661e8__i00,degree_matched_bottleneck,degree_matched_bottleneck__e0e59661e8,degree_matched_bottleneck__e0e59661e8__i00__partial__t00,partial,621929682,41000,1.0,0.9165217391304348,1.0,1.0,0.25,0.25,-0.0834782608695652,0.0834782608695652,0.0,f1
degree_matched_bottleneck__e0e59661e8__i00__partial__t00__p41001,degree_matched_bottleneck__e0e59661e8__i00,degree_matched_bottleneck,degree_matched_bottleneck__e0e59661e8,degree_matched_bottleneck__e0e59661e8__i00__partial__t00,partial,621929682,41001,0.9791576204950064,0.8957881024750325,0.9791576204950064,0.9791576204950064,0.25,0.25,-0.083369518019974,0.083369518019974,0.0,f1
degree_matched_bottleneck__e0e59661e8__i00__partial__t01__p41000,degree_matched_bottleneck__e0e59661e8__i00,degree_matched_bottleneck,degree_matched_bottleneck__e0e59661e8,degree_matched_bottleneck__e0e59661e8__i00__partial__t01,partial,1403953472,41000,1.0,0.873015873015873,0.8747826086956522,0.8747826086956522,0.1,0.1,-0.1269841269841269,0.0017667356797791,-0.1252173913043478,f1
degree_matched_bottleneck__e0e59661e8__i00__partial__t01__p41001,degree_matched_bottleneck__e0e59661e8__i00,degree_matched_bottleneck,degree_matched_bottleneck__e0e59661e8,degree_matched_bottleneck__e0e59661e8__i00__partial__t01,partial,1403953472,41001,1.0,0.7683194383501536,0.9372549019607844,0.9372549019607844,0.4,0.4,-0.2316805616498464,0.1689354636106307,-0.0627450980392156,f1
degree_matched_bottleneck__e0e59661e8__i01__informative__t00__p41000,degree_matched_bottleneck__e0e59661e8__i01,degree_matched_bottleneck,degree_matched_bottleneck__e0e59661e8,degree_matched_bottleneck__e0e59661e8__i01__informative__t00,informative,746676080,41000,0.9582608695652174,0.9374728614850196,0.9374728614850196,1.0,0.0,0.25,-0.0207880080801977,0.0625271385149803,-0.0207880080801977,f1
degree_matched_bottleneck__e0e59661e8__i01__informative__t00__p41001,degree_matched_bottleneck__e0e59661e8__i01,degree_matched_bottleneck,degree_matched_bottleneck__e0e59661e8,degree_matched_bottleneck__e0e59661e8__i01__informative__t00,informative,746676080,41001,0.9582608695652174,0.9791576204950064,0.9791576204950064,0.9791576204950064,0.0,0.1,0.0208967509297891,0.0,0.0208967509297891,f1
degree_matched_bottleneck__e0e59661e8__i01__informative__t01__p41000,degree_matched_bottleneck__e0e59661e8__i01,degree_matched_bottleneck,degree_matched_bottleneck__e0e59661e8,degree_matched_bottleneck__e0e59661e8__i01__informative__t01,informative,1498235677,41000,0.916083916083916,0.9165217391304348,0.9582608695652174,0.9582608695652174,0.1,0.1,0.0004378230465187,0.0417391304347826,0.0421769534813013,f1
degree_matched_bottleneck__e0e59661e8__i01__informative__t01__p41001,degree_matched_bottleneck__e0e59661e8__i01,degree_matched_bottleneck,degree_matched_bottleneck__e0e59661e8,degree_matched_bottleneck__e0e59661e8__i01__informative__t01,informative,1498235677,41001,1.0,0.9374728614850196,1.0,1.0,0.1,0.1,-0.0625271385149803,0.0625271385149803,0.0,f1
degree_matched_bottleneck__e0e59661e8__i01__noisy__t00__p41000,degree_matched_bottleneck__e0e59661e8__i01,degree_matched_bottleneck,degree_matched_bottleneck__e0e59661e8,degree_matched_bottleneck__e0e59661e8__i01__noisy__t00,noisy,2019999363,41000,0.9374728614850196,0.7083333333333334,0.9165217391304348,0.9165217391304348,0.55,0.55,-0.2291395281516862,0.2081884057971014,-0.0209511223545848,f1
degree_matched_bottleneck__e0e59661e8__i01__noisy__t00__p41001,degree_matched_bottleneck__e0e59661e8__i01,degree_matched_bottleneck,degree_matched_bottleneck__e0e59661e8,degree_matched_bottleneck__e0e59661e8__i01__noisy__t00,noisy,2019999363,41001,0.9372549019607844,0.7495652173913043,0.9374728614850196,0.9374728614850196,0.25,0.25,-0.18768968456948,0.1879076440937153,0.0002179595242353,f1
degree_matched_bottleneck__e0e59661e8__i01__noisy__t01__p41000,degree_matched_bottleneck__e0e59661e8__i01,degree_matched_bottleneck,degree_matched_bottleneck__e0e59661e8,degree_matched_bottleneck__e0e59661e8__i01__noisy__t01,noisy,916000607,41000,0.9372549019607844,0.7062937062937062,0.9165217391304348,0.9165217391304348,0.55,0.55,-0.230961195667078,0.2102280328367285,-0.0207331628303495,f1
degree_matched_bottleneck__e0e59661e8__i01__noisy__t01__p41001,degree_matched_bottleneck__e0e59661e8__i01,degree_matched_bottleneck,degree_matched_bottleneck__e0e59661e8,degree_matched_bottleneck__e0e59661e8__i01__noisy__t01,noisy,916000607,41001,1.0,0.6840719613865731,0.9791576204950064,0.9791576204950064,0.55,0.55,-0.3159280386134269,0.2950856591084334,-0.0208423795049934,f1
degree_matched_bottleneck__e0e59661e8__i01__partial__t00__p41000,degree_matched_bottleneck__e0e59661e8__i01,degree_matched_bottleneck,degree_matched_bottleneck__e0e59661e8,degree_matched_bottleneck__e0e59661e8__i01__partial__t00,partial,1461779144,41000,1.0,0.9374728614850196,1.0,1.0,0.25,0.25,-0.0625271385149803,0.0625271385149803,0.0,f1
degree_matched_bottleneck__e0e59661e8__i01__partial__t00__p41001,degree_matched_bottleneck__e0e59661e8__i01,degree_matched_bottleneck,degree_matched_bottleneck__e0e59661e8,degree_matched_bottleneck__e0e59661e8__i01__partial__t00,partial,1461779144,41001,1.0,0.9582608695652174,0.9582608695652174,0.9582608695652174,0.4,0.4,-0.0417391304347826,0.0,-0.0417391304347826,f1
degree_matched_bottleneck__e0e59661e8__i01__partial__t01__p41000,degree_matched_bottleneck__e0e59661e8__i01,degree_matched_bottleneck,degree_matched_bottleneck__e0e59661e8,degree_matched_bottleneck__e0e59661e8__i01__partial__t01,partial,1886952716,41000,1.0,0.9165217391304348,0.9583333333333334,0.9583333333333334,0.1,0.1,-0.0834782608695652,0.0418115942028985,-0.0416666666666666,f1
degree_matched_bottleneck__e0e59661e8__i01__partial__t01__p41001,degree_matched_bottleneck__e0e59661e8__i01,degree_matched_bottleneck,degree_matched_bottleneck__e0e59661e8,degree_matched_bottleneck__e0e59661e8__i01__partial__t01,partial,1886952716,41001,1.0,0.8957881024750325,1.0,1.0,0.55,0.55,-0.1042118975249675,0.1042118975249675,0.0,f1
degree_matched_bottleneck__e0e59661e8__i02__informative__t00__p41000,degree_matched_bottleneck__e0e59661e8__i02,degree_matched_bottleneck,degree_matched_bottleneck__e0e59661e8,degree_matched_bottleneck__e0e59661e8__i02__informative__t00,informative,522719971,41000,0.9791576204950064,0.9791576204950064,0.9791576204950064,0.9791576204950064,0.0,0.1,0.0,0.0,0.0,f1
degree_matched_bottleneck__e0e59661e8__i02__informative__t00__p41001,degree_matched_bottleneck__e0e59661e8__i02,degree_matched_bottleneck,degree_matched_bottleneck__e0e59661e8,degree_matched_bottleneck__e0e59661e8__i02__informative__t00,informative,522719971,41001,1.0,0.9791576204950064,0.9791576204950064,0.8747826086956522,0.0,0.1,-0.0208423795049934,-0.1043750117993543,-0.0208423795049934,f1
degree_matched_bottleneck__e0e59661e8__i02__informative__t01__p41000,degree_matched_bottleneck__e0e59661e8__i02,degree_matched_bottleneck,degree_matched_bottleneck__e0e59661e8,degree_matched_bottleneck__e0e59661e8__i02__informative__t01,informative,1846615043,41000,0.9791576204950064,1.0,1.0,0.9582608695652174,0.0,0.1,0.0208423795049934,-0.0417391304347826,0.0208423795049934,f1
degree_matched_bottleneck__e0e59661e8__i02__informative__t01__p41001,degree_matched_bottleneck__e0e59661e8__i02,degree_matched_bottleneck,degree_matched_bottleneck__e0e59661e8,degree_matched_bottleneck__e0e59661e8__i02__informative__t01,informative,1846615043,41001,1.0,1.0,1.0,1.0,0.1,0.1,0.0,0.0,0.0,f1
degree_matched_bottleneck__e0e59661e8__i02__noisy__t00__p41000,degree_matched_bottleneck__e0e59661e8__i02,degree_matched_bottleneck,degree_matched_bottleneck__e0e59661e8,degree_matched_bottleneck__e0e59661e8__i02__noisy__t00,noisy,616421654,41000,0.9582608695652174,0.8124185844550587,0.9791576204950064,0.9791576204950064,0.55,0.55,-0.1458422851101587,0.1667390360399478,0.0208967509297891,f1
degree_matched_bottleneck__e0e59661e8__i02__noisy__t00__p41001,degree_matched_bottleneck__e0e59661e8__i02,degree_matched_bottleneck,degree_matched_bottleneck__e0e59661e8,degree_matched_bottleneck__e0e59661e8__i02__noisy__t00,noisy,616421654,41001,0.9791576204950064,0.7707338254450716,0.9582608695652174,0.9582608695652174,0.4,0.4,-0.2084237950499349,0.1875270441201457,-0.0208967509297891,f1
degree_matched_bottleneck__e0e59661e8__i02__noisy__t01__p41000,degree_matched_bottleneck__e0e59661e8__i02,degree_matched_bottleneck,degree_matched_bottleneck__e0e59661e8,degree_matched_bottleneck__e0e59661e8__i02__noisy__t01,noisy,634607383,41000,1.0,0.7482517482517483,0.9374728614850196,0.9374728614850196,0.55,0.55,-0.2517482517482516,0.1892211132332713,-0.0625271385149803,f1
degree_matched_bottleneck__e0e59661e8__i02__noisy__t01__p41001,degree_matched_bottleneck__e0e59661e8__i02,degree_matched_bottleneck,degree_matched_bottleneck__e0e59661e8,degree_matched_bottleneck__e0e59661e8__i02__noisy__t01,noisy,634607383,41001,1.0,0.7495652173913043,0.9374728614850196,0.9374728614850196,0.4,0.4,-0.2504347826086956,0.1879076440937153,-0.0625271385149803,f1
degree_matched_bottleneck__e0e59661e8__i02__partial__t00__p41000,degree_matched_bottleneck__e0e59661e8__i02,degree_matched_bottleneck,degree_matched_bottleneck__e0e59661e8,degree_matched_bottleneck__e0e59661e8__i02__partial__t00,partial,1807318760,41000,1.0,0.9582608695652174,0.9791576204950064,0.9791576204950064,0.25,0.25,-0.0417391304347826,0.0208967509297891,-0.0208423795049934,f1
degree_matched_bottleneck__e0e59661e8__i02__partial__t00__p41001,degree_matched_bottleneck__e0e59661e8__i02,degree_matched_bottleneck,degree_matched_bottleneck__e0e59661e8,degree_matched_bottleneck__e0e59661e8__i02__partial__t00,partial,1807318760,41001,0.9582608695652174,0.9374728614850196,1.0,1.0,0.4,0.4,-0.0207880080801977,0.0625271385149803,0.0417391304347826,f1
degree_matched_bottleneck__e0e59661e8__i02__partial__t01__p41000,degree_matched_bottleneck__e0e59661e8__i02,degree_matched_bottleneck,degree_matched_bottleneck__e0e59661e8,degree_matched_bottleneck__e0e59661e8__i02__partial__t01,partial,232739564,41000,0.9582608695652174,0.8541033434650456,0.8541033434650456,1.0,0.0,0.25,-0.1041575261001718,0.1458966565349544,-0.1041575261001718,f1
degree_matched_bottleneck__e0e59661e8__i02__partial__t01__p41001,degree_matched_bottleneck__e0e59661e8__i02,degree_matched_bottleneck,degree_matched_bottleneck__e0e59661e8,degree_matched_bottleneck__e0e59661e8__i02__partial__t01,partial,232739564,41001,0.9791576204950064,0.8946906537955244,0.9582608695652174,0.9582608695652174,0.25,0.25,-0.0844669666994821,0.063570215769693,-0.0208967509297891,f1
degree_matched_bottleneck__e0e59661e8__i03__informative__t00__p41000,degree_matched_bottleneck__e0e59661e8__i03,degree_matched_bottleneck,degree_matched_bottleneck__e0e59661e8,degree_matched_bottleneck__e0e59661e8__i03__informative__t00,informative,1717712686,41000,1.0,1.0,1.0,1.0,0.1,0.1,0.0,0.0,0.0,f1
degree_matched_bottleneck__e0e59661e8__i03__informative__t00__p41001,degree_matched_bottleneck__e0e59661e8__i03,degree_matched_bottleneck,degree_matched_bottleneck__e0e59661e8,degree_matched_bottleneck__e0e59661e8__i03__informative__t00,informative,1717712686,41001,1.0,0.9582608695652174,0.9582608695652174,1.0,0.0,0.1,-0.0417391304347826,0.0417391304347826,-0.0417391304347826,f1
degree_matched_bottleneck__e0e59661e8__i03__informative__t01__p41000,degree_matched_bottleneck__e0e59661e8__i03,degree_matched_bottleneck,degree_matched_bottleneck__e0e59661e8,degree_matched_bottleneck__e0e59661e8__i03__informative__t01,informative,1918636659,41000,1.0,0.9374728614850196,0.9374728614850196,0.9791576204950064,0.0,0.1,-0.0625271385149803,0.0416847590099869,-0.0625271385149803,f1
degree_matched_bottleneck__e0e59661e8__i03__informative__t01__p41001,degree_matched_bottleneck__e0e59661e8__i03,degree_matched_bottleneck,degree_matched_bottleneck__e0e59661e8,degree_matched_bottleneck__e0e59661e8__i03__informative__t01,informative,1918636659,41001,0.916083916083916,0.9791576204950064,1.0,1.0,0.1,0.1,0.0630737044110905,0.0208423795049934,0.0839160839160839,f1
degree_matched_bottleneck__e0e59661e8__i03__noisy__t00__p41000,degree_matched_bottleneck__e0e59661e8__i03,degree_matched_bottleneck,degree_matched_bottleneck__e0e59661e8,degree_matched_bottleneck__e0e59661e8__i03__noisy__t00,noisy,978876979,41000,1.0,0.8124185844550587,0.9374728614850196,0.9374728614850196,0.4,0.4,-0.1875814155449413,0.1250542770299609,-0.0625271385149803,f1
degree_matched_bottleneck__e0e59661e8__i03__noisy__t00__p41001,degree_matched_bottleneck__e0e59661e8__i03,degree_matched_bottleneck,degree_matched_bottleneck__e0e59661e8,degree_matched_bottleneck__e0e59661e8__i03__noisy__t00,noisy,978876979,41001,1.0,0.7707338254450716,0.9582608695652174,0.9582608695652174,0.55,0.55,-0.2292661745549283,0.1875270441201457,-0.0417391304347826,f1
degree_matched_bottleneck__e0e59661e8__i03__noisy__t01__p41000,degree_matched_bottleneck__e0e59661e8__i03,degree_matched_bottleneck,degree_matched_bottleneck__e0e59661e8,degree_matched_bottleneck__e0e59661e8__i03__noisy__t01,noisy,1306025214,41000,0.9791576204950064,0.8747826086956522,0.9374728614850196,0.9374728614850196,0.25,0.25,-0.1043750117993543,0.0626902527893674,-0.0416847590099869,f1
degree_matched_bottleneck__e0e59661e8__i03__noisy__t01__p41001,degree_matched_bottleneck__e0e59661e8__i03,degree_matched_bottleneck,degree_matched_bottleneck__e0e59661e8,degree_matched_bottleneck__e0e59661e8__i03__noisy__t01,noisy,1306025214,41001,0.9372549019607844,0.7083333333333334,0.8104431768319438,0.8104431768319438,0.4,0.4,-0.2289215686274509,0.1021098434986104,-0.1268117251288405,f1
degree_matched_bottleneck__e0e59661e8__i03__partial__t00__p41000,degree_matched_bottleneck__e0e59661e8__i03,degree_matched_bottleneck,degree_matched_bottleneck__e0e59661e8,degree_matched_bottleneck__e0e59661e8__i03__partial__t00,partial,1233220127,41000,1.0,0.9791576204950064,1.0,1.0,0.25,0.25,-0.0208423795049934,0.0208423795049934,0.0,f1
degree_matched_bottleneck__e0e59661e8__i03__partial__t00__p41001,degree_matched_bottleneck__e0e59661e8__i03,degree_matched_bottleneck,degree_matched_bottleneck__e0e59661e8,degree_matched_bottleneck__e0e59661e8__i03__partial__t00,partial,1233220127,41001,1.0,0.8954248366013071,1.0,1.0,0.55,0.55,-0.1045751633986928,0.1045751633986928,0.0,f1
degree_matched_bottleneck__e0e59661e8__i03__partial__t01__p41000,degree_matched_bottleneck__e0e59661e8__i03,degree_matched_bottleneck,degree_matched_bottleneck__e0e59661e8,degree_matched_bottleneck__e0e59661e8__i03__partial__t01,partial,353245979,41000,0.8946906537955244,0.916083916083916,1.0,1.0,0.1,0.1,0.0213932622883916,0.0839160839160839,0.1053093462044756,f1
degree_matched_bottleneck__e0e59661e8__i03__partial__t01__p41001,degree_matched_bottleneck__e0e59661e8__i03,degree_matched_bottleneck,degree_matched_bottleneck__e0e59661e8,degree_matched_bottleneck__e0e59661e8__i03__partial__t01,partial,353245979,41001,1.0,0.9791576204950064,1.0,1.0,0.25,0.25,-0.0208423795049934,0.0208423795049934,0.0,f1
degree_matched_bottleneck__e0e59661e8__i04__informative__t00__p41000,degree_matched_bottleneck__e0e59661e8__i04,degree_matched_bottleneck,degree_matched_bottleneck__e0e59661e8,degree_matched_bottleneck__e0e59661e8__i04__informative__t00,informative,645717473,41000,1.0,1.0,1.0,1.0,0.0,0.1,0.0,0.0,0.0,f1
degree_matched_bottleneck__e0e59661e8__i04__informative__t00__p41001,degree_matched_bottleneck__e0e59661e8__i04,degree_matched_bottleneck,degree_matched_bottleneck__e0e59661e8,degree_matched_bottleneck__e0e59661e8__i04__informative__t00,informative,645717473,41001,1.0,1.0,1.0,1.0,0.0,0.1,0.0,0.0,0.0,f1
degree_matched_bottleneck__e0e59661e8__i04__informative__t01__p41000,degree_matched_bottleneck__e0e59661e8__i04,degree_matched_bottleneck,degree_matched_bottleneck__e0e59661e8,degree_matched_bottleneck__e0e59661e8__i04__informative__t01,informative,1813370137,41000,1.0,1.0,0.9791576204950064,0.9791576204950064,0.1,0.1,0.0,-0.0208423795049934,-0.0208423795049934,f1
degree_matched_bottleneck__e0e59661e8__i04__informative__t01__p41001,degree_matched_bottleneck__e0e59661e8__i04,degree_matched_bottleneck,degree_matched_bottleneck__e0e59661e8,degree_matched_bottleneck__e0e59661e8__i04__informative__t01,informative,1813370137,41001,0.9791576204950064,0.9791576204950064,0.9791576204950064,1.0,0.0,0.1,0.0,0.0208423795049934,0.0,f1
degree_matched_bottleneck__e0e59661e8__i04__noisy__t00__p41000,degree_matched_bottleneck__e0e59661e8__i04,degree_matched_bottleneck,degree_matched_bottleneck__e0e59661e8,degree_matched_bottleneck__e0e59661e8__i04__noisy__t00,noisy,1570559992,41000,1.0,0.8541033434650456,0.9372549019607844,0.9372549019607844,0.4,0.4,-0.1458966565349544,0.0831515584957387,-0.0627450980392156,f1
degree_matched_bottleneck__e0e59661e8__i04__noisy__t00__p41001,degree_matched_bottleneck__e0e59661e8__i04,degree_matched_bottleneck,degree_matched_bottleneck__e0e59661e8,degree_matched_bottleneck__e0e59661e8__i04__noisy__t00,noisy,1570559992,41001,1.0,0.8957881024750325,0.9583333333333334,0.9583333333333334,0.55,0.55,-0.1042118975249675,0.0625452308583008,-0.0416666666666666,f1
degree_matched_bottleneck__e0e59661e8__i04__noisy__t01__p41000,degree_matched_bottleneck__e0e59661e8__i04,degree_matched_bottleneck,degree_matched_bottleneck__e0e59661e8,degree_matched_bottleneck__e0e59661e8__i04__noisy__t01,noisy,1096908522,41000,0.9583333333333334,0.8333333333333334,0.8954248366013071,0.8954248366013071,0.4,0.4,-0.125,0.0620915032679737,-0.0629084967320262,f1
degree_matched_bottleneck__e0e59661e8__i04__noisy__t01__p41001,degree_matched_bottleneck__e0e59661e8__i04,degree_matched_bottleneck,degree_matched_bottleneck__e0e59661e8,degree_matched_bottleneck__e0e59661e8__i04__noisy__t01,noisy,1096908522,41001,0.9791576204950064,0.8104431768319438,0.8957881024750325,0.8957881024750325,0.25,0.25,-0.1687144436630627,0.0853449256430887,-0.083369518019974,f1
degree_matched_bottleneck__e0e59661e8__i04__partial__t00__p41000,degree_matched_bottleneck__e0e59661e8__i04,degree_matched_bottleneck,degree_matched_bottleneck__e0e59661e8,degree_matched_bottleneck__e0e59661e8__i04__partial__t00,partial,1924825263,41000,1.0,0.8525669153137341,0.9374728614850196,0.9374728614850196,0.1,0.1,-0.1474330846862659,0.0849059461712855,-0.0625271385149803,f1
degree_matched_bottleneck__e0e59661e8__i04__partial__t00__p41001,degree_matched_bottleneck__e0e59661e8__i04,degree_matched_bottleneck,degree_matched_bottleneck__e0e59661e8,degree_matched_bottleneck__e0e59661e8__i04__partial__t00,partial,1924825263,41001,1.0,0.9165217391304348,0.9791576204950064,0.9791576204950064,0.1,0.1,-0.0834782608695652,0.0626358813645717,-0.0208423795049934,f1
degree_matched_bottleneck__e0e59661e8__i04__partial__t01__p41000,degree_matched_bottleneck__e0e59661e8__i04,degree_matched_bottleneck,degree_matched_bottleneck__e0e59661e8,degree_matched_bottleneck__e0e59661e8__i04__partial__t01,partial,1010708399,41000,1.0,0.8747826086956522,0.9583333333333334,0.9583333333333334,0.25,0.25,-0.1252173913043478,0.0835507246376812,-0.0416666666666666,f1
degree_matched_bottleneck__e0e59661e8__i04__partial__t01__p41001,degree_matched_bottleneck__e0e59661e8__i04,degree_matched_bottleneck,degree_matched_bottleneck__e0e59661e8,degree_matched_bottleneck__e0e59661e8__i04__partial__t01,partial,1010708399,41001,0.9791576204950064,0.8124185844550587,0.9374728614850196,0.9374728614850196,0.25,0.25,-0.1667390360399478,0.1250542770299609,-0.0416847590099869,f1
erdos_renyi__42b3614e17__i00__informative__t00__p41000,erdos_renyi__42b3614e17__i00,erdos_renyi,erdos_renyi__42b3614e17,erdos_renyi__42b3614e17__i00__informative__t00,informative,1377511420,41000,0.8900595510765003,0.8714285714285714,0.8693284936479129,0.8693284936479129,0.4,0.4,-0.0186309796479288,-0.0021000777806585,-0.0207310574285873,f1
erdos_renyi__42b3614e17__i00__informative__t00__p41001,erdos_renyi__42b3614e17__i00,erdos_renyi,erdos_renyi__42b3614e17,erdos_renyi__42b3614e17__i00__informative__t00,informative,1377511420,41001,0.8714285714285714,0.8117647058823529,0.8321678321678322,0.8321678321678322,0.25,0.25,-0.0596638655462185,0.0204031262854792,-0.0392607392607392,f1
erdos_renyi__42b3614e17__i00__informative__t01__p41000,erdos_renyi__42b3614e17__i00,erdos_renyi,erdos_renyi__42b3614e17,erdos_renyi__42b3614e17__i00__informative__t01,informative,758294941,41000,0.9340357306459002,0.8920377867746289,0.8488529014844803,0.8488529014844803,0.25,0.25,-0.0419979438712713,-0.0431848852901485,-0.0851828291614198,f1
erdos_renyi__42b3614e17__i00__informative__t01__p41001,erdos_renyi__42b3614e17__i00,erdos_renyi,erdos_renyi__42b3614e17,erdos_renyi__42b3614e17__i00__informative__t01,informative,758294941,41001,0.9325526932084308,0.9340357306459002,0.9340357306459002,0.9340357306459002,0.1,0.1,0.0014830374374692,0.0,0.0014830374374692,f1
erdos_renyi__42b3614e17__i00__noisy__t00__p41000,erdos_renyi__42b3614e17__i00,erdos_renyi,erdos_renyi__42b3614e17,erdos_renyi__42b3614e17__i00__noisy__t00,noisy,9850899,41000,0.7976580796252928,0.7683194383501536,0.746031746031746,0.746031746031746,0.4,0.4,-0.0293386412751391,-0.0222876923184075,-0.0516263335935467,f1
erdos_renyi__42b3614e17__i00__noisy__t00__p41001,erdos_renyi__42b3614e17__i00,erdos_renyi,erdos_renyi__42b3614e17,erdos_renyi__42b3614e17__i00__noisy__t00,noisy,9850899,41001,0.8693284936479129,0.7822141560798548,0.8488529014844803,0.8488529014844803,0.55,0.55,-0.087114337568058,0.0666387454046255,-0.0204755921634325,f1
erdos_renyi__42b3614e17__i00__noisy__t01__p41000,erdos_renyi__42b3614e17__i00,erdos_renyi,erdos_renyi__42b3614e17,erdos_renyi__42b3614e17__i00__noisy__t01,noisy,532189664,41000,0.7699346405228757,0.7037037037037037,0.7707338254450716,0.7707338254450716,0.4,0.4,-0.066230936819172,0.0670301217413679,0.0007991849221958,f1
erdos_renyi__42b3614e17__i00__noisy__t01__p41001,erdos_renyi__42b3614e17__i00,erdos_renyi,erdos_renyi__42b3614e17,erdos_renyi__42b3614e17__i00__noisy__t01,noisy,532189664,41001,0.956442831215971,0.6135265700483092,0.6135265700483092,0.746031746031746,0.0,0.4,-0.3429162611676617,0.1325051759834368,-0.3429162611676617,f1
erdos_renyi__42b3614e17__i00__partial__t00__p41000,erdos_renyi__42b3614e17__i00,erdos_renyi,erdos_renyi__42b3614e17,erdos_renyi__42b3614e17__i00__partial__t00,partial,784289218,41000,0.7857142857142857,0.6974789915966386,0.7077283372365339,0.7077283372365339,0.55,0.55,-0.088235294117647,0.0102493456398953,-0.0779859484777517,f1
erdos_renyi__42b3614e17__i00__partial__t00__p41001,erdos_renyi__42b3614e17__i00,erdos_renyi,erdos_renyi__42b3614e17,erdos_renyi__42b3614e17__i00__partial__t00,partial,784289218,41001,0.8714285714285714,0.8714285714285714,0.7658536585365854,0.7658536585365854,0.25,0.25,0.0,-0.105574912891986,-0.105574912891986,f1
erdos_renyi__42b3614e17__i00__partial__t01__p41000,erdos_renyi__42b3614e17__i00,erdos_renyi,erdos_renyi__42b3614e17,erdos_renyi__42b3614e17__i00__partial__t01,partial,362753168,41000,0.8875878220140515,0.6950998185117967,0.8285714285714285,0.8285714285714285,0.4,0.4,-0.1924880035022548,0.1334716100596318,-0.0590163934426229,f1
erdos_renyi__42b3614e17__i00__partial__t01__p41001,erdos_renyi__42b3614e17__i00,erdos_renyi,erdos_renyi__42b3614e17,erdos_renyi__42b3614e17__i00__partial__t01,partial,362753168,41001,0.956442831215971,0.8222222222222222,0.8178368121442126,0.8178368121442126,0.4,0.4,-0.1342206089937487,-0.0043854100780096,-0.1386060190717584,f1
erdos_renyi__42b3614e17__i01__informative__t00__p41000,erdos_renyi__42b3614e17__i01,erdos_renyi,erdos_renyi__42b3614e17,erdos_renyi__42b3614e17__i01__informative__t00,informative,968075157,41000,0.8230958230958232,0.925887802367473,0.925887802367473,0.925887802367473,0.55,0.55,0.1027919792716498,0.0,0.1027919792716498,f1
erdos_renyi__42b3614e17__i01__informative__t00__p41001,erdos_renyi__42b3614e17__i01,erdos_renyi,erdos_renyi__42b3614e17,erdos_renyi__42b3614e17__i01__informative__t00,informative,968075157,41001,0.9495798319327732,0.9495798319327732,0.9495798319327732,0.8945054945054944,0.0,0.25,0.0,-0.0550743374272786,0.0,f1
erdos_renyi__42b3614e17__i01__informative__t01__p41000,erdos_renyi__42b3614e17__i01,erdos_renyi,erdos_renyi__42b3614e17,erdos_renyi__42b3614e17__i01__informative__t01,informative,1658837980,41000,0.8945054945054944,0.8764796706124549,0.8764796706124549,0.8991596638655461,0.0,0.1,-0.0180258238930395,0.0226799932530912,-0.0180258238930395,f1
erdos_renyi__42b3614e17__i01__informative__t01__p41001,erdos_renyi__42b3614e17__i01,erdos_renyi,erdos_renyi__42b3614e17,erdos_renyi__42b3614e17__i01__informative__t01,informative,1658837980,41001,0.9030303030303032,0.7776634071024189,0.7776634071024189,0.7983193277310925,0.0,0.1,-0.1253668959278842,0.0206559206286736,-0.1253668959278842,f1
erdos_renyi__42b3614e17__i01__noisy__t00__p41000,erdos_renyi__42b3614e17__i01,erdos_renyi,erdos_renyi__42b3614e17,erdos_renyi__42b3614e17__i01__noisy__t00,noisy,336272983,41000,0.8991596638655461,0.5943661971830986,0.7362637362637363,0.7362637362637363,0.55,0.55,-0.3047934666824475,0.1418975390806377,-0.1628959276018098,f1
erdos_renyi__42b3614e17__i01__noisy__t00__p41001,erdos_renyi__42b3614e17__i01,erdos_renyi,erdos_renyi__42b3614e17,erdos_renyi__42b3614e17__i01__noisy__t00,noisy,336272983,41001,0.8888888888888888,0.806060606060606,0.7566197183098591,0.7566197183098591,0.25,0.25,-0.0828282828282828,-0.0494408877507469,-0.1322691705790297,f1
erdos_renyi__42b3614e17__i01__noisy__t01__p41000,erdos_renyi__42b3614e17__i01,erdos_renyi,erdos_renyi__42b3614e17,erdos_renyi__42b3614e17__i01__noisy__t01,noisy,1421231550,41000,0.9188732394366196,0.5966386554621849,0.7681159420289855,0.7681159420289855,0.4,0.4,-0.3222345839744348,0.1714772865668006,-0.1507572974076342,f1
erdos_renyi__42b3614e17__i01__noisy__t01__p41001,erdos_renyi__42b3614e17__i01,erdos_renyi,erdos_renyi__42b3614e17,erdos_renyi__42b3614e17__i01__noisy__t01,noisy,1421231550,41001,0.7473684210526316,0.6650563607085347,0.6484507042253521,0.6484507042253521,0.55,0.55,-0.0823120603440968,-0.0166056564831825,-0.0989177168272794,f1
erdos_renyi__42b3614e17__i01__partial__t00__p41000,erdos_renyi__42b3614e17__i01,erdos_renyi,erdos_renyi__42b3614e17,erdos_renyi__42b3614e17__i01__partial__t00,partial,261403950,41000,0.8945054945054944,0.7998808814770697,0.8991596638655461,0.8991596638655461,0.55,0.55,-0.0946246130284247,0.0992787823884764,0.0046541693600516,f1
erdos_renyi__42b3614e17__i01__partial__t00__p41001,erdos_renyi__42b3614e17__i01,erdos_renyi,erdos_renyi__42b3614e17,erdos_renyi__42b3614e17__i01__partial__t00,partial,261403950,41001,0.8888888888888888,0.8417582417582418,0.7866666666666666,0.7866666666666666,0.4,0.4,-0.047130647130647,-0.0550915750915751,-0.1022222222222222,f1
erdos_renyi__42b3614e17__i01__partial__t01__p41000,erdos_renyi__42b3614e17__i01,erdos_renyi,erdos_renyi__42b3614e17,erdos_renyi__42b3614e17__i01__partial__t01,partial,2096957584,41000,0.8417582417582418,0.7998808814770697,0.7866666666666666,0.7866666666666666,0.55,0.55,-0.041877360281172,-0.013214214810403,-0.0550915750915751,f1
erdos_renyi__42b3614e17__i01__partial__t01__p41001,erdos_renyi__42b3614e17__i01,erdos_renyi,erdos_renyi__42b3614e17,erdos_renyi__42b3614e17__i01__partial__t01,partial,2096957584,41001,0.8570577724836212,0.7257142857142858,0.9188732394366196,0.9188732394366196,0.4,0.4,-0.1313434867693355,0.1931589537223339,0.0618154669529984,f1
erdos_renyi__42b3614e17__i02__informative__t00__p41000,erdos_renyi__42b3614e17__i02,erdos_renyi,erdos_renyi__42b3614e17,erdos_renyi__42b3614e17__i02__informative__t00,informative,1769637073,41000,0.9361419068736142,0.916083916083916,0.9372549019607844,0.9372549019607844,0.55,0.55,-0.0200579907896981,0.0211709858768682,0.0011129950871701,f1
erdos_renyi__42b3614e17__i02__informative__t00__p41001,erdos_renyi__42b3614e17__i02,erdos_renyi,erdos_renyi__42b3614e17,erdos_renyi__42b3614e17__i02__informative__t00,informative,1769637073,41001,0.9361419068736142,0.873015873015873,0.8509977827050997,0.8509977827050997,0.1,0.1,-0.0631260338577411,-0.0220180903107732,-0.0851441241685144,f1
erdos_renyi__42b3614e17__i02__informative__t01__p41000,erdos_renyi__42b3614e17__i02,erdos_renyi,erdos_renyi__42b3614e17,erdos_renyi__42b3614e17__i02__informative__t01,informative,665353619,41000,0.958041958041958,0.8535947712418301,0.9368143922773148,0.9368143922773148,0.55,0.55,-0.1044471868001279,0.0832196210354845,-0.0212275657646434,f1
erdos_renyi__42b3614e17__i02__informative__t01__p41001,erdos_renyi__42b3614e17__i02,erdos_renyi,erdos_renyi__42b3614e17,erdos_renyi__42b3614e17__i02__informative__t01,informative,665353619,41001,0.9576719576719576,0.8957881024750325,1.0,1.0,0.4,0.4,-0.0618838551969251,0.1042118975249675,0.0423280423280423,f1
erdos_renyi__42b3614e17__i02__noisy__t00__p41000,erdos_renyi__42b3614e17__i02,erdos_renyi,erdos_renyi__42b3614e17,erdos_renyi__42b3614e17__i02__noisy__t00,noisy,905269828,41000,0.8525669153137341,0.6873643074250977,0.6873643074250977,0.6873643074250977,0.1,0.1,-0.1652026078886364,0.0,-0.1652026078886364,f1
erdos_renyi__42b3614e17__i02__noisy__t00__p41001,erdos_renyi__42b3614e17__i02,erdos_renyi,erdos_renyi__42b3614e17,erdos_renyi__42b3614e17__i02__noisy__t00,noisy,905269828,41001,0.8104431768319438,0.7822141560798548,0.7658536585365854,0.7658536585365854,0.4,0.4,-0.0282290207520889,-0.0163604975432694,-0.0445895182953584,f1
erdos_renyi__42b3614e17__i02__noisy__t01__p41000,erdos_renyi__42b3614e17__i02,erdos_renyi,erdos_renyi__42b3614e17,erdos_renyi__42b3614e17__i02__noisy__t01,noisy,1182391806,41000,0.9165217391304348,0.6873643074250977,0.7495652173913043,0.7495652173913043,0.55,0.55,-0.2291574317053371,0.0622009099662066,-0.1669565217391304,f1
erdos_renyi__42b3614e17__i02__noisy__t01__p41001,erdos_renyi__42b3614e17__i02,erdos_renyi,erdos_renyi__42b3614e17,erdos_renyi__42b3614e17__i02__noisy__t01,noisy,1182391806,41001,0.9153439153439152,0.7902097902097902,0.8330434782608696,0.8330434782608696,0.55,0.55,-0.1251341251341251,0.0428336880510793,-0.0823004370830458,f1
erdos_renyi__42b3614e17__i02__partial__t00__p41000,erdos_renyi__42b3614e17__i02,erdos_renyi,erdos_renyi__42b3614e17,erdos_renyi__42b3614e17__i02__partial__t00,partial,694646454,41000,0.9372549019607844,0.8747826086956522,0.8056680161943319,0.8056680161943319,0.25,0.25,-0.0624722932651321,-0.0691145925013202,-0.1315868857664524,f1
erdos_renyi__42b3614e17__i02__partial__t00__p41001,erdos_renyi__42b3614e17__i02,erdos_renyi,erdos_renyi__42b3614e17,erdos_renyi__42b3614e17__i02__partial__t00,partial,694646454,41001,0.8306878306878307,0.6613756613756614,0.8084257206208425,0.8084257206208425,0.55,0.55,-0.1693121693121693,0.1470500592451811,-0.0222621100669881,f1
erdos_renyi__42b3614e17__i02__partial__t01__p41000,erdos_renyi__42b3614e17__i02,erdos_renyi,erdos_renyi__42b3614e17,erdos_renyi__42b3614e17__i02__partial__t01,partial,95782616,41000,0.8509977827050997,0.8084257206208425,0.7902097902097902,0.7902097902097902,0.25,0.25,-0.0425720620842572,-0.0182159304110522,-0.0607879924953095,f1
erdos_renyi__42b3614e17__i02__partial__t01__p41001,erdos_renyi__42b3614e17__i02,erdos_renyi,erdos_renyi__42b3614e17,erdos_renyi__42b3614e17__i02__partial__t01,partial,95782616,41001,0.9361419068736142,0.6444444444444444,0.7976580796252928,0.7976580796252928,0.25,0.25,-0.2916974624291698,0.1532136351808484,-0.1384838272483214,f1
erdos_renyi__42b3614e17__i03__informative__t00__p41000,erdos_renyi__42b3614e17__i03,erdos_renyi,erdos_renyi__42b3614e17,erdos_renyi__42b3614e17__i03__informative__t00,informative,172248504,41000,0.941031941031941,0.8107042253521126,0.9142346634901728,0.9142346634901728,0.4,0.4,-0.1303277156798283,0.10353043813806,-0.0267972775417683,f1
erdos_renyi__42b3614e17__i03__informative__t00__p41001,erdos_renyi__42b3614e17__i03,erdos_renyi,erdos_renyi__42b3614e17,erdos_renyi__42b3614e17__i03__informative__t00,informative,172248504,41001,0.941031941031941,0.8632478632478633,0.9695238095238096,0.9695238095238096,0.55,0.55,-0.0777840777840777,0.1062759462759461,0.0284918684918684,f1
erdos_renyi__42b3614e17__i03__informative__t01__p41000,erdos_renyi__42b3614e17__i03,erdos_renyi,erdos_renyi__42b3614e17,erdos_renyi__42b3614e17__i03__informative__t01,informative,48446445,41000,0.936842105263158,0.7234567901234568,0.936842105263158,0.936842105263158,0.55,0.55,-0.2133853151397011,0.2133853151397011,0.0,f1
erdos_renyi__42b3614e17__i03__informative__t01__p41001,erdos_renyi__42b3614e17__i03,erdos_renyi,erdos_renyi__42b3614e17,erdos_renyi__42b3614e17__i03__informative__t01,informative,48446445,41001,0.936842105263158,0.8632478632478633,0.9316239316239316,0.9316239316239316,0.1,0.1,-0.0735942420152946,0.0683760683760683,-0.0052181736392262,f1
erdos_renyi__42b3614e17__i03__noisy__t00__p41000,erdos_renyi__42b3614e17__i03,erdos_renyi,erdos_renyi__42b3614e17,erdos_renyi__42b3614e17__i03__noisy__t00,noisy,1161920094,41000,0.7866666666666666,0.475,0.7777777777777777,0.7777777777777777,0.55,0.55,-0.3116666666666666,0.3027777777777777,-0.0088888888888889,f1
erdos_renyi__42b3614e17__i03__noisy__t00__p41001,erdos_renyi__42b3614e17__i03,erdos_renyi,erdos_renyi__42b3614e17,erdos_renyi__42b3614e17__i03__noisy__t00,noisy,1161920094,41001,0.8736842105263158,0.7264957264957266,0.625,0.625,0.55,0.55,-0.1471884840305892,-0.1014957264957265,-0.2486842105263158,f1
erdos_renyi__42b3614e17__i03__noisy__t01__p41000,erdos_renyi__42b3614e17__i03,erdos_renyi,erdos_renyi__42b3614e17,erdos_renyi__42b3614e17__i03__noisy__t01,noisy,641066382,41000,0.9316239316239316,0.625,0.625,0.6444444444444444,0.0,0.1,-0.3066239316239316,0.0194444444444443,-0.3066239316239316,f1
erdos_renyi__42b3614e17__i03__noisy__t01__p41001,erdos_renyi__42b3614e17__i03,erdos_renyi,erdos_renyi__42b3614e17,erdos_renyi__42b3614e17__i03__noisy__t01,noisy,641066382,41001,0.9695238095238096,0.7473684210526316,0.7047163362952836,0.7047163362952836,0.1,0.1,-0.2221553884711778,-0.0426520847573479,-0.2648074732285258,f1
erdos_renyi__42b3614e17__i03__partial__t00__p41000,erdos_renyi__42b3614e17__i03,erdos_renyi,erdos_renyi__42b3614e17,erdos_renyi__42b3614e17__i03__partial__t00,partial,726434296,41000,0.7641277641277642,0.8359535201640464,1.0,1.0,0.4,0.4,0.0718257560362822,0.1640464798359535,0.2358722358722358,f1
erdos_renyi__42b3614e17__i03__partial__t00__p41001,erdos_renyi__42b3614e17__i03,erdos_renyi,erdos_renyi__42b3614e17,erdos_renyi__42b3614e17__i03__partial__t00,partial,726434296,41001,0.8105263157894737,0.892777364110201,0.85,0.85,0.1,0.1,0.0822510483207273,-0.042777364110201,0.0394736842105263,f1
erdos_renyi__42b3614e17__i03__partial__t01__p41000,erdos_renyi__42b3614e17__i03,erdos_renyi,erdos_renyi__42b3614e17,erdos_renyi__42b3614e17__i03__partial__t01,partial,14820583,41000,0.9085714285714286,0.7473684210526316,0.892777364110201,0.892777364110201,0.55,0.55,-0.161203007518797,0.1454089430575694,-0.0157940644612275,f1
erdos_renyi__42b3614e17__i03__partial__t01__p41001,erdos_renyi__42b3614e17__i03,erdos_renyi,erdos_renyi__42b3614e17,erdos_renyi__42b3614e17__i03__partial__t01,partial,14820583,41001,0.9695238095238096,0.8105263157894737,0.8736842105263158,0.8736842105263158,0.4,0.4,-0.1589974937343358,0.0631578947368421,-0.0958395989974936,f1
erdos_renyi__42b3614e17__i04__informative__t00__p41000,erdos_renyi__42b3614e17__i04,erdos_renyi,erdos_renyi__42b3614e17,erdos_renyi__42b3614e17__i04__informative__t00,informative,1405846843,41000,0.9515151515151516,0.8487394957983193,0.9285359801488834,0.9285359801488834,0.55,0.55,-0.1027756557168322,0.079796484350564,-0.0229791713662681,f1
erdos_renyi__42b3614e17__i04__informative__t00__p41001,erdos_renyi__42b3614e17__i04,erdos_renyi,erdos_renyi__42b3614e17,erdos_renyi__42b3614e17__i04__informative__t00,informative,1405846843,41001,0.925887802367473,0.9515151515151516,0.9227053140096618,0.9227053140096618,0.55,0.55,0.0256273491476785,-0.0288098375054897,-0.0031824883578112,f1
erdos_renyi__42b3614e17__i04__informative__t01__p41000,erdos_renyi__42b3614e17__i04,erdos_renyi,erdos_renyi__42b3614e17,erdos_renyi__42b3614e17__i04__informative__t01,informative,1981711041,41000,0.9761786600496278,0.9515151515151516,0.953125,0.953125,0.4,0.4,-0.0246635085344762,0.0016098484848484,-0.0230536600496278,f1
erdos_renyi__42b3614e17__i04__informative__t01__p41001,erdos_renyi__42b3614e17__i04,erdos_renyi,erdos_renyi__42b3614e17,erdos_renyi__42b3614e17__i04__informative__t01,informative,1981711041,41001,0.9752959341224908,0.8426229508196721,0.8764796706124549,0.8764796706124549,0.55,0.55,-0.1326729833028188,0.0338567197927828,-0.098816263510036,f1
erdos_renyi__42b3614e17__i04__noisy__t00__p41000,erdos_renyi__42b3614e17__i04,erdos_renyi,erdos_renyi__42b3614e17,erdos_renyi__42b3614e17__i04__noisy__t00,noisy,150913257,41000,0.8764796706124549,0.827071538857437,0.827071538857437,0.827071538857437,0.1,0.1,-0.0494081317550179,0.0,-0.0494081317550179,f1
erdos_renyi__42b3614e17__i04__noisy__t00__p41001,erdos_renyi__42b3614e17__i04,erdos_renyi,erdos_renyi__42b3614e17,erdos_renyi__42b3614e17__i04__noisy__t00,noisy,150913257,41001,0.8487394957983193,0.6356736242884251,0.7333333333333334,0.7333333333333334,0.55,0.55,-0.2130658715098942,0.0976597090449082,-0.1154061624649859,f1
erdos_renyi__42b3614e17__i04__noisy__t01__p41000,erdos_renyi__42b3614e17__i04,erdos_renyi,erdos_renyi__42b3614e17,erdos_renyi__42b3614e17__i04__noisy__t01,noisy,1637608417,41000,0.8178368121442126,0.6812144212523719,0.8178368121442126,0.8178368121442126,0.55,0.55,-0.1366223908918407,0.1366223908918407,0.0,f1
erdos_renyi__42b3614e17__i04__noisy__t01__p41001,erdos_renyi__42b3614e17__i04,erdos_renyi,erdos_renyi__42b3614e17,erdos_renyi__42b3614e17__i04__noisy__t01,noisy,1637608417,41001,0.8711755233494364,0.7983193277310925,0.7776634071024189,0.7776634071024189,0.55,0.55,-0.0728561956183438,-0.0206559206286736,-0.0935121162470175,f1
erdos_renyi__42b3614e17__i04__partial__t00__p41000,erdos_renyi__42b3614e17__i04,erdos_renyi,erdos_renyi__42b3614e17,erdos_renyi__42b3614e17__i04__partial__t00,partial,618783335,41000,0.806060606060606,0.6855270994639666,0.7222222222222223,0.7222222222222223,0.55,0.55,-0.1205335065966394,0.0366951227582557,-0.0838383838383837,f1
erdos_renyi__42b3614e17__i04__partial__t00__p41001,erdos_renyi__42b3614e17__i04,erdos_renyi,erdos_renyi__42b3614e17,erdos_renyi__42b3614e17__i04__partial__t00,partial,618783335,41001,0.9285359801488834,0.7722960151802657,0.765625,0.765625,0.55,0.55,-0.1562399649686177,-0.0066710151802656,-0.1629109801488834,f1
erdos_renyi__42b3614e17__i04__partial__t01__p41000,erdos_renyi__42b3614e17__i04,erdos_renyi,erdos_renyi__42b3614e17,erdos_renyi__42b3614e17__i04__partial__t01,partial,1460266051,41000,0.90625,0.7983193277310925,0.8545454545454545,0.8545454545454545,0.55,0.55,-0.1079306722689075,0.056226126814362,-0.0517045454545455,f1
erdos_renyi__42b3614e17__i04__partial__t01__p41001,erdos_renyi__42b3614e17__i04,erdos_renyi,erdos_renyi__42b3614e17,erdos_renyi__42b3614e17__i04__partial__t01,partial,1460266051,41001,0.8487394957983193,0.806060606060606,0.8545454545454545,0.8545454545454545,0.25,0.25,-0.0426788897377132,0.0484848484848484,0.0058059587471351,f1
erdos_renyi__b9dafd47d2__i00__informative__t00__p41000,erdos_renyi__b9dafd47d2__i00,erdos_renyi,erdos_renyi__b9dafd47d2,erdos_renyi__b9dafd47d2__i00__informative__t00,informative,1638475499,41000,0.9544592030360532,0.8920377867746289,0.9775175644028102,0.9775175644028102,0.55,0.55,-0.0624214162614242,0.0854797776281813,0.023058361366757,f1
erdos_renyi__b9dafd47d2__i00__informative__t00__p41001,erdos_renyi__b9dafd47d2__i00,erdos_renyi,erdos_renyi__b9dafd47d2,erdos_renyi__b9dafd47d2__i00__informative__t00,informative,1638475499,41001,0.976911976911977,0.9775175644028102,0.9544592030360532,0.9544592030360532,0.4,0.4,0.0006055874908332,-0.023058361366757,-0.0224527738759238,f1
erdos_renyi__b9dafd47d2__i00__informative__t01__p41000,erdos_renyi__b9dafd47d2__i00,erdos_renyi,erdos_renyi__b9dafd47d2,erdos_renyi__b9dafd47d2__i00__informative__t01,informative,766642406,41000,0.90625,0.8875878220140515,0.953125,0.953125,0.55,0.55,-0.0186621779859484,0.0655371779859484,0.046875,f1
erdos_renyi__b9dafd47d2__i00__informative__t01__p41001,erdos_renyi__b9dafd47d2__i00,erdos_renyi,erdos_renyi__b9dafd47d2,erdos_renyi__b9dafd47d2__i00__informative__t01,informative,766642406,41001,0.9555555555555556,0.8808933002481389,0.8875878220140515,0.8875878220140515,0.55,0.55,-0.0746622553074165,0.0066945217659125,-0.0679677335415039,f1
erdos_renyi__b9dafd47d2__i00__noisy__t00__p41000,erdos_renyi__b9dafd47d2__i00,erdos_renyi,erdos_renyi__b9dafd47d2,erdos_renyi__b9dafd47d2__i00__noisy__t00,noisy,1678429867,41000,0.8125,0.806060606060606,0.6950998185117967,0.6950998185117967,0.4,0.4,-0.0064393939393939,-0.1109607875488093,-0.1174001814882033,f1
erdos_renyi__b9dafd47d2__i00__noisy__t00__p41001,erdos_renyi__b9dafd47d2__i00,erdos_renyi,erdos_renyi__b9dafd47d2,erdos_renyi__b9dafd47d2__i00__noisy__t00,noisy,1678429867,41001,0.90625,0.6470588235294117,0.7575757575757576,0.7575757575757576,0.4,0.4,-0.2591911764705883,0.1105169340463458,-0.1486742424242424,f1
erdos_renyi__b9dafd47d2__i00__noisy__t01__p41000,erdos_renyi__b9dafd47d2__i00,erdos_renyi,erdos_renyi__b9dafd47d2,erdos_renyi__b9dafd47d2__i00__noisy__t01,noisy,379611487,41000,0.6701786532295007,0.5151515151515151,0.5151515151515151,0.578125,0.0,0.1,-0.1550271380779855,0.0629734848484848,-0.1550271380779855,f1
erdos_renyi__b9dafd47d2__i00__noisy__t01__p41001,erdos_renyi__b9dafd47d2__i00,erdos_renyi,erdos_renyi__b9dafd47d2,erdos_renyi__b9dafd47d2__i00__noisy__t01,noisy,379611487,41001,0.8845598845598845,0.806060606060606,0.8332506203473946,0.8332506203473946,0.4,0.4,-0.0784992784992785,0.0271900142867885,-0.0513092642124899,f1
erdos_renyi__b9dafd47d2__i00__partial__t00__p41000,erdos_renyi__b9dafd47d2__i00,erdos_renyi,erdos_renyi__b9dafd47d2,erdos_renyi__b9dafd47d2__i00__partial__t00,partial,1158399407,41000,0.9111111111111112,0.8900595510765003,0.8875878220140515,0.8875878220140515,0.4,0.4,-0.0210515600346108,-0.0024717290624487,-0.0235232890970595,f1
erdos_renyi__b9dafd47d2__i00__partial__t00__p41001,erdos_renyi__b9dafd47d2__i00,erdos_renyi,erdos_renyi__b9dafd47d2,erdos_renyi__b9dafd47d2__i00__partial__t00,partial,1158399407,41001,0.9544592030360532,0.7681159420289855,0.9325526932084308,0.9325526932084308,0.55,0.55,-0.1863432610070676,0.1644367511794454,-0.0219065098276222,f1
erdos_renyi__b9dafd47d2__i00__partial__t01__p41000,erdos_renyi__b9dafd47d2__i00,erdos_renyi,erdos_renyi__b9dafd47d2,erdos_renyi__b9dafd47d2__i00__partial__t01,partial,552470924,41000,0.8460833715071003,0.6903225806451614,0.806060606060606,0.806060606060606,0.55,0.55,-0.1557607908619389,0.1157380254154446,-0.0400227654464943,f1
erdos_renyi__b9dafd47d2__i00__partial__t01__p41001,erdos_renyi__b9dafd47d2__i00,erdos_renyi,erdos_renyi__b9dafd47d2,erdos_renyi__b9dafd47d2__i00__partial__t01,partial,552470924,41001,0.8487394957983193,0.7362637362637363,0.7566197183098591,0.7566197183098591,0.55,0.55,-0.112475759534583,0.0203559820461227,-0.0921197774884602,f1
erdos_renyi__b9dafd47d2__i01__informative__t00__p41000,erdos_renyi__b9dafd47d2__i01,erdos_renyi,erdos_renyi__b9dafd47d2,erdos_renyi__b9dafd47d2__i01__informative__t00,informative,882461817,41000,0.9089184060721064,0.9089184060721064,0.9340357306459002,0.9340357306459002,0.4,0.4,0.0,0.0251173245737938,0.0251173245737938,f1
erdos_renyi__b9dafd47d2__i01__informative__t00__p41001,erdos_renyi__b9dafd47d2__i01,erdos_renyi,erdos_renyi__b9dafd47d2,erdos_renyi__b9dafd47d2__i01__informative__t00,informative,882461817,41001,0.9307359307359306,0.8845598845598845,0.8845598845598845,0.9111111111111112,0.0,0.1,-0.046176046176046,0.0265512265512265,-0.046176046176046,f1
erdos_renyi__b9dafd47d2__i01__informative__t01__p41000,erdos_renyi__b9dafd47d2__i01,erdos_renyi,erdos_renyi__b9dafd47d2,erdos_renyi__b9dafd47d2__i01__informative__t01,informative,1246435264,41000,0.9111111111111112,0.8222222222222222,0.9111111111111112,0.9111111111111112,0.55,0.55,-0.0888888888888889,0.0888888888888889,0.0,f1
erdos_renyi__b9dafd47d2__i01__informative__t01__p41001,erdos_renyi__b9dafd47d2__i01,erdos_renyi,erdos_renyi__b9dafd47d2,erdos_renyi__b9dafd47d2__i01__informative__t01,informative,1246435264,41001,0.9544592030360532,0.8383838383838383,0.8383838383838383,0.8845598845598845,0.0,0.1,-0.1160753646522148,0.0461760461760462,-0.1160753646522148,f1
erdos_renyi__b9dafd47d2__i01__noisy__t00__p41000,erdos_renyi__b9dafd47d2__i01,erdos_renyi,erdos_renyi__b9dafd47d2,erdos_renyi__b9dafd47d2__i01__noisy__t00,noisy,1720811915,41000,0.8222222222222222,0.5800308800823469,0.6888888888888889,0.6888888888888889,0.4,0.4,-0.2421913421398752,0.1088580088065419,-0.1333333333333333,f1
erdos_renyi__b9dafd47d2__i01__noisy__t00__p41001,erdos_renyi__b9dafd47d2__i01,erdos_renyi,erdos_renyi__b9dafd47d2,erdos_renyi__b9dafd47d2__i01__noisy__t00,noisy,1720811915,41001,0.8178368121442126,0.6356736242884251,0.6,0.6,0.4,0.4,-0.1821631878557874,-0.0356736242884251,-0.2178368121442125,f1
erdos_renyi__b9dafd47d2__i01__noisy__t01__p41000,erdos_renyi__b9dafd47d2__i01,erdos_renyi,erdos_renyi__b9dafd47d2,erdos_renyi__b9dafd47d2__i01__noisy__t01,noisy,86667352,41000,0.8104431768319438,0.6381374722838138,0.7428571428571429,0.7428571428571429,0.4,0.4,-0.17230570454813,0.1047196705733291,-0.0675860339748009,f1
erdos_renyi__b9dafd47d2__i01__noisy__t01__p41001,erdos_renyi__b9dafd47d2__i01,erdos_renyi,erdos_renyi__b9dafd47d2,erdos_renyi__b9dafd47d2__i01__noisy__t01,noisy,86667352,41001,0.7575757575757576,0.7478991596638656,0.7478991596638656,0.7856079404466502,0.0,0.25,-0.009676597911892,0.0377087807827846,-0.009676597911892,f1
erdos_renyi__b9dafd47d2__i01__partial__t00__p41000,erdos_renyi__b9dafd47d2__i01,erdos_renyi,erdos_renyi__b9dafd47d2,erdos_renyi__b9dafd47d2__i01__partial__t00,partial,301344141,41000,0.9544592030360532,0.8488529014844803,0.8488529014844803,0.8666666666666667,0.0,0.1,-0.1056063015515728,0.0178137651821863,-0.1056063015515728,f1
erdos_renyi__b9dafd47d2__i01__partial__t00__p41001,erdos_renyi__b9dafd47d2__i01,erdos_renyi,erdos_renyi__b9dafd47d2,erdos_renyi__b9dafd47d2__i01__partial__t00,partial,301344141,41001,0.9307359307359306,0.7581310123683005,0.7822141560798548,0.7822141560798548,0.55,0.55,-0.1726049183676301,0.0240831437115542,-0.1485217746560758,f1
erdos_renyi__b9dafd47d2__i01__partial__t01__p41000,erdos_renyi__b9dafd47d2__i01,erdos_renyi,erdos_renyi__b9dafd47d2,erdos_renyi__b9dafd47d2__i01__partial__t01,partial,277802352,41000,0.9325526932084308,0.8021071919377004,0.7581310123683005,0.7581310123683005,0.4,0.4,-0.1304455012707305,-0.0439761795693999,-0.1744216808401304,f1
erdos_renyi__b9dafd47d2__i01__partial__t01__p41001,erdos_renyi__b9dafd47d2__i01,erdos_renyi,erdos_renyi__b9dafd47d2,erdos_renyi__b9dafd47d2__i01__partial__t01,partial,277802352,41001,0.8633776091081593,0.7077283372365339,0.8845598845598845,0.8845598845598845,0.55,0.55,-0.1556492718716253,0.1768315473233506,0.0211822754517252,f1
erdos_renyi__b9dafd47d2__i02__informative__t00__p41000,erdos_renyi__b9dafd47d2__i02,erdos_renyi,erdos_renyi__b9dafd47d2,erdos_renyi__b9dafd47d2__i02__informative__t00,informative,1788221979,41000,0.9752959341224908,0.8945054945054944,0.8945054945054944,0.8945054945054944,0.55,0.55,-0.0807904396169965,0.0,-0.0807904396169965,f1
erdos_renyi__b9dafd47d2__i02__informative__t00__p41001,erdos_renyi__b9dafd47d2__i02,erdos_renyi,erdos_renyi__b9dafd47d2,erdos_renyi__b9dafd47d2__i02__informative__t00,informative,1788221979,41001,0.9752959341224908,0.8991596638655461,0.8991596638655461,0.925887802367473,0.0,0.25,-0.0761362702569448,0.0267281385019269,-0.0761362702569448,f1
erdos_renyi__b9dafd47d2__i02__informative__t01__p41000,erdos_renyi__b9dafd47d2__i02,erdos_renyi,erdos_renyi__b9dafd47d2,erdos_renyi__b9dafd47d2__i02__informative__t01,informative,2137602443,41000,0.8647887323943662,0.7566197183098591,0.8711755233494364,0.8711755233494364,0.25,0.25,-0.108169014084507,0.1145558050395773,0.0063867909550702,f1
erdos_renyi__b9dafd47d2__i02__informative__t01__p41001,erdos_renyi__b9dafd47d2__i02,erdos_renyi,erdos_renyi__b9dafd47d2,erdos_renyi__b9dafd47d2__i02__informative__t01,informative,2137602443,41001,0.9761786600496278,0.8222222222222222,0.8633776091081593,0.8633776091081593,0.55,0.55,-0.1539564378274056,0.0411553868859371,-0.1128010509414685,f1
erdos_renyi__b9dafd47d2__i02__noisy__t00__p41000,erdos_renyi__b9dafd47d2__i02,erdos_renyi,erdos_renyi__b9dafd47d2,erdos_renyi__b9dafd47d2__i02__noisy__t00,noisy,399690260,41000,0.8711755233494364,0.629439011837365,0.7025352112676057,0.7025352112676057,0.25,0.25,-0.2417365115120714,0.0730961994302407,-0.1686403120818307,f1
erdos_renyi__b9dafd47d2__i02__noisy__t00__p41001,erdos_renyi__b9dafd47d2__i02,erdos_renyi,erdos_renyi__b9dafd47d2,erdos_renyi__b9dafd47d2__i02__noisy__t00,noisy,399690260,41001,0.7856079404466502,0.6135265700483092,0.6135265700483092,0.547394540942928,0.0,0.4,-0.1720813703983409,-0.0661320291053811,-0.1720813703983409,f1
erdos_renyi__b9dafd47d2__i02__noisy__t01__p41000,erdos_renyi__b9dafd47d2__i02,erdos_renyi,erdos_renyi__b9dafd47d2,erdos_renyi__b9dafd47d2__i02__noisy__t01,noisy,1750718519,41000,0.7681159420289855,0.4861971830985915,0.4957983193277311,0.4957983193277311,0.1,0.1,-0.2819187589303939,0.0096011362291395,-0.2723176227012543,f1
erdos_renyi__b9dafd47d2__i02__noisy__t01__p41001,erdos_renyi__b9dafd47d2__i02,erdos_renyi,erdos_renyi__b9dafd47d2,erdos_renyi__b9dafd47d2__i02__noisy__t01,noisy,1750718519,41001,0.7090909090909091,0.7478991596638656,0.6390977443609023,0.6390977443609023,0.4,0.4,0.0388082505729564,-0.1088014153029632,-0.0699931647300068,f1
erdos_renyi__b9dafd47d2__i02__partial__t00__p41000,erdos_renyi__b9dafd47d2__i02,erdos_renyi,erdos_renyi__b9dafd47d2,erdos_renyi__b9dafd47d2__i02__partial__t00,partial,1205868598,41000,0.9752959341224908,0.8383838383838383,0.8808933002481389,0.8808933002481389,0.25,0.25,-0.1369120957386526,0.0425094618643006,-0.094402633874352,f1
erdos_renyi__b9dafd47d2__i02__partial__t00__p41001,erdos_renyi__b9dafd47d2__i02,erdos_renyi,erdos_renyi__b9dafd47d2,erdos_renyi__b9dafd47d2__i02__partial__t00,partial,1205868598,41001,0.8333333333333333,0.7362637362637363,0.7025352112676057,0.7025352112676057,0.4,0.4,-0.0970695970695969,-0.0337285249961306,-0.1307981220657276,f1
erdos_renyi__b9dafd47d2__i02__partial__t01__p41000,erdos_renyi__b9dafd47d2__i02,erdos_renyi,erdos_renyi__b9dafd47d2,erdos_renyi__b9dafd47d2__i02__partial__t01,partial,1824095514,41000,0.8991596638655461,0.6461916461916462,0.7362637362637363,0.7362637362637363,0.55,0.55,-0.2529680176739,0.0900720900720901,-0.1628959276018098,f1
erdos_renyi__b9dafd47d2__i02__partial__t01__p41001,erdos_renyi__b9dafd47d2__i02,erdos_renyi,erdos_renyi__b9dafd47d2,erdos_renyi__b9dafd47d2__i02__partial__t01,partial,1824095514,41001,0.8647887323943662,0.765625,0.7581310123683005,0.7581310123683005,0.1,0.1,-0.0991637323943661,-0.0074939876316995,-0.1066577200260656,f1
erdos_renyi__b9dafd47d2__i03__informative__t00__p41000,erdos_renyi__b9dafd47d2__i03,erdos_renyi,erdos_renyi__b9dafd47d2,erdos_renyi__b9dafd47d2__i03__informative__t00,informative,148323184,41000,0.925887802367473,0.859375,0.859375,0.859375,0.25,0.25,-0.066512802367473,0.0,-0.066512802367473,f1
erdos_renyi__b9dafd47d2__i03__informative__t00__p41001,erdos_renyi__b9dafd47d2__i03,erdos_renyi,erdos_renyi__b9dafd47d2,erdos_renyi__b9dafd47d2__i03__informative__t00,informative,148323184,41001,0.9307359307359306,0.8991596638655461,0.9515151515151516,0.9515151515151516,0.25,0.25,-0.0315762668703845,0.0523554876496054,0.0207792207792208,f1
erdos_renyi__b9dafd47d2__i03__informative__t01__p41000,erdos_renyi__b9dafd47d2__i03,erdos_renyi,erdos_renyi__b9dafd47d2,erdos_renyi__b9dafd47d2__i03__informative__t01,informative,2015220734,41000,0.8417582417582418,0.859375,0.9285359801488834,0.9285359801488834,0.4,0.4,0.0176167582417582,0.0691609801488833,0.0867777383906416,f1
erdos_renyi__b9dafd47d2__i03__informative__t01__p41001,erdos_renyi__b9dafd47d2__i03,erdos_renyi,erdos_renyi__b9dafd47d2,erdos_renyi__b9dafd47d2__i03__informative__t01,informative,2015220734,41001,0.976911976911977,0.9030303030303032,0.8845598845598845,0.8845598845598845,0.25,0.25,-0.0738816738816738,-0.0184704184704185,-0.0923520923520924,f1
erdos_renyi__b9dafd47d2__i03__noisy__t00__p41000,erdos_renyi__b9dafd47d2__i03,erdos_renyi,erdos_renyi__b9dafd47d2,erdos_renyi__b9dafd47d2__i03__noisy__t00,noisy,1220519420,41000,0.7983193277310925,0.6470588235294117,0.5872235872235873,0.5872235872235873,0.4,0.4,-0.1512605042016808,-0.0598352363058244,-0.2110957405075052,f1
erdos_renyi__b9dafd47d2__i03__noisy__t00__p41001,erdos_renyi__b9dafd47d2__i03,erdos_renyi,erdos_renyi__b9dafd47d2,erdos_renyi__b9dafd47d2__i03__noisy__t00,noisy,1220519420,41001,0.7776634071024189,0.6650563607085347,0.6974789915966386,0.6974789915966386,0.25,0.25,-0.1126070463938841,0.0324226308881039,-0.0801844155057802,f1
erdos_renyi__b9dafd47d2__i03__noisy__t01__p41000,erdos_renyi__b9dafd47d2__i03,erdos_renyi,erdos_renyi__b9dafd47d2,erdos_renyi__b9dafd47d2__i03__noisy__t01,noisy,739433438,41000,0.6484507042253521,0.3846153846153846,0.6283502084574151,0.6283502084574151,0.25,0.25,-0.2638353196099675,0.2437348238420304,-0.020100495767937,f1
erdos_renyi__b9dafd47d2__i03__noisy__t01__p41001,erdos_renyi__b9dafd47d2__i03,erdos_renyi,erdos_renyi__b9dafd47d2,erdos_renyi__b9dafd47d2__i03__noisy__t01,noisy,739433438,41001,0.8808933002481389,0.546218487394958,0.71875,0.71875,0.55,0.55,-0.3346748128531809,0.1725315126050419,-0.1621433002481389,f1
erdos_renyi__b9dafd47d2__i03__partial__t00__p41000,erdos_renyi__b9dafd47d2__i03,erdos_renyi,erdos_renyi__b9dafd47d2,erdos_renyi__b9dafd47d2__i03__partial__t00,partial,2129640683,41000,0.8545454545454545,0.6666666666666667,0.6666666666666667,0.71658615136876,0.0,0.1,-0.1878787878787877,0.0499194847020932,-0.1878787878787877,f1
erdos_renyi__b9dafd47d2__i03__partial__t00__p41001,erdos_renyi__b9dafd47d2__i03,erdos_renyi,erdos_renyi__b9dafd47d2,erdos_renyi__b9dafd47d2__i03__partial__t00,partial,2129640683,41001,0.8487394957983193,0.6283502084574151,0.6484507042253521,0.6484507042253521,0.4,0.4,-0.2203892873409042,0.020100495767937,-0.2002887915729672,f1
erdos_renyi__b9dafd47d2__i03__partial__t01__p41000,erdos_renyi__b9dafd47d2__i03,erdos_renyi,erdos_renyi__b9dafd47d2,erdos_renyi__b9dafd47d2__i03__partial__t01,partial,576179543,41000,0.9515151515151516,0.7427039904705182,0.859375,0.859375,0.4,0.4,-0.2088111610446333,0.1166710095294818,-0.0921401515151515,f1
erdos_renyi__b9dafd47d2__i03__partial__t01__p41001,erdos_renyi__b9dafd47d2__i03,erdos_renyi,erdos_renyi__b9dafd47d2,erdos_renyi__b9dafd47d2__i03__partial__t01,partial,576179543,41001,0.9515151515151516,0.806060606060606,0.827071538857437,0.827071538857437,0.4,0.4,-0.1454545454545455,0.0210109327968309,-0.1244436126577145,f1
erdos_renyi__b9dafd47d2__i04__informative__t00__p41000,erdos_renyi__b9dafd47d2__i04,erdos_renyi,erdos_renyi__b9dafd47d2,erdos_renyi__b9dafd47d2__i04__informative__t00,informative,1042797431,41000,0.925887802367473,0.8487394957983193,0.8764796706124549,0.8764796706124549,0.4,0.4,-0.0771483065691537,0.0277401748141356,-0.0494081317550181,f1
erdos_renyi__b9dafd47d2__i04__informative__t00__p41001,erdos_renyi__b9dafd47d2__i04,erdos_renyi,erdos_renyi__b9dafd47d2,erdos_renyi__b9dafd47d2__i04__informative__t00,informative,1042797431,41001,0.7998808814770697,0.9030303030303032,0.9030303030303032,0.9030303030303032,0.55,0.55,0.1031494215532333,0.0,0.1031494215532333,f1
erdos_renyi__b9dafd47d2__i04__informative__t01__p41000,erdos_renyi__b9dafd47d2__i04,erdos_renyi,erdos_renyi__b9dafd47d2,erdos_renyi__b9dafd47d2__i04__informative__t01,informative,826546281,41000,0.9495798319327732,0.8333333333333333,0.9227053140096618,0.9227053140096618,0.55,0.55,-0.1162464985994398,0.0893719806763285,-0.0268745179231112,f1
erdos_renyi__b9dafd47d2__i04__informative__t01__p41001,erdos_renyi__b9dafd47d2__i04,erdos_renyi,erdos_renyi__b9dafd47d2,erdos_renyi__b9dafd47d2__i04__informative__t01,informative,826546281,41001,0.9227053140096618,0.7777777777777777,0.8487394957983193,0.8487394957983193,0.55,0.55,-0.1449275362318841,0.0709617180205416,-0.0739658182113425,f1
erdos_renyi__b9dafd47d2__i04__noisy__t00__p41000,erdos_renyi__b9dafd47d2__i04,erdos_renyi,erdos_renyi__b9dafd47d2,erdos_renyi__b9dafd47d2__i04__noisy__t00,noisy,1427605228,41000,0.8764796706124549,0.6650563607085347,0.6470588235294117,0.6470588235294117,0.55,0.55,-0.2114233099039202,-0.017997537179123,-0.2294208470830432,f1
erdos_renyi__b9dafd47d2__i04__noisy__t00__p41001,erdos_renyi__b9dafd47d2__i04,erdos_renyi,erdos_renyi__b9dafd47d2,erdos_renyi__b9dafd47d2__i04__noisy__t00,noisy,1427605228,41001,0.7575757575757576,0.7983193277310925,0.6666666666666667,0.6666666666666667,0.55,0.55,0.0407435701553349,-0.1316526610644257,-0.0909090909090908,f1
erdos_renyi__b9dafd47d2__i04__noisy__t01__p41000,erdos_renyi__b9dafd47d2__i04,erdos_renyi,erdos_renyi__b9dafd47d2,erdos_renyi__b9dafd47d2__i04__noisy__t01,noisy,773469771,41000,0.8196457326892109,0.540281690140845,0.540281690140845,0.5636363636363637,0.0,0.25,-0.2793640425483659,0.0233546734955186,-0.2793640425483659,f1
erdos_renyi__b9dafd47d2__i04__noisy__t01__p41001,erdos_renyi__b9dafd47d2__i04,erdos_renyi,erdos_renyi__b9dafd47d2,erdos_renyi__b9dafd47d2__i04__noisy__t01,noisy,773469771,41001,0.9515151515151516,0.5578947368421052,0.6835164835164835,0.6835164835164835,0.4,0.4,-0.3936204146730463,0.1256217466743783,-0.267998667998668,f1
erdos_renyi__b9dafd47d2__i04__partial__t00__p41000,erdos_renyi__b9dafd47d2__i04,erdos_renyi,erdos_renyi__b9dafd47d2,erdos_renyi__b9dafd47d2__i04__partial__t00,partial,74755106,41000,0.8333333333333333,0.6974789915966386,0.8764796706124549,0.8764796706124549,0.55,0.55,-0.1358543417366946,0.1790006790158163,0.0431463372791216,f1
erdos_renyi__b9dafd47d2__i04__partial__t00__p41001,erdos_renyi__b9dafd47d2__i04,erdos_renyi,erdos_renyi__b9dafd47d2,erdos_renyi__b9dafd47d2__i04__partial__t00,partial,74755106,41001,0.8196457326892109,0.7478991596638656,0.7566197183098591,0.7566197183098591,0.55,0.55,-0.0717465730253453,0.0087205586459935,-0.0630260143793518,f1
erdos_renyi__b9dafd47d2__i04__partial__t01__p41000,erdos_renyi__b9dafd47d2__i04,erdos_renyi,erdos_renyi__b9dafd47d2,erdos_renyi__b9dafd47d2__i04__partial__t01,partial,1588937190,41000,0.9030303030303032,0.7575757575757576,0.859375,0.859375,0.4,0.4,-0.1454545454545455,0.1017992424242424,-0.043655303030303,f1
erdos_renyi__b9dafd47d2__i04__partial__t01__p41001,erdos_renyi__b9dafd47d2__i04,erdos_renyi,erdos_renyi__b9dafd47d2,erdos_renyi__b9dafd47d2__i04__partial__t01,partial,1588937190,41001,0.8545454545454545,0.8945054945054944,0.8417582417582418,0.8417582417582418,0.25,0.25,0.0399600399600399,-0.0527472527472526,-0.0127872127872127,f1
random_regular__2b4e0b8dbf__i00__informative__t00__p41000,random_regular__2b4e0b8dbf__i00,random_regular,random_regular__2b4e0b8dbf,random_regular__2b4e0b8dbf__i00__informative__t00,informative,957549790,41000,0.6444444444444444,0.7078260869565217,0.7232815964523283,0.7232815964523283,0.55,0.55,0.0633816425120773,0.0154555094958065,0.0788371520078838,f1
random_regular__2b4e0b8dbf__i00__informative__t00__p41001,random_regular__2b4e0b8dbf__i00,random_regular,random_regular__2b4e0b8dbf,random_regular__2b4e0b8dbf__i00__informative__t00,informative,957549790,41001,0.6761133603238867,0.4372557533651758,0.5623100303951367,0.5623100303951367,0.55,0.55,-0.2388576069587108,0.1250542770299608,-0.1138033299287499,f1
random_regular__2b4e0b8dbf__i00__informative__t01__p41000,random_regular__2b4e0b8dbf__i00,random_regular,random_regular__2b4e0b8dbf,random_regular__2b4e0b8dbf__i00__informative__t01,informative,246233356,41000,0.6026143790849673,0.6223776223776224,0.5767195767195767,0.5767195767195767,0.25,0.25,0.0197632432926551,-0.0456580456580456,-0.0258948023653905,f1
random_regular__2b4e0b8dbf__i00__informative__t01__p41001,random_regular__2b4e0b8dbf__i00,random_regular,random_regular__2b4e0b8dbf,random_regular__2b4e0b8dbf__i00__informative__t01,informative,246233356,41001,0.6444444444444444,0.5804195804195804,0.6807095343680709,0.6807095343680709,0.25,0.25,-0.0640248640248639,0.1002899539484905,0.0362650899236265,f1
random_regular__2b4e0b8dbf__i00__noisy__t00__p41000,random_regular__2b4e0b8dbf__i00,random_regular,random_regular__2b4e0b8dbf,random_regular__2b4e0b8dbf__i00__noisy__t00,noisy,1342148642,41000,0.3227513227513227,0.4771241830065359,0.5104212860310421,0.5104212860310421,0.4,0.4,0.1543728602552131,0.0332971030245061,0.1876699632797193,f1
random_regular__2b4e0b8dbf__i00__noisy__t00__p41001,random_regular__2b4e0b8dbf__i00,random_regular,random_regular__2b4e0b8dbf,random_regular__2b4e0b8dbf__i00__noisy__t00,noisy,1342148642,41001,0.4074074074074074,0.4502977553825011,0.4601889338731444,0.4601889338731444,0.1,0.1,0.0428903479750937,0.0098911784906432,0.052781526465737,f1
random_regular__2b4e0b8dbf__i00__noisy__t01__p41000,random_regular__2b4e0b8dbf__i00,random_regular,random_regular__2b4e0b8dbf,random_regular__2b4e0b8dbf__i00__noisy__t01,noisy,837049160,41000,0.5,0.4372557533651758,0.4166666666666667,0.4166666666666667,0.55,0.55,-0.0627442466348241,-0.0205890866985091,-0.0833333333333333,f1
random_regular__2b4e0b8dbf__i00__noisy__t01__p41001,random_regular__2b4e0b8dbf__i00,random_regular,random_regular__2b4e0b8dbf,random_regular__2b4e0b8dbf__i00__noisy__t01,noisy,837049160,41001,0.5343915343915344,0.5033738191632928,0.5033738191632928,0.5189542483660131,0.0,0.25,-0.0310177152282415,0.0155804292027202,-0.0310177152282415,f1
random_regular__2b4e0b8dbf__i00__partial__t00__p41000,random_regular__2b4e0b8dbf__i00,random_regular,random_regular__2b4e0b8dbf,random_regular__2b4e0b8dbf__i00__partial__t00,partial,2000744309,41000,0.3827050997782705,0.5623100303951367,0.3227513227513227,0.3227513227513227,0.4,0.4,0.1796049306168662,-0.2395587076438139,-0.0599537770269477,f1
random_regular__2b4e0b8dbf__i00__partial__t00__p41001,random_regular__2b4e0b8dbf__i00,random_regular,random_regular__2b4e0b8dbf,random_regular__2b4e0b8dbf__i00__partial__t00,partial,2000744309,41001,0.4991304347826087,0.5285714285714286,0.5285714285714286,0.5767195767195767,0.0,0.25,0.0294409937888198,0.0481481481481481,0.0294409937888198,f1
random_regular__2b4e0b8dbf__i00__partial__t01__p41000,random_regular__2b4e0b8dbf__i00,random_regular,random_regular__2b4e0b8dbf,random_regular__2b4e0b8dbf__i00__partial__t01,partial,1824830220,41000,0.5607843137254902,0.5826086956521739,0.5189542483660131,0.5189542483660131,0.1,0.1,0.0218243819266836,-0.0636544472861607,-0.041830065359477,f1
random_regular__2b4e0b8dbf__i00__partial__t01__p41001,random_regular__2b4e0b8dbf__i00,random_regular,random_regular__2b4e0b8dbf,random_regular__2b4e0b8dbf__i00__partial__t01,partial,1824830220,41001,0.4773139745916515,0.4379391100702576,0.5714285714285714,0.5714285714285714,0.1,0.1,-0.0393748645213938,0.1334894613583138,0.0941145968369199,f1
random_regular__2b4e0b8dbf__i01__informative__t00__p41000,random_regular__2b4e0b8dbf__i01,random_regular,random_regular__2b4e0b8dbf,random_regular__2b4e0b8dbf__i01__informative__t00,informative,1001769708,41000,0.7658536585365854,0.4379391100702576,0.4063215758131012,0.4063215758131012,0.1,0.1,-0.3279145484663278,-0.0316175342571563,-0.3595320827234841,f1
random_regular__2b4e0b8dbf__i01__informative__t00__p41001,random_regular__2b4e0b8dbf__i01,random_regular,random_regular__2b4e0b8dbf,random_regular__2b4e0b8dbf__i01__informative__t00,informative,1001769708,41001,0.5613275613275613,0.5033738191632928,0.6075036075036075,0.6075036075036075,0.55,0.55,-0.0579537421642685,0.1041297883403147,0.0461760461760462,f1
random_regular__2b4e0b8dbf__i01__informative__t01__p41000,random_regular__2b4e0b8dbf__i01,random_regular,random_regular__2b4e0b8dbf,random_regular__2b4e0b8dbf__i01__informative__t01,informative,72761487,41000,0.7141548327989007,0.6444444444444444,0.5613275613275613,0.5613275613275613,0.4,0.4,-0.0697103883544563,-0.083116883116883,-0.1528272714713393,f1
random_regular__2b4e0b8dbf__i01__informative__t01__p41001,random_regular__2b4e0b8dbf__i01,random_regular,random_regular__2b4e0b8dbf,random_regular__2b4e0b8dbf__i01__informative__t01,informative,72761487,41001,0.6419482229047828,0.6262024736601008,0.6807095343680709,0.6807095343680709,0.55,0.55,-0.0157457492446819,0.05450706070797,0.038761311463288,f1
random_regular__2b4e0b8dbf__i01__noisy__t00__p41000,random_regular__2b4e0b8dbf__i01,random_regular,random_regular__2b4e0b8dbf,random_regular__2b4e0b8dbf__i01__noisy__t00,noisy,2116459989,41000,0.4666666666666667,0.5555555555555556,0.5555555555555556,0.5111111111111111,0.0,0.1,0.0888888888888889,-0.0444444444444445,0.0888888888888889,f1
random_regular__2b4e0b8dbf__i01__noisy__t00__p41001,random_regular__2b4e0b8dbf__i01,random_regular,random_regular__2b4e0b8dbf,random_regular__2b4e0b8dbf__i01__noisy__t00,noisy,2116459989,41001,0.5285714285714286,0.3766233766233766,0.538250114521301,0.538250114521301,0.55,0.55,-0.1519480519480519,0.1616267378979243,0.0096786859498724,f1
random_regular__2b4e0b8dbf__i01__noisy__t01__p41000,random_regular__2b4e0b8dbf__i01,random_regular,random_regular__2b4e0b8dbf,random_regular__2b4e0b8dbf__i01__noisy__t01,noisy,355292884,41000,0.3949579831932773,0.4997518610421836,0.4997518610421836,0.5555555555555556,0.0,0.25,0.1047938778489062,0.0558036945133719,0.1047938778489062,f1
random_regular__2b4e0b8dbf__i01__noisy__t01__p41001,random_regular__2b4e0b8dbf__i01,random_regular,random_regular__2b4e0b8dbf,random_regular__2b4e0b8dbf__i01__noisy__t01,noisy,355292884,41001,0.5033738191632928,0.4079696394686907,0.4079696394686907,0.538250114521301,0.0,0.1,-0.0954041796946021,0.1302804750526103,-0.0954041796946021,f1
random_regular__2b4e0b8dbf__i01__partial__t00__p41000,random_regular__2b4e0b8dbf__i01,random_regular,random_regular__2b4e0b8dbf,random_regular__2b4e0b8dbf__i01__partial__t00,partial,694210675,41000,0.5804195804195804,0.6515426497277677,0.4734532689776217,0.4734532689776217,0.25,0.25,0.0711230693081872,-0.1780893807501459,-0.1069663114419586,f1
random_regular__2b4e0b8dbf__i01__partial__t00__p41001,random_regular__2b4e0b8dbf__i01,random_regular,random_regular__2b4e0b8dbf,random_regular__2b4e0b8dbf__i01__partial__t00,partial,694210675,41001,0.5822262940907008,0.5529933481152993,0.5955654101995566,0.5955654101995566,0.4,0.4,-0.0292329459754014,0.0425720620842572,0.0133391161088557,f1
random_regular__2b4e0b8dbf__i01__partial__t01__p41000,random_regular__2b4e0b8dbf__i01,random_regular,random_regular__2b4e0b8dbf,random_regular__2b4e0b8dbf__i01__partial__t01,partial,900702090,41000,0.6419482229047828,0.547394540942928,0.5151515151515151,0.5151515151515151,0.25,0.25,-0.0945536819618547,-0.0322430257914129,-0.1267967077532676,f1
random_regular__2b4e0b8dbf__i01__partial__t01__p41001,random_regular__2b4e0b8dbf__i01,random_regular,random_regular__2b4e0b8dbf,random_regular__2b4e0b8dbf__i01__partial__t01,partial,900702090,41001,0.6627634660421545,0.5278688524590164,0.5278688524590164,0.6177985948477751,0.0,0.4,-0.1348946135831381,0.0899297423887587,-0.1348946135831381,f1
random_regular__2b4e0b8dbf__i02__informative__t00__p41000,random_regular__2b4e0b8dbf__i02,random_regular,random_regular__2b4e0b8dbf,random_regular__2b4e0b8dbf__i02__informative__t00,informative,1704205184,41000,0.671875,0.5252747252747253,0.6135265700483092,0.6135265700483092,0.4,0.4,-0.1466002747252747,0.0882518447735839,-0.0583484299516907,f1
random_regular__2b4e0b8dbf__i02__informative__t00__p41001,random_regular__2b4e0b8dbf__i02,random_regular,random_regular__2b4e0b8dbf,random_regular__2b4e0b8dbf__i02__informative__t00,informative,1704205184,41001,0.482903981264637,0.5208711433756805,0.4601889338731444,0.4601889338731444,0.1,0.1,0.0379671621110435,-0.0606822095025361,-0.0227150473914926,f1
random_regular__2b4e0b8dbf__i02__informative__t01__p41000,random_regular__2b4e0b8dbf__i02,random_regular,random_regular__2b4e0b8dbf,random_regular__2b4e0b8dbf__i02__informative__t01,informative,1103202561,41000,0.5950372208436725,0.6419482229047828,0.6613756613756614,0.6613756613756614,0.55,0.55,0.0469110020611103,0.0194274384708785,0.0663384405319889,f1
random_regular__2b4e0b8dbf__i02__informative__t01__p41001,random_regular__2b4e0b8dbf__i02,random_regular,random_regular__2b4e0b8dbf,random_regular__2b4e0b8dbf__i02__informative__t01,informative,1103202561,41001,0.7192982456140351,0.6444444444444444,0.6571428571428571,0.6571428571428571,0.1,0.1,-0.0748538011695907,0.0126984126984127,-0.0621553884711779,f1
random_regular__2b4e0b8dbf__i02__noisy__t00__p41000,random_regular__2b4e0b8dbf__i02,random_regular,random_regular__2b4e0b8dbf,random_regular__2b4e0b8dbf__i02__noisy__t00,noisy,1598505006,41000,0.4920634920634921,0.3888888888888889,0.4170040485829959,0.4170040485829959,0.4,0.4,-0.1031746031746032,0.028115159694107,-0.0750594434804961,f1
random_regular__2b4e0b8dbf__i02__noisy__t00__p41001,random_regular__2b4e0b8dbf__i02,random_regular,random_regular__2b4e0b8dbf,random_regular__2b4e0b8dbf__i02__noisy__t00,noisy,1598505006,41001,0.4812146165723108,0.4337568058076225,0.4601889338731444,0.4601889338731444,0.25,0.25,-0.0474578107646883,0.0264321280655219,-0.0210256826991664,f1
random_regular__2b4e0b8dbf__i02__noisy__t01__p41000,random_regular__2b4e0b8dbf__i02,random_regular,random_regular__2b4e0b8dbf,random_regular__2b4e0b8dbf__i02__noisy__t01,noisy,220784840,41000,0.4861971830985915,0.4678492239467849,0.5278688524590164,0.5278688524590164,0.4,0.4,-0.0183479591518066,0.0600196285122314,0.0416716693604248,f1
random_regular__2b4e0b8dbf__i02__noisy__t01__p41001,random_regular__2b4e0b8dbf__i02,random_regular,random_regular__2b4e0b8dbf,random_regular__2b4e0b8dbf__i02__noisy__t01,noisy,220784840,41001,0.5206252713851498,0.4252771618625277,0.5529933481152993,0.5529933481152993,0.25,0.25,-0.095348109522622,0.1277161862527716,0.0323680767301495,f1
random_regular__2b4e0b8dbf__i02__partial__t00__p41000,random_regular__2b4e0b8dbf__i02,random_regular,random_regular__2b4e0b8dbf,random_regular__2b4e0b8dbf__i02__partial__t00,partial,574723303,41000,0.5151515151515151,0.4379391100702576,0.4689754689754689,0.4689754689754689,0.55,0.55,-0.0772124050812575,0.0310363589052113,-0.0461760461760462,f1
random_regular__2b4e0b8dbf__i02__partial__t00__p41001,random_regular__2b4e0b8dbf__i02,random_regular,random_regular__2b4e0b8dbf,random_regular__2b4e0b8dbf__i02__partial__t00,partial,574723303,41001,0.5208711433756805,0.4990512333965844,0.4997518610421836,0.4997518610421836,0.4,0.4,-0.0218199099790961,0.0007006276455991,-0.0211192823334969,f1
random_regular__2b4e0b8dbf__i02__partial__t01__p41000,random_regular__2b4e0b8dbf__i02,random_regular,random_regular__2b4e0b8dbf,random_regular__2b4e0b8dbf__i02__partial__t01,partial,968093477,41000,0.578125,0.4375,0.5208711433756805,0.5208711433756805,0.1,0.1,-0.140625,0.0833711433756805,-0.0572538566243194,f1
random_regular__2b4e0b8dbf__i02__partial__t01__p41001,random_regular__2b4e0b8dbf__i02,random_regular,random_regular__2b4e0b8dbf,random_regular__2b4e0b8dbf__i02__partial__t01,partial,968093477,41001,0.5306227483273289,0.6,0.6536796536796536,0.6536796536796536,0.25,0.25,0.069377251672671,0.0536796536796536,0.1230569053523247,f1
random_regular__2b4e0b8dbf__i03__informative__t00__p41000,random_regular__2b4e0b8dbf__i03,random_regular,random_regular__2b4e0b8dbf,random_regular__2b4e0b8dbf__i03__informative__t00,informative,708785508,41000,0.4666666666666667,0.4074074074074074,0.6079854809437386,0.6079854809437386,0.4,0.4,-0.0592592592592592,0.2005780735363312,0.1413188142770719,f1
random_regular__2b4e0b8dbf__i03__informative__t00__p41001,random_regular__2b4e0b8dbf__i03,random_regular,random_regular__2b4e0b8dbf,random_regular__2b4e0b8dbf__i03__informative__t00,informative,708785508,41001,0.6444444444444444,0.482903981264637,0.6,0.6,0.4,0.4,-0.1615404631798073,0.1170960187353629,-0.0444444444444444,f1
random_regular__2b4e0b8dbf__i03__informative__t01__p41000,random_regular__2b4e0b8dbf__i03,random_regular,random_regular__2b4e0b8dbf,random_regular__2b4e0b8dbf__i03__informative__t01,informative,1894071774,41000,0.6075036075036075,0.5826086956521739,0.6,0.6,0.4,0.4,-0.0248949118514336,0.017391304347826,-0.0075036075036075,f1
random_regular__2b4e0b8dbf__i03__informative__t01__p41001,random_regular__2b4e0b8dbf__i03,random_regular,random_regular__2b4e0b8dbf,random_regular__2b4e0b8dbf__i03__informative__t01,informative,1894071774,41001,0.5804195804195804,0.5416666666666666,0.5955654101995566,0.5955654101995566,0.1,0.1,-0.0387529137529137,0.0538987435328899,0.0151458297799761,f1
random_regular__2b4e0b8dbf__i03__noisy__t00__p41000,random_regular__2b4e0b8dbf__i03,random_regular,random_regular__2b4e0b8dbf,random_regular__2b4e0b8dbf__i03__noisy__t00,noisy,355917710,41000,0.4990512333965844,0.5445920303605313,0.4857142857142857,0.4857142857142857,0.55,0.55,0.0455407969639468,-0.0588777446462455,-0.0133369476822987,f1
random_regular__2b4e0b8dbf__i03__noisy__t00__p41001,random_regular__2b4e0b8dbf__i03,random_regular,random_regular__2b4e0b8dbf,random_regular__2b4e0b8dbf__i03__noisy__t00,noisy,355917710,41001,0.4535104364326375,0.515577007459412,0.5767195767195767,0.5767195767195767,0.55,0.55,0.0620665710267744,0.0611425692601647,0.1232091402869391,f1
random_regular__2b4e0b8dbf__i03__noisy__t01__p41000,random_regular__2b4e0b8dbf__i03,random_regular,random_regular__2b4e0b8dbf,random_regular__2b4e0b8dbf__i03__noisy__t01,noisy,54695151,41000,0.365079365079365,0.4063215758131012,0.5822262940907008,0.5822262940907008,0.1,0.1,0.0412422107337361,0.1759047182775995,0.2171469290113357,f1
random_regular__2b4e0b8dbf__i03__noisy__t01__p41001,random_regular__2b4e0b8dbf__i03,random_regular,random_regular__2b4e0b8dbf,random_regular__2b4e0b8dbf__i03__noisy__t01,noisy,54695151,41001,0.5285714285714286,0.546218487394958,0.4601889338731444,0.4601889338731444,0.55,0.55,0.0176470588235294,-0.0860295535218136,-0.0683824946982841,f1
random_regular__2b4e0b8dbf__i03__partial__t00__p41000,random_regular__2b4e0b8dbf__i03,random_regular,random_regular__2b4e0b8dbf,random_regular__2b4e0b8dbf__i03__partial__t00,partial,181532172,41000,0.3827050997782705,0.5636363636363637,0.5998244844229925,0.5998244844229925,0.55,0.55,0.1809312638580932,0.0361881207866288,0.217119384644722,f1
random_regular__2b4e0b8dbf__i03__partial__t00__p41001,random_regular__2b4e0b8dbf__i03,random_regular,random_regular__2b4e0b8dbf,random_regular__2b4e0b8dbf__i03__partial__t00,partial,181532172,41001,0.4771241830065359,0.4773139745916515,0.5033738191632928,0.5033738191632928,0.25,0.25,0.0001897915851155,0.0260598445716413,0.0262496361567569,f1
random_regular__2b4e0b8dbf__i03__partial__t01__p41000,random_regular__2b4e0b8dbf__i03,random_regular,random_regular__2b4e0b8dbf,random_regular__2b4e0b8dbf__i03__partial__t01,partial,1170599063,41000,0.4545454545454546,0.5384615384615384,0.5623100303951367,0.5623100303951367,0.1,0.1,0.0839160839160838,0.0238484919335982,0.1077645758496821,f1
random_regular__2b4e0b8dbf__i03__partial__t01__p41001,random_regular__2b4e0b8dbf__i03,random_regular,random_regular__2b4e0b8dbf,random_regular__2b4e0b8dbf__i03__partial__t01,partial,1170599063,41001,0.5384615384615384,0.6243478260869566,0.5343915343915344,0.5343915343915344,0.55,0.55,0.0858862876254181,-0.0899562916954221,-0.004070004070004,f1
random_regular__2b4e0b8dbf__i04__informative__t00__p41000,random_regular__2b4e0b8dbf__i04,random_regular,random_regular__2b4e0b8dbf,random_regular__2b4e0b8dbf__i04__informative__t00,informative,833183455,41000,0.7428571428571429,0.5465587044534412,0.5998244844229925,0.5998244844229925,0.4,0.4,-0.1962984384037016,0.0532657799695512,-0.1430326584341503,f1
random_regular__2b4e0b8dbf__i04__informative__t00__p41001,random_regular__2b4e0b8dbf__i04,random_regular,random_regular__2b4e0b8dbf,random_regular__2b4e0b8dbf__i04__informative__t00,informative,833183455,41001,0.6888888888888889,0.6121212121212121,0.746031746031746,0.746031746031746,0.55,0.55,-0.0767676767676768,0.1339105339105339,0.0571428571428571,f1
random_regular__2b4e0b8dbf__i04__informative__t01__p41000,random_regular__2b4e0b8dbf__i04,random_regular,random_regular__2b4e0b8dbf,random_regular__2b4e0b8dbf__i04__informative__t01,informative,834223804,41000,0.6329284750337382,0.625,0.6142857142857143,0.6142857142857143,0.4,0.4,-0.0079284750337381,-0.0107142857142856,-0.0186427607480238,f1
random_regular__2b4e0b8dbf__i04__informative__t01__p41001,random_regular__2b4e0b8dbf__i04,random_regular,random_regular__2b4e0b8dbf,random_regular__2b4e0b8dbf__i04__informative__t01,informative,834223804,41001,0.6643356643356644,0.625,0.7581310123683005,0.7581310123683005,0.4,0.4,-0.0393356643356643,0.1331310123683005,0.0937953480326361,f1
random_regular__2b4e0b8dbf__i04__noisy__t00__p41000,random_regular__2b4e0b8dbf__i04,random_regular,random_regular__2b4e0b8dbf,random_regular__2b4e0b8dbf__i04__noisy__t00,noisy,194267343,41000,0.5408695652173914,0.484375,0.484375,0.5445920303605313,0.0,0.4,-0.0564945652173913,0.0602170303605312,-0.0564945652173913,f1
random_regular__2b4e0b8dbf__i04__noisy__t00__p41001,random_regular__2b4e0b8dbf__i04,random_regular,random_regular__2b4e0b8dbf,random_regular__2b4e0b8dbf__i04__noisy__t00,noisy,194267343,41001,0.5767195767195767,0.5529933481152993,0.4771241830065359,0.4771241830065359,0.4,0.4,-0.0237262286042774,-0.0758691651087634,-0.0995953937130408,f1
random_regular__2b4e0b8dbf__i04__noisy__t01__p41000,random_regular__2b4e0b8dbf__i04,random_regular,random_regular__2b4e0b8dbf,random_regular__2b4e0b8dbf__i04__noisy__t01,noisy,271387452,41000,0.5714285714285714,0.5033738191632928,0.4990512333965844,0.4990512333965844,0.4,0.4,-0.0680547522652785,-0.0043225857667084,-0.0723773380319869,f1
random_regular__2b4e0b8dbf__i04__noisy__t01__p41001,random_regular__2b4e0b8dbf__i04,random_regular,random_regular__2b4e0b8dbf,random_regular__2b4e0b8dbf__i04__noisy__t01,noisy,271387452,41001,0.5465587044534412,0.4313295304958315,0.4313295304958315,0.4857142857142857,0.0,0.55,-0.1152291739576097,0.0543847552184542,-0.1152291739576097,f1
random_regular__2b4e0b8dbf__i04__partial__t00__p41000,random_regular__2b4e0b8dbf__i04,random_regular,random_regular__2b4e0b8dbf,random_regular__2b4e0b8dbf__i04__partial__t00,partial,533803212,41000,0.5416666666666666,0.6190476190476191,0.5955654101995566,0.5955654101995566,0.55,0.55,0.0773809523809524,-0.0234822088480625,0.0538987435328899,f1
random_regular__2b4e0b8dbf__i04__partial__t00__p41001,random_regular__2b4e0b8dbf__i04,random_regular,random_regular__2b4e0b8dbf,random_regular__2b4e0b8dbf__i04__partial__t00,partial,533803212,41001,0.5714285714285714,0.5897435897435896,0.5897435897435896,0.4535104364326375,0.0,0.55,0.0183150183150182,-0.1362331533109521,0.0183150183150182,f1
random_regular__2b4e0b8dbf__i04__partial__t01__p41000,random_regular__2b4e0b8dbf__i04,random_regular,random_regular__2b4e0b8dbf,random_regular__2b4e0b8dbf__i04__partial__t01,partial,2135823996,41000,0.6039947894051237,0.5955654101995566,0.5955654101995566,0.5714285714285714,0.0,0.1,-0.0084293792055671,-0.0241368387709851,-0.0084293792055671,f1
random_regular__2b4e0b8dbf__i04__partial__t01__p41001,random_regular__2b4e0b8dbf__i04,random_regular,random_regular__2b4e0b8dbf,random_regular__2b4e0b8dbf__i04__partial__t01,partial,2135823996,41001,0.5465587044534412,0.538250114521301,0.5714285714285714,0.5714285714285714,0.1,0.1,-0.0083085899321402,0.0331784569072703,0.0248698669751301,f1
random_regular__6cb9332062__i00__informative__t00__p41000,random_regular__6cb9332062__i00,random_regular,random_regular__6cb9332062,random_regular__6cb9332062__i00__informative__t00,informative,459789405,41000,0.6283502084574151,0.6111111111111112,0.6998556998556998,0.6998556998556998,0.4,0.4,-0.0172390973463039,0.0887445887445886,0.0715054913982847,f1
random_regular__6cb9332062__i00__informative__t00__p41001,random_regular__6cb9332062__i00,random_regular,random_regular__6cb9332062,random_regular__6cb9332062__i00__informative__t00,informative,459789405,41001,0.6329284750337382,0.5901328273244781,0.6627634660421545,0.6627634660421545,0.25,0.25,-0.04279564770926,0.0726306387176763,0.0298349910084163,f1
random_regular__6cb9332062__i00__informative__t01__p41000,random_regular__6cb9332062__i00,random_regular,random_regular__6cb9332062,random_regular__6cb9332062__i00__informative__t01,informative,1650255352,41000,0.6788471435923829,0.546218487394958,0.5822262940907008,0.5822262940907008,0.4,0.4,-0.1326286561974248,0.0360078066957427,-0.096620849501682,f1
random_regular__6cb9332062__i00__informative__t01__p41001,random_regular__6cb9332062__i00,random_regular,random_regular__6cb9332062,random_regular__6cb9332062__i00__informative__t01,informative,1650255352,41001,0.7062937062937062,0.5950372208436725,0.5955654101995566,0.5955654101995566,0.55,0.55,-0.1112564854500337,0.000528189355884,-0.1107282960941496,f1
random_regular__6cb9332062__i00__noisy__t00__p41000,random_regular__6cb9332062__i00,random_regular,random_regular__6cb9332062,random_regular__6cb9332062__i00__noisy__t00,noisy,1155769874,41000,0.6177985948477751,0.547394540942928,0.5278688524590164,0.5278688524590164,0.25,0.25,-0.070404053904847,-0.0195256884839116,-0.0899297423887587,f1
random_regular__6cb9332062__i00__noisy__t00__p41001,random_regular__6cb9332062__i00,random_regular,random_regular__6cb9332062,random_regular__6cb9332062__i00__noisy__t00,noisy,1155769874,41001,0.5445920303605313,0.5619967793880838,0.5619967793880838,0.546218487394958,0.0,0.1,0.0174047490275525,-0.0157782919931257,0.0174047490275525,f1
random_regular__6cb9332062__i00__noisy__t01__p41000,random_regular__6cb9332062__i00,random_regular,random_regular__6cb9332062,random_regular__6cb9332062__i00__noisy__t01,noisy,375120052,41000,0.390625,0.4227994227994228,0.5636363636363637,0.5636363636363637,0.4,0.4,0.0321744227994227,0.1408369408369409,0.1730113636363637,f1
random_regular__6cb9332062__i00__noisy__t01__p41001,random_regular__6cb9332062__i00,random_regular,random_regular__6cb9332062,random_regular__6cb9332062__i00__noisy__t01,noisy,375120052,41001,0.6177985948477751,0.5151515151515151,0.5151515151515151,0.4997518610421836,0.0,0.4,-0.1026470796962599,-0.0153996541093315,-0.1026470796962599,f1
random_regular__6cb9332062__i00__partial__t00__p41000,random_regular__6cb9332062__i00,random_regular,random_regular__6cb9332062,random_regular__6cb9332062__i00__partial__t00,partial,2063423712,41000,0.5800308800823469,0.4375,0.4942739349519011,0.4942739349519011,0.1,0.1,-0.1425308800823469,0.056773934951901,-0.0857569451304458,f1
random_regular__6cb9332062__i00__partial__t00__p41001,random_regular__6cb9332062__i00,random_regular,random_regular__6cb9332062,random_regular__6cb9332062__i00__partial__t00,partial,2063423712,41001,0.5555555555555556,0.4861971830985915,0.546218487394958,0.546218487394958,0.1,0.1,-0.069358372456964,0.0600213042963664,-0.0093370681605975,f1
random_regular__6cb9332062__i00__partial__t01__p41000,random_regular__6cb9332062__i00,random_regular,random_regular__6cb9332062,random_regular__6cb9332062__i00__partial__t01,partial,993899026,41000,0.547394540942928,0.5901328273244781,0.5728337236533958,0.5728337236533958,0.25,0.25,0.04273828638155,-0.0172991036710823,0.0254391827104677,f1
random_regular__6cb9332062__i00__partial__t01__p41001,random_regular__6cb9332062__i00,random_regular,random_regular__6cb9332062,random_regular__6cb9332062__i00__partial__t01,partial,993899026,41001,0.5151515151515151,0.53125,0.53125,0.5151515151515151,0.0,0.1,0.0160984848484848,-0.0160984848484848,0.0160984848484848,f1
random_regular__6cb9332062__i01__informative__t00__p41000,random_regular__6cb9332062__i01,random_regular,random_regular__6cb9332062,random_regular__6cb9332062__i01__informative__t00,informative,1207866162,41000,0.7857142857142857,0.6142857142857143,0.6761133603238867,0.6761133603238867,0.25,0.25,-0.1714285714285713,0.0618276460381723,-0.109600925390399,f1
random_regular__6cb9332062__i01__informative__t00__p41001,random_regular__6cb9332062__i01,random_regular,random_regular__6cb9332062,random_regular__6cb9332062__i01__informative__t00,informative,1207866162,41001,0.7083333333333334,0.6121212121212121,0.6643356643356644,0.6643356643356644,0.55,0.55,-0.0962121212121213,0.0522144522144523,-0.0439976689976689,f1
random_regular__6cb9332062__i01__informative__t01__p41000,random_regular__6cb9332062__i01,random_regular,random_regular__6cb9332062,random_regular__6cb9332062__i01__informative__t01,informative,596717329,41000,0.6571428571428571,0.5767195767195767,0.7883597883597884,0.7883597883597884,0.55,0.55,-0.0804232804232804,0.2116402116402116,0.1312169312169312,f1
random_regular__6cb9332062__i01__informative__t01__p41001,random_regular__6cb9332062__i01,random_regular,random_regular__6cb9332062,random_regular__6cb9332062__i01__informative__t01,informative,596717329,41001,0.6190476190476191,0.6356736242884251,0.6075036075036075,0.6075036075036075,0.55,0.55,0.016626005240806,-0.0281700167848175,-0.0115440115440115,f1
random_regular__6cb9332062__i01__noisy__t00__p41000,random_regular__6cb9332062__i01,random_regular,random_regular__6cb9332062,random_regular__6cb9332062__i01__noisy__t00,noisy,359860334,41000,0.5343915343915344,0.4789405123751628,0.5826086956521739,0.5826086956521739,0.1,0.1,-0.0554510220163715,0.103668183277011,0.0482171612606394,f1
random_regular__6cb9332062__i01__noisy__t00__p41001,random_regular__6cb9332062__i01,random_regular,random_regular__6cb9332062,random_regular__6cb9332062__i01__noisy__t00,noisy,359860334,41001,0.5033738191632928,0.4252771618625277,0.457391304347826,0.457391304347826,0.4,0.4,-0.0780966573007651,0.0321141424852983,-0.0459825148154667,f1
random_regular__6cb9332062__i01__noisy__t01__p41000,random_regular__6cb9332062__i01,random_regular,random_regular__6cb9332062,random_regular__6cb9332062__i01__noisy__t01,noisy,2078127594,41000,0.4428571428571428,0.5767195767195767,0.5767195767195767,0.5384615384615384,0.0,0.55,0.1338624338624339,-0.0382580382580383,0.1338624338624339,f1
random_regular__6cb9332062__i01__noisy__t01__p41001,random_regular__6cb9332062__i01,random_regular,random_regular__6cb9332062,random_regular__6cb9332062__i01__noisy__t01,noisy,2078127594,41001,0.3955709943551889,0.4063215758131012,0.5278688524590164,0.5278688524590164,0.25,0.25,0.0107505814579123,0.1215472766459151,0.1322978581038275,f1
random_regular__6cb9332062__i01__partial__t00__p41000,random_regular__6cb9332062__i01,random_regular,random_regular__6cb9332062,random_regular__6cb9332062__i01__partial__t00,partial,959724018,41000,0.5384615384615384,0.4942739349519011,0.5208711433756805,0.5208711433756805,0.55,0.55,-0.0441876035096373,0.0265972084237794,-0.0175903950858579,f1
random_regular__6cb9332062__i01__partial__t00__p41001,random_regular__6cb9332062__i01,random_regular,random_regular__6cb9332062,random_regular__6cb9332062__i01__partial__t00,partial,959724018,41001,0.3955709943551889,0.4991304347826087,0.4991304347826087,0.6243478260869566,0.0,0.1,0.1035594404274198,0.1252173913043479,0.1035594404274198,f1
random_regular__6cb9332062__i01__partial__t01__p41000,random_regular__6cb9332062__i01,random_regular,random_regular__6cb9332062,random_regular__6cb9332062__i01__partial__t01,partial,1258027599,41000,0.6243478260869566,0.482903981264637,0.5767195767195767,0.5767195767195767,0.1,0.1,-0.1414438448223196,0.0938155954549397,-0.0476282493673798,f1
random_regular__6cb9332062__i01__partial__t01__p41001,random_regular__6cb9332062__i01,random_regular,random_regular__6cb9332062,random_regular__6cb9332062__i01__partial__t01,partial,1258027599,41001,0.5278688524590164,0.6,0.7037037037037037,0.7037037037037037,0.55,0.55,0.0721311475409836,0.1037037037037037,0.1758348512446873,f1
random_regular__6cb9332062__i02__informative__t00__p41000,random_regular__6cb9332062__i02,random_regular,random_regular__6cb9332062,random_regular__6cb9332062__i02__informative__t00,informative,1155725941,41000,0.6079854809437386,0.625,0.625,0.6998556998556998,0.0,0.4,0.0170145190562613,0.0748556998556998,0.0170145190562613,f1
random_regular__6cb9332062__i02__informative__t00__p41001,random_regular__6cb9332062__i02,random_regular,random_regular__6cb9332062,random_regular__6cb9332062__i02__informative__t00,informative,1155725941,41001,0.538250114521301,0.5607843137254902,0.6444444444444444,0.6444444444444444,0.25,0.25,0.0225341992041891,0.0836601307189541,0.1061943299231433,f1
random_regular__6cb9332062__i02__informative__t01__p41000,random_regular__6cb9332062__i02,random_regular,random_regular__6cb9332062,random_regular__6cb9332062__i02__informative__t01,informative,557808147,41000,0.5780219780219781,0.546218487394958,0.746031746031746,0.746031746031746,0.4,0.4,-0.03180349062702,0.199813258636788,0.1680097680097679,f1
random_regular__6cb9332062__i02__informative__t01__p41001,random_regular__6cb9332062__i02,random_regular,random_regular__6cb9332062,random_regular__6cb9332062__i02__informative__t01,informative,557808147,41001,0.6177985948477751,0.5208711433756805,0.5033738191632928,0.5033738191632928,0.55,0.55,-0.0969274514720945,-0.0174973242123877,-0.1144247756844822,f1
random_regular__6cb9332062__i02__noisy__t00__p41000,random_regular__6cb9332062__i02,random_regular,random_regular__6cb9332062,random_regular__6cb9332062__i02__noisy__t00,noisy,1454717762,41000,0.4521091811414392,0.4074074074074074,0.4074074074074074,0.4379391100702576,0.0,0.4,-0.0447017737340318,0.0305317026628502,-0.0447017737340318,f1
random_regular__6cb9332062__i02__noisy__t00__p41001,random_regular__6cb9332062__i02,random_regular,random_regular__6cb9332062,random_regular__6cb9332062__i02__noisy__t00,noisy,1454717762,41001,0.4666666666666667,0.365079365079365,0.5955654101995566,0.5955654101995566,0.55,0.55,-0.1015873015873016,0.2304860451201915,0.1288987435328898,f1
random_regular__6cb9332062__i02__noisy__t01__p41000,random_regular__6cb9332062__i02,random_regular,random_regular__6cb9332062,random_regular__6cb9332062__i02__noisy__t01,noisy,2050171254,41000,0.4453781512605042,0.53125,0.53125,0.4997518610421836,0.0,0.1,0.0858718487394957,-0.0314981389578163,0.0858718487394957,f1
random_regular__6cb9332062__i02__noisy__t01__p41001,random_regular__6cb9332062__i02,random_regular,random_regular__6cb9332062,random_regular__6cb9332062__i02__noisy__t01,noisy,2050171254,41001,0.5445920303605313,0.5445920303605313,0.6142857142857143,0.6142857142857143,0.25,0.25,0.0,0.069693683925183,0.069693683925183,f1
random_regular__6cb9332062__i02__partial__t00__p41000,random_regular__6cb9332062__i02,random_regular,random_regular__6cb9332062,random_regular__6cb9332062__i02__partial__t00,partial,1512884998,41000,0.7077283372365339,0.6307692307692307,0.5901328273244781,0.5901328273244781,0.55,0.55,-0.0769591064673032,-0.0406364034447526,-0.1175955099120558,f1
random_regular__6cb9332062__i02__partial__t00__p41001,random_regular__6cb9332062__i02,random_regular,random_regular__6cb9332062,random_regular__6cb9332062__i02__partial__t00,partial,1512884998,41001,0.547394540942928,0.5644283121597096,0.7428571428571429,0.7428571428571429,0.4,0.4,0.0170337712167815,0.1784288306974333,0.1954626019142148,f1
random_regular__6cb9332062__i02__partial__t01__p41000,random_regular__6cb9332062__i02,random_regular,random_regular__6cb9332062,random_regular__6cb9332062__i02__partial__t01,partial,1890961514,41000,0.4997518610421836,0.4521091811414392,0.3823983530622749,0.3823983530622749,0.1,0.1,-0.0476426799007443,-0.0697108280791643,-0.1173535079799087,f1
random_regular__6cb9332062__i02__partial__t01__p41001,random_regular__6cb9332062__i02,random_regular,random_regular__6cb9332062,random_regular__6cb9332062__i02__partial__t01,partial,1890961514,41001,0.578125,0.4502977553825011,0.3738191632928475,0.3738191632928475,0.4,0.4,-0.1278272446174988,-0.0764785920896536,-0.2043058367071525,f1
random_regular__6cb9332062__i03__informative__t00__p41000,random_regular__6cb9332062__i03,random_regular,random_regular__6cb9332062,random_regular__6cb9332062__i03__informative__t00,informative,355448425,41000,0.7482517482517483,0.6243478260869566,0.8124185844550587,0.8124185844550587,0.25,0.25,-0.1239039221647917,0.188070758368102,0.0641668362033103,f1
random_regular__6cb9332062__i03__informative__t00__p41001,random_regular__6cb9332062__i03,random_regular,random_regular__6cb9332062,random_regular__6cb9332062__i03__informative__t00,informative,355448425,41001,0.6,0.4789405123751628,0.6666666666666666,0.6666666666666666,0.55,0.55,-0.1210594876248371,0.1877261542915038,0.0666666666666666,f1
random_regular__6cb9332062__i03__informative__t01__p41000,random_regular__6cb9332062__i03,random_regular,random_regular__6cb9332062,random_regular__6cb9332062__i03__informative__t01,informative,1088505605,41000,0.6950998185117967,0.5767195767195767,0.7883597883597884,0.7883597883597884,0.55,0.55,-0.1183802417922199,0.2116402116402116,0.0932599698479916,f1
random_regular__6cb9332062__i03__informative__t01__p41001,random_regular__6cb9332062__i03,random_regular,random_regular__6cb9332062,random_regular__6cb9332062__i03__informative__t01,informative,1088505605,41001,0.6643356643356644,0.4965034965034964,0.6223776223776224,0.6223776223776224,0.25,0.25,-0.1678321678321679,0.1258741258741259,-0.0419580419580419,f1
random_regular__6cb9332062__i03__noisy__t00__p41000,random_regular__6cb9332062__i03,random_regular,random_regular__6cb9332062,random_regular__6cb9332062__i03__noisy__t00,noisy,409384040,41000,0.5285714285714286,0.4545454545454546,0.4497354497354497,0.4497354497354497,0.1,0.1,-0.074025974025974,-0.0048100048100048,-0.0788359788359788,f1
random_regular__6cb9332062__i03__noisy__t00__p41001,random_regular__6cb9332062__i03,random_regular,random_regular__6cb9332062,random_regular__6cb9332062__i03__noisy__t00,noisy,409384040,41001,0.5343915343915344,0.5,0.6223776223776224,0.6223776223776224,0.4,0.4,-0.0343915343915344,0.1223776223776224,0.0879860879860879,f1
random_regular__6cb9332062__i03__noisy__t01__p41000,random_regular__6cb9332062__i03,random_regular,random_regular__6cb9332062,random_regular__6cb9332062__i03__noisy__t01,noisy,127771558,41000,0.5644283121597096,0.4920634920634921,0.4372557533651758,0.4372557533651758,0.4,0.4,-0.0723648200962174,-0.0548077386983162,-0.1271725587945337,f1
random_regular__6cb9332062__i03__noisy__t01__p41001,random_regular__6cb9332062__i03,random_regular,random_regular__6cb9332062,random_regular__6cb9332062__i03__noisy__t01,noisy,127771558,41001,0.4857142857142857,0.4965034965034964,0.4771241830065359,0.4771241830065359,0.25,0.25,0.0107892107892107,-0.0193793134969605,-0.0085901027077497,f1
random_regular__6cb9332062__i03__partial__t00__p41000,random_regular__6cb9332062__i03,random_regular,random_regular__6cb9332062,random_regular__6cb9332062__i03__partial__t00,partial,1132006937,41000,0.6223776223776224,0.4991304347826087,0.4991304347826087,0.4352941176470588,0.0,0.25,-0.1232471875950136,-0.0638363171355498,-0.1232471875950136,f1
random_regular__6cb9332062__i03__partial__t00__p41001,random_regular__6cb9332062__i03,random_regular,random_regular__6cb9332062,random_regular__6cb9332062__i03__partial__t00,partial,1132006937,41001,0.5416666666666666,0.4497354497354497,0.4789405123751628,0.4789405123751628,0.25,0.25,-0.0919312169312169,0.0292050626397131,-0.0627261542915038,f1
random_regular__6cb9332062__i03__partial__t01__p41000,random_regular__6cb9332062__i03,random_regular,random_regular__6cb9332062,random_regular__6cb9332062__i03__partial__t01,partial,1907259292,41000,0.5767195767195767,0.5804195804195804,0.5607843137254902,0.5607843137254902,0.25,0.25,0.0037000037000036,-0.0196352666940902,-0.0159352629940865,f1
random_regular__6cb9332062__i03__partial__t01__p41001,random_regular__6cb9332062__i03,random_regular,random_regular__6cb9332062,random_regular__6cb9332062__i03__partial__t01,partial,1907259292,41001,0.4990512333965844,0.5714285714285714,0.6142857142857143,0.6142857142857143,0.4,0.4,0.0723773380319869,0.0428571428571429,0.1152344808891299,f1
random_regular__6cb9332062__i04__informative__t00__p41000,random_regular__6cb9332062__i04,random_regular,random_regular__6cb9332062,random_regular__6cb9332062__i04__informative__t00,informative,725819357,41000,0.6444444444444444,0.6950998185117967,0.6613756613756614,0.6613756613756614,0.55,0.55,0.0506553740673523,-0.0337241571361353,0.016931216931217,f1
random_regular__6cb9332062__i04__informative__t00__p41001,random_regular__6cb9332062__i04,random_regular,random_regular__6cb9332062,random_regular__6cb9332062__i04__informative__t00,informative,725819357,41001,0.6862745098039216,0.5897435897435896,0.6456795484151108,0.6456795484151108,0.25,0.25,-0.0965309200603319,0.0559359586715211,-0.0405949613888108,f1
random_regular__6cb9332062__i04__informative__t01__p41000,random_regular__6cb9332062__i04,random_regular,random_regular__6cb9332062,random_regular__6cb9332062__i04__informative__t01,informative,1662118340,41000,0.6807095343680709,0.6873643074250977,0.5826086956521739,0.5826086956521739,0.55,0.55,0.0066547730570267,-0.1047556117729238,-0.098100838715897,f1
random_regular__6cb9332062__i04__informative__t01__p41001,random_regular__6cb9332062__i04,random_regular,random_regular__6cb9332062,random_regular__6cb9332062__i04__informative__t01,informative,1662118340,41001,0.5189542483660131,0.4942739349519011,0.5278688524590164,0.5278688524590164,0.4,0.4,-0.024680313414112,0.0335949175071152,0.0089146040930032,f1
random_regular__6cb9332062__i04__noisy__t00__p41000,random_regular__6cb9332062__i04,random_regular,random_regular__6cb9332062,random_regular__6cb9332062__i04__noisy__t00,noisy,79217967,41000,0.4920634920634921,0.5623100303951367,0.625,0.625,0.1,0.1,0.0702465383316446,0.0626899696048632,0.1329365079365079,f1
random_regular__6cb9332062__i04__noisy__t00__p41001,random_regular__6cb9332062__i04,random_regular,random_regular__6cb9332062,random_regular__6cb9332062__i04__noisy__t00,noisy,79217967,41001,0.4545454545454546,0.4991304347826087,0.4991304347826087,0.5189542483660131,0.0,0.55,0.0445849802371541,0.0198238135834044,0.0445849802371541,f1
random_regular__6cb9332062__i04__noisy__t01__p41000,random_regular__6cb9332062__i04,random_regular,random_regular__6cb9332062,random_regular__6cb9332062__i04__noisy__t01,noisy,874759974,41000,0.5343915343915344,0.5465587044534412,0.5465587044534412,0.5416666666666666,0.0,0.1,0.0121671700619068,-0.0048920377867746,0.0121671700619068,f1
random_regular__6cb9332062__i04__noisy__t01__p41001,random_regular__6cb9332062__i04,random_regular,random_regular__6cb9332062,random_regular__6cb9332062__i04__noisy__t01,noisy,874759974,41001,0.3739130434782609,0.4965034965034964,0.3955709943551889,0.3955709943551889,0.4,0.4,0.1225904530252355,-0.1009325021483075,0.021657950876928,f1
random_regular__6cb9332062__i04__partial__t00__p41000,random_regular__6cb9332062__i04,random_regular,random_regular__6cb9332062,random_regular__6cb9332062__i04__partial__t00,partial,1981726338,41000,0.6660869565217391,0.6444444444444444,0.6807095343680709,0.6807095343680709,0.25,0.25,-0.0216425120772947,0.0362650899236265,0.0146225778463318,f1
random_regular__6cb9332062__i04__partial__t00__p41001,random_regular__6cb9332062__i04,random_regular,random_regular__6cb9332062,random_regular__6cb9332062__i04__partial__t00,partial,1981726338,41001,0.4535104364326375,0.4502977553825011,0.5804195804195804,0.5804195804195804,0.55,0.55,-0.0032126810501363,0.1301218250370792,0.1269091439869428,f1
random_regular__6cb9332062__i04__partial__t01__p41000,random_regular__6cb9332062__i04,random_regular,random_regular__6cb9332062,random_regular__6cb9332062__i04__partial__t01,partial,341522112,41000,0.6039947894051237,0.6660869565217391,0.7062937062937062,0.7062937062937062,0.25,0.25,0.0620921671166153,0.0402067497719671,0.1022989168885825,f1
random_regular__6cb9332062__i04__partial__t01__p41001,random_regular__6cb9332062__i04,random_regular,random_regular__6cb9332062,random_regular__6cb9332062__i04__partial__t01,partial,341522112,41001,0.4313295304958315,0.5644283121597096,0.5644283121597096,0.4734532689776217,0.0,0.1,0.133098781663878,-0.0909750431820878,0.133098781663878,f1
sbm_density_matched__17a09c7c3b__i00__informative__t00__p41000,sbm_density_matched__17a09c7c3b__i00,sbm_density_matched,sbm_density_matched__17a09c7c3b,sbm_density_matched__17a09c7c3b__i00__informative__t00,informative,1048960286,41000,1.0,1.0,1.0,1.0,0.0,0.1,0.0,0.0,0.0,f1
sbm_density_matched__17a09c7c3b__i00__informative__t00__p41001,sbm_density_matched__17a09c7c3b__i00,sbm_density_matched,sbm_density_matched__17a09c7c3b,sbm_density_matched__17a09c7c3b__i00__informative__t00,informative,1048960286,41001,1.0,1.0,1.0,1.0,0.1,0.1,0.0,0.0,0.0,f1
sbm_density_matched__17a09c7c3b__i00__informative__t01__p41000,sbm_density_matched__17a09c7c3b__i00,sbm_density_matched,sbm_density_matched__17a09c7c3b,sbm_density_matched__17a09c7c3b__i00__informative__t01,informative,1825617173,41000,1.0,0.9791304347826086,0.9791304347826086,0.9791304347826086,0.0,0.1,-0.0208695652173913,0.0,-0.0208695652173913,f1
sbm_density_matched__17a09c7c3b__i00__informative__t01__p41001,sbm_density_matched__17a09c7c3b__i00,sbm_density_matched,sbm_density_matched__17a09c7c3b,sbm_density_matched__17a09c7c3b__i00__informative__t01,informative,1825617173,41001,1.0,0.9791304347826086,0.9791304347826086,1.0,0.0,0.1,-0.0208695652173913,0.0208695652173913,-0.0208695652173913,f1
sbm_density_matched__17a09c7c3b__i00__noisy__t00__p41000,sbm_density_matched__17a09c7c3b__i00,sbm_density_matched,sbm_density_matched__17a09c7c3b,sbm_density_matched__17a09c7c3b__i00__noisy__t00,noisy,95874895,41000,1.0,0.6386042447255262,0.9582971014492754,0.9582971014492754,0.4,0.4,-0.3613957552744737,0.3196928567237491,-0.0417028985507246,f1
sbm_density_matched__17a09c7c3b__i00__noisy__t00__p41001,sbm_density_matched__17a09c7c3b__i00,sbm_density_matched,sbm_density_matched__17a09c7c3b,sbm_density_matched__17a09c7c3b__i00__noisy__t00,noisy,95874895,41001,1.0,0.702686901199487,0.959030100334448,0.959030100334448,0.4,0.4,-0.297313098800513,0.2563431991349612,-0.0409698996655518,f1
sbm_density_matched__17a09c7c3b__i00__noisy__t01__p41000,sbm_density_matched__17a09c7c3b__i00,sbm_density_matched,sbm_density_matched__17a09c7c3b,sbm_density_matched__17a09c7c3b__i00__noisy__t01,noisy,375680568,41000,0.9791304347826086,0.6433150183150184,0.79242673992674,0.79242673992674,0.4,0.4,-0.3358154164675903,0.1491117216117216,-0.1867036948558686,f1
sbm_density_matched__17a09c7c3b__i00__noisy__t01__p41001,sbm_density_matched__17a09c7c3b__i00,sbm_density_matched,sbm_density_matched__17a09c7c3b,sbm_density_matched__17a09c7c3b__i00__noisy__t01,noisy,375680568,41001,1.0,0.6856481481481481,0.8705555555555555,0.8705555555555555,0.25,0.25,-0.3143518518518519,0.1849074074074074,-0.1294444444444444,f1
sbm_density_matched__17a09c7c3b__i00__partial__t00__p41000,sbm_density_matched__17a09c7c3b__i00,sbm_density_matched,sbm_density_matched__17a09c7c3b,sbm_density_matched__17a09c7c3b__i00__partial__t00,partial,768521553,41000,1.0,0.9582608695652172,0.9791304347826086,0.9791304347826086,0.1,0.1,-0.0417391304347827,0.0208695652173913,-0.0208695652173913,f1
sbm_density_matched__17a09c7c3b__i00__partial__t00__p41001,sbm_density_matched__17a09c7c3b__i00,sbm_density_matched,sbm_density_matched__17a09c7c3b,sbm_density_matched__17a09c7c3b__i00__partial__t00,partial,768521553,41001,1.0,0.9582971014492752,0.9582971014492752,1.0,0.0,0.1,-0.0417028985507247,0.0417028985507247,-0.0417028985507247,f1
sbm_density_matched__17a09c7c3b__i00__partial__t01__p41000,sbm_density_matched__17a09c7c3b__i00,sbm_density_matched,sbm_density_matched__17a09c7c3b,sbm_density_matched__17a09c7c3b__i00__partial__t01,partial,1460476298,41000,0.9791304347826086,0.8763935340022297,0.9157246376811594,0.9157246376811594,0.25,0.25,-0.1027369007803788,0.0393311036789296,-0.0634057971014492,f1
sbm_density_matched__17a09c7c3b__i00__partial__t01__p41001,sbm_density_matched__17a09c7c3b__i00,sbm_density_matched,sbm_density_matched__17a09c7c3b,sbm_density_matched__17a09c7c3b__i00__partial__t01,partial,1460476298,41001,1.0,0.8340610538886402,0.8525432900432901,0.8525432900432901,0.1,0.1,-0.1659389461113598,0.0184822361546499,-0.1474567099567099,f1
sbm_density_matched__17a09c7c3b__i01__informative__t00__p41000,sbm_density_matched__17a09c7c3b__i01,sbm_density_matched,sbm_density_matched__17a09c7c3b,sbm_density_matched__17a09c7c3b__i01__informative__t00,informative,2136446013,41000,0.9791304347826086,0.9372727272727271,0.9372727272727271,0.916083916083916,0.0,0.1,-0.0418577075098813,-0.0211888111888112,-0.0418577075098813,f1
sbm_density_matched__17a09c7c3b__i01__informative__t00__p41001,sbm_density_matched__17a09c7c3b__i01,sbm_density_matched,sbm_density_matched__17a09c7c3b,sbm_density_matched__17a09c7c3b__i01__informative__t00,informative,2136446013,41001,1.0,0.9791304347826086,0.9791304347826086,0.8438644688644689,0.0,0.1,-0.0208695652173913,-0.1352659659181397,-0.0208695652173913,f1
sbm_density_matched__17a09c7c3b__i01__informative__t01__p41000,sbm_density_matched__17a09c7c3b__i01,sbm_density_matched,sbm_density_matched__17a09c7c3b,sbm_density_matched__17a09c7c3b__i01__informative__t01,informative,836736641,41000,1.0,1.0,1.0,1.0,0.1,0.1,0.0,0.0,0.0,f1
sbm_density_matched__17a09c7c3b__i01__informative__t01__p41001,sbm_density_matched__17a09c7c3b__i01,sbm_density_matched,sbm_density_matched__17a09c7c3b,sbm_density_matched__17a09c7c3b__i01__informative__t01,informative,836736641,41001,1.0,0.9791304347826086,0.9791304347826086,1.0,0.0,0.1,-0.0208695652173913,0.0208695652173913,-0.0208695652173913,f1
sbm_density_matched__17a09c7c3b__i01__noisy__t00__p41000,sbm_density_matched__17a09c7c3b__i01,sbm_density_matched,sbm_density_matched__17a09c7c3b,sbm_density_matched__17a09c7c3b__i01__noisy__t00,noisy,1172646511,41000,0.9791304347826086,0.7462474120082816,0.9791304347826086,0.9791304347826086,0.4,0.4,-0.232883022774327,0.232883022774327,0.0,f1
sbm_density_matched__17a09c7c3b__i01__noisy__t00__p41001,sbm_density_matched__17a09c7c3b__i01,sbm_density_matched,sbm_density_matched__17a09c7c3b,sbm_density_matched__17a09c7c3b__i01__noisy__t00,noisy,1172646511,41001,1.0,0.729514652014652,0.8744633627242323,0.8744633627242323,0.25,0.25,-0.2704853479853479,0.1449487107095802,-0.1255366372757677,f1
sbm_density_matched__17a09c7c3b__i01__noisy__t01__p41000,sbm_density_matched__17a09c7c3b__i01,sbm_density_matched,sbm_density_matched__17a09c7c3b,sbm_density_matched__17a09c7c3b__i01__noisy__t01,noisy,2003714442,41000,1.0,0.7313973063973065,0.9166666666666666,0.9166666666666666,0.4,0.4,-0.2686026936026935,0.1852693602693601,-0.0833333333333333,f1
sbm_density_matched__17a09c7c3b__i01__noisy__t01__p41001,sbm_density_matched__17a09c7c3b__i01,sbm_density_matched,sbm_density_matched__17a09c7c3b,sbm_density_matched__17a09c7c3b__i01__noisy__t01,noisy,2003714442,41001,0.9791304347826086,0.5442583732057416,0.8288740245261985,0.8288740245261985,0.4,0.4,-0.4348720615768671,0.2846156513204569,-0.1502564102564101,f1
sbm_density_matched__17a09c7c3b__i01__partial__t00__p41000,sbm_density_matched__17a09c7c3b__i01,sbm_density_matched,sbm_density_matched__17a09c7c3b,sbm_density_matched__17a09c7c3b__i01__partial__t00,partial,240471094,41000,1.0,0.9791304347826086,0.9791304347826086,0.9791304347826086,0.0,0.1,-0.0208695652173913,0.0,-0.0208695652173913,f1
sbm_density_matched__17a09c7c3b__i01__partial__t00__p41001,sbm_density_matched__17a09c7c3b__i01,sbm_density_matched,sbm_density_matched__17a09c7c3b,sbm_density_matched__17a09c7c3b__i01__partial__t00,partial,240471094,41001,1.0,0.9165217391304348,0.9165217391304348,1.0,0.0,0.1,-0.0834782608695652,0.0834782608695652,-0.0834782608695652,f1
sbm_density_matched__17a09c7c3b__i01__partial__t01__p41000,sbm_density_matched__17a09c7c3b__i01,sbm_density_matched,sbm_density_matched__17a09c7c3b,sbm_density_matched__17a09c7c3b__i01__partial__t01,partial,1199439811,41000,1.0,0.8548951048951049,0.9165217391304348,0.9165217391304348,0.1,0.1,-0.1451048951048951,0.0616266342353298,-0.0834782608695652,f1
sbm_density_matched__17a09c7c3b__i01__partial__t01__p41001,sbm_density_matched__17a09c7c3b__i01,sbm_density_matched,sbm_density_matched__17a09c7c3b,sbm_density_matched__17a09c7c3b__i01__partial__t01,partial,1199439811,41001,1.0,0.8938923395445134,0.9572727272727272,0.9572727272727272,0.25,0.25,-0.1061076604554865,0.0633803877282138,-0.0427272727272727,f1
sbm_density_matched__17a09c7c3b__i02__informative__t00__p41000,sbm_density_matched__17a09c7c3b__i02,sbm_density_matched,sbm_density_matched__17a09c7c3b,sbm_density_matched__17a09c7c3b__i02__informative__t00,informative,419320406,41000,1.0,1.0,1.0,1.0,0.0,0.1,0.0,0.0,0.0,f1
sbm_density_matched__17a09c7c3b__i02__informative__t00__p41001,sbm_density_matched__17a09c7c3b__i02,sbm_density_matched,sbm_density_matched__17a09c7c3b,sbm_density_matched__17a09c7c3b__i02__informative__t00,informative,419320406,41001,1.0,1.0,1.0,1.0,0.0,0.1,0.0,0.0,0.0,f1
sbm_density_matched__17a09c7c3b__i02__informative__t01__p41000,sbm_density_matched__17a09c7c3b__i02,sbm_density_matched,sbm_density_matched__17a09c7c3b,sbm_density_matched__17a09c7c3b__i02__informative__t01,informative,998619706,41000,1.0,0.958041958041958,0.958041958041958,0.9582971014492754,0.0,0.1,-0.0419580419580418,0.0002551434073172,-0.0419580419580418,f1
sbm_density_matched__17a09c7c3b__i02__informative__t01__p41001,sbm_density_matched__17a09c7c3b__i02,sbm_density_matched,sbm_density_matched__17a09c7c3b,sbm_density_matched__17a09c7c3b__i02__informative__t01,informative,998619706,41001,1.0,0.9791304347826086,0.9791304347826086,1.0,0.0,0.1,-0.0208695652173913,0.0208695652173913,-0.0208695652173913,f1
sbm_density_matched__17a09c7c3b__i02__noisy__t00__p41000,sbm_density_matched__17a09c7c3b__i02,sbm_density_matched,sbm_density_matched__17a09c7c3b,sbm_density_matched__17a09c7c3b__i02__noisy__t00,noisy,374692204,41000,0.9791304347826086,0.8572727272727273,0.8947826086956521,0.8947826086956521,0.25,0.25,-0.1218577075098813,0.0375098814229247,-0.0843478260869565,f1
sbm_density_matched__17a09c7c3b__i02__noisy__t00__p41001,sbm_density_matched__17a09c7c3b__i02,sbm_density_matched,sbm_density_matched__17a09c7c3b,sbm_density_matched__17a09c7c3b__i02__noisy__t00,noisy,374692204,41001,1.0,0.7260729949874687,0.8948412698412698,0.8948412698412698,0.25,0.25,-0.2739270050125313,0.168768274853801,-0.1051587301587302,f1
sbm_density_matched__17a09c7c3b__i02__noisy__t01__p41000,sbm_density_matched__17a09c7c3b__i02,sbm_density_matched,sbm_density_matched__17a09c7c3b,sbm_density_matched__17a09c7c3b__i02__noisy__t01,noisy,457696918,41000,1.0,0.7707479477044694,1.0,1.0,0.25,0.25,-0.2292520522955305,0.2292520522955305,0.0,f1
sbm_density_matched__17a09c7c3b__i02__noisy__t01__p41001,sbm_density_matched__17a09c7c3b__i02,sbm_density_matched,sbm_density_matched__17a09c7c3b,sbm_density_matched__17a09c7c3b__i02__noisy__t01,noisy,457696918,41001,0.9582971014492754,0.7542760942760943,0.9163752913752914,0.9163752913752914,0.25,0.25,-0.204021007173181,0.162099197099197,-0.0419218100739839,f1
sbm_density_matched__17a09c7c3b__i02__partial__t00__p41000,sbm_density_matched__17a09c7c3b__i02,sbm_density_matched,sbm_density_matched__17a09c7c3b,sbm_density_matched__17a09c7c3b__i02__partial__t00,partial,341523174,41000,0.9791304347826086,0.9791304347826086,0.9791304347826086,0.9791304347826086,0.1,0.1,0.0,0.0,0.0,f1
sbm_density_matched__17a09c7c3b__i02__partial__t00__p41001,sbm_density_matched__17a09c7c3b__i02,sbm_density_matched,sbm_density_matched__17a09c7c3b,sbm_density_matched__17a09c7c3b__i02__partial__t00,partial,341523174,41001,1.0,0.959030100334448,0.9791304347826086,0.9791304347826086,0.25,0.25,-0.0409698996655518,0.0201003344481605,-0.0208695652173913,f1
sbm_density_matched__17a09c7c3b__i02__partial__t01__p41000,sbm_density_matched__17a09c7c3b__i02,sbm_density_matched,sbm_density_matched__17a09c7c3b,sbm_density_matched__17a09c7c3b__i02__partial__t01,partial,1392277922,41000,1.0,0.8756060606060606,0.9163752913752912,0.9163752913752912,0.1,0.1,-0.1243939393939393,0.0407692307692306,-0.0836247086247087,f1
sbm_density_matched__17a09c7c3b__i02__partial__t01__p41001,sbm_density_matched__17a09c7c3b__i02,sbm_density_matched,sbm_density_matched__17a09c7c3b,sbm_density_matched__17a09c7c3b__i02__partial__t01,partial,1392277922,41001,0.958041958041958,0.9164576365663322,0.9582608695652172,0.9582608695652172,0.1,0.1,-0.0415843214756258,0.0418032329988851,0.0002189115232592,f1
sbm_density_matched__17a09c7c3b__i03__informative__t00__p41000,sbm_density_matched__17a09c7c3b__i03,sbm_density_matched,sbm_density_matched__17a09c7c3b,sbm_density_matched__17a09c7c3b__i03__informative__t00,informative,323142185,41000,1.0,1.0,1.0,0.9791304347826086,0.0,0.1,0.0,-0.0208695652173913,0.0,f1
sbm_density_matched__17a09c7c3b__i03__informative__t00__p41001,sbm_density_matched__17a09c7c3b__i03,sbm_density_matched,sbm_density_matched__17a09c7c3b,sbm_density_matched__17a09c7c3b__i03__informative__t00,informative,323142185,41001,1.0,1.0,1.0,0.9583333333333331,0.0,0.1,0.0,-0.0416666666666667,0.0,f1
sbm_density_matched__17a09c7c3b__i03__informative__t01__p41000,sbm_density_matched__17a09c7c3b__i03,sbm_density_matched,sbm_density_matched__17a09c7c3b,sbm_density_matched__17a09c7c3b__i03__informative__t01,informative,1381996201,41000,1.0,0.9791304347826086,0.9791304347826086,1.0,0.0,0.1,-0.0208695652173913,0.0208695652173913,-0.0208695652173913,f1
sbm_density_matched__17a09c7c3b__i03__informative__t01__p41001,sbm_density_matched__17a09c7c3b__i03,sbm_density_matched,sbm_density_matched__17a09c7c3b,sbm_density_matched__17a09c7c3b__i03__informative__t01,informative,1381996201,41001,1.0,1.0,1.0,1.0,0.0,0.1,0.0,0.0,0.0,f1
sbm_density_matched__17a09c7c3b__i03__noisy__t00__p41000,sbm_density_matched__17a09c7c3b__i03,sbm_density_matched,sbm_density_matched__17a09c7c3b,sbm_density_matched__17a09c7c3b__i03__noisy__t00,noisy,150762078,41000,0.9791304347826086,0.7768642388207605,0.9115384615384616,0.9115384615384616,0.25,0.25,-0.2022661959618481,0.1346742227177011,-0.067591973244147,f1
sbm_density_matched__17a09c7c3b__i03__noisy__t00__p41001,sbm_density_matched__17a09c7c3b__i03,sbm_density_matched,sbm_density_matched__17a09c7c3b,sbm_density_matched__17a09c7c3b__i03__noisy__t00,noisy,150762078,41001,0.9791304347826086,0.6304761904761904,0.8705555555555555,0.8705555555555555,0.4,0.4,-0.3486542443064182,0.2400793650793651,-0.1085748792270531,f1
sbm_density_matched__17a09c7c3b__i03__noisy__t01__p41000,sbm_density_matched__17a09c7c3b__i03,sbm_density_matched,sbm_density_matched__17a09c7c3b,sbm_density_matched__17a09c7c3b__i03__noisy__t01,noisy,519595876,41000,1.0,0.8297650417215635,0.9582971014492752,0.9582971014492752,0.25,0.25,-0.1702349582784365,0.1285320597277117,-0.0417028985507247,f1
sbm_density_matched__17a09c7c3b__i03__noisy__t01__p41001,sbm_density_matched__17a09c7c3b__i03,sbm_density_matched,sbm_density_matched__17a09c7c3b,sbm_density_matched__17a09c7c3b__i03__noisy__t01,noisy,519595876,41001,0.9791304347826086,0.814244451200973,0.8972268673355629,0.8972268673355629,0.25,0.25,-0.1648859835816356,0.0829824161345899,-0.0819035674470457,f1
sbm_density_matched__17a09c7c3b__i03__partial__t00__p41000,sbm_density_matched__17a09c7c3b__i03,sbm_density_matched,sbm_density_matched__17a09c7c3b,sbm_density_matched__17a09c7c3b__i03__partial__t00,partial,1674620585,41000,1.0,0.9365079365079364,0.958041958041958,0.958041958041958,0.1,0.1,-0.0634920634920634,0.0215340215340216,-0.0419580419580418,f1
sbm_density_matched__17a09c7c3b__i03__partial__t00__p41001,sbm_density_matched__17a09c7c3b__i03,sbm_density_matched,sbm_density_matched__17a09c7c3b,sbm_density_matched__17a09c7c3b__i03__partial__t00,partial,1674620585,41001,0.9572727272727272,0.959030100334448,0.9371723928245668,0.9371723928245668,0.1,0.1,0.0017573730617208,-0.0218577075098813,-0.0201003344481605,f1
sbm_density_matched__17a09c7c3b__i03__partial__t01__p41000,sbm_density_matched__17a09c7c3b__i03,sbm_density_matched,sbm_density_matched__17a09c7c3b,sbm_density_matched__17a09c7c3b__i03__partial__t01,partial,200037039,41000,1.0,0.9791304347826086,0.9791304347826086,0.9791304347826086,0.1,0.1,-0.0208695652173913,0.0,-0.0208695652173913,f1
sbm_density_matched__17a09c7c3b__i03__partial__t01__p41001,sbm_density_matched__17a09c7c3b__i03,sbm_density_matched,sbm_density_matched__17a09c7c3b,sbm_density_matched__17a09c7c3b__i03__partial__t01,partial,200037039,41001,1.0,0.8762024931590149,0.7677616747181965,0.7677616747181965,0.1,0.1,-0.1237975068409851,-0.1084408184408184,-0.2322383252818035,f1
sbm_density_matched__17a09c7c3b__i04__informative__t00__p41000,sbm_density_matched__17a09c7c3b__i04,sbm_density_matched,sbm_density_matched__17a09c7c3b,sbm_density_matched__17a09c7c3b__i04__informative__t00,informative,934667075,41000,1.0,0.9582971014492752,0.937463768115942,0.937463768115942,0.1,0.1,-0.0417028985507247,-0.0208333333333332,-0.0625362318840579,f1
sbm_density_matched__17a09c7c3b__i04__informative__t00__p41001,sbm_density_matched__17a09c7c3b__i04,sbm_density_matched,sbm_density_matched__17a09c7c3b,sbm_density_matched__17a09c7c3b__i04__informative__t00,informative,934667075,41001,0.9791304347826086,0.9791304347826086,0.9791304347826086,1.0,0.0,0.1,0.0,0.0208695652173913,0.0,f1
sbm_density_matched__17a09c7c3b__i04__informative__t01__p41000,sbm_density_matched__17a09c7c3b__i04,sbm_density_matched,sbm_density_matched__17a09c7c3b,sbm_density_matched__17a09c7c3b__i04__informative__t01,informative,1410221369,41000,1.0,0.9791304347826086,1.0,1.0,0.1,0.1,-0.0208695652173913,0.0208695652173913,0.0,f1
sbm_density_matched__17a09c7c3b__i04__informative__t01__p41001,sbm_density_matched__17a09c7c3b__i04,sbm_density_matched,sbm_density_matched__17a09c7c3b,sbm_density_matched__17a09c7c3b__i04__informative__t01,informative,1410221369,41001,1.0,0.9791304347826086,0.958041958041958,0.958041958041958,0.1,0.1,-0.0208695652173913,-0.0210884767406506,-0.0419580419580419,f1
sbm_density_matched__17a09c7c3b__i04__noisy__t00__p41000,sbm_density_matched__17a09c7c3b__i04,sbm_density_matched,sbm_density_matched__17a09c7c3b,sbm_density_matched__17a09c7c3b__i04__noisy__t00,noisy,172379051,41000,0.9791304347826086,0.8096801346801347,0.8098320680929376,0.8098320680929376,0.25,0.25,-0.1694503001024739,0.0001519334128029,-0.169298366689671,f1
sbm_density_matched__17a09c7c3b__i04__noisy__t00__p41001,sbm_density_matched__17a09c7c3b__i04,sbm_density_matched,sbm_density_matched__17a09c7c3b,sbm_density_matched__17a09c7c3b__i04__noisy__t00,noisy,172379051,41001,1.0,0.8336415919024615,0.9156746031746033,0.9156746031746033,0.25,0.25,-0.1663584080975385,0.0820330112721416,-0.0843253968253968,f1
sbm_density_matched__17a09c7c3b__i04__noisy__t01__p41000,sbm_density_matched__17a09c7c3b__i04,sbm_density_matched,sbm_density_matched__17a09c7c3b,sbm_density_matched__17a09c7c3b__i04__noisy__t01,noisy,1392946184,41000,0.9791304347826086,0.7910395763656632,0.9178743961352656,0.9178743961352656,0.25,0.25,-0.1880908584169454,0.1268348197696024,-0.0612560386473429,f1
sbm_density_matched__17a09c7c3b__i04__noisy__t01__p41001,sbm_density_matched__17a09c7c3b__i04,sbm_density_matched,sbm_density_matched__17a09c7c3b,sbm_density_matched__17a09c7c3b__i04__noisy__t01,noisy,1392946184,41001,0.9791304347826086,0.7697463768115942,0.809205287466157,0.809205287466157,0.25,0.25,-0.2093840579710144,0.0394589106545628,-0.1699251473164515,f1
sbm_density_matched__17a09c7c3b__i04__partial__t00__p41000,sbm_density_matched__17a09c7c3b__i04,sbm_density_matched,sbm_density_matched__17a09c7c3b,sbm_density_matched__17a09c7c3b__i04__partial__t00,partial,1858803619,41000,1.0,0.8341692789968653,0.9582971014492754,0.9582971014492754,0.25,0.25,-0.1658307210031346,0.12412782245241,-0.0417028985507246,f1
sbm_density_matched__17a09c7c3b__i04__partial__t00__p41001,sbm_density_matched__17a09c7c3b__i04,sbm_density_matched,sbm_density_matched__17a09c7c3b,sbm_density_matched__17a09c7c3b__i04__partial__t00,partial,1858803619,41001,1.0,0.9166666666666669,0.8745819397993311,0.8745819397993311,0.1,0.1,-0.0833333333333332,-0.0420847268673356,-0.1254180602006689,f1
sbm_density_matched__17a09c7c3b__i04__partial__t01__p41000,sbm_density_matched__17a09c7c3b__i04,sbm_density_matched,sbm_density_matched__17a09c7c3b,sbm_density_matched__17a09c7c3b__i04__partial__t01,partial,602442278,41000,0.9386253842775582,0.958041958041958,0.9791304347826086,0.9791304347826086,0.1,0.1,0.0194165737643999,0.0210884767406505,0.0405050505050504,f1
sbm_density_matched__17a09c7c3b__i04__partial__t01__p41001,sbm_density_matched__17a09c7c3b__i04,sbm_density_matched,sbm_density_matched__17a09c7c3b,sbm_density_matched__17a09c7c3b__i04__partial__t01,partial,602442278,41001,1.0,0.9582971014492754,0.9791304347826086,0.9791304347826086,0.1,0.1,-0.0417028985507246,0.0208333333333332,-0.0208695652173913,f1
sbm_density_matched__24891dd7d3__i00__informative__t00__p41000,sbm_density_matched__24891dd7d3__i00,sbm_density_matched,sbm_density_matched__24891dd7d3,sbm_density_matched__24891dd7d3__i00__informative__t00,informative,1350824042,41000,0.8535947712418301,0.6873643074250977,0.6873643074250977,0.7290490664350847,0.0,0.1,-0.1662304638167324,0.041684759009987,-0.1662304638167324,f1
sbm_density_matched__24891dd7d3__i00__informative__t00__p41001,sbm_density_matched__24891dd7d3__i00,sbm_density_matched,sbm_density_matched__24891dd7d3,sbm_density_matched__24891dd7d3__i00__informative__t00,informative,1350824042,41001,0.746031746031746,0.6873643074250977,0.7699346405228757,0.7699346405228757,0.25,0.25,-0.0586674386066483,0.082570333097778,0.0239028944911297,f1
sbm_density_matched__24891dd7d3__i00__informative__t01__p41000,sbm_density_matched__24891dd7d3__i00,sbm_density_matched,sbm_density_matched__24891dd7d3,sbm_density_matched__24891dd7d3__i00__informative__t01,informative,2061547397,41000,0.6456795484151108,0.6840719613865731,0.6840719613865731,0.7037037037037037,0.0,0.1,0.0383924129714623,0.0196317423171306,0.0383924129714623,f1
sbm_density_matched__24891dd7d3__i00__informative__t01__p41001,sbm_density_matched__24891dd7d3__i00,sbm_density_matched,sbm_density_matched__24891dd7d3,sbm_density_matched__24891dd7d3__i00__informative__t01,informative,2061547397,41001,0.6660869565217391,0.6243478260869566,0.7290490664350847,0.7290490664350847,0.25,0.25,-0.0417391304347825,0.1047012403481281,0.0629621099133456,f1
sbm_density_matched__24891dd7d3__i00__noisy__t00__p41000,sbm_density_matched__24891dd7d3__i00,sbm_density_matched,sbm_density_matched__24891dd7d3,sbm_density_matched__24891dd7d3__i00__noisy__t00,noisy,525548421,41000,0.5408695652173914,0.5767195767195767,0.4991304347826087,0.4991304347826087,0.55,0.55,0.0358500115021853,-0.077589141936968,-0.0417391304347826,f1
sbm_density_matched__24891dd7d3__i00__noisy__t00__p41001,sbm_density_matched__24891dd7d3__i00,sbm_density_matched,sbm_density_matched__24891dd7d3,sbm_density_matched__24891dd7d3__i00__noisy__t00,noisy,525548421,41001,0.6643356643356644,0.4601889338731444,0.3516339869281045,0.3516339869281045,0.4,0.4,-0.2041467304625199,-0.1085549469450398,-0.3127016774075598,f1
sbm_density_matched__24891dd7d3__i00__noisy__t01__p41000,sbm_density_matched__24891dd7d3__i00,sbm_density_matched,sbm_density_matched__24891dd7d3,sbm_density_matched__24891dd7d3__i00__noisy__t01,noisy,1507138301,41000,0.6660869565217391,0.4991304347826087,0.4920634920634921,0.4920634920634921,0.1,0.1,-0.1669565217391304,-0.0070669427191166,-0.174023464458247,f1
sbm_density_matched__24891dd7d3__i00__noisy__t01__p41001,sbm_density_matched__24891dd7d3__i00,sbm_density_matched,sbm_density_matched__24891dd7d3,sbm_density_matched__24891dd7d3__i00__noisy__t01,noisy,1507138301,41001,0.7281045751633988,0.4920634920634921,0.6190476190476191,0.6190476190476191,0.25,0.25,-0.2360410830999066,0.1269841269841269,-0.1090569561157797,f1
sbm_density_matched__24891dd7d3__i00__partial__t00__p41000,sbm_density_matched__24891dd7d3__i00,sbm_density_matched,sbm_density_matched__24891dd7d3,sbm_density_matched__24891dd7d3__i00__partial__t00,partial,1401484873,41000,0.6190476190476191,0.6026143790849673,0.5577007459412022,0.5577007459412022,0.4,0.4,-0.0164332399626517,-0.044913633143765,-0.0613468731064168,f1
sbm_density_matched__24891dd7d3__i00__partial__t00__p41001,sbm_density_matched__24891dd7d3__i00,sbm_density_matched,sbm_density_matched__24891dd7d3,sbm_density_matched__24891dd7d3__i00__partial__t00,partial,1401484873,41001,0.5833333333333334,0.5644283121597096,0.5955654101995566,0.5955654101995566,0.4,0.4,-0.0189050211736238,0.0311370980398469,0.0122320768662231,f1
sbm_density_matched__24891dd7d3__i00__partial__t01__p41000,sbm_density_matched__24891dd7d3__i00,sbm_density_matched,sbm_density_matched__24891dd7d3,sbm_density_matched__24891dd7d3__i00__partial__t01,partial,1648916958,41000,0.6666666666666666,0.4773139745916515,0.7083333333333334,0.7083333333333334,0.55,0.55,-0.1893526920750151,0.2310193587416819,0.0416666666666667,f1
sbm_density_matched__24891dd7d3__i00__partial__t01__p41001,sbm_density_matched__24891dd7d3__i00,sbm_density_matched,sbm_density_matched__24891dd7d3,sbm_density_matched__24891dd7d3__i00__partial__t01,partial,1648916958,41001,0.6840719613865731,0.6190476190476191,0.6190476190476191,0.6262024736601008,0.0,0.1,-0.065024342338954,0.0071548546124817,-0.065024342338954,f1
sbm_density_matched__24891dd7d3__i01__informative__t00__p41000,sbm_density_matched__24891dd7d3__i01,sbm_density_matched,sbm_density_matched__24891dd7d3,sbm_density_matched__24891dd7d3__i01__informative__t00,informative,572779715,41000,0.7290490664350847,0.5826086956521739,0.7658536585365854,0.7658536585365854,0.55,0.55,-0.1464403707829108,0.1832449628844115,0.0368045921015006,f1
sbm_density_matched__24891dd7d3__i01__informative__t00__p41001,sbm_density_matched__24891dd7d3__i01,sbm_density_matched,sbm_density_matched__24891dd7d3,sbm_density_matched__24891dd7d3__i01__informative__t00,informative,572779715,41001,0.8306878306878307,0.8104431768319438,0.8747826086956522,0.8747826086956522,0.4,0.4,-0.0202446538558869,0.0643394318637083,0.0440947780078214,f1
sbm_density_matched__24891dd7d3__i01__informative__t01__p41000,sbm_density_matched__24891dd7d3__i01,sbm_density_matched,sbm_density_matched__24891dd7d3,sbm_density_matched__24891dd7d3__i01__informative__t01,informative,760664791,41000,0.791304347826087,0.7699346405228757,0.7078260869565217,0.7078260869565217,0.1,0.1,-0.0213697073032113,-0.062108553566354,-0.0834782608695653,f1
sbm_density_matched__24891dd7d3__i01__informative__t01__p41001,sbm_density_matched__24891dd7d3__i01,sbm_density_matched,sbm_density_matched__24891dd7d3,sbm_density_matched__24891dd7d3__i01__informative__t01,informative,760664791,41001,0.7683194383501536,0.7482517482517483,0.7495652173913043,0.7495652173913043,0.25,0.25,-0.0200676900984052,0.0013134691395559,-0.0187542209588492,f1
sbm_density_matched__24891dd7d3__i01__noisy__t00__p41000,sbm_density_matched__24891dd7d3__i01,sbm_density_matched,sbm_density_matched__24891dd7d3,sbm_density_matched__24891dd7d3__i01__noisy__t00,noisy,314982737,41000,0.457391304347826,0.4545454545454546,0.4545454545454546,0.4789405123751628,0.0,0.55,-0.0028458498023714,0.0243950578297082,-0.0028458498023714,f1
sbm_density_matched__24891dd7d3__i01__noisy__t00__p41001,sbm_density_matched__24891dd7d3__i01,sbm_density_matched,sbm_density_matched__24891dd7d3,sbm_density_matched__24891dd7d3__i01__noisy__t00,noisy,314982737,41001,0.625,0.6026143790849673,0.5607843137254902,0.5607843137254902,0.25,0.25,-0.0223856209150327,-0.041830065359477,-0.0642156862745098,f1
sbm_density_matched__24891dd7d3__i01__noisy__t01__p41000,sbm_density_matched__24891dd7d3__i01,sbm_density_matched,sbm_density_matched__24891dd7d3,sbm_density_matched__24891dd7d3__i01__noisy__t01,noisy,739571389,41000,0.5416666666666666,0.4337568058076225,0.4991304347826087,0.4991304347826087,0.25,0.25,-0.1079098608590441,0.0653736289749862,-0.0425362318840579,f1
sbm_density_matched__24891dd7d3__i01__noisy__t01__p41001,sbm_density_matched__24891dd7d3__i01,sbm_density_matched,sbm_density_matched__24891dd7d3,sbm_density_matched__24891dd7d3__i01__noisy__t01,noisy,739571389,41001,0.6243478260869566,0.5206252713851498,0.5826086956521739,0.5826086956521739,0.4,0.4,-0.1037225547018068,0.061983424267024,-0.0417391304347827,f1
sbm_density_matched__24891dd7d3__i01__partial__t00__p41000,sbm_density_matched__24891dd7d3__i01,sbm_density_matched,sbm_density_matched__24891dd7d3,sbm_density_matched__24891dd7d3__i01__partial__t00,partial,1083521796,41000,0.6223776223776224,0.4771241830065359,0.5998244844229925,0.5998244844229925,0.55,0.55,-0.1452534393710864,0.1227003014164566,-0.0225531379546298,f1
sbm_density_matched__24891dd7d3__i01__partial__t00__p41001,sbm_density_matched__24891dd7d3__i01,sbm_density_matched,sbm_density_matched__24891dd7d3,sbm_density_matched__24891dd7d3__i01__partial__t00,partial,1083521796,41001,0.5804195804195804,0.5189542483660131,0.7232815964523283,0.7232815964523283,0.4,0.4,-0.0614653320535673,0.2043273480863151,0.1428620160327478,f1
sbm_density_matched__24891dd7d3__i01__partial__t01__p41000,sbm_density_matched__24891dd7d3__i01,sbm_density_matched,sbm_density_matched__24891dd7d3,sbm_density_matched__24891dd7d3__i01__partial__t01,partial,1878203291,41000,0.6329284750337382,0.4991304347826087,0.5826086956521739,0.5826086956521739,0.55,0.55,-0.1337980402511294,0.0834782608695651,-0.0503197793815642,f1
sbm_density_matched__24891dd7d3__i01__partial__t01__p41001,sbm_density_matched__24891dd7d3__i01,sbm_density_matched,sbm_density_matched__24891dd7d3,sbm_density_matched__24891dd7d3__i01__partial__t01,partial,1878203291,41001,0.7707338254450716,0.6456795484151108,0.6456795484151108,0.6456795484151108,0.0,0.55,-0.1250542770299608,0.0,-0.1250542770299608,f1
sbm_density_matched__24891dd7d3__i02__informative__t00__p41000,sbm_density_matched__24891dd7d3__i02,sbm_density_matched,sbm_density_matched__24891dd7d3,sbm_density_matched__24891dd7d3__i02__informative__t00,informative,743595206,41000,0.6888888888888889,0.6643356643356644,0.7699346405228757,0.7699346405228757,0.4,0.4,-0.0245532245532245,0.1055989761872113,0.0810457516339868,f1
sbm_density_matched__24891dd7d3__i02__informative__t00__p41001,sbm_density_matched__24891dd7d3__i02,sbm_density_matched,sbm_density_matched__24891dd7d3,sbm_density_matched__24891dd7d3__i02__informative__t00,informative,743595206,41001,0.7062937062937062,0.6223776223776224,0.7062937062937062,0.7062937062937062,0.1,0.1,-0.0839160839160838,0.0839160839160838,0.0,f1
sbm_density_matched__24891dd7d3__i02__informative__t01__p41000,sbm_density_matched__24891dd7d3__i02,sbm_density_matched,sbm_density_matched__24891dd7d3,sbm_density_matched__24891dd7d3__i02__informative__t01,informative,101455299,41000,0.7482517482517483,0.6643356643356644,0.7290490664350847,0.7290490664350847,0.1,0.1,-0.0839160839160839,0.0647134020994203,-0.0192026818166636,f1
sbm_density_matched__24891dd7d3__i02__informative__t01__p41001,sbm_density_matched__24891dd7d3__i02,sbm_density_matched,sbm_density_matched__24891dd7d3,sbm_density_matched__24891dd7d3__i02__informative__t01,informative,101455299,41001,0.5206252713851498,0.5826086956521739,0.6419482229047828,0.6419482229047828,0.55,0.55,0.061983424267024,0.0593395272526089,0.121322951519633,f1
sbm_density_matched__24891dd7d3__i02__noisy__t00__p41000,sbm_density_matched__24891dd7d3__i02,sbm_density_matched,sbm_density_matched__24891dd7d3,sbm_density_matched__24891dd7d3__i02__noisy__t00,noisy,1188577600,41000,0.6444444444444444,0.5955654101995566,0.7281045751633988,0.7281045751633988,0.4,0.4,-0.0488790342448878,0.1325391649638422,0.0836601307189544,f1
sbm_density_matched__24891dd7d3__i02__noisy__t00__p41001,sbm_density_matched__24891dd7d3__i02,sbm_density_matched,sbm_density_matched__24891dd7d3,sbm_density_matched__24891dd7d3__i02__noisy__t00,noisy,1188577600,41001,0.5416666666666666,0.5343915343915344,0.5343915343915344,0.4965034965034964,0.0,0.1,-0.0072751322751322,-0.0378880378880379,-0.0072751322751322,f1
sbm_density_matched__24891dd7d3__i02__noisy__t01__p41000,sbm_density_matched__24891dd7d3__i02,sbm_density_matched,sbm_density_matched__24891dd7d3,sbm_density_matched__24891dd7d3__i02__noisy__t01,noisy,142309074,41000,0.5623100303951367,0.2975609756097561,0.2975609756097561,0.4166666666666667,0.0,0.1,-0.2647490547853806,0.1191056910569105,-0.2647490547853806,f1
sbm_density_matched__24891dd7d3__i02__noisy__t01__p41001,sbm_density_matched__24891dd7d3__i02,sbm_density_matched,sbm_density_matched__24891dd7d3,sbm_density_matched__24891dd7d3__i02__noisy__t01,noisy,142309074,41001,0.5,0.5623100303951367,0.4156521739130435,0.4156521739130435,0.55,0.55,0.0623100303951367,-0.1466578564820932,-0.0843478260869565,f1
sbm_density_matched__24891dd7d3__i02__partial__t00__p41000,sbm_density_matched__24891dd7d3__i02,sbm_density_matched,sbm_density_matched__24891dd7d3,sbm_density_matched__24891dd7d3__i02__partial__t00,partial,55800997,41000,0.5555555555555556,0.6026143790849673,0.6039947894051237,0.6039947894051237,0.4,0.4,0.0470588235294117,0.0013804103201564,0.0484392338495681,f1
sbm_density_matched__24891dd7d3__i02__partial__t00__p41001,sbm_density_matched__24891dd7d3__i02,sbm_density_matched,sbm_density_matched__24891dd7d3,sbm_density_matched__24891dd7d3__i02__partial__t00,partial,55800997,41001,0.5,0.5206252713851498,0.5384615384615384,0.5384615384615384,0.25,0.25,0.0206252713851498,0.0178362670763886,0.0384615384615384,f1
sbm_density_matched__24891dd7d3__i02__partial__t01__p41000,sbm_density_matched__24891dd7d3__i02,sbm_density_matched,sbm_density_matched__24891dd7d3,sbm_density_matched__24891dd7d3__i02__partial__t01,partial,701465420,41000,0.5767195767195767,0.4678492239467849,0.6142857142857143,0.6142857142857143,0.55,0.55,-0.1088703527727918,0.1464364903389294,0.0375661375661375,f1
sbm_density_matched__24891dd7d3__i02__partial__t01__p41001,sbm_density_matched__24891dd7d3__i02,sbm_density_matched,sbm_density_matched__24891dd7d3,sbm_density_matched__24891dd7d3__i02__partial__t01,partial,701465420,41001,0.5804195804195804,0.6026143790849673,0.6873643074250977,0.6873643074250977,0.1,0.1,0.0221947986653868,0.0847499283401304,0.1069447270055172,f1
sbm_density_matched__24891dd7d3__i03__informative__t00__p41000,sbm_density_matched__24891dd7d3__i03,sbm_density_matched,sbm_density_matched__24891dd7d3,sbm_density_matched__24891dd7d3__i03__informative__t00,informative,956340015,41000,0.7916666666666666,0.6142857142857143,0.6142857142857143,0.6873643074250977,0.0,0.1,-0.1773809523809523,0.0730785931393833,-0.1773809523809523,f1
sbm_density_matched__24891dd7d3__i03__informative__t00__p41001,sbm_density_matched__24891dd7d3__i03,sbm_density_matched,sbm_density_matched__24891dd7d3,sbm_density_matched__24891dd7d3__i03__informative__t00,informative,956340015,41001,0.7281045751633988,0.7916666666666666,0.7495652173913043,0.7495652173913043,0.4,0.4,0.0635620915032678,-0.0421014492753623,0.0214606422279055,f1
sbm_density_matched__24891dd7d3__i03__informative__t01__p41000,sbm_density_matched__24891dd7d3__i03,sbm_density_matched,sbm_density_matched__24891dd7d3,sbm_density_matched__24891dd7d3__i03__informative__t01,informative,731856464,41000,0.7495652173913043,0.6456795484151108,0.6444444444444444,0.6444444444444444,0.4,0.4,-0.1038856689761935,-0.0012351039706663,-0.1051207729468599,f1
sbm_density_matched__24891dd7d3__i03__informative__t01__p41001,sbm_density_matched__24891dd7d3__i03,sbm_density_matched,sbm_density_matched__24891dd7d3,sbm_density_matched__24891dd7d3__i03__informative__t01,informative,731856464,41001,0.7078260869565217,0.6177985948477751,0.7495652173913043,0.7495652173913043,0.4,0.4,-0.0900274921087466,0.1317666225435292,0.0417391304347826,f1
sbm_density_matched__24891dd7d3__i03__noisy__t00__p41000,sbm_density_matched__24891dd7d3__i03,sbm_density_matched,sbm_density_matched__24891dd7d3,sbm_density_matched__24891dd7d3__i03__noisy__t00,noisy,199557877,41000,0.6419482229047828,0.5104212860310421,0.5529933481152993,0.5529933481152993,0.4,0.4,-0.1315269368737407,0.0425720620842572,-0.0889548747894835,f1
sbm_density_matched__24891dd7d3__i03__noisy__t00__p41001,sbm_density_matched__24891dd7d3__i03,sbm_density_matched,sbm_density_matched__24891dd7d3,sbm_density_matched__24891dd7d3__i03__noisy__t00,noisy,199557877,41001,0.5714285714285714,0.5189542483660131,0.5384615384615384,0.5384615384615384,0.4,0.4,-0.0524743230625582,0.0195072900955253,-0.0329670329670329,f1
sbm_density_matched__24891dd7d3__i03__noisy__t01__p41000,sbm_density_matched__24891dd7d3__i03,sbm_density_matched,sbm_density_matched__24891dd7d3,sbm_density_matched__24891dd7d3__i03__noisy__t01,noisy,1866647525,41000,0.6660869565217391,0.6223776223776224,0.6862745098039216,0.6862745098039216,0.55,0.55,-0.0437093341441167,0.0638968874262991,0.0201875532821824,f1
sbm_density_matched__24891dd7d3__i03__noisy__t01__p41001,sbm_density_matched__24891dd7d3__i03,sbm_density_matched,sbm_density_matched__24891dd7d3,sbm_density_matched__24891dd7d3__i03__noisy__t01,noisy,1866647525,41001,0.5644283121597096,0.6243478260869566,0.6243478260869566,0.6243478260869566,0.0,0.1,0.059919513927247,0.0,0.059919513927247,f1
sbm_density_matched__24891dd7d3__i03__partial__t00__p41000,sbm_density_matched__24891dd7d3__i03,sbm_density_matched,sbm_density_matched__24891dd7d3,sbm_density_matched__24891dd7d3__i03__partial__t00,partial,1946677919,41000,0.53125,0.5529933481152993,0.4789405123751628,0.4789405123751628,0.55,0.55,0.0217433481152993,-0.0740528357401364,-0.0523094876248371,f1
sbm_density_matched__24891dd7d3__i03__partial__t00__p41001,sbm_density_matched__24891dd7d3__i03,sbm_density_matched,sbm_density_matched__24891dd7d3,sbm_density_matched__24891dd7d3__i03__partial__t00,partial,1946677919,41001,0.6660869565217391,0.5577007459412022,0.7683194383501536,0.7683194383501536,0.4,0.4,-0.1083862105805368,0.2106186924089513,0.1022324818284144,f1
sbm_density_matched__24891dd7d3__i03__partial__t01__p41000,sbm_density_matched__24891dd7d3__i03,sbm_density_matched,sbm_density_matched__24891dd7d3,sbm_density_matched__24891dd7d3__i03__partial__t01,partial,59905954,41000,0.625,0.6039947894051237,0.5833333333333334,0.5833333333333334,0.4,0.4,-0.0210052105948762,-0.0206614560717903,-0.0416666666666666,f1
sbm_density_matched__24891dd7d3__i03__partial__t01__p41001,sbm_density_matched__24891dd7d3__i03,sbm_density_matched,sbm_density_matched__24891dd7d3,sbm_density_matched__24891dd7d3__i03__partial__t01,partial,59905954,41001,0.5189542483660131,0.6039947894051237,0.5607843137254902,0.5607843137254902,0.25,0.25,0.0850405410391106,-0.0432104756796335,0.041830065359477,f1
sbm_density_matched__24891dd7d3__i04__informative__t00__p41000,sbm_density_matched__24891dd7d3__i04,sbm_density_matched,sbm_density_matched__24891dd7d3,sbm_density_matched__24891dd7d3__i04__informative__t00,informative,1242250088,41000,0.7495652173913043,0.8124185844550587,0.7495652173913043,0.7495652173913043,0.55,0.55,0.0628533670637543,-0.0628533670637543,0.0,f1
sbm_density_matched__24891dd7d3__i04__informative__t00__p41001,sbm_density_matched__24891dd7d3__i04,sbm_density_matched,sbm_density_matched__24891dd7d3,sbm_density_matched__24891dd7d3__i04__informative__t00,informative,1242250088,41001,0.6666666666666666,0.7707338254450716,0.75,0.75,0.55,0.55,0.104067158778405,-0.0207338254450716,0.0833333333333333,f1
sbm_density_matched__24891dd7d3__i04__informative__t01__p41000,sbm_density_matched__24891dd7d3__i04,sbm_density_matched,sbm_density_matched__24891dd7d3,sbm_density_matched__24891dd7d3__i04__informative__t01,informative,680649593,41000,0.7281045751633988,0.6613756613756614,0.7281045751633988,0.7281045751633988,0.55,0.55,-0.0667289137877373,0.0667289137877373,0.0,f1
sbm_density_matched__24891dd7d3__i04__informative__t01__p41001,sbm_density_matched__24891dd7d3__i04,sbm_density_matched,sbm_density_matched__24891dd7d3,sbm_density_matched__24891dd7d3__i04__informative__t01,informative,680649593,41001,0.7037037037037037,0.7037037037037037,0.6660869565217391,0.6660869565217391,0.55,0.55,0.0,-0.0376167471819646,-0.0376167471819646,f1
sbm_density_matched__24891dd7d3__i04__noisy__t00__p41000,sbm_density_matched__24891dd7d3__i04,sbm_density_matched,sbm_density_matched__24891dd7d3,sbm_density_matched__24891dd7d3__i04__noisy__t00,noisy,498764719,41000,0.5955654101995566,0.5529933481152993,0.5767195767195767,0.5767195767195767,0.4,0.4,-0.0425720620842572,0.0237262286042774,-0.0188458334799798,f1
sbm_density_matched__24891dd7d3__i04__noisy__t00__p41001,sbm_density_matched__24891dd7d3__i04,sbm_density_matched,sbm_density_matched__24891dd7d3,sbm_density_matched__24891dd7d3__i04__noisy__t00,noisy,498764719,41001,0.4920634920634921,0.5189542483660131,0.5189542483660131,0.5189542483660131,0.1,0.1,0.026890756302521,0.0,0.026890756302521,f1
sbm_density_matched__24891dd7d3__i04__noisy__t01__p41000,sbm_density_matched__24891dd7d3__i04,sbm_density_matched,sbm_density_matched__24891dd7d3,sbm_density_matched__24891dd7d3__i04__noisy__t01,noisy,258308286,41000,0.5998244844229925,0.5826086956521739,0.5826086956521739,0.5623100303951367,0.0,0.1,-0.0172157887708186,-0.0202986652570371,-0.0172157887708186,f1
sbm_density_matched__24891dd7d3__i04__noisy__t01__p41001,sbm_density_matched__24891dd7d3__i04,sbm_density_matched,sbm_density_matched__24891dd7d3,sbm_density_matched__24891dd7d3__i04__noisy__t01,noisy,258308286,41001,0.5408695652173914,0.4734532689776217,0.4156521739130435,0.4156521739130435,0.55,0.55,-0.0674162962397696,-0.0578010950645782,-0.1252173913043479,f1
sbm_density_matched__24891dd7d3__i04__partial__t00__p41000,sbm_density_matched__24891dd7d3__i04,sbm_density_matched,sbm_density_matched__24891dd7d3,sbm_density_matched__24891dd7d3__i04__partial__t00,partial,220491263,41000,0.5529933481152993,0.6243478260869566,0.5189542483660131,0.5189542483660131,0.55,0.55,0.0713544779716572,-0.1053935777209434,-0.0340390997492862,f1
sbm_density_matched__24891dd7d3__i04__partial__t00__p41001,sbm_density_matched__24891dd7d3__i04,sbm_density_matched,sbm_density_matched__24891dd7d3,sbm_density_matched__24891dd7d3__i04__partial__t00,partial,220491263,41001,0.6643356643356644,0.7037037037037037,0.5955654101995566,0.5955654101995566,0.1,0.1,0.0393680393680393,-0.1081382935041471,-0.0687702541361078,f1
sbm_density_matched__24891dd7d3__i04__partial__t01__p41000,sbm_density_matched__24891dd7d3__i04,sbm_density_matched,sbm_density_matched__24891dd7d3,sbm_density_matched__24891dd7d3__i04__partial__t01,partial,1832446640,41000,0.6862745098039216,0.7078260869565217,0.7078260869565217,0.7078260869565217,0.1,0.1,0.0215515771526001,0.0,0.0215515771526001,f1
sbm_density_matched__24891dd7d3__i04__partial__t01__p41001,sbm_density_matched__24891dd7d3__i04,sbm_density_matched,sbm_density_matched__24891dd7d3,sbm_density_matched__24891dd7d3__i04__partial__t01,partial,1832446640,41001,0.6243478260869566,0.4857142857142857,0.5465587044534412,0.5465587044534412,0.4,0.4,-0.1386335403726709,0.0608444187391555,-0.0777891216335153,f1
sbm_density_matched__29b8120faf__i00__informative__t00__p41000,sbm_density_matched__29b8120faf__i00,sbm_density_matched,sbm_density_matched__29b8120faf,sbm_density_matched__29b8120faf__i00__informative__t00,informative,967006229,41000,0.8956060606060606,0.8709207459207459,0.8730434782608695,0.8730434782608695,0.25,0.25,-0.0246853146853147,0.0021227323401236,-0.0225625823451911,f1
sbm_density_matched__29b8120faf__i00__informative__t00__p41001,sbm_density_matched__29b8120faf__i00,sbm_density_matched,sbm_density_matched__29b8120faf,sbm_density_matched__29b8120faf__i00__informative__t00,informative,967006229,41001,0.9177920509442248,0.915824175824176,0.959030100334448,0.959030100334448,0.4,0.4,-0.0019678751200489,0.0432059245102722,0.0412380493902233,f1
sbm_density_matched__29b8120faf__i00__informative__t01__p41000,sbm_density_matched__29b8120faf__i00,sbm_density_matched,sbm_density_matched__29b8120faf,sbm_density_matched__29b8120faf__i00__informative__t01,informative,1366731378,41000,0.937463768115942,0.8571627647714604,0.8962024931590149,0.8962024931590149,0.55,0.55,-0.0803010033444816,0.0390397283875545,-0.0412612749569271,f1
sbm_density_matched__29b8120faf__i00__informative__t01__p41001,sbm_density_matched__29b8120faf__i00,sbm_density_matched,sbm_density_matched__29b8120faf,sbm_density_matched__29b8120faf__i00__informative__t01,informative,1366731378,41001,0.874891304347826,0.8045410628019323,0.7620341614906831,0.7620341614906831,0.25,0.25,-0.0703502415458937,-0.0425069013112491,-0.1128571428571428,f1
sbm_density_matched__29b8120faf__i00__noisy__t00__p41000,sbm_density_matched__29b8120faf__i00,sbm_density_matched,sbm_density_matched__29b8120faf,sbm_density_matched__29b8120faf__i00__noisy__t00,noisy,722055625,41000,0.8515865173473869,0.5157462304201434,0.537004662004662,0.537004662004662,0.55,0.55,-0.3358402869272434,0.0212584315845185,-0.3145818553427248,f1
sbm_density_matched__29b8120faf__i00__noisy__t00__p41001,sbm_density_matched__29b8120faf__i00,sbm_density_matched,sbm_density_matched__29b8120faf,sbm_density_matched__29b8120faf__i00__noisy__t00,noisy,722055625,41001,0.8327946127946129,0.5420812321112172,0.4959893048128342,0.4959893048128342,0.25,0.25,-0.2907133806833957,-0.0460919272983829,-0.3368053079817786,f1
sbm_density_matched__29b8120faf__i00__noisy__t01__p41000,sbm_density_matched__29b8120faf__i00,sbm_density_matched,sbm_density_matched__29b8120faf,sbm_density_matched__29b8120faf__i00__noisy__t01,noisy,766699711,41000,0.7925053207661903,0.3661128526645768,0.645315734989648,0.645315734989648,0.55,0.55,-0.4263924681016134,0.2792028823250712,-0.1471895857765423,f1
sbm_density_matched__29b8120faf__i00__noisy__t01__p41001,sbm_density_matched__29b8120faf__i00,sbm_density_matched,sbm_density_matched__29b8120faf,sbm_density_matched__29b8120faf__i00__noisy__t01,noisy,766699711,41001,0.7518864468864468,0.3392733353602918,0.4344791279573888,0.4344791279573888,0.4,0.4,-0.4126131115261549,0.095205792597097,-0.3174073189290579,f1
sbm_density_matched__29b8120faf__i00__partial__t00__p41000,sbm_density_matched__29b8120faf__i00,sbm_density_matched,sbm_density_matched__29b8120faf,sbm_density_matched__29b8120faf__i00__partial__t00,partial,2133215236,41000,0.8517360899969596,0.6863656987295825,0.7449244394896569,0.7449244394896569,0.4,0.4,-0.165370391267377,0.0585587407600743,-0.1068116505073026,f1
sbm_density_matched__29b8120faf__i00__partial__t00__p41001,sbm_density_matched__29b8120faf__i00,sbm_density_matched,sbm_density_matched__29b8120faf,sbm_density_matched__29b8120faf__i00__partial__t00,partial,2133215236,41001,0.8122346654955351,0.5426045400238948,0.7731271995977879,0.7731271995977879,0.55,0.55,-0.2696301254716403,0.230522659573893,-0.0391074658977472,f1
sbm_density_matched__29b8120faf__i00__partial__t01__p41000,sbm_density_matched__29b8120faf__i00,sbm_density_matched,sbm_density_matched__29b8120faf,sbm_density_matched__29b8120faf__i00__partial__t01,partial,1275369080,41000,0.8044325790321214,0.603768115942029,0.8292540792540792,0.8292540792540792,0.55,0.55,-0.2006644630900924,0.2254859633120502,0.0248215002219578,f1
sbm_density_matched__29b8120faf__i00__partial__t01__p41001,sbm_density_matched__29b8120faf__i00,sbm_density_matched,sbm_density_matched__29b8120faf,sbm_density_matched__29b8120faf__i00__partial__t01,partial,1275369080,41001,0.7826334695899914,0.6396273291925466,0.6392993979200876,0.6392993979200876,0.25,0.25,-0.1430061403974447,-0.000327931272459,-0.1433340716699037,f1
sbm_density_matched__29b8120faf__i01__informative__t00__p41000,sbm_density_matched__29b8120faf__i01,sbm_density_matched,sbm_density_matched__29b8120faf,sbm_density_matched__29b8120faf__i01__informative__t00,informative,1039260848,41000,0.936439393939394,0.7558666966561702,0.8264420062695924,0.8264420062695924,0.55,0.55,-0.1805726972832236,0.0705753096134221,-0.1099973876698015,f1
sbm_density_matched__29b8120faf__i01__informative__t00__p41001,sbm_density_matched__29b8120faf__i01,sbm_density_matched,sbm_density_matched__29b8120faf,sbm_density_matched__29b8120faf__i01__informative__t00,informative,1039260848,41001,0.935054945054945,0.7723913043478261,0.8153798100949525,0.8153798100949525,0.25,0.25,-0.1626636407071189,0.0429885057471264,-0.1196751349599924,f1
sbm_density_matched__29b8120faf__i01__informative__t01__p41000,sbm_density_matched__29b8120faf__i01,sbm_density_matched,sbm_density_matched__29b8120faf,sbm_density_matched__29b8120faf__i01__informative__t01,informative,1211678036,41000,0.9165579710144928,0.8551864801864802,0.8952505827505828,0.8952505827505828,0.55,0.55,-0.0613714908280125,0.0400641025641025,-0.0213073882639099,f1
sbm_density_matched__29b8120faf__i01__informative__t01__p41001,sbm_density_matched__29b8120faf__i01,sbm_density_matched,sbm_density_matched__29b8120faf,sbm_density_matched__29b8120faf__i01__informative__t01,informative,1211678036,41001,0.9791304347826086,0.896439393939394,0.9163752913752914,0.9163752913752914,0.25,0.25,-0.0826910408432146,0.0199358974358974,-0.0627551434073172,f1
sbm_density_matched__29b8120faf__i01__noisy__t00__p41000,sbm_density_matched__29b8120faf__i01,sbm_density_matched,sbm_density_matched__29b8120faf,sbm_density_matched__29b8120faf__i01__noisy__t00,noisy,250022886,41000,0.6296296296296297,0.4103494623655914,0.4180964052287582,0.4180964052287582,0.4,0.4,-0.2192801672640382,0.0077469428631667,-0.2115332244008714,f1
sbm_density_matched__29b8120faf__i01__noisy__t00__p41001,sbm_density_matched__29b8120faf__i01,sbm_density_matched,sbm_density_matched__29b8120faf,sbm_density_matched__29b8120faf__i01__noisy__t00,noisy,250022886,41001,0.7297463768115943,0.4722620857403466,0.5723563218390805,0.5723563218390805,0.4,0.4,-0.2574842910712476,0.1000942360987338,-0.1573900549725138,f1
sbm_density_matched__29b8120faf__i01__noisy__t01__p41000,sbm_density_matched__29b8120faf__i01,sbm_density_matched,sbm_density_matched__29b8120faf,sbm_density_matched__29b8120faf__i01__noisy__t01,noisy,144390038,41000,0.7301515151515152,0.6119168889966853,0.630448343079922,0.630448343079922,0.25,0.25,-0.1182346261548299,0.0185314540832367,-0.0997031720715931,f1
sbm_density_matched__29b8120faf__i01__noisy__t01__p41001,sbm_density_matched__29b8120faf__i01,sbm_density_matched,sbm_density_matched__29b8120faf,sbm_density_matched__29b8120faf__i01__noisy__t01,noisy,144390038,41001,0.6714587590268172,0.6180461838356575,0.5596381878990575,0.5596381878990575,0.4,0.4,-0.0534125751911597,-0.0584079959365999,-0.1118205711277596,f1
sbm_density_matched__29b8120faf__i01__partial__t00__p41000,sbm_density_matched__29b8120faf__i01,sbm_density_matched,sbm_density_matched__29b8120faf,sbm_density_matched__29b8120faf__i01__partial__t00,partial,1956010194,41000,0.8743961352657004,0.7756959706959707,0.7781385281385281,0.7781385281385281,0.4,0.4,-0.0987001645697296,0.0024425574425573,-0.0962576071271722,f1
sbm_density_matched__29b8120faf__i01__partial__t00__p41001,sbm_density_matched__29b8120faf__i01,sbm_density_matched,sbm_density_matched__29b8120faf,sbm_density_matched__29b8120faf__i01__partial__t00,partial,1956010194,41001,0.7501555409164105,0.6031468531468531,0.8127946127946128,0.8127946127946128,0.4,0.4,-0.1470086877695573,0.2096477596477597,0.0626390718782023,f1
sbm_density_matched__29b8120faf__i01__partial__t01__p41000,sbm_density_matched__29b8120faf__i01,sbm_density_matched,sbm_density_matched__29b8120faf,sbm_density_matched__29b8120faf__i01__partial__t01,partial,1732018969,41000,0.8728787878787879,0.6281652428917506,0.7526821005081875,0.7526821005081875,0.55,0.55,-0.2447135449870373,0.1245168576164369,-0.1201966873706004,f1
sbm_density_matched__29b8120faf__i01__partial__t01__p41001,sbm_density_matched__29b8120faf__i01,sbm_density_matched,sbm_density_matched__29b8120faf,sbm_density_matched__29b8120faf__i01__partial__t01,partial,1732018969,41001,0.7718088071348941,0.5113636363636364,0.6934746912258156,0.6934746912258156,0.4,0.4,-0.2604451707712577,0.1821110548621792,-0.0783341159090784,f1
sbm_density_matched__29b8120faf__i02__informative__t00__p41000,sbm_density_matched__29b8120faf__i02,sbm_density_matched,sbm_density_matched__29b8120faf,sbm_density_matched__29b8120faf__i02__informative__t00,informative,1263717876,41000,0.8503479853479854,0.7523913043478261,0.8500874125874125,0.8500874125874125,0.55,0.55,-0.0979566810001593,0.0976961082395864,-0.0002605727605728,f1
sbm_density_matched__29b8120faf__i02__informative__t00__p41001,sbm_density_matched__29b8120faf__i02,sbm_density_matched,sbm_density_matched__29b8120faf,sbm_density_matched__29b8120faf__i02__informative__t00,informative,1263717876,41001,0.8122346654955351,0.6449183344835518,0.7471153846153846,0.7471153846153846,0.55,0.55,-0.1673163310119833,0.1021970501318327,-0.0651192808801505,f1
sbm_density_matched__29b8120faf__i02__informative__t01__p41000,sbm_density_matched__29b8120faf__i02,sbm_density_matched,sbm_density_matched__29b8120faf,sbm_density_matched__29b8120faf__i02__informative__t01,informative,1544893450,41000,0.8728911185432924,0.7151515151515152,0.7899496148134987,0.7899496148134987,0.25,0.25,-0.1577396033917771,0.0747980996619834,-0.0829415037297937,f1
sbm_density_matched__29b8120faf__i02__informative__t01__p41001,sbm_density_matched__29b8120faf__i02,sbm_density_matched,sbm_density_matched__29b8120faf,sbm_density_matched__29b8120faf__i02__informative__t01,informative,1544893450,41001,0.7904955350607525,0.6791666666666667,0.7702922077922078,0.7702922077922078,0.55,0.55,-0.1113288683940858,0.091125541125541,-0.0202033272685447,f1
sbm_density_matched__29b8120faf__i02__noisy__t00__p41000,sbm_density_matched__29b8120faf__i02,sbm_density_matched,sbm_density_matched__29b8120faf,sbm_density_matched__29b8120faf__i02__noisy__t00,noisy,1732694409,41000,0.6444235588972431,0.4443681318681318,0.4414780266173455,0.4414780266173455,0.55,0.55,-0.2000554270291112,-0.0028901052507863,-0.2029455322798976,f1
sbm_density_matched__29b8120faf__i02__noisy__t00__p41001,sbm_density_matched__29b8120faf__i02,sbm_density_matched,sbm_density_matched__29b8120faf,sbm_density_matched__29b8120faf__i02__noisy__t00,noisy,1732694409,41001,0.5997335997335997,0.4672462831286361,0.3973913043478261,0.3973913043478261,0.4,0.4,-0.1324873166049636,-0.0698549787808099,-0.2023422953857736,f1
sbm_density_matched__29b8120faf__i02__noisy__t01__p41000,sbm_density_matched__29b8120faf__i02,sbm_density_matched,sbm_density_matched__29b8120faf,sbm_density_matched__29b8120faf__i02__noisy__t01,noisy,426104931,41000,0.712121212121212,0.2913359788359788,0.4232746823069404,0.4232746823069404,0.25,0.25,-0.4207852332852332,0.1319387034709615,-0.2888465298142716,f1
sbm_density_matched__29b8120faf__i02__noisy__t01__p41001,sbm_density_matched__29b8120faf__i02,sbm_density_matched,sbm_density_matched__29b8120faf,sbm_density_matched__29b8120faf__i02__noisy__t01,noisy,426104931,41001,0.7493729096989966,0.5138461538461538,0.4733887520525451,0.4733887520525451,0.55,0.55,-0.2355267558528427,-0.0404574017936086,-0.2759841576464514,f1
sbm_density_matched__29b8120faf__i02__partial__t00__p41000,sbm_density_matched__29b8120faf__i02,sbm_density_matched,sbm_density_matched__29b8120faf,sbm_density_matched__29b8120faf__i02__partial__t00,partial,636978502,41000,0.8323412698412699,0.5981446090141742,0.6912052520748173,0.6912052520748173,0.25,0.25,-0.2341966608270956,0.0930606430606431,-0.1411360177664525,f1
sbm_density_matched__29b8120faf__i02__partial__t00__p41001,sbm_density_matched__29b8120faf__i02,sbm_density_matched,sbm_density_matched__29b8120faf,sbm_density_matched__29b8120faf__i02__partial__t00,partial,636978502,41001,0.7099326467987725,0.5170524555535997,0.6181280788177339,0.6181280788177339,0.55,0.55,-0.1928801912451728,0.1010756232641342,-0.0918045679810386,f1
sbm_density_matched__29b8120faf__i02__partial__t01__p41000,sbm_density_matched__29b8120faf__i02,sbm_density_matched,sbm_density_matched__29b8120faf,sbm_density_matched__29b8120faf__i02__partial__t01,partial,954690046,41000,0.7283144142214606,0.5037408243929984,0.5193315018315019,0.5193315018315019,0.55,0.55,-0.2245735898284622,0.0155906774385035,-0.2089829123899587,f1
sbm_density_matched__29b8120faf__i02__partial__t01__p41001,sbm_density_matched__29b8120faf__i02,sbm_density_matched,sbm_density_matched__29b8120faf,sbm_density_matched__29b8120faf__i02__partial__t01,partial,954690046,41001,0.665431488801054,0.5977345922998096,0.590614013935248,0.590614013935248,0.55,0.55,-0.0676968965012443,-0.0071205783645615,-0.0748174748658059,f1
sbm_density_matched__29b8120faf__i03__informative__t00__p41000,sbm_density_matched__29b8120faf__i03,sbm_density_matched,sbm_density_matched__29b8120faf,sbm_density_matched__29b8120faf__i03__informative__t00,informative,1206894893,41000,0.8763935340022297,0.7310531135531135,0.8527059896625115,0.8527059896625115,0.4,0.4,-0.1453404204491162,0.121652876109398,-0.0236875443397182,f1
sbm_density_matched__29b8120faf__i03__informative__t00__p41001,sbm_density_matched__29b8120faf__i03,sbm_density_matched,sbm_density_matched__29b8120faf,sbm_density_matched__29b8120faf__i03__informative__t00,informative,1206894893,41001,0.8715384615384616,0.6681166056166057,0.7871925779534474,0.7871925779534474,0.4,0.4,-0.2034218559218559,0.1190759723368417,-0.0843458835850141,f1
sbm_density_matched__29b8120faf__i03__informative__t01__p41000,sbm_density_matched__29b8120faf__i03,sbm_density_matched,sbm_density_matched__29b8120faf,sbm_density_matched__29b8120faf__i03__informative__t01,informative,615751595,41000,0.8522435897435898,0.7734962406015038,0.8555218855218855,0.8555218855218855,0.55,0.55,-0.078747349142086,0.0820256449203816,0.0032782957782956,f1
sbm_density_matched__29b8120faf__i03__informative__t01__p41001,sbm_density_matched__29b8120faf__i03,sbm_density_matched,sbm_density_matched__29b8120faf,sbm_density_matched__29b8120faf__i03__informative__t01,informative,615751595,41001,0.807786024891288,0.6909340659340659,0.7858943391552087,0.7858943391552087,0.55,0.55,-0.1168519589572221,0.0949602732211427,-0.0218916857360793,f1
sbm_density_matched__29b8120faf__i03__noisy__t00__p41000,sbm_density_matched__29b8120faf__i03,sbm_density_matched,sbm_density_matched__29b8120faf,sbm_density_matched__29b8120faf__i03__noisy__t00,noisy,1077252456,41000,0.7298188405797102,0.4008525149190111,0.3906464228203358,0.3906464228203358,0.55,0.55,-0.3289663256606991,-0.0102060920986752,-0.3391724177593744,f1
sbm_density_matched__29b8120faf__i03__noisy__t00__p41001,sbm_density_matched__29b8120faf__i03,sbm_density_matched,sbm_density_matched__29b8120faf,sbm_density_matched__29b8120faf__i03__noisy__t00,noisy,1077252456,41001,0.7267279821627648,0.399367872271098,0.4383838383838383,0.4383838383838383,0.55,0.55,-0.3273601098916667,0.0390159661127402,-0.2883441437789265,f1
sbm_density_matched__29b8120faf__i03__noisy__t01__p41000,sbm_density_matched__29b8120faf__i03,sbm_density_matched,sbm_density_matched__29b8120faf,sbm_density_matched__29b8120faf__i03__noisy__t01,noisy,1802861037,41000,0.6245614035087719,0.6061521007173181,0.5792160737812911,0.5792160737812911,0.55,0.55,-0.0184093027914538,-0.0269360269360269,-0.0453453297274807,f1
sbm_density_matched__29b8120faf__i03__noisy__t01__p41001,sbm_density_matched__29b8120faf__i03,sbm_density_matched,sbm_density_matched__29b8120faf,sbm_density_matched__29b8120faf__i03__noisy__t01,noisy,1802861037,41001,0.658119658119658,0.4314943368651808,0.6291682150377802,0.6291682150377802,0.55,0.55,-0.2266253212544771,0.1976738781725993,-0.0289514430818778,f1
sbm_density_matched__29b8120faf__i03__partial__t00__p41000,sbm_density_matched__29b8120faf__i03,sbm_density_matched,sbm_density_matched__29b8120faf,sbm_density_matched__29b8120faf__i03__partial__t00,partial,1525441771,41000,0.6227522477522478,0.3547619047619047,0.548941798941799,0.548941798941799,0.4,0.4,-0.2679903429903431,0.1941798941798942,-0.0738104488104488,f1
sbm_density_matched__29b8120faf__i03__partial__t00__p41001,sbm_density_matched__29b8120faf__i03,sbm_density_matched,sbm_density_matched__29b8120faf,sbm_density_matched__29b8120faf__i03__partial__t00,partial,1525441771,41001,0.7255244755244755,0.5556941923774954,0.6601638304224511,0.6601638304224511,0.4,0.4,-0.1698302831469801,0.1044696380449556,-0.0653606451020244,f1
sbm_density_matched__29b8120faf__i03__partial__t01__p41000,sbm_density_matched__29b8120faf__i03,sbm_density_matched,sbm_density_matched__29b8120faf,sbm_density_matched__29b8120faf__i03__partial__t01,partial,1767804691,41000,0.7307246376811594,0.5221969696969697,0.5221969696969697,0.7667920847268673,0.0,0.55,-0.2085276679841896,0.2445951150298976,-0.2085276679841896,f1
sbm_density_matched__29b8120faf__i03__partial__t01__p41001,sbm_density_matched__29b8120faf__i03,sbm_density_matched,sbm_density_matched__29b8120faf,sbm_density_matched__29b8120faf__i03__partial__t01,partial,1767804691,41001,0.7735185185185185,0.615348575712144,0.6780209732795939,0.6780209732795939,0.4,0.4,-0.1581699428063745,0.0626723975674499,-0.0954975452389246,f1
sbm_density_matched__29b8120faf__i04__informative__t00__p41000,sbm_density_matched__29b8120faf__i04,sbm_density_matched,sbm_density_matched__29b8120faf,sbm_density_matched__29b8120faf__i04__informative__t00,informative,304600195,41000,0.7911172161172162,0.7885858585858585,0.769514652014652,0.769514652014652,0.25,0.25,-0.0025313575313576,-0.0190712065712065,-0.0216025641025642,f1
sbm_density_matched__29b8120faf__i04__informative__t00__p41001,sbm_density_matched__29b8120faf__i04,sbm_density_matched,sbm_density_matched__29b8120faf,sbm_density_matched__29b8120faf__i04__informative__t00,informative,304600195,41001,0.8559648747055044,0.7523310023310024,0.8493073593073593,0.8493073593073593,0.25,0.25,-0.103633872374502,0.0969763569763569,-0.006657515398145,f1
sbm_density_matched__29b8120faf__i04__informative__t01__p41000,sbm_density_matched__29b8120faf__i04,sbm_density_matched,sbm_density_matched__29b8120faf,sbm_density_matched__29b8120faf__i04__informative__t01,informative,678471323,41000,0.8141774891774891,0.765422077922078,0.8064420062695924,0.8064420062695924,0.25,0.25,-0.0487554112554111,0.0410199283475144,-0.0077354829078967,f1
sbm_density_matched__29b8120faf__i04__informative__t01__p41001,sbm_density_matched__29b8120faf__i04,sbm_density_matched,sbm_density_matched__29b8120faf,sbm_density_matched__29b8120faf__i04__informative__t01,informative,678471323,41001,0.8540579710144928,0.8329152731326644,0.8313131313131313,0.8313131313131313,0.55,0.55,-0.0211426978818283,-0.0016021418195331,-0.0227448397013614,f1
sbm_density_matched__29b8120faf__i04__noisy__t00__p41000,sbm_density_matched__29b8120faf__i04,sbm_density_matched,sbm_density_matched__29b8120faf,sbm_density_matched__29b8120faf__i04__noisy__t00,noisy,779873530,41000,0.6255072463768117,0.4838517665130569,0.5034862798020692,0.5034862798020692,0.55,0.55,-0.1416554798637547,0.0196345132890122,-0.1220209665747424,f1
sbm_density_matched__29b8120faf__i04__noisy__t00__p41001,sbm_density_matched__29b8120faf__i04,sbm_density_matched,sbm_density_matched__29b8120faf,sbm_density_matched__29b8120faf__i04__noisy__t00,noisy,779873530,41001,0.7128571428571429,0.4777897052237823,0.5335249042145593,0.5335249042145593,0.25,0.25,-0.2350674376333605,0.055735198990777,-0.1793322386425835,f1
sbm_density_matched__29b8120faf__i04__noisy__t01__p41000,sbm_density_matched__29b8120faf__i04,sbm_density_matched,sbm_density_matched__29b8120faf,sbm_density_matched__29b8120faf__i04__noisy__t01,noisy,1735715424,41000,0.8205439488048184,0.4567210567210567,0.5996153846153846,0.5996153846153846,0.55,0.55,-0.3638228920837617,0.1428943278943278,-0.2209285641894338,f1
sbm_density_matched__29b8120faf__i04__noisy__t01__p41001,sbm_density_matched__29b8120faf__i04,sbm_density_matched,sbm_density_matched__29b8120faf,sbm_density_matched__29b8120faf__i04__noisy__t01,noisy,1735715424,41001,0.8317360899969596,0.4766017316017316,0.5928823350562481,0.5928823350562481,0.25,0.25,-0.355134358395228,0.1162806034545165,-0.2388537549407114,f1
sbm_density_matched__29b8120faf__i04__partial__t00__p41000,sbm_density_matched__29b8120faf__i04,sbm_density_matched,sbm_density_matched__29b8120faf,sbm_density_matched__29b8120faf__i04__partial__t00,partial,1614385046,41000,0.7732745515354211,0.6643959126427569,0.750402576489533,0.750402576489533,0.4,0.4,-0.1088786388926642,0.0860066638467761,-0.0228719750458881,f1
sbm_density_matched__29b8120faf__i04__partial__t00__p41001,sbm_density_matched__29b8120faf__i04,sbm_density_matched,sbm_density_matched__29b8120faf,sbm_density_matched__29b8120faf__i04__partial__t00,partial,1614385046,41001,0.7657051282051283,0.5526094847313185,0.6160714285714286,0.6160714285714286,0.25,0.25,-0.2130956434738097,0.06346194384011,-0.1496336996336996,f1
sbm_density_matched__29b8120faf__i04__partial__t01__p41000,sbm_density_matched__29b8120faf__i04,sbm_density_matched,sbm_density_matched__29b8120faf,sbm_density_matched__29b8120faf__i04__partial__t01,partial,1938496705,41000,0.7946219440784659,0.6135531135531135,0.6920454545454546,0.6920454545454546,0.4,0.4,-0.1810688305253524,0.0784923409923411,-0.1025764895330112,f1
sbm_density_matched__29b8120faf__i04__partial__t01__p41001,sbm_density_matched__29b8120faf__i04,sbm_density_matched,sbm_density_matched__29b8120faf,sbm_density_matched__29b8120faf__i04__partial__t01,partial,1938496705,41001,0.7913189869711609,0.7251207030955314,0.7433588761174968,0.7433588761174968,0.1,0.1,-0.0661982838756294,0.0182381730219653,-0.047960110853664,f1
sbm_density_matched__31d75cea26__i00__informative__t00__p41000,sbm_density_matched__31d75cea26__i00,sbm_density_matched,sbm_density_matched__31d75cea26,sbm_density_matched__31d75cea26__i00__informative__t00,informative,646909176,41000,0.8571627647714604,0.7952325934934631,0.8343531468531469,0.8343531468531469,0.55,0.55,-0.0619301712779972,0.0391205533596837,-0.0228096179183134,f1
sbm_density_matched__31d75cea26__i00__informative__t00__p41001,sbm_density_matched__31d75cea26__i00,sbm_density_matched,sbm_density_matched__31d75cea26,sbm_density_matched__31d75cea26__i00__informative__t00,informative,646909176,41001,0.7442006269592476,0.6689814814814814,0.7302838827838828,0.7302838827838828,0.55,0.55,-0.0752191454777662,0.0613024013024013,-0.0139167441753648,f1
sbm_density_matched__31d75cea26__i00__informative__t01__p41000,sbm_density_matched__31d75cea26__i00,sbm_density_matched,sbm_density_matched__31d75cea26,sbm_density_matched__31d75cea26__i00__informative__t01,informative,206744086,41000,0.914481351981352,0.7284584980237154,0.8969587176108915,0.8969587176108915,0.4,0.4,-0.1860228539576366,0.1685002195871761,-0.0175226343704605,f1
sbm_density_matched__31d75cea26__i00__informative__t01__p41001,sbm_density_matched__31d75cea26__i00,sbm_density_matched,sbm_density_matched__31d75cea26,sbm_density_matched__31d75cea26__i00__informative__t01,informative,206744086,41001,0.7452084952084952,0.7672619047619047,0.7455544455544456,0.7455544455544456,0.55,0.55,0.0220534095534095,-0.021707459207459,0.0003459503459504,f1
sbm_density_matched__31d75cea26__i00__noisy__t00__p41000,sbm_density_matched__31d75cea26__i00,sbm_density_matched,sbm_density_matched__31d75cea26,sbm_density_matched__31d75cea26__i00__noisy__t00,noisy,1239248165,41000,0.5481621826449412,0.3481844242713807,0.473652917131178,0.473652917131178,0.1,0.1,-0.1999777583735604,0.1254684928597972,-0.0745092655137631,f1
sbm_density_matched__31d75cea26__i00__noisy__t00__p41001,sbm_density_matched__31d75cea26__i00,sbm_density_matched,sbm_density_matched__31d75cea26,sbm_density_matched__31d75cea26__i00__noisy__t00,noisy,1239248165,41001,0.5402097902097902,0.4431452203191334,0.5152911604524507,0.5152911604524507,0.4,0.4,-0.0970645698906568,0.0721459401333173,-0.0249186297573394,f1
sbm_density_matched__31d75cea26__i00__noisy__t01__p41000,sbm_density_matched__31d75cea26__i00,sbm_density_matched,sbm_density_matched__31d75cea26,sbm_density_matched__31d75cea26__i00__noisy__t01,noisy,783816756,41000,0.6692890442890443,0.4232072275550537,0.5420562770562771,0.5420562770562771,0.25,0.25,-0.2460818167339906,0.1188490495012234,-0.1272327672327672,f1
sbm_density_matched__31d75cea26__i00__noisy__t01__p41001,sbm_density_matched__31d75cea26__i00,sbm_density_matched,sbm_density_matched__31d75cea26,sbm_density_matched__31d75cea26__i00__noisy__t01,noisy,783816756,41001,0.5266995073891626,0.3125,0.4748997493734336,0.4748997493734336,0.55,0.55,-0.2141995073891626,0.1623997493734336,-0.051799758015729,f1
sbm_density_matched__31d75cea26__i00__partial__t00__p41000,sbm_density_matched__31d75cea26__i00,sbm_density_matched,sbm_density_matched__31d75cea26,sbm_density_matched__31d75cea26__i00__partial__t00,partial,49414292,41000,0.7334368530020704,0.5875541125541126,0.5640005123700776,0.5640005123700776,0.4,0.4,-0.1458827404479578,-0.0235536001840349,-0.1694363406319927,f1
sbm_density_matched__31d75cea26__i00__partial__t00__p41001,sbm_density_matched__31d75cea26__i00,sbm_density_matched,sbm_density_matched__31d75cea26,sbm_density_matched__31d75cea26__i00__partial__t00,partial,49414292,41001,0.597632731253421,0.5186363636363637,0.5418405065144195,0.5418405065144195,0.55,0.55,-0.0789963676170573,0.0232041428780558,-0.0557922247390014,f1
sbm_density_matched__31d75cea26__i00__partial__t01__p41000,sbm_density_matched__31d75cea26__i00,sbm_density_matched,sbm_density_matched__31d75cea26,sbm_density_matched__31d75cea26__i00__partial__t01,partial,2079890970,41000,0.7047511455406192,0.489294670846395,0.5307655502392346,0.5307655502392346,0.55,0.55,-0.2154564746942242,0.0414708793928395,-0.1739855953013847,f1
sbm_density_matched__31d75cea26__i00__partial__t01__p41001,sbm_density_matched__31d75cea26__i00,sbm_density_matched,sbm_density_matched__31d75cea26,sbm_density_matched__31d75cea26__i00__partial__t01,partial,2079890970,41001,0.6217532467532467,0.4050865800865801,0.5055661881977671,0.5055661881977671,0.55,0.55,-0.2166666666666666,0.100479608111187,-0.1161870585554796,f1
sbm_density_matched__31d75cea26__i01__informative__t00__p41000,sbm_density_matched__31d75cea26__i01,sbm_density_matched,sbm_density_matched__31d75cea26,sbm_density_matched__31d75cea26__i01__informative__t00,informative,1257307628,41000,0.7086391869000565,0.5258401019270584,0.6993648255057991,0.6993648255057991,0.55,0.55,-0.182799084972998,0.1735247235787407,-0.0092743613942573,f1
sbm_density_matched__31d75cea26__i01__informative__t00__p41001,sbm_density_matched__31d75cea26__i01,sbm_density_matched,sbm_density_matched__31d75cea26,sbm_density_matched__31d75cea26__i01__informative__t00,informative,1257307628,41001,0.7280929376581551,0.5838461538461538,0.7078260869565216,0.7078260869565216,0.4,0.4,-0.1442467838120013,0.1239799331103678,-0.0202668507016334,f1
sbm_density_matched__31d75cea26__i01__informative__t01__p41000,sbm_density_matched__31d75cea26__i01,sbm_density_matched,sbm_density_matched__31d75cea26,sbm_density_matched__31d75cea26__i01__informative__t01,informative,1160606306,41000,0.8312037037037037,0.7865384615384616,0.7245082815734989,0.7245082815734989,0.25,0.25,-0.044665242165242,-0.0620301799649627,-0.1066954221302047,f1
sbm_density_matched__31d75cea26__i01__informative__t01__p41001,sbm_density_matched__31d75cea26__i01,sbm_density_matched,sbm_density_matched__31d75cea26,sbm_density_matched__31d75cea26__i01__informative__t01,informative,1160606306,41001,0.729895104895105,0.6263299663299663,0.7026851851851852,0.7026851851851852,0.55,0.55,-0.1035651385651387,0.0763552188552189,-0.0272099197099198,f1
sbm_density_matched__31d75cea26__i01__noisy__t00__p41000,sbm_density_matched__31d75cea26__i01,sbm_density_matched,sbm_density_matched__31d75cea26,sbm_density_matched__31d75cea26__i01__noisy__t00,noisy,1960327185,41000,0.683030303030303,0.4514285714285714,0.4347893772893773,0.4347893772893773,0.25,0.25,-0.2316017316017316,-0.0166391941391941,-0.2482409257409257,f1
sbm_density_matched__31d75cea26__i01__noisy__t00__p41001,sbm_density_matched__31d75cea26__i01,sbm_density_matched,sbm_density_matched__31d75cea26,sbm_density_matched__31d75cea26__i01__noisy__t00,noisy,1960327185,41001,0.533008658008658,0.3942383703253268,0.5101190476190476,0.5101190476190476,0.55,0.55,-0.1387702876833312,0.1158806772937207,-0.0228896103896104,f1
sbm_density_matched__31d75cea26__i01__noisy__t01__p41000,sbm_density_matched__31d75cea26__i01,sbm_density_matched,sbm_density_matched__31d75cea26,sbm_density_matched__31d75cea26__i01__noisy__t01,noisy,993616349,41000,0.6766195961848136,0.5146221532091098,0.4783971650538367,0.4783971650538367,0.55,0.55,-0.1619974429757038,-0.036224988155273,-0.1982224311309768,f1
sbm_density_matched__31d75cea26__i01__noisy__t01__p41001,sbm_density_matched__31d75cea26__i01,sbm_density_matched,sbm_density_matched__31d75cea26,sbm_density_matched__31d75cea26__i01__noisy__t01,noisy,993616349,41001,0.6643478260869565,0.3443675889328063,0.3443675889328063,0.3290993788819876,0.0,0.1,-0.3199802371541502,-0.0152682100508187,-0.3199802371541502,f1
sbm_density_matched__31d75cea26__i01__partial__t00__p41000,sbm_density_matched__31d75cea26__i01,sbm_density_matched,sbm_density_matched__31d75cea26,sbm_density_matched__31d75cea26__i01__partial__t00,partial,1632885439,41000,0.7504761904761905,0.5103846153846153,0.7068004459308808,0.7068004459308808,0.55,0.55,-0.2400915750915752,0.1964158305462654,-0.0436757445453097,f1
sbm_density_matched__31d75cea26__i01__partial__t00__p41001,sbm_density_matched__31d75cea26__i01,sbm_density_matched,sbm_density_matched__31d75cea26,sbm_density_matched__31d75cea26__i01__partial__t00,partial,1632885439,41001,0.6872463768115942,0.5626965626965628,0.6027097902097902,0.6027097902097902,0.25,0.25,-0.1245498141150314,0.0400132275132274,-0.0845365866018039,f1
sbm_density_matched__31d75cea26__i01__partial__t01__p41000,sbm_density_matched__31d75cea26__i01,sbm_density_matched,sbm_density_matched__31d75cea26,sbm_density_matched__31d75cea26__i01__partial__t01,partial,145422032,41000,0.7322042892695068,0.5194432942259029,0.7028571428571428,0.7028571428571428,0.4,0.4,-0.2127609950436039,0.18341384863124,-0.0293471464123639,f1
sbm_density_matched__31d75cea26__i01__partial__t01__p41001,sbm_density_matched__31d75cea26__i01,sbm_density_matched,sbm_density_matched__31d75cea26,sbm_density_matched__31d75cea26__i01__partial__t01,partial,145422032,41001,0.6451783723522854,0.6132575757575758,0.6119231530996236,0.6119231530996236,0.55,0.55,-0.0319207965947095,-0.0013344226579521,-0.0332552192526617,f1
sbm_density_matched__31d75cea26__i02__informative__t00__p41000,sbm_density_matched__31d75cea26__i02,sbm_density_matched,sbm_density_matched__31d75cea26,sbm_density_matched__31d75cea26__i02__informative__t00,informative,285107669,41000,0.7062937062937064,0.6391789819376026,0.6672463768115943,0.6672463768115943,0.55,0.55,-0.0671147243561037,0.0280673948739916,-0.039047329482112,f1
sbm_density_matched__31d75cea26__i02__informative__t00__p41001,sbm_density_matched__31d75cea26__i02,sbm_density_matched,sbm_density_matched__31d75cea26,sbm_density_matched__31d75cea26__i02__informative__t00,informative,285107669,41001,0.748941798941799,0.5974275724275724,0.7661904761904762,0.7661904761904762,0.55,0.55,-0.1515142265142266,0.1687629037629038,0.0172486772486771,f1
sbm_density_matched__31d75cea26__i02__informative__t01__p41000,sbm_density_matched__31d75cea26__i02,sbm_density_matched,sbm_density_matched__31d75cea26,sbm_density_matched__31d75cea26__i02__informative__t01,informative,1697244536,41000,0.7647969846245708,0.582077922077922,0.6470690179385832,0.6470690179385832,0.25,0.25,-0.1827190625466488,0.0649910958606612,-0.1177279666859876,f1
sbm_density_matched__31d75cea26__i02__informative__t01__p41001,sbm_density_matched__31d75cea26__i02,sbm_density_matched,sbm_density_matched__31d75cea26,sbm_density_matched__31d75cea26__i02__informative__t01,informative,1697244536,41001,0.7435483870967741,0.7732683982683983,0.7719770165422339,0.7719770165422339,0.4,0.4,0.0297200111716242,-0.0012913817261643,0.0284286294454598,f1
sbm_density_matched__31d75cea26__i02__noisy__t00__p41000,sbm_density_matched__31d75cea26__i02,sbm_density_matched,sbm_density_matched__31d75cea26,sbm_density_matched__31d75cea26__i02__noisy__t00,noisy,1275796415,41000,0.4803296703296703,0.200571250381497,0.4742703533026113,0.4742703533026113,0.55,0.55,-0.2797584199481732,0.2736991029211143,-0.0060593170270589,f1
sbm_density_matched__31d75cea26__i02__noisy__t00__p41001,sbm_density_matched__31d75cea26__i02,sbm_density_matched,sbm_density_matched__31d75cea26,sbm_density_matched__31d75cea26__i02__noisy__t00,noisy,1275796415,41001,0.5013984235952199,0.4350448585231193,0.561268115942029,0.561268115942029,0.55,0.55,-0.0663535650721005,0.1262232574189096,0.059869692346809,f1
sbm_density_matched__31d75cea26__i02__noisy__t01__p41000,sbm_density_matched__31d75cea26__i02,sbm_density_matched,sbm_density_matched__31d75cea26,sbm_density_matched__31d75cea26__i02__noisy__t01,noisy,129752865,41000,0.5134757182812102,0.3674463937621832,0.4010124657950745,0.4010124657950745,0.4,0.4,-0.1460293245190269,0.0335660720328912,-0.1124632524861357,f1
sbm_density_matched__31d75cea26__i02__noisy__t01__p41001,sbm_density_matched__31d75cea26__i02,sbm_density_matched,sbm_density_matched__31d75cea26,sbm_density_matched__31d75cea26__i02__noisy__t01,noisy,129752865,41001,0.4487962962962963,0.3201554464703132,0.4209280303030303,0.4209280303030303,0.55,0.55,-0.128640849825983,0.100772583832717,-0.027868265993266,f1
sbm_density_matched__31d75cea26__i02__partial__t00__p41000,sbm_density_matched__31d75cea26__i02,sbm_density_matched,sbm_density_matched__31d75cea26,sbm_density_matched__31d75cea26__i02__partial__t00,partial,1467277000,41000,0.6215161649944259,0.5138651394372218,0.4952631578947368,0.4952631578947368,0.55,0.55,-0.107651025557204,-0.0186019815424849,-0.126253007099689,f1
sbm_density_matched__31d75cea26__i02__partial__t00__p41001,sbm_density_matched__31d75cea26__i02,sbm_density_matched,sbm_density_matched__31d75cea26,sbm_density_matched__31d75cea26__i02__partial__t00,partial,1467277000,41001,0.6555258467023173,0.4783775252525253,0.5300995300995301,0.5300995300995301,0.55,0.55,-0.1771483214497919,0.0517220048470048,-0.1254263166027871,f1
sbm_density_matched__31d75cea26__i02__partial__t01__p41000,sbm_density_matched__31d75cea26__i02,sbm_density_matched,sbm_density_matched__31d75cea26,sbm_density_matched__31d75cea26__i02__partial__t01,partial,575391200,41000,0.588548644338118,0.4736111111111111,0.5993696802392454,0.5993696802392454,0.25,0.25,-0.1149375332270069,0.1257585691281343,0.0108210359011273,f1
sbm_density_matched__31d75cea26__i02__partial__t01__p41001,sbm_density_matched__31d75cea26__i02,sbm_density_matched,sbm_density_matched__31d75cea26,sbm_density_matched__31d75cea26__i02__partial__t01,partial,575391200,41001,0.6428571428571428,0.6037774294670846,0.5438594805161522,0.5438594805161522,0.1,0.1,-0.0390797133900582,-0.0599179489509323,-0.0989976623409906,f1
sbm_density_matched__31d75cea26__i03__informative__t00__p41000,sbm_density_matched__31d75cea26__i03,sbm_density_matched,sbm_density_matched__31d75cea26,sbm_density_matched__31d75cea26__i03__informative__t00,informative,596764011,41000,0.6581196581196581,0.5750095347063311,0.7510198135198135,0.7510198135198135,0.55,0.55,-0.083110123413327,0.1760102788134824,0.0929001554001554,f1
sbm_density_matched__31d75cea26__i03__informative__t00__p41001,sbm_density_matched__31d75cea26__i03,sbm_density_matched,sbm_density_matched__31d75cea26,sbm_density_matched__31d75cea26__i03__informative__t00,informative,596764011,41001,0.7013855709507884,0.7706521739130435,0.7640946010511228,0.7640946010511228,0.4,0.4,0.0692666029622551,-0.0065575728619207,0.0627090301003344,f1
sbm_density_matched__31d75cea26__i03__informative__t01__p41000,sbm_density_matched__31d75cea26__i03,sbm_density_matched,sbm_density_matched__31d75cea26,sbm_density_matched__31d75cea26__i03__informative__t01,informative,356898591,41000,0.7495146520146521,0.7272435897435898,0.7272435897435898,0.7272435897435898,0.1,0.1,-0.0222710622710622,0.0,-0.0222710622710622,f1
sbm_density_matched__31d75cea26__i03__informative__t01__p41001,sbm_density_matched__31d75cea26__i03,sbm_density_matched,sbm_density_matched__31d75cea26,sbm_density_matched__31d75cea26__i03__informative__t01,informative,356898591,41001,0.8114855072463768,0.7107246376811595,0.748038917604135,0.748038917604135,0.1,0.1,-0.1007608695652173,0.0373142799229755,-0.0634465896422418,f1
sbm_density_matched__31d75cea26__i03__noisy__t00__p41000,sbm_density_matched__31d75cea26__i03,sbm_density_matched,sbm_density_matched__31d75cea26,sbm_density_matched__31d75cea26__i03__noisy__t00,noisy,1827892433,41000,0.5363408521303258,0.5200310559006212,0.497840022296544,0.497840022296544,0.4,0.4,-0.0163097962297046,-0.022191033604077,-0.0385008298337817,f1
sbm_density_matched__31d75cea26__i03__noisy__t00__p41001,sbm_density_matched__31d75cea26__i03,sbm_density_matched,sbm_density_matched__31d75cea26,sbm_density_matched__31d75cea26__i03__noisy__t00,noisy,1827892433,41001,0.6391666666666667,0.3626332288401254,0.46653324131585,0.46653324131585,0.55,0.55,-0.2765334378265413,0.1039000124757246,-0.1726334253508166,f1
sbm_density_matched__31d75cea26__i03__noisy__t01__p41000,sbm_density_matched__31d75cea26__i03,sbm_density_matched,sbm_density_matched__31d75cea26,sbm_density_matched__31d75cea26__i03__noisy__t01,noisy,1318414375,41000,0.5358974358974359,0.4641715399610135,0.3976208976208976,0.3976208976208976,0.4,0.4,-0.0717258959364223,-0.0665506423401159,-0.1382765382765383,f1
sbm_density_matched__31d75cea26__i03__noisy__t01__p41001,sbm_density_matched__31d75cea26__i03,sbm_density_matched,sbm_density_matched__31d75cea26,sbm_density_matched__31d75cea26__i03__noisy__t01,noisy,1318414375,41001,0.5368686868686868,0.4110035079862666,0.3893260188087774,0.3893260188087774,0.1,0.1,-0.1258651788824202,-0.0216774891774891,-0.1475426680599094,f1
sbm_density_matched__31d75cea26__i03__partial__t00__p41000,sbm_density_matched__31d75cea26__i03,sbm_density_matched,sbm_density_matched__31d75cea26,sbm_density_matched__31d75cea26__i03__partial__t00,partial,427352950,41000,0.5645302348825587,0.5825190308885961,0.5825190308885961,0.5593696802392455,0.0,0.4,0.0179887960060374,-0.0231493506493506,0.0179887960060374,f1
sbm_density_matched__31d75cea26__i03__partial__t00__p41001,sbm_density_matched__31d75cea26__i03,sbm_density_matched,sbm_density_matched__31d75cea26,sbm_density_matched__31d75cea26__i03__partial__t00,partial,427352950,41001,0.7189194139194139,0.4917184265010351,0.6442032967032967,0.6442032967032967,0.25,0.25,-0.2272009874183788,0.1524848702022615,-0.0747161172161172,f1
sbm_density_matched__31d75cea26__i03__partial__t01__p41000,sbm_density_matched__31d75cea26__i03,sbm_density_matched,sbm_density_matched__31d75cea26,sbm_density_matched__31d75cea26__i03__partial__t01,partial,861841800,41000,0.6000631313131314,0.4820901320901321,0.5667851369938657,0.5667851369938657,0.4,0.4,-0.1179729992229993,0.0846950049037336,-0.0332779943192657,f1
sbm_density_matched__31d75cea26__i03__partial__t01__p41001,sbm_density_matched__31d75cea26__i03,sbm_density_matched,sbm_density_matched__31d75cea26,sbm_density_matched__31d75cea26__i03__partial__t01,partial,861841800,41001,0.7226430976430976,0.4974120082815735,0.6075611184306836,0.6075611184306836,0.55,0.55,-0.2252310893615241,0.1101491101491101,-0.115081979212414,f1
sbm_density_matched__31d75cea26__i04__informative__t00__p41000,sbm_density_matched__31d75cea26__i04,sbm_density_matched,sbm_density_matched__31d75cea26,sbm_density_matched__31d75cea26__i04__informative__t00,informative,233084709,41000,0.8142760942760943,0.7832167832167832,0.8512402452619844,0.8512402452619844,0.4,0.4,-0.031059311059311,0.0680234620452011,0.0369641509858901,f1
sbm_density_matched__31d75cea26__i04__informative__t00__p41001,sbm_density_matched__31d75cea26__i04,sbm_density_matched,sbm_density_matched__31d75cea26,sbm_density_matched__31d75cea26__i04__informative__t00,informative,233084709,41001,0.8940404040404041,0.7904761904761904,0.8515865173473869,0.8515865173473869,0.4,0.4,-0.1035642135642136,0.0611103268711964,-0.0424538866930171,f1
sbm_density_matched__31d75cea26__i04__informative__t01__p41000,sbm_density_matched__31d75cea26__i04,sbm_density_matched,sbm_density_matched__31d75cea26,sbm_density_matched__31d75cea26__i04__informative__t01,informative,1034712153,41000,0.9177920509442248,0.8742314448836188,0.8956243032329989,0.8956243032329989,0.25,0.25,-0.0435606060606059,0.02139285834938,-0.0221677477112258,f1
sbm_density_matched__31d75cea26__i04__informative__t01__p41001,sbm_density_matched__31d75cea26__i04,sbm_density_matched,sbm_density_matched__31d75cea26,sbm_density_matched__31d75cea26__i04__informative__t01,informative,1034712153,41001,0.8933882783882784,0.7518518518518518,0.7937062937062938,0.7937062937062938,0.1,0.1,-0.1415364265364266,0.0418544418544419,-0.0996819846819846,f1
sbm_density_matched__31d75cea26__i04__noisy__t00__p41000,sbm_density_matched__31d75cea26__i04,sbm_density_matched,sbm_density_matched__31d75cea26,sbm_density_matched__31d75cea26__i04__noisy__t00,noisy,1618272240,41000,0.7305797101449276,0.4545454545454545,0.6185897435897436,0.6185897435897436,0.25,0.25,-0.2760342555994731,0.1640442890442891,-0.111989966555184,f1
sbm_density_matched__31d75cea26__i04__noisy__t00__p41001,sbm_density_matched__31d75cea26__i04,sbm_density_matched,sbm_density_matched__31d75cea26,sbm_density_matched__31d75cea26__i04__noisy__t00,noisy,1618272240,41001,0.7468318637883854,0.5851612903225807,0.6059131700218288,0.6059131700218288,0.55,0.55,-0.1616705734658047,0.020751879699248,-0.1409186937665566,f1
sbm_density_matched__31d75cea26__i04__noisy__t01__p41000,sbm_density_matched__31d75cea26__i04,sbm_density_matched,sbm_density_matched__31d75cea26,sbm_density_matched__31d75cea26__i04__noisy__t01,noisy,486835969,41000,0.6437445887445887,0.4978030303030303,0.5111490683229813,0.5111490683229813,0.55,0.55,-0.1459415584415584,0.013346038019951,-0.1325955204216073,f1
sbm_density_matched__31d75cea26__i04__noisy__t01__p41001,sbm_density_matched__31d75cea26__i04,sbm_density_matched,sbm_density_matched__31d75cea26,sbm_density_matched__31d75cea26__i04__noisy__t01,noisy,486835969,41001,0.6781097906055461,0.455579902356514,0.4287431318681318,0.4287431318681318,0.25,0.25,-0.222529888249032,-0.0268367704883821,-0.2493666587374142,f1
sbm_density_matched__31d75cea26__i04__partial__t00__p41000,sbm_density_matched__31d75cea26__i04,sbm_density_matched,sbm_density_matched__31d75cea26,sbm_density_matched__31d75cea26__i04__partial__t00,partial,84075522,41000,0.7660225442834139,0.768076923076923,0.8081410256410256,0.8081410256410256,0.4,0.4,0.0020543787935091,0.0400641025641026,0.0421184813576117,f1
sbm_density_matched__31d75cea26__i04__partial__t00__p41001,sbm_density_matched__31d75cea26__i04,sbm_density_matched,sbm_density_matched__31d75cea26,sbm_density_matched__31d75cea26__i04__partial__t00,partial,84075522,41001,0.7256912442396313,0.5919060559006211,0.6282822440717177,0.6282822440717177,0.4,0.4,-0.1337851883390102,0.0363761881710966,-0.0974090001679135,f1
sbm_density_matched__31d75cea26__i04__partial__t01__p41000,sbm_density_matched__31d75cea26__i04,sbm_density_matched,sbm_density_matched__31d75cea26,sbm_density_matched__31d75cea26__i04__partial__t01,partial,401961520,41000,0.7459587513935341,0.770151515151515,0.7098978919631093,0.7098978919631093,0.25,0.25,0.0241927637579809,-0.0602536231884057,-0.0360608594304248,f1
sbm_density_matched__31d75cea26__i04__partial__t01__p41001,sbm_density_matched__31d75cea26__i04,sbm_density_matched,sbm_density_matched__31d75cea26,sbm_density_matched__31d75cea26__i04__partial__t01,partial,401961520,41001,0.7904761904761903,0.5781362116144725,0.7182456140350877,0.7182456140350877,0.55,0.55,-0.2123399788617178,0.1401094024206152,-0.0722305764411026,f1
sbm_density_matched__360b89c8be__i00__informative__t00__p41000,sbm_density_matched__360b89c8be__i00,sbm_density_matched,sbm_density_matched__360b89c8be,sbm_density_matched__360b89c8be__i00__informative__t00,informative,739337855,41000,0.9791304347826086,0.8962024931590149,0.8962024931590149,0.9791304347826086,0.0,0.1,-0.0829279416235937,0.0829279416235937,-0.0829279416235937,f1
sbm_density_matched__360b89c8be__i00__informative__t00__p41001,sbm_density_matched__360b89c8be__i00,sbm_density_matched,sbm_density_matched__360b89c8be,sbm_density_matched__360b89c8be__i00__informative__t00,informative,739337855,41001,0.9582971014492754,0.914445120097294,0.9572727272727272,0.9572727272727272,0.25,0.25,-0.0438519813519813,0.0428276071754332,-0.0010243741765481,f1
sbm_density_matched__360b89c8be__i00__informative__t01__p41000,sbm_density_matched__360b89c8be__i00,sbm_density_matched,sbm_density_matched__360b89c8be,sbm_density_matched__360b89c8be__i00__informative__t01,informative,1631167426,41000,0.9791304347826086,0.9382608695652176,0.9163752913752914,0.9163752913752914,0.25,0.25,-0.0408695652173911,-0.021885578189926,-0.0627551434073172,f1
sbm_density_matched__360b89c8be__i00__informative__t01__p41001,sbm_density_matched__360b89c8be__i00,sbm_density_matched,sbm_density_matched__360b89c8be,sbm_density_matched__360b89c8be__i00__informative__t01,informative,1631167426,41001,0.9791304347826086,0.9178743961352658,0.9791304347826086,0.9791304347826086,0.1,0.1,-0.0612560386473428,0.0612560386473428,0.0,f1
sbm_density_matched__360b89c8be__i00__noisy__t00__p41000,sbm_density_matched__360b89c8be__i00,sbm_density_matched,sbm_density_matched__360b89c8be,sbm_density_matched__360b89c8be__i00__noisy__t00,noisy,938173032,41000,0.914481351981352,0.6233718455457585,0.914481351981352,0.914481351981352,0.55,0.55,-0.2911095064355934,0.2911095064355934,0.0,f1
sbm_density_matched__360b89c8be__i00__noisy__t00__p41001,sbm_density_matched__360b89c8be__i00,sbm_density_matched,sbm_density_matched__360b89c8be,sbm_density_matched__360b89c8be__i00__noisy__t00,noisy,938173032,41001,0.8571627647714605,0.550911680911681,0.7702838827838828,0.7702838827838828,0.55,0.55,-0.3062510838597795,0.2193722018722018,-0.0868788819875776,f1
sbm_density_matched__360b89c8be__i00__noisy__t01__p41000,sbm_density_matched__360b89c8be__i00,sbm_density_matched,sbm_density_matched__360b89c8be,sbm_density_matched__360b89c8be__i00__noisy__t01,noisy,342686144,41000,0.9372086247086248,0.4568701226309922,0.7934981684981685,0.7934981684981685,0.55,0.55,-0.4803385020776325,0.3366280458671762,-0.1437104562104563,f1
sbm_density_matched__360b89c8be__i00__noisy__t01__p41001,sbm_density_matched__360b89c8be__i00,sbm_density_matched,sbm_density_matched__360b89c8be,sbm_density_matched__360b89c8be__i00__noisy__t01,noisy,342686144,41001,0.9396135265700484,0.5976966873706004,0.7493181818181818,0.7493181818181818,0.55,0.55,-0.3419168391994478,0.1516214944475813,-0.1902953447518665,f1
sbm_density_matched__360b89c8be__i00__partial__t00__p41000,sbm_density_matched__360b89c8be__i00,sbm_density_matched,sbm_density_matched__360b89c8be,sbm_density_matched__360b89c8be__i00__partial__t00,partial,1373132988,41000,1.0,0.895147123407993,0.9572727272727272,0.9572727272727272,0.25,0.25,-0.104852876592007,0.0621256038647343,-0.0427272727272727,f1
sbm_density_matched__360b89c8be__i00__partial__t00__p41001,sbm_density_matched__360b89c8be__i00,sbm_density_matched,sbm_density_matched__360b89c8be,sbm_density_matched__360b89c8be__i00__partial__t00,partial,1373132988,41001,0.9382971014492754,0.8127946127946128,0.8375698375698376,0.8375698375698376,0.25,0.25,-0.1255024886546625,0.0247752247752247,-0.1007272638794377,f1
sbm_density_matched__360b89c8be__i00__partial__t01__p41000,sbm_density_matched__360b89c8be__i00,sbm_density_matched,sbm_density_matched__360b89c8be,sbm_density_matched__360b89c8be__i00__partial__t01,partial,1911684230,41000,0.9155518394648828,0.7062997871693524,0.8323188405797101,0.8323188405797101,0.25,0.25,-0.2092520522955305,0.1260190534103576,-0.0832329988851728,f1
sbm_density_matched__360b89c8be__i00__partial__t01__p41001,sbm_density_matched__360b89c8be__i00,sbm_density_matched,sbm_density_matched__360b89c8be,sbm_density_matched__360b89c8be__i00__partial__t01,partial,1911684230,41001,1.0,0.6367706367706367,0.9166666666666666,0.9166666666666666,0.55,0.55,-0.3632293632293633,0.2798960298960299,-0.0833333333333333,f1
sbm_density_matched__360b89c8be__i01__informative__t00__p41000,sbm_density_matched__360b89c8be__i01,sbm_density_matched,sbm_density_matched__360b89c8be,sbm_density_matched__360b89c8be__i01__informative__t00,informative,807104004,41000,0.9582971014492754,0.937463768115942,0.959030100334448,0.959030100334448,0.55,0.55,-0.0208333333333334,0.0215663322185062,0.0007329988851727,f1
sbm_density_matched__360b89c8be__i01__informative__t00__p41001,sbm_density_matched__360b89c8be__i01,sbm_density_matched,sbm_density_matched__360b89c8be,sbm_density_matched__360b89c8be__i01__informative__t00,informative,807104004,41001,1.0,0.9582971014492752,0.9791304347826086,0.9791304347826086,0.25,0.25,-0.0417028985507247,0.0208333333333333,-0.0208695652173913,f1
sbm_density_matched__360b89c8be__i01__informative__t01__p41000,sbm_density_matched__360b89c8be__i01,sbm_density_matched,sbm_density_matched__360b89c8be,sbm_density_matched__360b89c8be__i01__informative__t01,informative,1897158840,41000,0.9791304347826086,0.958041958041958,0.9372909698996656,0.9372909698996656,0.1,0.1,-0.0210884767406505,-0.0207509881422925,-0.0418394648829431,f1
sbm_density_matched__360b89c8be__i01__informative__t01__p41001,sbm_density_matched__360b89c8be__i01,sbm_density_matched,sbm_density_matched__360b89c8be,sbm_density_matched__360b89c8be__i01__informative__t01,informative,1897158840,41001,1.0,0.9372727272727271,0.9168862538427756,0.9168862538427756,0.4,0.4,-0.0627272727272727,-0.0203864734299517,-0.0831137461572244,f1
sbm_density_matched__360b89c8be__i01__noisy__t00__p41000,sbm_density_matched__360b89c8be__i01,sbm_density_matched,sbm_density_matched__360b89c8be,sbm_density_matched__360b89c8be__i01__noisy__t00,noisy,802449968,41000,0.9582971014492754,0.7053116448768623,0.8532246376811594,0.8532246376811594,0.55,0.55,-0.2529854565724131,0.1479129928042971,-0.1050724637681159,f1
sbm_density_matched__360b89c8be__i01__noisy__t00__p41001,sbm_density_matched__360b89c8be__i01,sbm_density_matched,sbm_density_matched__360b89c8be,sbm_density_matched__360b89c8be__i01__noisy__t00,noisy,802449968,41001,0.8130434782608695,0.4386363636363636,0.7492497438149612,0.7492497438149612,0.55,0.55,-0.3744071146245059,0.3106133801785976,-0.0637937344459083,f1
sbm_density_matched__360b89c8be__i01__noisy__t01__p41000,sbm_density_matched__360b89c8be__i01,sbm_density_matched,sbm_density_matched__360b89c8be,sbm_density_matched__360b89c8be__i01__noisy__t01,noisy,762083273,41000,0.9371723928245668,0.608179932590096,0.7658743229395403,0.7658743229395403,0.55,0.55,-0.3289924602344708,0.1576943903494443,-0.1712980698850265,f1
sbm_density_matched__360b89c8be__i01__noisy__t01__p41001,sbm_density_matched__360b89c8be__i01,sbm_density_matched,sbm_density_matched__360b89c8be,sbm_density_matched__360b89c8be__i01__noisy__t01,noisy,762083273,41001,0.8539855072463769,0.6231648785996612,0.7444331983805668,0.7444331983805668,0.55,0.55,-0.2308206286467157,0.1212683197809055,-0.1095523088658101,f1
sbm_density_matched__360b89c8be__i01__partial__t00__p41000,sbm_density_matched__360b89c8be__i01,sbm_density_matched,sbm_density_matched__360b89c8be,sbm_density_matched__360b89c8be__i01__partial__t00,partial,618200528,41000,0.9582608695652174,0.721103896103896,0.936439393939394,0.936439393939394,0.4,0.4,-0.2371569734613213,0.2153354978354978,-0.0218214756258234,f1
sbm_density_matched__360b89c8be__i01__partial__t00__p41001,sbm_density_matched__360b89c8be__i01,sbm_density_matched,sbm_density_matched__360b89c8be,sbm_density_matched__360b89c8be__i01__partial__t00,partial,618200528,41001,0.9791304347826086,0.6898148148148149,0.8547826086956521,0.8547826086956521,0.55,0.55,-0.2893156199677937,0.1649677938808372,-0.1243478260869564,f1
sbm_density_matched__360b89c8be__i01__partial__t01__p41000,sbm_density_matched__360b89c8be__i01,sbm_density_matched,sbm_density_matched__360b89c8be,sbm_density_matched__360b89c8be__i01__partial__t01,partial,1681529119,41000,1.0,0.6529310344827587,0.8505555555555555,0.8505555555555555,0.55,0.55,-0.3470689655172413,0.1976245210727968,-0.1494444444444445,f1
sbm_density_matched__360b89c8be__i01__partial__t01__p41001,sbm_density_matched__360b89c8be__i01,sbm_density_matched,sbm_density_matched__360b89c8be,sbm_density_matched__360b89c8be__i01__partial__t01,partial,1681529119,41001,0.9791304347826086,0.6885984385984385,0.8145903010033444,0.8145903010033444,0.55,0.55,-0.2905319961841701,0.1259918624049059,-0.1645401337792642,f1
sbm_density_matched__360b89c8be__i02__informative__t00__p41000,sbm_density_matched__360b89c8be__i02,sbm_density_matched,sbm_density_matched__360b89c8be,sbm_density_matched__360b89c8be__i02__informative__t00,informative,604812961,41000,1.0,0.9365217391304348,0.9791304347826086,0.9791304347826086,0.4,0.4,-0.0634782608695652,0.0426086956521738,-0.0208695652173913,f1
sbm_density_matched__360b89c8be__i02__informative__t00__p41001,sbm_density_matched__360b89c8be__i02,sbm_density_matched,sbm_density_matched__360b89c8be,sbm_density_matched__360b89c8be__i02__informative__t00,informative,604812961,41001,0.9371723928245668,0.8932154801720019,0.9582971014492754,0.9582971014492754,0.1,0.1,-0.0439569126525648,0.0650816212772734,0.0211247086247086,f1
sbm_density_matched__360b89c8be__i02__informative__t01__p41000,sbm_density_matched__360b89c8be__i02,sbm_density_matched,sbm_density_matched__360b89c8be,sbm_density_matched__360b89c8be__i02__informative__t01,informative,750349616,41000,0.9582971014492752,0.8966304347826087,0.8966304347826087,0.8966304347826087,0.0,0.1,-0.0616666666666665,0.0,-0.0616666666666665,f1
sbm_density_matched__360b89c8be__i02__informative__t01__p41001,sbm_density_matched__360b89c8be__i02,sbm_density_matched,sbm_density_matched__360b89c8be,sbm_density_matched__360b89c8be__i02__informative__t01,informative,750349616,41001,0.9166666666666666,0.9371723928245668,0.9375,0.9375,0.55,0.55,0.0205057261579001,0.0003276071754331,0.0208333333333332,f1
sbm_density_matched__360b89c8be__i02__noisy__t00__p41000,sbm_density_matched__360b89c8be__i02,sbm_density_matched,sbm_density_matched__360b89c8be,sbm_density_matched__360b89c8be__i02__noisy__t00,noisy,1672547477,41000,0.8962024931590149,0.6657575757575757,0.8117136486701704,0.8117136486701704,0.55,0.55,-0.2304449174014392,0.1459560729125947,-0.0844888444888445,f1
sbm_density_matched__360b89c8be__i02__noisy__t00__p41001,sbm_density_matched__360b89c8be__i02,sbm_density_matched,sbm_density_matched__360b89c8be,sbm_density_matched__360b89c8be__i02__noisy__t00,noisy,1672547477,41001,0.917463768115942,0.6258116883116883,0.7529761904761905,0.7529761904761905,0.55,0.55,-0.2916520798042536,0.1271645021645021,-0.1644875776397515,f1
sbm_density_matched__360b89c8be__i02__noisy__t01__p41000,sbm_density_matched__360b89c8be__i02,sbm_density_matched,sbm_density_matched__360b89c8be,sbm_density_matched__360b89c8be__i02__noisy__t01,noisy,847620661,41000,0.8513131313131314,0.6643290043290043,0.8114502164502164,0.8114502164502164,0.55,0.55,-0.186984126984127,0.1471212121212121,-0.0398629148629149,f1
sbm_density_matched__360b89c8be__i02__noisy__t01__p41001,sbm_density_matched__360b89c8be__i02,sbm_density_matched,sbm_density_matched__360b89c8be,sbm_density_matched__360b89c8be__i02__noisy__t01,noisy,847620661,41001,0.8749908424908425,0.5992132867132867,0.7878703703703703,0.7878703703703703,0.55,0.55,-0.2757775557775558,0.1886570836570836,-0.0871204721204721,f1
sbm_density_matched__360b89c8be__i02__partial__t00__p41000,sbm_density_matched__360b89c8be__i02,sbm_density_matched,sbm_density_matched__360b89c8be,sbm_density_matched__360b89c8be__i02__partial__t00,partial,1460701006,41000,0.9582971014492754,0.7139563335215509,0.8559835816357555,0.8559835816357555,0.4,0.4,-0.2443407679277245,0.1420272481142046,-0.1023135198135198,f1
sbm_density_matched__360b89c8be__i02__partial__t00__p41001,sbm_density_matched__360b89c8be__i02,sbm_density_matched,sbm_density_matched__360b89c8be,sbm_density_matched__360b89c8be__i02__partial__t00,partial,1460701006,41001,0.8737121212121212,0.6847319347319347,0.7882578291273943,0.7882578291273943,0.55,0.55,-0.1889801864801864,0.1035258943954595,-0.0854542920847268,f1
sbm_density_matched__360b89c8be__i02__partial__t01__p41000,sbm_density_matched__360b89c8be__i02,sbm_density_matched,sbm_density_matched__360b89c8be,sbm_density_matched__360b89c8be__i02__partial__t01,partial,1039654034,41000,0.935054945054945,0.8526570048309179,0.9582971014492754,0.9582971014492754,0.25,0.25,-0.0823979402240271,0.1056400966183574,0.0232421563943303,f1
sbm_density_matched__360b89c8be__i02__partial__t01__p41001,sbm_density_matched__360b89c8be__i02,sbm_density_matched,sbm_density_matched__360b89c8be,sbm_density_matched__360b89c8be__i02__partial__t01,partial,1039654034,41001,0.9582971014492754,0.916439393939394,0.9382971014492754,0.9382971014492754,0.55,0.55,-0.0418577075098814,0.0218577075098814,-0.02,f1
sbm_density_matched__360b89c8be__i03__informative__t00__p41000,sbm_density_matched__360b89c8be__i03,sbm_density_matched,sbm_density_matched__360b89c8be,sbm_density_matched__360b89c8be__i03__informative__t00,informative,1883911632,41000,0.9791304347826086,0.9122222222222224,0.8872019793072424,0.8872019793072424,0.1,0.1,-0.0669082125603863,-0.0250202429149798,-0.0919284554753662,f1
sbm_density_matched__360b89c8be__i03__informative__t00__p41001,sbm_density_matched__360b89c8be__i03,sbm_density_matched,sbm_density_matched__360b89c8be,sbm_density_matched__360b89c8be__i03__informative__t00,informative,1883911632,41001,0.936439393939394,0.8455353126405758,0.9122222222222222,0.9122222222222222,0.25,0.25,-0.0909040812988181,0.0666869095816463,-0.0242171717171717,f1
sbm_density_matched__360b89c8be__i03__informative__t01__p41000,sbm_density_matched__360b89c8be__i03,sbm_density_matched,sbm_density_matched__360b89c8be,sbm_density_matched__360b89c8be__i03__informative__t01,informative,888025684,41000,0.9791304347826086,0.9582971014492754,0.9791304347826086,0.9791304347826086,0.25,0.25,-0.0208333333333332,0.0208333333333332,0.0,f1
sbm_density_matched__360b89c8be__i03__informative__t01__p41001,sbm_density_matched__360b89c8be__i03,sbm_density_matched,sbm_density_matched__360b89c8be,sbm_density_matched__360b89c8be__i03__informative__t01,informative,888025684,41001,0.9164576365663322,0.9166304347826086,0.9582971014492752,0.9582971014492752,0.1,0.1,0.0001727982162764,0.0416666666666666,0.0418394648829431,f1
sbm_density_matched__360b89c8be__i03__noisy__t00__p41000,sbm_density_matched__360b89c8be__i03,sbm_density_matched,sbm_density_matched__360b89c8be,sbm_density_matched__360b89c8be__i03__noisy__t00,noisy,4788990,41000,0.8738992408557625,0.5886363636363636,0.7503416149068323,0.7503416149068323,0.4,0.4,-0.2852628772193989,0.1617052512704686,-0.1235576259489302,f1
sbm_density_matched__360b89c8be__i03__noisy__t00__p41001,sbm_density_matched__360b89c8be__i03,sbm_density_matched,sbm_density_matched__360b89c8be,sbm_density_matched__360b89c8be__i03__noisy__t00,noisy,4788990,41001,0.915054945054945,0.7002930402930403,0.7700830771482946,0.7700830771482946,0.55,0.55,-0.2147619047619047,0.0697900368552543,-0.1449718679066504,f1
sbm_density_matched__360b89c8be__i03__noisy__t01__p41000,sbm_density_matched__360b89c8be__i03,sbm_density_matched,sbm_density_matched__360b89c8be,sbm_density_matched__360b89c8be__i03__noisy__t01,noisy,1989427380,41000,0.9381967670011148,0.4338235294117647,0.7011904761904761,0.7011904761904761,0.4,0.4,-0.50437323758935,0.2673669467787114,-0.2370062908106386,f1
sbm_density_matched__360b89c8be__i03__noisy__t01__p41001,sbm_density_matched__360b89c8be__i03,sbm_density_matched,sbm_density_matched__360b89c8be,sbm_density_matched__360b89c8be__i03__noisy__t01,noisy,1989427380,41001,0.8994431355750696,0.6214500073195726,0.7291068580542265,0.7291068580542265,0.55,0.55,-0.277993128255497,0.1076568507346539,-0.1703362775208431,f1
sbm_density_matched__360b89c8be__i03__partial__t00__p41000,sbm_density_matched__360b89c8be__i03,sbm_density_matched,sbm_density_matched__360b89c8be,sbm_density_matched__360b89c8be__i03__partial__t00,partial,1643227836,41000,0.9791304347826086,0.8127946127946128,0.9156746031746033,0.9156746031746033,0.55,0.55,-0.1663358219879958,0.1028799903799903,-0.0634558316080055,f1
sbm_density_matched__360b89c8be__i03__partial__t00__p41001,sbm_density_matched__360b89c8be__i03,sbm_density_matched,sbm_density_matched__360b89c8be,sbm_density_matched__360b89c8be__i03__partial__t00,partial,1643227836,41001,0.8757246376811594,0.7088081483733657,0.8763935340022296,0.8763935340022296,0.4,0.4,-0.1669164893077936,0.1675853856288639,0.0006688963210702,f1
sbm_density_matched__360b89c8be__i03__partial__t01__p41000,sbm_density_matched__360b89c8be__i03,sbm_density_matched,sbm_density_matched__360b89c8be,sbm_density_matched__360b89c8be__i03__partial__t01,partial,2008756337,41000,0.9791304347826086,0.8551864801864802,0.8927059896625114,0.8927059896625114,0.55,0.55,-0.1239439545961283,0.0375195094760311,-0.0864244451200972,f1
sbm_density_matched__360b89c8be__i03__partial__t01__p41001,sbm_density_matched__360b89c8be__i03,sbm_density_matched,sbm_density_matched__360b89c8be,sbm_density_matched__360b89c8be__i03__partial__t01,partial,2008756337,41001,0.9371723928245668,0.766462703962704,0.8297650417215634,0.8297650417215634,0.55,0.55,-0.1707096888618627,0.0633023377588594,-0.1074073511030033,f1
sbm_density_matched__360b89c8be__i04__informative__t00__p41000,sbm_density_matched__360b89c8be__i04,sbm_density_matched,sbm_density_matched__360b89c8be,sbm_density_matched__360b89c8be__i04__informative__t00,informative,1217433223,41000,0.9791304347826086,0.8971445221445221,0.9582971014492754,0.9582971014492754,0.1,0.1,-0.0819859126380865,0.0611525793047532,-0.0208333333333332,f1
sbm_density_matched__360b89c8be__i04__informative__t00__p41001,sbm_density_matched__360b89c8be__i04,sbm_density_matched,sbm_density_matched__360b89c8be,sbm_density_matched__360b89c8be__i04__informative__t00,informative,1217433223,41001,0.9791304347826086,0.9365579710144928,0.9582608695652172,0.9582608695652172,0.25,0.25,-0.0425724637681159,0.0217028985507246,-0.0208695652173913,f1
sbm_density_matched__360b89c8be__i04__informative__t01__p41000,sbm_density_matched__360b89c8be__i04,sbm_density_matched,sbm_density_matched__360b89c8be,sbm_density_matched__360b89c8be__i04__informative__t01,informative,635229189,41000,1.0,0.7710531135531136,0.8941798941798942,0.8941798941798942,0.1,0.1,-0.2289468864468864,0.1231267806267806,-0.1058201058201058,f1
sbm_density_matched__360b89c8be__i04__informative__t01__p41001,sbm_density_matched__360b89c8be__i04,sbm_density_matched,sbm_density_matched__360b89c8be,sbm_density_matched__360b89c8be__i04__informative__t01,informative,635229189,41001,0.9372086247086248,0.9371723928245668,0.9371723928245668,0.9371723928245668,0.0,0.1,-3.623188405799116e-05,0.0,-3.623188405799116e-05,f1
sbm_density_matched__360b89c8be__i04__noisy__t00__p41000,sbm_density_matched__360b89c8be__i04,sbm_density_matched,sbm_density_matched__360b89c8be,sbm_density_matched__360b89c8be__i04__noisy__t00,noisy,749420569,41000,0.9582971014492752,0.4918261562998405,0.7587301587301587,0.7587301587301587,0.55,0.55,-0.4664709451494347,0.2669040024303182,-0.1995669427191165,f1
sbm_density_matched__360b89c8be__i04__noisy__t00__p41001,sbm_density_matched__360b89c8be__i04,sbm_density_matched,sbm_density_matched__360b89c8be,sbm_density_matched__360b89c8be__i04__noisy__t00,noisy,749420569,41001,0.8937121212121212,0.5786984754376059,0.7263986013986014,0.7263986013986014,0.55,0.55,-0.3150136457745153,0.1477001259609954,-0.1673135198135198,f1
sbm_density_matched__360b89c8be__i04__noisy__t01__p41000,sbm_density_matched__360b89c8be__i04,sbm_density_matched,sbm_density_matched__360b89c8be,sbm_density_matched__360b89c8be__i04__noisy__t01,noisy,1858482712,41000,0.9177920509442248,0.7294871794871794,0.793076923076923,0.793076923076923,0.55,0.55,-0.1883048714570454,0.0635897435897435,-0.1247151278673018,f1
sbm_density_matched__360b89c8be__i04__noisy__t01__p41001,sbm_density_matched__360b89c8be__i04,sbm_density_matched,sbm_density_matched__360b89c8be,sbm_density_matched__360b89c8be__i04__noisy__t01,noisy,1858482712,41001,0.9350549450549452,0.5217701863354037,0.8320454545454545,0.8320454545454545,0.55,0.55,-0.4132847587195414,0.3102752682100508,-0.1030094905094906,f1
sbm_density_matched__360b89c8be__i04__partial__t00__p41000,sbm_density_matched__360b89c8be__i04,sbm_density_matched,sbm_density_matched__360b89c8be,sbm_density_matched__360b89c8be__i04__partial__t00,partial,982824316,41000,0.9157246376811594,0.6847319347319347,0.9163752913752914,0.9163752913752914,0.55,0.55,-0.2309927029492247,0.2316433566433566,0.0006506536941319,f1
sbm_density_matched__360b89c8be__i04__partial__t00__p41001,sbm_density_matched__360b89c8be__i04,sbm_density_matched,sbm_density_matched__360b89c8be,sbm_density_matched__360b89c8be__i04__partial__t00,partial,982824316,41001,0.9572727272727272,0.7922619047619048,0.8733882783882784,0.8733882783882784,0.55,0.55,-0.1650108225108224,0.0811263736263735,-0.0838844488844489,f1
sbm_density_matched__360b89c8be__i04__partial__t01__p41000,sbm_density_matched__360b89c8be__i04,sbm_density_matched,sbm_density_matched__360b89c8be,sbm_density_matched__360b89c8be__i04__partial__t01,partial,1955558334,41000,0.9372727272727271,0.63003663003663,0.8535839160839161,0.8535839160839161,0.4,0.4,-0.3072360972360972,0.2235472860472861,-0.0836888111888111,f1
sbm_density_matched__360b89c8be__i04__partial__t01__p41001,sbm_density_matched__360b89c8be__i04,sbm_density_matched,sbm_density_matched__360b89c8be,sbm_density_matched__360b89c8be__i04__partial__t01,partial,1955558334,41001,0.9572727272727272,0.7648717948717948,0.8704120879120879,0.8704120879120879,0.25,0.25,-0.1924009324009324,0.1055402930402931,-0.0868606393606393,f1
sbm_density_matched__405897cd5c__i00__informative__t00__p41000,sbm_density_matched__405897cd5c__i00,sbm_density_matched,sbm_density_matched__405897cd5c,sbm_density_matched__405897cd5c__i00__informative__t00,informative,17952661,41000,0.5998244844229925,0.7482517482517483,0.7261956998683634,0.7261956998683634,0.4,0.4,0.1484272638287558,-0.0220560483833849,0.1263712154453709,f1
sbm_density_matched__405897cd5c__i00__informative__t00__p41001,sbm_density_matched__405897cd5c__i00,sbm_density_matched,sbm_density_matched__405897cd5c,sbm_density_matched__405897cd5c__i00__informative__t00,informative,17952661,41001,0.6840719613865731,0.6223776223776224,0.6444444444444444,0.6444444444444444,0.1,0.1,-0.0616943390089507,0.0220668220668219,-0.0396275169421287,f1
sbm_density_matched__405897cd5c__i00__informative__t01__p41000,sbm_density_matched__405897cd5c__i00,sbm_density_matched,sbm_density_matched__405897cd5c,sbm_density_matched__405897cd5c__i00__informative__t01,informative,2090864027,41000,0.6515426497277677,0.7482517482517483,0.7658536585365854,0.7658536585365854,0.55,0.55,0.0967090985239806,0.017601910284837,0.1143110088088177,f1
sbm_density_matched__405897cd5c__i00__informative__t01__p41001,sbm_density_matched__405897cd5c__i00,sbm_density_matched,sbm_density_matched__405897cd5c,sbm_density_matched__405897cd5c__i00__informative__t01,informative,2090864027,41001,0.5767195767195767,0.4601889338731444,0.515577007459412,0.515577007459412,0.55,0.55,-0.1165306428464323,0.0553880735862676,-0.0611425692601647,f1
sbm_density_matched__405897cd5c__i00__noisy__t00__p41000,sbm_density_matched__405897cd5c__i00,sbm_density_matched,sbm_density_matched__405897cd5c,sbm_density_matched__405897cd5c__i00__noisy__t00,noisy,1595456074,41000,0.5189542483660131,0.5577007459412022,0.5577007459412022,0.4313295304958315,0.0,0.4,0.0387464975751891,-0.1263712154453707,0.0387464975751891,f1
sbm_density_matched__405897cd5c__i00__noisy__t00__p41001,sbm_density_matched__405897cd5c__i00,sbm_density_matched,sbm_density_matched__405897cd5c,sbm_density_matched__405897cd5c__i00__noisy__t00,noisy,1595456074,41001,0.6223776223776224,0.4965034965034964,0.5104212860310421,0.5104212860310421,0.55,0.55,-0.1258741258741259,0.0139177895275456,-0.1119563363465803,f1
sbm_density_matched__405897cd5c__i00__noisy__t01__p41000,sbm_density_matched__405897cd5c__i00,sbm_density_matched,sbm_density_matched__405897cd5c,sbm_density_matched__405897cd5c__i00__noisy__t01,noisy,1703439757,41000,0.4789405123751628,0.457391304347826,0.5826086956521739,0.5826086956521739,0.1,0.1,-0.0215492080273367,0.1252173913043478,0.103668183277011,f1
sbm_density_matched__405897cd5c__i00__noisy__t01__p41001,sbm_density_matched__405897cd5c__i00,sbm_density_matched,sbm_density_matched__405897cd5c,sbm_density_matched__405897cd5c__i00__noisy__t01,noisy,1703439757,41001,0.4942739349519011,0.5408695652173914,0.5408695652173914,0.4771241830065359,0.0,0.4,0.0465956302654902,-0.0637453822108554,0.0465956302654902,f1
sbm_density_matched__405897cd5c__i00__partial__t00__p41000,sbm_density_matched__405897cd5c__i00,sbm_density_matched,sbm_density_matched__405897cd5c,sbm_density_matched__405897cd5c__i00__partial__t00,partial,660381226,41000,0.5408695652173914,0.5206252713851498,0.5577007459412022,0.5577007459412022,0.25,0.25,-0.0202442938322415,0.0370754745560524,0.0168311807238108,f1
sbm_density_matched__405897cd5c__i00__partial__t00__p41001,sbm_density_matched__405897cd5c__i00,sbm_density_matched,sbm_density_matched__405897cd5c,sbm_density_matched__405897cd5c__i00__partial__t00,partial,660381226,41001,0.5384615384615384,0.5384615384615384,0.5529933481152993,0.5529933481152993,0.1,0.1,0.0,0.0145318096537608,0.0145318096537608,f1
sbm_density_matched__405897cd5c__i00__partial__t01__p41000,sbm_density_matched__405897cd5c__i00,sbm_density_matched,sbm_density_matched__405897cd5c,sbm_density_matched__405897cd5c__i00__partial__t01,partial,1231319784,41000,0.4734532689776217,0.6444444444444444,0.6444444444444444,0.5607843137254902,0.0,0.55,0.1709911754668226,-0.0836601307189541,0.1709911754668226,f1
sbm_density_matched__405897cd5c__i00__partial__t01__p41001,sbm_density_matched__405897cd5c__i00,sbm_density_matched,sbm_density_matched__405897cd5c,sbm_density_matched__405897cd5c__i00__partial__t01,partial,1231319784,41001,0.4857142857142857,0.625,0.625,0.5833333333333334,0.0,0.4,0.1392857142857143,-0.0416666666666666,0.1392857142857143,f1
sbm_density_matched__405897cd5c__i01__informative__t00__p41000,sbm_density_matched__405897cd5c__i01,sbm_density_matched,sbm_density_matched__405897cd5c,sbm_density_matched__405897cd5c__i01__informative__t00,informative,1834243874,41000,0.7078260869565217,0.7062937062937062,0.6873643074250977,0.6873643074250977,0.25,0.25,-0.0015323806628154,-0.0189293988686085,-0.020461779531424,f1
sbm_density_matched__405897cd5c__i01__informative__t00__p41001,sbm_density_matched__405897cd5c__i01,sbm_density_matched,sbm_density_matched__405897cd5c,sbm_density_matched__405897cd5c__i01__informative__t00,informative,1834243874,41001,0.7078260869565217,0.6873643074250977,0.6079854809437386,0.6079854809437386,0.25,0.25,-0.020461779531424,-0.079378826481359,-0.0998406060127831,f1
sbm_density_matched__405897cd5c__i01__informative__t01__p41000,sbm_density_matched__405897cd5c__i01,sbm_density_matched,sbm_density_matched__405897cd5c,sbm_density_matched__405897cd5c__i01__informative__t01,informative,1387490457,41000,0.6571428571428571,0.7495652173913043,0.6862745098039216,0.6862745098039216,0.4,0.4,0.0924223602484471,-0.0632907075873827,0.0291316526610644,f1
sbm_density_matched__405897cd5c__i01__informative__t01__p41001,sbm_density_matched__405897cd5c__i01,sbm_density_matched,sbm_density_matched__405897cd5c,sbm_density_matched__405897cd5c__i01__informative__t01,informative,1387490457,41001,0.791304347826087,0.6862745098039216,0.6862745098039216,0.6862745098039216,0.0,0.1,-0.1050298380221654,0.0,-0.1050298380221654,f1
sbm_density_matched__405897cd5c__i01__noisy__t00__p41000,sbm_density_matched__405897cd5c__i01,sbm_density_matched,sbm_density_matched__405897cd5c,sbm_density_matched__405897cd5c__i01__noisy__t00,noisy,696915670,41000,0.5607843137254902,0.5613275613275613,0.4771241830065359,0.4771241830065359,0.55,0.55,0.0005432476020711,-0.0842033783210254,-0.0836601307189542,f1
sbm_density_matched__405897cd5c__i01__noisy__t00__p41001,sbm_density_matched__405897cd5c__i01,sbm_density_matched,sbm_density_matched__405897cd5c,sbm_density_matched__405897cd5c__i01__noisy__t00,noisy,696915670,41001,0.5408695652173914,0.5416666666666666,0.3901996370235935,0.3901996370235935,0.4,0.4,0.0007971014492752,-0.1514670296430731,-0.1506699281937978,f1
sbm_density_matched__405897cd5c__i01__noisy__t01__p41000,sbm_density_matched__405897cd5c__i01,sbm_density_matched,sbm_density_matched__405897cd5c,sbm_density_matched__405897cd5c__i01__noisy__t01,noisy,991264285,41000,0.6223776223776224,0.4337568058076225,0.4337568058076225,0.5033738191632928,0.0,0.4,-0.1886208165699999,0.0696170133556703,-0.1886208165699999,f1
sbm_density_matched__405897cd5c__i01__noisy__t01__p41001,sbm_density_matched__405897cd5c__i01,sbm_density_matched,sbm_density_matched__405897cd5c,sbm_density_matched__405897cd5c__i01__noisy__t01,noisy,991264285,41001,0.4583333333333333,0.4965034965034964,0.5408695652173914,0.5408695652173914,0.25,0.25,0.0381701631701631,0.0443660687138949,0.082536231884058,f1
sbm_density_matched__405897cd5c__i01__partial__t00__p41000,sbm_density_matched__405897cd5c__i01,sbm_density_matched,sbm_density_matched__405897cd5c,sbm_density_matched__405897cd5c__i01__partial__t00,partial,29577406,41000,0.6329284750337382,0.6026143790849673,0.625,0.625,0.55,0.55,-0.0303140959487708,0.0223856209150327,-0.0079284750337381,f1
sbm_density_matched__405897cd5c__i01__partial__t00__p41001,sbm_density_matched__405897cd5c__i01,sbm_density_matched,sbm_density_matched__405897cd5c,sbm_density_matched__405897cd5c__i01__partial__t00,partial,29577406,41001,0.6223776223776224,0.5,0.5623100303951367,0.5623100303951367,0.1,0.1,-0.1223776223776224,0.0623100303951367,-0.0600675919824856,f1
sbm_density_matched__405897cd5c__i01__partial__t01__p41000,sbm_density_matched__405897cd5c__i01,sbm_density_matched,sbm_density_matched__405897cd5c,sbm_density_matched__405897cd5c__i01__partial__t01,partial,874607049,41000,0.6666666666666666,0.6456795484151108,0.6039947894051237,0.6039947894051237,0.4,0.4,-0.0209871182515558,-0.041684759009987,-0.0626718772615428,f1
sbm_density_matched__405897cd5c__i01__partial__t01__p41001,sbm_density_matched__405897cd5c__i01,sbm_density_matched,sbm_density_matched__405897cd5c,sbm_density_matched__405897cd5c__i01__partial__t01,partial,874607049,41001,0.6444444444444444,0.6444444444444444,0.6660869565217391,0.6660869565217391,0.25,0.25,0.0,0.0216425120772947,0.0216425120772947,f1
sbm_density_matched__405897cd5c__i02__informative__t00__p41000,sbm_density_matched__405897cd5c__i02,sbm_density_matched,sbm_density_matched__405897cd5c,sbm_density_matched__405897cd5c__i02__informative__t00,informative,961753541,41000,0.6571428571428571,0.6419482229047828,0.6701786532295007,0.6701786532295007,0.55,0.55,-0.0151946342380743,0.0282304303247178,0.0130357960866435,f1
sbm_density_matched__405897cd5c__i02__informative__t00__p41001,sbm_density_matched__405897cd5c__i02,sbm_density_matched,sbm_density_matched__405897cd5c,sbm_density_matched__405897cd5c__i02__informative__t00,informative,961753541,41001,0.5416666666666666,0.625,0.7062937062937062,0.7062937062937062,0.55,0.55,0.0833333333333333,0.0812937062937062,0.1646270396270396,f1
sbm_density_matched__405897cd5c__i02__informative__t01__p41000,sbm_density_matched__405897cd5c__i02,sbm_density_matched,sbm_density_matched__405897cd5c,sbm_density_matched__405897cd5c__i02__informative__t01,informative,744298505,41000,0.6456795484151108,0.6039947894051237,0.6190476190476191,0.6190476190476191,0.4,0.4,-0.041684759009987,0.0150528296424953,-0.0266319293674917,f1
sbm_density_matched__405897cd5c__i02__informative__t01__p41001,sbm_density_matched__405897cd5c__i02,sbm_density_matched,sbm_density_matched__405897cd5c,sbm_density_matched__405897cd5c__i02__informative__t01,informative,744298505,41001,0.5955654101995566,0.5607843137254902,0.6419482229047828,0.6419482229047828,0.55,0.55,-0.0347810964740663,0.0811639091792926,0.0463828127052262,f1
sbm_density_matched__405897cd5c__i02__noisy__t00__p41000,sbm_density_matched__405897cd5c__i02,sbm_density_matched,sbm_density_matched__405897cd5c,sbm_density_matched__405897cd5c__i02__noisy__t00,noisy,816888237,41000,0.5033738191632928,0.5416666666666666,0.5623100303951367,0.5623100303951367,0.4,0.4,0.0382928475033738,0.02064336372847,0.0589362112318438,f1
sbm_density_matched__405897cd5c__i02__noisy__t00__p41001,sbm_density_matched__405897cd5c__i02,sbm_density_matched,sbm_density_matched__405897cd5c,sbm_density_matched__405897cd5c__i02__noisy__t00,noisy,816888237,41001,0.4545454545454546,0.3516339869281045,0.5826086956521739,0.5826086956521739,0.4,0.4,-0.10291146761735,0.2309747087240693,0.1280632411067193,f1
sbm_density_matched__405897cd5c__i02__noisy__t01__p41000,sbm_density_matched__405897cd5c__i02,sbm_density_matched,sbm_density_matched__405897cd5c,sbm_density_matched__405897cd5c__i02__noisy__t01,noisy,686764397,41000,0.5206252713851498,0.5408695652173914,0.5408695652173914,0.5826086956521739,0.0,0.25,0.0202442938322415,0.0417391304347825,0.0202442938322415,f1
sbm_density_matched__405897cd5c__i02__noisy__t01__p41001,sbm_density_matched__405897cd5c__i02,sbm_density_matched,sbm_density_matched__405897cd5c,sbm_density_matched__405897cd5c__i02__noisy__t01,noisy,686764397,41001,0.5384615384615384,0.515577007459412,0.515577007459412,0.5767195767195767,0.0,0.1,-0.0228845310021263,0.0611425692601647,-0.0228845310021263,f1
sbm_density_matched__405897cd5c__i02__partial__t00__p41000,sbm_density_matched__405897cd5c__i02,sbm_density_matched,sbm_density_matched__405897cd5c,sbm_density_matched__405897cd5c__i02__partial__t00,partial,524006222,41000,0.5577007459412022,0.4372557533651758,0.5189542483660131,0.5189542483660131,0.4,0.4,-0.1204449925760263,0.0816984950008372,-0.0387464975751891,f1
sbm_density_matched__405897cd5c__i02__partial__t00__p41001,sbm_density_matched__405897cd5c__i02,sbm_density_matched,sbm_density_matched__405897cd5c,sbm_density_matched__405897cd5c__i02__partial__t00,partial,524006222,41001,0.5465587044534412,0.6613756613756614,0.5189542483660131,0.5189542483660131,0.55,0.55,0.1148169569222201,-0.1424214130096482,-0.0276044560874281,f1
sbm_density_matched__405897cd5c__i02__partial__t01__p41000,sbm_density_matched__405897cd5c__i02,sbm_density_matched,sbm_density_matched__405897cd5c,sbm_density_matched__405897cd5c__i02__partial__t01,partial,1008371609,41000,0.6190476190476191,0.6840719613865731,0.7192982456140351,0.7192982456140351,0.55,0.55,0.065024342338954,0.0352262842274619,0.100250626566416,f1
sbm_density_matched__405897cd5c__i02__partial__t01__p41001,sbm_density_matched__405897cd5c__i02,sbm_density_matched,sbm_density_matched__405897cd5c,sbm_density_matched__405897cd5c__i02__partial__t01,partial,1008371609,41001,0.5206252713851498,0.515577007459412,0.5206252713851498,0.5206252713851498,0.55,0.55,-0.0050482639257377,0.0050482639257377,0.0,f1
sbm_density_matched__405897cd5c__i03__informative__t00__p41000,sbm_density_matched__405897cd5c__i03,sbm_density_matched,sbm_density_matched__405897cd5c,sbm_density_matched__405897cd5c__i03__informative__t00,informative,1459190090,41000,0.7281045751633988,0.7495652173913043,0.7290490664350847,0.7290490664350847,0.4,0.4,0.0214606422279055,-0.0205161509562196,0.0009444912716859,f1
sbm_density_matched__405897cd5c__i03__informative__t00__p41001,sbm_density_matched__405897cd5c__i03,sbm_density_matched,sbm_density_matched__405897cd5c,sbm_density_matched__405897cd5c__i03__informative__t00,informative,1459190090,41001,0.6862745098039216,0.5826086956521739,0.6444444444444444,0.6444444444444444,0.55,0.55,-0.1036658141517476,0.0618357487922704,-0.0418300653594772,f1
sbm_density_matched__405897cd5c__i03__informative__t01__p41000,sbm_density_matched__405897cd5c__i03,sbm_density_matched,sbm_density_matched__405897cd5c,sbm_density_matched__405897cd5c__i03__informative__t01,informative,1366808081,41000,0.6807095343680709,0.75,0.7495652173913043,0.7495652173913043,0.1,0.1,0.069290465631929,-0.0004347826086956,0.0688556830232334,f1
sbm_density_matched__405897cd5c__i03__informative__t01__p41001,sbm_density_matched__405897cd5c__i03,sbm_density_matched,sbm_density_matched__405897cd5c,sbm_density_matched__405897cd5c__i03__informative__t01,informative,1366808081,41001,0.75,0.7916666666666666,0.7078260869565217,0.7078260869565217,0.55,0.55,0.0416666666666666,-0.0838405797101449,-0.0421739130434782,f1
sbm_density_matched__405897cd5c__i03__noisy__t00__p41000,sbm_density_matched__405897cd5c__i03,sbm_density_matched,sbm_density_matched__405897cd5c,sbm_density_matched__405897cd5c__i03__noisy__t00,noisy,216695739,41000,0.5767195767195767,0.4734532689776217,0.4734532689776217,0.4497354497354497,0.0,0.1,-0.103266307741955,-0.023717819242172,-0.103266307741955,f1
sbm_density_matched__405897cd5c__i03__noisy__t00__p41001,sbm_density_matched__405897cd5c__i03,sbm_density_matched,sbm_density_matched__405897cd5c,sbm_density_matched__405897cd5c__i03__noisy__t00,noisy,216695739,41001,0.4337568058076225,0.5189542483660131,0.5189542483660131,0.4678492239467849,0.0,0.55,0.0851974425583906,-0.0511050244192282,0.0851974425583906,f1
sbm_density_matched__405897cd5c__i03__noisy__t01__p41000,sbm_density_matched__405897cd5c__i03,sbm_density_matched,sbm_density_matched__405897cd5c,sbm_density_matched__405897cd5c__i03__noisy__t01,noisy,1640397244,41000,0.5343915343915344,0.6243478260869566,0.5833333333333334,0.5833333333333334,0.55,0.55,0.0899562916954221,-0.0410144927536232,0.0489417989417989,f1
sbm_density_matched__405897cd5c__i03__noisy__t01__p41001,sbm_density_matched__405897cd5c__i03,sbm_density_matched,sbm_density_matched__405897cd5c,sbm_density_matched__405897cd5c__i03__noisy__t01,noisy,1640397244,41001,0.5826086956521739,0.4771241830065359,0.4156521739130435,0.4156521739130435,0.4,0.4,-0.1054845126456379,-0.0614720090934924,-0.1669565217391304,f1
sbm_density_matched__405897cd5c__i03__partial__t00__p41000,sbm_density_matched__405897cd5c__i03,sbm_density_matched,sbm_density_matched__405897cd5c,sbm_density_matched__405897cd5c__i03__partial__t00,partial,1272198980,41000,0.6666666666666666,0.6243478260869566,0.6039947894051237,0.6039947894051237,0.55,0.55,-0.04231884057971,-0.0203530366818328,-0.0626718772615428,f1
sbm_density_matched__405897cd5c__i03__partial__t00__p41001,sbm_density_matched__405897cd5c__i03,sbm_density_matched,sbm_density_matched__405897cd5c,sbm_density_matched__405897cd5c__i03__partial__t00,partial,1272198980,41001,0.5998244844229925,0.6,0.6,0.5189542483660131,0.0,0.4,0.0001755155770074,-0.0810457516339868,0.0001755155770074,f1
sbm_density_matched__405897cd5c__i03__partial__t01__p41000,sbm_density_matched__405897cd5c__i03,sbm_density_matched,sbm_density_matched__405897cd5c,sbm_density_matched__405897cd5c__i03__partial__t01,partial,1604449210,41000,0.5607843137254902,0.5833333333333334,0.7290490664350847,0.7290490664350847,0.4,0.4,0.0225490196078431,0.1457157331017513,0.1682647527095945,f1
sbm_density_matched__405897cd5c__i03__partial__t01__p41001,sbm_density_matched__405897cd5c__i03,sbm_density_matched,sbm_density_matched__405897cd5c,sbm_density_matched__405897cd5c__i03__partial__t01,partial,1604449210,41001,0.5577007459412022,0.5577007459412022,0.5577007459412022,0.6381374722838138,0.0,0.4,0.0,0.0804367263426115,0.0,f1
sbm_density_matched__405897cd5c__i04__informative__t00__p41000,sbm_density_matched__405897cd5c__i04,sbm_density_matched,sbm_density_matched__405897cd5c,sbm_density_matched__405897cd5c__i04__informative__t00,informative,1853142668,41000,0.6419482229047828,0.5384615384615384,0.6643356643356644,0.6643356643356644,0.25,0.25,-0.1034866844432443,0.1258741258741259,0.0223874414308815,f1
sbm_density_matched__405897cd5c__i04__informative__t00__p41001,sbm_density_matched__405897cd5c__i04,sbm_density_matched,sbm_density_matched__405897cd5c,sbm_density_matched__405897cd5c__i04__informative__t00,informative,1853142668,41001,0.6223776223776224,0.5804195804195804,0.7281045751633988,0.7281045751633988,0.55,0.55,-0.0419580419580419,0.1476849947438183,0.1057269527857763,f1
sbm_density_matched__405897cd5c__i04__informative__t01__p41000,sbm_density_matched__405897cd5c__i04,sbm_density_matched,sbm_density_matched__405897cd5c,sbm_density_matched__405897cd5c__i04__informative__t01,informative,1170669101,41000,0.5897435897435896,0.6515426497277677,0.7290490664350847,0.7290490664350847,0.55,0.55,0.061799059984178,0.077506416707317,0.139305476691495,f1
sbm_density_matched__405897cd5c__i04__informative__t01__p41001,sbm_density_matched__405897cd5c__i04,sbm_density_matched,sbm_density_matched__405897cd5c,sbm_density_matched__405897cd5c__i04__informative__t01,informative,1170669101,41001,0.8124185844550587,0.6862745098039216,0.6862745098039216,0.6862745098039216,0.55,0.55,-0.126144074651137,0.0,-0.126144074651137,f1
sbm_density_matched__405897cd5c__i04__noisy__t00__p41000,sbm_density_matched__405897cd5c__i04,sbm_density_matched,sbm_density_matched__405897cd5c,sbm_density_matched__405897cd5c__i04__noisy__t00,noisy,2123147208,41000,0.4990512333965844,0.457391304347826,0.4771241830065359,0.4771241830065359,0.1,0.1,-0.0416599290487583,0.0197328786587098,-0.0219270503900484,f1
sbm_density_matched__405897cd5c__i04__noisy__t00__p41001,sbm_density_matched__405897cd5c__i04,sbm_density_matched,sbm_density_matched__405897cd5c,sbm_density_matched__405897cd5c__i04__noisy__t00,noisy,2123147208,41001,0.4920634920634921,0.4789405123751628,0.4372557533651758,0.4372557533651758,0.55,0.55,-0.0131229796883292,-0.0416847590099869,-0.0548077386983162,f1
sbm_density_matched__405897cd5c__i04__noisy__t01__p41000,sbm_density_matched__405897cd5c__i04,sbm_density_matched,sbm_density_matched__405897cd5c,sbm_density_matched__405897cd5c__i04__noisy__t01,noisy,1463159864,41000,0.4170040485829959,0.5408695652173914,0.515577007459412,0.515577007459412,0.55,0.55,0.1238655166343954,-0.0252925577579793,0.0985729588764161,f1
sbm_density_matched__405897cd5c__i04__noisy__t01__p41001,sbm_density_matched__405897cd5c__i04,sbm_density_matched,sbm_density_matched__405897cd5c,sbm_density_matched__405897cd5c__i04__noisy__t01,noisy,1463159864,41001,0.4773139745916515,0.5416666666666666,0.4991304347826087,0.4991304347826087,0.4,0.4,0.0643526920750151,-0.0425362318840579,0.0218164601909572,f1
sbm_density_matched__405897cd5c__i04__partial__t00__p41000,sbm_density_matched__405897cd5c__i04,sbm_density_matched,sbm_density_matched__405897cd5c,sbm_density_matched__405897cd5c__i04__partial__t00,partial,1077052602,41000,0.482903981264637,0.4942739349519011,0.5111111111111111,0.5111111111111111,0.1,0.1,0.011369953687264,0.0168371761592099,0.028207129846474,f1
sbm_density_matched__405897cd5c__i04__partial__t00__p41001,sbm_density_matched__405897cd5c__i04,sbm_density_matched,sbm_density_matched__405897cd5c,sbm_density_matched__405897cd5c__i04__partial__t00,partial,1077052602,41001,0.5804195804195804,0.4857142857142857,0.4965034965034964,0.4965034965034964,0.25,0.25,-0.0947052947052947,0.0107892107892107,-0.0839160839160839,f1
sbm_density_matched__405897cd5c__i04__partial__t01__p41000,sbm_density_matched__405897cd5c__i04,sbm_density_matched,sbm_density_matched__405897cd5c,sbm_density_matched__405897cd5c__i04__partial__t01,partial,403950485,41000,0.6223776223776224,0.5206252713851498,0.6190476190476191,0.6190476190476191,0.25,0.25,-0.1017523509924726,0.0984223476624692,-0.0033300033300033,f1
sbm_density_matched__405897cd5c__i04__partial__t01__p41001,sbm_density_matched__405897cd5c__i04,sbm_density_matched,sbm_density_matched__405897cd5c,sbm_density_matched__405897cd5c__i04__partial__t01,partial,403950485,41001,0.5826086956521739,0.5189542483660131,0.5767195767195767,0.5767195767195767,0.25,0.25,-0.0636544472861607,0.0577653283535636,-0.0058891189325971,f1
sbm_density_matched__601a69618f__i00__informative__t00__p41000,sbm_density_matched__601a69618f__i00,sbm_density_matched,sbm_density_matched__601a69618f,sbm_density_matched__601a69618f__i00__informative__t00,informative,928296479,41000,1.0,0.9582608695652174,0.9582608695652174,0.9582608695652174,0.1,0.1,-0.0417391304347826,0.0,-0.0417391304347826,f1
sbm_density_matched__601a69618f__i00__informative__t00__p41001,sbm_density_matched__601a69618f__i00,sbm_density_matched,sbm_density_matched__601a69618f,sbm_density_matched__601a69618f__i00__informative__t00,informative,928296479,41001,0.9582608695652174,0.9791576204950064,0.9791576204950064,0.9791576204950064,0.0,0.1,0.0208967509297891,0.0,0.0208967509297891,f1
sbm_density_matched__601a69618f__i00__informative__t01__p41000,sbm_density_matched__601a69618f__i00,sbm_density_matched,sbm_density_matched__601a69618f,sbm_density_matched__601a69618f__i00__informative__t01,informative,707430169,41000,1.0,1.0,1.0,1.0,0.1,0.1,0.0,0.0,0.0,f1
sbm_density_matched__601a69618f__i00__informative__t01__p41001,sbm_density_matched__601a69618f__i00,sbm_density_matched,sbm_density_matched__601a69618f,sbm_density_matched__601a69618f__i00__informative__t01,informative,707430169,41001,1.0,1.0,1.0,1.0,0.0,0.1,0.0,0.0,0.0,f1
sbm_density_matched__601a69618f__i00__noisy__t00__p41000,sbm_density_matched__601a69618f__i00,sbm_density_matched,sbm_density_matched__601a69618f,sbm_density_matched__601a69618f__i00__noisy__t00,noisy,1908734329,41000,0.9582608695652174,0.7699346405228757,0.8957881024750325,0.8957881024750325,0.1,0.1,-0.1883262290423416,0.1258534619521567,-0.0624727670901849,f1
sbm_density_matched__601a69618f__i00__noisy__t00__p41001,sbm_density_matched__601a69618f__i00,sbm_density_matched,sbm_density_matched__601a69618f,sbm_density_matched__601a69618f__i00__noisy__t00,noisy,1908734329,41001,0.873015873015873,0.8117647058823529,0.9582608695652174,0.9582608695652174,0.4,0.4,-0.06125116713352,0.1464961636828644,0.0852449965493443,f1
sbm_density_matched__601a69618f__i00__noisy__t01__p41000,sbm_density_matched__601a69618f__i00,sbm_density_matched,sbm_density_matched__601a69618f,sbm_density_matched__601a69618f__i00__noisy__t01,noisy,583866555,41000,0.9374728614850196,0.7916666666666666,0.9165217391304348,0.9165217391304348,0.4,0.4,-0.145806194818353,0.1248550724637681,-0.0209511223545848,f1
sbm_density_matched__601a69618f__i00__noisy__t01__p41001,sbm_density_matched__601a69618f__i00,sbm_density_matched,sbm_density_matched__601a69618f,sbm_density_matched__601a69618f__i00__noisy__t01,noisy,583866555,41001,0.9372549019607844,0.6243478260869566,0.8747826086956522,0.8747826086956522,0.4,0.4,-0.3129070758738277,0.2504347826086955,-0.0624722932651321,f1
sbm_density_matched__601a69618f__i00__partial__t00__p41000,sbm_density_matched__601a69618f__i00,sbm_density_matched,sbm_density_matched__601a69618f,sbm_density_matched__601a69618f__i00__partial__t00,partial,1911879529,41000,1.0,0.8957881024750325,0.9791576204950064,0.9791576204950064,0.1,0.1,-0.1042118975249675,0.083369518019974,-0.0208423795049934,f1
sbm_density_matched__601a69618f__i00__partial__t00__p41001,sbm_density_matched__601a69618f__i00,sbm_density_matched,sbm_density_matched__601a69618f,sbm_density_matched__601a69618f__i00__partial__t00,partial,1911879529,41001,0.9582608695652174,0.9582608695652174,0.9372549019607844,0.9372549019607844,0.1,0.1,0.0,-0.021005967604433,-0.021005967604433,f1
sbm_density_matched__601a69618f__i00__partial__t01__p41000,sbm_density_matched__601a69618f__i00,sbm_density_matched,sbm_density_matched__601a69618f,sbm_density_matched__601a69618f__i00__partial__t01,partial,448524515,41000,1.0,0.9583333333333334,0.9583333333333334,0.9583333333333334,0.1,0.1,-0.0416666666666666,0.0,-0.0416666666666666,f1
sbm_density_matched__601a69618f__i00__partial__t01__p41001,sbm_density_matched__601a69618f__i00,sbm_density_matched,sbm_density_matched__601a69618f,sbm_density_matched__601a69618f__i00__partial__t01,partial,448524515,41001,0.9372549019607844,0.8525669153137341,0.875,0.875,0.25,0.25,-0.0846879866470502,0.0224330846862659,-0.0622549019607843,f1
sbm_density_matched__601a69618f__i01__informative__t00__p41000,sbm_density_matched__601a69618f__i01,sbm_density_matched,sbm_density_matched__601a69618f,sbm_density_matched__601a69618f__i01__informative__t00,informative,1917417008,41000,0.9791576204950064,0.9791576204950064,0.9791576204950064,1.0,0.0,0.1,0.0,0.0208423795049934,0.0,f1
sbm_density_matched__601a69618f__i01__informative__t00__p41001,sbm_density_matched__601a69618f__i01,sbm_density_matched,sbm_density_matched__601a69618f,sbm_density_matched__601a69618f__i01__informative__t00,informative,1917417008,41001,1.0,1.0,1.0,1.0,0.1,0.1,0.0,0.0,0.0,f1
sbm_density_matched__601a69618f__i01__informative__t01__p41000,sbm_density_matched__601a69618f__i01,sbm_density_matched,sbm_density_matched__601a69618f,sbm_density_matched__601a69618f__i01__informative__t01,informative,1323034412,41000,1.0,1.0,1.0,1.0,0.0,0.1,0.0,0.0,0.0,f1
sbm_density_matched__601a69618f__i01__informative__t01__p41001,sbm_density_matched__601a69618f__i01,sbm_density_matched,sbm_density_matched__601a69618f,sbm_density_matched__601a69618f__i01__informative__t01,informative,1323034412,41001,1.0,0.9791576204950064,0.9791576204950064,0.9791576204950064,0.0,0.4,-0.0208423795049934,0.0,-0.0208423795049934,f1
sbm_density_matched__601a69618f__i01__noisy__t00__p41000,sbm_density_matched__601a69618f__i01,sbm_density_matched,sbm_density_matched__601a69618f,sbm_density_matched__601a69618f__i01__noisy__t00,noisy,205735144,41000,0.9583333333333334,0.8741258741258742,0.9582608695652174,0.9582608695652174,0.4,0.4,-0.0842074592074592,0.0841349954393432,-7.246376811598232e-05,f1
sbm_density_matched__601a69618f__i01__noisy__t00__p41001,sbm_density_matched__601a69618f__i01,sbm_density_matched,sbm_density_matched__601a69618f,sbm_density_matched__601a69618f__i01__noisy__t00,noisy,205735144,41001,1.0,0.8285714285714285,1.0,1.0,0.55,0.55,-0.1714285714285714,0.1714285714285714,0.0,f1
sbm_density_matched__601a69618f__i01__noisy__t01__p41000,sbm_density_matched__601a69618f__i01,sbm_density_matched,sbm_density_matched__601a69618f,sbm_density_matched__601a69618f__i01__noisy__t01,noisy,2109857364,41000,1.0,0.8741258741258742,0.8747826086956522,0.8747826086956522,0.1,0.1,-0.1258741258741258,0.0006567345697779,-0.1252173913043478,f1
sbm_density_matched__601a69618f__i01__noisy__t01__p41001,sbm_density_matched__601a69618f__i01,sbm_density_matched,sbm_density_matched__601a69618f,sbm_density_matched__601a69618f__i01__noisy__t01,noisy,2109857364,41001,1.0,0.8117647058823529,0.9582608695652174,0.9582608695652174,0.25,0.25,-0.188235294117647,0.1464961636828644,-0.0417391304347826,f1
sbm_density_matched__601a69618f__i01__partial__t00__p41000,sbm_density_matched__601a69618f__i01,sbm_density_matched,sbm_density_matched__601a69618f,sbm_density_matched__601a69618f__i01__partial__t00,partial,1212426534,41000,0.9583333333333334,0.9582608695652174,0.9582608695652174,0.9582608695652174,0.0,0.1,-7.246376811598232e-05,0.0,-7.246376811598232e-05,f1
sbm_density_matched__601a69618f__i01__partial__t00__p41001,sbm_density_matched__601a69618f__i01,sbm_density_matched,sbm_density_matched__601a69618f,sbm_density_matched__601a69618f__i01__partial__t00,partial,1212426534,41001,0.9582608695652174,0.9165217391304348,0.9374728614850196,0.9374728614850196,0.1,0.1,-0.0417391304347826,0.0209511223545848,-0.0207880080801977,f1
sbm_density_matched__601a69618f__i01__partial__t01__p41000,sbm_density_matched__601a69618f__i01,sbm_density_matched,sbm_density_matched__601a69618f,sbm_density_matched__601a69618f__i01__partial__t01,partial,672850780,41000,1.0,0.9374728614850196,0.9374728614850196,0.9791576204950064,0.0,0.1,-0.0625271385149803,0.0416847590099869,-0.0625271385149803,f1
sbm_density_matched__601a69618f__i01__partial__t01__p41001,sbm_density_matched__601a69618f__i01,sbm_density_matched,sbm_density_matched__601a69618f,sbm_density_matched__601a69618f__i01__partial__t01,partial,672850780,41001,1.0,0.8747826086956522,0.9791576204950064,0.9791576204950064,0.1,0.1,-0.1252173913043478,0.1043750117993543,-0.0208423795049934,f1
sbm_density_matched__601a69618f__i02__informative__t00__p41000,sbm_density_matched__601a69618f__i02,sbm_density_matched,sbm_density_matched__601a69618f,sbm_density_matched__601a69618f__i02__informative__t00,informative,856069804,41000,0.9791576204950064,1.0,0.9791576204950064,0.9791576204950064,0.1,0.1,0.0208423795049934,-0.0208423795049934,0.0,f1
sbm_density_matched__601a69618f__i02__informative__t00__p41001,sbm_density_matched__601a69618f__i02,sbm_density_matched,sbm_density_matched__601a69618f,sbm_density_matched__601a69618f__i02__informative__t00,informative,856069804,41001,1.0,0.9791576204950064,1.0,1.0,0.1,0.1,-0.0208423795049934,0.0208423795049934,0.0,f1
sbm_density_matched__601a69618f__i02__informative__t01__p41000,sbm_density_matched__601a69618f__i02,sbm_density_matched,sbm_density_matched__601a69618f,sbm_density_matched__601a69618f__i02__informative__t01,informative,183409522,41000,1.0,1.0,1.0,1.0,0.0,0.1,0.0,0.0,0.0,f1
sbm_density_matched__601a69618f__i02__informative__t01__p41001,sbm_density_matched__601a69618f__i02,sbm_density_matched,sbm_density_matched__601a69618f,sbm_density_matched__601a69618f__i02__informative__t01,informative,183409522,41001,0.9791576204950064,1.0,1.0,0.9791576204950064,0.0,0.1,0.0208423795049934,-0.0208423795049934,0.0208423795049934,f1
sbm_density_matched__601a69618f__i02__noisy__t00__p41000,sbm_density_matched__601a69618f__i02,sbm_density_matched,sbm_density_matched__601a69618f,sbm_density_matched__601a69618f__i02__noisy__t00,noisy,1715801174,41000,0.9791576204950064,0.6515426497277677,0.9374728614850196,0.9374728614850196,0.25,0.25,-0.3276149707672389,0.285930211757252,-0.0416847590099869,f1
sbm_density_matched__601a69618f__i02__noisy__t00__p41001,sbm_density_matched__601a69618f__i02,sbm_density_matched,sbm_density_matched__601a69618f,sbm_density_matched__601a69618f__i02__noisy__t00,noisy,1715801174,41001,0.9582608695652174,0.6807095343680709,0.8957881024750325,0.8957881024750325,0.25,0.25,-0.2775513351971465,0.2150785681069615,-0.0624727670901849,f1
sbm_density_matched__601a69618f__i02__noisy__t01__p41000,sbm_density_matched__601a69618f__i02,sbm_density_matched,sbm_density_matched__601a69618f,sbm_density_matched__601a69618f__i02__noisy__t01,noisy,152286832,41000,0.9372549019607844,0.7495652173913043,0.9374728614850196,0.9374728614850196,0.25,0.25,-0.18768968456948,0.1879076440937153,0.0002179595242353,f1
sbm_density_matched__601a69618f__i02__noisy__t01__p41001,sbm_density_matched__601a69618f__i02,sbm_density_matched,sbm_density_matched__601a69618f,sbm_density_matched__601a69618f__i02__noisy__t01,noisy,152286832,41001,0.9374728614850196,0.7281045751633988,0.8535947712418301,0.8535947712418301,0.25,0.25,-0.2093682863216208,0.1254901960784313,-0.0838780902431894,f1
sbm_density_matched__601a69618f__i02__partial__t00__p41000,sbm_density_matched__601a69618f__i02,sbm_density_matched,sbm_density_matched__601a69618f,sbm_density_matched__601a69618f__i02__partial__t00,partial,1884044743,41000,1.0,0.8957881024750325,1.0,1.0,0.25,0.25,-0.1042118975249675,0.1042118975249675,0.0,f1
sbm_density_matched__601a69618f__i02__partial__t00__p41001,sbm_density_matched__601a69618f__i02,sbm_density_matched,sbm_density_matched__601a69618f,sbm_density_matched__601a69618f__i02__partial__t00,partial,1884044743,41001,1.0,0.8747826086956522,0.8747826086956522,0.9374728614850196,0.0,0.1,-0.1252173913043478,0.0626902527893674,-0.1252173913043478,f1
sbm_density_matched__601a69618f__i02__partial__t01__p41000,sbm_density_matched__601a69618f__i02,sbm_density_matched,sbm_density_matched__601a69618f,sbm_density_matched__601a69618f__i02__partial__t01,partial,1786143719,41000,1.0,0.8541033434650456,0.8541033434650456,0.9582608695652174,0.0,0.1,-0.1458966565349544,0.1041575261001718,-0.1458966565349544,f1
sbm_density_matched__601a69618f__i02__partial__t01__p41001,sbm_density_matched__601a69618f__i02,sbm_density_matched,sbm_density_matched__601a69618f,sbm_density_matched__601a69618f__i02__partial__t01,partial,1786143719,41001,1.0,0.8957881024750325,0.9165217391304348,0.9165217391304348,0.25,0.25,-0.1042118975249675,0.0207336366554022,-0.0834782608695652,f1
sbm_density_matched__601a69618f__i03__informative__t00__p41000,sbm_density_matched__601a69618f__i03,sbm_density_matched,sbm_density_matched__601a69618f,sbm_density_matched__601a69618f__i03__informative__t00,informative,467062844,41000,1.0,0.9791576204950064,0.9791576204950064,1.0,0.0,0.1,-0.0208423795049934,0.0208423795049934,-0.0208423795049934,f1
sbm_density_matched__601a69618f__i03__informative__t00__p41001,sbm_density_matched__601a69618f__i03,sbm_density_matched,sbm_density_matched__601a69618f,sbm_density_matched__601a69618f__i03__informative__t00,informative,467062844,41001,1.0,1.0,1.0,1.0,0.1,0.1,0.0,0.0,0.0,f1
sbm_density_matched__601a69618f__i03__informative__t01__p41000,sbm_density_matched__601a69618f__i03,sbm_density_matched,sbm_density_matched__601a69618f,sbm_density_matched__601a69618f__i03__informative__t01,informative,1665549567,41000,0.9791576204950064,1.0,0.9791576204950064,0.9791576204950064,0.1,0.1,0.0208423795049934,-0.0208423795049934,0.0,f1
sbm_density_matched__601a69618f__i03__informative__t01__p41001,sbm_density_matched__601a69618f__i03,sbm_density_matched,sbm_density_matched__601a69618f,sbm_density_matched__601a69618f__i03__informative__t01,informative,1665549567,41001,0.9582608695652174,0.9791576204950064,0.9791576204950064,1.0,0.0,0.1,0.0208967509297891,0.0208423795049934,0.0208967509297891,f1
sbm_density_matched__601a69618f__i03__noisy__t00__p41000,sbm_density_matched__601a69618f__i03,sbm_density_matched,sbm_density_matched__601a69618f,sbm_density_matched__601a69618f__i03__noisy__t00,noisy,288405372,41000,0.9582608695652174,0.7281045751633988,0.8321678321678322,0.8321678321678322,0.4,0.4,-0.2301562944018186,0.1040632570044334,-0.1260930373973852,f1
sbm_density_matched__601a69618f__i03__noisy__t00__p41001,sbm_density_matched__601a69618f__i03,sbm_density_matched,sbm_density_matched__601a69618f,sbm_density_matched__601a69618f__i03__noisy__t00,noisy,288405372,41001,0.9791576204950064,0.8124185844550587,0.8747826086956522,0.8747826086956522,0.55,0.55,-0.1667390360399478,0.0623640242405935,-0.1043750117993543,f1
sbm_density_matched__601a69618f__i03__noisy__t01__p41000,sbm_density_matched__601a69618f__i03,sbm_density_matched,sbm_density_matched__601a69618f,sbm_density_matched__601a69618f__i03__noisy__t01,noisy,867299573,41000,1.0,0.6873643074250977,0.9166666666666666,0.9166666666666666,0.55,0.55,-0.3126356925749023,0.2293023592415689,-0.0833333333333333,f1
sbm_density_matched__601a69618f__i03__noisy__t01__p41001,sbm_density_matched__601a69618f__i03,sbm_density_matched,sbm_density_matched__601a69618f,sbm_density_matched__601a69618f__i03__noisy__t01,noisy,867299573,41001,0.9583333333333334,0.8084257206208425,0.9583333333333334,0.9583333333333334,0.55,0.55,-0.1499076127124908,0.1499076127124908,0.0,f1
sbm_density_matched__601a69618f__i03__partial__t00__p41000,sbm_density_matched__601a69618f__i03,sbm_density_matched,sbm_density_matched__601a69618f,sbm_density_matched__601a69618f__i03__partial__t00,partial,1952184584,41000,1.0,0.9166666666666666,0.9583333333333334,0.9583333333333334,0.1,0.1,-0.0833333333333333,0.0416666666666667,-0.0416666666666666,f1
sbm_density_matched__601a69618f__i03__partial__t00__p41001,sbm_density_matched__601a69618f__i03,sbm_density_matched,sbm_density_matched__601a69618f,sbm_density_matched__601a69618f__i03__partial__t00,partial,1952184584,41001,0.9791576204950064,0.9791576204950064,0.9791576204950064,0.9791576204950064,0.1,0.1,0.0,0.0,0.0,f1
sbm_density_matched__601a69618f__i03__partial__t01__p41000,sbm_density_matched__601a69618f__i03,sbm_density_matched,sbm_density_matched__601a69618f,sbm_density_matched__601a69618f__i03__partial__t01,partial,1727677787,41000,0.9791576204950064,0.9372549019607844,0.9372549019607844,0.9582608695652174,0.0,0.1,-0.0419027185342222,0.021005967604433,-0.0419027185342222,f1
sbm_density_matched__601a69618f__i03__partial__t01__p41001,sbm_density_matched__601a69618f__i03,sbm_density_matched,sbm_density_matched__601a69618f,sbm_density_matched__601a69618f__i03__partial__t01,partial,1727677787,41001,1.0,0.9791576204950064,0.9791576204950064,0.9791576204950064,0.1,0.1,-0.0208423795049934,0.0,-0.0208423795049934,f1
sbm_density_matched__601a69618f__i04__informative__t00__p41000,sbm_density_matched__601a69618f__i04,sbm_density_matched,sbm_density_matched__601a69618f,sbm_density_matched__601a69618f__i04__informative__t00,informative,1302187768,41000,1.0,0.9583333333333334,0.9583333333333334,0.9582608695652174,0.0,0.1,-0.0416666666666666,-7.246376811598232e-05,-0.0416666666666666,f1
sbm_density_matched__601a69618f__i04__informative__t00__p41001,sbm_density_matched__601a69618f__i04,sbm_density_matched,sbm_density_matched__601a69618f,sbm_density_matched__601a69618f__i04__informative__t00,informative,1302187768,41001,1.0,0.9791576204950064,0.9791576204950064,0.9582608695652174,0.0,0.1,-0.0208423795049934,-0.0208967509297891,-0.0208423795049934,f1
sbm_density_matched__601a69618f__i04__informative__t01__p41000,sbm_density_matched__601a69618f__i04,sbm_density_matched,sbm_density_matched__601a69618f,sbm_density_matched__601a69618f__i04__informative__t01,informative,1233240280,41000,1.0,0.9791576204950064,0.9791576204950064,1.0,0.0,0.1,-0.0208423795049934,0.0208423795049934,-0.0208423795049934,f1
sbm_density_matched__601a69618f__i04__informative__t01__p41001,sbm_density_matched__601a69618f__i04,sbm_density_matched,sbm_density_matched__601a69618f,sbm_density_matched__601a69618f__i04__informative__t01,informative,1233240280,41001,0.9791576204950064,0.9582608695652174,0.9582608695652174,0.9582608695652174,0.0,0.1,-0.0208967509297891,0.0,-0.0208967509297891,f1
sbm_density_matched__601a69618f__i04__noisy__t00__p41000,sbm_density_matched__601a69618f__i04,sbm_density_matched,sbm_density_matched__601a69618f,sbm_density_matched__601a69618f__i04__noisy__t00,noisy,1784741039,41000,1.0,0.791304347826087,0.9165217391304348,0.9165217391304348,0.4,0.4,-0.2086956521739129,0.1252173913043477,-0.0834782608695652,f1
sbm_density_matched__601a69618f__i04__noisy__t00__p41001,sbm_density_matched__601a69618f__i04,sbm_density_matched,sbm_density_matched__601a69618f,sbm_density_matched__601a69618f__i04__noisy__t00,noisy,1784741039,41001,0.9582608695652174,0.6660869565217391,0.875,0.875,0.4,0.4,-0.2921739130434783,0.2089130434782609,-0.0832608695652173,f1
sbm_density_matched__601a69618f__i04__noisy__t01__p41000,sbm_density_matched__601a69618f__i04,sbm_density_matched,sbm_density_matched__601a69618f,sbm_density_matched__601a69618f__i04__noisy__t01,noisy,1161467354,41000,0.9791576204950064,0.8525669153137341,0.9374728614850196,0.9374728614850196,0.25,0.25,-0.1265907051812724,0.0849059461712855,-0.0416847590099869,f1
sbm_density_matched__601a69618f__i04__noisy__t01__p41001,sbm_density_matched__601a69618f__i04,sbm_density_matched,sbm_density_matched__601a69618f,sbm_density_matched__601a69618f__i04__noisy__t01,noisy,1161467354,41001,0.9582608695652174,0.7883597883597884,0.9372549019607844,0.9372549019607844,0.55,0.55,-0.169901081205429,0.1488951136009959,-0.021005967604433,f1
sbm_density_matched__601a69618f__i04__partial__t00__p41000,sbm_density_matched__601a69618f__i04,sbm_density_matched,sbm_density_matched__601a69618f,sbm_density_matched__601a69618f__i04__partial__t00,partial,2016881081,41000,1.0,0.9165217391304348,0.9583333333333334,0.9583333333333334,0.1,0.1,-0.0834782608695652,0.0418115942028985,-0.0416666666666666,f1
sbm_density_matched__601a69618f__i04__partial__t00__p41001,sbm_density_matched__601a69618f__i04,sbm_density_matched,sbm_density_matched__601a69618f,sbm_density_matched__601a69618f__i04__partial__t00,partial,2016881081,41001,0.9372549019607844,0.9582608695652174,0.9583333333333334,0.9583333333333334,0.1,0.1,0.021005967604433,7.246376811598232e-05,0.021078431372549,f1
sbm_density_matched__601a69618f__i04__partial__t01__p41000,sbm_density_matched__601a69618f__i04,sbm_density_matched,sbm_density_matched__601a69618f,sbm_density_matched__601a69618f__i04__partial__t01,partial,599968751,41000,1.0,0.9791576204950064,0.9791576204950064,0.9791576204950064,0.1,0.1,-0.0208423795049934,0.0,-0.0208423795049934,f1
sbm_density_matched__601a69618f__i04__partial__t01__p41001,sbm_density_matched__601a69618f__i04,sbm_density_matched,sbm_density_matched__601a69618f,sbm_density_matched__601a69618f__i04__partial__t01,partial,599968751,41001,1.0,0.8306878306878307,0.916083916083916,0.916083916083916,0.4,0.4,-0.1693121693121693,0.0853960853960853,-0.0839160839160839,f1
sbm_density_matched__6e7c1161fa__i00__informative__t00__p41000,sbm_density_matched__6e7c1161fa__i00,sbm_density_matched,sbm_density_matched__6e7c1161fa,sbm_density_matched__6e7c1161fa__i00__informative__t00,informative,163730957,41000,0.9583333333333334,0.9372549019607844,0.9372549019607844,0.9583333333333334,0.0,0.1,-0.021078431372549,0.021078431372549,-0.021078431372549,f1
sbm_density_matched__6e7c1161fa__i00__informative__t00__p41001,sbm_density_matched__6e7c1161fa__i00,sbm_density_matched,sbm_density_matched__6e7c1161fa,sbm_density_matched__6e7c1161fa__i00__informative__t00,informative,163730957,41001,0.9583333333333334,0.8541033434650456,0.8541033434650456,0.9374728614850196,0.0,0.1,-0.1042299898682878,0.083369518019974,-0.1042299898682878,f1
sbm_density_matched__6e7c1161fa__i00__informative__t01__p41000,sbm_density_matched__6e7c1161fa__i00,sbm_density_matched,sbm_density_matched__6e7c1161fa,sbm_density_matched__6e7c1161fa__i00__informative__t01,informative,1233456311,41000,0.9791576204950064,0.9374728614850196,0.9583333333333334,0.9583333333333334,0.4,0.4,-0.0416847590099869,0.0208604718483137,-0.0208242871616731,f1
sbm_density_matched__6e7c1161fa__i00__informative__t01__p41001,sbm_density_matched__6e7c1161fa__i00,sbm_density_matched,sbm_density_matched__6e7c1161fa,sbm_density_matched__6e7c1161fa__i00__informative__t01,informative,1233456311,41001,0.9583333333333334,0.8957881024750325,0.9374728614850196,0.9374728614850196,0.1,0.1,-0.0625452308583008,0.0416847590099871,-0.0208604718483137,f1
sbm_density_matched__6e7c1161fa__i00__noisy__t00__p41000,sbm_density_matched__6e7c1161fa__i00,sbm_density_matched,sbm_density_matched__6e7c1161fa,sbm_density_matched__6e7c1161fa__i00__noisy__t00,noisy,2057734632,41000,0.8321678321678322,0.7482517482517483,0.7707338254450716,0.7707338254450716,0.1,0.1,-0.0839160839160838,0.0224820771933232,-0.0614340067227605,f1
sbm_density_matched__6e7c1161fa__i00__noisy__t00__p41001,sbm_density_matched__6e7c1161fa__i00,sbm_density_matched,sbm_density_matched__6e7c1161fa,sbm_density_matched__6e7c1161fa__i00__noisy__t00,noisy,2057734632,41001,0.9166666666666666,0.7083333333333334,0.7683194383501536,0.7683194383501536,0.55,0.55,-0.2083333333333332,0.0599861050168202,-0.148347228316513,f1
sbm_density_matched__6e7c1161fa__i00__noisy__t01__p41000,sbm_density_matched__6e7c1161fa__i00,sbm_density_matched,sbm_density_matched__6e7c1161fa,sbm_density_matched__6e7c1161fa__i00__noisy__t01,noisy,1448681758,41000,0.875,0.6190476190476191,0.7062937062937062,0.7062937062937062,0.55,0.55,-0.2559523809523809,0.0872460872460871,-0.1687062937062937,f1
sbm_density_matched__6e7c1161fa__i00__noisy__t01__p41001,sbm_density_matched__6e7c1161fa__i00,sbm_density_matched,sbm_density_matched__6e7c1161fa,sbm_density_matched__6e7c1161fa__i00__noisy__t01,noisy,1448681758,41001,0.8124185844550587,0.6515426497277677,0.6381374722838138,0.6381374722838138,0.25,0.25,-0.160875934727291,-0.0134051774439538,-0.1742811121712448,f1
sbm_density_matched__6e7c1161fa__i00__partial__t00__p41000,sbm_density_matched__6e7c1161fa__i00,sbm_density_matched,sbm_density_matched__6e7c1161fa,sbm_density_matched__6e7c1161fa__i00__partial__t00,partial,630158786,41000,0.9583333333333334,0.8321678321678322,0.8321678321678322,0.8333333333333334,0.0,0.1,-0.1261655011655011,0.0011655011655011,-0.1261655011655011,f1
sbm_density_matched__6e7c1161fa__i00__partial__t00__p41001,sbm_density_matched__6e7c1161fa__i00,sbm_density_matched,sbm_density_matched__6e7c1161fa,sbm_density_matched__6e7c1161fa__i00__partial__t00,partial,630158786,41001,0.8747826086956522,0.8084257206208425,0.8124185844550587,0.8124185844550587,0.25,0.25,-0.0663568880748096,0.0039928638342161,-0.0623640242405935,f1
sbm_density_matched__6e7c1161fa__i00__partial__t01__p41000,sbm_density_matched__6e7c1161fa__i00,sbm_density_matched,sbm_density_matched__6e7c1161fa,sbm_density_matched__6e7c1161fa__i00__partial__t01,partial,482623093,41000,0.8946906537955244,0.75,0.8321678321678322,0.8321678321678322,0.55,0.55,-0.1446906537955243,0.0821678321678321,-0.0625228216276921,f1
sbm_density_matched__6e7c1161fa__i00__partial__t01__p41001,sbm_density_matched__6e7c1161fa__i00,sbm_density_matched,sbm_density_matched__6e7c1161fa,sbm_density_matched__6e7c1161fa__i00__partial__t01,partial,482623093,41001,0.9165217391304348,0.8084257206208425,0.8084257206208425,0.8306878306878307,0.0,0.25,-0.1080960185095922,0.0222621100669881,-0.1080960185095922,f1
sbm_density_matched__6e7c1161fa__i01__informative__t00__p41000,sbm_density_matched__6e7c1161fa__i01,sbm_density_matched,sbm_density_matched__6e7c1161fa,sbm_density_matched__6e7c1161fa__i01__informative__t00,informative,174306108,41000,1.0,0.9791576204950064,0.9582608695652174,0.9582608695652174,0.25,0.25,-0.0208423795049934,-0.0208967509297891,-0.0417391304347826,f1
sbm_density_matched__6e7c1161fa__i01__informative__t00__p41001,sbm_density_matched__6e7c1161fa__i01,sbm_density_matched,sbm_density_matched__6e7c1161fa,sbm_density_matched__6e7c1161fa__i01__informative__t00,informative,174306108,41001,0.8946906537955244,0.9582608695652174,0.9582608695652174,0.9582608695652174,0.0,0.1,0.063570215769693,0.0,0.063570215769693,f1
sbm_density_matched__6e7c1161fa__i01__informative__t01__p41000,sbm_density_matched__6e7c1161fa__i01,sbm_density_matched,sbm_density_matched__6e7c1161fa,sbm_density_matched__6e7c1161fa__i01__informative__t01,informative,877291287,41000,1.0,0.9791576204950064,0.9583333333333334,0.9583333333333334,0.55,0.55,-0.0208423795049934,-0.0208242871616731,-0.0416666666666666,f1
sbm_density_matched__6e7c1161fa__i01__informative__t01__p41001,sbm_density_matched__6e7c1161fa__i01,sbm_density_matched,sbm_density_matched__6e7c1161fa,sbm_density_matched__6e7c1161fa__i01__informative__t01,informative,877291287,41001,0.9372549019607844,1.0,1.0,1.0,0.0,0.1,0.0627450980392156,0.0,0.0627450980392156,f1
sbm_density_matched__6e7c1161fa__i01__noisy__t00__p41000,sbm_density_matched__6e7c1161fa__i01,sbm_density_matched,sbm_density_matched__6e7c1161fa,sbm_density_matched__6e7c1161fa__i01__noisy__t00,noisy,661901534,41000,0.8957881024750325,0.6381374722838138,0.8104431768319438,0.8104431768319438,0.25,0.25,-0.2576506301912187,0.17230570454813,-0.0853449256430887,f1
sbm_density_matched__6e7c1161fa__i01__noisy__t00__p41001,sbm_density_matched__6e7c1161fa__i01,sbm_density_matched,sbm_density_matched__6e7c1161fa,sbm_density_matched__6e7c1161fa__i01__noisy__t00,noisy,661901534,41001,0.8946906537955244,0.7037037037037037,0.8541033434650456,0.8541033434650456,0.55,0.55,-0.1909869500918206,0.1503996397613418,-0.0405873103304788,f1
sbm_density_matched__6e7c1161fa__i01__noisy__t01__p41000,sbm_density_matched__6e7c1161fa__i01,sbm_density_matched,sbm_density_matched__6e7c1161fa,sbm_density_matched__6e7c1161fa__i01__noisy__t01,noisy,928530386,41000,0.8747826086956522,0.7083333333333334,0.7261956998683634,0.7261956998683634,0.4,0.4,-0.1664492753623188,0.01786236653503,-0.1485869088272887,f1
sbm_density_matched__6e7c1161fa__i01__noisy__t01__p41001,sbm_density_matched__6e7c1161fa__i01,sbm_density_matched,sbm_density_matched__6e7c1161fa,sbm_density_matched__6e7c1161fa__i01__noisy__t01,noisy,928530386,41001,0.8957881024750325,0.6660869565217391,0.8321678321678322,0.8321678321678322,0.55,0.55,-0.2297011459532933,0.166080875646093,-0.0636202703072003,f1
sbm_density_matched__6e7c1161fa__i01__partial__t00__p41000,sbm_density_matched__6e7c1161fa__i01,sbm_density_matched,sbm_density_matched__6e7c1161fa,sbm_density_matched__6e7c1161fa__i01__partial__t00,partial,1525419157,41000,0.9583333333333334,0.8747826086956522,0.8954248366013071,0.8954248366013071,0.25,0.25,-0.0835507246376812,0.0206422279056549,-0.0629084967320262,f1
sbm_density_matched__6e7c1161fa__i01__partial__t00__p41001,sbm_density_matched__6e7c1161fa__i01,sbm_density_matched,sbm_density_matched__6e7c1161fa,sbm_density_matched__6e7c1161fa__i01__partial__t00,partial,1525419157,41001,0.9166666666666666,0.7883597883597884,0.7883597883597884,0.791304347826087,0.0,0.1,-0.1283068783068782,0.0029445594662986,-0.1283068783068782,f1
sbm_density_matched__6e7c1161fa__i01__partial__t01__p41000,sbm_density_matched__6e7c1161fa__i01,sbm_density_matched,sbm_density_matched__6e7c1161fa,sbm_density_matched__6e7c1161fa__i01__partial__t01,partial,972191832,41000,0.9374728614850196,0.7916666666666666,0.8535947712418301,0.8535947712418301,0.4,0.4,-0.145806194818353,0.0619281045751635,-0.0838780902431894,f1
sbm_density_matched__6e7c1161fa__i01__partial__t01__p41001,sbm_density_matched__6e7c1161fa__i01,sbm_density_matched,sbm_density_matched__6e7c1161fa,sbm_density_matched__6e7c1161fa__i01__partial__t01,partial,972191832,41001,0.9374728614850196,0.8954248366013071,0.9374728614850196,0.9374728614850196,0.25,0.25,-0.0420480248837125,0.0420480248837125,0.0,f1
sbm_density_matched__6e7c1161fa__i02__informative__t00__p41000,sbm_density_matched__6e7c1161fa__i02,sbm_density_matched,sbm_density_matched__6e7c1161fa,sbm_density_matched__6e7c1161fa__i02__informative__t00,informative,247694280,41000,0.9582608695652174,0.9374728614850196,0.9374728614850196,0.9374728614850196,0.1,0.1,-0.0207880080801977,0.0,-0.0207880080801977,f1
sbm_density_matched__6e7c1161fa__i02__informative__t00__p41001,sbm_density_matched__6e7c1161fa__i02,sbm_density_matched,sbm_density_matched__6e7c1161fa,sbm_density_matched__6e7c1161fa__i02__informative__t00,informative,247694280,41001,0.916083916083916,0.916083916083916,0.9374728614850196,0.9374728614850196,0.25,0.25,0.0,0.0213889454011035,0.0213889454011035,f1
sbm_density_matched__6e7c1161fa__i02__informative__t01__p41000,sbm_density_matched__6e7c1161fa__i02,sbm_density_matched,sbm_density_matched__6e7c1161fa,sbm_density_matched__6e7c1161fa__i02__informative__t01,informative,1143685949,41000,0.9791576204950064,0.8954248366013071,0.8954248366013071,0.8954248366013071,0.1,0.1,-0.0837327838936994,0.0,-0.0837327838936994,f1
sbm_density_matched__6e7c1161fa__i02__informative__t01__p41001,sbm_density_matched__6e7c1161fa__i02,sbm_density_matched,sbm_density_matched__6e7c1161fa,sbm_density_matched__6e7c1161fa__i02__informative__t01,informative,1143685949,41001,0.9583333333333334,0.8741258741258742,0.8957881024750325,0.8957881024750325,0.1,0.1,-0.0842074592074592,0.0216622283491583,-0.0625452308583008,f1
sbm_density_matched__6e7c1161fa__i02__noisy__t00__p41000,sbm_density_matched__6e7c1161fa__i02,sbm_density_matched,sbm_density_matched__6e7c1161fa,sbm_density_matched__6e7c1161fa__i02__noisy__t00,noisy,1097742044,41000,0.9165217391304348,0.75,0.8117647058823529,0.8117647058823529,0.25,0.25,-0.1665217391304347,0.0617647058823529,-0.1047570332480818,f1
sbm_density_matched__6e7c1161fa__i02__noisy__t00__p41001,sbm_density_matched__6e7c1161fa__i02,sbm_density_matched,sbm_density_matched__6e7c1161fa,sbm_density_matched__6e7c1161fa__i02__noisy__t00,noisy,1097742044,41001,0.875,0.6666666666666666,0.7699346405228757,0.7699346405228757,0.55,0.55,-0.2083333333333333,0.1032679738562091,-0.1050653594771242,f1
sbm_density_matched__6e7c1161fa__i02__noisy__t01__p41000,sbm_density_matched__6e7c1161fa__i02,sbm_density_matched,sbm_density_matched__6e7c1161fa,sbm_density_matched__6e7c1161fa__i02__noisy__t01,noisy,1627331924,41000,0.8330434782608696,0.5607843137254902,0.5529933481152993,0.5529933481152993,0.55,0.55,-0.2722591645353793,-0.0077909656101908,-0.2800501301455702,f1
sbm_density_matched__6e7c1161fa__i02__noisy__t01__p41001,sbm_density_matched__6e7c1161fa__i02,sbm_density_matched,sbm_density_matched__6e7c1161fa,sbm_density_matched__6e7c1161fa__i02__noisy__t01,noisy,1627331924,41001,0.8124185844550587,0.6039947894051237,0.6862745098039216,0.6862745098039216,0.4,0.4,-0.2084237950499349,0.0822797203987978,-0.126144074651137,f1
sbm_density_matched__6e7c1161fa__i02__partial__t00__p41000,sbm_density_matched__6e7c1161fa__i02,sbm_density_matched,sbm_density_matched__6e7c1161fa,sbm_density_matched__6e7c1161fa__i02__partial__t00,partial,2145250923,41000,0.9165217391304348,0.7707338254450716,0.8333333333333334,0.8333333333333334,0.25,0.25,-0.1457879136853631,0.0625995078882617,-0.0831884057971014,f1
sbm_density_matched__6e7c1161fa__i02__partial__t00__p41001,sbm_density_matched__6e7c1161fa__i02,sbm_density_matched,sbm_density_matched__6e7c1161fa,sbm_density_matched__6e7c1161fa__i02__partial__t00,partial,2145250923,41001,0.9374728614850196,0.791304347826087,0.8741258741258742,0.8741258741258742,0.55,0.55,-0.1461685136589325,0.0828215262997871,-0.0633469873591454,f1
sbm_density_matched__6e7c1161fa__i02__partial__t01__p41000,sbm_density_matched__6e7c1161fa__i02,sbm_density_matched,sbm_density_matched__6e7c1161fa,sbm_density_matched__6e7c1161fa__i02__partial__t01,partial,517091454,41000,0.8957881024750325,0.7083333333333334,0.8333333333333334,0.8333333333333334,0.25,0.25,-0.1874547691416991,0.125,-0.0624547691416991,f1
sbm_density_matched__6e7c1161fa__i02__partial__t01__p41001,sbm_density_matched__6e7c1161fa__i02,sbm_density_matched,sbm_density_matched__6e7c1161fa,sbm_density_matched__6e7c1161fa__i02__partial__t01,partial,517091454,41001,0.8946906537955244,0.7916666666666666,0.8084257206208425,0.8084257206208425,0.55,0.55,-0.1030239871288577,0.0167590539541758,-0.0862649331746818,f1
sbm_density_matched__6e7c1161fa__i03__informative__t00__p41000,sbm_density_matched__6e7c1161fa__i03,sbm_density_matched,sbm_density_matched__6e7c1161fa,sbm_density_matched__6e7c1161fa__i03__informative__t00,informative,795130567,41000,0.9791576204950064,0.8957881024750325,0.9166666666666666,0.9166666666666666,0.4,0.4,-0.083369518019974,0.0208785641916341,-0.0624909538283399,f1
sbm_density_matched__6e7c1161fa__i03__informative__t00__p41001,sbm_density_matched__6e7c1161fa__i03,sbm_density_matched,sbm_density_matched__6e7c1161fa,sbm_density_matched__6e7c1161fa__i03__informative__t00,informative,795130567,41001,0.9791576204950064,0.9166666666666666,0.9374728614850196,0.9374728614850196,0.4,0.4,-0.0624909538283399,0.0208061948183529,-0.0416847590099869,f1
sbm_density_matched__6e7c1161fa__i03__informative__t01__p41000,sbm_density_matched__6e7c1161fa__i03,sbm_density_matched,sbm_density_matched__6e7c1161fa,sbm_density_matched__6e7c1161fa__i03__informative__t01,informative,1248371879,41000,0.9791576204950064,0.916083916083916,0.9791576204950064,0.9791576204950064,0.25,0.25,-0.0630737044110905,0.0630737044110905,0.0,f1
sbm_density_matched__6e7c1161fa__i03__informative__t01__p41001,sbm_density_matched__6e7c1161fa__i03,sbm_density_matched,sbm_density_matched__6e7c1161fa,sbm_density_matched__6e7c1161fa__i03__informative__t01,informative,1248371879,41001,0.916083916083916,0.9372549019607844,0.9791576204950064,0.9791576204950064,0.55,0.55,0.0211709858768682,0.0419027185342222,0.0630737044110905,f1
sbm_density_matched__6e7c1161fa__i03__noisy__t00__p41000,sbm_density_matched__6e7c1161fa__i03,sbm_density_matched,sbm_density_matched__6e7c1161fa,sbm_density_matched__6e7c1161fa__i03__noisy__t00,noisy,1120047386,41000,0.9165217391304348,0.7281045751633988,0.7699346405228757,0.7699346405228757,0.1,0.1,-0.188417163967036,0.0418300653594769,-0.146587098607559,f1
sbm_density_matched__6e7c1161fa__i03__noisy__t00__p41001,sbm_density_matched__6e7c1161fa__i03,sbm_density_matched,sbm_density_matched__6e7c1161fa,sbm_density_matched__6e7c1161fa__i03__noisy__t00,noisy,1120047386,41001,0.8330434782608696,0.5955654101995566,0.7495652173913043,0.7495652173913043,0.4,0.4,-0.237478068061313,0.1539998071917477,-0.0834782608695652,f1
sbm_density_matched__6e7c1161fa__i03__noisy__t01__p41000,sbm_density_matched__6e7c1161fa__i03,sbm_density_matched,sbm_density_matched__6e7c1161fa,sbm_density_matched__6e7c1161fa__i03__noisy__t01,noisy,376706654,41000,0.875,0.75,0.7482517482517483,0.7482517482517483,0.4,0.4,-0.125,-0.0017482517482516,-0.1267482517482516,f1
sbm_density_matched__6e7c1161fa__i03__noisy__t01__p41001,sbm_density_matched__6e7c1161fa__i03,sbm_density_matched,sbm_density_matched__6e7c1161fa,sbm_density_matched__6e7c1161fa__i03__noisy__t01,noisy,376706654,41001,0.8957881024750325,0.5826086956521739,0.8104431768319438,0.8104431768319438,0.55,0.55,-0.3131794068228586,0.2278344811797699,-0.0853449256430887,f1
sbm_density_matched__6e7c1161fa__i03__partial__t00__p41000,sbm_density_matched__6e7c1161fa__i03,sbm_density_matched,sbm_density_matched__6e7c1161fa,sbm_density_matched__6e7c1161fa__i03__partial__t00,partial,109265313,41000,0.916083916083916,0.8957881024750325,0.8321678321678322,0.8321678321678322,0.25,0.25,-0.0202958136088835,-0.0636202703072003,-0.0839160839160838,f1
sbm_density_matched__6e7c1161fa__i03__partial__t00__p41001,sbm_density_matched__6e7c1161fa__i03,sbm_density_matched,sbm_density_matched__6e7c1161fa,sbm_density_matched__6e7c1161fa__i03__partial__t00,partial,109265313,41001,0.9166666666666666,0.7883597883597884,0.8117647058823529,0.8117647058823529,0.25,0.25,-0.1283068783068782,0.0234049175225645,-0.1049019607843136,f1
sbm_density_matched__6e7c1161fa__i03__partial__t01__p41000,sbm_density_matched__6e7c1161fa__i03,sbm_density_matched,sbm_density_matched__6e7c1161fa,sbm_density_matched__6e7c1161fa__i03__partial__t01,partial,791620054,41000,0.9583333333333334,0.8957881024750325,0.9583333333333334,0.9583333333333334,0.25,0.25,-0.0625452308583008,0.0625452308583008,0.0,f1
sbm_density_matched__6e7c1161fa__i03__partial__t01__p41001,sbm_density_matched__6e7c1161fa__i03,sbm_density_matched,sbm_density_matched__6e7c1161fa,sbm_density_matched__6e7c1161fa__i03__partial__t01,partial,791620054,41001,0.9374728614850196,0.791304347826087,0.9166666666666666,0.9166666666666666,0.55,0.55,-0.1461685136589325,0.1253623188405795,-0.0208061948183529,f1
sbm_density_matched__6e7c1161fa__i04__informative__t00__p41000,sbm_density_matched__6e7c1161fa__i04,sbm_density_matched,sbm_density_matched__6e7c1161fa,sbm_density_matched__6e7c1161fa__i04__informative__t00,informative,405542561,41000,0.9583333333333334,0.9582608695652174,0.9582608695652174,0.9372549019607844,0.0,0.1,-7.246376811598232e-05,-0.021005967604433,-7.246376811598232e-05,f1
sbm_density_matched__6e7c1161fa__i04__informative__t00__p41001,sbm_density_matched__6e7c1161fa__i04,sbm_density_matched,sbm_density_matched__6e7c1161fa,sbm_density_matched__6e7c1161fa__i04__informative__t00,informative,405542561,41001,0.9791576204950064,0.9583333333333334,0.9583333333333334,0.9791576204950064,0.0,0.25,-0.0208242871616731,0.0208242871616731,-0.0208242871616731,f1
sbm_density_matched__6e7c1161fa__i04__informative__t01__p41000,sbm_density_matched__6e7c1161fa__i04,sbm_density_matched,sbm_density_matched__6e7c1161fa,sbm_density_matched__6e7c1161fa__i04__informative__t01,informative,978895475,41000,0.9583333333333334,0.9374728614850196,0.9374728614850196,0.9374728614850196,0.1,0.1,-0.0208604718483137,0.0,-0.0208604718483137,f1
sbm_density_matched__6e7c1161fa__i04__informative__t01__p41001,sbm_density_matched__6e7c1161fa__i04,sbm_density_matched,sbm_density_matched__6e7c1161fa,sbm_density_matched__6e7c1161fa__i04__informative__t01,informative,978895475,41001,0.9791576204950064,0.9582608695652174,0.9582608695652174,0.9582608695652174,0.25,0.25,-0.0208967509297891,0.0,-0.0208967509297891,f1
sbm_density_matched__6e7c1161fa__i04__noisy__t00__p41000,sbm_density_matched__6e7c1161fa__i04,sbm_density_matched,sbm_density_matched__6e7c1161fa,sbm_density_matched__6e7c1161fa__i04__noisy__t00,noisy,337383642,41000,0.8117647058823529,0.6807095343680709,0.7261956998683634,0.7261956998683634,0.55,0.55,-0.131055171514282,0.0454861655002925,-0.0855690060139895,f1
sbm_density_matched__6e7c1161fa__i04__noisy__t00__p41001,sbm_density_matched__6e7c1161fa__i04,sbm_density_matched,sbm_density_matched__6e7c1161fa,sbm_density_matched__6e7c1161fa__i04__noisy__t00,noisy,337383642,41001,0.9165217391304348,0.7495652173913043,0.791304347826087,0.791304347826087,0.4,0.4,-0.1669565217391304,0.0417391304347827,-0.1252173913043477,f1
sbm_density_matched__6e7c1161fa__i04__noisy__t01__p41000,sbm_density_matched__6e7c1161fa__i04,sbm_density_matched,sbm_density_matched__6e7c1161fa,sbm_density_matched__6e7c1161fa__i04__noisy__t01,noisy,287228518,41000,0.8954248366013071,0.8535947712418301,0.8535947712418301,0.8946906537955244,0.0,0.25,-0.0418300653594769,0.0410958825536942,-0.0418300653594769,f1
sbm_density_matched__6e7c1161fa__i04__noisy__t01__p41001,sbm_density_matched__6e7c1161fa__i04,sbm_density_matched,sbm_density_matched__6e7c1161fa,sbm_density_matched__6e7c1161fa__i04__noisy__t01,noisy,287228518,41001,0.9166666666666666,0.7281045751633988,0.8330434782608696,0.8330434782608696,0.55,0.55,-0.1885620915032678,0.1049389030974707,-0.083623188405797,f1
sbm_density_matched__6e7c1161fa__i04__partial__t00__p41000,sbm_density_matched__6e7c1161fa__i04,sbm_density_matched,sbm_density_matched__6e7c1161fa,sbm_density_matched__6e7c1161fa__i04__partial__t00,partial,387690743,41000,0.9583333333333334,0.9374728614850196,0.8747826086956522,0.8747826086956522,0.55,0.55,-0.0208604718483137,-0.0626902527893674,-0.0835507246376812,f1
sbm_density_matched__6e7c1161fa__i04__partial__t00__p41001,sbm_density_matched__6e7c1161fa__i04,sbm_density_matched,sbm_density_matched__6e7c1161fa,sbm_density_matched__6e7c1161fa__i04__partial__t00,partial,387690743,41001,0.916083916083916,0.8541033434650456,0.9165217391304348,0.9165217391304348,0.55,0.55,-0.0619805726188704,0.0624183956653892,0.0004378230465187,f1
sbm_density_matched__6e7c1161fa__i04__partial__t01__p41000,sbm_density_matched__6e7c1161fa__i04,sbm_density_matched,sbm_density_matched__6e7c1161fa,sbm_density_matched__6e7c1161fa__i04__partial__t01,partial,1084915166,41000,0.9372549019607844,0.9374728614850196,0.8957881024750325,0.8957881024750325,0.55,0.55,0.0002179595242353,-0.0416847590099871,-0.0414667994857518,f1
sbm_density_matched__6e7c1161fa__i04__partial__t01__p41001,sbm_density_matched__6e7c1161fa__i04,sbm_density_matched,sbm_density_matched__6e7c1161fa,sbm_density_matched__6e7c1161fa__i04__partial__t01,partial,1084915166,41001,0.9582608695652174,0.8957881024750325,0.9166666666666666,0.9166666666666666,0.25,0.25,-0.0624727670901849,0.0208785641916341,-0.0415942028985507,f1
sbm_density_matched__76b1ae6b41__i00__informative__t00__p41000,sbm_density_matched__76b1ae6b41__i00,sbm_density_matched,sbm_density_matched__76b1ae6b41,sbm_density_matched__76b1ae6b41__i00__informative__t00,informative,480280121,41000,0.9791576204950064,0.9583333333333334,0.9374728614850196,0.9374728614850196,0.1,0.1,-0.0208242871616731,-0.0208604718483137,-0.0416847590099869,f1
sbm_density_matched__76b1ae6b41__i00__informative__t00__p41001,sbm_density_matched__76b1ae6b41__i00,sbm_density_matched,sbm_density_matched__76b1ae6b41,sbm_density_matched__76b1ae6b41__i00__informative__t00,informative,480280121,41001,1.0,0.9791576204950064,0.9791576204950064,0.9583333333333334,0.0,0.1,-0.0208423795049934,-0.0208242871616731,-0.0208423795049934,f1
sbm_density_matched__76b1ae6b41__i00__informative__t01__p41000,sbm_density_matched__76b1ae6b41__i00,sbm_density_matched,sbm_density_matched__76b1ae6b41,sbm_density_matched__76b1ae6b41__i00__informative__t01,informative,1270109523,41000,0.916083916083916,0.9791576204950064,0.9791576204950064,0.9791576204950064,0.0,0.1,0.0630737044110905,0.0,0.0630737044110905,f1
sbm_density_matched__76b1ae6b41__i00__informative__t01__p41001,sbm_density_matched__76b1ae6b41__i00,sbm_density_matched,sbm_density_matched__76b1ae6b41,sbm_density_matched__76b1ae6b41__i00__informative__t01,informative,1270109523,41001,0.9582608695652174,0.9165217391304348,0.9165217391304348,0.9165217391304348,0.4,0.4,-0.0417391304347826,0.0,-0.0417391304347826,f1
sbm_density_matched__76b1ae6b41__i00__noisy__t00__p41000,sbm_density_matched__76b1ae6b41__i00,sbm_density_matched,sbm_density_matched__76b1ae6b41,sbm_density_matched__76b1ae6b41__i00__noisy__t00,noisy,241647158,41000,0.8747826086956522,0.7078260869565217,0.7078260869565217,0.7078260869565217,0.1,0.1,-0.1669565217391304,0.0,-0.1669565217391304,f1
sbm_density_matched__76b1ae6b41__i00__noisy__t00__p41001,sbm_density_matched__76b1ae6b41__i00,sbm_density_matched,sbm_density_matched__76b1ae6b41,sbm_density_matched__76b1ae6b41__i00__noisy__t00,noisy,241647158,41001,0.9374728614850196,0.7495652173913043,0.8541033434650456,0.8541033434650456,0.4,0.4,-0.1879076440937153,0.1045381260737412,-0.083369518019974,f1
sbm_density_matched__76b1ae6b41__i00__noisy__t01__p41000,sbm_density_matched__76b1ae6b41__i00,sbm_density_matched,sbm_density_matched__76b1ae6b41,sbm_density_matched__76b1ae6b41__i00__noisy__t01,noisy,207868421,41000,0.875,0.6643356643356644,0.8541033434650456,0.8541033434650456,0.55,0.55,-0.2106643356643356,0.1897676791293812,-0.0208966565349544,f1
sbm_density_matched__76b1ae6b41__i00__noisy__t01__p41001,sbm_density_matched__76b1ae6b41__i00,sbm_density_matched,sbm_density_matched__76b1ae6b41,sbm_density_matched__76b1ae6b41__i00__noisy__t01,noisy,207868421,41001,0.9583333333333334,0.8747826086956522,0.9166666666666666,0.9166666666666666,0.4,0.4,-0.0835507246376812,0.0418840579710144,-0.0416666666666667,f1
sbm_density_matched__76b1ae6b41__i00__partial__t00__p41000,sbm_density_matched__76b1ae6b41__i00,sbm_density_matched,sbm_density_matched__76b1ae6b41,sbm_density_matched__76b1ae6b41__i00__partial__t00,partial,917546994,41000,0.873015873015873,0.8056680161943319,0.9166666666666666,0.9166666666666666,0.4,0.4,-0.0673478568215411,0.1109986504723347,0.0436507936507936,f1
sbm_density_matched__76b1ae6b41__i00__partial__t00__p41001,sbm_density_matched__76b1ae6b41__i00,sbm_density_matched,sbm_density_matched__76b1ae6b41,sbm_density_matched__76b1ae6b41__i00__partial__t00,partial,917546994,41001,0.9583333333333334,0.8541033434650456,0.9166666666666666,0.9166666666666666,0.4,0.4,-0.1042299898682878,0.062563323201621,-0.0416666666666667,f1
sbm_density_matched__76b1ae6b41__i00__partial__t01__p41000,sbm_density_matched__76b1ae6b41__i00,sbm_density_matched,sbm_density_matched__76b1ae6b41,sbm_density_matched__76b1ae6b41__i00__partial__t01,partial,1884373424,41000,0.8535947712418301,0.7482517482517483,0.8954248366013071,0.8954248366013071,0.55,0.55,-0.1053430229900818,0.1471730883495587,0.0418300653594769,f1
sbm_density_matched__76b1ae6b41__i00__partial__t01__p41001,sbm_density_matched__76b1ae6b41__i00,sbm_density_matched,sbm_density_matched__76b1ae6b41,sbm_density_matched__76b1ae6b41__i00__partial__t01,partial,1884373424,41001,0.8954248366013071,0.7482517482517483,0.8333333333333334,0.8333333333333334,0.4,0.4,-0.1471730883495587,0.085081585081585,-0.0620915032679737,f1
sbm_density_matched__76b1ae6b41__i01__informative__t00__p41000,sbm_density_matched__76b1ae6b41__i01,sbm_density_matched,sbm_density_matched__76b1ae6b41,sbm_density_matched__76b1ae6b41__i01__informative__t00,informative,1291776355,41000,0.9583333333333334,0.9583333333333334,0.9583333333333334,0.9791576204950064,0.0,0.25,0.0,0.0208242871616731,0.0,f1
sbm_density_matched__76b1ae6b41__i01__informative__t00__p41001,sbm_density_matched__76b1ae6b41__i01,sbm_density_matched,sbm_density_matched__76b1ae6b41,sbm_density_matched__76b1ae6b41__i01__informative__t00,informative,1291776355,41001,0.9791576204950064,0.9791576204950064,0.9791576204950064,0.9791576204950064,0.4,0.4,0.0,0.0,0.0,f1
sbm_density_matched__76b1ae6b41__i01__informative__t01__p41000,sbm_density_matched__76b1ae6b41__i01,sbm_density_matched,sbm_density_matched__76b1ae6b41,sbm_density_matched__76b1ae6b41__i01__informative__t01,informative,570246459,41000,0.9374728614850196,0.9374728614850196,0.9374728614850196,0.9374728614850196,0.0,0.1,0.0,0.0,0.0,f1
sbm_density_matched__76b1ae6b41__i01__informative__t01__p41001,sbm_density_matched__76b1ae6b41__i01,sbm_density_matched,sbm_density_matched__76b1ae6b41,sbm_density_matched__76b1ae6b41__i01__informative__t01,informative,570246459,41001,0.9374728614850196,0.8957881024750325,0.9582608695652174,0.9582608695652174,0.1,0.1,-0.0416847590099871,0.0624727670901849,0.0207880080801977,f1
sbm_density_matched__76b1ae6b41__i01__noisy__t00__p41000,sbm_density_matched__76b1ae6b41__i01,sbm_density_matched,sbm_density_matched__76b1ae6b41,sbm_density_matched__76b1ae6b41__i01__noisy__t00,noisy,1261542906,41000,0.8747826086956522,0.7699346405228757,0.7707338254450716,0.7707338254450716,0.25,0.25,-0.1048479681727764,0.0007991849221958,-0.1040487832505805,f1
sbm_density_matched__76b1ae6b41__i01__noisy__t00__p41001,sbm_density_matched__76b1ae6b41__i01,sbm_density_matched,sbm_density_matched__76b1ae6b41,sbm_density_matched__76b1ae6b41__i01__noisy__t00,noisy,1261542906,41001,0.9791576204950064,0.7658536585365854,0.8084257206208425,0.8084257206208425,0.1,0.1,-0.2133039619584211,0.0425720620842571,-0.170731899874164,f1
sbm_density_matched__76b1ae6b41__i01__noisy__t01__p41000,sbm_density_matched__76b1ae6b41__i01,sbm_density_matched,sbm_density_matched__76b1ae6b41,sbm_density_matched__76b1ae6b41__i01__noisy__t01,noisy,903207126,41000,0.8954248366013071,0.8124185844550587,0.7658536585365854,0.7658536585365854,0.55,0.55,-0.0830062521462484,-0.0465649259184732,-0.1295711780647217,f1
sbm_density_matched__76b1ae6b41__i01__noisy__t01__p41001,sbm_density_matched__76b1ae6b41__i01,sbm_density_matched,sbm_density_matched__76b1ae6b41,sbm_density_matched__76b1ae6b41__i01__noisy__t01,noisy,903207126,41001,0.9374728614850196,0.8535947712418301,0.9165217391304348,0.9165217391304348,0.4,0.4,-0.0838780902431894,0.0629269678886046,-0.0209511223545848,f1
sbm_density_matched__76b1ae6b41__i01__partial__t00__p41000,sbm_density_matched__76b1ae6b41__i01,sbm_density_matched,sbm_density_matched__76b1ae6b41,sbm_density_matched__76b1ae6b41__i01__partial__t00,partial,1627433581,41000,0.9791576204950064,0.8525669153137341,0.9791576204950064,0.9791576204950064,0.4,0.4,-0.1265907051812724,0.1265907051812724,0.0,f1
sbm_density_matched__76b1ae6b41__i01__partial__t00__p41001,sbm_density_matched__76b1ae6b41__i01,sbm_density_matched,sbm_density_matched__76b1ae6b41,sbm_density_matched__76b1ae6b41__i01__partial__t00,partial,1627433581,41001,0.9583333333333334,0.8957881024750325,0.9374728614850196,0.9374728614850196,0.55,0.55,-0.0625452308583008,0.0416847590099871,-0.0208604718483137,f1
sbm_density_matched__76b1ae6b41__i01__partial__t01__p41000,sbm_density_matched__76b1ae6b41__i01,sbm_density_matched,sbm_density_matched__76b1ae6b41,sbm_density_matched__76b1ae6b41__i01__partial__t01,partial,1603860416,41000,0.9165217391304348,0.875,0.9165217391304348,0.9165217391304348,0.55,0.55,-0.0415217391304347,0.0415217391304347,0.0,f1
sbm_density_matched__76b1ae6b41__i01__partial__t01__p41001,sbm_density_matched__76b1ae6b41__i01,sbm_density_matched,sbm_density_matched__76b1ae6b41,sbm_density_matched__76b1ae6b41__i01__partial__t01,partial,1603860416,41001,0.9791576204950064,0.8741258741258742,0.9165217391304348,0.9165217391304348,0.55,0.55,-0.1050317463691323,0.0423958650045606,-0.0626358813645717,f1
sbm_density_matched__76b1ae6b41__i02__informative__t00__p41000,sbm_density_matched__76b1ae6b41__i02,sbm_density_matched,sbm_density_matched__76b1ae6b41,sbm_density_matched__76b1ae6b41__i02__informative__t00,informative,1272080771,41000,1.0,1.0,0.9791576204950064,0.9791576204950064,0.1,0.1,0.0,-0.0208423795049934,-0.0208423795049934,f1
sbm_density_matched__76b1ae6b41__i02__informative__t00__p41001,sbm_density_matched__76b1ae6b41__i02,sbm_density_matched,sbm_density_matched__76b1ae6b41,sbm_density_matched__76b1ae6b41__i02__informative__t00,informative,1272080771,41001,1.0,0.9791576204950064,0.9791576204950064,0.9791576204950064,0.0,0.1,-0.0208423795049934,0.0,-0.0208423795049934,f1
sbm_density_matched__76b1ae6b41__i02__informative__t01__p41000,sbm_density_matched__76b1ae6b41__i02,sbm_density_matched,sbm_density_matched__76b1ae6b41,sbm_density_matched__76b1ae6b41__i02__informative__t01,informative,476909542,41000,0.9791576204950064,1.0,1.0,0.9791576204950064,0.0,0.1,0.0208423795049934,-0.0208423795049934,0.0208423795049934,f1
sbm_density_matched__76b1ae6b41__i02__informative__t01__p41001,sbm_density_matched__76b1ae6b41__i02,sbm_density_matched,sbm_density_matched__76b1ae6b41,sbm_density_matched__76b1ae6b41__i02__informative__t01,informative,476909542,41001,1.0,0.9791576204950064,0.9791576204950064,0.9791576204950064,0.0,0.1,-0.0208423795049934,0.0,-0.0208423795049934,f1
sbm_density_matched__76b1ae6b41__i02__noisy__t00__p41000,sbm_density_matched__76b1ae6b41__i02,sbm_density_matched,sbm_density_matched__76b1ae6b41,sbm_density_matched__76b1ae6b41__i02__noisy__t00,noisy,1442057955,41000,0.9791576204950064,0.8124185844550587,0.8957881024750325,0.8957881024750325,0.4,0.4,-0.1667390360399478,0.0833695180199738,-0.083369518019974,f1
sbm_density_matched__76b1ae6b41__i02__noisy__t00__p41001,sbm_density_matched__76b1ae6b41__i02,sbm_density_matched,sbm_density_matched__76b1ae6b41,sbm_density_matched__76b1ae6b41__i02__noisy__t00,noisy,1442057955,41001,0.9374728614850196,0.75,0.9166666666666666,0.9166666666666666,0.55,0.55,-0.1874728614850196,0.1666666666666666,-0.0208061948183529,f1
sbm_density_matched__76b1ae6b41__i02__noisy__t01__p41000,sbm_density_matched__76b1ae6b41__i02,sbm_density_matched,sbm_density_matched__76b1ae6b41,sbm_density_matched__76b1ae6b41__i02__noisy__t01,noisy,1153937025,41000,0.9791576204950064,0.7658536585365854,0.8541033434650456,0.8541033434650456,0.55,0.55,-0.2133039619584211,0.0882496849284601,-0.1250542770299609,f1
sbm_density_matched__76b1ae6b41__i02__noisy__t01__p41001,sbm_density_matched__76b1ae6b41__i02,sbm_density_matched,sbm_density_matched__76b1ae6b41,sbm_density_matched__76b1ae6b41__i02__noisy__t01,noisy,1153937025,41001,0.9166666666666666,0.6873643074250977,0.8117647058823529,0.8117647058823529,0.55,0.55,-0.2293023592415689,0.1244003984572552,-0.1049019607843136,f1
sbm_density_matched__76b1ae6b41__i02__partial__t00__p41000,sbm_density_matched__76b1ae6b41__i02,sbm_density_matched,sbm_density_matched__76b1ae6b41,sbm_density_matched__76b1ae6b41__i02__partial__t00,partial,2139474237,41000,0.9583333333333334,0.8330434782608696,0.875,0.875,0.55,0.55,-0.1252898550724638,0.0419565217391304,-0.0833333333333333,f1
sbm_density_matched__76b1ae6b41__i02__partial__t00__p41001,sbm_density_matched__76b1ae6b41__i02,sbm_density_matched,sbm_density_matched__76b1ae6b41,sbm_density_matched__76b1ae6b41__i02__partial__t00,partial,2139474237,41001,0.9374728614850196,0.8333333333333334,0.9583333333333334,0.9583333333333334,0.55,0.55,-0.1041395281516862,0.125,0.0208604718483137,f1
sbm_density_matched__76b1ae6b41__i02__partial__t01__p41000,sbm_density_matched__76b1ae6b41__i02,sbm_density_matched,sbm_density_matched__76b1ae6b41,sbm_density_matched__76b1ae6b41__i02__partial__t01,partial,639662104,41000,0.9791576204950064,0.8957881024750325,0.9582608695652174,0.9582608695652174,0.55,0.55,-0.083369518019974,0.0624727670901849,-0.0208967509297891,f1
sbm_density_matched__76b1ae6b41__i02__partial__t01__p41001,sbm_density_matched__76b1ae6b41__i02,sbm_density_matched,sbm_density_matched__76b1ae6b41,sbm_density_matched__76b1ae6b41__i02__partial__t01,partial,639662104,41001,0.9165217391304348,0.6807095343680709,0.8541033434650456,0.8541033434650456,0.55,0.55,-0.2358122047623638,0.1733938090969746,-0.0624183956653892,f1
sbm_density_matched__76b1ae6b41__i03__informative__t00__p41000,sbm_density_matched__76b1ae6b41__i03,sbm_density_matched,sbm_density_matched__76b1ae6b41,sbm_density_matched__76b1ae6b41__i03__informative__t00,informative,1307200048,41000,0.9791576204950064,0.9583333333333334,0.9583333333333334,0.9583333333333334,0.25,0.25,-0.0208242871616731,0.0,-0.0208242871616731,f1
sbm_density_matched__76b1ae6b41__i03__informative__t00__p41001,sbm_density_matched__76b1ae6b41__i03,sbm_density_matched,sbm_density_matched__76b1ae6b41,sbm_density_matched__76b1ae6b41__i03__informative__t00,informative,1307200048,41001,1.0,1.0,1.0,1.0,0.0,0.1,0.0,0.0,0.0,f1
sbm_density_matched__76b1ae6b41__i03__informative__t01__p41000,sbm_density_matched__76b1ae6b41__i03,sbm_density_matched,sbm_density_matched__76b1ae6b41,sbm_density_matched__76b1ae6b41__i03__informative__t01,informative,1815215070,41000,1.0,1.0,1.0,1.0,0.4,0.4,0.0,0.0,0.0,f1
sbm_density_matched__76b1ae6b41__i03__informative__t01__p41001,sbm_density_matched__76b1ae6b41__i03,sbm_density_matched,sbm_density_matched__76b1ae6b41,sbm_density_matched__76b1ae6b41__i03__informative__t01,informative,1815215070,41001,1.0,0.9583333333333334,0.9583333333333334,0.9583333333333334,0.55,0.55,-0.0416666666666666,0.0,-0.0416666666666666,f1
sbm_density_matched__76b1ae6b41__i03__noisy__t00__p41000,sbm_density_matched__76b1ae6b41__i03,sbm_density_matched,sbm_density_matched__76b1ae6b41,sbm_density_matched__76b1ae6b41__i03__noisy__t00,noisy,558180900,41000,0.9165217391304348,0.7699346405228757,0.7883597883597884,0.7883597883597884,0.55,0.55,-0.146587098607559,0.0184251478369126,-0.1281619507706464,f1
sbm_density_matched__76b1ae6b41__i03__noisy__t00__p41001,sbm_density_matched__76b1ae6b41__i03,sbm_density_matched,sbm_density_matched__76b1ae6b41,sbm_density_matched__76b1ae6b41__i03__noisy__t00,noisy,558180900,41001,0.9791576204950064,0.8104431768319438,0.9165217391304348,0.9165217391304348,0.55,0.55,-0.1687144436630627,0.106078562298491,-0.0626358813645717,f1
sbm_density_matched__76b1ae6b41__i03__noisy__t01__p41000,sbm_density_matched__76b1ae6b41__i03,sbm_density_matched,sbm_density_matched__76b1ae6b41,sbm_density_matched__76b1ae6b41__i03__noisy__t01,noisy,2101583214,41000,1.0,0.791304347826087,0.8741258741258742,0.8741258741258742,0.4,0.4,-0.2086956521739129,0.0828215262997871,-0.1258741258741258,f1
sbm_density_matched__76b1ae6b41__i03__noisy__t01__p41001,sbm_density_matched__76b1ae6b41__i03,sbm_density_matched,sbm_density_matched__76b1ae6b41,sbm_density_matched__76b1ae6b41__i03__noisy__t01,noisy,2101583214,41001,0.9374728614850196,0.6419482229047828,0.7495652173913043,0.7495652173913043,0.25,0.25,-0.2955246385802368,0.1076169944865215,-0.1879076440937153,f1
sbm_density_matched__76b1ae6b41__i03__partial__t00__p41000,sbm_density_matched__76b1ae6b41__i03,sbm_density_matched,sbm_density_matched__76b1ae6b41,sbm_density_matched__76b1ae6b41__i03__partial__t00,partial,178287487,41000,0.9582608695652174,0.875,0.9166666666666666,0.9166666666666666,0.25,0.25,-0.0832608695652173,0.0416666666666666,-0.0415942028985507,f1
sbm_density_matched__76b1ae6b41__i03__partial__t00__p41001,sbm_density_matched__76b1ae6b41__i03,sbm_density_matched,sbm_density_matched__76b1ae6b41,sbm_density_matched__76b1ae6b41__i03__partial__t00,partial,178287487,41001,0.9791576204950064,0.9582608695652174,0.9374728614850196,0.9374728614850196,0.25,0.25,-0.0208967509297891,-0.0207880080801977,-0.0416847590099869,f1
sbm_density_matched__76b1ae6b41__i03__partial__t01__p41000,sbm_density_matched__76b1ae6b41__i03,sbm_density_matched,sbm_density_matched__76b1ae6b41,sbm_density_matched__76b1ae6b41__i03__partial__t01,partial,911916292,41000,0.9791576204950064,0.875,0.8957881024750325,0.8957881024750325,0.1,0.1,-0.1041576204950065,0.0207881024750324,-0.083369518019974,f1
sbm_density_matched__76b1ae6b41__i03__partial__t01__p41001,sbm_density_matched__76b1ae6b41__i03,sbm_density_matched,sbm_density_matched__76b1ae6b41,sbm_density_matched__76b1ae6b41__i03__partial__t01,partial,911916292,41001,1.0,0.8535947712418301,0.9582608695652174,0.9582608695652174,0.55,0.55,-0.1464052287581698,0.1046660983233872,-0.0417391304347826,f1
sbm_density_matched__76b1ae6b41__i04__informative__t00__p41000,sbm_density_matched__76b1ae6b41__i04,sbm_density_matched,sbm_density_matched__76b1ae6b41,sbm_density_matched__76b1ae6b41__i04__informative__t00,informative,1532752465,41000,0.9374728614850196,0.9583333333333334,0.9583333333333334,0.9583333333333334,0.0,0.1,0.0208604718483137,0.0,0.0208604718483137,f1
sbm_density_matched__76b1ae6b41__i04__informative__t00__p41001,sbm_density_matched__76b1ae6b41__i04,sbm_density_matched,sbm_density_matched__76b1ae6b41,sbm_density_matched__76b1ae6b41__i04__informative__t00,informative,1532752465,41001,0.9791576204950064,0.9374728614850196,0.9374728614850196,0.9583333333333334,0.0,0.1,-0.0416847590099869,0.0208604718483137,-0.0416847590099869,f1
sbm_density_matched__76b1ae6b41__i04__informative__t01__p41000,sbm_density_matched__76b1ae6b41__i04,sbm_density_matched,sbm_density_matched__76b1ae6b41,sbm_density_matched__76b1ae6b41__i04__informative__t01,informative,393165816,41000,0.9791576204950064,0.9372549019607844,0.9372549019607844,0.9372549019607844,0.0,0.1,-0.0419027185342222,0.0,-0.0419027185342222,f1
sbm_density_matched__76b1ae6b41__i04__informative__t01__p41001,sbm_density_matched__76b1ae6b41__i04,sbm_density_matched,sbm_density_matched__76b1ae6b41,sbm_density_matched__76b1ae6b41__i04__informative__t01,informative,393165816,41001,0.9791576204950064,1.0,1.0,1.0,0.55,0.55,0.0208423795049934,0.0,0.0208423795049934,f1
sbm_density_matched__76b1ae6b41__i04__noisy__t00__p41000,sbm_density_matched__76b1ae6b41__i04,sbm_density_matched,sbm_density_matched__76b1ae6b41,sbm_density_matched__76b1ae6b41__i04__noisy__t00,noisy,742592377,41000,0.8957881024750325,0.7261956998683634,0.8124185844550587,0.8124185844550587,0.55,0.55,-0.169592402606669,0.0862228845866952,-0.0833695180199738,f1
sbm_density_matched__76b1ae6b41__i04__noisy__t00__p41001,sbm_density_matched__76b1ae6b41__i04,sbm_density_matched,sbm_density_matched__76b1ae6b41,sbm_density_matched__76b1ae6b41__i04__noisy__t00,noisy,742592377,41001,0.9582608695652174,0.75,0.8330434782608696,0.8330434782608696,0.55,0.55,-0.2082608695652174,0.0830434782608695,-0.1252173913043478,f1
sbm_density_matched__76b1ae6b41__i04__noisy__t01__p41000,sbm_density_matched__76b1ae6b41__i04,sbm_density_matched,sbm_density_matched__76b1ae6b41,sbm_density_matched__76b1ae6b41__i04__noisy__t01,noisy,337149529,41000,0.9166666666666666,0.5416666666666666,0.6444444444444444,0.6444444444444444,0.25,0.25,-0.375,0.1027777777777777,-0.2722222222222222,f1
sbm_density_matched__76b1ae6b41__i04__noisy__t01__p41001,sbm_density_matched__76b1ae6b41__i04,sbm_density_matched,sbm_density_matched__76b1ae6b41,sbm_density_matched__76b1ae6b41__i04__noisy__t01,noisy,337149529,41001,0.875,0.6613756613756614,0.8330434782608696,0.8330434782608696,0.55,0.55,-0.2136243386243386,0.1716678168852081,-0.0419565217391304,f1
sbm_density_matched__76b1ae6b41__i04__partial__t00__p41000,sbm_density_matched__76b1ae6b41__i04,sbm_density_matched,sbm_density_matched__76b1ae6b41,sbm_density_matched__76b1ae6b41__i04__partial__t00,partial,1033778178,41000,0.9374728614850196,0.8541033434650456,0.7333333333333334,0.7333333333333334,0.25,0.25,-0.083369518019974,-0.1207700101317121,-0.2041395281516862,f1
sbm_density_matched__76b1ae6b41__i04__partial__t00__p41001,sbm_density_matched__76b1ae6b41__i04,sbm_density_matched,sbm_density_matched__76b1ae6b41,sbm_density_matched__76b1ae6b41__i04__partial__t00,partial,1033778178,41001,1.0,0.8954248366013071,0.9582608695652174,0.9582608695652174,0.25,0.25,-0.1045751633986928,0.0628360329639102,-0.0417391304347826,f1
sbm_density_matched__76b1ae6b41__i04__partial__t01__p41000,sbm_density_matched__76b1ae6b41__i04,sbm_density_matched,sbm_density_matched__76b1ae6b41,sbm_density_matched__76b1ae6b41__i04__partial__t01,partial,1523780193,41000,0.9165217391304348,0.8957881024750325,0.8946906537955244,0.8946906537955244,0.4,0.4,-0.0207336366554022,-0.0010974486795081,-0.0218310853349104,f1
sbm_density_matched__76b1ae6b41__i04__partial__t01__p41001,sbm_density_matched__76b1ae6b41__i04,sbm_density_matched,sbm_density_matched__76b1ae6b41,sbm_density_matched__76b1ae6b41__i04__partial__t01,partial,1523780193,41001,0.9583333333333334,0.7883597883597884,0.9583333333333334,0.9583333333333334,0.55,0.55,-0.169973544973545,0.169973544973545,0.0,f1
sbm_density_matched__83cebfefc5__i00__informative__t00__p41000,sbm_density_matched__83cebfefc5__i00,sbm_density_matched,sbm_density_matched__83cebfefc5,sbm_density_matched__83cebfefc5__i00__informative__t00,informative,1550229325,41000,0.958041958041958,0.9372909698996654,0.958041958041958,0.958041958041958,0.25,0.25,-0.0207509881422927,0.0207509881422927,0.0,f1
sbm_density_matched__83cebfefc5__i00__informative__t00__p41001,sbm_density_matched__83cebfefc5__i00,sbm_density_matched,sbm_density_matched__83cebfefc5,sbm_density_matched__83cebfefc5__i00__informative__t00,informative,1550229325,41001,0.9791304347826086,0.8747086247086246,0.9791304347826086,0.9791304347826086,0.1,0.1,-0.1044218100739839,0.1044218100739839,0.0,f1
sbm_density_matched__83cebfefc5__i00__informative__t01__p41000,sbm_density_matched__83cebfefc5__i00,sbm_density_matched,sbm_density_matched__83cebfefc5,sbm_density_matched__83cebfefc5__i00__informative__t01,informative,831140202,41000,0.9791304347826086,0.959030100334448,0.959030100334448,0.959030100334448,0.1,0.1,-0.0201003344481605,0.0,-0.0201003344481605,f1
sbm_density_matched__83cebfefc5__i00__informative__t01__p41001,sbm_density_matched__83cebfefc5__i00,sbm_density_matched,sbm_density_matched__83cebfefc5,sbm_density_matched__83cebfefc5__i00__informative__t01,informative,831140202,41001,0.9791304347826086,0.895433262389784,0.9582971014492752,0.9582971014492752,0.1,0.1,-0.0836971723928245,0.0628638390594912,-0.0208333333333333,f1
sbm_density_matched__83cebfefc5__i00__noisy__t00__p41000,sbm_density_matched__83cebfefc5__i00,sbm_density_matched,sbm_density_matched__83cebfefc5,sbm_density_matched__83cebfefc5__i00__noisy__t00,noisy,1972975477,41000,0.9198193111236588,0.8165217391304347,0.8548913043478261,0.8548913043478261,0.55,0.55,-0.1032975719932242,0.0383695652173914,-0.0649280067758327,f1
sbm_density_matched__83cebfefc5__i00__noisy__t00__p41001,sbm_density_matched__83cebfefc5__i00,sbm_density_matched,sbm_density_matched__83cebfefc5,sbm_density_matched__83cebfefc5__i00__noisy__t00,noisy,1972975477,41001,0.8945454545454545,0.711926406926407,0.8340579710144927,0.8340579710144927,0.55,0.55,-0.1826190476190475,0.1221315640880857,-0.0604874835309617,f1
sbm_density_matched__83cebfefc5__i00__noisy__t01__p41000,sbm_density_matched__83cebfefc5__i00,sbm_density_matched,sbm_density_matched__83cebfefc5,sbm_density_matched__83cebfefc5__i00__noisy__t01,noisy,1520672239,41000,0.9791304347826086,0.6818518518518518,0.8738992408557625,0.8738992408557625,0.4,0.4,-0.2972785829307568,0.1920473890039107,-0.1052311939268461,f1
sbm_density_matched__83cebfefc5__i00__noisy__t01__p41001,sbm_density_matched__83cebfefc5__i00,sbm_density_matched,sbm_density_matched__83cebfefc5,sbm_density_matched__83cebfefc5__i00__noisy__t01,noisy,1520672239,41001,0.9791304347826086,0.6923228944968075,0.8534804567413263,0.8534804567413263,0.4,0.4,-0.2868075402858011,0.1611575622445188,-0.1256499780412823,f1
sbm_density_matched__83cebfefc5__i00__partial__t00__p41000,sbm_density_matched__83cebfefc5__i00,sbm_density_matched,sbm_density_matched__83cebfefc5,sbm_density_matched__83cebfefc5__i00__partial__t00,partial,85932724,41000,0.9572727272727272,0.7053987626070006,0.8754877369007803,0.8754877369007803,0.4,0.4,-0.2518739646657266,0.1700889742937796,-0.0817849903719469,f1
sbm_density_matched__83cebfefc5__i00__partial__t00__p41001,sbm_density_matched__83cebfefc5__i00,sbm_density_matched,sbm_density_matched__83cebfefc5,sbm_density_matched__83cebfefc5__i00__partial__t00,partial,85932724,41001,0.9791304347826086,0.8264327485380117,0.916439393939394,0.916439393939394,0.25,0.25,-0.1526976862445969,0.0900066454013821,-0.0626910408432147,f1
sbm_density_matched__83cebfefc5__i00__partial__t01__p41000,sbm_density_matched__83cebfefc5__i00,sbm_density_matched,sbm_density_matched__83cebfefc5,sbm_density_matched__83cebfefc5__i00__partial__t01,partial,1227292578,41000,0.9149546106067844,0.7392052392052392,0.895433262389784,0.895433262389784,0.25,0.25,-0.1757493714015453,0.1562280231845448,-0.0195213482170004,f1
sbm_density_matched__83cebfefc5__i00__partial__t01__p41001,sbm_density_matched__83cebfefc5__i00,sbm_density_matched,sbm_density_matched__83cebfefc5,sbm_density_matched__83cebfefc5__i00__partial__t01,partial,1227292578,41001,1.0,0.8535839160839161,1.0,1.0,0.25,0.25,-0.1464160839160838,0.1464160839160838,0.0,f1
sbm_density_matched__83cebfefc5__i01__informative__t00__p41000,sbm_density_matched__83cebfefc5__i01,sbm_density_matched,sbm_density_matched__83cebfefc5,sbm_density_matched__83cebfefc5__i01__informative__t00,informative,1458851937,41000,1.0,0.959030100334448,0.9791304347826086,0.9791304347826086,0.1,0.1,-0.0409698996655518,0.0201003344481605,-0.0208695652173913,f1
sbm_density_matched__83cebfefc5__i01__informative__t00__p41001,sbm_density_matched__83cebfefc5__i01,sbm_density_matched,sbm_density_matched__83cebfefc5,sbm_density_matched__83cebfefc5__i01__informative__t00,informative,1458851937,41001,1.0,0.9142216117216118,0.9791304347826086,0.9791304347826086,0.1,0.1,-0.0857783882783882,0.0649088230609968,-0.0208695652173913,f1
sbm_density_matched__83cebfefc5__i01__informative__t01__p41000,sbm_density_matched__83cebfefc5__i01,sbm_density_matched,sbm_density_matched__83cebfefc5,sbm_density_matched__83cebfefc5__i01__informative__t01,informative,1529767057,41000,0.9791304347826086,0.9371723928245668,0.9791304347826086,0.9791304347826086,0.1,0.1,-0.0419580419580418,0.0419580419580418,0.0,f1
sbm_density_matched__83cebfefc5__i01__informative__t01__p41001,sbm_density_matched__83cebfefc5__i01,sbm_density_matched,sbm_density_matched__83cebfefc5,sbm_density_matched__83cebfefc5__i01__informative__t01,informative,1529767057,41001,1.0,0.9572727272727272,0.935054945054945,0.935054945054945,0.25,0.25,-0.0427272727272727,-0.0222177822177822,-0.0649450549450549,f1
sbm_density_matched__83cebfefc5__i01__noisy__t00__p41000,sbm_density_matched__83cebfefc5__i01,sbm_density_matched,sbm_density_matched__83cebfefc5,sbm_density_matched__83cebfefc5__i01__noisy__t00,noisy,1101459589,41000,0.8329152731326644,0.5848920644572818,0.6824087956021989,0.6824087956021989,0.25,0.25,-0.2480232086753826,0.0975167311449171,-0.1505064775304655,f1
sbm_density_matched__83cebfefc5__i01__noisy__t00__p41001,sbm_density_matched__83cebfefc5__i01,sbm_density_matched,sbm_density_matched__83cebfefc5,sbm_density_matched__83cebfefc5__i01__noisy__t00,noisy,1101459589,41001,0.9791304347826086,0.6478260869565218,0.8501515151515152,0.8501515151515152,0.4,0.4,-0.3313043478260868,0.2023254281949934,-0.1289789196310934,f1
sbm_density_matched__83cebfefc5__i01__noisy__t01__p41000,sbm_density_matched__83cebfefc5__i01,sbm_density_matched,sbm_density_matched__83cebfefc5,sbm_density_matched__83cebfefc5__i01__noisy__t01,noisy,1257736219,41000,0.8954332623897842,0.5636244377811095,0.7280389176041351,0.7280389176041351,0.55,0.55,-0.3318088246086746,0.1644144798230256,-0.167394344785649,f1
sbm_density_matched__83cebfefc5__i01__noisy__t01__p41001,sbm_density_matched__83cebfefc5__i01,sbm_density_matched,sbm_density_matched__83cebfefc5,sbm_density_matched__83cebfefc5__i01__noisy__t01,noisy,1257736219,41001,0.9154332623897842,0.6851851851851851,0.7700673400673401,0.7700673400673401,0.55,0.55,-0.230248077204599,0.084882154882155,-0.145365922322444,f1
sbm_density_matched__83cebfefc5__i01__partial__t00__p41000,sbm_density_matched__83cebfefc5__i01,sbm_density_matched,sbm_density_matched__83cebfefc5,sbm_density_matched__83cebfefc5__i01__partial__t00,partial,273559846,41000,0.959030100334448,0.6666666666666666,0.8957246376811594,0.8957246376811594,0.4,0.4,-0.2923634336677815,0.2290579710144927,-0.0633054626532887,f1
sbm_density_matched__83cebfefc5__i01__partial__t00__p41001,sbm_density_matched__83cebfefc5__i01,sbm_density_matched,sbm_density_matched__83cebfefc5,sbm_density_matched__83cebfefc5__i01__partial__t00,partial,273559846,41001,1.0,0.7880566801619433,0.8194331983805669,0.8194331983805669,0.4,0.4,-0.2119433198380567,0.0313765182186236,-0.180566801619433,f1
sbm_density_matched__83cebfefc5__i01__partial__t01__p41000,sbm_density_matched__83cebfefc5__i01,sbm_density_matched,sbm_density_matched__83cebfefc5,sbm_density_matched__83cebfefc5__i01__partial__t01,partial,116058226,41000,0.9386253842775584,0.6238087774294672,0.7325428194993413,0.7325428194993413,0.25,0.25,-0.3148166068480911,0.1087340420698741,-0.2060825647782169,f1
sbm_density_matched__83cebfefc5__i01__partial__t01__p41001,sbm_density_matched__83cebfefc5__i01,sbm_density_matched,sbm_density_matched__83cebfefc5,sbm_density_matched__83cebfefc5__i01__partial__t01,partial,116058226,41001,0.9791304347826086,0.7653416149068322,0.6943002667960223,0.6943002667960223,0.55,0.55,-0.2137888198757764,-0.0710413481108098,-0.2848301679865863,f1
sbm_density_matched__83cebfefc5__i02__informative__t00__p41000,sbm_density_matched__83cebfefc5__i02,sbm_density_matched,sbm_density_matched__83cebfefc5,sbm_density_matched__83cebfefc5__i02__informative__t00,informative,19205001,41000,0.9791304347826086,0.9386253842775584,0.958041958041958,0.958041958041958,0.25,0.25,-0.0405050505050503,0.0194165737643998,-0.0210884767406505,f1
sbm_density_matched__83cebfefc5__i02__informative__t00__p41001,sbm_density_matched__83cebfefc5__i02,sbm_density_matched,sbm_density_matched__83cebfefc5,sbm_density_matched__83cebfefc5__i02__informative__t00,informative,19205001,41001,1.0,0.9582608695652172,0.9582608695652172,0.9582971014492754,0.0,0.25,-0.0417391304347827,3.623188405810218e-05,-0.0417391304347827,f1
sbm_density_matched__83cebfefc5__i02__informative__t01__p41000,sbm_density_matched__83cebfefc5__i02,sbm_density_matched,sbm_density_matched__83cebfefc5,sbm_density_matched__83cebfefc5__i02__informative__t01,informative,1515092412,41000,0.9791304347826086,0.937463768115942,1.0,1.0,0.25,0.25,-0.0416666666666667,0.0625362318840581,0.0208695652173913,f1
sbm_density_matched__83cebfefc5__i02__informative__t01__p41001,sbm_density_matched__83cebfefc5__i02,sbm_density_matched,sbm_density_matched__83cebfefc5,sbm_density_matched__83cebfefc5__i02__informative__t01,informative,1515092412,41001,0.959030100334448,0.9582971014492754,0.9582971014492754,0.9582971014492754,0.25,0.25,-0.0007329988851727,0.0,-0.0007329988851727,f1
sbm_density_matched__83cebfefc5__i02__noisy__t00__p41000,sbm_density_matched__83cebfefc5__i02,sbm_density_matched,sbm_density_matched__83cebfefc5,sbm_density_matched__83cebfefc5__i02__noisy__t00,noisy,1563454430,41000,0.9142857142857144,0.6033718455457586,0.8979416235937975,0.8979416235937975,0.55,0.55,-0.3109138687399556,0.2945697780480388,-0.0163440906919167,f1
sbm_density_matched__83cebfefc5__i02__noisy__t00__p41001,sbm_density_matched__83cebfefc5__i02,sbm_density_matched,sbm_density_matched__83cebfefc5,sbm_density_matched__83cebfefc5__i02__noisy__t00,noisy,1563454430,41001,0.9382608695652174,0.7255244755244756,0.8763410502540937,0.8763410502540937,0.4,0.4,-0.2127363940407417,0.150816574729618,-0.0619198193111236,f1
sbm_density_matched__83cebfefc5__i02__noisy__t01__p41000,sbm_density_matched__83cebfefc5__i02,sbm_density_matched,sbm_density_matched__83cebfefc5,sbm_density_matched__83cebfefc5__i02__noisy__t01,noisy,480964415,41000,0.9372086247086248,0.7278846153846155,0.8965579710144927,0.8965579710144927,0.4,0.4,-0.2093240093240093,0.1686733556298773,-0.040650653694132,f1
sbm_density_matched__83cebfefc5__i02__noisy__t01__p41001,sbm_density_matched__83cebfefc5__i02,sbm_density_matched,sbm_density_matched__83cebfefc5,sbm_density_matched__83cebfefc5__i02__noisy__t01,noisy,480964415,41001,1.0,0.7285714285714285,0.8313043478260869,0.8313043478260869,0.55,0.55,-0.2714285714285714,0.1027329192546583,-0.1686956521739131,f1
sbm_density_matched__83cebfefc5__i02__partial__t00__p41000,sbm_density_matched__83cebfefc5__i02,sbm_density_matched,sbm_density_matched__83cebfefc5,sbm_density_matched__83cebfefc5__i02__partial__t00,partial,1686459961,41000,0.9791304347826086,0.7677682623334797,0.8971723928245667,0.8971723928245667,0.4,0.4,-0.2113621724491289,0.129404130491087,-0.0819580419580419,f1
sbm_density_matched__83cebfefc5__i02__partial__t00__p41001,sbm_density_matched__83cebfefc5__i02,sbm_density_matched,sbm_density_matched__83cebfefc5,sbm_density_matched__83cebfefc5__i02__partial__t00,partial,1686459961,41001,0.9572727272727272,0.7637270137270138,0.8136845039018952,0.8136845039018952,0.4,0.4,-0.1935457135457134,0.0499574901748813,-0.1435882233708321,f1
sbm_density_matched__83cebfefc5__i02__partial__t01__p41000,sbm_density_matched__83cebfefc5__i02,sbm_density_matched,sbm_density_matched__83cebfefc5,sbm_density_matched__83cebfefc5__i02__partial__t01,partial,1238355864,41000,0.9583333333333331,0.74795556767071,0.8948188405797101,0.8948188405797101,0.25,0.25,-0.2103777656626232,0.146863272909,-0.0635144927536232,f1
sbm_density_matched__83cebfefc5__i02__partial__t01__p41001,sbm_density_matched__83cebfefc5__i02,sbm_density_matched,sbm_density_matched__83cebfefc5,sbm_density_matched__83cebfefc5__i02__partial__t01,partial,1238355864,41001,0.959030100334448,0.6651348651348652,0.7825101214574899,0.7825101214574899,0.25,0.25,-0.2938952351995829,0.1173752563226246,-0.1765199788769582,f1
sbm_density_matched__83cebfefc5__i03__informative__t00__p41000,sbm_density_matched__83cebfefc5__i03,sbm_density_matched,sbm_density_matched__83cebfefc5,sbm_density_matched__83cebfefc5__i03__informative__t00,informative,1413490054,41000,0.9164576365663322,0.9182608695652176,0.9582971014492752,0.9582971014492752,0.1,0.1,0.0018032329988852,0.0400362318840578,0.0418394648829431,f1
sbm_density_matched__83cebfefc5__i03__informative__t00__p41001,sbm_density_matched__83cebfefc5__i03,sbm_density_matched,sbm_density_matched__83cebfefc5,sbm_density_matched__83cebfefc5__i03__informative__t00,informative,1413490054,41001,0.9791304347826086,0.9791304347826086,0.9791304347826086,0.9791304347826086,0.0,0.1,0.0,0.0,0.0,f1
sbm_density_matched__83cebfefc5__i03__informative__t01__p41000,sbm_density_matched__83cebfefc5__i03,sbm_density_matched,sbm_density_matched__83cebfefc5,sbm_density_matched__83cebfefc5__i03__informative__t01,informative,49962254,41000,0.9791304347826086,0.893215480172002,0.9155518394648828,0.9155518394648828,0.1,0.1,-0.0859149546106066,0.0223363592928809,-0.0635785953177257,f1
sbm_density_matched__83cebfefc5__i03__informative__t01__p41001,sbm_density_matched__83cebfefc5__i03,sbm_density_matched,sbm_density_matched__83cebfefc5,sbm_density_matched__83cebfefc5__i03__informative__t01,informative,49962254,41001,1.0,0.9791304347826086,1.0,1.0,0.1,0.1,-0.0208695652173913,0.0208695652173913,0.0,f1
sbm_density_matched__83cebfefc5__i03__noisy__t00__p41000,sbm_density_matched__83cebfefc5__i03,sbm_density_matched,sbm_density_matched__83cebfefc5,sbm_density_matched__83cebfefc5__i03__noisy__t00,noisy,1263286893,41000,0.9582971014492752,0.6545676691729323,0.7672235172235172,0.7672235172235172,0.25,0.25,-0.3037294322763429,0.1126558480505849,-0.191073584225758,f1
sbm_density_matched__83cebfefc5__i03__noisy__t00__p41001,sbm_density_matched__83cebfefc5__i03,sbm_density_matched,sbm_density_matched__83cebfefc5,sbm_density_matched__83cebfefc5__i03__noisy__t00,noisy,1263286893,41001,0.9791304347826086,0.7480929376581551,0.8733882783882785,0.8733882783882785,0.55,0.55,-0.2310374971244535,0.1252953407301233,-0.1057421563943301,f1
sbm_density_matched__83cebfefc5__i03__noisy__t01__p41000,sbm_density_matched__83cebfefc5__i03,sbm_density_matched,sbm_density_matched__83cebfefc5,sbm_density_matched__83cebfefc5__i03__noisy__t01,noisy,1481211832,41000,0.9156746031746033,0.62503663003663,0.8106521739130435,0.8106521739130435,0.55,0.55,-0.2906379731379731,0.1856155438764134,-0.1050224292615596,f1
sbm_density_matched__83cebfefc5__i03__noisy__t01__p41001,sbm_density_matched__83cebfefc5__i03,sbm_density_matched,sbm_density_matched__83cebfefc5,sbm_density_matched__83cebfefc5__i03__noisy__t01,noisy,1481211832,41001,0.9382608695652174,0.621268115942029,0.7230303030303029,0.7230303030303029,0.4,0.4,-0.3169927536231883,0.1017621870882738,-0.2152305665349144,f1
sbm_density_matched__83cebfefc5__i03__partial__t00__p41000,sbm_density_matched__83cebfefc5__i03,sbm_density_matched,sbm_density_matched__83cebfefc5,sbm_density_matched__83cebfefc5__i03__partial__t00,partial,1104817231,41000,0.9583333333333331,0.6934921962095875,0.8543862538427756,0.8543862538427756,0.25,0.25,-0.2648411371237458,0.1608940576331881,-0.1039470794905577,f1
sbm_density_matched__83cebfefc5__i03__partial__t00__p41001,sbm_density_matched__83cebfefc5__i03,sbm_density_matched,sbm_density_matched__83cebfefc5,sbm_density_matched__83cebfefc5__i03__partial__t00,partial,1104817231,41001,0.9791304347826086,0.8504761904761904,0.9365579710144928,0.9365579710144928,0.25,0.25,-0.1286542443064182,0.0860817805383022,-0.0425724637681159,f1
sbm_density_matched__83cebfefc5__i03__partial__t01__p41000,sbm_density_matched__83cebfefc5__i03,sbm_density_matched,sbm_density_matched__83cebfefc5,sbm_density_matched__83cebfefc5__i03__partial__t01,partial,440827026,41000,0.9791304347826086,0.7698188405797101,0.8742857142857142,0.8742857142857142,0.25,0.25,-0.2093115942028985,0.1044668737060041,-0.1048447204968944,f1
sbm_density_matched__83cebfefc5__i03__partial__t01__p41001,sbm_density_matched__83cebfefc5__i03,sbm_density_matched,sbm_density_matched__83cebfefc5,sbm_density_matched__83cebfefc5__i03__partial__t01,partial,440827026,41001,1.0,0.914481351981352,0.958041958041958,0.958041958041958,0.1,0.1,-0.0855186480186479,0.043560606060606,-0.0419580419580418,f1
sbm_density_matched__83cebfefc5__i04__informative__t00__p41000,sbm_density_matched__83cebfefc5__i04,sbm_density_matched,sbm_density_matched__83cebfefc5,sbm_density_matched__83cebfefc5__i04__informative__t00,informative,700169793,41000,1.0,0.8959627329192547,0.9791304347826086,0.9791304347826086,0.25,0.25,-0.1040372670807453,0.0831677018633539,-0.0208695652173913,f1
sbm_density_matched__83cebfefc5__i04__informative__t00__p41001,sbm_density_matched__83cebfefc5__i04,sbm_density_matched,sbm_density_matched__83cebfefc5,sbm_density_matched__83cebfefc5__i04__informative__t00,informative,700169793,41001,0.959030100334448,0.958041958041958,0.9791304347826086,0.9791304347826086,0.1,0.1,-0.00098814229249,0.0210884767406505,0.0201003344481605,f1
sbm_density_matched__83cebfefc5__i04__informative__t01__p41000,sbm_density_matched__83cebfefc5__i04,sbm_density_matched,sbm_density_matched__83cebfefc5,sbm_density_matched__83cebfefc5__i04__informative__t01,informative,1266827290,41000,1.0,0.959030100334448,0.9171723928245668,0.9171723928245668,0.1,0.1,-0.0409698996655518,-0.0418577075098813,-0.0828276071754332,f1
sbm_density_matched__83cebfefc5__i04__informative__t01__p41001,sbm_density_matched__83cebfefc5__i04,sbm_density_matched,sbm_density_matched__83cebfefc5,sbm_density_matched__83cebfefc5__i04__informative__t01,informative,1266827290,41001,1.0,0.8921218877740618,0.9582971014492754,0.9582971014492754,0.25,0.25,-0.1078781122259382,0.0661752136752136,-0.0417028985507246,f1
sbm_density_matched__83cebfefc5__i04__noisy__t00__p41000,sbm_density_matched__83cebfefc5__i04,sbm_density_matched,sbm_density_matched__83cebfefc5,sbm_density_matched__83cebfefc5__i04__noisy__t00,noisy,1250623469,41000,0.9177920509442248,0.7090617715617715,0.8121794871794872,0.8121794871794872,0.4,0.4,-0.2087302793824532,0.1031177156177156,-0.1056125637647376,f1
sbm_density_matched__83cebfefc5__i04__noisy__t00__p41001,sbm_density_matched__83cebfefc5__i04,sbm_density_matched,sbm_density_matched__83cebfefc5,sbm_density_matched__83cebfefc5__i04__noisy__t00,noisy,1250623469,41001,0.9582971014492754,0.6451048951048951,0.765422077922078,0.765422077922078,0.55,0.55,-0.3131922063443803,0.1203171828171828,-0.1928750235271974,f1
sbm_density_matched__83cebfefc5__i04__noisy__t01__p41000,sbm_density_matched__83cebfefc5__i04,sbm_density_matched,sbm_density_matched__83cebfefc5,sbm_density_matched__83cebfefc5__i04__noisy__t01,noisy,1759638308,41000,0.9155518394648828,0.4985912076429318,0.7871794871794872,0.7871794871794872,0.55,0.55,-0.4169606318219511,0.2885882795365553,-0.1283723522853957,f1
sbm_density_matched__83cebfefc5__i04__noisy__t01__p41001,sbm_density_matched__83cebfefc5__i04,sbm_density_matched,sbm_density_matched__83cebfefc5,sbm_density_matched__83cebfefc5__i04__noisy__t01,noisy,1759638308,41001,0.9372909698996656,0.5076106689009915,0.7642834138486312,0.7642834138486312,0.4,0.4,-0.429680300998674,0.2566727449476397,-0.1730075560510343,f1
sbm_density_matched__83cebfefc5__i04__partial__t00__p41000,sbm_density_matched__83cebfefc5__i04,sbm_density_matched,sbm_density_matched__83cebfefc5,sbm_density_matched__83cebfefc5__i04__partial__t00,partial,149892738,41000,0.9791304347826086,0.8762024931590149,0.9572727272727272,0.9572727272727272,0.25,0.25,-0.1029279416235937,0.0810702341137123,-0.0218577075098813,f1
sbm_density_matched__83cebfefc5__i04__partial__t00__p41001,sbm_density_matched__83cebfefc5__i04,sbm_density_matched,sbm_density_matched__83cebfefc5,sbm_density_matched__83cebfefc5__i04__partial__t00,partial,149892738,41001,0.9791304347826086,0.917463768115942,0.9365579710144928,0.9365579710144928,0.25,0.25,-0.0616666666666665,0.0190942028985505,-0.0425724637681159,f1
sbm_density_matched__83cebfefc5__i04__partial__t01__p41000,sbm_density_matched__83cebfefc5__i04,sbm_density_matched,sbm_density_matched__83cebfefc5,sbm_density_matched__83cebfefc5__i04__partial__t01,partial,1477563635,41000,0.9791304347826086,0.831304347826087,0.8578042328042328,0.8578042328042328,0.1,0.1,-0.1478260869565216,0.0264998849781458,-0.1213262019783758,f1
sbm_density_matched__83cebfefc5__i04__partial__t01__p41001,sbm_density_matched__83cebfefc5__i04,sbm_density_matched,sbm_density_matched__83cebfefc5,sbm_density_matched__83cebfefc5__i04__partial__t01,partial,1477563635,41001,0.9171723928245668,0.7330460401112575,0.8758241758241758,0.8758241758241758,0.4,0.4,-0.1841263527133092,0.1427781357129183,-0.0413482170003909,f1
sbm_density_matched__93b1e4a674__i00__informative__t00__p41000,sbm_density_matched__93b1e4a674__i00,sbm_density_matched,sbm_density_matched__93b1e4a674,sbm_density_matched__93b1e4a674__i00__informative__t00,informative,2062898540,41000,0.959030100334448,0.958041958041958,0.9167676767676768,0.9167676767676768,0.25,0.25,-0.00098814229249,-0.0412742812742813,-0.0422624235667713,f1
sbm_density_matched__93b1e4a674__i00__informative__t00__p41001,sbm_density_matched__93b1e4a674__i00,sbm_density_matched,sbm_density_matched__93b1e4a674,sbm_density_matched__93b1e4a674__i00__informative__t00,informative,2062898540,41001,1.0,0.959030100334448,0.9791304347826086,0.9791304347826086,0.1,0.1,-0.0409698996655518,0.0201003344481605,-0.0208695652173913,f1
sbm_density_matched__93b1e4a674__i00__informative__t01__p41000,sbm_density_matched__93b1e4a674__i00,sbm_density_matched,sbm_density_matched__93b1e4a674,sbm_density_matched__93b1e4a674__i00__informative__t01,informative,1924118513,41000,0.9572727272727272,0.8937121212121212,0.9572727272727272,0.9572727272727272,0.1,0.1,-0.0635606060606061,0.0635606060606061,0.0,f1
sbm_density_matched__93b1e4a674__i00__informative__t01__p41001,sbm_density_matched__93b1e4a674__i00,sbm_density_matched,sbm_density_matched__93b1e4a674,sbm_density_matched__93b1e4a674__i00__informative__t01,informative,1924118513,41001,0.958041958041958,0.9382608695652176,1.0,1.0,0.1,0.1,-0.0197810884767406,0.0617391304347825,0.0419580419580418,f1
sbm_density_matched__93b1e4a674__i00__noisy__t00__p41000,sbm_density_matched__93b1e4a674__i00,sbm_density_matched,sbm_density_matched__93b1e4a674,sbm_density_matched__93b1e4a674__i00__noisy__t00,noisy,713165961,41000,0.9164576365663324,0.6681521739130435,0.8309848484848485,0.8309848484848485,0.4,0.4,-0.2483054626532888,0.162832674571805,-0.0854727880814837,f1
sbm_density_matched__93b1e4a674__i00__noisy__t00__p41001,sbm_density_matched__93b1e4a674__i00,sbm_density_matched,sbm_density_matched__93b1e4a674,sbm_density_matched__93b1e4a674__i00__noisy__t00,noisy,713165961,41001,0.9791304347826086,0.690146809712027,0.8966304347826086,0.8966304347826086,0.55,0.55,-0.2889836250705816,0.2064836250705816,-0.0825,f1
sbm_density_matched__93b1e4a674__i00__noisy__t01__p41000,sbm_density_matched__93b1e4a674__i00,sbm_density_matched,sbm_density_matched__93b1e4a674,sbm_density_matched__93b1e4a674__i00__noisy__t01,noisy,141906966,41000,0.9791304347826086,0.6700111482720179,0.8554679802955665,0.8554679802955665,0.25,0.25,-0.3091192865105907,0.1854568320235485,-0.1236624544870421,f1
sbm_density_matched__93b1e4a674__i00__noisy__t01__p41001,sbm_density_matched__93b1e4a674__i00,sbm_density_matched,sbm_density_matched__93b1e4a674,sbm_density_matched__93b1e4a674__i00__noisy__t01,noisy,141906966,41001,0.9582971014492754,0.7166045548654244,0.892014652014652,0.892014652014652,0.55,0.55,-0.2416925465838509,0.1754100971492276,-0.0662824494346233,f1
sbm_density_matched__93b1e4a674__i00__partial__t00__p41000,sbm_density_matched__93b1e4a674__i00,sbm_density_matched,sbm_density_matched__93b1e4a674,sbm_density_matched__93b1e4a674__i00__partial__t00,partial,292786815,41000,0.937391304347826,0.8376530079116286,0.8355231724796942,0.8355231724796942,0.25,0.25,-0.0997382964361974,-0.0021298354319343,-0.1018681318681318,f1
sbm_density_matched__93b1e4a674__i00__partial__t00__p41001,sbm_density_matched__93b1e4a674__i00,sbm_density_matched,sbm_density_matched__93b1e4a674,sbm_density_matched__93b1e4a674__i00__partial__t00,partial,292786815,41001,1.0,0.9171723928245668,0.936439393939394,0.936439393939394,0.1,0.1,-0.0828276071754332,0.0192670011148271,-0.0635606060606061,f1
sbm_density_matched__93b1e4a674__i00__partial__t01__p41000,sbm_density_matched__93b1e4a674__i00,sbm_density_matched,sbm_density_matched__93b1e4a674,sbm_density_matched__93b1e4a674__i00__partial__t01,partial,1616537937,41000,0.9572727272727272,0.9171723928245668,0.958041958041958,0.958041958041958,0.25,0.25,-0.0401003344481605,0.0408695652173913,0.0007692307692308,f1
sbm_density_matched__93b1e4a674__i00__partial__t01__p41001,sbm_density_matched__93b1e4a674__i00,sbm_density_matched,sbm_density_matched__93b1e4a674,sbm_density_matched__93b1e4a674__i00__partial__t01,partial,1616537937,41001,1.0,0.6976544622425629,0.8936480186480186,0.8936480186480186,0.25,0.25,-0.3023455377574371,0.1959935564054556,-0.1063519813519814,f1
sbm_density_matched__93b1e4a674__i01__informative__t00__p41000,sbm_density_matched__93b1e4a674__i01,sbm_density_matched,sbm_density_matched__93b1e4a674,sbm_density_matched__93b1e4a674__i01__informative__t00,informative,2072633680,41000,1.0,0.959030100334448,0.9791304347826086,0.9791304347826086,0.25,0.25,-0.0409698996655518,0.0201003344481605,-0.0208695652173913,f1
sbm_density_matched__93b1e4a674__i01__informative__t00__p41001,sbm_density_matched__93b1e4a674__i01,sbm_density_matched,sbm_density_matched__93b1e4a674,sbm_density_matched__93b1e4a674__i01__informative__t00,informative,2072633680,41001,0.9791304347826086,0.8739847109412326,0.9165217391304348,0.9165217391304348,0.1,0.1,-0.105145723841376,0.0425370281892021,-0.0626086956521738,f1
sbm_density_matched__93b1e4a674__i01__informative__t01__p41000,sbm_density_matched__93b1e4a674__i01,sbm_density_matched,sbm_density_matched__93b1e4a674,sbm_density_matched__93b1e4a674__i01__informative__t01,informative,1647364219,41000,1.0,0.959030100334448,0.959030100334448,0.9791304347826086,0.0,0.1,-0.0409698996655518,0.0201003344481605,-0.0409698996655518,f1
sbm_density_matched__93b1e4a674__i01__informative__t01__p41001,sbm_density_matched__93b1e4a674__i01,sbm_density_matched,sbm_density_matched__93b1e4a674,sbm_density_matched__93b1e4a674__i01__informative__t01,informative,1647364219,41001,0.9791304347826086,0.9165579710144928,0.9165579710144928,0.9365217391304348,0.0,0.1,-0.0625724637681158,0.019963768115942,-0.0625724637681158,f1
sbm_density_matched__93b1e4a674__i01__noisy__t00__p41000,sbm_density_matched__93b1e4a674__i01,sbm_density_matched,sbm_density_matched__93b1e4a674,sbm_density_matched__93b1e4a674__i01__noisy__t00,noisy,1912924758,41000,0.9791304347826086,0.7279785431959345,0.8369708994708995,0.8369708994708995,0.25,0.25,-0.2511518915866741,0.108992356274965,-0.1421595353117091,f1
sbm_density_matched__93b1e4a674__i01__noisy__t00__p41001,sbm_density_matched__93b1e4a674__i01,sbm_density_matched,sbm_density_matched__93b1e4a674,sbm_density_matched__93b1e4a674__i01__noisy__t00,noisy,1912924758,41001,0.9572727272727272,0.525419527078566,0.8325053207661903,0.8325053207661903,0.55,0.55,-0.4318532001941613,0.3070857936876243,-0.1247674065065369,f1
sbm_density_matched__93b1e4a674__i01__noisy__t01__p41000,sbm_density_matched__93b1e4a674__i01,sbm_density_matched,sbm_density_matched__93b1e4a674,sbm_density_matched__93b1e4a674__i01__noisy__t01,noisy,1950763067,41000,0.9583333333333331,0.5743589743589743,0.7923913043478261,0.7923913043478261,0.55,0.55,-0.3839743589743589,0.2180323299888518,-0.1659420289855071,f1
sbm_density_matched__93b1e4a674__i01__noisy__t01__p41001,sbm_density_matched__93b1e4a674__i01,sbm_density_matched,sbm_density_matched__93b1e4a674,sbm_density_matched__93b1e4a674__i01__noisy__t01,noisy,1950763067,41001,0.9791304347826086,0.6848558044210218,0.8515041721563461,0.8515041721563461,0.4,0.4,-0.2942746303615868,0.1666483677353243,-0.1276262626262625,f1
sbm_density_matched__93b1e4a674__i01__partial__t00__p41000,sbm_density_matched__93b1e4a674__i01,sbm_density_matched,sbm_density_matched__93b1e4a674,sbm_density_matched__93b1e4a674__i01__partial__t00,partial,164075545,41000,0.9791304347826086,0.8118288474810214,0.8927059896625114,0.8927059896625114,0.4,0.4,-0.1673015873015872,0.08087714218149,-0.0864244451200972,f1
sbm_density_matched__93b1e4a674__i01__partial__t00__p41001,sbm_density_matched__93b1e4a674__i01,sbm_density_matched,sbm_density_matched__93b1e4a674,sbm_density_matched__93b1e4a674__i01__partial__t00,partial,164075545,41001,0.9791304347826086,0.8582491582491583,0.9371723928245668,0.9371723928245668,0.25,0.25,-0.1208812765334503,0.0789232345754085,-0.0419580419580418,f1
sbm_density_matched__93b1e4a674__i01__partial__t01__p41000,sbm_density_matched__93b1e4a674__i01,sbm_density_matched,sbm_density_matched__93b1e4a674,sbm_density_matched__93b1e4a674__i01__partial__t01,partial,635309984,41000,1.0,0.7316243194192378,0.7507418211079538,0.7507418211079538,0.1,0.1,-0.2683756805807622,0.019117501688716,-0.2492581788920461,f1
sbm_density_matched__93b1e4a674__i01__partial__t01__p41001,sbm_density_matched__93b1e4a674__i01,sbm_density_matched,sbm_density_matched__93b1e4a674,sbm_density_matched__93b1e4a674__i01__partial__t01,partial,635309984,41001,0.9791304347826086,0.8320454545454545,0.9165217391304348,0.9165217391304348,0.4,0.4,-0.1470849802371541,0.0844762845849802,-0.0626086956521738,f1
sbm_density_matched__93b1e4a674__i02__informative__t00__p41000,sbm_density_matched__93b1e4a674__i02,sbm_density_matched,sbm_density_matched__93b1e4a674,sbm_density_matched__93b1e4a674__i02__informative__t00,informative,738627788,41000,1.0,0.9791304347826086,0.9791304347826086,0.9372909698996656,0.0,0.1,-0.0208695652173913,-0.0418394648829429,-0.0208695652173913,f1
sbm_density_matched__93b1e4a674__i02__informative__t00__p41001,sbm_density_matched__93b1e4a674__i02,sbm_density_matched,sbm_density_matched__93b1e4a674,sbm_density_matched__93b1e4a674__i02__informative__t00,informative,738627788,41001,0.9365079365079364,0.9791304347826086,0.958041958041958,0.958041958041958,0.1,0.1,0.0426224982746721,-0.0210884767406505,0.0215340215340216,f1
sbm_density_matched__93b1e4a674__i02__informative__t01__p41000,sbm_density_matched__93b1e4a674__i02,sbm_density_matched,sbm_density_matched__93b1e4a674,sbm_density_matched__93b1e4a674__i02__informative__t01,informative,365791900,41000,0.9791304347826086,0.9382971014492754,0.9382971014492754,0.958041958041958,0.0,0.1,-0.0408333333333332,0.0197448565926827,-0.0408333333333332,f1
sbm_density_matched__93b1e4a674__i02__informative__t01__p41001,sbm_density_matched__93b1e4a674__i02,sbm_density_matched,sbm_density_matched__93b1e4a674,sbm_density_matched__93b1e4a674__i02__informative__t01,informative,365791900,41001,1.0,0.9372727272727271,0.9582971014492754,0.9582971014492754,0.1,0.1,-0.0627272727272727,0.0210243741765481,-0.0417028985507246,f1
sbm_density_matched__93b1e4a674__i02__noisy__t00__p41000,sbm_density_matched__93b1e4a674__i02,sbm_density_matched,sbm_density_matched__93b1e4a674,sbm_density_matched__93b1e4a674__i02__noisy__t00,noisy,1425894354,41000,0.914445120097294,0.6058201058201058,0.8927059896625114,0.8927059896625114,0.55,0.55,-0.3086250142771882,0.2868858838424055,-0.0217391304347827,f1
sbm_density_matched__93b1e4a674__i02__noisy__t00__p41001,sbm_density_matched__93b1e4a674__i02,sbm_density_matched,sbm_density_matched__93b1e4a674,sbm_density_matched__93b1e4a674__i02__noisy__t00,noisy,1425894354,41001,0.9791304347826086,0.5719047619047619,0.9164576365663324,0.9164576365663324,0.55,0.55,-0.4072256728778467,0.3445528746615703,-0.0626727982162763,f1
sbm_density_matched__93b1e4a674__i02__noisy__t01__p41000,sbm_density_matched__93b1e4a674__i02,sbm_density_matched,sbm_density_matched__93b1e4a674,sbm_density_matched__93b1e4a674__i02__noisy__t01,noisy,1668221012,41000,0.9572727272727272,0.6803790412486065,0.9145454545454546,0.9145454545454546,0.4,0.4,-0.2768936860241208,0.234166413296848,-0.0427272727272727,f1
sbm_density_matched__93b1e4a674__i02__noisy__t01__p41001,sbm_density_matched__93b1e4a674__i02,sbm_density_matched,sbm_density_matched__93b1e4a674,sbm_density_matched__93b1e4a674__i02__noisy__t01,noisy,1668221012,41001,0.9791304347826086,0.731439393939394,0.915433262389784,0.915433262389784,0.4,0.4,-0.2476910408432147,0.1839938684503901,-0.0636971723928245,f1
sbm_density_matched__93b1e4a674__i02__partial__t00__p41000,sbm_density_matched__93b1e4a674__i02,sbm_density_matched,sbm_density_matched__93b1e4a674,sbm_density_matched__93b1e4a674__i02__partial__t00,partial,242559515,41000,0.9791304347826086,0.8747826086956522,0.9372909698996656,0.9372909698996656,0.25,0.25,-0.1043478260869564,0.0625083612040134,-0.0418394648829429,f1
sbm_density_matched__93b1e4a674__i02__partial__t00__p41001,sbm_density_matched__93b1e4a674__i02,sbm_density_matched,sbm_density_matched__93b1e4a674,sbm_density_matched__93b1e4a674__i02__partial__t00,partial,242559515,41001,0.9791304347826086,0.8713131313131314,0.9167676767676768,0.9167676767676768,0.55,0.55,-0.1078173034694772,0.0454545454545454,-0.0623627580149318,f1
sbm_density_matched__93b1e4a674__i02__partial__t01__p41000,sbm_density_matched__93b1e4a674__i02,sbm_density_matched,sbm_density_matched__93b1e4a674,sbm_density_matched__93b1e4a674__i02__partial__t01,partial,1609474933,41000,1.0,0.9386253842775584,0.9791304347826086,0.9791304347826086,0.55,0.55,-0.0613746157224417,0.0405050505050503,-0.0208695652173913,f1
sbm_density_matched__93b1e4a674__i02__partial__t01__p41001,sbm_density_matched__93b1e4a674__i02,sbm_density_matched,sbm_density_matched__93b1e4a674,sbm_density_matched__93b1e4a674__i02__partial__t01,partial,1609474933,41001,1.0,0.8936480186480186,0.9365579710144928,0.9365579710144928,0.25,0.25,-0.1063519813519814,0.0429099523664741,-0.0634420289855073,f1
sbm_density_matched__93b1e4a674__i03__informative__t00__p41000,sbm_density_matched__93b1e4a674__i03,sbm_density_matched,sbm_density_matched__93b1e4a674,sbm_density_matched__93b1e4a674__i03__informative__t00,informative,722936375,41000,1.0,0.8684962406015038,0.9386253842775582,0.9386253842775582,0.25,0.25,-0.1315037593984962,0.0701291436760543,-0.0613746157224418,f1
sbm_density_matched__93b1e4a674__i03__informative__t00__p41001,sbm_density_matched__93b1e4a674__i03,sbm_density_matched,sbm_density_matched__93b1e4a674,sbm_density_matched__93b1e4a674__i03__informative__t00,informative,722936375,41001,0.9791304347826086,0.9365579710144928,0.9372727272727271,0.9372727272727271,0.25,0.25,-0.0425724637681159,0.0007147562582345,-0.0418577075098813,f1
sbm_density_matched__93b1e4a674__i03__informative__t01__p41000,sbm_density_matched__93b1e4a674__i03,sbm_density_matched,sbm_density_matched__93b1e4a674,sbm_density_matched__93b1e4a674__i03__informative__t01,informative,266166248,41000,1.0,0.9791304347826086,1.0,1.0,0.1,0.1,-0.0208695652173913,0.0208695652173913,0.0,f1
sbm_density_matched__93b1e4a674__i03__informative__t01__p41001,sbm_density_matched__93b1e4a674__i03,sbm_density_matched,sbm_density_matched__93b1e4a674,sbm_density_matched__93b1e4a674__i03__informative__t01,informative,266166248,41001,0.9791304347826086,0.9122222222222224,0.9122222222222224,0.9177018633540373,0.0,0.1,-0.0669082125603863,0.0054796411318149,-0.0669082125603863,f1
sbm_density_matched__93b1e4a674__i03__noisy__t00__p41000,sbm_density_matched__93b1e4a674__i03,sbm_density_matched,sbm_density_matched__93b1e4a674,sbm_density_matched__93b1e4a674__i03__noisy__t00,noisy,1738223799,41000,0.917463768115942,0.6670548654244306,0.7235185185185186,0.7235185185185186,0.1,0.1,-0.2504089026915115,0.0564636530940879,-0.1939452495974235,f1
sbm_density_matched__93b1e4a674__i03__noisy__t00__p41001,sbm_density_matched__93b1e4a674__i03,sbm_density_matched,sbm_density_matched__93b1e4a674,sbm_density_matched__93b1e4a674__i03__noisy__t00,noisy,1738223799,41001,0.958041958041958,0.7465384615384614,0.892014652014652,0.892014652014652,0.55,0.55,-0.2115034965034967,0.1454761904761906,-0.0660273060273061,f1
sbm_density_matched__93b1e4a674__i03__noisy__t01__p41000,sbm_density_matched__93b1e4a674__i03,sbm_density_matched,sbm_density_matched__93b1e4a674,sbm_density_matched__93b1e4a674__i03__noisy__t01,noisy,492963885,41000,0.935054945054945,0.7362000817772932,0.8091787439613526,0.8091787439613526,0.55,0.55,-0.1988548632776517,0.0729786621840593,-0.1258762010935924,f1
sbm_density_matched__93b1e4a674__i03__noisy__t01__p41001,sbm_density_matched__93b1e4a674__i03,sbm_density_matched,sbm_density_matched__93b1e4a674,sbm_density_matched__93b1e4a674__i03__noisy__t01,noisy,492963885,41001,0.9791304347826086,0.7105331262939958,0.8937121212121212,0.8937121212121212,0.4,0.4,-0.2685973084886128,0.1831789949181254,-0.0854183135704874,f1
sbm_density_matched__93b1e4a674__i03__partial__t00__p41000,sbm_density_matched__93b1e4a674__i03,sbm_density_matched,sbm_density_matched__93b1e4a674,sbm_density_matched__93b1e4a674__i03__partial__t00,partial,486838236,41000,0.958041958041958,0.7087703962703963,0.937391304347826,0.937391304347826,0.25,0.25,-0.2492715617715617,0.2286209080774298,-0.0206506536941318,f1
sbm_density_matched__93b1e4a674__i03__partial__t00__p41001,sbm_density_matched__93b1e4a674__i03,sbm_density_matched,sbm_density_matched__93b1e4a674,sbm_density_matched__93b1e4a674__i03__partial__t00,partial,486838236,41001,0.9791304347826086,0.67871259175607,0.8949908424908425,0.8949908424908425,0.25,0.25,-0.3004178430265386,0.2162782507347724,-0.0841395922917661,f1
sbm_density_matched__93b1e4a674__i03__partial__t01__p41000,sbm_density_matched__93b1e4a674__i03,sbm_density_matched,sbm_density_matched__93b1e4a674,sbm_density_matched__93b1e4a674__i03__partial__t01,partial,1685272741,41000,0.9791304347826086,0.812554945054945,0.9583333333333331,0.9583333333333331,0.25,0.25,-0.1665754897276636,0.1457783882783883,-0.0207971014492753,f1
sbm_density_matched__93b1e4a674__i03__partial__t01__p41001,sbm_density_matched__93b1e4a674__i03,sbm_density_matched,sbm_density_matched__93b1e4a674,sbm_density_matched__93b1e4a674__i03__partial__t01,partial,1685272741,41001,1.0,0.9372086247086246,0.8930434782608695,0.8930434782608695,0.55,0.55,-0.0627913752913753,-0.0441651464477551,-0.1069565217391305,f1
sbm_density_matched__93b1e4a674__i04__informative__t00__p41000,sbm_density_matched__93b1e4a674__i04,sbm_density_matched,sbm_density_matched__93b1e4a674,sbm_density_matched__93b1e4a674__i04__informative__t00,informative,1124024203,41000,0.9791304347826086,0.9583333333333331,0.9583333333333331,0.9372727272727271,0.0,0.1,-0.0207971014492753,-0.021060606060606,-0.0207971014492753,f1
sbm_density_matched__93b1e4a674__i04__informative__t00__p41001,sbm_density_matched__93b1e4a674__i04,sbm_density_matched,sbm_density_matched__93b1e4a674,sbm_density_matched__93b1e4a674__i04__informative__t00,informative,1124024203,41001,1.0,0.958041958041958,0.9791304347826086,0.9791304347826086,0.25,0.25,-0.0419580419580418,0.0210884767406505,-0.0208695652173913,f1
sbm_density_matched__93b1e4a674__i04__informative__t01__p41000,sbm_density_matched__93b1e4a674__i04,sbm_density_matched,sbm_density_matched__93b1e4a674,sbm_density_matched__93b1e4a674__i04__informative__t01,informative,1425120536,41000,1.0,0.9137121212121212,0.9137121212121212,0.9582971014492754,0.0,0.1,-0.0862878787878788,0.0445849802371541,-0.0862878787878788,f1
sbm_density_matched__93b1e4a674__i04__informative__t01__p41001,sbm_density_matched__93b1e4a674__i04,sbm_density_matched,sbm_density_matched__93b1e4a674,sbm_density_matched__93b1e4a674__i04__informative__t01,informative,1425120536,41001,1.0,1.0,1.0,0.9791304347826086,0.0,0.1,0.0,-0.0208695652173913,0.0,f1
sbm_density_matched__93b1e4a674__i04__noisy__t00__p41000,sbm_density_matched__93b1e4a674__i04,sbm_density_matched,sbm_density_matched__93b1e4a674,sbm_density_matched__93b1e4a674__i04__noisy__t00,noisy,1114003099,41000,1.0,0.7704761904761905,0.8747826086956522,0.8747826086956522,0.4,0.4,-0.2295238095238094,0.1043064182194616,-0.1252173913043478,f1
sbm_density_matched__93b1e4a674__i04__noisy__t00__p41001,sbm_density_matched__93b1e4a674__i04,sbm_density_matched,sbm_density_matched__93b1e4a674,sbm_density_matched__93b1e4a674__i04__noisy__t00,noisy,1114003099,41001,0.854296066252588,0.5849867724867724,0.8263045434098066,0.8263045434098066,0.55,0.55,-0.2693092937658156,0.2413177709230342,-0.0279915228427813,f1
sbm_density_matched__93b1e4a674__i04__noisy__t01__p41000,sbm_density_matched__93b1e4a674__i04,sbm_density_matched,sbm_density_matched__93b1e4a674,sbm_density_matched__93b1e4a674__i04__noisy__t01,noisy,772200355,41000,1.0,0.8801406926406926,0.9386253842775584,0.9386253842775584,0.4,0.4,-0.1198593073593073,0.0584846916368656,-0.0613746157224417,f1
sbm_density_matched__93b1e4a674__i04__noisy__t01__p41001,sbm_density_matched__93b1e4a674__i04,sbm_density_matched,sbm_density_matched__93b1e4a674,sbm_density_matched__93b1e4a674__i04__noisy__t01,noisy,772200355,41001,0.9582608695652172,0.7673076923076924,0.8313888888888888,0.8313888888888888,0.55,0.55,-0.1909531772575249,0.0640811965811964,-0.1268719806763284,f1
sbm_density_matched__93b1e4a674__i04__partial__t00__p41000,sbm_density_matched__93b1e4a674__i04,sbm_density_matched,sbm_density_matched__93b1e4a674,sbm_density_matched__93b1e4a674__i04__partial__t00,partial,2056333921,41000,1.0,0.8352397602397602,1.0,1.0,0.25,0.25,-0.1647602397602398,0.1647602397602398,0.0,f1
sbm_density_matched__93b1e4a674__i04__partial__t00__p41001,sbm_density_matched__93b1e4a674__i04,sbm_density_matched,sbm_density_matched__93b1e4a674,sbm_density_matched__93b1e4a674__i04__partial__t00,partial,2056333921,41001,0.9791304347826086,0.8971445221445221,0.9163752913752914,0.9163752913752914,0.1,0.1,-0.0819859126380865,0.0192307692307692,-0.0627551434073172,f1
sbm_density_matched__93b1e4a674__i04__partial__t01__p41000,sbm_density_matched__93b1e4a674__i04,sbm_density_matched,sbm_density_matched__93b1e4a674,sbm_density_matched__93b1e4a674__i04__partial__t01,partial,804401245,41000,1.0,0.914481351981352,0.936439393939394,0.936439393939394,0.4,0.4,-0.085518648018648,0.0219580419580419,-0.0635606060606061,f1
sbm_density_matched__93b1e4a674__i04__partial__t01__p41001,sbm_density_matched__93b1e4a674__i04,sbm_density_matched,sbm_density_matched__93b1e4a674,sbm_density_matched__93b1e4a674__i04__partial__t01,partial,804401245,41001,0.9365079365079364,0.9164576365663322,0.8127946127946128,0.8127946127946128,0.55,0.55,-0.0200502999416043,-0.1036630237717193,-0.1237133237133236,f1
sbm_density_matched__a6fc707be1__i00__informative__t00__p41000,sbm_density_matched__a6fc707be1__i00,sbm_density_matched,sbm_density_matched__a6fc707be1,sbm_density_matched__a6fc707be1__i00__informative__t00,informative,1882553100,41000,0.9180602006688964,0.7948841818407035,0.8971445221445221,0.8971445221445221,0.4,0.4,-0.1231760188281927,0.1022603403038185,-0.0209156785243741,f1
sbm_density_matched__a6fc707be1__i00__informative__t00__p41001,sbm_density_matched__a6fc707be1__i00,sbm_density_matched,sbm_density_matched__a6fc707be1,sbm_density_matched__a6fc707be1__i00__informative__t00,informative,1882553100,41001,0.8921218877740618,0.8763111888111889,0.9583333333333331,0.9583333333333331,0.4,0.4,-0.0158106989628729,0.0820221445221444,0.0662114455592715,f1
sbm_density_matched__a6fc707be1__i00__informative__t01__p41000,sbm_density_matched__a6fc707be1__i00,sbm_density_matched,sbm_density_matched__a6fc707be1,sbm_density_matched__a6fc707be1__i00__informative__t01,informative,1491087610,41000,0.937463768115942,0.8367447769621683,0.8568006068006068,0.8568006068006068,0.25,0.25,-0.1007189911537737,0.0200558298384384,-0.0806631613153352,f1
sbm_density_matched__a6fc707be1__i00__informative__t01__p41001,sbm_density_matched__a6fc707be1__i00,sbm_density_matched,sbm_density_matched__a6fc707be1,sbm_density_matched__a6fc707be1__i00__informative__t01,informative,1491087610,41001,0.9165217391304348,0.856202493159015,0.8726190476190476,0.8726190476190476,0.55,0.55,-0.0603192459714198,0.0164165544600326,-0.0439026915113871,f1
sbm_density_matched__a6fc707be1__i00__noisy__t00__p41000,sbm_density_matched__a6fc707be1__i00,sbm_density_matched,sbm_density_matched__a6fc707be1,sbm_density_matched__a6fc707be1__i00__noisy__t00,noisy,1010233690,41000,0.7482517482517483,0.4198717948717949,0.6432453416149069,0.6432453416149069,0.55,0.55,-0.3283799533799534,0.223373546743112,-0.1050064066368414,f1
sbm_density_matched__a6fc707be1__i00__noisy__t00__p41001,sbm_density_matched__a6fc707be1__i00,sbm_density_matched,sbm_density_matched__a6fc707be1,sbm_density_matched__a6fc707be1__i00__noisy__t00,noisy,1010233690,41001,0.7727950310559005,0.6336024844720497,0.6630769230769231,0.6630769230769231,0.55,0.55,-0.1391925465838508,0.0294744386048734,-0.1097181079789774,f1
sbm_density_matched__a6fc707be1__i00__noisy__t01__p41000,sbm_density_matched__a6fc707be1__i00,sbm_density_matched,sbm_density_matched__a6fc707be1,sbm_density_matched__a6fc707be1__i00__noisy__t01,noisy,1414669121,41000,0.7889194139194139,0.4366216512955644,0.644927536231884,0.644927536231884,0.55,0.55,-0.3522977626238495,0.2083058849363196,-0.1439918776875298,f1
sbm_density_matched__a6fc707be1__i00__noisy__t01__p41001,sbm_density_matched__a6fc707be1__i00,sbm_density_matched,sbm_density_matched__a6fc707be1,sbm_density_matched__a6fc707be1__i00__noisy__t01,noisy,1414669121,41001,0.8531521739130434,0.5837215320910973,0.7089097496706193,0.7089097496706193,0.55,0.55,-0.2694306418219461,0.1251882175795219,-0.1442424242424241,f1
sbm_density_matched__a6fc707be1__i00__partial__t00__p41000,sbm_density_matched__a6fc707be1__i00,sbm_density_matched,sbm_density_matched__a6fc707be1,sbm_density_matched__a6fc707be1__i00__partial__t00,partial,424207368,41000,0.8108766233766234,0.669047619047619,0.7681613738585253,0.7681613738585253,0.55,0.55,-0.1418290043290043,0.0991137548109063,-0.042715249518098,f1
sbm_density_matched__a6fc707be1__i00__partial__t00__p41001,sbm_density_matched__a6fc707be1__i00,sbm_density_matched,sbm_density_matched__a6fc707be1,sbm_density_matched__a6fc707be1__i00__partial__t00,partial,424207368,41001,0.8313923395445134,0.6228215262997872,0.6731078904991948,0.6731078904991948,0.25,0.25,-0.2085708132447262,0.0502863641994076,-0.1582844490453185,f1
sbm_density_matched__a6fc707be1__i00__partial__t01__p41000,sbm_density_matched__a6fc707be1__i00,sbm_density_matched,sbm_density_matched__a6fc707be1,sbm_density_matched__a6fc707be1__i00__partial__t01,partial,2102176347,41000,0.8765217391304349,0.6279351726648637,0.7937062937062938,0.7937062937062938,0.55,0.55,-0.2485865664655712,0.1657711210414301,-0.0828154454241411,f1
sbm_density_matched__a6fc707be1__i00__partial__t01__p41001,sbm_density_matched__a6fc707be1__i00,sbm_density_matched,sbm_density_matched__a6fc707be1,sbm_density_matched__a6fc707be1__i00__partial__t01,partial,2102176347,41001,0.8521460423634337,0.7904131898697115,0.8556060606060606,0.8556060606060606,0.55,0.55,-0.0617328524937221,0.065192870736349,0.0034600182426268,f1
sbm_density_matched__a6fc707be1__i01__informative__t00__p41000,sbm_density_matched__a6fc707be1__i01,sbm_density_matched,sbm_density_matched__a6fc707be1,sbm_density_matched__a6fc707be1__i01__informative__t00,informative,1670134081,41000,1.0,0.8728146853146853,0.8947826086956521,0.8947826086956521,0.1,0.1,-0.1271853146853147,0.0219679233809667,-0.1052173913043479,f1
sbm_density_matched__a6fc707be1__i01__informative__t00__p41001,sbm_density_matched__a6fc707be1__i01,sbm_density_matched,sbm_density_matched__a6fc707be1,sbm_density_matched__a6fc707be1__i01__informative__t00,informative,1670134081,41001,0.9582971014492754,0.8948412698412698,0.9171723928245668,0.9171723928245668,0.4,0.4,-0.0634558316080056,0.0223311229832969,-0.0411247086247086,f1
sbm_density_matched__a6fc707be1__i01__informative__t01__p41000,sbm_density_matched__a6fc707be1__i01,sbm_density_matched,sbm_density_matched__a6fc707be1,sbm_density_matched__a6fc707be1__i01__informative__t01,informative,698382868,41000,1.0,0.9198193111236588,0.9791304347826086,0.9791304347826086,0.4,0.4,-0.0801806888763411,0.0593111236589497,-0.0208695652173913,f1
sbm_density_matched__a6fc707be1__i01__informative__t01__p41001,sbm_density_matched__a6fc707be1__i01,sbm_density_matched,sbm_density_matched__a6fc707be1,sbm_density_matched__a6fc707be1__i01__informative__t01,informative,698382868,41001,0.958041958041958,0.9371723928245668,0.9371723928245668,0.916439393939394,0.0,0.1,-0.0208695652173912,-0.0207329988851728,-0.0208695652173912,f1
sbm_density_matched__a6fc707be1__i01__noisy__t00__p41000,sbm_density_matched__a6fc707be1__i01,sbm_density_matched,sbm_density_matched__a6fc707be1,sbm_density_matched__a6fc707be1__i01__noisy__t00,noisy,1754711393,41000,0.9381967670011148,0.6631328320802005,0.8733256477821695,0.8733256477821695,0.55,0.55,-0.2750639349209144,0.210192815701969,-0.0648711192189454,f1
sbm_density_matched__a6fc707be1__i01__noisy__t00__p41001,sbm_density_matched__a6fc707be1__i01,sbm_density_matched,sbm_density_matched__a6fc707be1,sbm_density_matched__a6fc707be1__i01__noisy__t00,noisy,1754711393,41001,0.8937121212121212,0.6172943722943723,0.8131521739130434,0.8131521739130434,0.55,0.55,-0.2764177489177488,0.195857801618671,-0.0805599472990777,f1
sbm_density_matched__a6fc707be1__i01__noisy__t01__p41000,sbm_density_matched__a6fc707be1__i01,sbm_density_matched,sbm_density_matched__a6fc707be1,sbm_density_matched__a6fc707be1__i01__noisy__t01,noisy,1436161979,41000,0.875,0.650103519668737,0.8349267399267399,0.8349267399267399,0.55,0.55,-0.2248964803312629,0.1848232202580029,-0.04007326007326,f1
sbm_density_matched__a6fc707be1__i01__noisy__t01__p41001,sbm_density_matched__a6fc707be1__i01,sbm_density_matched,sbm_density_matched__a6fc707be1,sbm_density_matched__a6fc707be1__i01__noisy__t01,noisy,1436161979,41001,0.8728911185432925,0.6666666666666666,0.8934523809523809,0.8934523809523809,0.55,0.55,-0.2062244518766258,0.2267857142857142,0.0205612624090884,f1
sbm_density_matched__a6fc707be1__i01__partial__t00__p41000,sbm_density_matched__a6fc707be1__i01,sbm_density_matched,sbm_density_matched__a6fc707be1,sbm_density_matched__a6fc707be1__i01__partial__t00,partial,1032424456,41000,0.9115384615384616,0.8304761904761904,0.8528428093645485,0.8528428093645485,0.55,0.55,-0.0810622710622712,0.0223666188883581,-0.0586956521739131,f1
sbm_density_matched__a6fc707be1__i01__partial__t00__p41001,sbm_density_matched__a6fc707be1__i01,sbm_density_matched,sbm_density_matched__a6fc707be1,sbm_density_matched__a6fc707be1__i01__partial__t00,partial,1032424456,41001,0.9372086247086248,0.8266770186335404,0.8922222222222222,0.8922222222222222,0.55,0.55,-0.1105316060750843,0.0655452035886818,-0.0449864024864025,f1
sbm_density_matched__a6fc707be1__i01__partial__t01__p41000,sbm_density_matched__a6fc707be1__i01,sbm_density_matched,sbm_density_matched__a6fc707be1,sbm_density_matched__a6fc707be1__i01__partial__t01,partial,48746095,41000,0.9163752913752914,0.8096633501431103,0.8748188405797102,0.8748188405797102,0.55,0.55,-0.106711941232181,0.0651554904365998,-0.0415564507955812,f1
sbm_density_matched__a6fc707be1__i01__partial__t01__p41001,sbm_density_matched__a6fc707be1__i01,sbm_density_matched,sbm_density_matched__a6fc707be1,sbm_density_matched__a6fc707be1__i01__partial__t01,partial,48746095,41001,0.8501751871317089,0.7807579847053531,0.7597222222222222,0.7597222222222222,0.25,0.25,-0.0694172024263558,-0.0210357624831308,-0.0904529649094867,f1
sbm_density_matched__a6fc707be1__i02__informative__t00__p41000,sbm_density_matched__a6fc707be1__i02,sbm_density_matched,sbm_density_matched__a6fc707be1,sbm_density_matched__a6fc707be1__i02__informative__t00,informative,1042101438,41000,0.855489417989418,0.8331521739130434,0.8331521739130434,0.8331521739130434,0.1,0.1,-0.0223372440763746,0.0,-0.0223372440763746,f1
sbm_density_matched__a6fc707be1__i02__informative__t00__p41001,sbm_density_matched__a6fc707be1__i02,sbm_density_matched,sbm_density_matched__a6fc707be1,sbm_density_matched__a6fc707be1__i02__informative__t00,informative,1042101438,41001,0.9791304347826086,0.8956060606060606,0.9375,0.9375,0.25,0.25,-0.083524374176548,0.0418939393939392,-0.0416304347826087,f1
sbm_density_matched__a6fc707be1__i02__informative__t01__p41000,sbm_density_matched__a6fc707be1__i02,sbm_density_matched,sbm_density_matched__a6fc707be1,sbm_density_matched__a6fc707be1__i02__informative__t01,informative,1325346436,41000,0.9375,0.8747826086956522,0.9165579710144928,0.9165579710144928,0.4,0.4,-0.0627173913043477,0.0417753623188404,-0.0209420289855072,f1
sbm_density_matched__a6fc707be1__i02__informative__t01__p41001,sbm_density_matched__a6fc707be1__i02,sbm_density_matched,sbm_density_matched__a6fc707be1,sbm_density_matched__a6fc707be1__i02__informative__t01,informative,1325346436,41001,0.9791304347826086,0.8718226218226219,0.9149546106067844,0.9149546106067844,0.4,0.4,-0.1073078129599867,0.0431319887841625,-0.0641758241758241,f1
sbm_density_matched__a6fc707be1__i02__noisy__t00__p41000,sbm_density_matched__a6fc707be1__i02,sbm_density_matched,sbm_density_matched__a6fc707be1,sbm_density_matched__a6fc707be1__i02__noisy__t00,noisy,1240032719,41000,0.8528787878787879,0.3627645502645503,0.6250841750841751,0.6250841750841751,0.4,0.4,-0.4901142376142376,0.2623196248196248,-0.2277946127946127,f1
sbm_density_matched__a6fc707be1__i02__noisy__t00__p41001,sbm_density_matched__a6fc707be1__i02,sbm_density_matched,sbm_density_matched__a6fc707be1,sbm_density_matched__a6fc707be1__i02__noisy__t00,noisy,1240032719,41001,0.7666635699244395,0.518695652173913,0.6424888517279822,0.6424888517279822,0.4,0.4,-0.2479679177505265,0.1237931995540692,-0.1241747181964573,f1
sbm_density_matched__a6fc707be1__i02__noisy__t01__p41000,sbm_density_matched__a6fc707be1__i02,sbm_density_matched,sbm_density_matched__a6fc707be1,sbm_density_matched__a6fc707be1__i02__noisy__t01,noisy,814777594,41000,0.7700367371420004,0.4285769980506823,0.6675396825396824,0.6675396825396824,0.55,0.55,-0.3414597390913181,0.2389626844890001,-0.1024970546023179,f1
sbm_density_matched__a6fc707be1__i02__noisy__t01__p41001,sbm_density_matched__a6fc707be1__i02,sbm_density_matched,sbm_density_matched__a6fc707be1,sbm_density_matched__a6fc707be1__i02__noisy__t01,noisy,814777594,41001,0.7528787878787879,0.5397157190635451,0.68503663003663,0.68503663003663,0.4,0.4,-0.2131630688152428,0.1453209109730848,-0.0678421578421579,f1
sbm_density_matched__a6fc707be1__i02__partial__t00__p41000,sbm_density_matched__a6fc707be1__i02,sbm_density_matched,sbm_density_matched__a6fc707be1,sbm_density_matched__a6fc707be1__i02__partial__t00,partial,959510184,41000,0.8327505827505828,0.7035714285714286,0.7497463768115943,0.7497463768115943,0.25,0.25,-0.1291791541791541,0.0461749482401656,-0.0830042059389885,f1
sbm_density_matched__a6fc707be1__i02__partial__t00__p41001,sbm_density_matched__a6fc707be1__i02,sbm_density_matched,sbm_density_matched__a6fc707be1,sbm_density_matched__a6fc707be1__i02__partial__t00,partial,959510184,41001,0.835380722337244,0.6474567099567099,0.771313549574419,0.771313549574419,0.55,0.55,-0.1879240123805341,0.1238568396177091,-0.064067172762825,f1
sbm_density_matched__a6fc707be1__i02__partial__t01__p41000,sbm_density_matched__a6fc707be1__i02,sbm_density_matched,sbm_density_matched__a6fc707be1,sbm_density_matched__a6fc707be1__i02__partial__t01,partial,1623422262,41000,0.8536941319550015,0.6216144724840378,0.7901515151515153,0.7901515151515153,0.55,0.55,-0.2320796594709637,0.1685370426674775,-0.0635426168034862,f1
sbm_density_matched__a6fc707be1__i02__partial__t01__p41001,sbm_density_matched__a6fc707be1__i02,sbm_density_matched,sbm_density_matched__a6fc707be1,sbm_density_matched__a6fc707be1__i02__partial__t01,partial,1623422262,41001,0.8538198757763975,0.7093181818181817,0.8525132275132274,0.8525132275132274,0.55,0.55,-0.1445016939582157,0.1431950456950457,-0.00130664826317,f1
sbm_density_matched__a6fc707be1__i03__informative__t00__p41000,sbm_density_matched__a6fc707be1__i03,sbm_density_matched,sbm_density_matched__a6fc707be1,sbm_density_matched__a6fc707be1__i03__informative__t00,informative,1587120011,41000,0.9372727272727271,0.8590909090909091,0.8763410502540937,0.8763410502540937,0.1,0.1,-0.0781818181818181,0.0172501411631845,-0.0609316770186335,f1
sbm_density_matched__a6fc707be1__i03__informative__t00__p41001,sbm_density_matched__a6fc707be1__i03,sbm_density_matched,sbm_density_matched__a6fc707be1,sbm_density_matched__a6fc707be1__i03__informative__t00,informative,1587120011,41001,0.9582971014492752,0.8738992408557625,0.8763227513227513,0.8763227513227513,0.55,0.55,-0.0843978605935127,0.0024235104669887,-0.0819743501265239,f1
sbm_density_matched__a6fc707be1__i03__informative__t01__p41000,sbm_density_matched__a6fc707be1__i03,sbm_density_matched,sbm_density_matched__a6fc707be1,sbm_density_matched__a6fc707be1__i03__informative__t01,informative,1027332380,41000,0.9582608695652174,0.9165579710144928,0.917463768115942,0.917463768115942,0.55,0.55,-0.0417028985507246,0.0009057971014492,-0.0407971014492754,f1
sbm_density_matched__a6fc707be1__i03__informative__t01__p41001,sbm_density_matched__a6fc707be1__i03,sbm_density_matched,sbm_density_matched__a6fc707be1,sbm_density_matched__a6fc707be1__i03__informative__t01,informative,1027332380,41001,0.9791304347826086,0.916439393939394,0.9572727272727272,0.9572727272727272,0.1,0.1,-0.0626910408432147,0.0408333333333333,-0.0218577075098813,f1
sbm_density_matched__a6fc707be1__i03__noisy__t00__p41000,sbm_density_matched__a6fc707be1__i03,sbm_density_matched,sbm_density_matched__a6fc707be1,sbm_density_matched__a6fc707be1__i03__noisy__t00,noisy,1848521091,41000,0.8314102564102565,0.6242553742553743,0.8323076923076923,0.8323076923076923,0.55,0.55,-0.2071548821548822,0.208052318052318,0.0008974358974358,f1
sbm_density_matched__a6fc707be1__i03__noisy__t00__p41001,sbm_density_matched__a6fc707be1__i03,sbm_density_matched,sbm_density_matched__a6fc707be1,sbm_density_matched__a6fc707be1__i03__noisy__t00,noisy,1848521091,41001,0.7916666666666667,0.6060869565217392,0.6403894012589665,0.6403894012589665,0.55,0.55,-0.1855797101449275,0.0343024447372273,-0.1512772654077002,f1
sbm_density_matched__a6fc707be1__i03__noisy__t01__p41000,sbm_density_matched__a6fc707be1__i03,sbm_density_matched,sbm_density_matched__a6fc707be1,sbm_density_matched__a6fc707be1__i03__noisy__t01,noisy,520570485,41000,0.7471153846153846,0.4768945868945868,0.6016483516483516,0.6016483516483516,0.4,0.4,-0.2702207977207977,0.1247537647537647,-0.145467032967033,f1
sbm_density_matched__a6fc707be1__i03__noisy__t01__p41001,sbm_density_matched__a6fc707be1__i03,sbm_density_matched,sbm_density_matched__a6fc707be1,sbm_density_matched__a6fc707be1__i03__noisy__t01,noisy,520570485,41001,0.8150344019909237,0.6021212121212121,0.8130434782608695,0.8130434782608695,0.55,0.55,-0.2129131898697116,0.2109222661396574,-0.0019909237300541,f1
sbm_density_matched__a6fc707be1__i03__partial__t00__p41000,sbm_density_matched__a6fc707be1__i03,sbm_density_matched,sbm_density_matched__a6fc707be1,sbm_density_matched__a6fc707be1__i03__partial__t00,partial,827834271,41000,0.9163752913752912,0.6067310789049919,0.6789569031273837,0.6789569031273837,0.25,0.25,-0.3096442124702994,0.0722258242223917,-0.2374183882479076,f1
sbm_density_matched__a6fc707be1__i03__partial__t00__p41001,sbm_density_matched__a6fc707be1__i03,sbm_density_matched,sbm_density_matched__a6fc707be1,sbm_density_matched__a6fc707be1__i03__partial__t00,partial,827834271,41001,0.8954332623897842,0.7072463768115942,0.7881987577639751,0.7881987577639751,0.25,0.25,-0.1881868855781899,0.0809523809523808,-0.107234504625809,f1
sbm_density_matched__a6fc707be1__i03__partial__t01__p41000,sbm_density_matched__a6fc707be1__i03,sbm_density_matched,sbm_density_matched__a6fc707be1,sbm_density_matched__a6fc707be1__i03__partial__t01,partial,1420451743,41000,0.8187136139722346,0.6379313668787352,0.7704761904761905,0.7704761904761905,0.4,0.4,-0.1807822470934994,0.1325448235974553,-0.048237423496044,f1
sbm_density_matched__a6fc707be1__i03__partial__t01__p41001,sbm_density_matched__a6fc707be1__i03,sbm_density_matched,sbm_density_matched__a6fc707be1,sbm_density_matched__a6fc707be1__i03__partial__t01,partial,1420451743,41001,0.8122346654955351,0.7489855072463768,0.8765217391304349,0.8765217391304349,0.4,0.4,-0.0632491582491583,0.127536231884058,0.0642870736348997,f1
sbm_density_matched__a6fc707be1__i04__informative__t00__p41000,sbm_density_matched__a6fc707be1__i04,sbm_density_matched,sbm_density_matched__a6fc707be1,sbm_density_matched__a6fc707be1__i04__informative__t00,informative,1026956602,41000,0.9582608695652174,0.8763935340022297,0.8754877369007804,0.8754877369007804,0.1,0.1,-0.0818673355629876,-0.0009057971014493,-0.0827731326644369,f1
sbm_density_matched__a6fc707be1__i04__informative__t00__p41001,sbm_density_matched__a6fc707be1__i04,sbm_density_matched,sbm_density_matched__a6fc707be1,sbm_density_matched__a6fc707be1__i04__informative__t00,informative,1026956602,41001,0.8971723928245667,0.7184034966643662,0.8266770186335404,0.8266770186335404,0.55,0.55,-0.1787688961602005,0.1082735219691741,-0.0704953741910263,f1
sbm_density_matched__a6fc707be1__i04__informative__t01__p41000,sbm_density_matched__a6fc707be1__i04,sbm_density_matched,sbm_density_matched__a6fc707be1,sbm_density_matched__a6fc707be1__i04__informative__t01,informative,962156318,41000,0.8705555555555556,0.8971198527720265,0.9372727272727271,0.9372727272727271,0.25,0.25,0.0265642972164709,0.0401528745007007,0.0667171717171716,f1
sbm_density_matched__a6fc707be1__i04__informative__t01__p41001,sbm_density_matched__a6fc707be1__i04,sbm_density_matched,sbm_density_matched__a6fc707be1,sbm_density_matched__a6fc707be1__i04__informative__t01,informative,962156318,41001,0.8960529205094422,0.7812037037037037,0.8728146853146854,0.8728146853146854,0.25,0.25,-0.1148492168057384,0.0916109816109816,-0.0232382351947567,f1
sbm_density_matched__a6fc707be1__i04__noisy__t00__p41000,sbm_density_matched__a6fc707be1__i04,sbm_density_matched,sbm_density_matched__a6fc707be1,sbm_density_matched__a6fc707be1__i04__noisy__t00,noisy,2051076900,41000,0.7873076923076923,0.5058940242763772,0.6979693486590038,0.6979693486590038,0.55,0.55,-0.281413668031315,0.1920753243826266,-0.0893383436486884,f1
sbm_density_matched__a6fc707be1__i04__noisy__t00__p41001,sbm_density_matched__a6fc707be1__i04,sbm_density_matched,sbm_density_matched__a6fc707be1,sbm_density_matched__a6fc707be1__i04__noisy__t00,noisy,2051076900,41001,0.8341384863123994,0.5333150183150184,0.7604978354978355,0.7604978354978355,0.4,0.4,-0.300823467997381,0.227182817182817,-0.0736406508145639,f1
sbm_density_matched__a6fc707be1__i04__noisy__t01__p41000,sbm_density_matched__a6fc707be1__i04,sbm_density_matched,sbm_density_matched__a6fc707be1,sbm_density_matched__a6fc707be1__i04__noisy__t01,noisy,97032262,41000,0.8942216117216116,0.566964939247548,0.6852766798418972,0.6852766798418972,0.55,0.55,-0.3272566724740636,0.1183117405943492,-0.2089449318797144,f1
sbm_density_matched__a6fc707be1__i04__noisy__t01__p41001,sbm_density_matched__a6fc707be1__i04,sbm_density_matched,sbm_density_matched__a6fc707be1,sbm_density_matched__a6fc707be1__i04__noisy__t01,noisy,97032262,41001,0.8331521739130434,0.5022686025408348,0.6166197946778245,0.6166197946778245,0.55,0.55,-0.3308835713722086,0.1143511921369896,-0.2165323792352189,f1
sbm_density_matched__a6fc707be1__i04__partial__t00__p41000,sbm_density_matched__a6fc707be1__i04,sbm_density_matched,sbm_density_matched__a6fc707be1,sbm_density_matched__a6fc707be1__i04__partial__t00,partial,52870145,41000,0.8733256477821695,0.6575899550224887,0.7370807453416149,0.7370807453416149,0.55,0.55,-0.2157356927596807,0.0794907903191262,-0.1362449024405545,f1
sbm_density_matched__a6fc707be1__i04__partial__t00__p41001,sbm_density_matched__a6fc707be1__i04,sbm_density_matched,sbm_density_matched__a6fc707be1,sbm_density_matched__a6fc707be1__i04__partial__t00,partial,52870145,41001,0.8500897170462387,0.7496965802812878,0.8101515151515152,0.8101515151515152,0.55,0.55,-0.1003931367649508,0.0604549348702273,-0.0399382018947235,f1
sbm_density_matched__a6fc707be1__i04__partial__t01__p41000,sbm_density_matched__a6fc707be1__i04,sbm_density_matched,sbm_density_matched__a6fc707be1,sbm_density_matched__a6fc707be1__i04__partial__t01,partial,1383343122,41000,0.8534752204317422,0.5820219435736678,0.6703030303030303,0.6703030303030303,0.4,0.4,-0.2714532768580744,0.0882810867293625,-0.1831721901287119,f1
sbm_density_matched__a6fc707be1__i04__partial__t01__p41001,sbm_density_matched__a6fc707be1__i04,sbm_density_matched,sbm_density_matched__a6fc707be1,sbm_density_matched__a6fc707be1__i04__partial__t01,partial,1383343122,41001,0.856439393939394,0.6201829359724097,0.6765873015873016,0.6765873015873016,0.25,0.25,-0.2362564579669842,0.0564043656148919,-0.1798520923520923,f1
sbm_density_matched__bee2ed39c5__i00__informative__t00__p41000,sbm_density_matched__bee2ed39c5__i00,sbm_density_matched,sbm_density_matched__bee2ed39c5,sbm_density_matched__bee2ed39c5__i00__informative__t00,informative,1791171895,41000,1.0,0.9791576204950064,0.9791576204950064,0.9582608695652174,0.0,0.1,-0.0208423795049934,-0.0208967509297891,-0.0208423795049934,f1
sbm_density_matched__bee2ed39c5__i00__informative__t00__p41001,sbm_density_matched__bee2ed39c5__i00,sbm_density_matched,sbm_density_matched__bee2ed39c5,sbm_density_matched__bee2ed39c5__i00__informative__t00,informative,1791171895,41001,1.0,0.9791576204950064,1.0,1.0,0.1,0.1,-0.0208423795049934,0.0208423795049934,0.0,f1
sbm_density_matched__bee2ed39c5__i00__informative__t01__p41000,sbm_density_matched__bee2ed39c5__i00,sbm_density_matched,sbm_density_matched__bee2ed39c5,sbm_density_matched__bee2ed39c5__i00__informative__t01,informative,1081494938,41000,0.9791576204950064,1.0,1.0,1.0,0.0,0.1,0.0208423795049934,0.0,0.0208423795049934,f1
sbm_density_matched__bee2ed39c5__i00__informative__t01__p41001,sbm_density_matched__bee2ed39c5__i00,sbm_density_matched,sbm_density_matched__bee2ed39c5,sbm_density_matched__bee2ed39c5__i00__informative__t01,informative,1081494938,41001,1.0,1.0,1.0,1.0,0.1,0.1,0.0,0.0,0.0,f1
sbm_density_matched__bee2ed39c5__i00__noisy__t00__p41000,sbm_density_matched__bee2ed39c5__i00,sbm_density_matched,sbm_density_matched__bee2ed39c5,sbm_density_matched__bee2ed39c5__i00__noisy__t00,noisy,942563154,41000,0.9372549019607844,0.8957881024750325,0.8954248366013071,0.8954248366013071,0.4,0.4,-0.0414667994857518,-0.0003632658737253,-0.0418300653594772,f1
sbm_density_matched__bee2ed39c5__i00__noisy__t00__p41001,sbm_density_matched__bee2ed39c5__i00,sbm_density_matched,sbm_density_matched__bee2ed39c5,sbm_density_matched__bee2ed39c5__i00__noisy__t00,noisy,942563154,41001,0.9791576204950064,0.8957881024750325,0.9166666666666666,0.9166666666666666,0.55,0.55,-0.083369518019974,0.0208785641916341,-0.0624909538283399,f1
sbm_density_matched__bee2ed39c5__i00__noisy__t01__p41000,sbm_density_matched__bee2ed39c5__i00,sbm_density_matched,sbm_density_matched__bee2ed39c5,sbm_density_matched__bee2ed39c5__i00__noisy__t01,noisy,1529145329,41000,0.9791576204950064,0.7902097902097902,0.8957881024750325,0.8957881024750325,0.25,0.25,-0.1889478302852163,0.1055783122652422,-0.083369518019974,f1
sbm_density_matched__bee2ed39c5__i00__noisy__t01__p41001,sbm_density_matched__bee2ed39c5__i00,sbm_density_matched,sbm_density_matched__bee2ed39c5,sbm_density_matched__bee2ed39c5__i00__noisy__t01,noisy,1529145329,41001,1.0,0.7902097902097902,0.9583333333333334,0.9583333333333334,0.55,0.55,-0.2097902097902098,0.1681235431235431,-0.0416666666666666,f1
sbm_density_matched__bee2ed39c5__i00__partial__t00__p41000,sbm_density_matched__bee2ed39c5__i00,sbm_density_matched,sbm_density_matched__bee2ed39c5,sbm_density_matched__bee2ed39c5__i00__partial__t00,partial,1128560163,41000,0.9791576204950064,0.9166666666666666,0.9791576204950064,0.9791576204950064,0.4,0.4,-0.0624909538283399,0.0624909538283399,0.0,f1
sbm_density_matched__bee2ed39c5__i00__partial__t00__p41001,sbm_density_matched__bee2ed39c5__i00,sbm_density_matched,sbm_density_matched__bee2ed39c5,sbm_density_matched__bee2ed39c5__i00__partial__t00,partial,1128560163,41001,0.8946906537955244,0.8946906537955244,0.8946906537955244,0.9791576204950064,0.0,0.1,0.0,0.0844669666994821,0.0,f1
sbm_density_matched__bee2ed39c5__i00__partial__t01__p41000,sbm_density_matched__bee2ed39c5__i00,sbm_density_matched,sbm_density_matched__bee2ed39c5,sbm_density_matched__bee2ed39c5__i00__partial__t01,partial,42479239,41000,0.9583333333333334,0.9372549019607844,0.8957881024750325,0.8957881024750325,0.1,0.1,-0.021078431372549,-0.0414667994857518,-0.0625452308583008,f1
sbm_density_matched__bee2ed39c5__i00__partial__t01__p41001,sbm_density_matched__bee2ed39c5__i00,sbm_density_matched,sbm_density_matched__bee2ed39c5,sbm_density_matched__bee2ed39c5__i00__partial__t01,partial,42479239,41001,1.0,0.8535947712418301,1.0,1.0,0.4,0.4,-0.1464052287581698,0.1464052287581698,0.0,f1
sbm_density_matched__bee2ed39c5__i01__informative__t00__p41000,sbm_density_matched__bee2ed39c5__i01,sbm_density_matched,sbm_density_matched__bee2ed39c5,sbm_density_matched__bee2ed39c5__i01__informative__t00,informative,724662838,41000,0.9165217391304348,1.0,1.0,1.0,0.1,0.1,0.0834782608695652,0.0,0.0834782608695652,f1
sbm_density_matched__bee2ed39c5__i01__informative__t00__p41001,sbm_density_matched__bee2ed39c5__i01,sbm_density_matched,sbm_density_matched__bee2ed39c5,sbm_density_matched__bee2ed39c5__i01__informative__t00,informative,724662838,41001,1.0,0.9374728614850196,0.9374728614850196,1.0,0.0,0.1,-0.0625271385149803,0.0625271385149803,-0.0625271385149803,f1
sbm_density_matched__bee2ed39c5__i01__informative__t01__p41000,sbm_density_matched__bee2ed39c5__i01,sbm_density_matched,sbm_density_matched__bee2ed39c5,sbm_density_matched__bee2ed39c5__i01__informative__t01,informative,1627783755,41000,1.0,0.9791576204950064,0.9791576204950064,0.9791576204950064,0.0,0.1,-0.0208423795049934,0.0,-0.0208423795049934,f1
sbm_density_matched__bee2ed39c5__i01__informative__t01__p41001,sbm_density_matched__bee2ed39c5__i01,sbm_density_matched,sbm_density_matched__bee2ed39c5,sbm_density_matched__bee2ed39c5__i01__informative__t01,informative,1627783755,41001,1.0,0.875,0.875,0.875,0.0,0.1,-0.125,0.0,-0.125,f1
sbm_density_matched__bee2ed39c5__i01__noisy__t00__p41000,sbm_density_matched__bee2ed39c5__i01,sbm_density_matched,sbm_density_matched__bee2ed39c5,sbm_density_matched__bee2ed39c5__i01__noisy__t00,noisy,1625304559,41000,0.9791576204950064,0.8541033434650456,0.9583333333333334,0.9583333333333334,0.4,0.4,-0.1250542770299609,0.1042299898682878,-0.0208242871616731,f1
sbm_density_matched__bee2ed39c5__i01__noisy__t00__p41001,sbm_density_matched__bee2ed39c5__i01,sbm_density_matched,sbm_density_matched__bee2ed39c5,sbm_density_matched__bee2ed39c5__i01__noisy__t00,noisy,1625304559,41001,0.9791576204950064,0.8541033434650456,0.8957881024750325,0.8957881024750325,0.55,0.55,-0.1250542770299609,0.0416847590099869,-0.083369518019974,f1
sbm_density_matched__bee2ed39c5__i01__noisy__t01__p41000,sbm_density_matched__bee2ed39c5__i01,sbm_density_matched,sbm_density_matched__bee2ed39c5,sbm_density_matched__bee2ed39c5__i01__noisy__t01,noisy,1649539556,41000,0.9583333333333334,0.7916666666666666,0.8535947712418301,0.8535947712418301,0.25,0.25,-0.1666666666666667,0.0619281045751635,-0.1047385620915032,f1
sbm_density_matched__bee2ed39c5__i01__noisy__t01__p41001,sbm_density_matched__bee2ed39c5__i01,sbm_density_matched,sbm_density_matched__bee2ed39c5,sbm_density_matched__bee2ed39c5__i01__noisy__t01,noisy,1649539556,41001,0.9583333333333334,0.8056680161943319,0.875,0.875,0.4,0.4,-0.1526653171390014,0.069331983805668,-0.0833333333333333,f1
sbm_density_matched__bee2ed39c5__i01__partial__t00__p41000,sbm_density_matched__bee2ed39c5__i01,sbm_density_matched,sbm_density_matched__bee2ed39c5,sbm_density_matched__bee2ed39c5__i01__partial__t00,partial,1218049590,41000,0.9791576204950064,0.916083916083916,0.916083916083916,0.916083916083916,0.1,0.1,-0.0630737044110905,0.0,-0.0630737044110905,f1
sbm_density_matched__bee2ed39c5__i01__partial__t00__p41001,sbm_density_matched__bee2ed39c5__i01,sbm_density_matched,sbm_density_matched__bee2ed39c5,sbm_density_matched__bee2ed39c5__i01__partial__t00,partial,1218049590,41001,0.9374728614850196,0.8946906537955244,0.9791576204950064,0.9791576204950064,0.25,0.25,-0.0427822076894952,0.0844669666994821,0.0416847590099869,f1
sbm_density_matched__bee2ed39c5__i01__partial__t01__p41000,sbm_density_matched__bee2ed39c5__i01,sbm_density_matched,sbm_density_matched__bee2ed39c5,sbm_density_matched__bee2ed39c5__i01__partial__t01,partial,789103714,41000,0.9582608695652174,0.8541033434650456,0.875,0.875,0.1,0.1,-0.1041575261001718,0.0208966565349544,-0.0832608695652173,f1
sbm_density_matched__bee2ed39c5__i01__partial__t01__p41001,sbm_density_matched__bee2ed39c5__i01,sbm_density_matched,sbm_density_matched__bee2ed39c5,sbm_density_matched__bee2ed39c5__i01__partial__t01,partial,789103714,41001,0.9583333333333334,0.875,0.9582608695652174,0.9582608695652174,0.55,0.55,-0.0833333333333333,0.0832608695652173,-7.246376811598232e-05,f1
sbm_density_matched__bee2ed39c5__i02__informative__t00__p41000,sbm_density_matched__bee2ed39c5__i02,sbm_density_matched,sbm_density_matched__bee2ed39c5,sbm_density_matched__bee2ed39c5__i02__informative__t00,informative,192742087,41000,1.0,0.916083916083916,1.0,1.0,0.25,0.25,-0.0839160839160839,0.0839160839160839,0.0,f1
sbm_density_matched__bee2ed39c5__i02__informative__t00__p41001,sbm_density_matched__bee2ed39c5__i02,sbm_density_matched,sbm_density_matched__bee2ed39c5,sbm_density_matched__bee2ed39c5__i02__informative__t00,informative,192742087,41001,0.9791576204950064,0.9374728614850196,0.9374728614850196,0.9374728614850196,0.1,0.1,-0.0416847590099869,0.0,-0.0416847590099869,f1
sbm_density_matched__bee2ed39c5__i02__informative__t01__p41000,sbm_density_matched__bee2ed39c5__i02,sbm_density_matched,sbm_density_matched__bee2ed39c5,sbm_density_matched__bee2ed39c5__i02__informative__t01,informative,1390429368,41000,1.0,0.9374728614850196,0.9374728614850196,0.9791576204950064,0.0,0.1,-0.0625271385149803,0.0416847590099869,-0.0625271385149803,f1
sbm_density_matched__bee2ed39c5__i02__informative__t01__p41001,sbm_density_matched__bee2ed39c5__i02,sbm_density_matched,sbm_density_matched__bee2ed39c5,sbm_density_matched__bee2ed39c5__i02__informative__t01,informative,1390429368,41001,0.9791576204950064,1.0,1.0,0.9791576204950064,0.0,0.1,0.0208423795049934,-0.0208423795049934,0.0208423795049934,f1
sbm_density_matched__bee2ed39c5__i02__noisy__t00__p41000,sbm_density_matched__bee2ed39c5__i02,sbm_density_matched,sbm_density_matched__bee2ed39c5,sbm_density_matched__bee2ed39c5__i02__noisy__t00,noisy,1096638556,41000,0.9582608695652174,0.7658536585365854,0.9374728614850196,0.9374728614850196,0.4,0.4,-0.192407211028632,0.1716192029484342,-0.0207880080801977,f1
sbm_density_matched__bee2ed39c5__i02__noisy__t00__p41001,sbm_density_matched__bee2ed39c5__i02,sbm_density_matched,sbm_density_matched__bee2ed39c5,sbm_density_matched__bee2ed39c5__i02__noisy__t00,noisy,1096638556,41001,0.9791576204950064,0.7261956998683634,0.9166666666666666,0.9166666666666666,0.25,0.25,-0.2529619206266431,0.1904709667983032,-0.0624909538283399,f1
sbm_density_matched__bee2ed39c5__i02__noisy__t01__p41000,sbm_density_matched__bee2ed39c5__i02,sbm_density_matched,sbm_density_matched__bee2ed39c5,sbm_density_matched__bee2ed39c5__i02__noisy__t01,noisy,967693360,41000,0.9791576204950064,0.7482517482517483,0.8946906537955244,0.8946906537955244,0.55,0.55,-0.2309058722432582,0.146438905543776,-0.0844669666994821,f1
sbm_density_matched__bee2ed39c5__i02__noisy__t01__p41001,sbm_density_matched__bee2ed39c5__i02,sbm_density_matched,sbm_density_matched__bee2ed39c5,sbm_density_matched__bee2ed39c5__i02__noisy__t01,noisy,967693360,41001,0.9166666666666666,0.7495652173913043,0.9583333333333334,0.9583333333333334,0.55,0.55,-0.1671014492753623,0.208768115942029,0.0416666666666667,f1
sbm_density_matched__bee2ed39c5__i02__partial__t00__p41000,sbm_density_matched__bee2ed39c5__i02,sbm_density_matched,sbm_density_matched__bee2ed39c5,sbm_density_matched__bee2ed39c5__i02__partial__t00,partial,1019629318,41000,0.9791576204950064,0.9372549019607844,0.9372549019607844,0.9372549019607844,0.25,0.25,-0.0419027185342222,0.0,-0.0419027185342222,f1
sbm_density_matched__bee2ed39c5__i02__partial__t00__p41001,sbm_density_matched__bee2ed39c5__i02,sbm_density_matched,sbm_density_matched__bee2ed39c5,sbm_density_matched__bee2ed39c5__i02__partial__t00,partial,1019629318,41001,1.0,0.9372549019607844,1.0,1.0,0.55,0.55,-0.0627450980392156,0.0627450980392156,0.0,f1
sbm_density_matched__bee2ed39c5__i02__partial__t01__p41000,sbm_density_matched__bee2ed39c5__i02,sbm_density_matched,sbm_density_matched__bee2ed39c5,sbm_density_matched__bee2ed39c5__i02__partial__t01,partial,353182913,41000,1.0,0.8954248366013071,0.9582608695652174,0.9582608695652174,0.55,0.55,-0.1045751633986928,0.0628360329639102,-0.0417391304347826,f1
sbm_density_matched__bee2ed39c5__i02__partial__t01__p41001,sbm_density_matched__bee2ed39c5__i02,sbm_density_matched,sbm_density_matched__bee2ed39c5,sbm_density_matched__bee2ed39c5__i02__partial__t01,partial,353182913,41001,0.9583333333333334,0.791304347826087,0.9165217391304348,0.9165217391304348,0.4,0.4,-0.1670289855072463,0.1252173913043477,-0.0418115942028985,f1
sbm_density_matched__bee2ed39c5__i03__informative__t00__p41000,sbm_density_matched__bee2ed39c5__i03,sbm_density_matched,sbm_density_matched__bee2ed39c5,sbm_density_matched__bee2ed39c5__i03__informative__t00,informative,1893014734,41000,0.9791576204950064,0.9165217391304348,0.9582608695652174,0.9582608695652174,0.25,0.25,-0.0626358813645717,0.0417391304347826,-0.0208967509297891,f1
sbm_density_matched__bee2ed39c5__i03__informative__t00__p41001,sbm_density_matched__bee2ed39c5__i03,sbm_density_matched,sbm_density_matched__bee2ed39c5,sbm_density_matched__bee2ed39c5__i03__informative__t00,informative,1893014734,41001,0.9791576204950064,0.8954248366013071,0.9582608695652174,0.9582608695652174,0.25,0.25,-0.0837327838936994,0.0628360329639102,-0.0208967509297891,f1
sbm_density_matched__bee2ed39c5__i03__informative__t01__p41000,sbm_density_matched__bee2ed39c5__i03,sbm_density_matched,sbm_density_matched__bee2ed39c5,sbm_density_matched__bee2ed39c5__i03__informative__t01,informative,1429283498,41000,0.9374728614850196,0.9582608695652174,0.9582608695652174,0.9582608695652174,0.0,0.1,0.0207880080801977,0.0,0.0207880080801977,f1
sbm_density_matched__bee2ed39c5__i03__informative__t01__p41001,sbm_density_matched__bee2ed39c5__i03,sbm_density_matched,sbm_density_matched__bee2ed39c5,sbm_density_matched__bee2ed39c5__i03__informative__t01,informative,1429283498,41001,0.9791576204950064,0.9791576204950064,0.9791576204950064,0.9582608695652174,0.0,0.1,0.0,-0.0208967509297891,0.0,f1
sbm_density_matched__bee2ed39c5__i03__noisy__t00__p41000,sbm_density_matched__bee2ed39c5__i03,sbm_density_matched,sbm_density_matched__bee2ed39c5,sbm_density_matched__bee2ed39c5__i03__noisy__t00,noisy,1872616755,41000,0.8957881024750325,0.8124185844550587,0.8747826086956522,0.8747826086956522,0.25,0.25,-0.0833695180199738,0.0623640242405935,-0.0210054937793803,f1
sbm_density_matched__bee2ed39c5__i03__noisy__t00__p41001,sbm_density_matched__bee2ed39c5__i03,sbm_density_matched,sbm_density_matched__bee2ed39c5,sbm_density_matched__bee2ed39c5__i03__noisy__t00,noisy,1872616755,41001,0.9791576204950064,0.8330434782608696,0.875,0.875,0.55,0.55,-0.146114142234137,0.0419565217391304,-0.1041576204950065,f1
sbm_density_matched__bee2ed39c5__i03__noisy__t01__p41000,sbm_density_matched__bee2ed39c5__i03,sbm_density_matched,sbm_density_matched__bee2ed39c5,sbm_density_matched__bee2ed39c5__i03__noisy__t01,noisy,365679003,41000,0.8747826086956522,0.75,0.7707338254450716,0.7707338254450716,0.55,0.55,-0.1247826086956521,0.0207338254450716,-0.1040487832505805,f1
sbm_density_matched__bee2ed39c5__i03__noisy__t01__p41001,sbm_density_matched__bee2ed39c5__i03,sbm_density_matched,sbm_density_matched__bee2ed39c5,sbm_density_matched__bee2ed39c5__i03__noisy__t01,noisy,365679003,41001,0.8747826086956522,0.5767195767195767,0.791304347826087,0.791304347826087,0.55,0.55,-0.2980630319760754,0.2145847711065103,-0.0834782608695651,f1
sbm_density_matched__bee2ed39c5__i03__partial__t00__p41000,sbm_density_matched__bee2ed39c5__i03,sbm_density_matched,sbm_density_matched__bee2ed39c5,sbm_density_matched__bee2ed39c5__i03__partial__t00,partial,215072872,41000,0.9165217391304348,0.8124185844550587,0.875,0.875,0.1,0.1,-0.1041031546753761,0.0625814155449413,-0.0415217391304347,f1
sbm_density_matched__bee2ed39c5__i03__partial__t00__p41001,sbm_density_matched__bee2ed39c5__i03,sbm_density_matched,sbm_density_matched__bee2ed39c5,sbm_density_matched__bee2ed39c5__i03__partial__t00,partial,215072872,41001,0.9791576204950064,0.916083916083916,0.9791576204950064,0.9791576204950064,0.1,0.1,-0.0630737044110905,0.0630737044110905,0.0,f1
sbm_density_matched__bee2ed39c5__i03__partial__t01__p41000,sbm_density_matched__bee2ed39c5__i03,sbm_density_matched,sbm_density_matched__bee2ed39c5,sbm_density_matched__bee2ed39c5__i03__partial__t01,partial,2138221717,41000,0.9374728614850196,0.9374728614850196,0.9791576204950064,0.9791576204950064,0.55,0.55,0.0,0.0416847590099869,0.0416847590099869,f1
sbm_density_matched__bee2ed39c5__i03__partial__t01__p41001,sbm_density_matched__bee2ed39c5__i03,sbm_density_matched,sbm_density_matched__bee2ed39c5,sbm_density_matched__bee2ed39c5__i03__partial__t01,partial,2138221717,41001,1.0,0.873015873015873,0.9791576204950064,0.9791576204950064,0.4,0.4,-0.1269841269841269,0.1061417474791335,-0.0208423795049934,f1
sbm_density_matched__bee2ed39c5__i04__informative__t00__p41000,sbm_density_matched__bee2ed39c5__i04,sbm_density_matched,sbm_density_matched__bee2ed39c5,sbm_density_matched__bee2ed39c5__i04__informative__t00,informative,2042660875,41000,0.9791576204950064,0.9372549019607844,0.9791576204950064,0.9791576204950064,0.1,0.1,-0.0419027185342222,0.0419027185342222,0.0,f1
sbm_density_matched__bee2ed39c5__i04__informative__t00__p41001,sbm_density_matched__bee2ed39c5__i04,sbm_density_matched,sbm_density_matched__bee2ed39c5,sbm_density_matched__bee2ed39c5__i04__informative__t00,informative,2042660875,41001,1.0,0.9372549019607844,0.9372549019607844,0.873015873015873,0.0,0.1,-0.0627450980392156,-0.0642390289449112,-0.0627450980392156,f1
sbm_density_matched__bee2ed39c5__i04__informative__t01__p41000,sbm_density_matched__bee2ed39c5__i04,sbm_density_matched,sbm_density_matched__bee2ed39c5,sbm_density_matched__bee2ed39c5__i04__informative__t01,informative,19438311,41000,0.9791576204950064,0.9374728614850196,0.9374728614850196,0.9165217391304348,0.0,0.1,-0.0416847590099869,-0.0209511223545848,-0.0416847590099869,f1
sbm_density_matched__bee2ed39c5__i04__informative__t01__p41001,sbm_density_matched__bee2ed39c5__i04,sbm_density_matched,sbm_density_matched__bee2ed39c5,sbm_density_matched__bee2ed39c5__i04__informative__t01,informative,19438311,41001,1.0,1.0,0.9374728614850196,0.9374728614850196,0.25,0.25,0.0,-0.0625271385149803,-0.0625271385149803,f1
sbm_density_matched__bee2ed39c5__i04__noisy__t00__p41000,sbm_density_matched__bee2ed39c5__i04,sbm_density_matched,sbm_density_matched__bee2ed39c5,sbm_density_matched__bee2ed39c5__i04__noisy__t00,noisy,552438699,41000,0.9372549019607844,0.7699346405228757,0.9374728614850196,0.9374728614850196,0.25,0.25,-0.1673202614379085,0.1675382209621438,0.0002179595242353,f1
sbm_density_matched__bee2ed39c5__i04__noisy__t00__p41001,sbm_density_matched__bee2ed39c5__i04,sbm_density_matched,sbm_density_matched__bee2ed39c5,sbm_density_matched__bee2ed39c5__i04__noisy__t00,noisy,552438699,41001,0.9791576204950064,0.7261956998683634,0.8954248366013071,0.8954248366013071,0.25,0.25,-0.2529619206266431,0.1692291367329437,-0.0837327838936994,f1
sbm_density_matched__bee2ed39c5__i04__noisy__t01__p41000,sbm_density_matched__bee2ed39c5__i04,sbm_density_matched,sbm_density_matched__bee2ed39c5,sbm_density_matched__bee2ed39c5__i04__noisy__t01,noisy,1289905175,41000,0.9166666666666666,0.8124185844550587,0.9166666666666666,0.9166666666666666,0.4,0.4,-0.1042480822116079,0.1042480822116079,0.0,f1
sbm_density_matched__bee2ed39c5__i04__noisy__t01__p41001,sbm_density_matched__bee2ed39c5__i04,sbm_density_matched,sbm_density_matched__bee2ed39c5,sbm_density_matched__bee2ed39c5__i04__noisy__t01,noisy,1289905175,41001,0.9583333333333334,0.8124185844550587,0.8957881024750325,0.8957881024750325,0.4,0.4,-0.1459147488782747,0.0833695180199738,-0.0625452308583008,f1
sbm_density_matched__bee2ed39c5__i04__partial__t00__p41000,sbm_density_matched__bee2ed39c5__i04,sbm_density_matched,sbm_density_matched__bee2ed39c5,sbm_density_matched__bee2ed39c5__i04__partial__t00,partial,391814697,41000,0.8957881024750325,0.8957881024750325,0.8747826086956522,0.8747826086956522,0.1,0.1,0.0,-0.0210054937793803,-0.0210054937793803,f1
sbm_density_matched__bee2ed39c5__i04__partial__t00__p41001,sbm_density_matched__bee2ed39c5__i04,sbm_density_matched,sbm_density_matched__bee2ed39c5,sbm_density_matched__bee2ed39c5__i04__partial__t00,partial,391814697,41001,1.0,0.9165217391304348,0.9374728614850196,0.9374728614850196,0.25,0.25,-0.0834782608695652,0.0209511223545848,-0.0625271385149803,f1
sbm_density_matched__bee2ed39c5__i04__partial__t01__p41000,sbm_density_matched__bee2ed39c5__i04,sbm_density_matched,sbm_density_matched__bee2ed39c5,sbm_density_matched__bee2ed39c5__i04__partial__t01,partial,999528049,41000,0.9582608695652174,0.8306878306878307,0.8306878306878307,0.8330434782608696,0.0,0.1,-0.1275730388773867,0.0023556475730388,-0.1275730388773867,f1
sbm_density_matched__bee2ed39c5__i04__partial__t01__p41001,sbm_density_matched__bee2ed39c5__i04,sbm_density_matched,sbm_density_matched__bee2ed39c5,sbm_density_matched__bee2ed39c5__i04__partial__t01,partial,999528049,41001,0.9582608695652174,0.8525669153137341,0.916083916083916,0.916083916083916,0.55,0.55,-0.1056939542514833,0.0635170007701819,-0.0421769534813013,f1
sbm_density_matched__d4e5f98256__i00__informative__t00__p41000,sbm_density_matched__d4e5f98256__i00,sbm_density_matched,sbm_density_matched__d4e5f98256,sbm_density_matched__d4e5f98256__i00__informative__t00,informative,975756230,41000,0.875,0.7683194383501536,0.8747826086956522,0.8747826086956522,0.4,0.4,-0.1066805616498464,0.1064631703454985,-0.0002173913043478,f1
sbm_density_matched__d4e5f98256__i00__informative__t00__p41001,sbm_density_matched__d4e5f98256__i00,sbm_density_matched,sbm_density_matched__d4e5f98256,sbm_density_matched__d4e5f98256__i00__informative__t00,informative,975756230,41001,0.8957881024750325,0.8957881024750325,0.8957881024750325,0.9165217391304348,0.0,0.55,0.0,0.0207336366554022,0.0,f1
sbm_density_matched__d4e5f98256__i00__informative__t01__p41000,sbm_density_matched__d4e5f98256__i00,sbm_density_matched,sbm_density_matched__d4e5f98256,sbm_density_matched__d4e5f98256__i00__informative__t01,informative,1421705153,41000,0.8957881024750325,0.8747826086956522,0.8747826086956522,0.8535947712418301,0.0,0.1,-0.0210054937793803,-0.021187837453822,-0.0210054937793803,f1
sbm_density_matched__d4e5f98256__i00__informative__t01__p41001,sbm_density_matched__d4e5f98256__i00,sbm_density_matched,sbm_density_matched__d4e5f98256,sbm_density_matched__d4e5f98256__i00__informative__t01,informative,1421705153,41001,0.916083916083916,0.8741258741258742,0.8957881024750325,0.8957881024750325,0.25,0.25,-0.0419580419580418,0.0216622283491583,-0.0202958136088835,f1
sbm_density_matched__d4e5f98256__i00__noisy__t00__p41000,sbm_density_matched__d4e5f98256__i00,sbm_density_matched,sbm_density_matched__d4e5f98256,sbm_density_matched__d4e5f98256__i00__noisy__t00,noisy,1136299875,41000,0.8321678321678322,0.6840719613865731,0.746031746031746,0.746031746031746,0.55,0.55,-0.148095870781259,0.0619597846451729,-0.0861360861360861,f1
sbm_density_matched__d4e5f98256__i00__noisy__t00__p41001,sbm_density_matched__d4e5f98256__i00,sbm_density_matched,sbm_density_matched__d4e5f98256,sbm_density_matched__d4e5f98256__i00__noisy__t00,noisy,1136299875,41001,0.791304347826087,0.6381374722838138,0.7281045751633988,0.7281045751633988,0.4,0.4,-0.1531668755422732,0.0899671028795849,-0.0631997726626882,f1
sbm_density_matched__d4e5f98256__i00__noisy__t01__p41000,sbm_density_matched__d4e5f98256__i00,sbm_density_matched,sbm_density_matched__d4e5f98256,sbm_density_matched__d4e5f98256__i00__noisy__t01,noisy,1437352008,41000,0.7699346405228757,0.5826086956521739,0.6666666666666666,0.6666666666666666,0.4,0.4,-0.1873259448707018,0.0840579710144927,-0.1032679738562091,f1
sbm_density_matched__d4e5f98256__i00__noisy__t01__p41001,sbm_density_matched__d4e5f98256__i00,sbm_density_matched,sbm_density_matched__d4e5f98256,sbm_density_matched__d4e5f98256__i00__noisy__t01,noisy,1437352008,41001,0.8330434782608696,0.7,0.7037037037037037,0.7037037037037037,0.25,0.25,-0.1330434782608696,0.0037037037037037,-0.1293397745571658,f1
sbm_density_matched__d4e5f98256__i00__partial__t00__p41000,sbm_density_matched__d4e5f98256__i00,sbm_density_matched,sbm_density_matched__d4e5f98256,sbm_density_matched__d4e5f98256__i00__partial__t00,partial,569593287,41000,0.8747826086956522,0.8541033434650456,0.8954248366013071,0.8954248366013071,0.55,0.55,-0.0206792652306065,0.0413214931362615,0.0206422279056549,f1
sbm_density_matched__d4e5f98256__i00__partial__t00__p41001,sbm_density_matched__d4e5f98256__i00,sbm_density_matched,sbm_density_matched__d4e5f98256,sbm_density_matched__d4e5f98256__i00__partial__t00,partial,569593287,41001,0.8747826086956522,0.6840719613865731,0.8541033434650456,0.8541033434650456,0.55,0.55,-0.190710647309079,0.1700313820784724,-0.0206792652306065,f1
sbm_density_matched__d4e5f98256__i00__partial__t01__p41000,sbm_density_matched__d4e5f98256__i00,sbm_density_matched,sbm_density_matched__d4e5f98256,sbm_density_matched__d4e5f98256__i00__partial__t01,partial,40907143,41000,0.9166666666666666,0.8321678321678322,0.7916666666666666,0.7916666666666666,0.1,0.1,-0.0844988344988344,-0.0405011655011655,-0.125,f1
sbm_density_matched__d4e5f98256__i00__partial__t01__p41001,sbm_density_matched__d4e5f98256__i00,sbm_density_matched,sbm_density_matched__d4e5f98256,sbm_density_matched__d4e5f98256__i00__partial__t01,partial,40907143,41001,0.7916666666666666,0.6873643074250977,0.75,0.75,0.4,0.4,-0.1043023592415689,0.0626356925749023,-0.0416666666666666,f1
sbm_density_matched__d4e5f98256__i01__informative__t00__p41000,sbm_density_matched__d4e5f98256__i01,sbm_density_matched,sbm_density_matched__d4e5f98256,sbm_density_matched__d4e5f98256__i01__informative__t00,informative,2055854190,41000,0.9165217391304348,0.8541033434650456,0.9166666666666666,0.9166666666666666,0.55,0.55,-0.0624183956653892,0.062563323201621,0.0001449275362318,f1
sbm_density_matched__d4e5f98256__i01__informative__t00__p41001,sbm_density_matched__d4e5f98256__i01,sbm_density_matched,sbm_density_matched__d4e5f98256,sbm_density_matched__d4e5f98256__i01__informative__t00,informative,2055854190,41001,0.8084257206208425,0.7699346405228757,0.7699346405228757,0.8104431768319438,0.0,0.1,-0.0384910800979667,0.040508536309068,-0.0384910800979667,f1
sbm_density_matched__d4e5f98256__i01__informative__t01__p41000,sbm_density_matched__d4e5f98256__i01,sbm_density_matched,sbm_density_matched__d4e5f98256,sbm_density_matched__d4e5f98256__i01__informative__t01,informative,1891460940,41000,0.9374728614850196,0.9372549019607844,0.8124185844550587,0.8124185844550587,0.4,0.4,-0.0002179595242353,-0.1248363175057256,-0.1250542770299609,f1
sbm_density_matched__d4e5f98256__i01__informative__t01__p41001,sbm_density_matched__d4e5f98256__i01,sbm_density_matched,sbm_density_matched__d4e5f98256,sbm_density_matched__d4e5f98256__i01__informative__t01,informative,1891460940,41001,0.8535947712418301,0.8535947712418301,0.8541033434650456,0.8541033434650456,0.1,0.1,0.0,0.0005085722232154,0.0005085722232154,f1
sbm_density_matched__d4e5f98256__i01__noisy__t00__p41000,sbm_density_matched__d4e5f98256__i01,sbm_density_matched,sbm_density_matched__d4e5f98256,sbm_density_matched__d4e5f98256__i01__noisy__t00,noisy,484060977,41000,0.8084257206208425,0.6613756613756614,0.6862745098039216,0.6862745098039216,0.55,0.55,-0.1470500592451811,0.0248988484282601,-0.1221512108169209,f1
sbm_density_matched__d4e5f98256__i01__noisy__t00__p41001,sbm_density_matched__d4e5f98256__i01,sbm_density_matched,sbm_density_matched__d4e5f98256,sbm_density_matched__d4e5f98256__i01__noisy__t00,noisy,484060977,41001,0.7290490664350847,0.6381374722838138,0.5804195804195804,0.5804195804195804,0.1,0.1,-0.0909115941512709,-0.0577178918642333,-0.1486294860155043,f1
sbm_density_matched__d4e5f98256__i01__noisy__t01__p41000,sbm_density_matched__d4e5f98256__i01,sbm_density_matched,sbm_density_matched__d4e5f98256,sbm_density_matched__d4e5f98256__i01__noisy__t01,noisy,1101618914,41000,0.7699346405228757,0.7083333333333334,0.6643356643356644,0.6643356643356644,0.4,0.4,-0.0616013071895423,-0.0439976689976689,-0.1055989761872113,f1
sbm_density_matched__d4e5f98256__i01__noisy__t01__p41001,sbm_density_matched__d4e5f98256__i01,sbm_density_matched,sbm_density_matched__d4e5f98256,sbm_density_matched__d4e5f98256__i01__noisy__t01,noisy,1101618914,41001,0.7482517482517483,0.8117647058823529,0.7083333333333334,0.7083333333333334,0.55,0.55,0.0635129576306046,-0.1034313725490195,-0.0399184149184149,f1
sbm_density_matched__d4e5f98256__i01__partial__t00__p41000,sbm_density_matched__d4e5f98256__i01,sbm_density_matched,sbm_density_matched__d4e5f98256,sbm_density_matched__d4e5f98256__i01__partial__t00,partial,1741660174,41000,0.8330434782608696,0.8330434782608696,0.8330434782608696,0.8747826086956522,0.0,0.1,0.0,0.0417391304347826,0.0,f1
sbm_density_matched__d4e5f98256__i01__partial__t00__p41001,sbm_density_matched__d4e5f98256__i01,sbm_density_matched,sbm_density_matched__d4e5f98256,sbm_density_matched__d4e5f98256__i01__partial__t00,partial,1741660174,41001,0.8541033434650456,0.791304347826087,0.8333333333333334,0.8333333333333334,0.25,0.25,-0.0627989956389585,0.0420289855072463,-0.0207700101317122,f1
sbm_density_matched__d4e5f98256__i01__partial__t01__p41000,sbm_density_matched__d4e5f98256__i01,sbm_density_matched,sbm_density_matched__d4e5f98256,sbm_density_matched__d4e5f98256__i01__partial__t01,partial,1056069396,41000,0.8541033434650456,0.7290490664350847,0.8124185844550587,0.8124185844550587,0.55,0.55,-0.1250542770299608,0.0833695180199739,-0.0416847590099869,f1
sbm_density_matched__d4e5f98256__i01__partial__t01__p41001,sbm_density_matched__d4e5f98256__i01,sbm_density_matched,sbm_density_matched__d4e5f98256,sbm_density_matched__d4e5f98256__i01__partial__t01,partial,1056069396,41001,0.8330434782608696,0.7232815964523283,0.7281045751633988,0.7281045751633988,0.55,0.55,-0.1097618818085413,0.0048229787110705,-0.1049389030974707,f1
sbm_density_matched__d4e5f98256__i02__informative__t00__p41000,sbm_density_matched__d4e5f98256__i02,sbm_density_matched,sbm_density_matched__d4e5f98256,sbm_density_matched__d4e5f98256__i02__informative__t00,informative,1585764890,41000,0.8541033434650456,0.8084257206208425,0.8541033434650456,0.8541033434650456,0.4,0.4,-0.045677622844203,0.045677622844203,0.0,f1
sbm_density_matched__d4e5f98256__i02__informative__t00__p41001,sbm_density_matched__d4e5f98256__i02,sbm_density_matched,sbm_density_matched__d4e5f98256,sbm_density_matched__d4e5f98256__i02__informative__t00,informative,1585764890,41001,0.9374728614850196,0.8330434782608696,0.8957881024750325,0.8957881024750325,0.25,0.25,-0.10442938322415,0.0627446242141629,-0.0416847590099871,f1
sbm_density_matched__d4e5f98256__i02__informative__t01__p41000,sbm_density_matched__d4e5f98256__i02,sbm_density_matched,sbm_density_matched__d4e5f98256,sbm_density_matched__d4e5f98256__i02__informative__t01,informative,101528300,41000,0.8535947712418301,0.7883597883597884,0.8330434782608696,0.8330434782608696,0.55,0.55,-0.0652349828820417,0.0446836899010811,-0.0205512929809605,f1
sbm_density_matched__d4e5f98256__i02__informative__t01__p41001,sbm_density_matched__d4e5f98256__i02,sbm_density_matched,sbm_density_matched__d4e5f98256,sbm_density_matched__d4e5f98256__i02__informative__t01,informative,101528300,41001,0.8747826086956522,0.875,0.8957881024750325,0.8957881024750325,0.55,0.55,0.0002173913043478,0.0207881024750324,0.0210054937793803,f1
sbm_density_matched__d4e5f98256__i02__noisy__t00__p41000,sbm_density_matched__d4e5f98256__i02,sbm_density_matched,sbm_density_matched__d4e5f98256,sbm_density_matched__d4e5f98256__i02__noisy__t00,noisy,1601118371,41000,0.8747826086956522,0.7699346405228757,0.8104431768319438,0.8104431768319438,0.4,0.4,-0.1048479681727764,0.040508536309068,-0.0643394318637083,f1
sbm_density_matched__d4e5f98256__i02__noisy__t00__p41001,sbm_density_matched__d4e5f98256__i02,sbm_density_matched,sbm_density_matched__d4e5f98256,sbm_density_matched__d4e5f98256__i02__noisy__t00,noisy,1601118371,41001,0.7290490664350847,0.7083333333333334,0.7083333333333334,0.6873643074250977,0.0,0.55,-0.0207157331017513,-0.0209690259082356,-0.0207157331017513,f1
sbm_density_matched__d4e5f98256__i02__noisy__t01__p41000,sbm_density_matched__d4e5f98256__i02,sbm_density_matched,sbm_density_matched__d4e5f98256,sbm_density_matched__d4e5f98256__i02__noisy__t01,noisy,1169206579,41000,0.7699346405228757,0.6419482229047828,0.6243478260869566,0.6243478260869566,0.25,0.25,-0.1279864176180929,-0.0176003968178262,-0.1455868144359191,f1
sbm_density_matched__d4e5f98256__i02__noisy__t01__p41001,sbm_density_matched__d4e5f98256__i02,sbm_density_matched,sbm_density_matched__d4e5f98256,sbm_density_matched__d4e5f98256__i02__noisy__t01,noisy,1169206579,41001,0.8957881024750325,0.6862745098039216,0.6862745098039216,0.746031746031746,0.0,0.4,-0.2095135926711109,0.0597572362278244,-0.2095135926711109,f1
sbm_density_matched__d4e5f98256__i02__partial__t00__p41000,sbm_density_matched__d4e5f98256__i02,sbm_density_matched,sbm_density_matched__d4e5f98256,sbm_density_matched__d4e5f98256__i02__partial__t00,partial,123664516,41000,0.8541033434650456,0.7232815964523283,0.7290490664350847,0.7290490664350847,0.4,0.4,-0.1308217470127173,0.0057674699827564,-0.1250542770299608,f1
sbm_density_matched__d4e5f98256__i02__partial__t00__p41001,sbm_density_matched__d4e5f98256__i02,sbm_density_matched,sbm_density_matched__d4e5f98256,sbm_density_matched__d4e5f98256__i02__partial__t00,partial,123664516,41001,0.8535947712418301,0.8321678321678322,0.8747826086956522,0.8747826086956522,0.1,0.1,-0.0214269390739979,0.0426147765278199,0.021187837453822,f1
sbm_density_matched__d4e5f98256__i02__partial__t01__p41000,sbm_density_matched__d4e5f98256__i02,sbm_density_matched,sbm_density_matched__d4e5f98256,sbm_density_matched__d4e5f98256__i02__partial__t01,partial,675348740,41000,0.9165217391304348,0.8321678321678322,0.8525669153137341,0.8525669153137341,0.1,0.1,-0.0843539069626025,0.0203990831459018,-0.0639548238167007,f1
sbm_density_matched__d4e5f98256__i02__partial__t01__p41001,sbm_density_matched__d4e5f98256__i02,sbm_density_matched,sbm_density_matched__d4e5f98256,sbm_density_matched__d4e5f98256__i02__partial__t01,partial,675348740,41001,0.8535947712418301,0.7707338254450716,0.8330434782608696,0.8330434782608696,0.4,0.4,-0.0828609457967585,0.0623096528157979,-0.0205512929809605,f1
sbm_density_matched__d4e5f98256__i03__informative__t00__p41000,sbm_density_matched__d4e5f98256__i03,sbm_density_matched,sbm_density_matched__d4e5f98256,sbm_density_matched__d4e5f98256__i03__informative__t00,informative,802912527,41000,0.9374728614850196,0.9165217391304348,0.9374728614850196,0.9374728614850196,0.55,0.55,-0.0209511223545848,0.0209511223545848,0.0,f1
sbm_density_matched__d4e5f98256__i03__informative__t00__p41001,sbm_density_matched__d4e5f98256__i03,sbm_density_matched,sbm_density_matched__d4e5f98256,sbm_density_matched__d4e5f98256__i03__informative__t00,informative,802912527,41001,0.9165217391304348,0.8954248366013071,0.8124185844550587,0.8124185844550587,0.1,0.1,-0.0210969025291276,-0.0830062521462484,-0.1041031546753761,f1
sbm_density_matched__d4e5f98256__i03__informative__t01__p41000,sbm_density_matched__d4e5f98256__i03,sbm_density_matched,sbm_density_matched__d4e5f98256,sbm_density_matched__d4e5f98256__i03__informative__t01,informative,1742816353,41000,0.9583333333333334,0.9165217391304348,0.9583333333333334,0.9583333333333334,0.1,0.1,-0.0418115942028985,0.0418115942028985,0.0,f1
sbm_density_matched__d4e5f98256__i03__informative__t01__p41001,sbm_density_matched__d4e5f98256__i03,sbm_density_matched,sbm_density_matched__d4e5f98256,sbm_density_matched__d4e5f98256__i03__informative__t01,informative,1742816353,41001,0.8957881024750325,0.8747826086956522,0.8747826086956522,0.9166666666666666,0.0,0.4,-0.0210054937793803,0.0418840579710144,-0.0210054937793803,f1
sbm_density_matched__d4e5f98256__i03__noisy__t00__p41000,sbm_density_matched__d4e5f98256__i03,sbm_density_matched,sbm_density_matched__d4e5f98256,sbm_density_matched__d4e5f98256__i03__noisy__t00,noisy,66870736,41000,0.8104431768319438,0.7290490664350847,0.791304347826087,0.791304347826087,0.55,0.55,-0.081394110396859,0.0622552813910023,-0.0191388290058567,f1
sbm_density_matched__d4e5f98256__i03__noisy__t00__p41001,sbm_density_matched__d4e5f98256__i03,sbm_density_matched,sbm_density_matched__d4e5f98256,sbm_density_matched__d4e5f98256__i03__noisy__t00,noisy,66870736,41001,0.6873643074250977,0.6444444444444444,0.7290490664350847,0.7290490664350847,0.1,0.1,-0.0429198629806533,0.0846046219906403,0.041684759009987,f1
sbm_density_matched__d4e5f98256__i03__noisy__t01__p41000,sbm_density_matched__d4e5f98256__i03,sbm_density_matched,sbm_density_matched__d4e5f98256,sbm_density_matched__d4e5f98256__i03__noisy__t01,noisy,1840890724,41000,0.8333333333333334,0.6643356643356644,0.6660869565217391,0.6660869565217391,0.55,0.55,-0.168997668997669,0.0017512921860747,-0.1672463768115942,f1
sbm_density_matched__d4e5f98256__i03__noisy__t01__p41001,sbm_density_matched__d4e5f98256__i03,sbm_density_matched,sbm_density_matched__d4e5f98256,sbm_density_matched__d4e5f98256__i03__noisy__t01,noisy,1840890724,41001,0.6142857142857143,0.5897435897435896,0.5901328273244781,0.5901328273244781,0.55,0.55,-0.0245421245421246,0.0003892375808884,-0.0241528869612361,f1
sbm_density_matched__d4e5f98256__i03__partial__t00__p41000,sbm_density_matched__d4e5f98256__i03,sbm_density_matched,sbm_density_matched__d4e5f98256,sbm_density_matched__d4e5f98256__i03__partial__t00,partial,986958404,41000,0.9165217391304348,0.6571428571428571,0.7658536585365854,0.7658536585365854,0.25,0.25,-0.2593788819875776,0.1087108013937282,-0.1506680805938494,f1
sbm_density_matched__d4e5f98256__i03__partial__t00__p41001,sbm_density_matched__d4e5f98256__i03,sbm_density_matched,sbm_density_matched__d4e5f98256,sbm_density_matched__d4e5f98256__i03__partial__t00,partial,986958404,41001,0.8535947712418301,0.8124185844550587,0.8124185844550587,0.8104431768319438,0.0,0.1,-0.0411761867867714,-0.0019754076231148,-0.0411761867867714,f1
sbm_density_matched__d4e5f98256__i03__partial__t01__p41000,sbm_density_matched__d4e5f98256__i03,sbm_density_matched,sbm_density_matched__d4e5f98256,sbm_density_matched__d4e5f98256__i03__partial__t01,partial,1015255736,41000,0.9374728614850196,0.7707338254450716,0.8124185844550587,0.8124185844550587,0.4,0.4,-0.166739036039948,0.041684759009987,-0.1250542770299609,f1
sbm_density_matched__d4e5f98256__i03__partial__t01__p41001,sbm_density_matched__d4e5f98256__i03,sbm_density_matched,sbm_density_matched__d4e5f98256,sbm_density_matched__d4e5f98256__i03__partial__t01,partial,1015255736,41001,0.791304347826087,0.7916666666666666,0.8124185844550587,0.8124185844550587,0.1,0.1,0.0003623188405795,0.020751917788392,0.0211142366289716,f1
sbm_density_matched__d4e5f98256__i04__informative__t00__p41000,sbm_density_matched__d4e5f98256__i04,sbm_density_matched,sbm_density_matched__d4e5f98256,sbm_density_matched__d4e5f98256__i04__informative__t00,informative,1863028773,41000,0.8525669153137341,0.8124185844550587,0.8954248366013071,0.8954248366013071,0.4,0.4,-0.0401483308586754,0.0830062521462484,0.042857921287573,f1
sbm_density_matched__d4e5f98256__i04__informative__t00__p41001,sbm_density_matched__d4e5f98256__i04,sbm_density_matched,sbm_density_matched__d4e5f98256,sbm_density_matched__d4e5f98256__i04__informative__t00,informative,1863028773,41001,0.9374728614850196,0.8954248366013071,0.8954248366013071,0.8541033434650456,0.0,0.25,-0.0420480248837125,-0.0413214931362615,-0.0420480248837125,f1
sbm_density_matched__d4e5f98256__i04__informative__t01__p41000,sbm_density_matched__d4e5f98256__i04,sbm_density_matched,sbm_density_matched__d4e5f98256,sbm_density_matched__d4e5f98256__i04__informative__t01,informative,1122795646,41000,0.9374728614850196,0.875,0.875,0.875,0.1,0.1,-0.0624728614850196,0.0,-0.0624728614850196,f1
sbm_density_matched__d4e5f98256__i04__informative__t01__p41001,sbm_density_matched__d4e5f98256__i04,sbm_density_matched,sbm_density_matched__d4e5f98256,sbm_density_matched__d4e5f98256__i04__informative__t01,informative,1122795646,41001,0.9374728614850196,0.791304347826087,0.8117647058823529,0.8117647058823529,0.1,0.1,-0.1461685136589325,0.0204603580562658,-0.1257081556026666,f1
sbm_density_matched__d4e5f98256__i04__noisy__t00__p41000,sbm_density_matched__d4e5f98256__i04,sbm_density_matched,sbm_density_matched__d4e5f98256,sbm_density_matched__d4e5f98256__i04__noisy__t00,noisy,1819253226,41000,0.8084257206208425,0.7232815964523283,0.7232815964523283,0.7699346405228757,0.0,0.25,-0.0851441241685142,0.0466530440705474,-0.0851441241685142,f1
sbm_density_matched__d4e5f98256__i04__noisy__t00__p41001,sbm_density_matched__d4e5f98256__i04,sbm_density_matched,sbm_density_matched__d4e5f98256,sbm_density_matched__d4e5f98256__i04__noisy__t00,noisy,1819253226,41001,0.75,0.7261956998683634,0.7290490664350847,0.7290490664350847,0.1,0.1,-0.0238043001316365,0.0028533665667213,-0.0209509335649152,f1
sbm_density_matched__d4e5f98256__i04__noisy__t01__p41000,sbm_density_matched__d4e5f98256__i04,sbm_density_matched,sbm_density_matched__d4e5f98256,sbm_density_matched__d4e5f98256__i04__noisy__t01,noisy,1023002380,41000,0.875,0.8124185844550587,0.8535947712418301,0.8535947712418301,0.55,0.55,-0.0625814155449413,0.0411761867867714,-0.0214052287581698,f1
sbm_density_matched__d4e5f98256__i04__noisy__t01__p41001,sbm_density_matched__d4e5f98256__i04,sbm_density_matched,sbm_density_matched__d4e5f98256,sbm_density_matched__d4e5f98256__i04__noisy__t01,noisy,1023002380,41001,0.8330434782608696,0.7495652173913043,0.7482517482517483,0.7482517482517483,0.55,0.55,-0.0834782608695652,-0.0013134691395559,-0.0847917300091212,f1
sbm_density_matched__d4e5f98256__i04__partial__t00__p41000,sbm_density_matched__d4e5f98256__i04,sbm_density_matched,sbm_density_matched__d4e5f98256,sbm_density_matched__d4e5f98256__i04__partial__t00,partial,541357579,41000,0.9372549019607844,0.7078260869565217,0.8747826086956522,0.8747826086956522,0.4,0.4,-0.2294288150042626,0.1669565217391304,-0.0624722932651321,f1
sbm_density_matched__d4e5f98256__i04__partial__t00__p41001,sbm_density_matched__d4e5f98256__i04,sbm_density_matched,sbm_density_matched__d4e5f98256,sbm_density_matched__d4e5f98256__i04__partial__t00,partial,541357579,41001,0.8747826086956522,0.7707338254450716,0.9166666666666666,0.9166666666666666,0.55,0.55,-0.1040487832505805,0.145932841221595,0.0418840579710144,f1
sbm_density_matched__d4e5f98256__i04__partial__t01__p41000,sbm_density_matched__d4e5f98256__i04,sbm_density_matched,sbm_density_matched__d4e5f98256,sbm_density_matched__d4e5f98256__i04__partial__t01,partial,410872757,41000,0.916083916083916,0.8333333333333334,0.8541033434650456,0.8541033434650456,0.1,0.1,-0.0827505827505826,0.0207700101317122,-0.0619805726188704,f1
sbm_density_matched__d4e5f98256__i04__partial__t01__p41001,sbm_density_matched__d4e5f98256__i04,sbm_density_matched,sbm_density_matched__d4e5f98256,sbm_density_matched__d4e5f98256__i04__partial__t01,partial,410872757,41001,0.791304347826087,0.6862745098039216,0.7290490664350847,0.7290490664350847,0.55,0.55,-0.1050298380221654,0.0427745566311631,-0.0622552813910023,f1
sbm_density_matched__e33dcbae26__i00__informative__t00__p41000,sbm_density_matched__e33dcbae26__i00,sbm_density_matched,sbm_density_matched__e33dcbae26,sbm_density_matched__e33dcbae26__i00__informative__t00,informative,613459955,41000,1.0,1.0,1.0,1.0,0.0,0.1,0.0,0.0,0.0,f1
sbm_density_matched__e33dcbae26__i00__informative__t00__p41001,sbm_density_matched__e33dcbae26__i00,sbm_density_matched,sbm_density_matched__e33dcbae26,sbm_density_matched__e33dcbae26__i00__informative__t00,informative,613459955,41001,1.0,1.0,1.0,1.0,0.0,0.1,0.0,0.0,0.0,f1
sbm_density_matched__e33dcbae26__i00__informative__t01__p41000,sbm_density_matched__e33dcbae26__i00,sbm_density_matched,sbm_density_matched__e33dcbae26,sbm_density_matched__e33dcbae26__i00__informative__t01,informative,38726302,41000,1.0,0.9791576204950064,0.9791576204950064,1.0,0.0,0.1,-0.0208423795049934,0.0208423795049934,-0.0208423795049934,f1
sbm_density_matched__e33dcbae26__i00__informative__t01__p41001,sbm_density_matched__e33dcbae26__i00,sbm_density_matched,sbm_density_matched__e33dcbae26,sbm_density_matched__e33dcbae26__i00__informative__t01,informative,38726302,41001,1.0,0.9791576204950064,0.9791576204950064,0.9582608695652174,0.0,0.1,-0.0208423795049934,-0.0208967509297891,-0.0208423795049934,f1
sbm_density_matched__e33dcbae26__i00__noisy__t00__p41000,sbm_density_matched__e33dcbae26__i00,sbm_density_matched,sbm_density_matched__e33dcbae26,sbm_density_matched__e33dcbae26__i00__noisy__t00,noisy,190452822,41000,1.0,0.8330434782608696,0.9165217391304348,0.9165217391304348,0.25,0.25,-0.1669565217391304,0.0834782608695652,-0.0834782608695652,f1
sbm_density_matched__e33dcbae26__i00__noisy__t00__p41001,sbm_density_matched__e33dcbae26__i00,sbm_density_matched,sbm_density_matched__e33dcbae26,sbm_density_matched__e33dcbae26__i00__noisy__t00,noisy,190452822,41001,0.9791576204950064,0.8104431768319438,0.9374728614850196,0.9374728614850196,0.25,0.25,-0.1687144436630627,0.1270296846530758,-0.0416847590099869,f1
sbm_density_matched__e33dcbae26__i00__noisy__t01__p41000,sbm_density_matched__e33dcbae26__i00,sbm_density_matched,sbm_density_matched__e33dcbae26,sbm_density_matched__e33dcbae26__i00__noisy__t01,noisy,975868781,41000,1.0,0.7078260869565217,0.9374728614850196,0.9374728614850196,0.25,0.25,-0.2921739130434783,0.2296467745284979,-0.0625271385149803,f1
sbm_density_matched__e33dcbae26__i00__noisy__t01__p41001,sbm_density_matched__e33dcbae26__i00,sbm_density_matched,sbm_density_matched__e33dcbae26,sbm_density_matched__e33dcbae26__i00__noisy__t01,noisy,975868781,41001,0.8946906537955244,0.7037037037037037,0.916083916083916,0.916083916083916,0.25,0.25,-0.1909869500918206,0.2123802123802123,0.0213932622883916,f1
sbm_density_matched__e33dcbae26__i00__partial__t00__p41000,sbm_density_matched__e33dcbae26__i00,sbm_density_matched,sbm_density_matched__e33dcbae26,sbm_density_matched__e33dcbae26__i00__partial__t00,partial,1386521743,41000,1.0,0.9791576204950064,0.9791576204950064,0.9582608695652174,0.0,0.1,-0.0208423795049934,-0.0208967509297891,-0.0208423795049934,f1
sbm_density_matched__e33dcbae26__i00__partial__t00__p41001,sbm_density_matched__e33dcbae26__i00,sbm_density_matched,sbm_density_matched__e33dcbae26,sbm_density_matched__e33dcbae26__i00__partial__t00,partial,1386521743,41001,0.9582608695652174,0.916083916083916,0.9372549019607844,0.9372549019607844,0.1,0.1,-0.0421769534813013,0.0211709858768682,-0.021005967604433,f1
sbm_density_matched__e33dcbae26__i00__partial__t01__p41000,sbm_density_matched__e33dcbae26__i00,sbm_density_matched,sbm_density_matched__e33dcbae26,sbm_density_matched__e33dcbae26__i00__partial__t01,partial,1657982596,41000,0.9791576204950064,0.9791576204950064,0.9791576204950064,0.9791576204950064,0.1,0.1,0.0,0.0,0.0,f1
sbm_density_matched__e33dcbae26__i00__partial__t01__p41001,sbm_density_matched__e33dcbae26__i00,sbm_density_matched,sbm_density_matched__e33dcbae26,sbm_density_matched__e33dcbae26__i00__partial__t01,partial,1657982596,41001,1.0,0.9374728614850196,1.0,1.0,0.1,0.1,-0.0625271385149803,0.0625271385149803,0.0,f1
sbm_density_matched__e33dcbae26__i01__informative__t00__p41000,sbm_density_matched__e33dcbae26__i01,sbm_density_matched,sbm_density_matched__e33dcbae26,sbm_density_matched__e33dcbae26__i01__informative__t00,informative,1748659229,41000,1.0,0.9791576204950064,0.9791576204950064,1.0,0.0,0.1,-0.0208423795049934,0.0208423795049934,-0.0208423795049934,f1
sbm_density_matched__e33dcbae26__i01__informative__t00__p41001,sbm_density_matched__e33dcbae26__i01,sbm_density_matched,sbm_density_matched__e33dcbae26,sbm_density_matched__e33dcbae26__i01__informative__t00,informative,1748659229,41001,1.0,0.9791576204950064,0.9791576204950064,0.916083916083916,0.0,0.1,-0.0208423795049934,-0.0630737044110905,-0.0208423795049934,f1
sbm_density_matched__e33dcbae26__i01__informative__t01__p41000,sbm_density_matched__e33dcbae26__i01,sbm_density_matched,sbm_density_matched__e33dcbae26,sbm_density_matched__e33dcbae26__i01__informative__t01,informative,655187247,41000,1.0,0.9582608695652174,0.9582608695652174,1.0,0.0,0.1,-0.0417391304347826,0.0417391304347826,-0.0417391304347826,f1
sbm_density_matched__e33dcbae26__i01__informative__t01__p41001,sbm_density_matched__e33dcbae26__i01,sbm_density_matched,sbm_density_matched__e33dcbae26,sbm_density_matched__e33dcbae26__i01__informative__t01,informative,655187247,41001,1.0,1.0,1.0,1.0,0.0,0.1,0.0,0.0,0.0,f1
sbm_density_matched__e33dcbae26__i01__noisy__t00__p41000,sbm_density_matched__e33dcbae26__i01,sbm_density_matched,sbm_density_matched__e33dcbae26,sbm_density_matched__e33dcbae26__i01__noisy__t00,noisy,2128650329,41000,0.9791576204950064,0.8124185844550587,0.9583333333333334,0.9583333333333334,0.4,0.4,-0.1667390360399478,0.1459147488782747,-0.0208242871616731,f1
sbm_density_matched__e33dcbae26__i01__noisy__t00__p41001,sbm_density_matched__e33dcbae26__i01,sbm_density_matched,sbm_density_matched__e33dcbae26,sbm_density_matched__e33dcbae26__i01__noisy__t00,noisy,2128650329,41001,0.9582608695652174,0.8117647058823529,0.9374728614850196,0.9374728614850196,0.25,0.25,-0.1464961636828644,0.1257081556026666,-0.0207880080801977,f1
sbm_density_matched__e33dcbae26__i01__noisy__t01__p41000,sbm_density_matched__e33dcbae26__i01,sbm_density_matched,sbm_density_matched__e33dcbae26,sbm_density_matched__e33dcbae26__i01__noisy__t01,noisy,911504614,41000,0.9165217391304348,0.7232815964523283,0.8541033434650456,0.8541033434650456,0.25,0.25,-0.1932401426781065,0.1308217470127173,-0.0624183956653892,f1
sbm_density_matched__e33dcbae26__i01__noisy__t01__p41001,sbm_density_matched__e33dcbae26__i01,sbm_density_matched,sbm_density_matched__e33dcbae26,sbm_density_matched__e33dcbae26__i01__noisy__t01,noisy,911504614,41001,1.0,0.6761133603238867,0.9374728614850196,0.9374728614850196,0.55,0.55,-0.3238866396761133,0.2613595011611329,-0.0625271385149803,f1
sbm_density_matched__e33dcbae26__i01__partial__t00__p41000,sbm_density_matched__e33dcbae26__i01,sbm_density_matched,sbm_density_matched__e33dcbae26,sbm_density_matched__e33dcbae26__i01__partial__t00,partial,1324476607,41000,1.0,0.8330434782608696,0.9372549019607844,0.9372549019607844,0.1,0.1,-0.1669565217391304,0.1042114236999147,-0.0627450980392156,f1
sbm_density_matched__e33dcbae26__i01__partial__t00__p41001,sbm_density_matched__e33dcbae26__i01,sbm_density_matched,sbm_density_matched__e33dcbae26,sbm_density_matched__e33dcbae26__i01__partial__t00,partial,1324476607,41001,0.9791576204950064,0.8957881024750325,0.8957881024750325,0.8957881024750325,0.1,0.1,-0.083369518019974,0.0,-0.083369518019974,f1
sbm_density_matched__e33dcbae26__i01__partial__t01__p41000,sbm_density_matched__e33dcbae26__i01,sbm_density_matched,sbm_density_matched__e33dcbae26,sbm_density_matched__e33dcbae26__i01__partial__t01,partial,407758151,41000,1.0,0.9791576204950064,0.9791576204950064,1.0,0.0,0.1,-0.0208423795049934,0.0208423795049934,-0.0208423795049934,f1
sbm_density_matched__e33dcbae26__i01__partial__t01__p41001,sbm_density_matched__e33dcbae26__i01,sbm_density_matched,sbm_density_matched__e33dcbae26,sbm_density_matched__e33dcbae26__i01__partial__t01,partial,407758151,41001,0.9791576204950064,1.0,0.9582608695652174,0.9582608695652174,0.1,0.1,0.0208423795049934,-0.0417391304347826,-0.0208967509297891,f1
sbm_density_matched__e33dcbae26__i02__informative__t00__p41000,sbm_density_matched__e33dcbae26__i02,sbm_density_matched,sbm_density_matched__e33dcbae26,sbm_density_matched__e33dcbae26__i02__informative__t00,informative,1886751145,41000,1.0,0.9791576204950064,1.0,1.0,0.1,0.1,-0.0208423795049934,0.0208423795049934,0.0,f1
sbm_density_matched__e33dcbae26__i02__informative__t00__p41001,sbm_density_matched__e33dcbae26__i02,sbm_density_matched,sbm_density_matched__e33dcbae26,sbm_density_matched__e33dcbae26__i02__informative__t00,informative,1886751145,41001,1.0,1.0,1.0,1.0,0.0,0.1,0.0,0.0,0.0,f1
sbm_density_matched__e33dcbae26__i02__informative__t01__p41000,sbm_density_matched__e33dcbae26__i02,sbm_density_matched,sbm_density_matched__e33dcbae26,sbm_density_matched__e33dcbae26__i02__informative__t01,informative,761740438,41000,0.9791576204950064,1.0,1.0,0.9791576204950064,0.0,0.1,0.0208423795049934,-0.0208423795049934,0.0208423795049934,f1
sbm_density_matched__e33dcbae26__i02__informative__t01__p41001,sbm_density_matched__e33dcbae26__i02,sbm_density_matched,sbm_density_matched__e33dcbae26,sbm_density_matched__e33dcbae26__i02__informative__t01,informative,761740438,41001,1.0,0.9791576204950064,1.0,1.0,0.1,0.1,-0.0208423795049934,0.0208423795049934,0.0,f1
sbm_density_matched__e33dcbae26__i02__noisy__t00__p41000,sbm_density_matched__e33dcbae26__i02,sbm_density_matched,sbm_density_matched__e33dcbae26,sbm_density_matched__e33dcbae26__i02__noisy__t00,noisy,1809442359,41000,1.0,0.8541033434650456,0.9583333333333334,0.9583333333333334,0.25,0.25,-0.1458966565349544,0.1042299898682878,-0.0416666666666666,f1
sbm_density_matched__e33dcbae26__i02__noisy__t00__p41001,sbm_density_matched__e33dcbae26__i02,sbm_density_matched,sbm_density_matched__e33dcbae26,sbm_density_matched__e33dcbae26__i02__noisy__t00,noisy,1809442359,41001,1.0,0.8535947712418301,0.9374728614850196,0.9374728614850196,0.4,0.4,-0.1464052287581698,0.0838780902431894,-0.0625271385149803,f1
sbm_density_matched__e33dcbae26__i02__noisy__t01__p41000,sbm_density_matched__e33dcbae26__i02,sbm_density_matched,sbm_density_matched__e33dcbae26,sbm_density_matched__e33dcbae26__i02__noisy__t01,noisy,358114208,41000,1.0,0.8946906537955244,0.916083916083916,0.916083916083916,0.1,0.1,-0.1053093462044756,0.0213932622883916,-0.0839160839160839,f1
sbm_density_matched__e33dcbae26__i02__noisy__t01__p41001,sbm_density_matched__e33dcbae26__i02,sbm_density_matched,sbm_density_matched__e33dcbae26,sbm_density_matched__e33dcbae26__i02__noisy__t01,noisy,358114208,41001,1.0,0.8321678321678322,0.8954248366013071,0.8954248366013071,0.25,0.25,-0.1678321678321678,0.0632570044334749,-0.1045751633986928,f1
sbm_density_matched__e33dcbae26__i02__partial__t00__p41000,sbm_density_matched__e33dcbae26__i02,sbm_density_matched,sbm_density_matched__e33dcbae26,sbm_density_matched__e33dcbae26__i02__partial__t00,partial,1070178314,41000,1.0,0.9791576204950064,0.9791576204950064,0.9791576204950064,0.1,0.1,-0.0208423795049934,0.0,-0.0208423795049934,f1
sbm_density_matched__e33dcbae26__i02__partial__t00__p41001,sbm_density_matched__e33dcbae26__i02,sbm_density_matched,sbm_density_matched__e33dcbae26,sbm_density_matched__e33dcbae26__i02__partial__t00,partial,1070178314,41001,1.0,0.9791576204950064,0.9791576204950064,0.9583333333333334,0.0,0.1,-0.0208423795049934,-0.0208242871616731,-0.0208423795049934,f1
sbm_density_matched__e33dcbae26__i02__partial__t01__p41000,sbm_density_matched__e33dcbae26__i02,sbm_density_matched,sbm_density_matched__e33dcbae26,sbm_density_matched__e33dcbae26__i02__partial__t01,partial,1891901340,41000,0.9791576204950064,0.9372549019607844,0.9372549019607844,1.0,0.0,0.1,-0.0419027185342222,0.0627450980392156,-0.0419027185342222,f1
sbm_density_matched__e33dcbae26__i02__partial__t01__p41001,sbm_density_matched__e33dcbae26__i02,sbm_density_matched,sbm_density_matched__e33dcbae26,sbm_density_matched__e33dcbae26__i02__partial__t01,partial,1891901340,41001,0.9791576204950064,1.0,1.0,1.0,0.1,0.1,0.0208423795049934,0.0,0.0208423795049934,f1
sbm_density_matched__e33dcbae26__i03__informative__t00__p41000,sbm_density_matched__e33dcbae26__i03,sbm_density_matched,sbm_density_matched__e33dcbae26,sbm_density_matched__e33dcbae26__i03__informative__t00,informative,690110178,41000,1.0,0.9791576204950064,0.9791576204950064,0.9791576204950064,0.0,0.1,-0.0208423795049934,0.0,-0.0208423795049934,f1
sbm_density_matched__e33dcbae26__i03__informative__t00__p41001,sbm_density_matched__e33dcbae26__i03,sbm_density_matched,sbm_density_matched__e33dcbae26,sbm_density_matched__e33dcbae26__i03__informative__t00,informative,690110178,41001,1.0,1.0,1.0,1.0,0.0,0.1,0.0,0.0,0.0,f1
sbm_density_matched__e33dcbae26__i03__informative__t01__p41000,sbm_density_matched__e33dcbae26__i03,sbm_density_matched,sbm_density_matched__e33dcbae26,sbm_density_matched__e33dcbae26__i03__informative__t01,informative,672170508,41000,0.9791576204950064,0.9791576204950064,0.9791576204950064,1.0,0.0,0.1,0.0,0.0208423795049934,0.0,f1
sbm_density_matched__e33dcbae26__i03__informative__t01__p41001,sbm_density_matched__e33dcbae26__i03,sbm_density_matched,sbm_density_matched__e33dcbae26,sbm_density_matched__e33dcbae26__i03__informative__t01,informative,672170508,41001,1.0,0.9791576204950064,0.9791576204950064,1.0,0.0,0.1,-0.0208423795049934,0.0208423795049934,-0.0208423795049934,f1
sbm_density_matched__e33dcbae26__i03__noisy__t00__p41000,sbm_density_matched__e33dcbae26__i03,sbm_density_matched,sbm_density_matched__e33dcbae26,sbm_density_matched__e33dcbae26__i03__noisy__t00,noisy,1347727363,41000,1.0,0.7083333333333334,0.9374728614850196,0.9374728614850196,0.25,0.25,-0.2916666666666666,0.2291395281516862,-0.0625271385149803,f1
sbm_density_matched__e33dcbae26__i03__noisy__t00__p41001,sbm_density_matched__e33dcbae26__i03,sbm_density_matched,sbm_density_matched__e33dcbae26,sbm_density_matched__e33dcbae26__i03__noisy__t00,noisy,1347727363,41001,0.9582608695652174,0.8535947712418301,0.9791576204950064,0.9791576204950064,0.25,0.25,-0.1046660983233872,0.1255628492531764,0.0208967509297891,f1
sbm_density_matched__e33dcbae26__i03__noisy__t01__p41000,sbm_density_matched__e33dcbae26__i03,sbm_density_matched,sbm_density_matched__e33dcbae26,sbm_density_matched__e33dcbae26__i03__noisy__t01,noisy,1418988345,41000,1.0,0.7707338254450716,0.9374728614850196,0.9374728614850196,0.25,0.25,-0.2292661745549283,0.166739036039948,-0.0625271385149803,f1
sbm_density_matched__e33dcbae26__i03__noisy__t01__p41001,sbm_density_matched__e33dcbae26__i03,sbm_density_matched,sbm_density_matched__e33dcbae26,sbm_density_matched__e33dcbae26__i03__noisy__t01,noisy,1418988345,41001,1.0,0.7037037037037037,0.9165217391304348,0.9165217391304348,0.25,0.25,-0.2962962962962963,0.212818035426731,-0.0834782608695652,f1
sbm_density_matched__e33dcbae26__i03__partial__t00__p41000,sbm_density_matched__e33dcbae26__i03,sbm_density_matched,sbm_density_matched__e33dcbae26,sbm_density_matched__e33dcbae26__i03__partial__t00,partial,672886656,41000,1.0,0.9583333333333334,0.9791576204950064,0.9791576204950064,0.25,0.25,-0.0416666666666666,0.0208242871616731,-0.0208423795049934,f1
sbm_density_matched__e33dcbae26__i03__partial__t00__p41001,sbm_density_matched__e33dcbae26__i03,sbm_density_matched,sbm_density_matched__e33dcbae26,sbm_density_matched__e33dcbae26__i03__partial__t00,partial,672886656,41001,1.0,0.9374728614850196,1.0,1.0,0.1,0.1,-0.0625271385149803,0.0625271385149803,0.0,f1
sbm_density_matched__e33dcbae26__i03__partial__t01__p41000,sbm_density_matched__e33dcbae26__i03,sbm_density_matched,sbm_density_matched__e33dcbae26,sbm_density_matched__e33dcbae26__i03__partial__t01,partial,1047359605,41000,0.9791576204950064,0.9374728614850196,0.916083916083916,0.916083916083916,0.25,0.25,-0.0416847590099869,-0.0213889454011035,-0.0630737044110905,f1
sbm_density_matched__e33dcbae26__i03__partial__t01__p41001,sbm_density_matched__e33dcbae26__i03,sbm_density_matched,sbm_density_matched__e33dcbae26,sbm_density_matched__e33dcbae26__i03__partial__t01,partial,1047359605,41001,0.9791576204950064,0.8946906537955244,0.9374728614850196,0.9374728614850196,0.25,0.25,-0.0844669666994821,0.0427822076894952,-0.0416847590099869,f1
sbm_density_matched__e33dcbae26__i04__informative__t00__p41000,sbm_density_matched__e33dcbae26__i04,sbm_density_matched,sbm_density_matched__e33dcbae26,sbm_density_matched__e33dcbae26__i04__informative__t00,informative,116396945,41000,1.0,1.0,1.0,1.0,0.0,0.1,0.0,0.0,0.0,f1
sbm_density_matched__e33dcbae26__i04__informative__t00__p41001,sbm_density_matched__e33dcbae26__i04,sbm_density_matched,sbm_density_matched__e33dcbae26,sbm_density_matched__e33dcbae26__i04__informative__t00,informative,116396945,41001,1.0,0.9372549019607844,1.0,1.0,0.1,0.1,-0.0627450980392156,0.0627450980392156,0.0,f1
sbm_density_matched__e33dcbae26__i04__informative__t01__p41000,sbm_density_matched__e33dcbae26__i04,sbm_density_matched,sbm_density_matched__e33dcbae26,sbm_density_matched__e33dcbae26__i04__informative__t01,informative,309274358,41000,1.0,0.9582608695652174,0.9582608695652174,1.0,0.0,0.1,-0.0417391304347826,0.0417391304347826,-0.0417391304347826,f1
sbm_density_matched__e33dcbae26__i04__informative__t01__p41001,sbm_density_matched__e33dcbae26__i04,sbm_density_matched,sbm_density_matched__e33dcbae26,sbm_density_matched__e33dcbae26__i04__informative__t01,informative,309274358,41001,1.0,0.9791576204950064,0.9791576204950064,1.0,0.0,0.1,-0.0208423795049934,0.0208423795049934,-0.0208423795049934,f1
sbm_density_matched__e33dcbae26__i04__noisy__t00__p41000,sbm_density_matched__e33dcbae26__i04,sbm_density_matched,sbm_density_matched__e33dcbae26,sbm_density_matched__e33dcbae26__i04__noisy__t00,noisy,1499461926,41000,0.9791576204950064,0.7883597883597884,0.9582608695652174,0.9582608695652174,0.25,0.25,-0.1907978321352181,0.169901081205429,-0.0208967509297891,f1
sbm_density_matched__e33dcbae26__i04__noisy__t00__p41001,sbm_density_matched__e33dcbae26__i04,sbm_density_matched,sbm_density_matched__e33dcbae26,sbm_density_matched__e33dcbae26__i04__noisy__t00,noisy,1499461926,41001,1.0,0.8330434782608696,0.9165217391304348,0.9165217391304348,0.25,0.25,-0.1669565217391304,0.0834782608695652,-0.0834782608695652,f1
sbm_density_matched__e33dcbae26__i04__noisy__t01__p41000,sbm_density_matched__e33dcbae26__i04,sbm_density_matched,sbm_density_matched__e33dcbae26,sbm_density_matched__e33dcbae26__i04__noisy__t01,noisy,807451462,41000,0.9791576204950064,0.8747826086956522,0.8954248366013071,0.8954248366013071,0.4,0.4,-0.1043750117993543,0.0206422279056549,-0.0837327838936994,f1
sbm_density_matched__e33dcbae26__i04__noisy__t01__p41001,sbm_density_matched__e33dcbae26__i04,sbm_density_matched,sbm_density_matched__e33dcbae26,sbm_density_matched__e33dcbae26__i04__noisy__t01,noisy,807451462,41001,1.0,0.8330434782608696,0.9583333333333334,0.9583333333333334,0.55,0.55,-0.1669565217391304,0.1252898550724638,-0.0416666666666666,f1
sbm_density_matched__e33dcbae26__i04__partial__t00__p41000,sbm_density_matched__e33dcbae26__i04,sbm_density_matched,sbm_density_matched__e33dcbae26,sbm_density_matched__e33dcbae26__i04__partial__t00,partial,2027703660,41000,1.0,0.9791576204950064,0.9791576204950064,0.9582608695652174,0.0,0.1,-0.0208423795049934,-0.0208967509297891,-0.0208423795049934,f1
sbm_density_matched__e33dcbae26__i04__partial__t00__p41001,sbm_density_matched__e33dcbae26__i04,sbm_density_matched,sbm_density_matched__e33dcbae26,sbm_density_matched__e33dcbae26__i04__partial__t00,partial,2027703660,41001,1.0,1.0,1.0,1.0,0.1,0.1,0.0,0.0,0.0,f1
sbm_density_matched__e33dcbae26__i04__partial__t01__p41000,sbm_density_matched__e33dcbae26__i04,sbm_density_matched,sbm_density_matched__e33dcbae26,sbm_density_matched__e33dcbae26__i04__partial__t01,partial,991833632,41000,1.0,0.9791576204950064,1.0,1.0,0.1,0.1,-0.0208423795049934,0.0208423795049934,0.0,f1
sbm_density_matched__e33dcbae26__i04__partial__t01__p41001,sbm_density_matched__e33dcbae26__i04,sbm_density_matched,sbm_density_matched__e33dcbae26,sbm_density_matched__e33dcbae26__i04__partial__t01,partial,991833632,41001,1.0,0.9791576204950064,1.0,1.0,0.1,0.1,-0.0208423795049934,0.0208423795049934,0.0,f1
sbm_density_matched__e67f192a4f__i00__informative__t00__p41000,sbm_density_matched__e67f192a4f__i00,sbm_density_matched,sbm_density_matched__e67f192a4f,sbm_density_matched__e67f192a4f__i00__informative__t00,informative,15423147,41000,0.9371723928245668,0.9791304347826086,0.9791304347826086,0.9791304347826086,0.0,0.1,0.0419580419580418,0.0,0.0419580419580418,f1
sbm_density_matched__e67f192a4f__i00__informative__t00__p41001,sbm_density_matched__e67f192a4f__i00,sbm_density_matched,sbm_density_matched__e67f192a4f,sbm_density_matched__e67f192a4f__i00__informative__t00,informative,15423147,41001,1.0,1.0,1.0,1.0,0.1,0.1,0.0,0.0,0.0,f1
sbm_density_matched__e67f192a4f__i00__informative__t01__p41000,sbm_density_matched__e67f192a4f__i00,sbm_density_matched,sbm_density_matched__e67f192a4f,sbm_density_matched__e67f192a4f__i00__informative__t01,informative,1759020701,41000,1.0,1.0,1.0,1.0,0.0,0.1,0.0,0.0,0.0,f1
sbm_density_matched__e67f192a4f__i00__informative__t01__p41001,sbm_density_matched__e67f192a4f__i00,sbm_density_matched,sbm_density_matched__e67f192a4f,sbm_density_matched__e67f192a4f__i00__informative__t01,informative,1759020701,41001,1.0,0.9791304347826086,0.9791304347826086,0.9386253842775584,0.0,0.1,-0.0208695652173913,-0.0405050505050503,-0.0208695652173913,f1
sbm_density_matched__e67f192a4f__i00__noisy__t00__p41000,sbm_density_matched__e67f192a4f__i00,sbm_density_matched,sbm_density_matched__e67f192a4f,sbm_density_matched__e67f192a4f__i00__noisy__t00,noisy,1761983624,41000,1.0,0.6845002823263693,0.8733465608465608,0.8733465608465608,0.25,0.25,-0.3154997176736307,0.1888462785201915,-0.1266534391534391,f1
sbm_density_matched__e67f192a4f__i00__noisy__t00__p41001,sbm_density_matched__e67f192a4f__i00,sbm_density_matched,sbm_density_matched__e67f192a4f,sbm_density_matched__e67f192a4f__i00__noisy__t00,noisy,1761983624,41001,0.9791304347826086,0.6125,0.7889194139194139,0.7889194139194139,0.4,0.4,-0.3666304347826086,0.1764194139194138,-0.1902110208631947,f1
sbm_density_matched__e67f192a4f__i00__noisy__t01__p41000,sbm_density_matched__e67f192a4f__i00,sbm_density_matched,sbm_density_matched__e67f192a4f,sbm_density_matched__e67f192a4f__i00__noisy__t01,noisy,2103164476,41000,1.0,0.7138011695906432,0.9791304347826086,0.9791304347826086,0.4,0.4,-0.2861988304093568,0.2653292651919654,-0.0208695652173913,f1
sbm_density_matched__e67f192a4f__i00__noisy__t01__p41001,sbm_density_matched__e67f192a4f__i00,sbm_density_matched,sbm_density_matched__e67f192a4f,sbm_density_matched__e67f192a4f__i00__noisy__t01,noisy,2103164476,41001,1.0,0.6481450514059209,0.8501984126984127,0.8501984126984127,0.4,0.4,-0.351854948594079,0.2020533612924917,-0.1498015873015873,f1
sbm_density_matched__e67f192a4f__i00__partial__t00__p41000,sbm_density_matched__e67f192a4f__i00,sbm_density_matched,sbm_density_matched__e67f192a4f,sbm_density_matched__e67f192a4f__i00__partial__t00,partial,1387143783,41000,1.0,0.8140934065934066,0.937463768115942,0.937463768115942,0.25,0.25,-0.1859065934065934,0.1233703615225354,-0.0625362318840579,f1
sbm_density_matched__e67f192a4f__i00__partial__t00__p41001,sbm_density_matched__e67f192a4f__i00,sbm_density_matched,sbm_density_matched__e67f192a4f,sbm_density_matched__e67f192a4f__i00__partial__t00,partial,1387143783,41001,1.0,0.6659251019651464,0.8093073593073593,0.8093073593073593,0.4,0.4,-0.3340748980348536,0.1433822573422128,-0.1906926406926407,f1
sbm_density_matched__e67f192a4f__i00__partial__t01__p41000,sbm_density_matched__e67f192a4f__i00,sbm_density_matched,sbm_density_matched__e67f192a4f,sbm_density_matched__e67f192a4f__i00__partial__t01,partial,1883363539,41000,1.0,0.8524870781392522,0.8719143175664915,0.8719143175664915,0.1,0.1,-0.1475129218607478,0.0194272394272393,-0.1280856824335084,f1
sbm_density_matched__e67f192a4f__i00__partial__t01__p41001,sbm_density_matched__e67f192a4f__i00,sbm_density_matched,sbm_density_matched__e67f192a4f,sbm_density_matched__e67f192a4f__i00__partial__t01,partial,1883363539,41001,0.8911070780399274,0.831304347826087,0.852034632034632,0.852034632034632,0.4,0.4,-0.0598027302138404,0.020730284208545,-0.0390724460052953,f1
sbm_density_matched__e67f192a4f__i01__informative__t00__p41000,sbm_density_matched__e67f192a4f__i01,sbm_density_matched,sbm_density_matched__e67f192a4f,sbm_density_matched__e67f192a4f__i01__informative__t00,informative,1536608734,41000,0.958041958041958,0.9791304347826086,0.9791304347826086,0.9791304347826086,0.0,0.1,0.0210884767406505,0.0,0.0210884767406505,f1
sbm_density_matched__e67f192a4f__i01__informative__t00__p41001,sbm_density_matched__e67f192a4f__i01,sbm_density_matched,sbm_density_matched__e67f192a4f,sbm_density_matched__e67f192a4f__i01__informative__t00,informative,1536608734,41001,1.0,1.0,1.0,1.0,0.0,0.1,0.0,0.0,0.0,f1
sbm_density_matched__e67f192a4f__i01__informative__t01__p41000,sbm_density_matched__e67f192a4f__i01,sbm_density_matched,sbm_density_matched__e67f192a4f,sbm_density_matched__e67f192a4f__i01__informative__t01,informative,566307093,41000,0.958041958041958,1.0,1.0,0.9572727272727272,0.0,0.1,0.0419580419580418,-0.0427272727272727,0.0419580419580418,f1
sbm_density_matched__e67f192a4f__i01__informative__t01__p41001,sbm_density_matched__e67f192a4f__i01,sbm_density_matched,sbm_density_matched__e67f192a4f,sbm_density_matched__e67f192a4f__i01__informative__t01,informative,566307093,41001,1.0,0.9791304347826086,0.9791304347826086,0.9371723928245668,0.0,0.1,-0.0208695652173913,-0.0419580419580418,-0.0208695652173913,f1
sbm_density_matched__e67f192a4f__i01__noisy__t00__p41000,sbm_density_matched__e67f192a4f__i01,sbm_density_matched,sbm_density_matched__e67f192a4f,sbm_density_matched__e67f192a4f__i01__noisy__t00,noisy,573550759,41000,0.9791304347826086,0.7277787422078434,0.8964393939393939,0.8964393939393939,0.4,0.4,-0.2513516925747652,0.1686606517315504,-0.0826910408432147,f1
sbm_density_matched__e67f192a4f__i01__noisy__t00__p41001,sbm_density_matched__e67f192a4f__i01,sbm_density_matched,sbm_density_matched__e67f192a4f,sbm_density_matched__e67f192a4f__i01__noisy__t00,noisy,573550759,41001,1.0,0.8025680142384948,0.8921218877740617,0.8921218877740617,0.4,0.4,-0.1974319857615052,0.0895538735355668,-0.1078781122259383,f1
sbm_density_matched__e67f192a4f__i01__noisy__t01__p41000,sbm_density_matched__e67f192a4f__i01,sbm_density_matched,sbm_density_matched__e67f192a4f,sbm_density_matched__e67f192a4f__i01__noisy__t01,noisy,1855660562,41000,0.9582608695652172,0.6425000000000001,0.8966304347826087,0.8966304347826087,0.25,0.25,-0.3157608695652172,0.2541304347826086,-0.0616304347826085,f1
sbm_density_matched__e67f192a4f__i01__noisy__t01__p41001,sbm_density_matched__e67f192a4f__i01,sbm_density_matched,sbm_density_matched__e67f192a4f,sbm_density_matched__e67f192a4f__i01__noisy__t01,noisy,1855660562,41001,1.0,0.727633779264214,0.8119172494172495,0.8119172494172495,0.25,0.25,-0.272366220735786,0.0842834701530355,-0.1880827505827504,f1
sbm_density_matched__e67f192a4f__i01__partial__t00__p41000,sbm_density_matched__e67f192a4f__i01,sbm_density_matched,sbm_density_matched__e67f192a4f,sbm_density_matched__e67f192a4f__i01__partial__t00,partial,1313530207,41000,0.9791304347826086,0.8547826086956523,0.9582971014492754,0.9582971014492754,0.1,0.1,-0.1243478260869563,0.1035144927536231,-0.0208333333333332,f1
sbm_density_matched__e67f192a4f__i01__partial__t00__p41001,sbm_density_matched__e67f192a4f__i01,sbm_density_matched,sbm_density_matched__e67f192a4f,sbm_density_matched__e67f192a4f__i01__partial__t00,partial,1313530207,41001,0.9791304347826086,0.8316798941798942,0.8972268673355629,0.8972268673355629,0.1,0.1,-0.1474505406027144,0.0655469731556687,-0.0819035674470457,f1
sbm_density_matched__e67f192a4f__i01__partial__t01__p41000,sbm_density_matched__e67f192a4f__i01,sbm_density_matched,sbm_density_matched__e67f192a4f,sbm_density_matched__e67f192a4f__i01__partial__t01,partial,1950705586,41000,1.0,0.8757246376811594,0.9382971014492754,0.9382971014492754,0.25,0.25,-0.1242753623188406,0.0625724637681159,-0.0617028985507246,f1
sbm_density_matched__e67f192a4f__i01__partial__t01__p41001,sbm_density_matched__e67f192a4f__i01,sbm_density_matched,sbm_density_matched__e67f192a4f,sbm_density_matched__e67f192a4f__i01__partial__t01,partial,1950705586,41001,0.9791304347826086,0.8970920383963863,0.9572727272727272,0.9572727272727272,0.1,0.1,-0.0820383963862223,0.0601806888763409,-0.0218577075098813,f1
sbm_density_matched__e67f192a4f__i02__informative__t00__p41000,sbm_density_matched__e67f192a4f__i02,sbm_density_matched,sbm_density_matched__e67f192a4f,sbm_density_matched__e67f192a4f__i02__informative__t00,informative,672218210,41000,1.0,0.9163752913752912,0.9163752913752912,0.9791304347826086,0.0,0.1,-0.0836247086247087,0.0627551434073173,-0.0836247086247087,f1
sbm_density_matched__e67f192a4f__i02__informative__t00__p41001,sbm_density_matched__e67f192a4f__i02,sbm_density_matched,sbm_density_matched__e67f192a4f,sbm_density_matched__e67f192a4f__i02__informative__t00,informative,672218210,41001,0.9791304347826086,0.9372086247086246,0.9372086247086246,0.9791304347826086,0.0,0.1,-0.0419218100739839,0.0419218100739839,-0.0419218100739839,f1
sbm_density_matched__e67f192a4f__i02__informative__t01__p41000,sbm_density_matched__e67f192a4f__i02,sbm_density_matched,sbm_density_matched__e67f192a4f,sbm_density_matched__e67f192a4f__i02__informative__t01,informative,2084318273,41000,0.9791304347826086,0.9372086247086246,1.0,1.0,0.1,0.1,-0.0419218100739839,0.0627913752913753,0.0208695652173913,f1
sbm_density_matched__e67f192a4f__i02__informative__t01__p41001,sbm_density_matched__e67f192a4f__i02,sbm_density_matched,sbm_density_matched__e67f192a4f,sbm_density_matched__e67f192a4f__i02__informative__t01,informative,2084318273,41001,0.9791304347826086,0.9582971014492754,0.9582971014492754,0.9791304347826086,0.0,0.1,-0.0208333333333332,0.0208333333333332,-0.0208333333333332,f1
sbm_density_matched__e67f192a4f__i02__noisy__t00__p41000,sbm_density_matched__e67f192a4f__i02,sbm_density_matched,sbm_density_matched__e67f192a4f,sbm_density_matched__e67f192a4f__i02__noisy__t00,noisy,862113834,41000,1.0,0.7653959312998214,0.9371723928245668,0.9371723928245668,0.25,0.25,-0.2346040687001785,0.1717764615247453,-0.0628276071754332,f1
sbm_density_matched__e67f192a4f__i02__noisy__t00__p41001,sbm_density_matched__e67f192a4f__i02,sbm_density_matched,sbm_density_matched__e67f192a4f,sbm_density_matched__e67f192a4f__i02__noisy__t00,noisy,862113834,41001,1.0,0.6857575757575757,0.9791304347826086,0.9791304347826086,0.4,0.4,-0.3142424242424243,0.2933728590250329,-0.0208695652173913,f1
sbm_density_matched__e67f192a4f__i02__noisy__t01__p41000,sbm_density_matched__e67f192a4f__i02,sbm_density_matched,sbm_density_matched__e67f192a4f,sbm_density_matched__e67f192a4f__i02__noisy__t01,noisy,108608854,41000,0.936439393939394,0.7018518518518517,0.9189659977703456,0.9189659977703456,0.4,0.4,-0.2345875420875421,0.2171141459184938,-0.0174733961690483,f1
sbm_density_matched__e67f192a4f__i02__noisy__t01__p41001,sbm_density_matched__e67f192a4f__i02,sbm_density_matched,sbm_density_matched__e67f192a4f,sbm_density_matched__e67f192a4f__i02__noisy__t01,noisy,108608854,41001,0.9582608695652172,0.7506521739130434,0.9164576365663324,0.9164576365663324,0.4,0.4,-0.2076086956521738,0.1658054626532888,-0.041803232998885,f1
sbm_density_matched__e67f192a4f__i02__partial__t00__p41000,sbm_density_matched__e67f192a4f__i02,sbm_density_matched,sbm_density_matched__e67f192a4f,sbm_density_matched__e67f192a4f__i02__partial__t00,partial,679512090,41000,1.0,0.959030100334448,0.9582971014492754,0.9582971014492754,0.1,0.1,-0.0409698996655518,-0.0007329988851727,-0.0417028985507246,f1
sbm_density_matched__e67f192a4f__i02__partial__t00__p41001,sbm_density_matched__e67f192a4f__i02,sbm_density_matched,sbm_density_matched__e67f192a4f,sbm_density_matched__e67f192a4f__i02__partial__t00,partial,679512090,41001,1.0,0.8513986013986015,0.9382971014492754,0.9382971014492754,0.1,0.1,-0.1486013986013985,0.0868985000506739,-0.0617028985507246,f1
sbm_density_matched__e67f192a4f__i02__partial__t01__p41000,sbm_density_matched__e67f192a4f__i02,sbm_density_matched,sbm_density_matched__e67f192a4f,sbm_density_matched__e67f192a4f__i02__partial__t01,partial,1137451508,41000,0.9791304347826086,0.8959627329192547,0.8744172494172494,0.8744172494172494,0.25,0.25,-0.0831677018633539,-0.0215454835020052,-0.1047131853653592,f1
sbm_density_matched__e67f192a4f__i02__partial__t01__p41001,sbm_density_matched__e67f192a4f__i02,sbm_density_matched,sbm_density_matched__e67f192a4f,sbm_density_matched__e67f192a4f__i02__partial__t01,partial,1137451508,41001,0.9166304347826086,0.9582608695652174,0.9382608695652176,0.9382608695652176,0.25,0.25,0.0416304347826087,-0.0199999999999999,0.0216304347826088,f1
sbm_density_matched__e67f192a4f__i03__informative__t00__p41000,sbm_density_matched__e67f192a4f__i03,sbm_density_matched,sbm_density_matched__e67f192a4f,sbm_density_matched__e67f192a4f__i03__informative__t00,informative,1068414083,41000,0.9582971014492754,0.9791304347826086,0.9791304347826086,1.0,0.0,0.1,0.0208333333333332,0.0208695652173913,0.0208333333333332,f1
sbm_density_matched__e67f192a4f__i03__informative__t00__p41001,sbm_density_matched__e67f192a4f__i03,sbm_density_matched,sbm_density_matched__e67f192a4f,sbm_density_matched__e67f192a4f__i03__informative__t00,informative,1068414083,41001,1.0,1.0,1.0,0.9791304347826086,0.0,0.1,0.0,-0.0208695652173913,0.0,f1
sbm_density_matched__e67f192a4f__i03__informative__t01__p41000,sbm_density_matched__e67f192a4f__i03,sbm_density_matched,sbm_density_matched__e67f192a4f,sbm_density_matched__e67f192a4f__i03__informative__t01,informative,406313859,41000,1.0,1.0,0.9371723928245668,0.9371723928245668,0.1,0.1,0.0,-0.0628276071754332,-0.0628276071754332,f1
sbm_density_matched__e67f192a4f__i03__informative__t01__p41001,sbm_density_matched__e67f192a4f__i03,sbm_density_matched,sbm_density_matched__e67f192a4f,sbm_density_matched__e67f192a4f__i03__informative__t01,informative,406313859,41001,1.0,0.9791304347826086,0.9791304347826086,0.9572727272727272,0.0,0.1,-0.0208695652173913,-0.0218577075098813,-0.0208695652173913,f1
sbm_density_matched__e67f192a4f__i03__noisy__t00__p41000,sbm_density_matched__e67f192a4f__i03,sbm_density_matched,sbm_density_matched__e67f192a4f,sbm_density_matched__e67f192a4f__i03__noisy__t00,noisy,1385968492,41000,0.896868530020704,0.6835725144420797,0.8956060606060606,0.8956060606060606,0.25,0.25,-0.2132960155786243,0.2120335461639809,-0.0012624694146433,f1
sbm_density_matched__e67f192a4f__i03__noisy__t00__p41001,sbm_density_matched__e67f192a4f__i03,sbm_density_matched,sbm_density_matched__e67f192a4f,sbm_density_matched__e67f192a4f__i03__noisy__t00,noisy,1385968492,41001,0.9791304347826086,0.7505472788081484,0.8329152731326644,0.8329152731326644,0.4,0.4,-0.2285831559744602,0.082367994324516,-0.1462151616499442,f1
sbm_density_matched__e67f192a4f__i03__noisy__t01__p41000,sbm_density_matched__e67f192a4f__i03,sbm_density_matched,sbm_density_matched__e67f192a4f,sbm_density_matched__e67f192a4f__i03__noisy__t01,noisy,1413893332,41000,0.9582608695652172,0.6028899590112405,0.6855072463768116,0.6855072463768116,0.25,0.25,-0.3553709105539767,0.082617287365571,-0.2727536231884057,f1
sbm_density_matched__e67f192a4f__i03__noisy__t01__p41001,sbm_density_matched__e67f192a4f__i03,sbm_density_matched,sbm_density_matched__e67f192a4f,sbm_density_matched__e67f192a4f__i03__noisy__t01,noisy,1413893332,41001,0.9791304347826086,0.5899303594955768,0.7089920948616601,0.7089920948616601,0.4,0.4,-0.3892000752870318,0.1190617353660833,-0.2701383399209485,f1
sbm_density_matched__e67f192a4f__i03__partial__t00__p41000,sbm_density_matched__e67f192a4f__i03,sbm_density_matched,sbm_density_matched__e67f192a4f,sbm_density_matched__e67f192a4f__i03__partial__t00,partial,1956153928,41000,0.9791304347826086,0.915824175824176,0.915824175824176,0.9365079365079364,0.0,0.1,-0.0633062589584327,0.0206837606837606,-0.0633062589584327,f1
sbm_density_matched__e67f192a4f__i03__partial__t00__p41001,sbm_density_matched__e67f192a4f__i03,sbm_density_matched,sbm_density_matched__e67f192a4f,sbm_density_matched__e67f192a4f__i03__partial__t00,partial,1956153928,41001,1.0,0.8521601104209799,0.958041958041958,0.958041958041958,0.25,0.25,-0.14783988957902,0.105881847620978,-0.0419580419580419,f1
sbm_density_matched__e67f192a4f__i03__partial__t01__p41000,sbm_density_matched__e67f192a4f__i03,sbm_density_matched,sbm_density_matched__e67f192a4f,sbm_density_matched__e67f192a4f__i03__partial__t01,partial,921934904,41000,1.0,0.8530434782608696,0.8950647782169521,0.8950647782169521,0.1,0.1,-0.1469565217391304,0.0420212999560825,-0.1049352217830479,f1
sbm_density_matched__e67f192a4f__i03__partial__t01__p41001,sbm_density_matched__e67f192a4f__i03,sbm_density_matched,sbm_density_matched__e67f192a4f,sbm_density_matched__e67f192a4f__i03__partial__t01,partial,921934904,41001,1.0,0.8719143175664916,0.937391304347826,0.937391304347826,0.1,0.1,-0.1280856824335083,0.0654769867813345,-0.0626086956521738,f1
sbm_density_matched__e67f192a4f__i04__informative__t00__p41000,sbm_density_matched__e67f192a4f__i04,sbm_density_matched,sbm_density_matched__e67f192a4f,sbm_density_matched__e67f192a4f__i04__informative__t00,informative,1776375342,41000,0.9791304347826086,0.9371723928245668,0.9371723928245668,0.9791304347826086,0.0,0.1,-0.0419580419580418,0.0419580419580418,-0.0419580419580418,f1
sbm_density_matched__e67f192a4f__i04__informative__t00__p41001,sbm_density_matched__e67f192a4f__i04,sbm_density_matched,sbm_density_matched__e67f192a4f,sbm_density_matched__e67f192a4f__i04__informative__t00,informative,1776375342,41001,0.9791304347826086,0.958041958041958,0.958041958041958,0.9572727272727272,0.0,0.1,-0.0210884767406505,-0.0007692307692308,-0.0210884767406505,f1
sbm_density_matched__e67f192a4f__i04__informative__t01__p41000,sbm_density_matched__e67f192a4f__i04,sbm_density_matched,sbm_density_matched__e67f192a4f,sbm_density_matched__e67f192a4f__i04__informative__t01,informative,1433894315,41000,1.0,1.0,1.0,1.0,0.0,0.1,0.0,0.0,0.0,f1
sbm_density_matched__e67f192a4f__i04__informative__t01__p41001,sbm_density_matched__e67f192a4f__i04,sbm_density_matched,sbm_density_matched__e67f192a4f,sbm_density_matched__e67f192a4f__i04__informative__t01,informative,1433894315,41001,1.0,0.8938923395445135,1.0,1.0,0.1,0.1,-0.1061076604554864,0.1061076604554864,0.0,f1
sbm_density_matched__e67f192a4f__i04__noisy__t00__p41000,sbm_density_matched__e67f192a4f__i04,sbm_density_matched,sbm_density_matched__e67f192a4f,sbm_density_matched__e67f192a4f__i04__noisy__t00,noisy,1737678454,41000,1.0,0.6183862433862434,0.8316589811155028,0.8316589811155028,0.55,0.55,-0.3816137566137566,0.2132727377292594,-0.1683410188844971,f1
sbm_density_matched__e67f192a4f__i04__noisy__t00__p41001,sbm_density_matched__e67f192a4f__i04,sbm_density_matched,sbm_density_matched__e67f192a4f,sbm_density_matched__e67f192a4f__i04__noisy__t00,noisy,1737678454,41001,1.0,0.5841628527841343,0.7947722567287785,0.7947722567287785,0.4,0.4,-0.4158371472158657,0.2106094039446442,-0.2052277432712215,f1
sbm_density_matched__e67f192a4f__i04__noisy__t01__p41000,sbm_density_matched__e67f192a4f__i04,sbm_density_matched,sbm_density_matched__e67f192a4f,sbm_density_matched__e67f192a4f__i04__noisy__t01,noisy,1536439776,41000,1.0,0.7287878787878789,0.8710317460317459,0.8710317460317459,0.55,0.55,-0.2712121212121211,0.142243867243867,-0.128968253968254,f1
sbm_density_matched__e67f192a4f__i04__noisy__t01__p41001,sbm_density_matched__e67f192a4f__i04,sbm_density_matched,sbm_density_matched__e67f192a4f,sbm_density_matched__e67f192a4f__i04__noisy__t01,noisy,1536439776,41001,1.0,0.811246523203045,0.851981351981352,0.851981351981352,0.4,0.4,-0.1887534767969549,0.040734828778307,-0.1480186480186479,f1
sbm_density_matched__e67f192a4f__i04__partial__t00__p41000,sbm_density_matched__e67f192a4f__i04,sbm_density_matched,sbm_density_matched__e67f192a4f,sbm_density_matched__e67f192a4f__i04__partial__t00,partial,1547300285,41000,1.0,0.9372909698996656,1.0,1.0,0.1,0.1,-0.0627090301003343,0.0627090301003343,0.0,f1
sbm_density_matched__e67f192a4f__i04__partial__t00__p41001,sbm_density_matched__e67f192a4f__i04,sbm_density_matched,sbm_density_matched__e67f192a4f,sbm_density_matched__e67f192a4f__i04__partial__t00,partial,1547300285,41001,1.0,0.937463768115942,0.9371723928245668,0.9371723928245668,0.25,0.25,-0.0625362318840579,-0.0002913752913752,-0.0628276071754332,f1
sbm_density_matched__e67f192a4f__i04__partial__t01__p41000,sbm_density_matched__e67f192a4f__i04,sbm_density_matched,sbm_density_matched__e67f192a4f,sbm_density_matched__e67f192a4f__i04__partial__t01,partial,1709941906,41000,0.9791304347826086,0.8955419580419581,0.9583333333333331,0.9583333333333331,0.1,0.1,-0.0835884767406505,0.0627913752913751,-0.0207971014492753,f1
sbm_density_matched__e67f192a4f__i04__partial__t01__p41001,sbm_density_matched__e67f192a4f__i04,sbm_density_matched,sbm_density_matched__e67f192a4f,sbm_density_matched__e67f192a4f__i04__partial__t01,partial,1709941906,41001,0.9572727272727272,0.8318746470920384,1.0,1.0,0.25,0.25,-0.1253980801806888,0.1681253529079616,0.0427272727272727,f1
watts_strogatz__03389ffbae__i00__informative__t00__p41000,watts_strogatz__03389ffbae__i00,watts_strogatz,watts_strogatz__03389ffbae,watts_strogatz__03389ffbae__i00__informative__t00,informative,1720531281,41000,0.9761786600496278,0.953125,0.9515151515151516,0.9515151515151516,0.25,0.25,-0.0230536600496278,-0.0016098484848484,-0.0246635085344762,f1
watts_strogatz__03389ffbae__i00__informative__t00__p41001,watts_strogatz__03389ffbae__i00,watts_strogatz,watts_strogatz__03389ffbae,watts_strogatz__03389ffbae__i00__informative__t00,informative,1720531281,41001,0.925887802367473,0.9515151515151516,0.9285359801488834,0.9285359801488834,0.25,0.25,0.0256273491476785,-0.0229791713662681,0.0026481777814103,f1
watts_strogatz__03389ffbae__i00__informative__t01__p41000,watts_strogatz__03389ffbae__i00,watts_strogatz,watts_strogatz__03389ffbae,watts_strogatz__03389ffbae__i00__informative__t01,informative,175545181,41000,0.953125,0.9761786600496278,0.9761786600496278,0.9761786600496278,0.0,0.1,0.0230536600496278,0.0,0.0230536600496278,f1
watts_strogatz__03389ffbae__i00__informative__t01__p41001,watts_strogatz__03389ffbae__i00,watts_strogatz,watts_strogatz__03389ffbae,watts_strogatz__03389ffbae__i00__informative__t01,informative,175545181,41001,0.8991596638655461,0.8845598845598845,0.9030303030303032,0.9030303030303032,0.25,0.25,-0.0145997793056615,0.0184704184704185,0.0038706391647569,f1
watts_strogatz__03389ffbae__i00__noisy__t00__p41000,watts_strogatz__03389ffbae__i00,watts_strogatz,watts_strogatz__03389ffbae,watts_strogatz__03389ffbae__i00__noisy__t00,noisy,1067021564,41000,0.9515151515151516,0.8711755233494364,0.9285359801488834,0.9285359801488834,0.4,0.4,-0.0803396281657151,0.057360456799447,-0.0229791713662681,f1
watts_strogatz__03389ffbae__i00__noisy__t00__p41001,watts_strogatz__03389ffbae__i00,watts_strogatz,watts_strogatz__03389ffbae,watts_strogatz__03389ffbae__i00__noisy__t00,noisy,1067021564,41001,0.8545454545454545,0.5872235872235873,0.8383838383838383,0.8383838383838383,0.55,0.55,-0.2673218673218672,0.2511602511602511,-0.0161616161616161,f1
watts_strogatz__03389ffbae__i00__noisy__t01__p41000,watts_strogatz__03389ffbae__i00,watts_strogatz,watts_strogatz__03389ffbae,watts_strogatz__03389ffbae__i00__noisy__t01,noisy,444795356,41000,0.9752959341224908,0.8178368121442126,0.925887802367473,0.925887802367473,0.25,0.25,-0.1574591219782783,0.1080509902232604,-0.0494081317550179,f1
watts_strogatz__03389ffbae__i00__noisy__t01__p41001,watts_strogatz__03389ffbae__i00,watts_strogatz,watts_strogatz__03389ffbae,watts_strogatz__03389ffbae__i00__noisy__t01,noisy,444795356,41001,0.8711755233494364,0.8764796706124549,0.8764796706124549,0.8764796706124549,0.1,0.1,0.0053041472630185,0.0,0.0053041472630185,f1
watts_strogatz__03389ffbae__i00__partial__t00__p41000,watts_strogatz__03389ffbae__i00,watts_strogatz,watts_strogatz__03389ffbae,watts_strogatz__03389ffbae__i00__partial__t00,partial,684705772,41000,0.9515151515151516,0.8845598845598845,0.9515151515151516,0.9515151515151516,0.25,0.25,-0.0669552669552669,0.0669552669552669,0.0,f1
watts_strogatz__03389ffbae__i00__partial__t00__p41001,watts_strogatz__03389ffbae__i00,watts_strogatz,watts_strogatz__03389ffbae,watts_strogatz__03389ffbae__i00__partial__t00,partial,684705772,41001,0.925887802367473,0.9030303030303032,0.8991596638655461,0.8991596638655461,0.55,0.55,-0.0228574993371699,-0.0038706391647569,-0.0267281385019269,f1
watts_strogatz__03389ffbae__i00__partial__t01__p41000,watts_strogatz__03389ffbae__i00,watts_strogatz,watts_strogatz__03389ffbae,watts_strogatz__03389ffbae__i00__partial__t01,partial,96055129,41000,0.9761786600496278,0.8332506203473946,0.8487394957983193,0.8487394957983193,0.25,0.25,-0.1429280397022332,0.0154888754509247,-0.1274391642513085,f1
watts_strogatz__03389ffbae__i00__partial__t01__p41001,watts_strogatz__03389ffbae__i00,watts_strogatz,watts_strogatz__03389ffbae,watts_strogatz__03389ffbae__i00__partial__t01,partial,96055129,41001,0.8647887323943662,0.9227053140096618,0.9227053140096618,0.8764796706124549,0.0,0.1,0.0579165816152956,-0.0462256433972069,0.0579165816152956,f1
watts_strogatz__03389ffbae__i01__informative__t00__p41000,watts_strogatz__03389ffbae__i01,watts_strogatz,watts_strogatz__03389ffbae,watts_strogatz__03389ffbae__i01__informative__t00,informative,1770478091,41000,0.9604938271604938,1.0,0.9642591213700672,0.9642591213700672,0.4,0.4,0.0395061728395061,-0.0357408786299329,0.0037652942095732,f1
watts_strogatz__03389ffbae__i01__informative__t00__p41001,watts_strogatz__03389ffbae__i01,watts_strogatz,watts_strogatz__03389ffbae,watts_strogatz__03389ffbae__i01__informative__t00,informative,1770478091,41001,0.8665430954587581,0.925,0.925,0.8814814814814815,0.0,0.1,0.0584569045412419,-0.0435185185185185,0.0584569045412419,f1
watts_strogatz__03389ffbae__i01__informative__t01__p41000,watts_strogatz__03389ffbae__i01,watts_strogatz,watts_strogatz__03389ffbae,watts_strogatz__03389ffbae__i01__informative__t01,informative,930783530,41000,1.0,0.9604938271604938,1.0,1.0,0.55,0.55,-0.0395061728395061,0.0395061728395061,0.0,f1
watts_strogatz__03389ffbae__i01__informative__t01__p41001,watts_strogatz__03389ffbae__i01,watts_strogatz,watts_strogatz__03389ffbae,watts_strogatz__03389ffbae__i01__informative__t01,informative,930783530,41001,0.8665430954587581,0.9604938271604938,0.9604938271604938,0.9604938271604938,0.25,0.25,0.0939507317017357,0.0,0.0939507317017357,f1
watts_strogatz__03389ffbae__i01__noisy__t00__p41000,watts_strogatz__03389ffbae__i01,watts_strogatz,watts_strogatz__03389ffbae,watts_strogatz__03389ffbae__i01__noisy__t00,noisy,455545438,41000,0.9604938271604938,0.8359535201640464,0.925,0.925,0.4,0.4,-0.1245403069964473,0.0890464798359536,-0.0354938271604937,f1
watts_strogatz__03389ffbae__i01__noisy__t00__p41001,watts_strogatz__03389ffbae__i01,watts_strogatz,watts_strogatz__03389ffbae,watts_strogatz__03389ffbae__i01__noisy__t00,noisy,455545438,41001,0.8665430954587581,1.0,1.0,0.9604938271604938,0.0,0.1,0.1334569045412419,-0.0395061728395061,0.1334569045412419,f1
watts_strogatz__03389ffbae__i01__noisy__t01__p41000,watts_strogatz__03389ffbae__i01,watts_strogatz,watts_strogatz__03389ffbae,watts_strogatz__03389ffbae__i01__noisy__t01,noisy,1329716475,41000,0.9604938271604938,0.775,0.9604938271604938,0.9604938271604938,0.4,0.4,-0.1854938271604937,0.1854938271604937,0.0,f1
watts_strogatz__03389ffbae__i01__noisy__t01__p41001,watts_strogatz__03389ffbae__i01,watts_strogatz,watts_strogatz__03389ffbae,watts_strogatz__03389ffbae__i01__noisy__t01,noisy,1329716475,41001,0.8095238095238095,0.8814814814814815,0.5534883720930233,0.5534883720930233,0.1,0.1,0.071957671957672,-0.3279931093884582,-0.2560354374307863,f1
watts_strogatz__03389ffbae__i01__partial__t00__p41000,watts_strogatz__03389ffbae__i01,watts_strogatz,watts_strogatz__03389ffbae,watts_strogatz__03389ffbae__i01__partial__t00,partial,20088607,41000,0.9604938271604938,0.8814814814814815,0.8814814814814815,0.925,0.0,0.1,-0.0790123456790122,0.0435185185185185,-0.0790123456790122,f1
watts_strogatz__03389ffbae__i01__partial__t00__p41001,watts_strogatz__03389ffbae__i01,watts_strogatz,watts_strogatz__03389ffbae,watts_strogatz__03389ffbae__i01__partial__t00,partial,20088607,41001,0.8665430954587581,0.9163763066202092,0.8665430954587581,0.8665430954587581,0.25,0.25,0.049833211161451,-0.049833211161451,0.0,f1
watts_strogatz__03389ffbae__i01__partial__t01__p41000,watts_strogatz__03389ffbae__i01,watts_strogatz,watts_strogatz__03389ffbae,watts_strogatz__03389ffbae__i01__partial__t01,partial,468716638,41000,0.9604938271604938,0.9604938271604938,1.0,1.0,0.4,0.4,0.0,0.0395061728395061,0.0395061728395061,f1
watts_strogatz__03389ffbae__i01__partial__t01__p41001,watts_strogatz__03389ffbae__i01,watts_strogatz,watts_strogatz__03389ffbae,watts_strogatz__03389ffbae__i01__partial__t01,partial,468716638,41001,0.8095238095238095,0.925,0.8327526132404182,0.8327526132404182,0.4,0.4,0.1154761904761905,-0.0922473867595818,0.0232288037166086,f1
watts_strogatz__03389ffbae__i02__informative__t00__p41000,watts_strogatz__03389ffbae__i02,watts_strogatz,watts_strogatz__03389ffbae,watts_strogatz__03389ffbae__i02__informative__t00,informative,1874044941,41000,1.0,0.936842105263158,0.9714115544967242,0.9714115544967242,0.25,0.25,-0.063157894736842,0.0345694492335663,-0.0285884455032757,f1
watts_strogatz__03389ffbae__i02__informative__t00__p41001,watts_strogatz__03389ffbae__i02,watts_strogatz,watts_strogatz__03389ffbae,watts_strogatz__03389ffbae__i02__informative__t00,informative,1874044941,41001,0.9695238095238096,0.9142346634901728,0.9142346634901728,0.9695238095238096,0.0,0.1,-0.0552891460336367,0.0552891460336367,-0.0552891460336367,f1
watts_strogatz__03389ffbae__i02__informative__t01__p41000,watts_strogatz__03389ffbae__i02,watts_strogatz,watts_strogatz__03389ffbae,watts_strogatz__03389ffbae__i02__informative__t01,informative,980123272,41000,0.9695238095238096,1.0,1.0,1.0,0.1,0.1,0.0304761904761905,0.0,0.0304761904761905,f1
watts_strogatz__03389ffbae__i02__informative__t01__p41001,watts_strogatz__03389ffbae__i02,watts_strogatz,watts_strogatz__03389ffbae,watts_strogatz__03389ffbae__i02__informative__t01,informative,980123272,41001,0.9695238095238096,0.901572112098428,0.901572112098428,0.936842105263158,0.0,0.1,-0.0679516974253815,0.03526999316473,-0.0679516974253815,f1
watts_strogatz__03389ffbae__i02__noisy__t00__p41000,watts_strogatz__03389ffbae__i02,watts_strogatz,watts_strogatz__03389ffbae,watts_strogatz__03389ffbae__i02__noisy__t00,noisy,1540760588,41000,0.9695238095238096,0.9188732394366196,0.9695238095238096,0.9695238095238096,0.55,0.55,-0.0506505700871897,0.0506505700871897,0.0,f1
watts_strogatz__03389ffbae__i02__noisy__t00__p41001,watts_strogatz__03389ffbae__i02,watts_strogatz,watts_strogatz__03389ffbae,watts_strogatz__03389ffbae__i02__noisy__t00,noisy,1540760588,41001,0.9714115544967242,0.7998808814770697,0.9444444444444444,0.9444444444444444,0.4,0.4,-0.1715306730196545,0.1445635629673747,-0.0269671100522798,f1
watts_strogatz__03389ffbae__i02__noisy__t01__p41000,watts_strogatz__03389ffbae__i02,watts_strogatz,watts_strogatz__03389ffbae,watts_strogatz__03389ffbae__i02__noisy__t01,noisy,1820634546,41000,1.0,0.770334928229665,0.8105263157894737,0.8105263157894737,0.25,0.25,-0.229665071770335,0.0401913875598086,-0.1894736842105263,f1
watts_strogatz__03389ffbae__i02__noisy__t01__p41001,watts_strogatz__03389ffbae__i02,watts_strogatz,watts_strogatz__03389ffbae,watts_strogatz__03389ffbae__i02__noisy__t01,noisy,1820634546,41001,0.941031941031941,0.9142346634901728,0.941031941031941,0.941031941031941,0.25,0.25,-0.0267972775417683,0.0267972775417683,0.0,f1
watts_strogatz__03389ffbae__i02__partial__t00__p41000,watts_strogatz__03389ffbae__i02,watts_strogatz,watts_strogatz__03389ffbae,watts_strogatz__03389ffbae__i02__partial__t00,partial,1622157319,41000,1.0,0.936842105263158,0.936842105263158,0.936842105263158,0.0,0.1,-0.063157894736842,0.0,-0.063157894736842,f1
watts_strogatz__03389ffbae__i02__partial__t00__p41001,watts_strogatz__03389ffbae__i02,watts_strogatz,watts_strogatz__03389ffbae,watts_strogatz__03389ffbae__i02__partial__t00,partial,1622157319,41001,0.9695238095238096,0.9695238095238096,0.936842105263158,0.936842105263158,0.25,0.25,0.0,-0.0326817042606515,-0.0326817042606515,f1
watts_strogatz__03389ffbae__i02__partial__t01__p41000,watts_strogatz__03389ffbae__i02,watts_strogatz,watts_strogatz__03389ffbae,watts_strogatz__03389ffbae__i02__partial__t01,partial,524148588,41000,0.9695238095238096,0.8888888888888888,0.9714115544967242,0.9714115544967242,0.25,0.25,-0.0806349206349206,0.0825226656078353,0.0018877449729147,f1
watts_strogatz__03389ffbae__i02__partial__t01__p41001,watts_strogatz__03389ffbae__i02,watts_strogatz,watts_strogatz__03389ffbae,watts_strogatz__03389ffbae__i02__partial__t01,partial,524148588,41001,0.9695238095238096,0.8632478632478633,1.0,1.0,0.1,0.1,-0.1062759462759461,0.1367521367521367,0.0304761904761905,f1
watts_strogatz__03389ffbae__i03__informative__t00__p41000,watts_strogatz__03389ffbae__i03,watts_strogatz,watts_strogatz__03389ffbae,watts_strogatz__03389ffbae__i03__informative__t00,informative,2094231860,41000,1.0,0.8212956068503351,1.0,1.0,0.4,0.4,-0.1787043931496649,0.1787043931496649,0.0,f1
watts_strogatz__03389ffbae__i03__informative__t00__p41001,watts_strogatz__03389ffbae__i03,watts_strogatz,watts_strogatz__03389ffbae,watts_strogatz__03389ffbae__i03__informative__t00,informative,2094231860,41001,1.0,0.9555143651529194,0.9555143651529194,0.9555143651529194,0.0,0.1,-0.0444856348470805,0.0,-0.0444856348470805,f1
watts_strogatz__03389ffbae__i03__informative__t01__p41000,watts_strogatz__03389ffbae__i03,watts_strogatz,watts_strogatz__03389ffbae,watts_strogatz__03389ffbae__i03__informative__t01,informative,318946308,41000,1.0,1.0,1.0,1.0,0.0,0.1,0.0,0.0,0.0,f1
watts_strogatz__03389ffbae__i03__informative__t01__p41001,watts_strogatz__03389ffbae__i03,watts_strogatz,watts_strogatz__03389ffbae,watts_strogatz__03389ffbae__i03__informative__t01,informative,318946308,41001,0.9047619047619048,0.9047619047619048,0.9047619047619048,0.9047619047619048,0.0,0.1,0.0,0.0,0.0,f1
watts_strogatz__03389ffbae__i03__noisy__t00__p41000,watts_strogatz__03389ffbae__i03,watts_strogatz,watts_strogatz__03389ffbae,watts_strogatz__03389ffbae__i03__noisy__t00,noisy,77682907,41000,1.0,0.9604938271604938,0.9604938271604938,0.9163763066202092,0.0,0.1,-0.0395061728395061,-0.0441175205402847,-0.0395061728395061,f1
watts_strogatz__03389ffbae__i03__noisy__t00__p41001,watts_strogatz__03389ffbae__i03,watts_strogatz,watts_strogatz__03389ffbae,watts_strogatz__03389ffbae__i03__noisy__t00,noisy,77682907,41001,0.8459893048128342,0.9047619047619048,0.8095238095238095,0.8095238095238095,0.55,0.55,0.0587725999490705,-0.0952380952380952,-0.0364654952890246,f1
watts_strogatz__03389ffbae__i03__noisy__t01__p41000,watts_strogatz__03389ffbae__i03,watts_strogatz,watts_strogatz__03389ffbae,watts_strogatz__03389ffbae__i03__noisy__t01,noisy,206392078,41000,1.0,0.9604938271604938,0.8814814814814815,0.8814814814814815,0.55,0.55,-0.0395061728395061,-0.0790123456790122,-0.1185185185185184,f1
watts_strogatz__03389ffbae__i03__noisy__t01__p41001,watts_strogatz__03389ffbae__i03,watts_strogatz,watts_strogatz__03389ffbae,watts_strogatz__03389ffbae__i03__noisy__t01,noisy,206392078,41001,1.0,0.7767441860465116,0.7767441860465116,0.7767441860465116,0.0,0.1,-0.2232558139534883,0.0,-0.2232558139534883,f1
watts_strogatz__03389ffbae__i03__partial__t00__p41000,watts_strogatz__03389ffbae__i03,watts_strogatz,watts_strogatz__03389ffbae,watts_strogatz__03389ffbae__i03__partial__t00,partial,1414092839,41000,1.0,0.4352941176470588,0.9163763066202092,0.9163763066202092,0.25,0.25,-0.5647058823529412,0.4810821889731502,-0.0836236933797909,f1
watts_strogatz__03389ffbae__i03__partial__t00__p41001,watts_strogatz__03389ffbae__i03,watts_strogatz,watts_strogatz__03389ffbae,watts_strogatz__03389ffbae__i03__partial__t00,partial,1414092839,41001,0.9047619047619048,0.9047619047619048,0.9047619047619048,0.9047619047619048,0.0,0.1,0.0,0.0,0.0,f1
watts_strogatz__03389ffbae__i03__partial__t01__p41000,watts_strogatz__03389ffbae__i03,watts_strogatz,watts_strogatz__03389ffbae,watts_strogatz__03389ffbae__i03__partial__t01,partial,19033778,41000,1.0,0.9555143651529194,0.9555143651529194,0.9555143651529194,0.4,0.4,-0.0444856348470805,0.0,-0.0444856348470805,f1
watts_strogatz__03389ffbae__i03__partial__t01__p41001,watts_strogatz__03389ffbae__i03,watts_strogatz,watts_strogatz__03389ffbae,watts_strogatz__03389ffbae__i03__partial__t01,partial,19033778,41001,0.8459893048128342,0.7767441860465116,0.7767441860465116,0.7767441860465116,0.0,0.1,-0.0692451187663225,0.0,-0.0692451187663225,f1
watts_strogatz__03389ffbae__i04__informative__t00__p41000,watts_strogatz__03389ffbae__i04,watts_strogatz,watts_strogatz__03389ffbae,watts_strogatz__03389ffbae__i04__informative__t00,informative,709215763,41000,0.9695238095238096,1.0,1.0,1.0,0.0,0.1,0.0304761904761905,0.0,0.0304761904761905,f1
watts_strogatz__03389ffbae__i04__informative__t00__p41001,watts_strogatz__03389ffbae__i04,watts_strogatz,watts_strogatz__03389ffbae,watts_strogatz__03389ffbae__i04__informative__t00,informative,709215763,41001,0.901572112098428,0.941031941031941,0.941031941031941,0.9695238095238096,0.0,0.1,0.039459828933513,0.0284918684918684,0.039459828933513,f1
watts_strogatz__03389ffbae__i04__informative__t01__p41000,watts_strogatz__03389ffbae__i04,watts_strogatz,watts_strogatz__03389ffbae,watts_strogatz__03389ffbae__i04__informative__t01,informative,7021660,41000,0.9695238095238096,1.0,1.0,0.9695238095238096,0.0,0.1,0.0304761904761905,-0.0304761904761905,0.0304761904761905,f1
watts_strogatz__03389ffbae__i04__informative__t01__p41001,watts_strogatz__03389ffbae__i04,watts_strogatz,watts_strogatz__03389ffbae,watts_strogatz__03389ffbae__i04__informative__t01,informative,7021660,41001,0.936842105263158,0.9085714285714286,0.9085714285714286,0.941031941031941,0.0,0.1,-0.0282706766917293,0.0324605124605124,-0.0282706766917293,f1
watts_strogatz__03389ffbae__i04__noisy__t00__p41000,watts_strogatz__03389ffbae__i04,watts_strogatz,watts_strogatz__03389ffbae,watts_strogatz__03389ffbae__i04__noisy__t00,noisy,661431102,41000,1.0,0.9714115544967242,1.0,1.0,0.4,0.4,-0.0285884455032757,0.0285884455032757,0.0,f1
watts_strogatz__03389ffbae__i04__noisy__t00__p41001,watts_strogatz__03389ffbae__i04,watts_strogatz,watts_strogatz__03389ffbae,watts_strogatz__03389ffbae__i04__noisy__t00,noisy,661431102,41001,0.901572112098428,0.8476190476190476,0.9085714285714286,0.9085714285714286,0.4,0.4,-0.0539530644793803,0.0609523809523809,0.0069993164730006,f1
watts_strogatz__03389ffbae__i04__noisy__t01__p41000,watts_strogatz__03389ffbae__i04,watts_strogatz,watts_strogatz__03389ffbae,watts_strogatz__03389ffbae__i04__noisy__t01,noisy,70896554,41000,1.0,0.936842105263158,0.9695238095238096,0.9695238095238096,0.55,0.55,-0.063157894736842,0.0326817042606515,-0.0304761904761905,f1
watts_strogatz__03389ffbae__i04__noisy__t01__p41001,watts_strogatz__03389ffbae__i04,watts_strogatz,watts_strogatz__03389ffbae,watts_strogatz__03389ffbae__i04__noisy__t01,noisy,70896554,41001,0.9695238095238096,0.901572112098428,0.901572112098428,0.901572112098428,0.25,0.25,-0.0679516974253815,0.0,-0.0679516974253815,f1
watts_strogatz__03389ffbae__i04__partial__t00__p41000,watts_strogatz__03389ffbae__i04,watts_strogatz,watts_strogatz__03389ffbae,watts_strogatz__03389ffbae__i04__partial__t00,partial,1416834568,41000,1.0,0.9695238095238096,0.9695238095238096,0.9695238095238096,0.4,0.4,-0.0304761904761905,0.0,-0.0304761904761905,f1
watts_strogatz__03389ffbae__i04__partial__t00__p41001,watts_strogatz__03389ffbae__i04,watts_strogatz,watts_strogatz__03389ffbae,watts_strogatz__03389ffbae__i04__partial__t00,partial,1416834568,41001,0.9695238095238096,0.9085714285714286,0.941031941031941,0.941031941031941,0.4,0.4,-0.0609523809523808,0.0324605124605124,-0.0284918684918684,f1
watts_strogatz__03389ffbae__i04__partial__t01__p41000,watts_strogatz__03389ffbae__i04,watts_strogatz,watts_strogatz__03389ffbae,watts_strogatz__03389ffbae__i04__partial__t01,partial,311074551,41000,0.9695238095238096,0.941031941031941,0.941031941031941,0.941031941031941,0.0,0.1,-0.0284918684918684,0.0,-0.0284918684918684,f1
watts_strogatz__03389ffbae__i04__partial__t01__p41001,watts_strogatz__03389ffbae__i04,watts_strogatz,watts_strogatz__03389ffbae,watts_strogatz__03389ffbae__i04__partial__t01,partial,311074551,41001,0.901572112098428,0.9695238095238096,0.9695238095238096,0.9695238095238096,0.4,0.4,0.0679516974253815,0.0,0.0679516974253815,f1
watts_strogatz__16f637a7ee__i00__informative__t00__p41000,watts_strogatz__16f637a7ee__i00,watts_strogatz,watts_strogatz__16f637a7ee,watts_strogatz__16f637a7ee__i00__informative__t00,informative,236003228,41000,0.9188732394366196,0.8570577724836212,0.8570577724836212,0.8888888888888888,0.0,0.55,-0.0618154669529984,0.0318311164052675,-0.0618154669529984,f1
watts_strogatz__16f637a7ee__i00__informative__t00__p41001,watts_strogatz__16f637a7ee__i00,watts_strogatz,watts_strogatz__16f637a7ee,watts_strogatz__16f637a7ee__i00__informative__t00,informative,236003228,41001,0.9227053140096618,0.8545454545454545,0.8991596638655461,0.8991596638655461,0.25,0.25,-0.0681598594642073,0.0446142093200916,-0.0235456501441156,f1
watts_strogatz__16f637a7ee__i00__informative__t01__p41000,watts_strogatz__16f637a7ee__i00,watts_strogatz,watts_strogatz__16f637a7ee,watts_strogatz__16f637a7ee__i00__informative__t01,informative,1290984065,41000,0.9729577464788732,0.770334928229665,0.8570577724836212,0.8570577724836212,0.1,0.1,-0.2026228182492082,0.0867228442539562,-0.1158999739952519,f1
watts_strogatz__16f637a7ee__i00__informative__t01__p41001,watts_strogatz__16f637a7ee__i00,watts_strogatz,watts_strogatz__16f637a7ee,watts_strogatz__16f637a7ee__i00__informative__t01,informative,1290984065,41001,0.9444444444444444,0.9444444444444444,0.9142346634901728,0.9142346634901728,0.55,0.55,0.0,-0.0302097809542717,-0.0302097809542717,f1
watts_strogatz__16f637a7ee__i00__noisy__t00__p41000,watts_strogatz__16f637a7ee__i00,watts_strogatz,watts_strogatz__16f637a7ee,watts_strogatz__16f637a7ee__i00__noisy__t00,noisy,702942006,41000,0.8888888888888888,0.7681159420289855,0.8333333333333333,0.8333333333333333,0.55,0.55,-0.1207729468599033,0.0652173913043477,-0.0555555555555555,f1
watts_strogatz__16f637a7ee__i00__noisy__t00__p41001,watts_strogatz__16f637a7ee__i00,watts_strogatz,watts_strogatz__16f637a7ee,watts_strogatz__16f637a7ee__i00__noisy__t00,noisy,702942006,41001,0.827071538857437,0.6647619047619048,0.6121212121212121,0.6121212121212121,0.1,0.1,-0.1623096340955322,-0.0526406926406927,-0.2149503267362249,f1
watts_strogatz__16f637a7ee__i00__noisy__t01__p41000,watts_strogatz__16f637a7ee__i00,watts_strogatz,watts_strogatz__16f637a7ee,watts_strogatz__16f637a7ee__i00__noisy__t01,noisy,529323102,41000,0.7427039904705182,0.8476190476190476,0.789010989010989,0.789010989010989,0.1,0.1,0.1049150571485294,-0.0586080586080586,0.0463069985404708,f1
watts_strogatz__16f637a7ee__i00__noisy__t01__p41001,watts_strogatz__16f637a7ee__i00,watts_strogatz,watts_strogatz__16f637a7ee,watts_strogatz__16f637a7ee__i00__noisy__t01,noisy,529323102,41001,0.7777777777777777,0.5428571428571429,0.6461916461916462,0.6461916461916462,0.25,0.25,-0.2349206349206347,0.1033345033345032,-0.1315861315861315,f1
watts_strogatz__16f637a7ee__i00__partial__t00__p41000,watts_strogatz__16f637a7ee__i00,watts_strogatz,watts_strogatz__16f637a7ee,watts_strogatz__16f637a7ee__i00__partial__t00,partial,79193450,41000,0.7866666666666666,0.7047163362952836,0.7047163362952836,0.7047163362952836,0.1,0.1,-0.081950330371383,0.0,-0.081950330371383,f1
watts_strogatz__16f637a7ee__i00__partial__t00__p41001,watts_strogatz__16f637a7ee__i00,watts_strogatz,watts_strogatz__16f637a7ee,watts_strogatz__16f637a7ee__i00__partial__t00,partial,79193450,41001,0.8647887323943662,0.8230958230958232,0.7998808814770697,0.7998808814770697,0.1,0.1,-0.0416929092985429,-0.0232149416187534,-0.0649078509172964,f1
watts_strogatz__16f637a7ee__i00__partial__t01__p41000,watts_strogatz__16f637a7ee__i00,watts_strogatz,watts_strogatz__16f637a7ee,watts_strogatz__16f637a7ee__i00__partial__t01,partial,858829135,41000,0.7998808814770697,0.6666666666666667,0.8230958230958232,0.8230958230958232,0.55,0.55,-0.1332142148104029,0.1564291564291564,0.0232149416187534,f1
watts_strogatz__16f637a7ee__i00__partial__t01__p41001,watts_strogatz__16f637a7ee__i00,watts_strogatz,watts_strogatz__16f637a7ee,watts_strogatz__16f637a7ee__i00__partial__t01,partial,858829135,41001,0.8647887323943662,0.6835164835164835,0.7983193277310925,0.7983193277310925,0.4,0.4,-0.1812722488778826,0.1148028442146089,-0.0664694046632736,f1
watts_strogatz__16f637a7ee__i01__informative__t00__p41000,watts_strogatz__16f637a7ee__i01,watts_strogatz,watts_strogatz__16f637a7ee,watts_strogatz__16f637a7ee__i01__informative__t00,informative,1729971109,41000,0.916083916083916,0.9372549019607844,0.9372549019607844,0.9372549019607844,0.25,0.25,0.0211709858768682,0.0,0.0211709858768682,f1
watts_strogatz__16f637a7ee__i01__informative__t00__p41001,watts_strogatz__16f637a7ee__i01,watts_strogatz,watts_strogatz__16f637a7ee,watts_strogatz__16f637a7ee__i01__informative__t00,informative,1729971109,41001,0.9791576204950064,0.9374728614850196,0.9165217391304348,0.9165217391304348,0.4,0.4,-0.0416847590099869,-0.0209511223545848,-0.0626358813645717,f1
watts_strogatz__16f637a7ee__i01__informative__t01__p41000,watts_strogatz__16f637a7ee__i01,watts_strogatz,watts_strogatz__16f637a7ee,watts_strogatz__16f637a7ee__i01__informative__t01,informative,2077501824,41000,0.9791576204950064,0.8954248366013071,0.9374728614850196,0.9374728614850196,0.25,0.25,-0.0837327838936994,0.0420480248837125,-0.0416847590099869,f1
watts_strogatz__16f637a7ee__i01__informative__t01__p41001,watts_strogatz__16f637a7ee__i01,watts_strogatz,watts_strogatz__16f637a7ee,watts_strogatz__16f637a7ee__i01__informative__t01,informative,2077501824,41001,0.9791576204950064,0.9165217391304348,0.9582608695652174,0.9582608695652174,0.55,0.55,-0.0626358813645717,0.0417391304347826,-0.0208967509297891,f1
watts_strogatz__16f637a7ee__i01__noisy__t00__p41000,watts_strogatz__16f637a7ee__i01,watts_strogatz,watts_strogatz__16f637a7ee,watts_strogatz__16f637a7ee__i01__noisy__t00,noisy,551349170,41000,0.875,0.7902097902097902,0.8306878306878307,0.8306878306878307,0.25,0.25,-0.0847902097902097,0.0404780404780404,-0.0443121693121693,f1
watts_strogatz__16f637a7ee__i01__noisy__t00__p41001,watts_strogatz__16f637a7ee__i01,watts_strogatz,watts_strogatz__16f637a7ee,watts_strogatz__16f637a7ee__i01__noisy__t00,noisy,551349170,41001,0.8333333333333334,0.8124185844550587,0.8124185844550587,0.8124185844550587,0.55,0.55,-0.0209147488782747,0.0,-0.0209147488782747,f1
watts_strogatz__16f637a7ee__i01__noisy__t01__p41000,watts_strogatz__16f637a7ee__i01,watts_strogatz,watts_strogatz__16f637a7ee,watts_strogatz__16f637a7ee__i01__noisy__t01,noisy,1514181726,41000,0.9165217391304348,0.7261956998683634,0.8330434782608696,0.8330434782608696,0.4,0.4,-0.1903260392620713,0.1068477783925061,-0.0834782608695652,f1
watts_strogatz__16f637a7ee__i01__noisy__t01__p41001,watts_strogatz__16f637a7ee__i01,watts_strogatz,watts_strogatz__16f637a7ee,watts_strogatz__16f637a7ee__i01__noisy__t01,noisy,1514181726,41001,0.8117647058823529,0.7261956998683634,0.6840719613865731,0.6840719613865731,0.55,0.55,-0.0855690060139895,-0.0421237384817902,-0.1276927444957798,f1
watts_strogatz__16f637a7ee__i01__partial__t00__p41000,watts_strogatz__16f637a7ee__i01,watts_strogatz,watts_strogatz__16f637a7ee,watts_strogatz__16f637a7ee__i01__partial__t00,partial,220281196,41000,0.8124185844550587,0.6840719613865731,0.8535947712418301,0.8535947712418301,0.55,0.55,-0.1283466230684855,0.169522809855257,0.0411761867867714,f1
watts_strogatz__16f637a7ee__i01__partial__t00__p41001,watts_strogatz__16f637a7ee__i01,watts_strogatz,watts_strogatz__16f637a7ee,watts_strogatz__16f637a7ee__i01__partial__t00,partial,220281196,41001,0.7707338254450716,0.7290490664350847,0.8957881024750325,0.8957881024750325,0.55,0.55,-0.0416847590099869,0.1667390360399477,0.1250542770299608,f1
watts_strogatz__16f637a7ee__i01__partial__t01__p41000,watts_strogatz__16f637a7ee__i01,watts_strogatz,watts_strogatz__16f637a7ee,watts_strogatz__16f637a7ee__i01__partial__t01,partial,316174736,41000,0.9374728614850196,0.8333333333333334,0.8535947712418301,0.8535947712418301,0.1,0.1,-0.1041395281516862,0.0202614379084967,-0.0838780902431894,f1
watts_strogatz__16f637a7ee__i01__partial__t01__p41001,watts_strogatz__16f637a7ee__i01,watts_strogatz,watts_strogatz__16f637a7ee,watts_strogatz__16f637a7ee__i01__partial__t01,partial,316174736,41001,0.8957881024750325,0.8541033434650456,0.7902097902097902,0.7902097902097902,0.4,0.4,-0.0416847590099869,-0.0638935532552553,-0.1055783122652422,f1
watts_strogatz__16f637a7ee__i02__informative__t00__p41000,watts_strogatz__16f637a7ee__i02,watts_strogatz,watts_strogatz__16f637a7ee,watts_strogatz__16f637a7ee__i02__informative__t00,informative,225131677,41000,0.9361419068736142,0.8900595510765003,0.912885662431942,0.912885662431942,0.25,0.25,-0.0460823557971139,0.0228261113554416,-0.0232562444416722,f1
watts_strogatz__16f637a7ee__i02__informative__t00__p41001,watts_strogatz__16f637a7ee__i02,watts_strogatz,watts_strogatz__16f637a7ee,watts_strogatz__16f637a7ee__i02__informative__t00,informative,225131677,41001,0.9368143922773148,0.7902097902097902,0.8306878306878307,0.8306878306878307,0.1,0.1,-0.1466046020675244,0.0404780404780404,-0.1061265615894839,f1
watts_strogatz__16f637a7ee__i02__informative__t01__p41000,watts_strogatz__16f637a7ee__i02,watts_strogatz,watts_strogatz__16f637a7ee,watts_strogatz__16f637a7ee__i02__informative__t01,informative,2027014212,41000,0.9165217391304348,0.9368143922773148,0.916083916083916,0.916083916083916,0.1,0.1,0.0202926531468798,-0.0207304761933986,-0.0004378230465187,f1
watts_strogatz__16f637a7ee__i02__informative__t01__p41001,watts_strogatz__16f637a7ee__i02,watts_strogatz,watts_strogatz__16f637a7ee,watts_strogatz__16f637a7ee__i02__informative__t01,informative,2027014212,41001,0.9787139689578714,0.8946906537955244,0.8946906537955244,0.9153439153439152,0.0,0.1,-0.084023315162347,0.0206532615483909,-0.084023315162347,f1
watts_strogatz__16f637a7ee__i02__noisy__t00__p41000,watts_strogatz__16f637a7ee__i02,watts_strogatz,watts_strogatz__16f637a7ee,watts_strogatz__16f637a7ee__i02__noisy__t00,noisy,946982435,41000,0.746031746031746,0.7078260869565217,0.746031746031746,0.746031746031746,0.4,0.4,-0.0382056590752243,0.0382056590752243,0.0,f1
watts_strogatz__16f637a7ee__i02__noisy__t00__p41001,watts_strogatz__16f637a7ee__i02,watts_strogatz,watts_strogatz__16f637a7ee,watts_strogatz__16f637a7ee__i02__noisy__t00,noisy,946982435,41001,0.6950998185117967,0.5826086956521739,0.5955654101995566,0.5955654101995566,0.1,0.1,-0.1124911228596228,0.0129567145473826,-0.0995344083122401,f1
watts_strogatz__16f637a7ee__i02__noisy__t01__p41000,watts_strogatz__16f637a7ee__i02,watts_strogatz,watts_strogatz__16f637a7ee,watts_strogatz__16f637a7ee__i02__noisy__t01,noisy,1946637429,41000,0.8321678321678322,0.6613756613756614,0.6613756613756614,0.746031746031746,0.0,0.55,-0.1707921707921708,0.0846560846560846,-0.1707921707921708,f1
watts_strogatz__16f637a7ee__i02__noisy__t01__p41001,watts_strogatz__16f637a7ee__i02,watts_strogatz,watts_strogatz__16f637a7ee,watts_strogatz__16f637a7ee__i02__noisy__t01,noisy,1946637429,41001,0.7902097902097902,0.6135265700483092,0.6381374722838138,0.6381374722838138,0.55,0.55,-0.1766832201614809,0.0246109022355045,-0.1520723179259764,f1
watts_strogatz__16f637a7ee__i02__partial__t00__p41000,watts_strogatz__16f637a7ee__i02,watts_strogatz,watts_strogatz__16f637a7ee,watts_strogatz__16f637a7ee__i02__partial__t00,partial,397361430,41000,0.8488529014844803,0.7902097902097902,0.8330434782608696,0.8330434782608696,0.25,0.25,-0.0586431112746901,0.0428336880510793,-0.0158094232236107,f1
watts_strogatz__16f637a7ee__i02__partial__t00__p41001,watts_strogatz__16f637a7ee__i02,watts_strogatz,watts_strogatz__16f637a7ee,watts_strogatz__16f637a7ee__i02__partial__t00,partial,397361430,41001,0.8946906537955244,0.8306878306878307,0.8104431768319438,0.8104431768319438,0.55,0.55,-0.0640028231076936,-0.0202446538558869,-0.0842474769635805,f1
watts_strogatz__16f637a7ee__i02__partial__t01__p41000,watts_strogatz__16f637a7ee__i02,watts_strogatz,watts_strogatz__16f637a7ee,watts_strogatz__16f637a7ee__i02__partial__t01,partial,1123149914,41000,0.9153439153439152,0.8741258741258742,0.8741258741258742,0.8124185844550587,0.0,0.4,-0.0412180412180411,-0.0617072896708155,-0.0412180412180411,f1
watts_strogatz__16f637a7ee__i02__partial__t01__p41001,watts_strogatz__16f637a7ee__i02,watts_strogatz,watts_strogatz__16f637a7ee,watts_strogatz__16f637a7ee__i02__partial__t01,partial,1123149914,41001,0.8306878306878307,0.8488529014844803,0.8084257206208425,0.8084257206208425,0.55,0.55,0.0181650707966496,-0.0404271808636378,-0.0222621100669881,f1
watts_strogatz__16f637a7ee__i03__informative__t00__p41000,watts_strogatz__16f637a7ee__i03,watts_strogatz,watts_strogatz__16f637a7ee,watts_strogatz__16f637a7ee__i03__informative__t00,informative,782708177,41000,0.8741258741258742,0.8954248366013071,0.9165217391304348,0.9165217391304348,0.55,0.55,0.0212989624754329,0.0210969025291276,0.0423958650045606,f1
watts_strogatz__16f637a7ee__i03__informative__t00__p41001,watts_strogatz__16f637a7ee__i03,watts_strogatz,watts_strogatz__16f637a7ee,watts_strogatz__16f637a7ee__i03__informative__t00,informative,782708177,41001,0.791304347826087,0.8741258741258742,0.8535947712418301,0.8535947712418301,0.55,0.55,0.0828215262997871,-0.020531102884044,0.062290423415743,f1
watts_strogatz__16f637a7ee__i03__informative__t01__p41000,watts_strogatz__16f637a7ee__i03,watts_strogatz,watts_strogatz__16f637a7ee,watts_strogatz__16f637a7ee__i03__informative__t01,informative,603722432,41000,0.8525669153137341,0.8741258741258742,0.8741258741258742,0.8741258741258742,0.0,0.1,0.02155895881214,0.0,0.02155895881214,f1
watts_strogatz__16f637a7ee__i03__informative__t01__p41001,watts_strogatz__16f637a7ee__i03,watts_strogatz,watts_strogatz__16f637a7ee,watts_strogatz__16f637a7ee__i03__informative__t01,informative,603722432,41001,0.9374728614850196,0.916083916083916,0.9374728614850196,0.9374728614850196,0.4,0.4,-0.0213889454011035,0.0213889454011035,0.0,f1
watts_strogatz__16f637a7ee__i03__noisy__t00__p41000,watts_strogatz__16f637a7ee__i03,watts_strogatz,watts_strogatz__16f637a7ee,watts_strogatz__16f637a7ee__i03__noisy__t00,noisy,468368700,41000,0.9165217391304348,0.6026143790849673,0.8747826086956522,0.8747826086956522,0.4,0.4,-0.3139073600454675,0.2721682296106849,-0.0417391304347826,f1
watts_strogatz__16f637a7ee__i03__noisy__t00__p41001,watts_strogatz__16f637a7ee__i03,watts_strogatz,watts_strogatz__16f637a7ee,watts_strogatz__16f637a7ee__i03__noisy__t00,noisy,468368700,41001,0.8741258741258742,0.8525669153137341,0.7902097902097902,0.7902097902097902,0.4,0.4,-0.02155895881214,-0.0623571251039438,-0.0839160839160839,f1
watts_strogatz__16f637a7ee__i03__noisy__t01__p41000,watts_strogatz__16f637a7ee__i03,watts_strogatz,watts_strogatz__16f637a7ee,watts_strogatz__16f637a7ee__i03__noisy__t01,noisy,1620554159,41000,0.7883597883597884,0.6419482229047828,0.6761133603238867,0.6761133603238867,0.1,0.1,-0.1464115654550055,0.0341651374191038,-0.1122464280359016,f1
watts_strogatz__16f637a7ee__i03__noisy__t01__p41001,watts_strogatz__16f637a7ee__i03,watts_strogatz,watts_strogatz__16f637a7ee,watts_strogatz__16f637a7ee__i03__noisy__t01,noisy,1620554159,41001,0.9374728614850196,0.8124185844550587,0.875,0.875,0.55,0.55,-0.1250542770299609,0.0625814155449413,-0.0624728614850196,f1
watts_strogatz__16f637a7ee__i03__partial__t00__p41000,watts_strogatz__16f637a7ee__i03,watts_strogatz,watts_strogatz__16f637a7ee,watts_strogatz__16f637a7ee__i03__partial__t00,partial,535084881,41000,0.7883597883597884,0.7707338254450716,0.8124185844550587,0.8124185844550587,0.4,0.4,-0.0176259629147167,0.041684759009987,0.0240587960952702,f1
watts_strogatz__16f637a7ee__i03__partial__t00__p41001,watts_strogatz__16f637a7ee__i03,watts_strogatz,watts_strogatz__16f637a7ee,watts_strogatz__16f637a7ee__i03__partial__t00,partial,535084881,41001,0.8525669153137341,0.8124185844550587,0.7902097902097902,0.7902097902097902,0.25,0.25,-0.0401483308586754,-0.0222087942452684,-0.0623571251039438,f1
watts_strogatz__16f637a7ee__i03__partial__t01__p41000,watts_strogatz__16f637a7ee__i03,watts_strogatz,watts_strogatz__16f637a7ee,watts_strogatz__16f637a7ee__i03__partial__t01,partial,1287694704,41000,0.8541033434650456,0.6571428571428571,0.6840719613865731,0.6840719613865731,0.55,0.55,-0.1969604863221884,0.0269291042437159,-0.1700313820784724,f1
watts_strogatz__16f637a7ee__i03__partial__t01__p41001,watts_strogatz__16f637a7ee__i03,watts_strogatz,watts_strogatz__16f637a7ee,watts_strogatz__16f637a7ee__i03__partial__t01,partial,1287694704,41001,0.9165217391304348,0.7707338254450716,0.8124185844550587,0.8124185844550587,0.25,0.25,-0.1457879136853631,0.041684759009987,-0.1041031546753761,f1
watts_strogatz__16f637a7ee__i04__informative__t00__p41000,watts_strogatz__16f637a7ee__i04,watts_strogatz,watts_strogatz__16f637a7ee,watts_strogatz__16f637a7ee__i04__informative__t00,informative,2108499807,41000,0.9780119102153,0.8714285714285714,0.9352226720647774,0.9352226720647774,0.4,0.4,-0.1065833387867286,0.0637941006362059,-0.0427892381505227,f1
watts_strogatz__16f637a7ee__i04__informative__t00__p41001,watts_strogatz__16f637a7ee__i04,watts_strogatz,watts_strogatz__16f637a7ee,watts_strogatz__16f637a7ee__i04__informative__t00,informative,2108499807,41001,0.9325526932084308,0.859375,0.8633776091081593,0.8633776091081593,0.4,0.4,-0.0731776932084309,0.0040026091081593,-0.0691750841002716,f1
watts_strogatz__16f637a7ee__i04__informative__t01__p41000,watts_strogatz__16f637a7ee__i04,watts_strogatz,watts_strogatz__16f637a7ee,watts_strogatz__16f637a7ee__i04__informative__t01,informative,727921190,41000,1.0,0.9142857142857144,0.9352226720647774,0.9352226720647774,0.25,0.25,-0.0857142857142856,0.020936957779063,-0.0647773279352226,f1
watts_strogatz__16f637a7ee__i04__informative__t01__p41001,watts_strogatz__16f637a7ee__i04,watts_strogatz,watts_strogatz__16f637a7ee,watts_strogatz__16f637a7ee__i04__informative__t01,informative,727921190,41001,0.9555555555555556,0.9555555555555556,0.9555555555555556,0.9555555555555556,0.1,0.1,0.0,0.0,0.0,f1
watts_strogatz__16f637a7ee__i04__noisy__t00__p41000,watts_strogatz__16f637a7ee__i04,watts_strogatz,watts_strogatz__16f637a7ee,watts_strogatz__16f637a7ee__i04__noisy__t00,noisy,1692900025,41000,0.9325526932084308,0.7526932084309134,0.7581310123683005,0.7581310123683005,0.1,0.1,-0.1798594847775175,0.0054378039373871,-0.1744216808401304,f1
watts_strogatz__16f637a7ee__i04__noisy__t00__p41001,watts_strogatz__16f637a7ee__i04,watts_strogatz,watts_strogatz__16f637a7ee,watts_strogatz__16f637a7ee__i04__noisy__t00,noisy,1692900025,41001,0.8426229508196721,0.7856079404466502,0.746031746031746,0.746031746031746,0.55,0.55,-0.0570150103730219,-0.0395761944149041,-0.096591204787926,f1
watts_strogatz__16f637a7ee__i04__noisy__t01__p41000,watts_strogatz__16f637a7ee__i04,watts_strogatz,watts_strogatz__16f637a7ee,watts_strogatz__16f637a7ee__i04__noisy__t01,noisy,496805046,41000,0.8222222222222222,0.7333333333333334,0.7922077922077921,0.7922077922077921,0.55,0.55,-0.0888888888888888,0.0588744588744587,-0.03001443001443,f1
watts_strogatz__16f637a7ee__i04__noisy__t01__p41001,watts_strogatz__16f637a7ee__i04,watts_strogatz,watts_strogatz__16f637a7ee,watts_strogatz__16f637a7ee__i04__noisy__t01,noisy,496805046,41001,0.8125,0.6903225806451614,0.8460833715071003,0.8460833715071003,0.55,0.55,-0.1221774193548386,0.1557607908619389,0.0335833715071003,f1
watts_strogatz__16f637a7ee__i04__partial__t00__p41000,watts_strogatz__16f637a7ee__i04,watts_strogatz,watts_strogatz__16f637a7ee,watts_strogatz__16f637a7ee__i04__partial__t00,partial,221331185,41000,0.956442831215971,0.9325526932084308,0.893569844789357,0.893569844789357,0.55,0.55,-0.02389013800754,-0.0389828484190739,-0.0628729864266139,f1
watts_strogatz__16f637a7ee__i04__partial__t00__p41001,watts_strogatz__16f637a7ee__i04,watts_strogatz,watts_strogatz__16f637a7ee,watts_strogatz__16f637a7ee__i04__partial__t00,partial,221331185,41001,0.9340357306459002,0.6974789915966386,0.9089184060721064,0.9089184060721064,0.4,0.4,-0.2365567390492615,0.2114394144754676,-0.0251173245737938,f1
watts_strogatz__16f637a7ee__i04__partial__t01__p41000,watts_strogatz__16f637a7ee__i04,watts_strogatz,watts_strogatz__16f637a7ee,watts_strogatz__16f637a7ee__i04__partial__t01,partial,1916119504,41000,0.9111111111111112,0.8222222222222222,0.8222222222222222,0.8178368121442126,0.0,0.25,-0.0888888888888889,-0.0043854100780096,-0.0888888888888889,f1
watts_strogatz__16f637a7ee__i04__partial__t01__p41001,watts_strogatz__16f637a7ee__i04,watts_strogatz,watts_strogatz__16f637a7ee,watts_strogatz__16f637a7ee__i04__partial__t01,partial,1916119504,41001,0.9111111111111112,0.7776634071024189,0.9325526932084308,0.9325526932084308,0.55,0.55,-0.1334477040086922,0.154889286106012,0.0214415820973198,f1
watts_strogatz__3178c0ffff__i00__informative__t00__p41000,watts_strogatz__3178c0ffff__i00,watts_strogatz,watts_strogatz__3178c0ffff,watts_strogatz__3178c0ffff__i00__informative__t00,informative,907040834,41000,1.0,0.9583333333333334,0.9583333333333334,0.9583333333333334,0.0,0.1,-0.0416666666666666,0.0,-0.0416666666666666,f1
watts_strogatz__3178c0ffff__i00__informative__t00__p41001,watts_strogatz__3178c0ffff__i00,watts_strogatz,watts_strogatz__3178c0ffff,watts_strogatz__3178c0ffff__i00__informative__t00,informative,907040834,41001,0.9791576204950064,0.9583333333333334,0.9583333333333334,0.9791576204950064,0.0,0.1,-0.0208242871616731,0.0208242871616731,-0.0208242871616731,f1
watts_strogatz__3178c0ffff__i00__informative__t01__p41000,watts_strogatz__3178c0ffff__i00,watts_strogatz,watts_strogatz__3178c0ffff,watts_strogatz__3178c0ffff__i00__informative__t01,informative,556838787,41000,1.0,0.9791576204950064,0.9791576204950064,1.0,0.0,0.1,-0.0208423795049934,0.0208423795049934,-0.0208423795049934,f1
watts_strogatz__3178c0ffff__i00__informative__t01__p41001,watts_strogatz__3178c0ffff__i00,watts_strogatz,watts_strogatz__3178c0ffff,watts_strogatz__3178c0ffff__i00__informative__t01,informative,556838787,41001,0.9791576204950064,0.9583333333333334,0.9583333333333334,1.0,0.0,0.1,-0.0208242871616731,0.0416666666666666,-0.0208242871616731,f1
watts_strogatz__3178c0ffff__i00__noisy__t00__p41000,watts_strogatz__3178c0ffff__i00,watts_strogatz,watts_strogatz__3178c0ffff,watts_strogatz__3178c0ffff__i00__noisy__t00,noisy,1720724121,41000,0.9583333333333334,0.9374728614850196,1.0,1.0,0.25,0.25,-0.0208604718483137,0.0625271385149803,0.0416666666666666,f1
watts_strogatz__3178c0ffff__i00__noisy__t00__p41001,watts_strogatz__3178c0ffff__i00,watts_strogatz,watts_strogatz__3178c0ffff,watts_strogatz__3178c0ffff__i00__noisy__t00,noisy,1720724121,41001,0.9582608695652174,0.9791576204950064,0.9791576204950064,1.0,0.0,0.25,0.0208967509297891,0.0208423795049934,0.0208967509297891,f1
watts_strogatz__3178c0ffff__i00__noisy__t01__p41000,watts_strogatz__3178c0ffff__i00,watts_strogatz,watts_strogatz__3178c0ffff,watts_strogatz__3178c0ffff__i00__noisy__t01,noisy,323945919,41000,0.9791576204950064,0.916083916083916,0.9374728614850196,0.9374728614850196,0.25,0.25,-0.0630737044110905,0.0213889454011035,-0.0416847590099869,f1
watts_strogatz__3178c0ffff__i00__noisy__t01__p41001,watts_strogatz__3178c0ffff__i00,watts_strogatz,watts_strogatz__3178c0ffff,watts_strogatz__3178c0ffff__i00__noisy__t01,noisy,323945919,41001,0.9791576204950064,0.9372549019607844,0.9372549019607844,0.9582608695652174,0.0,0.1,-0.0419027185342222,0.021005967604433,-0.0419027185342222,f1
watts_strogatz__3178c0ffff__i00__partial__t00__p41000,watts_strogatz__3178c0ffff__i00,watts_strogatz,watts_strogatz__3178c0ffff,watts_strogatz__3178c0ffff__i00__partial__t00,partial,18906444,41000,0.9791576204950064,0.9374728614850196,0.9791576204950064,0.9791576204950064,0.4,0.4,-0.0416847590099869,0.0416847590099869,0.0,f1
watts_strogatz__3178c0ffff__i00__partial__t00__p41001,watts_strogatz__3178c0ffff__i00,watts_strogatz,watts_strogatz__3178c0ffff,watts_strogatz__3178c0ffff__i00__partial__t00,partial,18906444,41001,0.9582608695652174,1.0,1.0,0.9582608695652174,0.0,0.1,0.0417391304347826,-0.0417391304347826,0.0417391304347826,f1
watts_strogatz__3178c0ffff__i00__partial__t01__p41000,watts_strogatz__3178c0ffff__i00,watts_strogatz,watts_strogatz__3178c0ffff,watts_strogatz__3178c0ffff__i00__partial__t01,partial,1253065367,41000,0.9791576204950064,0.9166666666666666,0.9166666666666666,0.9791576204950064,0.0,0.4,-0.0624909538283399,0.0624909538283399,-0.0624909538283399,f1
watts_strogatz__3178c0ffff__i00__partial__t01__p41001,watts_strogatz__3178c0ffff__i00,watts_strogatz,watts_strogatz__3178c0ffff,watts_strogatz__3178c0ffff__i00__partial__t01,partial,1253065367,41001,0.9582608695652174,0.9372549019607844,0.9372549019607844,0.9372549019607844,0.25,0.25,-0.021005967604433,0.0,-0.021005967604433,f1
watts_strogatz__3178c0ffff__i01__informative__t00__p41000,watts_strogatz__3178c0ffff__i01,watts_strogatz,watts_strogatz__3178c0ffff,watts_strogatz__3178c0ffff__i01__informative__t00,informative,1288959133,41000,1.0,1.0,1.0,1.0,0.55,0.55,0.0,0.0,0.0,f1
watts_strogatz__3178c0ffff__i01__informative__t00__p41001,watts_strogatz__3178c0ffff__i01,watts_strogatz,watts_strogatz__3178c0ffff,watts_strogatz__3178c0ffff__i01__informative__t00,informative,1288959133,41001,0.8946906537955244,0.9791576204950064,0.9791576204950064,0.9583333333333334,0.0,0.1,0.0844669666994821,-0.0208242871616731,0.0844669666994821,f1
watts_strogatz__3178c0ffff__i01__informative__t01__p41000,watts_strogatz__3178c0ffff__i01,watts_strogatz,watts_strogatz__3178c0ffff,watts_strogatz__3178c0ffff__i01__informative__t01,informative,1503855812,41000,0.9791576204950064,1.0,1.0,1.0,0.0,0.1,0.0208423795049934,0.0,0.0208423795049934,f1
watts_strogatz__3178c0ffff__i01__informative__t01__p41001,watts_strogatz__3178c0ffff__i01,watts_strogatz,watts_strogatz__3178c0ffff,watts_strogatz__3178c0ffff__i01__informative__t01,informative,1503855812,41001,1.0,0.9165217391304348,0.9165217391304348,0.9791576204950064,0.0,0.1,-0.0834782608695652,0.0626358813645717,-0.0834782608695652,f1
watts_strogatz__3178c0ffff__i01__noisy__t00__p41000,watts_strogatz__3178c0ffff__i01,watts_strogatz,watts_strogatz__3178c0ffff,watts_strogatz__3178c0ffff__i01__noisy__t00,noisy,182177542,41000,0.9791576204950064,0.9166666666666666,0.9791576204950064,0.9791576204950064,0.25,0.25,-0.0624909538283399,0.0624909538283399,0.0,f1
watts_strogatz__3178c0ffff__i01__noisy__t00__p41001,watts_strogatz__3178c0ffff__i01,watts_strogatz,watts_strogatz__3178c0ffff,watts_strogatz__3178c0ffff__i01__noisy__t00,noisy,182177542,41001,1.0,0.9791576204950064,0.9791576204950064,1.0,0.0,0.1,-0.0208423795049934,0.0208423795049934,-0.0208423795049934,f1
watts_strogatz__3178c0ffff__i01__noisy__t01__p41000,watts_strogatz__3178c0ffff__i01,watts_strogatz,watts_strogatz__3178c0ffff,watts_strogatz__3178c0ffff__i01__noisy__t01,noisy,1634702389,41000,1.0,0.9791576204950064,0.9791576204950064,1.0,0.0,0.1,-0.0208423795049934,0.0208423795049934,-0.0208423795049934,f1
watts_strogatz__3178c0ffff__i01__noisy__t01__p41001,watts_strogatz__3178c0ffff__i01,watts_strogatz,watts_strogatz__3178c0ffff,watts_strogatz__3178c0ffff__i01__noisy__t01,noisy,1634702389,41001,0.9791576204950064,0.9583333333333334,1.0,1.0,0.25,0.25,-0.0208242871616731,0.0416666666666666,0.0208423795049934,f1
watts_strogatz__3178c0ffff__i01__partial__t00__p41000,watts_strogatz__3178c0ffff__i01,watts_strogatz,watts_strogatz__3178c0ffff,watts_strogatz__3178c0ffff__i01__partial__t00,partial,1239426280,41000,0.9791576204950064,0.9791576204950064,0.9791576204950064,0.9791576204950064,0.25,0.25,0.0,0.0,0.0,f1
watts_strogatz__3178c0ffff__i01__partial__t00__p41001,watts_strogatz__3178c0ffff__i01,watts_strogatz,watts_strogatz__3178c0ffff,watts_strogatz__3178c0ffff__i01__partial__t00,partial,1239426280,41001,1.0,0.9372549019607844,0.9372549019607844,1.0,0.0,0.1,-0.0627450980392156,0.0627450980392156,-0.0627450980392156,f1
watts_strogatz__3178c0ffff__i01__partial__t01__p41000,watts_strogatz__3178c0ffff__i01,watts_strogatz,watts_strogatz__3178c0ffff,watts_strogatz__3178c0ffff__i01__partial__t01,partial,531993839,41000,1.0,1.0,1.0,1.0,0.4,0.4,0.0,0.0,0.0,f1
watts_strogatz__3178c0ffff__i01__partial__t01__p41001,watts_strogatz__3178c0ffff__i01,watts_strogatz,watts_strogatz__3178c0ffff,watts_strogatz__3178c0ffff__i01__partial__t01,partial,531993839,41001,0.9583333333333334,0.9791576204950064,0.9791576204950064,0.9791576204950064,0.0,0.1,0.0208242871616731,0.0,0.0208242871616731,f1
watts_strogatz__3178c0ffff__i02__informative__t00__p41000,watts_strogatz__3178c0ffff__i02,watts_strogatz,watts_strogatz__3178c0ffff,watts_strogatz__3178c0ffff__i02__informative__t00,informative,42575505,41000,1.0,1.0,1.0,1.0,0.25,0.25,0.0,0.0,0.0,f1
watts_strogatz__3178c0ffff__i02__informative__t00__p41001,watts_strogatz__3178c0ffff__i02,watts_strogatz,watts_strogatz__3178c0ffff,watts_strogatz__3178c0ffff__i02__informative__t00,informative,42575505,41001,0.9361419068736142,0.9576719576719576,0.9576719576719576,0.9789381307591049,0.0,0.1,0.0215300507983434,0.0212661730871471,0.0215300507983434,f1
watts_strogatz__3178c0ffff__i02__informative__t01__p41000,watts_strogatz__3178c0ffff__i02,watts_strogatz,watts_strogatz__3178c0ffff,watts_strogatz__3178c0ffff__i02__informative__t01,informative,1593729859,41000,0.9790849673202614,1.0,1.0,1.0,0.0,0.1,0.0209150326797386,0.0,0.0209150326797386,f1
watts_strogatz__3178c0ffff__i02__informative__t01__p41001,watts_strogatz__3178c0ffff__i02,watts_strogatz,watts_strogatz__3178c0ffff,watts_strogatz__3178c0ffff__i02__informative__t01,informative,1593729859,41001,1.0,0.9790849673202614,0.9790849673202614,1.0,0.0,0.1,-0.0209150326797386,0.0209150326797386,-0.0209150326797386,f1
watts_strogatz__3178c0ffff__i02__noisy__t00__p41000,watts_strogatz__3178c0ffff__i02,watts_strogatz,watts_strogatz__3178c0ffff,watts_strogatz__3178c0ffff__i02__noisy__t00,noisy,815173920,41000,0.958041958041958,0.916083916083916,0.9789381307591049,0.9789381307591049,0.25,0.25,-0.041958041958042,0.0628542146751888,0.0208961727171467,f1
watts_strogatz__3178c0ffff__i02__noisy__t00__p41001,watts_strogatz__3178c0ffff__i02,watts_strogatz,watts_strogatz__3178c0ffff,watts_strogatz__3178c0ffff__i02__noisy__t00,noisy,815173920,41001,0.8920377867746289,0.916083916083916,1.0,1.0,0.4,0.4,0.0240461293092871,0.0839160839160839,0.1079622132253711,f1
watts_strogatz__3178c0ffff__i02__noisy__t01__p41000,watts_strogatz__3178c0ffff__i02,watts_strogatz,watts_strogatz__3178c0ffff,watts_strogatz__3178c0ffff__i02__noisy__t01,noisy,1330137962,41000,0.9789381307591049,0.9790849673202614,1.0,1.0,0.25,0.25,0.0001468365611565,0.0209150326797386,0.0210618692408951,f1
watts_strogatz__3178c0ffff__i02__noisy__t01__p41001,watts_strogatz__3178c0ffff__i02,watts_strogatz,watts_strogatz__3178c0ffff,watts_strogatz__3178c0ffff__i02__noisy__t01,noisy,1330137962,41001,1.0,0.9582608695652174,1.0,1.0,0.25,0.25,-0.0417391304347826,0.0417391304347826,0.0,f1
watts_strogatz__3178c0ffff__i02__partial__t00__p41000,watts_strogatz__3178c0ffff__i02,watts_strogatz,watts_strogatz__3178c0ffff,watts_strogatz__3178c0ffff__i02__partial__t00,partial,593941273,41000,0.8954248366013071,0.9789381307591049,0.9789381307591049,0.9789381307591049,0.1,0.1,0.0835132941577977,0.0,0.0835132941577977,f1
watts_strogatz__3178c0ffff__i02__partial__t00__p41001,watts_strogatz__3178c0ffff__i02,watts_strogatz,watts_strogatz__3178c0ffff,watts_strogatz__3178c0ffff__i02__partial__t00,partial,593941273,41001,0.9142857142857144,1.0,1.0,0.9789381307591049,0.0,0.1,0.0857142857142856,-0.0210618692408951,0.0857142857142856,f1
watts_strogatz__3178c0ffff__i02__partial__t01__p41000,watts_strogatz__3178c0ffff__i02,watts_strogatz,watts_strogatz__3178c0ffff,watts_strogatz__3178c0ffff__i02__partial__t01,partial,1708974488,41000,0.9790849673202614,0.9790849673202614,0.9790849673202614,0.9790849673202614,0.25,0.25,0.0,0.0,0.0,f1
watts_strogatz__3178c0ffff__i02__partial__t01__p41001,watts_strogatz__3178c0ffff__i02,watts_strogatz,watts_strogatz__3178c0ffff,watts_strogatz__3178c0ffff__i02__partial__t01,partial,1708974488,41001,0.9374728614850196,0.9790849673202614,0.9789381307591049,0.9789381307591049,0.25,0.25,0.0416121058352417,-0.0001468365611565,0.0414652692740852,f1
watts_strogatz__3178c0ffff__i03__informative__t00__p41000,watts_strogatz__3178c0ffff__i03,watts_strogatz,watts_strogatz__3178c0ffff,watts_strogatz__3178c0ffff__i03__informative__t00,informative,693504029,41000,1.0,1.0,1.0,1.0,0.0,0.1,0.0,0.0,0.0,f1
watts_strogatz__3178c0ffff__i03__informative__t00__p41001,watts_strogatz__3178c0ffff__i03,watts_strogatz,watts_strogatz__3178c0ffff,watts_strogatz__3178c0ffff__i03__informative__t00,informative,693504029,41001,0.9576719576719576,0.9368143922773148,0.9368143922773148,0.958041958041958,0.0,0.1,-0.020857565394643,0.0212275657646434,-0.020857565394643,f1
watts_strogatz__3178c0ffff__i03__informative__t01__p41000,watts_strogatz__3178c0ffff__i03,watts_strogatz,watts_strogatz__3178c0ffff,watts_strogatz__3178c0ffff__i03__informative__t01,informative,1807248165,41000,1.0,0.9789381307591049,0.9789381307591049,1.0,0.0,0.1,-0.0210618692408951,0.0210618692408951,-0.0210618692408951,f1
watts_strogatz__3178c0ffff__i03__informative__t01__p41001,watts_strogatz__3178c0ffff__i03,watts_strogatz,watts_strogatz__3178c0ffff,watts_strogatz__3178c0ffff__i03__informative__t01,informative,1807248165,41001,0.9576719576719576,0.9576719576719576,0.9576719576719576,0.9789381307591049,0.0,0.1,0.0,0.0212661730871471,0.0,f1
watts_strogatz__3178c0ffff__i03__noisy__t00__p41000,watts_strogatz__3178c0ffff__i03,watts_strogatz,watts_strogatz__3178c0ffff,watts_strogatz__3178c0ffff__i03__noisy__t00,noisy,331560310,41000,1.0,0.9576719576719576,0.9576719576719576,0.9789381307591049,0.0,0.1,-0.0423280423280423,0.0212661730871471,-0.0423280423280423,f1
watts_strogatz__3178c0ffff__i03__noisy__t00__p41001,watts_strogatz__3178c0ffff__i03,watts_strogatz,watts_strogatz__3178c0ffff,watts_strogatz__3178c0ffff__i03__noisy__t00,noisy,331560310,41001,0.9789381307591049,0.9368143922773148,0.9368143922773148,0.9368143922773148,0.1,0.1,-0.0421237384817901,0.0,-0.0421237384817901,f1
watts_strogatz__3178c0ffff__i03__noisy__t01__p41000,watts_strogatz__3178c0ffff__i03,watts_strogatz,watts_strogatz__3178c0ffff,watts_strogatz__3178c0ffff__i03__noisy__t01,noisy,431086956,41000,1.0,0.8535947712418301,1.0,1.0,0.4,0.4,-0.1464052287581698,0.1464052287581698,0.0,f1
watts_strogatz__3178c0ffff__i03__noisy__t01__p41001,watts_strogatz__3178c0ffff__i03,watts_strogatz,watts_strogatz__3178c0ffff,watts_strogatz__3178c0ffff__i03__noisy__t01,noisy,431086956,41001,0.9368143922773148,0.8525669153137341,0.9789381307591049,0.9789381307591049,0.1,0.1,-0.0842474769635805,0.1263712154453707,0.0421237384817901,f1
watts_strogatz__3178c0ffff__i03__partial__t00__p41000,watts_strogatz__3178c0ffff__i03,watts_strogatz,watts_strogatz__3178c0ffff,watts_strogatz__3178c0ffff__i03__partial__t00,partial,204899319,41000,0.9789381307591049,0.916083916083916,0.916083916083916,0.9576719576719576,0.0,0.1,-0.0628542146751888,0.0415880415880416,-0.0628542146751888,f1
watts_strogatz__3178c0ffff__i03__partial__t00__p41001,watts_strogatz__3178c0ffff__i03,watts_strogatz,watts_strogatz__3178c0ffff,watts_strogatz__3178c0ffff__i03__partial__t00,partial,204899319,41001,0.9789381307591049,0.958041958041958,0.9789381307591049,0.9789381307591049,0.25,0.25,-0.0208961727171467,0.0208961727171467,0.0,f1
watts_strogatz__3178c0ffff__i03__partial__t01__p41000,watts_strogatz__3178c0ffff__i03,watts_strogatz,watts_strogatz__3178c0ffff,watts_strogatz__3178c0ffff__i03__partial__t01,partial,1394455550,41000,1.0,0.9582608695652174,1.0,1.0,0.55,0.55,-0.0417391304347826,0.0417391304347826,0.0,f1
watts_strogatz__3178c0ffff__i03__partial__t01__p41001,watts_strogatz__3178c0ffff__i03,watts_strogatz,watts_strogatz__3178c0ffff,watts_strogatz__3178c0ffff__i03__partial__t01,partial,1394455550,41001,0.9789381307591049,1.0,1.0,0.9789381307591049,0.0,0.1,0.0210618692408951,-0.0210618692408951,0.0210618692408951,f1
watts_strogatz__3178c0ffff__i04__informative__t00__p41000,watts_strogatz__3178c0ffff__i04,watts_strogatz,watts_strogatz__3178c0ffff,watts_strogatz__3178c0ffff__i04__informative__t00,informative,1909297489,41000,0.9780119102153,0.9780119102153,0.9780119102153,0.956442831215971,0.0,0.1,0.0,-0.0215690789993291,0.0,f1
watts_strogatz__3178c0ffff__i04__informative__t00__p41001,watts_strogatz__3178c0ffff__i04,watts_strogatz,watts_strogatz__3178c0ffff,watts_strogatz__3178c0ffff__i04__informative__t00,informative,1909297489,41001,0.9784075573549258,1.0,1.0,1.0,0.0,0.1,0.0215924426450742,0.0,0.0215924426450742,f1
watts_strogatz__3178c0ffff__i04__informative__t01__p41000,watts_strogatz__3178c0ffff__i04,watts_strogatz,watts_strogatz__3178c0ffff,watts_strogatz__3178c0ffff__i04__informative__t01,informative,512841943,41000,0.9780119102153,0.9784075573549258,0.9784075573549258,1.0,0.0,0.1,0.0003956471396256,0.0215924426450742,0.0003956471396256,f1
watts_strogatz__3178c0ffff__i04__informative__t01__p41001,watts_strogatz__3178c0ffff__i04,watts_strogatz,watts_strogatz__3178c0ffff,watts_strogatz__3178c0ffff__i04__informative__t01,informative,512841943,41001,0.9784075573549258,1.0,1.0,1.0,0.0,0.1,0.0215924426450742,0.0,0.0215924426450742,f1
watts_strogatz__3178c0ffff__i04__noisy__t00__p41000,watts_strogatz__3178c0ffff__i04,watts_strogatz,watts_strogatz__3178c0ffff,watts_strogatz__3178c0ffff__i04__noisy__t00,noisy,578265609,41000,0.9571428571428572,0.8666666666666667,0.9142857142857144,0.9142857142857144,0.1,0.1,-0.0904761904761903,0.0476190476190476,-0.0428571428571427,f1
watts_strogatz__3178c0ffff__i04__noisy__t00__p41001,watts_strogatz__3178c0ffff__i04,watts_strogatz,watts_strogatz__3178c0ffff,watts_strogatz__3178c0ffff__i04__noisy__t00,noisy,578265609,41001,0.9780119102153,0.8488529014844803,0.9784075573549258,0.9784075573549258,0.25,0.25,-0.1291590087308197,0.1295546558704454,0.0003956471396256,f1
watts_strogatz__3178c0ffff__i04__noisy__t01__p41000,watts_strogatz__3178c0ffff__i04,watts_strogatz,watts_strogatz__3178c0ffff,watts_strogatz__3178c0ffff__i04__noisy__t01,noisy,1134209111,41000,0.9780119102153,0.9142857142857144,0.9571428571428572,0.9571428571428572,0.1,0.1,-0.0637261959295857,0.0428571428571427,-0.020869053072443,f1
watts_strogatz__3178c0ffff__i04__noisy__t01__p41001,watts_strogatz__3178c0ffff__i04,watts_strogatz,watts_strogatz__3178c0ffff,watts_strogatz__3178c0ffff__i04__noisy__t01,noisy,1134209111,41001,1.0,0.956442831215971,0.956442831215971,0.9555555555555556,0.0,0.1,-0.043557168784029,-0.0008872756604154,-0.043557168784029,f1
watts_strogatz__3178c0ffff__i04__partial__t00__p41000,watts_strogatz__3178c0ffff__i04,watts_strogatz,watts_strogatz__3178c0ffff,watts_strogatz__3178c0ffff__i04__partial__t00,partial,257350759,41000,0.9361419068736142,0.8666666666666667,1.0,1.0,0.1,0.1,-0.0694752402069475,0.1333333333333333,0.0638580931263858,f1
watts_strogatz__3178c0ffff__i04__partial__t00__p41001,watts_strogatz__3178c0ffff__i04,watts_strogatz,watts_strogatz__3178c0ffff,watts_strogatz__3178c0ffff__i04__partial__t00,partial,257350759,41001,0.9780119102153,0.8693284936479129,0.8693284936479129,0.9784075573549258,0.0,0.1,-0.1086834165673872,0.1090790637070129,-0.1086834165673872,f1
watts_strogatz__3178c0ffff__i04__partial__t01__p41000,watts_strogatz__3178c0ffff__i04,watts_strogatz,watts_strogatz__3178c0ffff,watts_strogatz__3178c0ffff__i04__partial__t01,partial,1620675201,41000,0.9784075573549258,0.9555555555555556,0.9555555555555556,0.9555555555555556,0.0,0.1,-0.0228520017993703,0.0,-0.0228520017993703,f1
watts_strogatz__3178c0ffff__i04__partial__t01__p41001,watts_strogatz__3178c0ffff__i04,watts_strogatz,watts_strogatz__3178c0ffff,watts_strogatz__3178c0ffff__i04__partial__t01,partial,1620675201,41001,0.9340357306459002,0.9325526932084308,0.9325526932084308,0.9325526932084308,0.0,0.1,-0.0014830374374692,0.0,-0.0014830374374692,f1
watts_strogatz__48a3ec9030__i00__informative__t00__p41000,watts_strogatz__48a3ec9030__i00,watts_strogatz,watts_strogatz__48a3ec9030,watts_strogatz__48a3ec9030__i00__informative__t00,informative,210506352,41000,1.0,0.7683194383501536,0.7916666666666666,0.7916666666666666,0.55,0.55,-0.2316805616498464,0.023347228316513,-0.2083333333333333,f1
watts_strogatz__48a3ec9030__i00__informative__t00__p41001,watts_strogatz__48a3ec9030__i00,watts_strogatz,watts_strogatz__48a3ec9030,watts_strogatz__48a3ec9030__i00__informative__t00,informative,210506352,41001,0.9352226720647774,0.8330434782608696,0.893569844789357,0.893569844789357,0.55,0.55,-0.1021791938039078,0.0605263665284874,-0.0416528272754204,f1
watts_strogatz__48a3ec9030__i00__informative__t01__p41000,watts_strogatz__48a3ec9030__i00,watts_strogatz,watts_strogatz__48a3ec9030,watts_strogatz__48a3ec9030__i00__informative__t01,informative,563595220,41000,0.9787139689578714,0.8535947712418301,0.958041958041958,0.958041958041958,0.4,0.4,-0.1251191977160413,0.1044471868001279,-0.0206720109159133,f1
watts_strogatz__48a3ec9030__i00__informative__t01__p41001,watts_strogatz__48a3ec9030__i00,watts_strogatz,watts_strogatz__48a3ec9030,watts_strogatz__48a3ec9030__i00__informative__t01,informative,563595220,41001,0.9372549019607844,0.8954248366013071,0.8954248366013071,0.8954248366013071,0.4,0.4,-0.0418300653594772,0.0,-0.0418300653594772,f1
watts_strogatz__48a3ec9030__i00__noisy__t00__p41000,watts_strogatz__48a3ec9030__i00,watts_strogatz,watts_strogatz__48a3ec9030,watts_strogatz__48a3ec9030__i00__noisy__t00,noisy,1134929648,41000,0.9368143922773148,0.6515426497277677,0.7281045751633988,0.7281045751633988,0.4,0.4,-0.285271742549547,0.0765619254356311,-0.2087098171139159,f1
watts_strogatz__48a3ec9030__i00__noisy__t00__p41001,watts_strogatz__48a3ec9030__i00,watts_strogatz,watts_strogatz__48a3ec9030,watts_strogatz__48a3ec9030__i00__noisy__t00,noisy,1134929648,41001,0.7495652173913043,0.6329284750337382,0.6329284750337382,0.7192982456140351,0.0,0.55,-0.1166367423575661,0.0863697705802969,-0.1166367423575661,f1
watts_strogatz__48a3ec9030__i00__noisy__t01__p41000,watts_strogatz__48a3ec9030__i00,watts_strogatz,watts_strogatz__48a3ec9030,watts_strogatz__48a3ec9030__i00__noisy__t01,noisy,185667182,41000,0.9165217391304348,0.7386569872958257,0.7,0.7,0.25,0.25,-0.177864751834609,-0.0386569872958257,-0.2165217391304348,f1
watts_strogatz__48a3ec9030__i00__noisy__t01__p41001,watts_strogatz__48a3ec9030__i00,watts_strogatz,watts_strogatz__48a3ec9030,watts_strogatz__48a3ec9030__i00__noisy__t01,noisy,185667182,41001,0.916083916083916,0.5804195804195804,0.8124185844550587,0.8124185844550587,0.55,0.55,-0.3356643356643356,0.2319990040354782,-0.1036653316288573,f1
watts_strogatz__48a3ec9030__i00__partial__t00__p41000,watts_strogatz__48a3ec9030__i00,watts_strogatz,watts_strogatz__48a3ec9030,watts_strogatz__48a3ec9030__i00__partial__t00,partial,271820769,41000,0.9372549019607844,0.7658536585365854,0.8509977827050997,0.8509977827050997,0.55,0.55,-0.1714012434241989,0.0851441241685143,-0.0862571192556845,f1
watts_strogatz__48a3ec9030__i00__partial__t00__p41001,watts_strogatz__48a3ec9030__i00,watts_strogatz,watts_strogatz__48a3ec9030,watts_strogatz__48a3ec9030__i00__partial__t00,partial,271820769,41001,0.916083916083916,0.7078260869565217,0.8306878306878307,0.8306878306878307,0.55,0.55,-0.2082578291273943,0.1228617437313089,-0.0853960853960853,f1
watts_strogatz__48a3ec9030__i00__partial__t01__p41000,watts_strogatz__48a3ec9030__i00,watts_strogatz,watts_strogatz__48a3ec9030,watts_strogatz__48a3ec9030__i00__partial__t01,partial,1440902637,41000,0.9352226720647774,0.916083916083916,0.9153439153439152,0.9153439153439152,0.25,0.25,-0.0191387559808613,-0.0007400007400006,-0.019878756720862,f1
watts_strogatz__48a3ec9030__i00__partial__t01__p41001,watts_strogatz__48a3ec9030__i00,watts_strogatz,watts_strogatz__48a3ec9030,watts_strogatz__48a3ec9030__i00__partial__t01,partial,1440902637,41001,0.8957881024750325,0.791304347826087,0.8747826086956522,0.8747826086956522,0.55,0.55,-0.1044837546489454,0.0834782608695651,-0.0210054937793803,f1
watts_strogatz__48a3ec9030__i01__informative__t00__p41000,watts_strogatz__48a3ec9030__i01,watts_strogatz,watts_strogatz__48a3ec9030,watts_strogatz__48a3ec9030__i01__informative__t00,informative,856844742,41000,0.956442831215971,0.8900595510765003,0.8222222222222222,0.8222222222222222,0.25,0.25,-0.0663832801394707,-0.067837328854278,-0.1342206089937487,f1
watts_strogatz__48a3ec9030__i01__informative__t00__p41001,watts_strogatz__48a3ec9030__i01,watts_strogatz,watts_strogatz__48a3ec9030,watts_strogatz__48a3ec9030__i01__informative__t00,informative,856844742,41001,0.9352226720647774,0.8920377867746289,0.9142857142857144,0.9142857142857144,0.1,0.1,-0.0431848852901485,0.0222479275110855,-0.020936957779063,f1
watts_strogatz__48a3ec9030__i01__informative__t01__p41000,watts_strogatz__48a3ec9030__i01,watts_strogatz,watts_strogatz__48a3ec9030,watts_strogatz__48a3ec9030__i01__informative__t01,informative,1898855673,41000,0.956442831215971,0.8920377867746289,0.9784075573549258,0.9784075573549258,0.55,0.55,-0.0644050444413421,0.0863697705802969,0.0219647261389548,f1
watts_strogatz__48a3ec9030__i01__informative__t01__p41001,watts_strogatz__48a3ec9030__i01,watts_strogatz,watts_strogatz__48a3ec9030,watts_strogatz__48a3ec9030__i01__informative__t01,informative,1898855673,41001,1.0,0.956442831215971,0.9142857142857144,0.9142857142857144,0.1,0.1,-0.043557168784029,-0.0421571169302565,-0.0857142857142856,f1
watts_strogatz__48a3ec9030__i01__noisy__t00__p41000,watts_strogatz__48a3ec9030__i01,watts_strogatz,watts_strogatz__48a3ec9030,watts_strogatz__48a3ec9030__i01__noisy__t00,noisy,379479785,41000,0.8056680161943319,0.7822141560798548,0.7141548327989007,0.7141548327989007,0.55,0.55,-0.0234538601144771,-0.0680593232809541,-0.0915131833954312,f1
watts_strogatz__48a3ec9030__i01__noisy__t00__p41001,watts_strogatz__48a3ec9030__i01,watts_strogatz,watts_strogatz__48a3ec9030,watts_strogatz__48a3ec9030__i01__noisy__t00,noisy,379479785,41001,0.8666666666666667,0.578125,0.6121212121212121,0.6121212121212121,0.25,0.25,-0.2885416666666667,0.033996212121212,-0.2545454545454546,f1
watts_strogatz__48a3ec9030__i01__noisy__t01__p41000,watts_strogatz__48a3ec9030__i01,watts_strogatz,watts_strogatz__48a3ec9030,watts_strogatz__48a3ec9030__i01__noisy__t01,noisy,1118114830,41000,0.8875878220140515,0.6426799007444168,0.6812144212523719,0.6812144212523719,0.25,0.25,-0.2449079212696346,0.038534520507955,-0.2063734007616796,f1
watts_strogatz__48a3ec9030__i01__noisy__t01__p41001,watts_strogatz__48a3ec9030__i01,watts_strogatz,watts_strogatz__48a3ec9030,watts_strogatz__48a3ec9030__i01__noisy__t01,noisy,1118114830,41001,0.8285714285714285,0.5998244844229925,0.6950998185117967,0.6950998185117967,0.4,0.4,-0.228746944148436,0.0952753340888041,-0.1334716100596318,f1
watts_strogatz__48a3ec9030__i01__partial__t00__p41000,watts_strogatz__48a3ec9030__i01,watts_strogatz,watts_strogatz__48a3ec9030,watts_strogatz__48a3ec9030__i01__partial__t00,partial,809987724,41000,0.8306878306878307,0.6903225806451614,0.6571428571428571,0.6571428571428571,0.55,0.55,-0.1403652500426693,-0.0331797235023042,-0.1735449735449735,f1
watts_strogatz__48a3ec9030__i01__partial__t00__p41001,watts_strogatz__48a3ec9030__i01,watts_strogatz,watts_strogatz__48a3ec9030,watts_strogatz__48a3ec9030__i01__partial__t00,partial,809987724,41001,0.912885662431942,0.746031746031746,0.7624831309041835,0.7624831309041835,0.55,0.55,-0.1668539164001958,0.0164513848724374,-0.1504025315277584,f1
watts_strogatz__48a3ec9030__i01__partial__t01__p41000,watts_strogatz__48a3ec9030__i01,watts_strogatz,watts_strogatz__48a3ec9030,watts_strogatz__48a3ec9030__i01__partial__t01,partial,90272815,41000,0.8084257206208425,0.671875,0.6998556998556998,0.6998556998556998,0.55,0.55,-0.1365507206208425,0.0279806998556998,-0.1085700207651426,f1
watts_strogatz__48a3ec9030__i01__partial__t01__p41001,watts_strogatz__48a3ec9030__i01,watts_strogatz,watts_strogatz__48a3ec9030,watts_strogatz__48a3ec9030__i01__partial__t01,partial,90272815,41001,0.9111111111111112,0.8222222222222222,0.8875878220140515,0.8875878220140515,0.55,0.55,-0.0888888888888889,0.0653655997918293,-0.0235232890970595,f1
watts_strogatz__48a3ec9030__i02__informative__t00__p41000,watts_strogatz__48a3ec9030__i02,watts_strogatz,watts_strogatz__48a3ec9030,watts_strogatz__48a3ec9030__i02__informative__t00,informative,1617329601,41000,1.0,0.956442831215971,0.9784075573549258,0.9784075573549258,0.1,0.1,-0.043557168784029,0.0219647261389548,-0.0215924426450742,f1
watts_strogatz__48a3ec9030__i02__informative__t00__p41001,watts_strogatz__48a3ec9030__i02,watts_strogatz,watts_strogatz__48a3ec9030,watts_strogatz__48a3ec9030__i02__informative__t00,informative,1617329601,41001,0.8900595510765003,0.7822141560798548,0.9352226720647774,0.9352226720647774,0.55,0.55,-0.1078453949966454,0.1530085159849226,0.0451631209882771,f1
watts_strogatz__48a3ec9030__i02__informative__t01__p41000,watts_strogatz__48a3ec9030__i02,watts_strogatz,watts_strogatz__48a3ec9030,watts_strogatz__48a3ec9030__i02__informative__t01,informative,1707826076,41000,0.8900595510765003,0.8714285714285714,0.9352226720647774,0.9352226720647774,0.55,0.55,-0.0186309796479288,0.0637941006362059,0.0451631209882771,f1
watts_strogatz__48a3ec9030__i02__informative__t01__p41001,watts_strogatz__48a3ec9030__i02,watts_strogatz,watts_strogatz__48a3ec9030,watts_strogatz__48a3ec9030__i02__informative__t01,informative,1707826076,41001,0.8693284936479129,0.7777777777777778,0.9142857142857144,0.9142857142857144,0.4,0.4,-0.091550715870135,0.1365079365079365,0.0449572206378015,f1
watts_strogatz__48a3ec9030__i02__noisy__t00__p41000,watts_strogatz__48a3ec9030__i02,watts_strogatz,watts_strogatz__48a3ec9030,watts_strogatz__48a3ec9030__i02__noisy__t00,noisy,1152941301,41000,0.9142857142857144,0.6075036075036075,0.6660869565217391,0.6660869565217391,0.4,0.4,-0.3067821067821068,0.0585833490181315,-0.2481987577639752,f1
watts_strogatz__48a3ec9030__i02__noisy__t00__p41001,watts_strogatz__48a3ec9030__i02,watts_strogatz,watts_strogatz__48a3ec9030,watts_strogatz__48a3ec9030__i02__noisy__t00,noisy,1152941301,41001,0.746031746031746,0.6701786532295007,0.5955654101995566,0.5955654101995566,0.25,0.25,-0.0758530928022453,-0.0746132430299441,-0.1504663358321895,f1
watts_strogatz__48a3ec9030__i02__noisy__t01__p41000,watts_strogatz__48a3ec9030__i02,watts_strogatz,watts_strogatz__48a3ec9030,watts_strogatz__48a3ec9030__i02__noisy__t01,noisy,1574110176,41000,0.8693284936479129,0.6701786532295007,0.6627634660421545,0.6627634660421545,0.55,0.55,-0.1991498404184122,-0.0074151871873461,-0.2065650276057583,f1
watts_strogatz__48a3ec9030__i02__noisy__t01__p41001,watts_strogatz__48a3ec9030__i02,watts_strogatz,watts_strogatz__48a3ec9030,watts_strogatz__48a3ec9030__i02__noisy__t01,noisy,1574110176,41001,0.7902097902097902,0.8084257206208425,0.8084257206208425,0.7658536585365854,0.0,0.1,0.0182159304110522,-0.0425720620842571,0.0182159304110522,f1
watts_strogatz__48a3ec9030__i02__partial__t00__p41000,watts_strogatz__48a3ec9030__i02,watts_strogatz,watts_strogatz__48a3ec9030,watts_strogatz__48a3ec9030__i02__partial__t00,partial,2038869220,41000,0.8920377867746289,0.7386569872958257,0.8257713248638838,0.8257713248638838,0.55,0.55,-0.1533807994788031,0.087114337568058,-0.066266461910745,f1
watts_strogatz__48a3ec9030__i02__partial__t00__p41001,watts_strogatz__48a3ec9030__i02,watts_strogatz,watts_strogatz__48a3ec9030,watts_strogatz__48a3ec9030__i02__partial__t00,partial,2038869220,41001,0.8084257206208425,0.7333333333333334,0.6998556998556998,0.6998556998556998,0.1,0.1,-0.0750923872875091,-0.0334776334776335,-0.1085700207651426,f1
watts_strogatz__48a3ec9030__i02__partial__t01__p41000,watts_strogatz__48a3ec9030__i02,watts_strogatz,watts_strogatz__48a3ec9030,watts_strogatz__48a3ec9030__i02__partial__t01,partial,1456748858,41000,0.9142857142857144,0.8285714285714285,0.873015873015873,0.873015873015873,0.4,0.4,-0.0857142857142858,0.0444444444444445,-0.0412698412698413,f1
watts_strogatz__48a3ec9030__i02__partial__t01__p41001,watts_strogatz__48a3ec9030__i02,watts_strogatz,watts_strogatz__48a3ec9030,watts_strogatz__48a3ec9030__i02__partial__t01,partial,1456748858,41001,0.8900595510765003,0.873015873015873,0.8509977827050997,0.8509977827050997,0.4,0.4,-0.0170436780606272,-0.0220180903107732,-0.0390617683714005,f1
watts_strogatz__48a3ec9030__i03__informative__t00__p41000,watts_strogatz__48a3ec9030__i03,watts_strogatz,watts_strogatz__48a3ec9030,watts_strogatz__48a3ec9030__i03__informative__t00,informative,445043899,41000,0.9790849673202614,0.9582608695652174,0.9582608695652174,0.9582608695652174,0.4,0.4,-0.020824097755044,0.0,-0.020824097755044,f1
watts_strogatz__48a3ec9030__i03__informative__t00__p41001,watts_strogatz__48a3ec9030__i03,watts_strogatz,watts_strogatz__48a3ec9030,watts_strogatz__48a3ec9030__i03__informative__t00,informative,445043899,41001,0.9153439153439152,0.893569844789357,0.893569844789357,0.893569844789357,0.55,0.55,-0.0217740705545583,0.0,-0.0217740705545583,f1
watts_strogatz__48a3ec9030__i03__informative__t01__p41000,watts_strogatz__48a3ec9030__i03,watts_strogatz,watts_strogatz__48a3ec9030,watts_strogatz__48a3ec9030__i03__informative__t01,informative,1581078501,41000,0.916083916083916,0.8509977827050997,0.8525669153137341,0.8525669153137341,0.55,0.55,-0.0650861333788163,0.0015691326086343,-0.0635170007701819,f1
watts_strogatz__48a3ec9030__i03__informative__t01__p41001,watts_strogatz__48a3ec9030__i03,watts_strogatz,watts_strogatz__48a3ec9030,watts_strogatz__48a3ec9030__i03__informative__t01,informative,1581078501,41001,0.9142857142857144,0.9368143922773148,0.9576719576719576,0.9576719576719576,0.4,0.4,0.0225286779916003,0.020857565394643,0.0433862433862433,f1
watts_strogatz__48a3ec9030__i03__noisy__t00__p41000,watts_strogatz__48a3ec9030__i03,watts_strogatz,watts_strogatz__48a3ec9030,watts_strogatz__48a3ec9030__i03__noisy__t00,noisy,1184444667,41000,0.7707338254450716,0.7883597883597884,0.7699346405228757,0.7699346405228757,0.25,0.25,0.0176259629147167,-0.0184251478369126,-0.0007991849221958,f1
watts_strogatz__48a3ec9030__i03__noisy__t00__p41001,watts_strogatz__48a3ec9030__i03,watts_strogatz,watts_strogatz__48a3ec9030,watts_strogatz__48a3ec9030__i03__noisy__t00,noisy,1184444667,41001,0.8117647058823529,0.6643356643356644,0.6643356643356644,0.5955654101995566,0.0,0.25,-0.1474290415466885,-0.0687702541361078,-0.1474290415466885,f1
watts_strogatz__48a3ec9030__i03__noisy__t01__p41000,watts_strogatz__48a3ec9030__i03,watts_strogatz,watts_strogatz__48a3ec9030,watts_strogatz__48a3ec9030__i03__noisy__t01,noisy,69873377,41000,0.7290490664350847,0.6039947894051237,0.746031746031746,0.746031746031746,0.55,0.55,-0.1250542770299609,0.1420369566266223,0.0169826795966613,f1
watts_strogatz__48a3ec9030__i03__noisy__t01__p41001,watts_strogatz__48a3ec9030__i03,watts_strogatz,watts_strogatz__48a3ec9030,watts_strogatz__48a3ec9030__i03__noisy__t01,noisy,69873377,41001,0.8306878306878307,0.7261956998683634,0.7083333333333334,0.7083333333333334,0.1,0.1,-0.1044921308194672,-0.01786236653503,-0.1223544973544973,f1
watts_strogatz__48a3ec9030__i03__partial__t00__p41000,watts_strogatz__48a3ec9030__i03,watts_strogatz,watts_strogatz__48a3ec9030,watts_strogatz__48a3ec9030__i03__partial__t00,partial,2133065072,41000,0.8541033434650456,0.6862745098039216,0.7495652173913043,0.7495652173913043,0.1,0.1,-0.167828833661124,0.0632907075873827,-0.1045381260737412,f1
watts_strogatz__48a3ec9030__i03__partial__t00__p41001,watts_strogatz__48a3ec9030__i03,watts_strogatz,watts_strogatz__48a3ec9030,watts_strogatz__48a3ec9030__i03__partial__t00,partial,2133065072,41001,0.9153439153439152,0.7495652173913043,0.7683194383501536,0.7683194383501536,0.1,0.1,-0.165778697952611,0.0187542209588492,-0.1470244769937617,f1
watts_strogatz__48a3ec9030__i03__partial__t01__p41000,watts_strogatz__48a3ec9030__i03,watts_strogatz,watts_strogatz__48a3ec9030,watts_strogatz__48a3ec9030__i03__partial__t01,partial,157165084,41000,0.873015873015873,0.6079854809437386,0.7495652173913043,0.7495652173913043,0.55,0.55,-0.2650303920721344,0.1415797364475657,-0.1234506556245687,f1
watts_strogatz__48a3ec9030__i03__partial__t01__p41001,watts_strogatz__48a3ec9030__i03,watts_strogatz,watts_strogatz__48a3ec9030,watts_strogatz__48a3ec9030__i03__partial__t01,partial,157165084,41001,0.8488529014844803,0.8021071919377004,0.8021071919377004,0.8021071919377004,0.25,0.25,-0.0467457095467799,0.0,-0.0467457095467799,f1
watts_strogatz__48a3ec9030__i04__informative__t00__p41000,watts_strogatz__48a3ec9030__i04,watts_strogatz,watts_strogatz__48a3ec9030,watts_strogatz__48a3ec9030__i04__informative__t00,informative,1048190456,41000,1.0,0.8541033434650456,0.9166666666666666,0.9166666666666666,0.25,0.25,-0.1458966565349544,0.062563323201621,-0.0833333333333333,f1
watts_strogatz__48a3ec9030__i04__informative__t00__p41001,watts_strogatz__48a3ec9030__i04,watts_strogatz,watts_strogatz__48a3ec9030,watts_strogatz__48a3ec9030__i04__informative__t00,informative,1048190456,41001,0.9372549019607844,0.8509977827050997,0.9153439153439152,0.9153439153439152,0.4,0.4,-0.0862571192556845,0.0643461326388156,-0.0219109866168689,f1
watts_strogatz__48a3ec9030__i04__informative__t01__p41000,watts_strogatz__48a3ec9030__i04,watts_strogatz,watts_strogatz__48a3ec9030,watts_strogatz__48a3ec9030__i04__informative__t01,informative,1519337353,41000,0.9142857142857144,0.8104431768319438,0.8525669153137341,0.8525669153137341,0.55,0.55,-0.1038425374537705,0.0421237384817902,-0.0617187989719802,f1
watts_strogatz__48a3ec9030__i04__informative__t01__p41001,watts_strogatz__48a3ec9030__i04,watts_strogatz,watts_strogatz__48a3ec9030,watts_strogatz__48a3ec9030__i04__informative__t01,informative,1519337353,41001,0.9582608695652174,0.8946906537955244,0.958041958041958,0.958041958041958,0.25,0.25,-0.063570215769693,0.0633513042464337,-0.0002189115232592,f1
watts_strogatz__48a3ec9030__i04__noisy__t00__p41000,watts_strogatz__48a3ec9030__i04,watts_strogatz,watts_strogatz__48a3ec9030,watts_strogatz__48a3ec9030__i04__noisy__t00,noisy,1840892719,41000,0.8285714285714285,0.5111111111111111,0.6950998185117967,0.6950998185117967,0.55,0.55,-0.3174603174603174,0.1839887074006856,-0.1334716100596318,f1
watts_strogatz__48a3ec9030__i04__noisy__t00__p41001,watts_strogatz__48a3ec9030__i04,watts_strogatz,watts_strogatz__48a3ec9030,watts_strogatz__48a3ec9030__i04__noisy__t00,noisy,1840892719,41001,0.8084257206208425,0.4789405123751628,0.7281045751633988,0.7281045751633988,0.4,0.4,-0.3294852082456797,0.2491640627882359,-0.0803211454574437,f1
watts_strogatz__48a3ec9030__i04__noisy__t01__p41000,watts_strogatz__48a3ec9030__i04,watts_strogatz,watts_strogatz__48a3ec9030,watts_strogatz__48a3ec9030__i04__noisy__t01,noisy,2066543673,41000,0.9153439153439152,0.6888888888888889,0.7883597883597884,0.7883597883597884,0.55,0.55,-0.2264550264550264,0.0994708994708994,-0.1269841269841269,f1
watts_strogatz__48a3ec9030__i04__noisy__t01__p41001,watts_strogatz__48a3ec9030__i04,watts_strogatz,watts_strogatz__48a3ec9030,watts_strogatz__48a3ec9030__i04__noisy__t01,noisy,2066543673,41001,0.7883597883597884,0.6444444444444444,0.6643356643356644,0.6643356643356644,0.55,0.55,-0.143915343915344,0.01989121989122,-0.124024124024124,f1
watts_strogatz__48a3ec9030__i04__partial__t00__p41000,watts_strogatz__48a3ec9030__i04,watts_strogatz,watts_strogatz__48a3ec9030,watts_strogatz__48a3ec9030__i04__partial__t00,partial,1306786574,41000,0.9374728614850196,0.7037037037037037,0.7883597883597884,0.7883597883597884,0.25,0.25,-0.2337691577813159,0.0846560846560846,-0.1491130731252312,f1
watts_strogatz__48a3ec9030__i04__partial__t00__p41001,watts_strogatz__48a3ec9030__i04,watts_strogatz,watts_strogatz__48a3ec9030,watts_strogatz__48a3ec9030__i04__partial__t00,partial,1306786574,41001,0.9165217391304348,0.8124185844550587,0.8747826086956522,0.8747826086956522,0.1,0.1,-0.1041031546753761,0.0623640242405935,-0.0417391304347826,f1
watts_strogatz__48a3ec9030__i04__partial__t01__p41000,watts_strogatz__48a3ec9030__i04,watts_strogatz,watts_strogatz__48a3ec9030,watts_strogatz__48a3ec9030__i04__partial__t01,partial,935780805,41000,0.9372549019607844,0.8330434782608696,0.9372549019607844,0.9372549019607844,0.55,0.55,-0.1042114236999147,0.1042114236999147,0.0,f1
watts_strogatz__48a3ec9030__i04__partial__t01__p41001,watts_strogatz__48a3ec9030__i04,watts_strogatz,watts_strogatz__48a3ec9030,watts_strogatz__48a3ec9030__i04__partial__t01,partial,935780805,41001,0.8124185844550587,0.7902097902097902,0.8330434782608696,0.8330434782608696,0.25,0.25,-0.0222087942452684,0.0428336880510793,0.0206248938058108,f1
watts_strogatz__4ebe5e8de8__i00__informative__t00__p41000,watts_strogatz__4ebe5e8de8__i00,watts_strogatz,watts_strogatz__4ebe5e8de8,watts_strogatz__4ebe5e8de8__i00__informative__t00,informative,156062888,41000,1.0,0.9583333333333334,0.9583333333333334,0.9374728614850196,0.0,0.1,-0.0416666666666666,-0.0208604718483137,-0.0416666666666666,f1
watts_strogatz__4ebe5e8de8__i00__informative__t00__p41001,watts_strogatz__4ebe5e8de8__i00,watts_strogatz,watts_strogatz__4ebe5e8de8,watts_strogatz__4ebe5e8de8__i00__informative__t00,informative,156062888,41001,1.0,0.9791576204950064,0.9791576204950064,1.0,0.0,0.1,-0.0208423795049934,0.0208423795049934,-0.0208423795049934,f1
watts_strogatz__4ebe5e8de8__i00__informative__t01__p41000,watts_strogatz__4ebe5e8de8__i00,watts_strogatz,watts_strogatz__4ebe5e8de8,watts_strogatz__4ebe5e8de8__i00__informative__t01,informative,1582176483,41000,1.0,0.9791576204950064,0.9791576204950064,0.9791576204950064,0.25,0.25,-0.0208423795049934,0.0,-0.0208423795049934,f1
watts_strogatz__4ebe5e8de8__i00__informative__t01__p41001,watts_strogatz__4ebe5e8de8__i00,watts_strogatz,watts_strogatz__4ebe5e8de8,watts_strogatz__4ebe5e8de8__i00__informative__t01,informative,1582176483,41001,0.9791576204950064,0.9791576204950064,0.9791576204950064,0.9791576204950064,0.0,0.1,0.0,0.0,0.0,f1
watts_strogatz__4ebe5e8de8__i00__noisy__t00__p41000,watts_strogatz__4ebe5e8de8__i00,watts_strogatz,watts_strogatz__4ebe5e8de8,watts_strogatz__4ebe5e8de8__i00__noisy__t00,noisy,296070677,41000,1.0,0.916083916083916,0.9791576204950064,0.9791576204950064,0.4,0.4,-0.0839160839160839,0.0630737044110905,-0.0208423795049934,f1
watts_strogatz__4ebe5e8de8__i00__noisy__t00__p41001,watts_strogatz__4ebe5e8de8__i00,watts_strogatz,watts_strogatz__4ebe5e8de8,watts_strogatz__4ebe5e8de8__i00__noisy__t00,noisy,296070677,41001,1.0,0.916083916083916,0.9791576204950064,0.9791576204950064,0.55,0.55,-0.0839160839160839,0.0630737044110905,-0.0208423795049934,f1
watts_strogatz__4ebe5e8de8__i00__noisy__t01__p41000,watts_strogatz__4ebe5e8de8__i00,watts_strogatz,watts_strogatz__4ebe5e8de8,watts_strogatz__4ebe5e8de8__i00__noisy__t01,noisy,606036730,41000,0.9583333333333334,0.8747826086956522,0.9583333333333334,0.9583333333333334,0.25,0.25,-0.0835507246376812,0.0835507246376812,0.0,f1
watts_strogatz__4ebe5e8de8__i00__noisy__t01__p41001,watts_strogatz__4ebe5e8de8__i00,watts_strogatz,watts_strogatz__4ebe5e8de8,watts_strogatz__4ebe5e8de8__i00__noisy__t01,noisy,606036730,41001,0.9791576204950064,0.9166666666666666,0.9374728614850196,0.9374728614850196,0.1,0.1,-0.0624909538283399,0.0208061948183529,-0.0416847590099869,f1
watts_strogatz__4ebe5e8de8__i00__partial__t00__p41000,watts_strogatz__4ebe5e8de8__i00,watts_strogatz,watts_strogatz__4ebe5e8de8,watts_strogatz__4ebe5e8de8__i00__partial__t00,partial,671527788,41000,0.9791576204950064,0.9791576204950064,0.9791576204950064,1.0,0.0,0.1,0.0,0.0208423795049934,0.0,f1
watts_strogatz__4ebe5e8de8__i00__partial__t00__p41001,watts_strogatz__4ebe5e8de8__i00,watts_strogatz,watts_strogatz__4ebe5e8de8,watts_strogatz__4ebe5e8de8__i00__partial__t00,partial,671527788,41001,0.9791576204950064,0.9372549019607844,0.9372549019607844,0.9582608695652174,0.0,0.1,-0.0419027185342222,0.021005967604433,-0.0419027185342222,f1
watts_strogatz__4ebe5e8de8__i00__partial__t01__p41000,watts_strogatz__4ebe5e8de8__i00,watts_strogatz,watts_strogatz__4ebe5e8de8,watts_strogatz__4ebe5e8de8__i00__partial__t01,partial,1558939694,41000,0.9791576204950064,0.9374728614850196,0.8957881024750325,0.8957881024750325,0.1,0.1,-0.0416847590099869,-0.0416847590099871,-0.083369518019974,f1
watts_strogatz__4ebe5e8de8__i00__partial__t01__p41001,watts_strogatz__4ebe5e8de8__i00,watts_strogatz,watts_strogatz__4ebe5e8de8,watts_strogatz__4ebe5e8de8__i00__partial__t01,partial,1558939694,41001,0.9791576204950064,0.9374728614850196,0.9583333333333334,0.9583333333333334,0.1,0.1,-0.0416847590099869,0.0208604718483137,-0.0208242871616731,f1
watts_strogatz__4ebe5e8de8__i01__informative__t00__p41000,watts_strogatz__4ebe5e8de8__i01,watts_strogatz,watts_strogatz__4ebe5e8de8,watts_strogatz__4ebe5e8de8__i01__informative__t00,informative,61717800,41000,0.9791576204950064,1.0,1.0,0.9791576204950064,0.0,0.25,0.0208423795049934,-0.0208423795049934,0.0208423795049934,f1
watts_strogatz__4ebe5e8de8__i01__informative__t00__p41001,watts_strogatz__4ebe5e8de8__i01,watts_strogatz,watts_strogatz__4ebe5e8de8,watts_strogatz__4ebe5e8de8__i01__informative__t00,informative,61717800,41001,1.0,0.9582608695652174,0.9582608695652174,1.0,0.0,0.1,-0.0417391304347826,0.0417391304347826,-0.0417391304347826,f1
watts_strogatz__4ebe5e8de8__i01__informative__t01__p41000,watts_strogatz__4ebe5e8de8__i01,watts_strogatz,watts_strogatz__4ebe5e8de8,watts_strogatz__4ebe5e8de8__i01__informative__t01,informative,1359007674,41000,0.9791576204950064,1.0,1.0,1.0,0.4,0.4,0.0208423795049934,0.0,0.0208423795049934,f1
watts_strogatz__4ebe5e8de8__i01__informative__t01__p41001,watts_strogatz__4ebe5e8de8__i01,watts_strogatz,watts_strogatz__4ebe5e8de8,watts_strogatz__4ebe5e8de8__i01__informative__t01,informative,1359007674,41001,0.8957881024750325,0.916083916083916,0.916083916083916,0.9372549019607844,0.0,0.1,0.0202958136088835,0.0211709858768682,0.0202958136088835,f1
watts_strogatz__4ebe5e8de8__i01__noisy__t00__p41000,watts_strogatz__4ebe5e8de8__i01,watts_strogatz,watts_strogatz__4ebe5e8de8,watts_strogatz__4ebe5e8de8__i01__noisy__t00,noisy,857735250,41000,0.9374728614850196,0.9583333333333334,0.9583333333333334,0.9583333333333334,0.25,0.25,0.0208604718483137,0.0,0.0208604718483137,f1
watts_strogatz__4ebe5e8de8__i01__noisy__t00__p41001,watts_strogatz__4ebe5e8de8__i01,watts_strogatz,watts_strogatz__4ebe5e8de8,watts_strogatz__4ebe5e8de8__i01__noisy__t00,noisy,857735250,41001,0.9582608695652174,0.875,0.9582608695652174,0.9582608695652174,0.4,0.4,-0.0832608695652173,0.0832608695652173,0.0,f1
watts_strogatz__4ebe5e8de8__i01__noisy__t01__p41000,watts_strogatz__4ebe5e8de8__i01,watts_strogatz,watts_strogatz__4ebe5e8de8,watts_strogatz__4ebe5e8de8__i01__noisy__t01,noisy,1256230039,41000,1.0,0.8954248366013071,0.9165217391304348,0.9165217391304348,0.55,0.55,-0.1045751633986928,0.0210969025291276,-0.0834782608695652,f1
watts_strogatz__4ebe5e8de8__i01__noisy__t01__p41001,watts_strogatz__4ebe5e8de8__i01,watts_strogatz,watts_strogatz__4ebe5e8de8,watts_strogatz__4ebe5e8de8__i01__noisy__t01,noisy,1256230039,41001,0.9582608695652174,0.916083916083916,0.916083916083916,0.9582608695652174,0.0,0.1,-0.0421769534813013,0.0421769534813013,-0.0421769534813013,f1
watts_strogatz__4ebe5e8de8__i01__partial__t00__p41000,watts_strogatz__4ebe5e8de8__i01,watts_strogatz,watts_strogatz__4ebe5e8de8,watts_strogatz__4ebe5e8de8__i01__partial__t00,partial,344136961,41000,0.9791576204950064,0.9791576204950064,0.9791576204950064,0.9791576204950064,0.55,0.55,0.0,0.0,0.0,f1
watts_strogatz__4ebe5e8de8__i01__partial__t00__p41001,watts_strogatz__4ebe5e8de8__i01,watts_strogatz,watts_strogatz__4ebe5e8de8,watts_strogatz__4ebe5e8de8__i01__partial__t00,partial,344136961,41001,0.9582608695652174,0.9582608695652174,0.9582608695652174,0.9582608695652174,0.4,0.4,0.0,0.0,0.0,f1
watts_strogatz__4ebe5e8de8__i01__partial__t01__p41000,watts_strogatz__4ebe5e8de8__i01,watts_strogatz,watts_strogatz__4ebe5e8de8,watts_strogatz__4ebe5e8de8__i01__partial__t01,partial,616798854,41000,1.0,0.9583333333333334,1.0,1.0,0.55,0.55,-0.0416666666666666,0.0416666666666666,0.0,f1
watts_strogatz__4ebe5e8de8__i01__partial__t01__p41001,watts_strogatz__4ebe5e8de8__i01,watts_strogatz,watts_strogatz__4ebe5e8de8,watts_strogatz__4ebe5e8de8__i01__partial__t01,partial,616798854,41001,0.9582608695652174,0.9166666666666666,0.9166666666666666,0.9374728614850196,0.0,0.1,-0.0415942028985507,0.0208061948183529,-0.0415942028985507,f1
watts_strogatz__4ebe5e8de8__i02__informative__t00__p41000,watts_strogatz__4ebe5e8de8__i02,watts_strogatz,watts_strogatz__4ebe5e8de8,watts_strogatz__4ebe5e8de8__i02__informative__t00,informative,1313760182,41000,0.9372549019607844,0.9791576204950064,0.9791576204950064,0.9791576204950064,0.1,0.1,0.0419027185342222,0.0,0.0419027185342222,f1
watts_strogatz__4ebe5e8de8__i02__informative__t00__p41001,watts_strogatz__4ebe5e8de8__i02,watts_strogatz,watts_strogatz__4ebe5e8de8,watts_strogatz__4ebe5e8de8__i02__informative__t00,informative,1313760182,41001,1.0,1.0,0.9791576204950064,0.9791576204950064,0.4,0.4,0.0,-0.0208423795049934,-0.0208423795049934,f1
watts_strogatz__4ebe5e8de8__i02__informative__t01__p41000,watts_strogatz__4ebe5e8de8__i02,watts_strogatz,watts_strogatz__4ebe5e8de8,watts_strogatz__4ebe5e8de8__i02__informative__t01,informative,1377961136,41000,1.0,0.9791576204950064,0.9791576204950064,0.9791576204950064,0.4,0.4,-0.0208423795049934,0.0,-0.0208423795049934,f1
watts_strogatz__4ebe5e8de8__i02__informative__t01__p41001,watts_strogatz__4ebe5e8de8__i02,watts_strogatz,watts_strogatz__4ebe5e8de8,watts_strogatz__4ebe5e8de8__i02__informative__t01,informative,1377961136,41001,0.9791576204950064,0.9791576204950064,0.9791576204950064,0.9791576204950064,0.0,0.1,0.0,0.0,0.0,f1
watts_strogatz__4ebe5e8de8__i02__noisy__t00__p41000,watts_strogatz__4ebe5e8de8__i02,watts_strogatz,watts_strogatz__4ebe5e8de8,watts_strogatz__4ebe5e8de8__i02__noisy__t00,noisy,1940672545,41000,1.0,0.8321678321678322,0.9791576204950064,0.9791576204950064,0.55,0.55,-0.1678321678321678,0.1469897883271743,-0.0208423795049934,f1
watts_strogatz__4ebe5e8de8__i02__noisy__t00__p41001,watts_strogatz__4ebe5e8de8__i02,watts_strogatz,watts_strogatz__4ebe5e8de8,watts_strogatz__4ebe5e8de8__i02__noisy__t00,noisy,1940672545,41001,1.0,0.9582608695652174,0.9582608695652174,0.9374728614850196,0.0,0.1,-0.0417391304347826,-0.0207880080801977,-0.0417391304347826,f1
watts_strogatz__4ebe5e8de8__i02__noisy__t01__p41000,watts_strogatz__4ebe5e8de8__i02,watts_strogatz,watts_strogatz__4ebe5e8de8,watts_strogatz__4ebe5e8de8__i02__noisy__t01,noisy,177973562,41000,1.0,0.9791576204950064,0.9791576204950064,0.9791576204950064,0.0,0.1,-0.0208423795049934,0.0,-0.0208423795049934,f1
watts_strogatz__4ebe5e8de8__i02__noisy__t01__p41001,watts_strogatz__4ebe5e8de8__i02,watts_strogatz,watts_strogatz__4ebe5e8de8,watts_strogatz__4ebe5e8de8__i02__noisy__t01,noisy,177973562,41001,0.9791576204950064,0.8333333333333334,1.0,1.0,0.55,0.55,-0.1458242871616731,0.1666666666666666,0.0208423795049934,f1
watts_strogatz__4ebe5e8de8__i02__partial__t00__p41000,watts_strogatz__4ebe5e8de8__i02,watts_strogatz,watts_strogatz__4ebe5e8de8,watts_strogatz__4ebe5e8de8__i02__partial__t00,partial,1833551471,41000,0.9583333333333334,0.9582608695652174,0.9582608695652174,0.9791576204950064,0.0,0.1,-7.246376811598232e-05,0.0208967509297891,-7.246376811598232e-05,f1
watts_strogatz__4ebe5e8de8__i02__partial__t00__p41001,watts_strogatz__4ebe5e8de8__i02,watts_strogatz,watts_strogatz__4ebe5e8de8,watts_strogatz__4ebe5e8de8__i02__partial__t00,partial,1833551471,41001,1.0,0.9583333333333334,0.9583333333333334,0.9583333333333334,0.0,0.4,-0.0416666666666666,0.0,-0.0416666666666666,f1
watts_strogatz__4ebe5e8de8__i02__partial__t01__p41000,watts_strogatz__4ebe5e8de8__i02,watts_strogatz,watts_strogatz__4ebe5e8de8,watts_strogatz__4ebe5e8de8__i02__partial__t01,partial,261901988,41000,0.9791576204950064,0.9583333333333334,0.9583333333333334,0.9165217391304348,0.0,0.1,-0.0208242871616731,-0.0418115942028985,-0.0208242871616731,f1
watts_strogatz__4ebe5e8de8__i02__partial__t01__p41001,watts_strogatz__4ebe5e8de8__i02,watts_strogatz,watts_strogatz__4ebe5e8de8,watts_strogatz__4ebe5e8de8__i02__partial__t01,partial,261901988,41001,1.0,0.9791576204950064,1.0,1.0,0.55,0.55,-0.0208423795049934,0.0208423795049934,0.0,f1
watts_strogatz__4ebe5e8de8__i03__informative__t00__p41000,watts_strogatz__4ebe5e8de8__i03,watts_strogatz,watts_strogatz__4ebe5e8de8,watts_strogatz__4ebe5e8de8__i03__informative__t00,informative,1274530865,41000,1.0,0.9583333333333334,0.9791576204950064,0.9791576204950064,0.1,0.1,-0.0416666666666666,0.0208242871616731,-0.0208423795049934,f1
watts_strogatz__4ebe5e8de8__i03__informative__t00__p41001,watts_strogatz__4ebe5e8de8__i03,watts_strogatz,watts_strogatz__4ebe5e8de8,watts_strogatz__4ebe5e8de8__i03__informative__t00,informative,1274530865,41001,1.0,1.0,1.0,1.0,0.1,0.1,0.0,0.0,0.0,f1
watts_strogatz__4ebe5e8de8__i03__informative__t01__p41000,watts_strogatz__4ebe5e8de8__i03,watts_strogatz,watts_strogatz__4ebe5e8de8,watts_strogatz__4ebe5e8de8__i03__informative__t01,informative,1568543260,41000,1.0,0.9791576204950064,0.9791576204950064,1.0,0.0,0.25,-0.0208423795049934,0.0208423795049934,-0.0208423795049934,f1
watts_strogatz__4ebe5e8de8__i03__informative__t01__p41001,watts_strogatz__4ebe5e8de8__i03,watts_strogatz,watts_strogatz__4ebe5e8de8,watts_strogatz__4ebe5e8de8__i03__informative__t01,informative,1568543260,41001,1.0,1.0,0.9582608695652174,0.9582608695652174,0.55,0.55,0.0,-0.0417391304347826,-0.0417391304347826,f1
watts_strogatz__4ebe5e8de8__i03__noisy__t00__p41000,watts_strogatz__4ebe5e8de8__i03,watts_strogatz,watts_strogatz__4ebe5e8de8,watts_strogatz__4ebe5e8de8__i03__noisy__t00,noisy,762085025,41000,1.0,0.9166666666666666,0.9791576204950064,0.9791576204950064,0.55,0.55,-0.0833333333333333,0.0624909538283399,-0.0208423795049934,f1
watts_strogatz__4ebe5e8de8__i03__noisy__t00__p41001,watts_strogatz__4ebe5e8de8__i03,watts_strogatz,watts_strogatz__4ebe5e8de8,watts_strogatz__4ebe5e8de8__i03__noisy__t00,noisy,762085025,41001,1.0,0.9165217391304348,0.9165217391304348,1.0,0.0,0.25,-0.0834782608695652,0.0834782608695652,-0.0834782608695652,f1
watts_strogatz__4ebe5e8de8__i03__noisy__t01__p41000,watts_strogatz__4ebe5e8de8__i03,watts_strogatz,watts_strogatz__4ebe5e8de8,watts_strogatz__4ebe5e8de8__i03__noisy__t01,noisy,772334270,41000,1.0,0.8957881024750325,0.9583333333333334,0.9583333333333334,0.1,0.1,-0.1042118975249675,0.0625452308583008,-0.0416666666666666,f1
watts_strogatz__4ebe5e8de8__i03__noisy__t01__p41001,watts_strogatz__4ebe5e8de8__i03,watts_strogatz,watts_strogatz__4ebe5e8de8,watts_strogatz__4ebe5e8de8__i03__noisy__t01,noisy,772334270,41001,0.9374728614850196,0.8957881024750325,0.9583333333333334,0.9583333333333334,0.25,0.25,-0.0416847590099871,0.0625452308583008,0.0208604718483137,f1
watts_strogatz__4ebe5e8de8__i03__partial__t00__p41000,watts_strogatz__4ebe5e8de8__i03,watts_strogatz,watts_strogatz__4ebe5e8de8,watts_strogatz__4ebe5e8de8__i03__partial__t00,partial,1707507669,41000,1.0,1.0,1.0,0.9582608695652174,0.0,0.1,0.0,-0.0417391304347826,0.0,f1
watts_strogatz__4ebe5e8de8__i03__partial__t00__p41001,watts_strogatz__4ebe5e8de8__i03,watts_strogatz,watts_strogatz__4ebe5e8de8,watts_strogatz__4ebe5e8de8__i03__partial__t00,partial,1707507669,41001,1.0,0.9165217391304348,0.9582608695652174,0.9582608695652174,0.55,0.55,-0.0834782608695652,0.0417391304347826,-0.0417391304347826,f1
watts_strogatz__4ebe5e8de8__i03__partial__t01__p41000,watts_strogatz__4ebe5e8de8__i03,watts_strogatz,watts_strogatz__4ebe5e8de8,watts_strogatz__4ebe5e8de8__i03__partial__t01,partial,1409151375,41000,1.0,0.9791576204950064,1.0,1.0,0.4,0.4,-0.0208423795049934,0.0208423795049934,0.0,f1
watts_strogatz__4ebe5e8de8__i03__partial__t01__p41001,watts_strogatz__4ebe5e8de8__i03,watts_strogatz,watts_strogatz__4ebe5e8de8,watts_strogatz__4ebe5e8de8__i03__partial__t01,partial,1409151375,41001,1.0,0.9791576204950064,0.9791576204950064,0.9791576204950064,0.0,0.1,-0.0208423795049934,0.0,-0.0208423795049934,f1
watts_strogatz__4ebe5e8de8__i04__informative__t00__p41000,watts_strogatz__4ebe5e8de8__i04,watts_strogatz,watts_strogatz__4ebe5e8de8,watts_strogatz__4ebe5e8de8__i04__informative__t00,informative,1739580195,41000,1.0,1.0,1.0,0.9791576204950064,0.0,0.1,0.0,-0.0208423795049934,0.0,f1
watts_strogatz__4ebe5e8de8__i04__informative__t00__p41001,watts_strogatz__4ebe5e8de8__i04,watts_strogatz,watts_strogatz__4ebe5e8de8,watts_strogatz__4ebe5e8de8__i04__informative__t00,informative,1739580195,41001,0.916083916083916,0.9791576204950064,0.9791576204950064,0.9791576204950064,0.0,0.1,0.0630737044110905,0.0,0.0630737044110905,f1
watts_strogatz__4ebe5e8de8__i04__informative__t01__p41000,watts_strogatz__4ebe5e8de8__i04,watts_strogatz,watts_strogatz__4ebe5e8de8,watts_strogatz__4ebe5e8de8__i04__informative__t01,informative,1387539235,41000,0.9374728614850196,0.9583333333333334,0.9791576204950064,0.9791576204950064,0.4,0.4,0.0208604718483137,0.0208242871616731,0.0416847590099869,f1
watts_strogatz__4ebe5e8de8__i04__informative__t01__p41001,watts_strogatz__4ebe5e8de8__i04,watts_strogatz,watts_strogatz__4ebe5e8de8,watts_strogatz__4ebe5e8de8__i04__informative__t01,informative,1387539235,41001,1.0,0.9791576204950064,0.9791576204950064,0.9791576204950064,0.0,0.1,-0.0208423795049934,0.0,-0.0208423795049934,f1
watts_strogatz__4ebe5e8de8__i04__noisy__t00__p41000,watts_strogatz__4ebe5e8de8__i04,watts_strogatz,watts_strogatz__4ebe5e8de8,watts_strogatz__4ebe5e8de8__i04__noisy__t00,noisy,1805340188,41000,0.9791576204950064,0.8117647058823529,0.9791576204950064,0.9791576204950064,0.4,0.4,-0.1673929146126536,0.1673929146126536,0.0,f1
watts_strogatz__4ebe5e8de8__i04__noisy__t00__p41001,watts_strogatz__4ebe5e8de8__i04,watts_strogatz,watts_strogatz__4ebe5e8de8,watts_strogatz__4ebe5e8de8__i04__noisy__t00,noisy,1805340188,41001,0.9372549019607844,0.9374728614850196,0.9374728614850196,0.9374728614850196,0.25,0.25,0.0002179595242353,0.0,0.0002179595242353,f1
watts_strogatz__4ebe5e8de8__i04__noisy__t01__p41000,watts_strogatz__4ebe5e8de8__i04,watts_strogatz,watts_strogatz__4ebe5e8de8,watts_strogatz__4ebe5e8de8__i04__noisy__t01,noisy,3174201,41000,0.9791576204950064,0.8957881024750325,1.0,1.0,0.4,0.4,-0.083369518019974,0.1042118975249675,0.0208423795049934,f1
watts_strogatz__4ebe5e8de8__i04__noisy__t01__p41001,watts_strogatz__4ebe5e8de8__i04,watts_strogatz,watts_strogatz__4ebe5e8de8,watts_strogatz__4ebe5e8de8__i04__noisy__t01,noisy,3174201,41001,0.9791576204950064,0.8957881024750325,0.9166666666666666,0.9166666666666666,0.1,0.1,-0.083369518019974,0.0208785641916341,-0.0624909538283399,f1
watts_strogatz__4ebe5e8de8__i04__partial__t00__p41000,watts_strogatz__4ebe5e8de8__i04,watts_strogatz,watts_strogatz__4ebe5e8de8,watts_strogatz__4ebe5e8de8__i04__partial__t00,partial,1728121387,41000,0.9583333333333334,0.9166666666666666,0.9583333333333334,0.9583333333333334,0.4,0.4,-0.0416666666666667,0.0416666666666667,0.0,f1
watts_strogatz__4ebe5e8de8__i04__partial__t00__p41001,watts_strogatz__4ebe5e8de8__i04,watts_strogatz,watts_strogatz__4ebe5e8de8,watts_strogatz__4ebe5e8de8__i04__partial__t00,partial,1728121387,41001,1.0,0.9583333333333334,0.9791576204950064,0.9791576204950064,0.25,0.25,-0.0416666666666666,0.0208242871616731,-0.0208423795049934,f1
watts_strogatz__4ebe5e8de8__i04__partial__t01__p41000,watts_strogatz__4ebe5e8de8__i04,watts_strogatz,watts_strogatz__4ebe5e8de8,watts_strogatz__4ebe5e8de8__i04__partial__t01,partial,2037055009,41000,0.9791576204950064,0.9583333333333334,0.9583333333333334,0.9583333333333334,0.0,0.1,-0.0208242871616731,0.0,-0.0208242871616731,f1
watts_strogatz__4ebe5e8de8__i04__partial__t01__p41001,watts_strogatz__4ebe5e8de8__i04,watts_strogatz,watts_strogatz__4ebe5e8de8,watts_strogatz__4ebe5e8de8__i04__partial__t01,partial,2037055009,41001,0.9791576204950064,1.0,0.9791576204950064,0.9791576204950064,0.55,0.55,0.0208423795049934,-0.0208423795049934,0.0,f1
watts_strogatz__8c8f4a1cc3__i00__informative__t00__p41000,watts_strogatz__8c8f4a1cc3__i00,watts_strogatz,watts_strogatz__8c8f4a1cc3,watts_strogatz__8c8f4a1cc3__i00__informative__t00,informative,863322120,41000,0.9784075573549258,0.9784075573549258,0.9784075573549258,0.9784075573549258,0.55,0.55,0.0,0.0,0.0,f1
watts_strogatz__8c8f4a1cc3__i00__informative__t00__p41001,watts_strogatz__8c8f4a1cc3__i00,watts_strogatz,watts_strogatz__8c8f4a1cc3,watts_strogatz__8c8f4a1cc3__i00__informative__t00,informative,863322120,41001,1.0,0.9555555555555556,0.9555555555555556,0.9340357306459002,0.0,0.1,-0.0444444444444445,-0.0215198249096553,-0.0444444444444445,f1
watts_strogatz__8c8f4a1cc3__i00__informative__t01__p41000,watts_strogatz__8c8f4a1cc3__i00,watts_strogatz,watts_strogatz__8c8f4a1cc3,watts_strogatz__8c8f4a1cc3__i00__informative__t01,informative,861681811,41000,0.9780119102153,1.0,0.9780119102153,0.9780119102153,0.1,0.1,0.0219880897846999,-0.0219880897846999,0.0,f1
watts_strogatz__8c8f4a1cc3__i00__informative__t01__p41001,watts_strogatz__8c8f4a1cc3__i00,watts_strogatz,watts_strogatz__8c8f4a1cc3,watts_strogatz__8c8f4a1cc3__i00__informative__t01,informative,861681811,41001,0.9089184060721064,0.8875878220140515,1.0,1.0,0.4,0.4,-0.0213305840580547,0.1124121779859484,0.0910815939278937,f1
watts_strogatz__8c8f4a1cc3__i00__noisy__t00__p41000,watts_strogatz__8c8f4a1cc3__i00,watts_strogatz,watts_strogatz__8c8f4a1cc3,watts_strogatz__8c8f4a1cc3__i00__noisy__t00,noisy,1510472228,41000,0.9780119102153,0.9325526932084308,0.9325526932084308,0.9340357306459002,0.0,0.1,-0.0454592170068691,0.0014830374374692,-0.0454592170068691,f1
watts_strogatz__8c8f4a1cc3__i00__noisy__t00__p41001,watts_strogatz__8c8f4a1cc3__i00,watts_strogatz,watts_strogatz__8c8f4a1cc3,watts_strogatz__8c8f4a1cc3__i00__noisy__t00,noisy,1510472228,41001,0.9555555555555556,0.8666666666666667,0.8920377867746289,0.8920377867746289,0.4,0.4,-0.0888888888888888,0.0253711201079621,-0.0635177687809266,f1
watts_strogatz__8c8f4a1cc3__i00__noisy__t01__p41000,watts_strogatz__8c8f4a1cc3__i00,watts_strogatz,watts_strogatz__8c8f4a1cc3,watts_strogatz__8c8f4a1cc3__i00__noisy__t01,noisy,392755335,41000,0.9780119102153,0.8693284936479129,0.9352226720647774,0.9352226720647774,0.25,0.25,-0.1086834165673872,0.0658941784168645,-0.0427892381505227,f1
watts_strogatz__8c8f4a1cc3__i00__noisy__t01__p41001,watts_strogatz__8c8f4a1cc3__i00,watts_strogatz,watts_strogatz__8c8f4a1cc3,watts_strogatz__8c8f4a1cc3__i00__noisy__t01,noisy,392755335,41001,0.9555555555555556,0.765625,0.9780119102153,0.9780119102153,0.55,0.55,-0.1899305555555555,0.2123869102153001,0.0224563546597446,f1
watts_strogatz__8c8f4a1cc3__i00__partial__t00__p41000,watts_strogatz__8c8f4a1cc3__i00,watts_strogatz,watts_strogatz__8c8f4a1cc3,watts_strogatz__8c8f4a1cc3__i00__partial__t00,partial,1159298274,41000,0.956442831215971,0.9780119102153,0.9780119102153,0.9780119102153,0.0,0.1,0.0215690789993291,0.0,0.0215690789993291,f1
watts_strogatz__8c8f4a1cc3__i00__partial__t00__p41001,watts_strogatz__8c8f4a1cc3__i00,watts_strogatz,watts_strogatz__8c8f4a1cc3,watts_strogatz__8c8f4a1cc3__i00__partial__t00,partial,1159298274,41001,0.9780119102153,0.8383838383838383,0.9780119102153,0.9780119102153,0.55,0.55,-0.1396280718314617,0.1396280718314617,0.0,f1
watts_strogatz__8c8f4a1cc3__i00__partial__t01__p41000,watts_strogatz__8c8f4a1cc3__i00,watts_strogatz,watts_strogatz__8c8f4a1cc3,watts_strogatz__8c8f4a1cc3__i00__partial__t01,partial,11235946,41000,1.0,0.9340357306459002,0.9340357306459002,0.9340357306459002,0.25,0.25,-0.0659642693540998,0.0,-0.0659642693540998,f1
watts_strogatz__8c8f4a1cc3__i00__partial__t01__p41001,watts_strogatz__8c8f4a1cc3__i00,watts_strogatz,watts_strogatz__8c8f4a1cc3,watts_strogatz__8c8f4a1cc3__i00__partial__t01,partial,11235946,41001,0.956442831215971,0.9784075573549258,0.9784075573549258,0.9784075573549258,0.1,0.1,0.0219647261389548,0.0,0.0219647261389548,f1
watts_strogatz__8c8f4a1cc3__i01__informative__t00__p41000,watts_strogatz__8c8f4a1cc3__i01,watts_strogatz,watts_strogatz__8c8f4a1cc3,watts_strogatz__8c8f4a1cc3__i01__informative__t00,informative,493577565,41000,0.9325526932084308,0.9325526932084308,0.9325526932084308,0.9325526932084308,0.4,0.4,0.0,0.0,0.0,f1
watts_strogatz__8c8f4a1cc3__i01__informative__t00__p41001,watts_strogatz__8c8f4a1cc3__i01,watts_strogatz,watts_strogatz__8c8f4a1cc3,watts_strogatz__8c8f4a1cc3__i01__informative__t00,informative,493577565,41001,0.9780119102153,0.9780119102153,0.9780119102153,0.9780119102153,0.1,0.1,0.0,0.0,0.0,f1
watts_strogatz__8c8f4a1cc3__i01__informative__t01__p41000,watts_strogatz__8c8f4a1cc3__i01,watts_strogatz,watts_strogatz__8c8f4a1cc3,watts_strogatz__8c8f4a1cc3__i01__informative__t01,informative,1969591363,41000,0.912885662431942,0.9555555555555556,0.9555555555555556,0.9325526932084308,0.0,0.1,0.0426698931236135,-0.0230028623471245,0.0426698931236135,f1
watts_strogatz__8c8f4a1cc3__i01__informative__t01__p41001,watts_strogatz__8c8f4a1cc3__i01,watts_strogatz,watts_strogatz__8c8f4a1cc3,watts_strogatz__8c8f4a1cc3__i01__informative__t01,informative,1969591363,41001,0.9784075573549258,0.9780119102153,0.9780119102153,0.9780119102153,0.0,0.1,-0.0003956471396256,0.0,-0.0003956471396256,f1
watts_strogatz__8c8f4a1cc3__i01__noisy__t00__p41000,watts_strogatz__8c8f4a1cc3__i01,watts_strogatz,watts_strogatz__8c8f4a1cc3,watts_strogatz__8c8f4a1cc3__i01__noisy__t00,noisy,1668127236,41000,0.9780119102153,0.7281045751633988,0.8509977827050997,0.8509977827050997,0.25,0.25,-0.2499073350519013,0.1228932075417009,-0.1270141275102003,f1
watts_strogatz__8c8f4a1cc3__i01__noisy__t00__p41001,watts_strogatz__8c8f4a1cc3__i01,watts_strogatz,watts_strogatz__8c8f4a1cc3,watts_strogatz__8c8f4a1cc3__i01__noisy__t00,noisy,1668127236,41001,0.9325526932084308,0.8666666666666667,0.9784075573549258,0.9784075573549258,0.4,0.4,-0.0658860265417642,0.1117408906882591,0.0458548641464948,f1
watts_strogatz__8c8f4a1cc3__i01__noisy__t01__p41000,watts_strogatz__8c8f4a1cc3__i01,watts_strogatz,watts_strogatz__8c8f4a1cc3,watts_strogatz__8c8f4a1cc3__i01__noisy__t01,noisy,1315885310,41000,1.0,0.8257713248638838,0.9784075573549258,0.9784075573549258,0.55,0.55,-0.1742286751361161,0.1526362324910419,-0.0215924426450742,f1
watts_strogatz__8c8f4a1cc3__i01__noisy__t01__p41001,watts_strogatz__8c8f4a1cc3__i01,watts_strogatz,watts_strogatz__8c8f4a1cc3,watts_strogatz__8c8f4a1cc3__i01__noisy__t01,noisy,1315885310,41001,0.9784075573549258,0.8693284936479129,0.9571428571428572,0.9571428571428572,0.25,0.25,-0.1090790637070129,0.0878143634949442,-0.0212647002120687,f1
watts_strogatz__8c8f4a1cc3__i01__partial__t00__p41000,watts_strogatz__8c8f4a1cc3__i01,watts_strogatz,watts_strogatz__8c8f4a1cc3,watts_strogatz__8c8f4a1cc3__i01__partial__t00,partial,1284335921,41000,0.9784075573549258,0.956442831215971,0.956442831215971,0.956442831215971,0.0,0.1,-0.0219647261389548,0.0,-0.0219647261389548,f1
watts_strogatz__8c8f4a1cc3__i01__partial__t00__p41001,watts_strogatz__8c8f4a1cc3__i01,watts_strogatz,watts_strogatz__8c8f4a1cc3,watts_strogatz__8c8f4a1cc3__i01__partial__t00,partial,1284335921,41001,0.956442831215971,1.0,1.0,0.8285714285714285,0.0,0.1,0.043557168784029,-0.1714285714285714,0.043557168784029,f1
watts_strogatz__8c8f4a1cc3__i01__partial__t01__p41000,watts_strogatz__8c8f4a1cc3__i01,watts_strogatz,watts_strogatz__8c8f4a1cc3,watts_strogatz__8c8f4a1cc3__i01__partial__t01,partial,9163873,41000,0.9340357306459002,0.9325526932084308,0.9325526932084308,0.9089184060721064,0.0,0.1,-0.0014830374374692,-0.0236342871363246,-0.0014830374374692,f1
watts_strogatz__8c8f4a1cc3__i01__partial__t01__p41001,watts_strogatz__8c8f4a1cc3__i01,watts_strogatz,watts_strogatz__8c8f4a1cc3,watts_strogatz__8c8f4a1cc3__i01__partial__t01,partial,9163873,41001,0.9571428571428572,0.9571428571428572,0.9571428571428572,0.9361419068736142,0.0,0.25,0.0,-0.0210009502692428,0.0,f1
watts_strogatz__8c8f4a1cc3__i02__informative__t00__p41000,watts_strogatz__8c8f4a1cc3__i02,watts_strogatz,watts_strogatz__8c8f4a1cc3,watts_strogatz__8c8f4a1cc3__i02__informative__t00,informative,1167830099,41000,0.9515151515151516,0.9752959341224908,0.9307359307359306,0.9307359307359306,0.55,0.55,0.0237807826073394,-0.0445600033865603,-0.0207792207792208,f1
watts_strogatz__8c8f4a1cc3__i02__informative__t00__p41001,watts_strogatz__8c8f4a1cc3__i02,watts_strogatz,watts_strogatz__8c8f4a1cc3,watts_strogatz__8c8f4a1cc3__i02__informative__t00,informative,1167830099,41001,0.9752959341224908,0.9752959341224908,0.9752959341224908,0.9752959341224908,0.0,0.1,0.0,0.0,0.0,f1
watts_strogatz__8c8f4a1cc3__i02__informative__t01__p41000,watts_strogatz__8c8f4a1cc3__i02,watts_strogatz,watts_strogatz__8c8f4a1cc3,watts_strogatz__8c8f4a1cc3__i02__informative__t01,informative,1956923846,41000,0.9752959341224908,0.9495798319327732,0.9752959341224908,0.9752959341224908,0.4,0.4,-0.0257161021897178,0.0257161021897178,0.0,f1
watts_strogatz__8c8f4a1cc3__i02__informative__t01__p41001,watts_strogatz__8c8f4a1cc3__i02,watts_strogatz,watts_strogatz__8c8f4a1cc3,watts_strogatz__8c8f4a1cc3__i02__informative__t01,informative,1956923846,41001,0.9752959341224908,0.9752959341224908,0.9227053140096618,0.9227053140096618,0.25,0.25,0.0,-0.0525906201128291,-0.0525906201128291,f1
watts_strogatz__8c8f4a1cc3__i02__noisy__t00__p41000,watts_strogatz__8c8f4a1cc3__i02,watts_strogatz,watts_strogatz__8c8f4a1cc3,watts_strogatz__8c8f4a1cc3__i02__noisy__t00,noisy,1782479442,41000,0.9495798319327732,0.925887802367473,0.9515151515151516,0.9515151515151516,0.25,0.25,-0.0236920295653,0.0256273491476785,0.0019353195823784,f1
watts_strogatz__8c8f4a1cc3__i02__noisy__t00__p41001,watts_strogatz__8c8f4a1cc3__i02,watts_strogatz,watts_strogatz__8c8f4a1cc3,watts_strogatz__8c8f4a1cc3__i02__noisy__t00,noisy,1782479442,41001,0.9752959341224908,0.9227053140096618,0.9752959341224908,0.9752959341224908,0.4,0.4,-0.0525906201128291,0.0525906201128291,0.0,f1
watts_strogatz__8c8f4a1cc3__i02__noisy__t01__p41000,watts_strogatz__8c8f4a1cc3__i02,watts_strogatz,watts_strogatz__8c8f4a1cc3,watts_strogatz__8c8f4a1cc3__i02__noisy__t01,noisy,2053242121,41000,0.9495798319327732,0.925887802367473,0.9752959341224908,0.9752959341224908,0.4,0.4,-0.0236920295653,0.0494081317550179,0.0257161021897178,f1
watts_strogatz__8c8f4a1cc3__i02__noisy__t01__p41001,watts_strogatz__8c8f4a1cc3__i02,watts_strogatz,watts_strogatz__8c8f4a1cc3,watts_strogatz__8c8f4a1cc3__i02__noisy__t01,noisy,2053242121,41001,0.9227053140096618,0.9495798319327732,0.9495798319327732,0.9495798319327732,0.55,0.55,0.0268745179231112,0.0,0.0268745179231112,f1
watts_strogatz__8c8f4a1cc3__i02__partial__t00__p41000,watts_strogatz__8c8f4a1cc3__i02,watts_strogatz,watts_strogatz__8c8f4a1cc3,watts_strogatz__8c8f4a1cc3__i02__partial__t00,partial,1457177079,41000,0.9752959341224908,0.9752959341224908,0.9752959341224908,0.9515151515151516,0.0,0.1,0.0,-0.0237807826073394,0.0,f1
watts_strogatz__8c8f4a1cc3__i02__partial__t00__p41001,watts_strogatz__8c8f4a1cc3__i02,watts_strogatz,watts_strogatz__8c8f4a1cc3,watts_strogatz__8c8f4a1cc3__i02__partial__t00,partial,1457177079,41001,0.8991596638655461,0.9515151515151516,0.9515151515151516,0.9515151515151516,0.1,0.1,0.0523554876496054,0.0,0.0523554876496054,f1
watts_strogatz__8c8f4a1cc3__i02__partial__t01__p41000,watts_strogatz__8c8f4a1cc3__i02,watts_strogatz,watts_strogatz__8c8f4a1cc3,watts_strogatz__8c8f4a1cc3__i02__partial__t01,partial,286819051,41000,0.9495798319327732,0.8711755233494364,0.9495798319327732,0.9495798319327732,0.4,0.4,-0.0784043085833366,0.0784043085833366,0.0,f1
watts_strogatz__8c8f4a1cc3__i02__partial__t01__p41001,watts_strogatz__8c8f4a1cc3__i02,watts_strogatz,watts_strogatz__8c8f4a1cc3,watts_strogatz__8c8f4a1cc3__i02__partial__t01,partial,286819051,41001,0.9515151515151516,0.9515151515151516,0.9515151515151516,0.9515151515151516,0.1,0.1,0.0,0.0,0.0,f1
watts_strogatz__8c8f4a1cc3__i03__informative__t00__p41000,watts_strogatz__8c8f4a1cc3__i03,watts_strogatz,watts_strogatz__8c8f4a1cc3,watts_strogatz__8c8f4a1cc3__i03__informative__t00,informative,1980872534,41000,0.9555555555555556,1.0,1.0,1.0,0.25,0.25,0.0444444444444445,0.0,0.0444444444444445,f1
watts_strogatz__8c8f4a1cc3__i03__informative__t00__p41001,watts_strogatz__8c8f4a1cc3__i03,watts_strogatz,watts_strogatz__8c8f4a1cc3,watts_strogatz__8c8f4a1cc3__i03__informative__t00,informative,1980872534,41001,1.0,1.0,1.0,1.0,0.0,0.25,0.0,0.0,0.0,f1
watts_strogatz__8c8f4a1cc3__i03__informative__t01__p41000,watts_strogatz__8c8f4a1cc3__i03,watts_strogatz,watts_strogatz__8c8f4a1cc3,watts_strogatz__8c8f4a1cc3__i03__informative__t01,informative,1439030069,41000,0.9571428571428572,0.9571428571428572,0.9784075573549258,0.9784075573549258,0.4,0.4,0.0,0.0212647002120687,0.0212647002120687,f1
watts_strogatz__8c8f4a1cc3__i03__informative__t01__p41001,watts_strogatz__8c8f4a1cc3__i03,watts_strogatz,watts_strogatz__8c8f4a1cc3,watts_strogatz__8c8f4a1cc3__i03__informative__t01,informative,1439030069,41001,0.9784075573549258,0.9340357306459002,0.9340357306459002,1.0,0.0,0.1,-0.0443718267090256,0.0659642693540998,-0.0443718267090256,f1
watts_strogatz__8c8f4a1cc3__i03__noisy__t00__p41000,watts_strogatz__8c8f4a1cc3__i03,watts_strogatz,watts_strogatz__8c8f4a1cc3,watts_strogatz__8c8f4a1cc3__i03__noisy__t00,noisy,77112337,41000,1.0,0.8460833715071003,1.0,1.0,0.4,0.4,-0.1539166284928996,0.1539166284928996,0.0,f1
watts_strogatz__8c8f4a1cc3__i03__noisy__t00__p41001,watts_strogatz__8c8f4a1cc3__i03,watts_strogatz,watts_strogatz__8c8f4a1cc3,watts_strogatz__8c8f4a1cc3__i03__noisy__t00,noisy,77112337,41001,0.9571428571428572,0.7922077922077921,0.9340357306459002,0.9340357306459002,0.4,0.4,-0.1649350649350649,0.141827938438108,-0.0231071264969568,f1
watts_strogatz__8c8f4a1cc3__i03__noisy__t01__p41000,watts_strogatz__8c8f4a1cc3__i03,watts_strogatz,watts_strogatz__8c8f4a1cc3,watts_strogatz__8c8f4a1cc3__i03__noisy__t01,noisy,656113982,41000,0.9784075573549258,0.8222222222222222,0.9571428571428572,0.9571428571428572,0.25,0.25,-0.1561853351327036,0.1349206349206348,-0.0212647002120687,f1
watts_strogatz__8c8f4a1cc3__i03__noisy__t01__p41001,watts_strogatz__8c8f4a1cc3__i03,watts_strogatz,watts_strogatz__8c8f4a1cc3,watts_strogatz__8c8f4a1cc3__i03__noisy__t01,noisy,656113982,41001,0.9142857142857144,0.912885662431942,0.9352226720647774,0.9352226720647774,0.55,0.55,-0.0014000518537724,0.0223370096328354,0.020936957779063,f1
watts_strogatz__8c8f4a1cc3__i03__partial__t00__p41000,watts_strogatz__8c8f4a1cc3__i03,watts_strogatz,watts_strogatz__8c8f4a1cc3,watts_strogatz__8c8f4a1cc3__i03__partial__t00,partial,804641540,41000,0.956442831215971,0.8920377867746289,0.9142857142857144,0.9142857142857144,0.1,0.1,-0.0644050444413421,0.0222479275110855,-0.0421571169302565,f1
watts_strogatz__8c8f4a1cc3__i03__partial__t00__p41001,watts_strogatz__8c8f4a1cc3__i03,watts_strogatz,watts_strogatz__8c8f4a1cc3,watts_strogatz__8c8f4a1cc3__i03__partial__t00,partial,804641540,41001,0.9784075573549258,0.9361419068736142,0.9784075573549258,0.9784075573549258,0.25,0.25,-0.0422656504813115,0.0422656504813115,0.0,f1
watts_strogatz__8c8f4a1cc3__i03__partial__t01__p41000,watts_strogatz__8c8f4a1cc3__i03,watts_strogatz,watts_strogatz__8c8f4a1cc3,watts_strogatz__8c8f4a1cc3__i03__partial__t01,partial,1311290830,41000,0.9571428571428572,0.9111111111111112,0.9352226720647774,0.9352226720647774,0.4,0.4,-0.0460317460317459,0.0241115609536662,-0.0219201850780796,f1
watts_strogatz__8c8f4a1cc3__i03__partial__t01__p41001,watts_strogatz__8c8f4a1cc3__i03,watts_strogatz,watts_strogatz__8c8f4a1cc3,watts_strogatz__8c8f4a1cc3__i03__partial__t01,partial,1311290830,41001,0.9784075573549258,0.9361419068736142,0.9571428571428572,0.9571428571428572,0.55,0.55,-0.0422656504813115,0.0210009502692428,-0.0212647002120687,f1
watts_strogatz__8c8f4a1cc3__i04__informative__t00__p41000,watts_strogatz__8c8f4a1cc3__i04,watts_strogatz,watts_strogatz__8c8f4a1cc3,watts_strogatz__8c8f4a1cc3__i04__informative__t00,informative,1409159932,41000,0.953125,0.953125,0.953125,0.953125,0.0,0.1,0.0,0.0,0.0,f1
watts_strogatz__8c8f4a1cc3__i04__informative__t00__p41001,watts_strogatz__8c8f4a1cc3__i04,watts_strogatz,watts_strogatz__8c8f4a1cc3,watts_strogatz__8c8f4a1cc3__i04__informative__t00,informative,1409159932,41001,0.925887802367473,0.953125,0.9285359801488834,0.9285359801488834,0.25,0.25,0.0272371976325269,-0.0245890198511166,0.0026481777814103,f1
watts_strogatz__8c8f4a1cc3__i04__informative__t01__p41000,watts_strogatz__8c8f4a1cc3__i04,watts_strogatz,watts_strogatz__8c8f4a1cc3,watts_strogatz__8c8f4a1cc3__i04__informative__t01,informative,1697734586,41000,0.9761786600496278,0.9752959341224908,0.9752959341224908,0.9495798319327732,0.0,0.1,-0.0008827259271368,-0.0257161021897178,-0.0008827259271368,f1
watts_strogatz__8c8f4a1cc3__i04__informative__t01__p41001,watts_strogatz__8c8f4a1cc3__i04,watts_strogatz,watts_strogatz__8c8f4a1cc3,watts_strogatz__8c8f4a1cc3__i04__informative__t01,informative,1697734586,41001,0.9515151515151516,0.9515151515151516,0.9515151515151516,0.9515151515151516,0.25,0.25,0.0,0.0,0.0,f1
watts_strogatz__8c8f4a1cc3__i04__noisy__t00__p41000,watts_strogatz__8c8f4a1cc3__i04,watts_strogatz,watts_strogatz__8c8f4a1cc3,watts_strogatz__8c8f4a1cc3__i04__noisy__t00,noisy,680429772,41000,0.9307359307359306,0.8332506203473946,0.9307359307359306,0.9307359307359306,0.4,0.4,-0.097485310388536,0.097485310388536,0.0,f1
watts_strogatz__8c8f4a1cc3__i04__noisy__t00__p41001,watts_strogatz__8c8f4a1cc3__i04,watts_strogatz,watts_strogatz__8c8f4a1cc3,watts_strogatz__8c8f4a1cc3__i04__noisy__t00,noisy,680429772,41001,0.9285359801488834,0.7575757575757576,0.8845598845598845,0.8845598845598845,0.4,0.4,-0.1709602225731258,0.1269841269841269,-0.0439760955889988,f1
watts_strogatz__8c8f4a1cc3__i04__noisy__t01__p41000,watts_strogatz__8c8f4a1cc3__i04,watts_strogatz,watts_strogatz__8c8f4a1cc3,watts_strogatz__8c8f4a1cc3__i04__noisy__t01,noisy,1167815291,41000,0.9761786600496278,0.8196457326892109,0.953125,0.953125,0.55,0.55,-0.1565329273604169,0.133479267310789,-0.0230536600496278,f1
watts_strogatz__8c8f4a1cc3__i04__noisy__t01__p41001,watts_strogatz__8c8f4a1cc3__i04,watts_strogatz,watts_strogatz__8c8f4a1cc3,watts_strogatz__8c8f4a1cc3__i04__noisy__t01,noisy,1167815291,41001,0.9285359801488834,0.8808933002481389,0.9030303030303032,0.9030303030303032,0.4,0.4,-0.0476426799007444,0.0221370027821641,-0.0255056771185803,f1
watts_strogatz__8c8f4a1cc3__i04__partial__t00__p41000,watts_strogatz__8c8f4a1cc3__i04,watts_strogatz,watts_strogatz__8c8f4a1cc3,watts_strogatz__8c8f4a1cc3__i04__partial__t00,partial,1817107028,41000,0.953125,0.8545454545454545,0.9030303030303032,0.9030303030303032,0.55,0.55,-0.0985795454545455,0.0484848484848485,-0.0500946969696969,f1
watts_strogatz__8c8f4a1cc3__i04__partial__t00__p41001,watts_strogatz__8c8f4a1cc3__i04,watts_strogatz,watts_strogatz__8c8f4a1cc3,watts_strogatz__8c8f4a1cc3__i04__partial__t00,partial,1817107028,41001,0.8991596638655461,0.8487394957983193,0.8487394957983193,0.8991596638655461,0.0,0.1,-0.0504201680672268,0.0504201680672268,-0.0504201680672268,f1
watts_strogatz__8c8f4a1cc3__i04__partial__t01__p41000,watts_strogatz__8c8f4a1cc3__i04,watts_strogatz,watts_strogatz__8c8f4a1cc3,watts_strogatz__8c8f4a1cc3__i04__partial__t01,partial,1319292692,41000,0.953125,0.953125,0.953125,0.953125,0.0,0.1,0.0,0.0,0.0,f1
watts_strogatz__8c8f4a1cc3__i04__partial__t01__p41001,watts_strogatz__8c8f4a1cc3__i04,watts_strogatz,watts_strogatz__8c8f4a1cc3,watts_strogatz__8c8f4a1cc3__i04__partial__t01,partial,1319292692,41001,0.9285359801488834,0.8845598845598845,0.9285359801488834,0.9285359801488834,0.25,0.25,-0.0439760955889988,0.0439760955889988,0.0,f1
watts_strogatz__abccb9b20c__i00__informative__t00__p41000,watts_strogatz__abccb9b20c__i00,watts_strogatz,watts_strogatz__abccb9b20c,watts_strogatz__abccb9b20c__i00__informative__t00,informative,560586958,41000,0.9791576204950064,0.9166666666666666,0.9791576204950064,0.9791576204950064,0.1,0.1,-0.0624909538283399,0.0624909538283399,0.0,f1
watts_strogatz__abccb9b20c__i00__informative__t00__p41001,watts_strogatz__abccb9b20c__i00,watts_strogatz,watts_strogatz__abccb9b20c,watts_strogatz__abccb9b20c__i00__informative__t00,informative,560586958,41001,0.9791576204950064,0.9583333333333334,0.9583333333333334,0.9583333333333334,0.1,0.1,-0.0208242871616731,0.0,-0.0208242871616731,f1
watts_strogatz__abccb9b20c__i00__informative__t01__p41000,watts_strogatz__abccb9b20c__i00,watts_strogatz,watts_strogatz__abccb9b20c,watts_strogatz__abccb9b20c__i00__informative__t01,informative,753633567,41000,1.0,1.0,1.0,1.0,0.55,0.55,0.0,0.0,0.0,f1
watts_strogatz__abccb9b20c__i00__informative__t01__p41001,watts_strogatz__abccb9b20c__i00,watts_strogatz,watts_strogatz__abccb9b20c,watts_strogatz__abccb9b20c__i00__informative__t01,informative,753633567,41001,0.9791576204950064,0.9582608695652174,0.9582608695652174,0.9372549019607844,0.0,0.1,-0.0208967509297891,-0.021005967604433,-0.0208967509297891,f1
watts_strogatz__abccb9b20c__i00__noisy__t00__p41000,watts_strogatz__abccb9b20c__i00,watts_strogatz,watts_strogatz__abccb9b20c,watts_strogatz__abccb9b20c__i00__noisy__t00,noisy,1288900005,41000,1.0,1.0,0.9791576204950064,0.9791576204950064,0.4,0.4,0.0,-0.0208423795049934,-0.0208423795049934,f1
watts_strogatz__abccb9b20c__i00__noisy__t00__p41001,watts_strogatz__abccb9b20c__i00,watts_strogatz,watts_strogatz__abccb9b20c,watts_strogatz__abccb9b20c__i00__noisy__t00,noisy,1288900005,41001,0.9791576204950064,0.9582608695652174,0.9582608695652174,0.9582608695652174,0.0,0.25,-0.0208967509297891,0.0,-0.0208967509297891,f1
watts_strogatz__abccb9b20c__i00__noisy__t01__p41000,watts_strogatz__abccb9b20c__i00,watts_strogatz,watts_strogatz__abccb9b20c,watts_strogatz__abccb9b20c__i00__noisy__t01,noisy,880718480,41000,0.9791576204950064,0.9582608695652174,0.9374728614850196,0.9374728614850196,0.1,0.1,-0.0208967509297891,-0.0207880080801977,-0.0416847590099869,f1
watts_strogatz__abccb9b20c__i00__noisy__t01__p41001,watts_strogatz__abccb9b20c__i00,watts_strogatz,watts_strogatz__abccb9b20c,watts_strogatz__abccb9b20c__i00__noisy__t01,noisy,880718480,41001,1.0,0.9166666666666666,0.9791576204950064,0.9791576204950064,0.4,0.4,-0.0833333333333333,0.0624909538283399,-0.0208423795049934,f1
watts_strogatz__abccb9b20c__i00__partial__t00__p41000,watts_strogatz__abccb9b20c__i00,watts_strogatz,watts_strogatz__abccb9b20c,watts_strogatz__abccb9b20c__i00__partial__t00,partial,320488697,41000,1.0,0.9583333333333334,0.9583333333333334,0.9791576204950064,0.0,0.1,-0.0416666666666666,0.0208242871616731,-0.0416666666666666,f1
watts_strogatz__abccb9b20c__i00__partial__t00__p41001,watts_strogatz__abccb9b20c__i00,watts_strogatz,watts_strogatz__abccb9b20c,watts_strogatz__abccb9b20c__i00__partial__t00,partial,320488697,41001,1.0,0.9791576204950064,1.0,1.0,0.4,0.4,-0.0208423795049934,0.0208423795049934,0.0,f1
watts_strogatz__abccb9b20c__i00__partial__t01__p41000,watts_strogatz__abccb9b20c__i00,watts_strogatz,watts_strogatz__abccb9b20c,watts_strogatz__abccb9b20c__i00__partial__t01,partial,1289975942,41000,1.0,0.9582608695652174,0.9791576204950064,0.9791576204950064,0.4,0.4,-0.0417391304347826,0.0208967509297891,-0.0208423795049934,f1
watts_strogatz__abccb9b20c__i00__partial__t01__p41001,watts_strogatz__abccb9b20c__i00,watts_strogatz,watts_strogatz__abccb9b20c,watts_strogatz__abccb9b20c__i00__partial__t01,partial,1289975942,41001,0.9582608695652174,0.9791576204950064,1.0,1.0,0.25,0.25,0.0208967509297891,0.0208423795049934,0.0417391304347826,f1
watts_strogatz__abccb9b20c__i01__informative__t00__p41000,watts_strogatz__abccb9b20c__i01,watts_strogatz,watts_strogatz__abccb9b20c,watts_strogatz__abccb9b20c__i01__informative__t00,informative,1206282568,41000,0.9582608695652174,0.873015873015873,0.873015873015873,0.916083916083916,0.0,0.4,-0.0852449965493443,0.043068043068043,-0.0852449965493443,f1
watts_strogatz__abccb9b20c__i01__informative__t00__p41001,watts_strogatz__abccb9b20c__i01,watts_strogatz,watts_strogatz__abccb9b20c,watts_strogatz__abccb9b20c__i01__informative__t00,informative,1206282568,41001,0.9791576204950064,0.9791576204950064,1.0,1.0,0.4,0.4,0.0,0.0208423795049934,0.0208423795049934,f1
watts_strogatz__abccb9b20c__i01__informative__t01__p41000,watts_strogatz__abccb9b20c__i01,watts_strogatz,watts_strogatz__abccb9b20c,watts_strogatz__abccb9b20c__i01__informative__t01,informative,1737111259,41000,0.9582608695652174,0.9582608695652174,0.9791576204950064,0.9791576204950064,0.25,0.25,0.0,0.0208967509297891,0.0208967509297891,f1
watts_strogatz__abccb9b20c__i01__informative__t01__p41001,watts_strogatz__abccb9b20c__i01,watts_strogatz,watts_strogatz__abccb9b20c,watts_strogatz__abccb9b20c__i01__informative__t01,informative,1737111259,41001,0.9791576204950064,1.0,0.9791576204950064,0.9791576204950064,0.25,0.25,0.0208423795049934,-0.0208423795049934,0.0,f1
watts_strogatz__abccb9b20c__i01__noisy__t00__p41000,watts_strogatz__abccb9b20c__i01,watts_strogatz,watts_strogatz__abccb9b20c,watts_strogatz__abccb9b20c__i01__noisy__t00,noisy,1988441590,41000,1.0,0.9791576204950064,0.9791576204950064,0.9791576204950064,0.1,0.1,-0.0208423795049934,0.0,-0.0208423795049934,f1
watts_strogatz__abccb9b20c__i01__noisy__t00__p41001,watts_strogatz__abccb9b20c__i01,watts_strogatz,watts_strogatz__abccb9b20c,watts_strogatz__abccb9b20c__i01__noisy__t00,noisy,1988441590,41001,1.0,0.9374728614850196,0.9165217391304348,0.9165217391304348,0.1,0.1,-0.0625271385149803,-0.0209511223545848,-0.0834782608695652,f1
watts_strogatz__abccb9b20c__i01__noisy__t01__p41000,watts_strogatz__abccb9b20c__i01,watts_strogatz,watts_strogatz__abccb9b20c,watts_strogatz__abccb9b20c__i01__noisy__t01,noisy,1164851017,41000,1.0,0.9374728614850196,0.9582608695652174,0.9582608695652174,0.4,0.4,-0.0625271385149803,0.0207880080801977,-0.0417391304347826,f1
watts_strogatz__abccb9b20c__i01__noisy__t01__p41001,watts_strogatz__abccb9b20c__i01,watts_strogatz,watts_strogatz__abccb9b20c,watts_strogatz__abccb9b20c__i01__noisy__t01,noisy,1164851017,41001,0.9791576204950064,0.8957881024750325,0.9791576204950064,0.9791576204950064,0.4,0.4,-0.083369518019974,0.083369518019974,0.0,f1
watts_strogatz__abccb9b20c__i01__partial__t00__p41000,watts_strogatz__abccb9b20c__i01,watts_strogatz,watts_strogatz__abccb9b20c,watts_strogatz__abccb9b20c__i01__partial__t00,partial,267046704,41000,1.0,0.9583333333333334,1.0,1.0,0.25,0.25,-0.0416666666666666,0.0416666666666666,0.0,f1
watts_strogatz__abccb9b20c__i01__partial__t00__p41001,watts_strogatz__abccb9b20c__i01,watts_strogatz,watts_strogatz__abccb9b20c,watts_strogatz__abccb9b20c__i01__partial__t00,partial,267046704,41001,1.0,0.9583333333333334,0.9583333333333334,0.9583333333333334,0.25,0.25,-0.0416666666666666,0.0,-0.0416666666666666,f1
watts_strogatz__abccb9b20c__i01__partial__t01__p41000,watts_strogatz__abccb9b20c__i01,watts_strogatz,watts_strogatz__abccb9b20c,watts_strogatz__abccb9b20c__i01__partial__t01,partial,1187501095,41000,1.0,0.9791576204950064,0.9791576204950064,0.9372549019607844,0.0,0.1,-0.0208423795049934,-0.0419027185342222,-0.0208423795049934,f1
watts_strogatz__abccb9b20c__i01__partial__t01__p41001,watts_strogatz__abccb9b20c__i01,watts_strogatz,watts_strogatz__abccb9b20c,watts_strogatz__abccb9b20c__i01__partial__t01,partial,1187501095,41001,0.9791576204950064,0.9374728614850196,0.9583333333333334,0.9583333333333334,0.4,0.4,-0.0416847590099869,0.0208604718483137,-0.0208242871616731,f1
watts_strogatz__abccb9b20c__i02__informative__t00__p41000,watts_strogatz__abccb9b20c__i02,watts_strogatz,watts_strogatz__abccb9b20c,watts_strogatz__abccb9b20c__i02__informative__t00,informative,195042884,41000,1.0,0.9791576204950064,0.9372549019607844,0.9372549019607844,0.1,0.1,-0.0208423795049934,-0.0419027185342222,-0.0627450980392156,f1
watts_strogatz__abccb9b20c__i02__informative__t00__p41001,watts_strogatz__abccb9b20c__i02,watts_strogatz,watts_strogatz__abccb9b20c,watts_strogatz__abccb9b20c__i02__informative__t00,informative,195042884,41001,0.8954248366013071,0.8954248366013071,0.8954248366013071,0.8954248366013071,0.1,0.1,0.0,0.0,0.0,f1
watts_strogatz__abccb9b20c__i02__informative__t01__p41000,watts_strogatz__abccb9b20c__i02,watts_strogatz,watts_strogatz__abccb9b20c,watts_strogatz__abccb9b20c__i02__informative__t01,informative,1507446404,41000,0.9165217391304348,0.9583333333333334,1.0,1.0,0.25,0.25,0.0418115942028985,0.0416666666666666,0.0834782608695652,f1
watts_strogatz__abccb9b20c__i02__informative__t01__p41001,watts_strogatz__abccb9b20c__i02,watts_strogatz,watts_strogatz__abccb9b20c,watts_strogatz__abccb9b20c__i02__informative__t01,informative,1507446404,41001,1.0,0.9374728614850196,1.0,1.0,0.4,0.4,-0.0625271385149803,0.0625271385149803,0.0,f1
watts_strogatz__abccb9b20c__i02__noisy__t00__p41000,watts_strogatz__abccb9b20c__i02,watts_strogatz,watts_strogatz__abccb9b20c,watts_strogatz__abccb9b20c__i02__noisy__t00,noisy,1582187408,41000,0.9791576204950064,0.9582608695652174,0.9374728614850196,0.9374728614850196,0.1,0.1,-0.0208967509297891,-0.0207880080801977,-0.0416847590099869,f1
watts_strogatz__abccb9b20c__i02__noisy__t00__p41001,watts_strogatz__abccb9b20c__i02,watts_strogatz,watts_strogatz__abccb9b20c,watts_strogatz__abccb9b20c__i02__noisy__t00,noisy,1582187408,41001,0.9791576204950064,0.875,0.9374728614850196,0.9374728614850196,0.4,0.4,-0.1041576204950065,0.0624728614850196,-0.0416847590099869,f1
watts_strogatz__abccb9b20c__i02__noisy__t01__p41000,watts_strogatz__abccb9b20c__i02,watts_strogatz,watts_strogatz__abccb9b20c,watts_strogatz__abccb9b20c__i02__noisy__t01,noisy,544120116,41000,0.8957881024750325,0.9582608695652174,0.9791576204950064,0.9791576204950064,0.1,0.1,0.0624727670901849,0.0208967509297891,0.083369518019974,f1
watts_strogatz__abccb9b20c__i02__noisy__t01__p41001,watts_strogatz__abccb9b20c__i02,watts_strogatz,watts_strogatz__abccb9b20c,watts_strogatz__abccb9b20c__i02__noisy__t01,noisy,544120116,41001,1.0,1.0,1.0,1.0,0.25,0.25,0.0,0.0,0.0,f1
watts_strogatz__abccb9b20c__i02__partial__t00__p41000,watts_strogatz__abccb9b20c__i02,watts_strogatz,watts_strogatz__abccb9b20c,watts_strogatz__abccb9b20c__i02__partial__t00,partial,1774133059,41000,0.9791576204950064,0.9791576204950064,0.9791576204950064,0.9791576204950064,0.4,0.4,0.0,0.0,0.0,f1
watts_strogatz__abccb9b20c__i02__partial__t00__p41001,watts_strogatz__abccb9b20c__i02,watts_strogatz,watts_strogatz__abccb9b20c,watts_strogatz__abccb9b20c__i02__partial__t00,partial,1774133059,41001,0.9372549019607844,0.9372549019607844,0.9372549019607844,0.9372549019607844,0.0,0.1,0.0,0.0,0.0,f1
watts_strogatz__abccb9b20c__i02__partial__t01__p41000,watts_strogatz__abccb9b20c__i02,watts_strogatz,watts_strogatz__abccb9b20c,watts_strogatz__abccb9b20c__i02__partial__t01,partial,1219678942,41000,0.9791576204950064,0.9165217391304348,0.9791576204950064,0.9791576204950064,0.25,0.25,-0.0626358813645717,0.0626358813645717,0.0,f1
watts_strogatz__abccb9b20c__i02__partial__t01__p41001,watts_strogatz__abccb9b20c__i02,watts_strogatz,watts_strogatz__abccb9b20c,watts_strogatz__abccb9b20c__i02__partial__t01,partial,1219678942,41001,1.0,0.9583333333333334,0.9791576204950064,0.9791576204950064,0.25,0.25,-0.0416666666666666,0.0208242871616731,-0.0208423795049934,f1
watts_strogatz__abccb9b20c__i03__informative__t00__p41000,watts_strogatz__abccb9b20c__i03,watts_strogatz,watts_strogatz__abccb9b20c,watts_strogatz__abccb9b20c__i03__informative__t00,informative,1786001870,41000,0.9374728614850196,1.0,0.9791576204950064,0.9791576204950064,0.25,0.25,0.0625271385149803,-0.0208423795049934,0.0416847590099869,f1
watts_strogatz__abccb9b20c__i03__informative__t00__p41001,watts_strogatz__abccb9b20c__i03,watts_strogatz,watts_strogatz__abccb9b20c,watts_strogatz__abccb9b20c__i03__informative__t00,informative,1786001870,41001,0.9791576204950064,0.9791576204950064,1.0,1.0,0.1,0.1,0.0,0.0208423795049934,0.0208423795049934,f1
watts_strogatz__abccb9b20c__i03__informative__t01__p41000,watts_strogatz__abccb9b20c__i03,watts_strogatz,watts_strogatz__abccb9b20c,watts_strogatz__abccb9b20c__i03__informative__t01,informative,941338050,41000,0.9374728614850196,0.8535947712418301,0.9374728614850196,0.9374728614850196,0.4,0.4,-0.0838780902431894,0.0838780902431894,0.0,f1
watts_strogatz__abccb9b20c__i03__informative__t01__p41001,watts_strogatz__abccb9b20c__i03,watts_strogatz,watts_strogatz__abccb9b20c,watts_strogatz__abccb9b20c__i03__informative__t01,informative,941338050,41001,0.9791576204950064,1.0,1.0,1.0,0.4,0.4,0.0208423795049934,0.0,0.0208423795049934,f1
watts_strogatz__abccb9b20c__i03__noisy__t00__p41000,watts_strogatz__abccb9b20c__i03,watts_strogatz,watts_strogatz__abccb9b20c,watts_strogatz__abccb9b20c__i03__noisy__t00,noisy,307748453,41000,0.9791576204950064,0.9582608695652174,0.9791576204950064,0.9791576204950064,0.55,0.55,-0.0208967509297891,0.0208967509297891,0.0,f1
watts_strogatz__abccb9b20c__i03__noisy__t00__p41001,watts_strogatz__abccb9b20c__i03,watts_strogatz,watts_strogatz__abccb9b20c,watts_strogatz__abccb9b20c__i03__noisy__t00,noisy,307748453,41001,0.9791576204950064,0.8747826086956522,1.0,1.0,0.55,0.55,-0.1043750117993543,0.1252173913043478,0.0208423795049934,f1
watts_strogatz__abccb9b20c__i03__noisy__t01__p41000,watts_strogatz__abccb9b20c__i03,watts_strogatz,watts_strogatz__abccb9b20c,watts_strogatz__abccb9b20c__i03__noisy__t01,noisy,1810494785,41000,1.0,0.9582608695652174,0.9791576204950064,0.9791576204950064,0.25,0.25,-0.0417391304347826,0.0208967509297891,-0.0208423795049934,f1
watts_strogatz__abccb9b20c__i03__noisy__t01__p41001,watts_strogatz__abccb9b20c__i03,watts_strogatz,watts_strogatz__abccb9b20c,watts_strogatz__abccb9b20c__i03__noisy__t01,noisy,1810494785,41001,0.9372549019607844,1.0,0.9791576204950064,0.9791576204950064,0.1,0.1,0.0627450980392156,-0.0208423795049934,0.0419027185342222,f1
watts_strogatz__abccb9b20c__i03__partial__t00__p41000,watts_strogatz__abccb9b20c__i03,watts_strogatz,watts_strogatz__abccb9b20c,watts_strogatz__abccb9b20c__i03__partial__t00,partial,151922756,41000,0.9791576204950064,0.9583333333333334,0.9583333333333334,0.8541033434650456,0.0,0.1,-0.0208242871616731,-0.1042299898682878,-0.0208242871616731,f1
watts_strogatz__abccb9b20c__i03__partial__t00__p41001,watts_strogatz__abccb9b20c__i03,watts_strogatz,watts_strogatz__abccb9b20c,watts_strogatz__abccb9b20c__i03__partial__t00,partial,151922756,41001,0.9791576204950064,0.9582608695652174,0.9582608695652174,1.0,0.0,0.1,-0.0208967509297891,0.0417391304347826,-0.0208967509297891,f1
watts_strogatz__abccb9b20c__i03__partial__t01__p41000,watts_strogatz__abccb9b20c__i03,watts_strogatz,watts_strogatz__abccb9b20c,watts_strogatz__abccb9b20c__i03__partial__t01,partial,929126005,41000,0.9372549019607844,0.9374728614850196,0.9791576204950064,0.9791576204950064,0.25,0.25,0.0002179595242353,0.0416847590099869,0.0419027185342222,f1
watts_strogatz__abccb9b20c__i03__partial__t01__p41001,watts_strogatz__abccb9b20c__i03,watts_strogatz,watts_strogatz__abccb9b20c,watts_strogatz__abccb9b20c__i03__partial__t01,partial,929126005,41001,0.9791576204950064,0.9582608695652174,1.0,1.0,0.4,0.4,-0.0208967509297891,0.0417391304347826,0.0208423795049934,f1
watts_strogatz__abccb9b20c__i04__informative__t00__p41000,watts_strogatz__abccb9b20c__i04,watts_strogatz,watts_strogatz__abccb9b20c,watts_strogatz__abccb9b20c__i04__informative__t00,informative,344558110,41000,0.9791576204950064,0.9791576204950064,0.9791576204950064,0.9791576204950064,0.0,0.1,0.0,0.0,0.0,f1
watts_strogatz__abccb9b20c__i04__informative__t00__p41001,watts_strogatz__abccb9b20c__i04,watts_strogatz,watts_strogatz__abccb9b20c,watts_strogatz__abccb9b20c__i04__informative__t00,informative,344558110,41001,0.9582608695652174,0.9374728614850196,0.9583333333333334,0.9583333333333334,0.1,0.1,-0.0207880080801977,0.0208604718483137,7.246376811598232e-05,f1
watts_strogatz__abccb9b20c__i04__informative__t01__p41000,watts_strogatz__abccb9b20c__i04,watts_strogatz,watts_strogatz__abccb9b20c,watts_strogatz__abccb9b20c__i04__informative__t01,informative,1728194563,41000,0.9791576204950064,0.9791576204950064,0.9791576204950064,0.9791576204950064,0.0,0.1,0.0,0.0,0.0,f1
watts_strogatz__abccb9b20c__i04__informative__t01__p41001,watts_strogatz__abccb9b20c__i04,watts_strogatz,watts_strogatz__abccb9b20c,watts_strogatz__abccb9b20c__i04__informative__t01,informative,1728194563,41001,0.9374728614850196,0.9791576204950064,0.9791576204950064,0.9791576204950064,0.0,0.1,0.0416847590099869,0.0,0.0416847590099869,f1
watts_strogatz__abccb9b20c__i04__noisy__t00__p41000,watts_strogatz__abccb9b20c__i04,watts_strogatz,watts_strogatz__abccb9b20c,watts_strogatz__abccb9b20c__i04__noisy__t00,noisy,1684186474,41000,1.0,0.8525669153137341,0.9165217391304348,0.9165217391304348,0.1,0.1,-0.1474330846862659,0.0639548238167007,-0.0834782608695652,f1
watts_strogatz__abccb9b20c__i04__noisy__t00__p41001,watts_strogatz__abccb9b20c__i04,watts_strogatz,watts_strogatz__abccb9b20c,watts_strogatz__abccb9b20c__i04__noisy__t00,noisy,1684186474,41001,0.9583333333333334,0.9166666666666666,0.9583333333333334,0.9583333333333334,0.4,0.4,-0.0416666666666667,0.0416666666666667,0.0,f1
watts_strogatz__abccb9b20c__i04__noisy__t01__p41000,watts_strogatz__abccb9b20c__i04,watts_strogatz,watts_strogatz__abccb9b20c,watts_strogatz__abccb9b20c__i04__noisy__t01,noisy,883539522,41000,0.9791576204950064,0.9582608695652174,0.9582608695652174,0.9791576204950064,0.0,0.25,-0.0208967509297891,0.0208967509297891,-0.0208967509297891,f1
watts_strogatz__abccb9b20c__i04__noisy__t01__p41001,watts_strogatz__abccb9b20c__i04,watts_strogatz,watts_strogatz__abccb9b20c,watts_strogatz__abccb9b20c__i04__noisy__t01,noisy,883539522,41001,0.9374728614850196,0.916083916083916,0.916083916083916,0.916083916083916,0.0,0.1,-0.0213889454011035,0.0,-0.0213889454011035,f1
watts_strogatz__abccb9b20c__i04__partial__t00__p41000,watts_strogatz__abccb9b20c__i04,watts_strogatz,watts_strogatz__abccb9b20c,watts_strogatz__abccb9b20c__i04__partial__t00,partial,2110099460,41000,0.9583333333333334,0.8741258741258742,1.0,1.0,0.25,0.25,-0.0842074592074592,0.1258741258741258,0.0416666666666666,f1
watts_strogatz__abccb9b20c__i04__partial__t00__p41001,watts_strogatz__abccb9b20c__i04,watts_strogatz,watts_strogatz__abccb9b20c,watts_strogatz__abccb9b20c__i04__partial__t00,partial,2110099460,41001,0.9372549019607844,0.916083916083916,0.9583333333333334,0.9583333333333334,0.25,0.25,-0.0211709858768682,0.0422494172494173,0.021078431372549,f1
watts_strogatz__abccb9b20c__i04__partial__t01__p41000,watts_strogatz__abccb9b20c__i04,watts_strogatz,watts_strogatz__abccb9b20c,watts_strogatz__abccb9b20c__i04__partial__t01,partial,542786484,41000,1.0,0.9372549019607844,0.9372549019607844,0.916083916083916,0.0,0.1,-0.0627450980392156,-0.0211709858768682,-0.0627450980392156,f1
watts_strogatz__abccb9b20c__i04__partial__t01__p41001,watts_strogatz__abccb9b20c__i04,watts_strogatz,watts_strogatz__abccb9b20c,watts_strogatz__abccb9b20c__i04__partial__t01,partial,542786484,41001,0.9791576204950064,0.916083916083916,0.9582608695652174,0.9582608695652174,0.25,0.25,-0.0630737044110905,0.0421769534813013,-0.0208967509297891,f1
watts_strogatz__ca4614b0e1__i00__informative__t00__p41000,watts_strogatz__ca4614b0e1__i00,watts_strogatz,watts_strogatz__ca4614b0e1,watts_strogatz__ca4614b0e1__i00__informative__t00,informative,1756593044,41000,0.9472527472527472,0.7856079404466502,0.827071538857437,0.827071538857437,0.1,0.1,-0.161644806806097,0.0414635984107868,-0.1201812083953102,f1
watts_strogatz__ca4614b0e1__i00__informative__t00__p41001,watts_strogatz__ca4614b0e1__i00,watts_strogatz,watts_strogatz__ca4614b0e1,watts_strogatz__ca4614b0e1__i00__informative__t00,informative,1756593044,41001,0.9752959341224908,0.8487394957983193,0.8487394957983193,0.8417582417582418,0.0,0.25,-0.1265564383241716,-0.0069812540400775,-0.1265564383241716,f1
watts_strogatz__ca4614b0e1__i00__informative__t01__p41000,watts_strogatz__ca4614b0e1__i00,watts_strogatz,watts_strogatz__ca4614b0e1,watts_strogatz__ca4614b0e1__i00__informative__t01,informative,417814102,41000,0.9472527472527472,0.827071538857437,0.8545454545454545,0.8545454545454545,0.1,0.1,-0.1201812083953102,0.0274739156880174,-0.0927072927072927,f1
watts_strogatz__ca4614b0e1__i00__informative__t01__p41001,watts_strogatz__ca4614b0e1__i00,watts_strogatz,watts_strogatz__ca4614b0e1,watts_strogatz__ca4614b0e1__i00__informative__t01,informative,417814102,41001,0.9285359801488834,0.9495798319327732,0.9752959341224908,0.9752959341224908,0.25,0.25,0.0210438517838896,0.0257161021897178,0.0467599539736075,f1
watts_strogatz__ca4614b0e1__i00__noisy__t00__p41000,watts_strogatz__ca4614b0e1__i00,watts_strogatz,watts_strogatz__ca4614b0e1,watts_strogatz__ca4614b0e1__i00__noisy__t00,noisy,1606865396,41000,0.827071538857437,0.7681159420289855,0.7681159420289855,0.6974789915966386,0.0,0.55,-0.0589555968284515,-0.0706369504323468,-0.0589555968284515,f1
watts_strogatz__ca4614b0e1__i00__noisy__t00__p41001,watts_strogatz__ca4614b0e1__i00,watts_strogatz,watts_strogatz__ca4614b0e1,watts_strogatz__ca4614b0e1__i00__noisy__t00,noisy,1606865396,41001,0.789010989010989,0.6307692307692307,0.6307692307692307,0.6307692307692307,0.0,0.25,-0.1582417582417582,0.0,-0.1582417582417582,f1
watts_strogatz__ca4614b0e1__i00__noisy__t01__p41000,watts_strogatz__ca4614b0e1__i00,watts_strogatz,watts_strogatz__ca4614b0e1,watts_strogatz__ca4614b0e1__i00__noisy__t01,noisy,220484999,41000,0.8333333333333333,0.6461916461916462,0.7641277641277642,0.7641277641277642,0.4,0.4,-0.1871416871416871,0.117936117936118,-0.069205569205569,f1
watts_strogatz__ca4614b0e1__i00__noisy__t01__p41001,watts_strogatz__ca4614b0e1__i00,watts_strogatz,watts_strogatz__ca4614b0e1,watts_strogatz__ca4614b0e1__i00__noisy__t01,noisy,220484999,41001,0.7777777777777777,0.71658615136876,0.7566197183098591,0.7566197183098591,0.55,0.55,-0.0611916264090176,0.040033566941099,-0.0211580594679186,f1
watts_strogatz__ca4614b0e1__i00__partial__t00__p41000,watts_strogatz__ca4614b0e1__i00,watts_strogatz,watts_strogatz__ca4614b0e1,watts_strogatz__ca4614b0e1__i00__partial__t00,partial,1872674359,41000,0.9472527472527472,0.8764796706124549,0.8487394957983193,0.8487394957983193,0.4,0.4,-0.0707730766402923,-0.0277401748141356,-0.0985132514544279,f1
watts_strogatz__ca4614b0e1__i00__partial__t00__p41001,watts_strogatz__ca4614b0e1__i00,watts_strogatz,watts_strogatz__ca4614b0e1,watts_strogatz__ca4614b0e1__i00__partial__t00,partial,1872674359,41001,0.8711755233494364,0.7257142857142858,0.7641277641277642,0.7641277641277642,0.1,0.1,-0.1454612376351506,0.0384134784134784,-0.1070477592216722,f1
watts_strogatz__ca4614b0e1__i00__partial__t01__p41000,watts_strogatz__ca4614b0e1__i00,watts_strogatz,watts_strogatz__ca4614b0e1,watts_strogatz__ca4614b0e1__i00__partial__t01,partial,1269802173,41000,0.8845598845598845,0.7681159420289855,0.6788471435923829,0.6788471435923829,0.55,0.55,-0.116443942530899,-0.0892687984366026,-0.2057127409675017,f1
watts_strogatz__ca4614b0e1__i00__partial__t01__p41001,watts_strogatz__ca4614b0e1__i00,watts_strogatz,watts_strogatz__ca4614b0e1,watts_strogatz__ca4614b0e1__i00__partial__t01,partial,1269802173,41001,0.827071538857437,0.5966386554621849,0.5966386554621849,0.7983193277310925,0.0,0.55,-0.2304328833952521,0.2016806722689076,-0.2304328833952521,f1
watts_strogatz__ca4614b0e1__i01__informative__t00__p41000,watts_strogatz__ca4614b0e1__i01,watts_strogatz,watts_strogatz__ca4614b0e1,watts_strogatz__ca4614b0e1__i01__informative__t00,informative,1396207625,41000,0.8820638820638821,0.6783320923306031,0.6783320923306031,0.7473684210526316,0.0,0.1,-0.203731789733279,0.0690363287220284,-0.203731789733279,f1
watts_strogatz__ca4614b0e1__i01__informative__t00__p41001,watts_strogatz__ca4614b0e1__i01,watts_strogatz,watts_strogatz__ca4614b0e1,watts_strogatz__ca4614b0e1__i01__informative__t00,informative,1396207625,41001,0.9729577464788732,0.7866666666666666,0.8230958230958232,0.8230958230958232,0.55,0.55,-0.1862910798122066,0.0364291564291565,-0.14986192338305,f1
watts_strogatz__ca4614b0e1__i01__informative__t01__p41000,watts_strogatz__ca4614b0e1__i01,watts_strogatz,watts_strogatz__ca4614b0e1,watts_strogatz__ca4614b0e1__i01__informative__t01,informative,136812140,41000,0.9085714285714286,0.8736842105263158,0.9714115544967242,0.9714115544967242,0.1,0.1,-0.0348872180451127,0.0977273439704083,0.0628401259252956,f1
watts_strogatz__ca4614b0e1__i01__informative__t01__p41001,watts_strogatz__ca4614b0e1__i01,watts_strogatz,watts_strogatz__ca4614b0e1,watts_strogatz__ca4614b0e1__i01__informative__t01,informative,136812140,41001,0.941031941031941,0.8820638820638821,0.9444444444444444,0.9444444444444444,0.55,0.55,-0.0589680589680589,0.0623805623805623,0.0034125034125034,f1
watts_strogatz__ca4614b0e1__i01__noisy__t00__p41000,watts_strogatz__ca4614b0e1__i01,watts_strogatz,watts_strogatz__ca4614b0e1,watts_strogatz__ca4614b0e1__i01__noisy__t00,noisy,741552296,41000,0.8359535201640464,0.8476190476190476,0.7998808814770697,0.7998808814770697,0.25,0.25,0.0116655274550011,-0.0477381661419779,-0.0360726386869767,f1
watts_strogatz__ca4614b0e1__i01__noisy__t00__p41001,watts_strogatz__ca4614b0e1__i01,watts_strogatz,watts_strogatz__ca4614b0e1,watts_strogatz__ca4614b0e1__i01__noisy__t00,noisy,741552296,41001,0.9444444444444444,0.7427039904705182,0.7776634071024189,0.7776634071024189,0.55,0.55,-0.2017404539739262,0.0349594166319007,-0.1667810373420255,f1
watts_strogatz__ca4614b0e1__i01__noisy__t01__p41000,watts_strogatz__ca4614b0e1__i01,watts_strogatz,watts_strogatz__ca4614b0e1,watts_strogatz__ca4614b0e1__i01__noisy__t01,noisy,897554739,41000,0.8570577724836212,0.7998808814770697,0.8476190476190476,0.8476190476190476,0.55,0.55,-0.0571768910065515,0.0477381661419779,-0.0094387248645736,f1
watts_strogatz__ca4614b0e1__i01__noisy__t01__p41001,watts_strogatz__ca4614b0e1__i01,watts_strogatz,watts_strogatz__ca4614b0e1,watts_strogatz__ca4614b0e1__i01__noisy__t01,noisy,897554739,41001,0.8333333333333333,0.7998808814770697,0.7998808814770697,0.7777777777777777,0.0,0.1,-0.0334524518562635,-0.022103103699292,-0.0334524518562635,f1
watts_strogatz__ca4614b0e1__i01__partial__t00__p41000,watts_strogatz__ca4614b0e1__i01,watts_strogatz,watts_strogatz__ca4614b0e1,watts_strogatz__ca4614b0e1__i01__partial__t00,partial,797654555,41000,0.8736842105263158,0.6068503350707372,0.7047163362952836,0.7047163362952836,0.1,0.1,-0.2668338754555787,0.0978660012245464,-0.1689678742310322,f1
watts_strogatz__ca4614b0e1__i01__partial__t00__p41001,watts_strogatz__ca4614b0e1__i01,watts_strogatz,watts_strogatz__ca4614b0e1,watts_strogatz__ca4614b0e1__i01__partial__t00,partial,797654555,41001,0.8736842105263158,0.7948717948717949,0.8359535201640464,0.8359535201640464,0.4,0.4,-0.0788124156545209,0.0410817252922515,-0.0377306903622693,f1
watts_strogatz__ca4614b0e1__i01__partial__t01__p41000,watts_strogatz__ca4614b0e1__i01,watts_strogatz,watts_strogatz__ca4614b0e1,watts_strogatz__ca4614b0e1__i01__partial__t01,partial,511872178,41000,0.7948717948717949,0.7498138495904692,0.7498138495904692,0.7498138495904692,0.1,0.1,-0.0450579452813257,0.0,-0.0450579452813257,f1
watts_strogatz__ca4614b0e1__i01__partial__t01__p41001,watts_strogatz__ca4614b0e1__i01,watts_strogatz,watts_strogatz__ca4614b0e1,watts_strogatz__ca4614b0e1__i01__partial__t01,partial,511872178,41001,0.8736842105263158,0.7264957264957266,0.7641277641277642,0.7641277641277642,0.1,0.1,-0.1471884840305892,0.0376320376320375,-0.1095564463985516,f1
watts_strogatz__ca4614b0e1__i02__informative__t00__p41000,watts_strogatz__ca4614b0e1__i02,watts_strogatz,watts_strogatz__ca4614b0e1,watts_strogatz__ca4614b0e1__i02__informative__t00,informative,2093695814,41000,0.9555555555555556,0.9307359307359306,0.8808933002481389,0.8808933002481389,0.55,0.55,-0.0248196248196248,-0.0498426304877916,-0.0746622553074165,f1
watts_strogatz__ca4614b0e1__i02__informative__t00__p41001,watts_strogatz__ca4614b0e1__i02,watts_strogatz,watts_strogatz__ca4614b0e1,watts_strogatz__ca4614b0e1__i02__informative__t00,informative,2093695814,41001,0.9325526932084308,0.90625,0.9307359307359306,0.9307359307359306,0.25,0.25,-0.0263026932084309,0.0244859307359306,-0.0018167624725002,f1
watts_strogatz__ca4614b0e1__i02__informative__t01__p41000,watts_strogatz__ca4614b0e1__i02,watts_strogatz,watts_strogatz__ca4614b0e1,watts_strogatz__ca4614b0e1__i02__informative__t01,informative,2136106111,41000,0.9307359307359306,0.9544592030360532,0.953125,0.953125,0.55,0.55,0.0237232723001225,-0.0013342030360531,0.0223890692640693,f1
watts_strogatz__ca4614b0e1__i02__informative__t01__p41001,watts_strogatz__ca4614b0e1__i02,watts_strogatz,watts_strogatz__ca4614b0e1,watts_strogatz__ca4614b0e1__i02__informative__t01,informative,2136106111,41001,0.9325526932084308,0.8845598845598845,0.8845598845598845,0.9089184060721064,0.0,0.1,-0.0479928086485463,0.0243585215122217,-0.0479928086485463,f1
watts_strogatz__ca4614b0e1__i02__noisy__t00__p41000,watts_strogatz__ca4614b0e1__i02,watts_strogatz,watts_strogatz__ca4614b0e1,watts_strogatz__ca4614b0e1__i02__noisy__t00,noisy,1663696618,41000,0.8545454545454545,0.540281690140845,0.6470588235294117,0.6470588235294117,0.4,0.4,-0.3142637644046094,0.1067771333885666,-0.2074866310160428,f1
watts_strogatz__ca4614b0e1__i02__noisy__t00__p41001,watts_strogatz__ca4614b0e1__i02,watts_strogatz,watts_strogatz__ca4614b0e1,watts_strogatz__ca4614b0e1__i02__noisy__t00,noisy,1663696618,41001,0.7681159420289855,0.6862745098039216,0.6950998185117967,0.6950998185117967,0.55,0.55,-0.0818414322250639,0.0088253087078751,-0.0730161235171887,f1
watts_strogatz__ca4614b0e1__i02__noisy__t01__p41000,watts_strogatz__ca4614b0e1__i02,watts_strogatz,watts_strogatz__ca4614b0e1,watts_strogatz__ca4614b0e1__i02__noisy__t01,noisy,240671312,41000,0.8332506203473946,0.746031746031746,0.765625,0.765625,0.55,0.55,-0.0872188743156485,0.0195932539682539,-0.0676256203473946,f1
watts_strogatz__ca4614b0e1__i02__noisy__t01__p41001,watts_strogatz__ca4614b0e1__i02,watts_strogatz,watts_strogatz__ca4614b0e1,watts_strogatz__ca4614b0e1__i02__noisy__t01,noisy,240671312,41001,0.8845598845598845,0.7478991596638656,0.789010989010989,0.789010989010989,0.25,0.25,-0.136660724896019,0.0411118293471234,-0.0955488955488955,f1
watts_strogatz__ca4614b0e1__i02__partial__t00__p41000,watts_strogatz__ca4614b0e1__i02,watts_strogatz,watts_strogatz__ca4614b0e1,watts_strogatz__ca4614b0e1__i02__partial__t00,partial,578861213,41000,0.8332506203473946,0.859375,0.8332506203473946,0.8332506203473946,0.1,0.1,0.0261243796526053,-0.0261243796526053,0.0,f1
watts_strogatz__ca4614b0e1__i02__partial__t00__p41001,watts_strogatz__ca4614b0e1__i02,watts_strogatz,watts_strogatz__ca4614b0e1,watts_strogatz__ca4614b0e1__i02__partial__t00,partial,578861213,41001,0.806060606060606,0.859375,0.859375,0.859375,0.1,0.1,0.0533143939393939,0.0,0.0533143939393939,f1
watts_strogatz__ca4614b0e1__i02__partial__t01__p41000,watts_strogatz__ca4614b0e1__i02,watts_strogatz,watts_strogatz__ca4614b0e1,watts_strogatz__ca4614b0e1__i02__partial__t01,partial,1487250433,41000,0.859375,0.7983193277310925,0.7983193277310925,0.827071538857437,0.0,0.25,-0.0610556722689075,0.0287522111263445,-0.0610556722689075,f1
watts_strogatz__ca4614b0e1__i02__partial__t01__p41001,watts_strogatz__ca4614b0e1__i02,watts_strogatz,watts_strogatz__ca4614b0e1,watts_strogatz__ca4614b0e1__i02__partial__t01,partial,1487250433,41001,0.8633776091081593,0.8021071919377004,0.8383838383838383,0.8383838383838383,0.55,0.55,-0.0612704171704588,0.0362766464461379,-0.0249937707243209,f1
watts_strogatz__ca4614b0e1__i03__informative__t00__p41000,watts_strogatz__ca4614b0e1__i03,watts_strogatz,watts_strogatz__ca4614b0e1,watts_strogatz__ca4614b0e1__i03__informative__t00,informative,1448944836,41000,0.9361419068736142,0.8306878306878307,0.8741258741258742,0.8741258741258742,0.25,0.25,-0.1054540761857835,0.0434380434380434,-0.06201603274774,f1
watts_strogatz__ca4614b0e1__i03__informative__t00__p41001,watts_strogatz__ca4614b0e1__i03,watts_strogatz,watts_strogatz__ca4614b0e1,watts_strogatz__ca4614b0e1__i03__informative__t00,informative,1448944836,41001,0.956442831215971,0.9352226720647774,0.8693284936479129,0.8693284936479129,0.4,0.4,-0.0212201591511935,-0.0658941784168645,-0.087114337568058,f1
watts_strogatz__ca4614b0e1__i03__informative__t01__p41000,watts_strogatz__ca4614b0e1__i03,watts_strogatz,watts_strogatz__ca4614b0e1,watts_strogatz__ca4614b0e1__i03__informative__t01,informative,511600912,41000,0.916083916083916,0.8946906537955244,0.8946906537955244,0.8946906537955244,0.55,0.55,-0.0213932622883916,0.0,-0.0213932622883916,f1
watts_strogatz__ca4614b0e1__i03__informative__t01__p41001,watts_strogatz__ca4614b0e1__i03,watts_strogatz,watts_strogatz__ca4614b0e1,watts_strogatz__ca4614b0e1__i03__informative__t01,informative,511600912,41001,0.956442831215971,0.893569844789357,0.9576719576719576,0.9576719576719576,0.55,0.55,-0.0628729864266139,0.0641021128826007,0.0012291264559867,f1
watts_strogatz__ca4614b0e1__i03__noisy__t00__p41000,watts_strogatz__ca4614b0e1__i03,watts_strogatz,watts_strogatz__ca4614b0e1,watts_strogatz__ca4614b0e1__i03__noisy__t00,noisy,2099795128,41000,0.8306878306878307,0.8525669153137341,0.8525669153137341,0.8104431768319438,0.0,0.55,0.0218790846259033,-0.0421237384817902,0.0218790846259033,f1
watts_strogatz__ca4614b0e1__i03__noisy__t00__p41001,watts_strogatz__ca4614b0e1__i03,watts_strogatz,watts_strogatz__ca4614b0e1,watts_strogatz__ca4614b0e1__i03__noisy__t00,noisy,2099795128,41001,0.9361419068736142,0.746031746031746,0.8222222222222222,0.8222222222222222,0.1,0.1,-0.1901101608418681,0.0761904761904761,-0.113919684651392,f1
watts_strogatz__ca4614b0e1__i03__noisy__t01__p41000,watts_strogatz__ca4614b0e1__i03,watts_strogatz,watts_strogatz__ca4614b0e1,watts_strogatz__ca4614b0e1__i03__noisy__t01,noisy,659801057,41000,0.8488529014844803,0.7,0.8285714285714285,0.8285714285714285,0.55,0.55,-0.1488529014844803,0.1285714285714285,-0.0202814729130518,f1
watts_strogatz__ca4614b0e1__i03__noisy__t01__p41001,watts_strogatz__ca4614b0e1__i03,watts_strogatz,watts_strogatz__ca4614b0e1,watts_strogatz__ca4614b0e1__i03__noisy__t01,noisy,659801057,41001,0.8714285714285714,0.7333333333333334,0.7581310123683005,0.7581310123683005,0.1,0.1,-0.138095238095238,0.0247976790349671,-0.1132975590602709,f1
watts_strogatz__ca4614b0e1__i03__partial__t00__p41000,watts_strogatz__ca4614b0e1__i03,watts_strogatz,watts_strogatz__ca4614b0e1,watts_strogatz__ca4614b0e1__i03__partial__t00,partial,1087710506,41000,0.8525669153137341,0.7379652605459057,0.873015873015873,0.873015873015873,0.55,0.55,-0.1146016547678283,0.1350506124699673,0.0204489577021389,f1
watts_strogatz__ca4614b0e1__i03__partial__t00__p41001,watts_strogatz__ca4614b0e1__i03,watts_strogatz,watts_strogatz__ca4614b0e1,watts_strogatz__ca4614b0e1__i03__partial__t00,partial,1087710506,41001,0.9361419068736142,0.8084257206208425,0.8285714285714285,0.8285714285714285,0.55,0.55,-0.1277161862527717,0.020145707950586,-0.1075704783021856,f1
watts_strogatz__ca4614b0e1__i03__partial__t01__p41000,watts_strogatz__ca4614b0e1__i03,watts_strogatz,watts_strogatz__ca4614b0e1,watts_strogatz__ca4614b0e1__i03__partial__t01,partial,2095398369,41000,0.8747826086956522,0.8525669153137341,0.873015873015873,0.873015873015873,0.4,0.4,-0.022215693381918,0.0204489577021389,-0.0017667356797791,f1
watts_strogatz__ca4614b0e1__i03__partial__t01__p41001,watts_strogatz__ca4614b0e1__i03,watts_strogatz,watts_strogatz__ca4614b0e1,watts_strogatz__ca4614b0e1__i03__partial__t01,partial,2095398369,41001,0.9361419068736142,0.8426229508196721,0.8693284936479129,0.8693284936479129,0.55,0.55,-0.0935189560539421,0.0267055428282407,-0.0668134132257013,f1
watts_strogatz__ca4614b0e1__i04__informative__t00__p41000,watts_strogatz__ca4614b0e1__i04,watts_strogatz,watts_strogatz__ca4614b0e1,watts_strogatz__ca4614b0e1__i04__informative__t00,informative,73612897,41000,0.9789381307591049,0.9153439153439152,0.9789381307591049,0.9789381307591049,0.25,0.25,-0.0635942154151895,0.0635942154151895,0.0,f1
watts_strogatz__ca4614b0e1__i04__informative__t00__p41001,watts_strogatz__ca4614b0e1__i04,watts_strogatz,watts_strogatz__ca4614b0e1,watts_strogatz__ca4614b0e1__i04__informative__t00,informative,73612897,41001,1.0,0.9787139689578714,0.9787139689578714,0.9787139689578714,0.4,0.4,-0.0212860310421285,0.0,-0.0212860310421285,f1
watts_strogatz__ca4614b0e1__i04__informative__t01__p41000,watts_strogatz__ca4614b0e1__i04,watts_strogatz,watts_strogatz__ca4614b0e1,watts_strogatz__ca4614b0e1__i04__informative__t01,informative,432618046,41000,0.9576719576719576,0.7624831309041835,0.9352226720647774,0.9352226720647774,0.55,0.55,-0.1951888267677741,0.1727395411605938,-0.0224492856071802,f1
watts_strogatz__ca4614b0e1__i04__informative__t01__p41001,watts_strogatz__ca4614b0e1__i04,watts_strogatz,watts_strogatz__ca4614b0e1,watts_strogatz__ca4614b0e1__i04__informative__t01,informative,432618046,41001,1.0,0.912885662431942,0.9787139689578714,0.9787139689578714,0.4,0.4,-0.087114337568058,0.0658283065259295,-0.0212860310421285,f1
watts_strogatz__ca4614b0e1__i04__noisy__t00__p41000,watts_strogatz__ca4614b0e1__i04,watts_strogatz,watts_strogatz__ca4614b0e1,watts_strogatz__ca4614b0e1__i04__noisy__t00,noisy,2091729499,41000,0.7857142857142857,0.6873643074250977,0.7658536585365854,0.7658536585365854,0.55,0.55,-0.098349978289188,0.0784893511114876,-0.0198606271777003,f1
watts_strogatz__ca4614b0e1__i04__noisy__t00__p41001,watts_strogatz__ca4614b0e1__i04,watts_strogatz,watts_strogatz__ca4614b0e1,watts_strogatz__ca4614b0e1__i04__noisy__t00,noisy,2091729499,41001,0.7857142857142857,0.6190476190476191,0.7428571428571429,0.7428571428571429,0.55,0.55,-0.1666666666666666,0.1238095238095238,-0.0428571428571428,f1
watts_strogatz__ca4614b0e1__i04__noisy__t01__p41000,watts_strogatz__ca4614b0e1__i04,watts_strogatz,watts_strogatz__ca4614b0e1,watts_strogatz__ca4614b0e1__i04__noisy__t01,noisy,857884922,41000,0.8525669153137341,0.7658536585365854,0.8535947712418301,0.8535947712418301,0.55,0.55,-0.0867132567771487,0.0877411127052447,0.001027855928096,f1
watts_strogatz__ca4614b0e1__i04__noisy__t01__p41001,watts_strogatz__ca4614b0e1__i04,watts_strogatz,watts_strogatz__ca4614b0e1,watts_strogatz__ca4614b0e1__i04__noisy__t01,noisy,857884922,41001,0.9153439153439152,0.7078260869565217,0.7078260869565217,0.8084257206208425,0.0,0.4,-0.2075178283873936,0.1005996336643207,-0.2075178283873936,f1
watts_strogatz__ca4614b0e1__i04__partial__t00__p41000,watts_strogatz__ca4614b0e1__i04,watts_strogatz,watts_strogatz__ca4614b0e1,watts_strogatz__ca4614b0e1__i04__partial__t00,partial,637059456,41000,0.9153439153439152,0.7857142857142857,0.8056680161943319,0.8056680161943319,0.4,0.4,-0.1296296296296296,0.0199537304800462,-0.1096758991495834,f1
watts_strogatz__ca4614b0e1__i04__partial__t00__p41001,watts_strogatz__ca4614b0e1__i04,watts_strogatz,watts_strogatz__ca4614b0e1,watts_strogatz__ca4614b0e1__i04__partial__t00,partial,637059456,41001,0.9787139689578714,0.8306878306878307,0.9153439153439152,0.9153439153439152,0.25,0.25,-0.1480261382700407,0.0846560846560846,-0.063370053613956,f1
watts_strogatz__ca4614b0e1__i04__partial__t01__p41000,watts_strogatz__ca4614b0e1__i04,watts_strogatz,watts_strogatz__ca4614b0e1,watts_strogatz__ca4614b0e1__i04__partial__t01,partial,39979285,41000,0.8333333333333334,0.7062937062937062,0.8104431768319438,0.8104431768319438,0.4,0.4,-0.1270396270396271,0.1041494705382375,-0.0228901565013895,f1
watts_strogatz__ca4614b0e1__i04__partial__t01__p41001,watts_strogatz__ca4614b0e1__i04,watts_strogatz,watts_strogatz__ca4614b0e1,watts_strogatz__ca4614b0e1__i04__partial__t01,partial,39979285,41001,0.9165217391304348,0.8741258741258742,0.8946906537955244,0.8946906537955244,0.55,0.55,-0.0423958650045606,0.0205647796696502,-0.0218310853349104,f1
watts_strogatz__ea84053df1__i00__informative__t00__p41000,watts_strogatz__ea84053df1__i00,watts_strogatz,watts_strogatz__ea84053df1,watts_strogatz__ea84053df1__i00__informative__t00,informative,1064506482,41000,0.9544592030360532,0.7526932084309134,0.8633776091081593,0.8633776091081593,0.4,0.4,-0.2017659946051397,0.1106844006772459,-0.0910815939278938,f1
watts_strogatz__ea84053df1__i00__informative__t00__p41001,watts_strogatz__ea84053df1__i00,watts_strogatz,watts_strogatz__ea84053df1,watts_strogatz__ea84053df1__i00__informative__t00,informative,1064506482,41001,0.9544592030360532,0.9555555555555556,0.9340357306459002,0.9340357306459002,0.55,0.55,0.0010963525195023,-0.0215198249096553,-0.0204234723901529,f1
watts_strogatz__ea84053df1__i00__informative__t01__p41000,watts_strogatz__ea84053df1__i00,watts_strogatz,watts_strogatz__ea84053df1,watts_strogatz__ea84053df1__i00__informative__t01,informative,229179818,41000,0.956442831215971,0.8383838383838383,0.9142857142857144,0.9142857142857144,0.4,0.4,-0.1180589928321326,0.075901875901876,-0.0421571169302565,f1
watts_strogatz__ea84053df1__i00__informative__t01__p41001,watts_strogatz__ea84053df1__i00,watts_strogatz,watts_strogatz__ea84053df1,watts_strogatz__ea84053df1__i00__informative__t01,informative,229179818,41001,0.9352226720647774,0.8900595510765003,0.9325526932084308,0.9325526932084308,0.25,0.25,-0.0451631209882771,0.0424931421319306,-0.0026699788563464,f1
watts_strogatz__ea84053df1__i00__noisy__t00__p41000,watts_strogatz__ea84053df1__i00,watts_strogatz,watts_strogatz__ea84053df1,watts_strogatz__ea84053df1__i00__noisy__t00,noisy,1639319030,41000,0.746031746031746,0.6444444444444444,0.7386569872958257,0.7386569872958257,0.55,0.55,-0.1015873015873016,0.0942125428513813,-0.0073747587359203,f1
watts_strogatz__ea84053df1__i00__noisy__t00__p41001,watts_strogatz__ea84053df1__i00,watts_strogatz,watts_strogatz__ea84053df1,watts_strogatz__ea84053df1__i00__noisy__t00,noisy,1639319030,41001,0.7777777777777778,0.5416666666666666,0.6812144212523719,0.6812144212523719,0.55,0.55,-0.2361111111111111,0.1395477545857052,-0.0965633565254059,f1
watts_strogatz__ea84053df1__i00__noisy__t01__p41000,watts_strogatz__ea84053df1__i00,watts_strogatz,watts_strogatz__ea84053df1,watts_strogatz__ea84053df1__i00__noisy__t01,noisy,351209372,41000,0.8666666666666667,0.7822141560798548,0.6998556998556998,0.6998556998556998,0.55,0.55,-0.0844525105868119,-0.0823584562241549,-0.1668109668109668,f1
watts_strogatz__ea84053df1__i00__noisy__t01__p41001,watts_strogatz__ea84053df1__i00,watts_strogatz,watts_strogatz__ea84053df1,watts_strogatz__ea84053df1__i00__noisy__t01,noisy,351209372,41001,0.7976580796252928,0.6329284750337382,0.6515426497277677,0.6515426497277677,0.25,0.25,-0.1647296045915546,0.0186141746940294,-0.1461154298975251,f1
watts_strogatz__ea84053df1__i00__partial__t00__p41000,watts_strogatz__ea84053df1__i00,watts_strogatz,watts_strogatz__ea84053df1,watts_strogatz__ea84053df1__i00__partial__t00,partial,513024746,41000,0.8666666666666667,0.7526932084309134,0.7624831309041835,0.7624831309041835,0.4,0.4,-0.1139734582357533,0.0097899224732701,-0.1041835357624831,f1
watts_strogatz__ea84053df1__i00__partial__t00__p41001,watts_strogatz__ea84053df1__i00,watts_strogatz,watts_strogatz__ea84053df1,watts_strogatz__ea84053df1__i00__partial__t00,partial,513024746,41001,0.8900595510765003,0.7192982456140351,0.7386569872958257,0.7386569872958257,0.1,0.1,-0.1707613054624651,0.0193587416817906,-0.1514025637806745,f1
watts_strogatz__ea84053df1__i00__partial__t01__p41000,watts_strogatz__ea84053df1__i00,watts_strogatz,watts_strogatz__ea84053df1,watts_strogatz__ea84053df1__i00__partial__t01,partial,1186382514,41000,0.9142857142857144,0.7141548327989007,0.7261956998683634,0.7261956998683634,0.55,0.55,-0.2001308814868136,0.0120408670694627,-0.1880900144173509,f1
watts_strogatz__ea84053df1__i00__partial__t01__p41001,watts_strogatz__ea84053df1__i00,watts_strogatz,watts_strogatz__ea84053df1,watts_strogatz__ea84053df1__i00__partial__t01,partial,1186382514,41001,0.8920377867746289,0.6121212121212121,0.746031746031746,0.746031746031746,0.25,0.25,-0.2799165746534168,0.1339105339105339,-0.1460060407428828,f1
watts_strogatz__ea84053df1__i01__informative__t00__p41000,watts_strogatz__ea84053df1__i01,watts_strogatz,watts_strogatz__ea84053df1,watts_strogatz__ea84053df1__i01__informative__t00,informative,1870870301,41000,0.8460833715071003,0.859375,0.8875878220140515,0.8875878220140515,0.55,0.55,0.0132916284928996,0.0282128220140515,0.0415044505069511,f1
watts_strogatz__ea84053df1__i01__informative__t00__p41001,watts_strogatz__ea84053df1__i01,watts_strogatz,watts_strogatz__ea84053df1,watts_strogatz__ea84053df1__i01__informative__t00,informative,1870870301,41001,0.8875878220140515,0.8666666666666667,0.8666666666666667,0.8666666666666667,0.55,0.55,-0.0209211553473848,0.0,-0.0209211553473848,f1
watts_strogatz__ea84053df1__i01__informative__t01__p41000,watts_strogatz__ea84053df1__i01,watts_strogatz,watts_strogatz__ea84053df1,watts_strogatz__ea84053df1__i01__informative__t01,informative,1393480239,41000,0.953125,0.9030303030303032,0.976911976911977,0.976911976911977,0.4,0.4,-0.0500946969696969,0.0738816738816738,0.0237869769119769,f1
watts_strogatz__ea84053df1__i01__informative__t01__p41001,watts_strogatz__ea84053df1__i01,watts_strogatz,watts_strogatz__ea84053df1,watts_strogatz__ea84053df1__i01__informative__t01,informative,1393480239,41001,0.8900595510765003,0.9555555555555556,0.9325526932084308,0.9325526932084308,0.1,0.1,0.0654960044790552,-0.0230028623471245,0.0424931421319306,f1
watts_strogatz__ea84053df1__i01__noisy__t00__p41000,watts_strogatz__ea84053df1__i01,watts_strogatz,watts_strogatz__ea84053df1,watts_strogatz__ea84053df1__i01__noisy__t00,noisy,1401470126,41000,0.8900595510765003,0.6356736242884251,0.765625,0.765625,0.25,0.25,-0.2543859267880751,0.1299513757115749,-0.1244345510765002,f1
watts_strogatz__ea84053df1__i01__noisy__t00__p41001,watts_strogatz__ea84053df1__i01,watts_strogatz,watts_strogatz__ea84053df1,watts_strogatz__ea84053df1__i01__noisy__t00,noisy,1401470126,41001,0.7777777777777778,0.6515426497277677,0.625,0.625,0.1,0.1,-0.1262351280500101,-0.0265426497277676,-0.1527777777777778,f1
watts_strogatz__ea84053df1__i01__noisy__t01__p41000,watts_strogatz__ea84053df1__i01,watts_strogatz,watts_strogatz__ea84053df1,watts_strogatz__ea84053df1__i01__noisy__t01,noisy,573275930,41000,0.8383838383838383,0.5613275613275613,0.6998556998556998,0.6998556998556998,0.4,0.4,-0.277056277056277,0.1385281385281385,-0.1385281385281385,f1
watts_strogatz__ea84053df1__i01__noisy__t01__p41001,watts_strogatz__ea84053df1__i01,watts_strogatz,watts_strogatz__ea84053df1,watts_strogatz__ea84053df1__i01__noisy__t01,noisy,573275930,41001,0.859375,0.7575757575757576,0.7581310123683005,0.7581310123683005,0.55,0.55,-0.1017992424242424,0.0005552547925429,-0.1012439876316995,f1
watts_strogatz__ea84053df1__i01__partial__t00__p41000,watts_strogatz__ea84053df1__i01,watts_strogatz,watts_strogatz__ea84053df1,watts_strogatz__ea84053df1__i01__partial__t00,partial,1090688484,41000,0.9111111111111112,0.8383838383838383,0.859375,0.859375,0.55,0.55,-0.0727272727272727,0.0209911616161616,-0.051736111111111,f1
watts_strogatz__ea84053df1__i01__partial__t00__p41001,watts_strogatz__ea84053df1__i01,watts_strogatz,watts_strogatz__ea84053df1,watts_strogatz__ea84053df1__i01__partial__t00,partial,1090688484,41001,0.859375,0.6974789915966386,0.8875878220140515,0.8875878220140515,0.55,0.55,-0.1618960084033613,0.1901088304174129,0.0282128220140515,f1
watts_strogatz__ea84053df1__i01__partial__t01__p41000,watts_strogatz__ea84053df1__i01,watts_strogatz,watts_strogatz__ea84053df1,watts_strogatz__ea84053df1__i01__partial__t01,partial,1186103684,41000,0.8875878220140515,0.7575757575757576,0.8383838383838383,0.8383838383838383,0.4,0.4,-0.1300120644382939,0.0808080808080807,-0.0492039836302131,f1
watts_strogatz__ea84053df1__i01__partial__t01__p41001,watts_strogatz__ea84053df1__i01,watts_strogatz,watts_strogatz__ea84053df1,watts_strogatz__ea84053df1__i01__partial__t01,partial,1186103684,41001,0.9030303030303032,0.6075036075036075,0.765625,0.765625,0.55,0.55,-0.2955266955266955,0.1581213924963924,-0.137405303030303,f1
watts_strogatz__ea84053df1__i02__informative__t00__p41000,watts_strogatz__ea84053df1__i02,watts_strogatz,watts_strogatz__ea84053df1,watts_strogatz__ea84053df1__i02__informative__t00,informative,687156797,41000,0.925887802367473,0.8764796706124549,0.8764796706124549,0.9030303030303032,0.0,0.1,-0.0494081317550181,0.0265506324178481,-0.0494081317550181,f1
watts_strogatz__ea84053df1__i02__informative__t00__p41001,watts_strogatz__ea84053df1__i02,watts_strogatz,watts_strogatz__ea84053df1,watts_strogatz__ea84053df1__i02__informative__t00,informative,687156797,41001,0.925887802367473,0.8808933002481389,0.8545454545454545,0.8545454545454545,0.1,0.1,-0.044994502119334,-0.0263478457026844,-0.0713423478220185,f1
watts_strogatz__ea84053df1__i02__informative__t01__p41000,watts_strogatz__ea84053df1__i02,watts_strogatz,watts_strogatz__ea84053df1,watts_strogatz__ea84053df1__i02__informative__t01,informative,1876600001,41000,0.90625,0.8545454545454545,0.8125,0.8125,0.25,0.25,-0.0517045454545455,-0.0420454545454545,-0.09375,f1
watts_strogatz__ea84053df1__i02__informative__t01__p41001,watts_strogatz__ea84053df1__i02,watts_strogatz,watts_strogatz__ea84053df1,watts_strogatz__ea84053df1__i02__informative__t01,informative,1876600001,41001,0.9515151515151516,0.8845598845598845,0.9285359801488834,0.9285359801488834,0.25,0.25,-0.0669552669552669,0.0439760955889988,-0.0229791713662681,f1
watts_strogatz__ea84053df1__i02__noisy__t00__p41000,watts_strogatz__ea84053df1__i02,watts_strogatz,watts_strogatz__ea84053df1,watts_strogatz__ea84053df1__i02__noisy__t00,noisy,813009899,41000,0.859375,0.6903225806451614,0.6903225806451614,0.7267552182163188,0.0,0.1,-0.1690524193548386,0.0364326375711574,-0.1690524193548386,f1
watts_strogatz__ea84053df1__i02__noisy__t00__p41001,watts_strogatz__ea84053df1__i02,watts_strogatz,watts_strogatz__ea84053df1,watts_strogatz__ea84053df1__i02__noisy__t00,noisy,813009899,41001,0.8808933002481389,0.7722960151802657,0.71875,0.71875,0.55,0.55,-0.1085972850678732,-0.0535460151802656,-0.1621433002481389,f1
watts_strogatz__ea84053df1__i02__noisy__t01__p41000,watts_strogatz__ea84053df1__i02,watts_strogatz,watts_strogatz__ea84053df1,watts_strogatz__ea84053df1__i02__noisy__t01,noisy,203218755,41000,0.8178368121442126,0.7077283372365339,0.8021071919377004,0.8021071919377004,0.55,0.55,-0.1101084749076786,0.0943788547011664,-0.0157296202065121,f1
watts_strogatz__ea84053df1__i02__noisy__t01__p41001,watts_strogatz__ea84053df1__i02,watts_strogatz,watts_strogatz__ea84053df1,watts_strogatz__ea84053df1__i02__noisy__t01,noisy,203218755,41001,0.9285359801488834,0.7025352112676057,0.7722960151802657,0.7722960151802657,0.25,0.25,-0.2260007688812777,0.06976080391266,-0.1562399649686177,f1
watts_strogatz__ea84053df1__i02__partial__t00__p41000,watts_strogatz__ea84053df1__i02,watts_strogatz,watts_strogatz__ea84053df1,watts_strogatz__ea84053df1__i02__partial__t00,partial,1672769756,41000,0.9515151515151516,0.7983193277310925,0.90625,0.90625,0.4,0.4,-0.153195823784059,0.1079306722689075,-0.0452651515151515,f1
watts_strogatz__ea84053df1__i02__partial__t00__p41001,watts_strogatz__ea84053df1__i02,watts_strogatz,watts_strogatz__ea84053df1,watts_strogatz__ea84053df1__i02__partial__t00,partial,1672769756,41001,0.8666666666666667,0.8222222222222222,0.8666666666666667,0.8666666666666667,0.4,0.4,-0.0444444444444445,0.0444444444444445,0.0,f1
watts_strogatz__ea84053df1__i02__partial__t01__p41000,watts_strogatz__ea84053df1__i02,watts_strogatz,watts_strogatz__ea84053df1,watts_strogatz__ea84053df1__i02__partial__t01,partial,914439326,41000,0.90625,0.9030303030303032,0.8545454545454545,0.8545454545454545,0.55,0.55,-0.0032196969696969,-0.0484848484848485,-0.0517045454545455,f1
watts_strogatz__ea84053df1__i02__partial__t01__p41001,watts_strogatz__ea84053df1__i02,watts_strogatz,watts_strogatz__ea84053df1,watts_strogatz__ea84053df1__i02__partial__t01,partial,914439326,41001,0.953125,0.7575757575757576,0.8125,0.8125,0.4,0.4,-0.1955492424242424,0.0549242424242424,-0.140625,f1
watts_strogatz__ea84053df1__i03__informative__t00__p41000,watts_strogatz__ea84053df1__i03,watts_strogatz,watts_strogatz__ea84053df1,watts_strogatz__ea84053df1__i03__informative__t00,informative,439311194,41000,0.8736842105263158,0.941031941031941,0.9085714285714286,0.9085714285714286,0.4,0.4,0.0673477305056251,-0.0324605124605124,0.0348872180451127,f1
watts_strogatz__ea84053df1__i03__informative__t00__p41001,watts_strogatz__ea84053df1__i03,watts_strogatz,watts_strogatz__ea84053df1,watts_strogatz__ea84053df1__i03__informative__t00,informative,439311194,41001,0.9729577464788732,0.9142346634901728,0.9472527472527472,0.9472527472527472,0.55,0.55,-0.0587230829887005,0.0330180837625745,-0.025704999226126,f1
watts_strogatz__ea84053df1__i03__informative__t01__p41000,watts_strogatz__ea84053df1__i03,watts_strogatz,watts_strogatz__ea84053df1,watts_strogatz__ea84053df1__i03__informative__t01,informative,1084904553,41000,1.0,0.8647887323943662,0.8736842105263158,0.8736842105263158,0.55,0.55,-0.1352112676056338,0.0088954781319496,-0.1263157894736841,f1
watts_strogatz__ea84053df1__i03__informative__t01__p41001,watts_strogatz__ea84053df1__i03,watts_strogatz,watts_strogatz__ea84053df1,watts_strogatz__ea84053df1__i03__informative__t01,informative,1084904553,41001,0.941031941031941,0.941031941031941,0.9714115544967242,0.9714115544967242,0.55,0.55,0.0,0.0303796134647832,0.0303796134647832,f1
watts_strogatz__ea84053df1__i03__noisy__t00__p41000,watts_strogatz__ea84053df1__i03,watts_strogatz,watts_strogatz__ea84053df1,watts_strogatz__ea84053df1__i03__noisy__t00,noisy,1223422359,41000,0.9085714285714286,0.8417582417582418,0.9444444444444444,0.9444444444444444,0.4,0.4,-0.0668131868131868,0.1026862026862026,0.0358730158730158,f1
watts_strogatz__ea84053df1__i03__noisy__t00__p41001,watts_strogatz__ea84053df1__i03,watts_strogatz,watts_strogatz__ea84053df1,watts_strogatz__ea84053df1__i03__noisy__t00,noisy,1223422359,41001,0.8736842105263158,0.7222222222222223,0.7983193277310925,0.7983193277310925,0.4,0.4,-0.1514619883040935,0.0760971055088701,-0.0753648827952233,f1
watts_strogatz__ea84053df1__i03__noisy__t01__p41000,watts_strogatz__ea84053df1__i03,watts_strogatz,watts_strogatz__ea84053df1,watts_strogatz__ea84053df1__i03__noisy__t01,noisy,2053220380,41000,0.8820638820638821,0.7427039904705182,0.7427039904705182,0.7222222222222223,0.0,0.1,-0.1393598915933639,-0.0204817682482958,-0.1393598915933639,f1
watts_strogatz__ea84053df1__i03__noisy__t01__p41001,watts_strogatz__ea84053df1__i03,watts_strogatz,watts_strogatz__ea84053df1,watts_strogatz__ea84053df1__i03__noisy__t01,noisy,2053220380,41001,0.8736842105263158,0.7051597051597052,0.8820638820638821,0.8820638820638821,0.55,0.55,-0.1685245053666106,0.1769041769041769,0.0083796715375662,f1
watts_strogatz__ea84053df1__i03__partial__t00__p41000,watts_strogatz__ea84053df1__i03,watts_strogatz,watts_strogatz__ea84053df1,watts_strogatz__ea84053df1__i03__partial__t00,partial,1372278686,41000,0.8736842105263158,0.8333333333333333,0.8820638820638821,0.8820638820638821,0.4,0.4,-0.0403508771929825,0.0487305487305488,0.0083796715375662,f1
watts_strogatz__ea84053df1__i03__partial__t00__p41001,watts_strogatz__ea84053df1__i03,watts_strogatz,watts_strogatz__ea84053df1,watts_strogatz__ea84053df1__i03__partial__t00,partial,1372278686,41001,0.9085714285714286,0.9142346634901728,0.9142346634901728,0.8820638820638821,0.0,0.1,0.005663234918744,-0.0321707814262905,0.005663234918744,f1
watts_strogatz__ea84053df1__i03__partial__t01__p41000,watts_strogatz__ea84053df1__i03,watts_strogatz,watts_strogatz__ea84053df1,watts_strogatz__ea84053df1__i03__partial__t01,partial,1148832832,41000,0.8736842105263158,0.7047163362952836,0.7,0.7,0.25,0.25,-0.1689678742310322,-0.0047163362952836,-0.1736842105263158,f1
watts_strogatz__ea84053df1__i03__partial__t01__p41001,watts_strogatz__ea84053df1__i03,watts_strogatz,watts_strogatz__ea84053df1,watts_strogatz__ea84053df1__i03__partial__t01,partial,1148832832,41001,0.941031941031941,0.9142346634901728,0.9142346634901728,0.9142346634901728,0.1,0.1,-0.0267972775417683,0.0,-0.0267972775417683,f1
watts_strogatz__ea84053df1__i04__informative__t00__p41000,watts_strogatz__ea84053df1__i04,watts_strogatz,watts_strogatz__ea84053df1,watts_strogatz__ea84053df1__i04__informative__t00,informative,751247414,41000,0.9307359307359306,0.629439011837365,0.7722960151802657,0.7722960151802657,0.25,0.25,-0.3012969188985657,0.1428570033429007,-0.1584399155556649,f1
watts_strogatz__ea84053df1__i04__informative__t00__p41001,watts_strogatz__ea84053df1__i04,watts_strogatz,watts_strogatz__ea84053df1,watts_strogatz__ea84053df1__i04__informative__t00,informative,751247414,41001,0.8196457326892109,0.8332506203473946,0.8845598845598845,0.8845598845598845,0.25,0.25,0.0136048876581836,0.0513092642124899,0.0649141518706736,f1
watts_strogatz__ea84053df1__i04__informative__t01__p41000,watts_strogatz__ea84053df1__i04,watts_strogatz,watts_strogatz__ea84053df1,watts_strogatz__ea84053df1__i04__informative__t01,informative,1788832793,41000,0.976911976911977,0.8808933002481389,0.9325526932084308,0.9325526932084308,0.55,0.55,-0.096018676663838,0.0516593929602919,-0.044359283703546,f1
watts_strogatz__ea84053df1__i04__informative__t01__p41001,watts_strogatz__ea84053df1__i04,watts_strogatz,watts_strogatz__ea84053df1,watts_strogatz__ea84053df1__i04__informative__t01,informative,1788832793,41001,0.9030303030303032,0.8845598845598845,0.9307359307359306,0.9307359307359306,0.4,0.4,-0.0184704184704185,0.046176046176046,0.0277056277056275,f1
watts_strogatz__ea84053df1__i04__noisy__t00__p41000,watts_strogatz__ea84053df1__i04,watts_strogatz,watts_strogatz__ea84053df1,watts_strogatz__ea84053df1__i04__noisy__t00,noisy,402648792,41000,0.8178368121442126,0.7267552182163188,0.7575757575757576,0.7575757575757576,0.55,0.55,-0.0910815939278937,0.0308205393594387,-0.0602610545684549,f1
watts_strogatz__ea84053df1__i04__noisy__t00__p41001,watts_strogatz__ea84053df1__i04,watts_strogatz,watts_strogatz__ea84053df1,watts_strogatz__ea84053df1__i04__noisy__t00,noisy,402648792,41001,0.7856079404466502,0.6903225806451614,0.7267552182163188,0.7267552182163188,0.25,0.25,-0.0952853598014887,0.0364326375711574,-0.0588527222303313,f1
watts_strogatz__ea84053df1__i04__noisy__t01__p41000,watts_strogatz__ea84053df1__i04,watts_strogatz,watts_strogatz__ea84053df1,watts_strogatz__ea84053df1__i04__noisy__t01,noisy,140892873,41000,0.8460833715071003,0.6701786532295007,0.6888888888888889,0.6888888888888889,0.4,0.4,-0.1759047182775996,0.0187102356593882,-0.1571944826182114,f1
watts_strogatz__ea84053df1__i04__noisy__t01__p41001,watts_strogatz__ea84053df1__i04,watts_strogatz,watts_strogatz__ea84053df1,watts_strogatz__ea84053df1__i04__noisy__t01,noisy,140892873,41001,0.7856079404466502,0.5151515151515151,0.6356736242884251,0.6356736242884251,0.55,0.55,-0.270456425295135,0.1205221091369099,-0.149934316158225,f1
watts_strogatz__ea84053df1__i04__partial__t00__p41000,watts_strogatz__ea84053df1__i04,watts_strogatz,watts_strogatz__ea84053df1,watts_strogatz__ea84053df1__i04__partial__t00,partial,1413294432,41000,0.9111111111111112,0.827071538857437,0.765625,0.765625,0.55,0.55,-0.084039572253674,-0.061446538857437,-0.1454861111111111,f1
watts_strogatz__ea84053df1__i04__partial__t00__p41001,watts_strogatz__ea84053df1__i04,watts_strogatz,watts_strogatz__ea84053df1,watts_strogatz__ea84053df1__i04__partial__t00,partial,1413294432,41001,0.8487394957983193,0.765625,0.8426229508196721,0.8426229508196721,0.4,0.4,-0.0831144957983193,0.076997950819672,-0.0061165449786472,f1
watts_strogatz__ea84053df1__i04__partial__t01__p41000,watts_strogatz__ea84053df1__i04,watts_strogatz,watts_strogatz__ea84053df1,watts_strogatz__ea84053df1__i04__partial__t01,partial,1267482068,41000,0.9285359801488834,0.7362637362637363,0.7362637362637363,0.7362637362637363,0.1,0.1,-0.192272243885147,0.0,-0.192272243885147,f1
watts_strogatz__ea84053df1__i04__partial__t01__p41001,watts_strogatz__ea84053df1__i04,watts_strogatz,watts_strogatz__ea84053df1,watts_strogatz__ea84053df1__i04__partial__t01,partial,1267482068,41001,0.8764796706124549,0.827071538857437,0.8383838383838383,0.8383838383838383,0.55,0.55,-0.0494081317550179,0.0113122995264013,-0.0380958322286165,f1
watts_strogatz__fbe838d1ca__i00__informative__t00__p41000,watts_strogatz__fbe838d1ca__i00,watts_strogatz,watts_strogatz__fbe838d1ca,watts_strogatz__fbe838d1ca__i00__informative__t00,informative,1904880644,41000,1.0,0.9229534510433386,0.9229534510433386,1.0,0.0,0.1,-0.0770465489566614,0.0770465489566614,-0.0770465489566614,f1
watts_strogatz__fbe838d1ca__i00__informative__t00__p41001,watts_strogatz__fbe838d1ca__i00,watts_strogatz,watts_strogatz__fbe838d1ca,watts_strogatz__fbe838d1ca__i00__informative__t00,informative,1904880644,41001,0.7391304347826086,0.7391304347826086,0.7391304347826086,0.8945054945054945,0.0,0.1,0.0,0.1553750597228859,0.0,f1
watts_strogatz__fbe838d1ca__i00__informative__t01__p41000,watts_strogatz__fbe838d1ca__i00,watts_strogatz,watts_strogatz__fbe838d1ca,watts_strogatz__fbe838d1ca__i00__informative__t01,informative,1923073150,41000,1.0,0.8945054945054945,0.8945054945054945,0.8945054945054945,0.0,0.1,-0.1054945054945054,0.0,-0.1054945054945054,f1
watts_strogatz__fbe838d1ca__i00__informative__t01__p41001,watts_strogatz__fbe838d1ca__i00,watts_strogatz,watts_strogatz__fbe838d1ca,watts_strogatz__fbe838d1ca__i00__informative__t01,informative,1923073150,41001,0.8945054945054945,0.8222222222222222,0.8222222222222222,0.7391304347826086,0.0,0.1,-0.0722832722832723,-0.0830917874396135,-0.0722832722832723,f1
watts_strogatz__fbe838d1ca__i00__noisy__t00__p41000,watts_strogatz__fbe838d1ca__i00,watts_strogatz,watts_strogatz__fbe838d1ca,watts_strogatz__fbe838d1ca__i00__noisy__t00,noisy,900483050,41000,1.0,0.8945054945054945,0.8945054945054945,0.8945054945054945,0.0,0.1,-0.1054945054945054,0.0,-0.1054945054945054,f1
watts_strogatz__fbe838d1ca__i00__noisy__t00__p41001,watts_strogatz__fbe838d1ca__i00,watts_strogatz,watts_strogatz__fbe838d1ca,watts_strogatz__fbe838d1ca__i00__noisy__t00,noisy,900483050,41001,0.8945054945054945,0.7391304347826086,0.7391304347826086,0.6835164835164835,0.0,0.1,-0.1553750597228859,-0.0556139512661251,-0.1553750597228859,f1
watts_strogatz__fbe838d1ca__i00__noisy__t01__p41000,watts_strogatz__fbe838d1ca__i00,watts_strogatz,watts_strogatz__fbe838d1ca,watts_strogatz__fbe838d1ca__i00__noisy__t01,noisy,1341215583,41000,1.0,0.7391304347826086,0.7391304347826086,0.8945054945054945,0.0,0.1,-0.2608695652173913,0.1553750597228859,-0.2608695652173913,f1
watts_strogatz__fbe838d1ca__i00__noisy__t01__p41001,watts_strogatz__fbe838d1ca__i00,watts_strogatz,watts_strogatz__fbe838d1ca,watts_strogatz__fbe838d1ca__i00__noisy__t01,noisy,1341215583,41001,0.7391304347826086,0.6835164835164835,0.6835164835164835,0.6835164835164835,0.0,0.1,-0.0556139512661251,0.0,-0.0556139512661251,f1
watts_strogatz__fbe838d1ca__i00__partial__t00__p41000,watts_strogatz__fbe838d1ca__i00,watts_strogatz,watts_strogatz__fbe838d1ca,watts_strogatz__fbe838d1ca__i00__partial__t00,partial,329754442,41000,1.0,1.0,1.0,1.0,0.4,0.4,0.0,0.0,0.0,f1
watts_strogatz__fbe838d1ca__i00__partial__t00__p41001,watts_strogatz__fbe838d1ca__i00,watts_strogatz,watts_strogatz__fbe838d1ca,watts_strogatz__fbe838d1ca__i00__partial__t00,partial,329754442,41001,0.7391304347826086,0.8222222222222222,0.8222222222222222,0.8222222222222222,0.1,0.1,0.0830917874396135,0.0,0.0830917874396135,f1
watts_strogatz__fbe838d1ca__i00__partial__t01__p41000,watts_strogatz__fbe838d1ca__i00,watts_strogatz,watts_strogatz__fbe838d1ca,watts_strogatz__fbe838d1ca__i00__partial__t01,partial,36184873,41000,1.0,0.8636363636363636,1.0,1.0,0.25,0.25,-0.1363636363636363,0.1363636363636363,0.0,f1
watts_strogatz__fbe838d1ca__i00__partial__t01__p41001,watts_strogatz__fbe838d1ca__i00,watts_strogatz,watts_strogatz__fbe838d1ca,watts_strogatz__fbe838d1ca__i00__partial__t01,partial,36184873,41001,0.8945054945054945,0.4838709677419355,0.4838709677419355,0.4838709677419355,0.0,0.1,-0.410634526763559,0.0,-0.410634526763559,f1
watts_strogatz__fbe838d1ca__i01__informative__t00__p41000,watts_strogatz__fbe838d1ca__i01,watts_strogatz,watts_strogatz__fbe838d1ca,watts_strogatz__fbe838d1ca__i01__informative__t00,informative,1597989335,41000,1.0,0.9791576204950064,0.9791576204950064,0.9791576204950064,0.0,0.1,-0.0208423795049934,0.0,-0.0208423795049934,f1
watts_strogatz__fbe838d1ca__i01__informative__t00__p41001,watts_strogatz__fbe838d1ca__i01,watts_strogatz,watts_strogatz__fbe838d1ca,watts_strogatz__fbe838d1ca__i01__informative__t00,informative,1597989335,41001,0.9374728614850196,0.9791576204950064,0.9791576204950064,0.9791576204950064,0.25,0.25,0.0416847590099869,0.0,0.0416847590099869,f1
watts_strogatz__fbe838d1ca__i01__informative__t01__p41000,watts_strogatz__fbe838d1ca__i01,watts_strogatz,watts_strogatz__fbe838d1ca,watts_strogatz__fbe838d1ca__i01__informative__t01,informative,140385484,41000,0.9582608695652174,0.9791576204950064,0.9374728614850196,0.9374728614850196,0.25,0.25,0.0208967509297891,-0.0416847590099869,-0.0207880080801977,f1
watts_strogatz__fbe838d1ca__i01__informative__t01__p41001,watts_strogatz__fbe838d1ca__i01,watts_strogatz,watts_strogatz__fbe838d1ca,watts_strogatz__fbe838d1ca__i01__informative__t01,informative,140385484,41001,0.9374728614850196,0.9374728614850196,0.9374728614850196,0.9374728614850196,0.25,0.25,0.0,0.0,0.0,f1
watts_strogatz__fbe838d1ca__i01__noisy__t00__p41000,watts_strogatz__fbe838d1ca__i01,watts_strogatz,watts_strogatz__fbe838d1ca,watts_strogatz__fbe838d1ca__i01__noisy__t00,noisy,799604629,41000,0.9583333333333334,0.7916666666666666,0.8747826086956522,0.8747826086956522,0.55,0.55,-0.1666666666666667,0.0831159420289855,-0.0835507246376812,f1
watts_strogatz__fbe838d1ca__i01__noisy__t00__p41001,watts_strogatz__fbe838d1ca__i01,watts_strogatz,watts_strogatz__fbe838d1ca,watts_strogatz__fbe838d1ca__i01__noisy__t00,noisy,799604629,41001,0.8957881024750325,0.791304347826087,0.8957881024750325,0.8957881024750325,0.55,0.55,-0.1044837546489454,0.1044837546489454,0.0,f1
watts_strogatz__fbe838d1ca__i01__noisy__t01__p41000,watts_strogatz__fbe838d1ca__i01,watts_strogatz,watts_strogatz__fbe838d1ca,watts_strogatz__fbe838d1ca__i01__noisy__t01,noisy,1029210427,41000,0.9374728614850196,0.7290490664350847,0.8124185844550587,0.8124185844550587,0.4,0.4,-0.2084237950499349,0.0833695180199739,-0.1250542770299609,f1
watts_strogatz__fbe838d1ca__i01__noisy__t01__p41001,watts_strogatz__fbe838d1ca__i01,watts_strogatz,watts_strogatz__fbe838d1ca,watts_strogatz__fbe838d1ca__i01__noisy__t01,noisy,1029210427,41001,0.9583333333333334,0.8535947712418301,0.8525669153137341,0.8525669153137341,0.4,0.4,-0.1047385620915032,-0.001027855928096,-0.1057664180195993,f1
watts_strogatz__fbe838d1ca__i01__partial__t00__p41000,watts_strogatz__fbe838d1ca__i01,watts_strogatz,watts_strogatz__fbe838d1ca,watts_strogatz__fbe838d1ca__i01__partial__t00,partial,291896550,41000,0.9582608695652174,0.916083916083916,0.916083916083916,0.916083916083916,0.55,0.55,-0.0421769534813013,0.0,-0.0421769534813013,f1
watts_strogatz__fbe838d1ca__i01__partial__t00__p41001,watts_strogatz__fbe838d1ca__i01,watts_strogatz,watts_strogatz__fbe838d1ca,watts_strogatz__fbe838d1ca__i01__partial__t00,partial,291896550,41001,0.9374728614850196,0.8541033434650456,0.9166666666666666,0.9166666666666666,0.55,0.55,-0.083369518019974,0.062563323201621,-0.0208061948183529,f1
watts_strogatz__fbe838d1ca__i01__partial__t01__p41000,watts_strogatz__fbe838d1ca__i01,watts_strogatz,watts_strogatz__fbe838d1ca,watts_strogatz__fbe838d1ca__i01__partial__t01,partial,1804143382,41000,0.9166666666666666,0.8117647058823529,0.9166666666666666,0.9166666666666666,0.55,0.55,-0.1049019607843136,0.1049019607843136,0.0,f1
watts_strogatz__fbe838d1ca__i01__partial__t01__p41001,watts_strogatz__fbe838d1ca__i01,watts_strogatz,watts_strogatz__fbe838d1ca,watts_strogatz__fbe838d1ca__i01__partial__t01,partial,1804143382,41001,0.9165217391304348,0.8330434782608696,0.875,0.875,0.4,0.4,-0.0834782608695652,0.0419565217391304,-0.0415217391304347,f1
watts_strogatz__fbe838d1ca__i02__informative__t00__p41000,watts_strogatz__fbe838d1ca__i02,watts_strogatz,watts_strogatz__fbe838d1ca,watts_strogatz__fbe838d1ca__i02__informative__t00,informative,1222947877,41000,1.0,0.9386973180076628,0.9386973180076628,0.9386973180076628,0.0,0.1,-0.0613026819923372,0.0,-0.0613026819923372,f1
watts_strogatz__fbe838d1ca__i02__informative__t00__p41001,watts_strogatz__fbe838d1ca__i02,watts_strogatz,watts_strogatz__fbe838d1ca,watts_strogatz__fbe838d1ca__i02__informative__t00,informative,1222947877,41001,1.0,1.0,1.0,1.0,0.0,0.1,0.0,0.0,0.0,f1
watts_strogatz__fbe838d1ca__i02__informative__t01__p41000,watts_strogatz__fbe838d1ca__i02,watts_strogatz,watts_strogatz__fbe838d1ca,watts_strogatz__fbe838d1ca__i02__informative__t01,informative,587502079,41000,0.9386973180076628,1.0,1.0,1.0,0.0,0.1,0.0613026819923372,0.0,0.0613026819923372,f1
watts_strogatz__fbe838d1ca__i02__informative__t01__p41001,watts_strogatz__fbe838d1ca__i02,watts_strogatz,watts_strogatz__fbe838d1ca,watts_strogatz__fbe838d1ca__i02__informative__t01,informative,587502079,41001,1.0,0.8636363636363636,0.9386973180076628,0.9386973180076628,0.4,0.4,-0.1363636363636363,0.0750609543712991,-0.0613026819923372,f1
watts_strogatz__fbe838d1ca__i02__noisy__t00__p41000,watts_strogatz__fbe838d1ca__i02,watts_strogatz,watts_strogatz__fbe838d1ca,watts_strogatz__fbe838d1ca__i02__noisy__t00,noisy,707501776,41000,1.0,0.8636363636363636,0.8160919540229885,0.8160919540229885,0.1,0.1,-0.1363636363636363,-0.0475444096133751,-0.1839080459770115,f1
watts_strogatz__fbe838d1ca__i02__noisy__t00__p41001,watts_strogatz__fbe838d1ca__i02,watts_strogatz,watts_strogatz__fbe838d1ca,watts_strogatz__fbe838d1ca__i02__noisy__t00,noisy,707501776,41001,1.0,0.7767441860465116,0.7767441860465116,0.7767441860465116,0.0,0.1,-0.2232558139534883,0.0,-0.2232558139534883,f1
watts_strogatz__fbe838d1ca__i02__noisy__t01__p41000,watts_strogatz__fbe838d1ca__i02,watts_strogatz,watts_strogatz__fbe838d1ca,watts_strogatz__fbe838d1ca__i02__noisy__t01,noisy,803587490,41000,0.9386973180076628,0.8883720930232558,1.0,1.0,0.25,0.25,-0.0503252249844069,0.1116279069767441,0.0613026819923372,f1
watts_strogatz__fbe838d1ca__i02__noisy__t01__p41001,watts_strogatz__fbe838d1ca__i02,watts_strogatz,watts_strogatz__fbe838d1ca,watts_strogatz__fbe838d1ca__i02__noisy__t01,noisy,803587490,41001,1.0,0.8883720930232558,0.8883720930232558,0.9386973180076628,0.0,0.25,-0.1116279069767441,0.0503252249844069,-0.1116279069767441,f1
watts_strogatz__fbe838d1ca__i02__partial__t00__p41000,watts_strogatz__fbe838d1ca__i02,watts_strogatz,watts_strogatz__fbe838d1ca,watts_strogatz__fbe838d1ca__i02__partial__t00,partial,728411163,41000,1.0,0.9386973180076628,0.9386973180076628,0.8883720930232558,0.0,0.1,-0.0613026819923372,-0.0503252249844069,-0.0613026819923372,f1
watts_strogatz__fbe838d1ca__i02__partial__t00__p41001,watts_strogatz__fbe838d1ca__i02,watts_strogatz,watts_strogatz__fbe838d1ca,watts_strogatz__fbe838d1ca__i02__partial__t00,partial,728411163,41001,0.9386973180076628,0.768860353130016,0.9386973180076628,0.9386973180076628,0.25,0.25,-0.1698369648776467,0.1698369648776467,0.0,f1
watts_strogatz__fbe838d1ca__i02__partial__t01__p41000,watts_strogatz__fbe838d1ca__i02,watts_strogatz,watts_strogatz__fbe838d1ca,watts_strogatz__fbe838d1ca__i02__partial__t01,partial,301124573,41000,1.0,0.9386973180076628,0.9386973180076628,0.9386973180076628,0.1,0.1,-0.0613026819923372,0.0,-0.0613026819923372,f1
watts_strogatz__fbe838d1ca__i02__partial__t01__p41001,watts_strogatz__fbe838d1ca__i02,watts_strogatz,watts_strogatz__fbe838d1ca,watts_strogatz__fbe838d1ca__i02__partial__t01,partial,301124573,41001,1.0,0.9386973180076628,1.0,1.0,0.55,0.55,-0.0613026819923372,0.0613026819923372,0.0,f1
watts_strogatz__fbe838d1ca__i03__informative__t00__p41000,watts_strogatz__fbe838d1ca__i03,watts_strogatz,watts_strogatz__fbe838d1ca,watts_strogatz__fbe838d1ca__i03__informative__t00,informative,325164372,41000,0.9515151515151516,0.925887802367473,0.925887802367473,0.925887802367473,0.0,0.1,-0.0256273491476785,0.0,-0.0256273491476785,f1
watts_strogatz__fbe838d1ca__i03__informative__t00__p41001,watts_strogatz__fbe838d1ca__i03,watts_strogatz,watts_strogatz__fbe838d1ca,watts_strogatz__fbe838d1ca__i03__informative__t00,informative,325164372,41001,0.9752959341224908,0.9752959341224908,0.9752959341224908,0.9495798319327732,0.0,0.1,0.0,-0.0257161021897178,0.0,f1
watts_strogatz__fbe838d1ca__i03__informative__t01__p41000,watts_strogatz__fbe838d1ca__i03,watts_strogatz,watts_strogatz__fbe838d1ca,watts_strogatz__fbe838d1ca__i03__informative__t01,informative,1696532397,41000,0.9752959341224908,0.9495798319327732,1.0,1.0,0.55,0.55,-0.0257161021897178,0.0504201680672269,0.024704065877509,f1
watts_strogatz__fbe838d1ca__i03__informative__t01__p41001,watts_strogatz__fbe838d1ca__i03,watts_strogatz,watts_strogatz__fbe838d1ca,watts_strogatz__fbe838d1ca__i03__informative__t01,informative,1696532397,41001,0.9495798319327732,0.9495798319327732,0.9495798319327732,0.9227053140096618,0.0,0.1,0.0,-0.0268745179231112,0.0,f1
watts_strogatz__fbe838d1ca__i03__noisy__t00__p41000,watts_strogatz__fbe838d1ca__i03,watts_strogatz,watts_strogatz__fbe838d1ca,watts_strogatz__fbe838d1ca__i03__noisy__t00,noisy,1366736736,41000,0.9030303030303032,0.7362637362637363,0.7983193277310925,0.7983193277310925,0.4,0.4,-0.1667665667665667,0.0620555914673561,-0.1047109752992105,f1
watts_strogatz__fbe838d1ca__i03__noisy__t00__p41001,watts_strogatz__fbe838d1ca__i03,watts_strogatz,watts_strogatz__fbe838d1ca,watts_strogatz__fbe838d1ca__i03__noisy__t00,noisy,1366736736,41001,0.9285359801488834,0.728255275347401,0.8808933002481389,0.8808933002481389,0.55,0.55,-0.2002807048014824,0.1526380249007379,-0.0476426799007444,f1
watts_strogatz__fbe838d1ca__i03__noisy__t01__p41000,watts_strogatz__fbe838d1ca__i03,watts_strogatz,watts_strogatz__fbe838d1ca,watts_strogatz__fbe838d1ca__i03__noisy__t01,noisy,395890588,41000,0.9515151515151516,0.8633776091081593,0.8845598845598845,0.8845598845598845,0.55,0.55,-0.0881375424069922,0.0211822754517252,-0.0669552669552669,f1
watts_strogatz__fbe838d1ca__i03__noisy__t01__p41001,watts_strogatz__fbe838d1ca__i03,watts_strogatz,watts_strogatz__fbe838d1ca,watts_strogatz__fbe838d1ca__i03__noisy__t01,noisy,395890588,41001,0.925887802367473,0.925887802367473,0.953125,0.953125,0.55,0.55,0.0,0.0272371976325269,0.0272371976325269,f1
watts_strogatz__fbe838d1ca__i03__partial__t00__p41000,watts_strogatz__fbe838d1ca__i03,watts_strogatz,watts_strogatz__fbe838d1ca,watts_strogatz__fbe838d1ca__i03__partial__t00,partial,131089354,41000,0.8991596638655461,0.9030303030303032,0.8808933002481389,0.8808933002481389,0.1,0.1,0.0038706391647569,-0.0221370027821641,-0.0182663636174071,f1
watts_strogatz__fbe838d1ca__i03__partial__t00__p41001,watts_strogatz__fbe838d1ca__i03,watts_strogatz,watts_strogatz__fbe838d1ca,watts_strogatz__fbe838d1ca__i03__partial__t00,partial,131089354,41001,0.8991596638655461,0.8332506203473946,0.90625,0.90625,0.55,0.55,-0.0659090435181515,0.0729993796526053,0.0070903361344538,f1
watts_strogatz__fbe838d1ca__i03__partial__t01__p41000,watts_strogatz__fbe838d1ca__i03,watts_strogatz,watts_strogatz__fbe838d1ca,watts_strogatz__fbe838d1ca__i03__partial__t01,partial,1143075363,41000,0.9495798319327732,0.8711755233494364,0.925887802367473,0.925887802367473,0.55,0.55,-0.0784043085833366,0.0547122790180366,-0.0236920295653,f1
watts_strogatz__fbe838d1ca__i03__partial__t01__p41001,watts_strogatz__fbe838d1ca__i03,watts_strogatz,watts_strogatz__fbe838d1ca,watts_strogatz__fbe838d1ca__i03__partial__t01,partial,1143075363,41001,0.9495798319327732,0.8945054945054944,0.9515151515151516,0.9515151515151516,0.55,0.55,-0.0550743374272786,0.0570096570096571,0.0019353195823784,f1
watts_strogatz__fbe838d1ca__i04__informative__t00__p41000,watts_strogatz__fbe838d1ca__i04,watts_strogatz,watts_strogatz__fbe838d1ca,watts_strogatz__fbe838d1ca__i04__informative__t00,informative,902004857,41000,0.9780119102153,0.9555555555555556,0.9780119102153,0.9780119102153,0.1,0.1,-0.0224563546597446,0.0224563546597446,0.0,f1
watts_strogatz__fbe838d1ca__i04__informative__t00__p41001,watts_strogatz__fbe838d1ca__i04,watts_strogatz,watts_strogatz__fbe838d1ca,watts_strogatz__fbe838d1ca__i04__informative__t00,informative,902004857,41001,0.8875878220140515,0.9555555555555556,0.9555555555555556,0.9555555555555556,0.25,0.25,0.0679677335415039,0.0,0.0679677335415039,f1
watts_strogatz__fbe838d1ca__i04__informative__t01__p41000,watts_strogatz__fbe838d1ca__i04,watts_strogatz,watts_strogatz__fbe838d1ca,watts_strogatz__fbe838d1ca__i04__informative__t01,informative,619386682,41000,0.9780119102153,0.9325526932084308,0.956442831215971,0.956442831215971,0.25,0.25,-0.0454592170068691,0.02389013800754,-0.0215690789993291,f1
watts_strogatz__fbe838d1ca__i04__informative__t01__p41001,watts_strogatz__fbe838d1ca__i04,watts_strogatz,watts_strogatz__fbe838d1ca,watts_strogatz__fbe838d1ca__i04__informative__t01,informative,619386682,41001,0.9555555555555556,0.9325526932084308,0.9352226720647774,0.9352226720647774,0.4,0.4,-0.0230028623471245,0.0026699788563464,-0.0203328834907781,f1
watts_strogatz__fbe838d1ca__i04__noisy__t00__p41000,watts_strogatz__fbe838d1ca__i04,watts_strogatz,watts_strogatz__fbe838d1ca,watts_strogatz__fbe838d1ca__i04__noisy__t00,noisy,1501032198,41000,0.9325526932084308,0.7976580796252928,0.9089184060721064,0.9089184060721064,0.55,0.55,-0.1348946135831381,0.1112603264468135,-0.0236342871363246,f1
watts_strogatz__fbe838d1ca__i04__noisy__t00__p41001,watts_strogatz__fbe838d1ca__i04,watts_strogatz,watts_strogatz__fbe838d1ca,watts_strogatz__fbe838d1ca__i04__noisy__t00,noisy,1501032198,41001,0.912885662431942,0.7090909090909091,0.912885662431942,0.912885662431942,0.55,0.55,-0.2037947533410328,0.2037947533410328,0.0,f1
watts_strogatz__fbe838d1ca__i04__noisy__t01__p41000,watts_strogatz__fbe838d1ca__i04,watts_strogatz,watts_strogatz__fbe838d1ca,watts_strogatz__fbe838d1ca__i04__noisy__t01,noisy,718494120,41000,0.9780119102153,0.7777777777777778,0.7857142857142857,0.7857142857142857,0.1,0.1,-0.2002341324375223,0.0079365079365079,-0.1922976245010144,f1
watts_strogatz__fbe838d1ca__i04__noisy__t01__p41001,watts_strogatz__fbe838d1ca__i04,watts_strogatz,watts_strogatz__fbe838d1ca,watts_strogatz__fbe838d1ca__i04__noisy__t01,noisy,718494120,41001,0.9555555555555556,0.8900595510765003,0.8900595510765003,0.8900595510765003,0.55,0.55,-0.0654960044790552,0.0,-0.0654960044790552,f1
watts_strogatz__fbe838d1ca__i04__partial__t00__p41000,watts_strogatz__fbe838d1ca__i04,watts_strogatz,watts_strogatz__fbe838d1ca,watts_strogatz__fbe838d1ca__i04__partial__t00,partial,99652282,41000,0.9784075573549258,0.8633776091081593,0.9361419068736142,0.9361419068736142,0.4,0.4,-0.1150299482467664,0.0727642977654549,-0.0422656504813115,f1
watts_strogatz__fbe838d1ca__i04__partial__t00__p41001,watts_strogatz__fbe838d1ca__i04,watts_strogatz,watts_strogatz__fbe838d1ca,watts_strogatz__fbe838d1ca__i04__partial__t00,partial,99652282,41001,0.9089184060721064,0.8178368121442126,0.9089184060721064,0.9089184060721064,0.55,0.55,-0.0910815939278937,0.0910815939278937,0.0,f1
watts_strogatz__fbe838d1ca__i04__partial__t01__p41000,watts_strogatz__fbe838d1ca__i04,watts_strogatz,watts_strogatz__fbe838d1ca,watts_strogatz__fbe838d1ca__i04__partial__t01,partial,840964612,41000,0.956442831215971,0.8285714285714285,0.912885662431942,0.912885662431942,0.4,0.4,-0.1278714026445424,0.0843142338605134,-0.043557168784029,f1
watts_strogatz__fbe838d1ca__i04__partial__t01__p41001,watts_strogatz__fbe838d1ca__i04,watts_strogatz,watts_strogatz__fbe838d1ca,watts_strogatz__fbe838d1ca__i04__partial__t01,partial,840964612,41001,0.9571428571428572,0.8285714285714285,0.9340357306459002,0.9340357306459002,0.4,0.4,-0.1285714285714285,0.1054643020744716,-0.0231071264969568,f1
