dataset,backbone,condition,seed,val_acc,val_f1,test_acc,test_f1,loss,best_epoch,selection_metric,selection_value
Cora,gcn,Raw features -> UMAP -> Delaunay,12345,0.6715867158671587,0.6429789443389348,0.6605166051660517,0.6284598572204739,0.9016898274421692,42.0,f1,0.6429789443389348
Cora,gcn,Raw features -> UMAP -> Delaunay,12346,0.6771217712177122,0.6519018759392391,0.6734317343173432,0.6525563334424435,0.7249791026115417,92.0,f1,0.6519018759392391
Cora,gcn,Raw features -> UMAP -> Delaunay,12347,0.6605166051660517,0.638044982279655,0.6789667896678967,0.6458681338779633,0.776853084564209,60.0,f1,0.638044982279655
Cora,gcn,Raw features -> UMAP -> Delaunay,12348,0.6697416974169742,0.6456414522980137,0.6697416974169742,0.6456943451735959,0.6650362610816956,128.0,f1,0.6456414522980137
Cora,gcn,Raw features -> UMAP -> Delaunay,12349,0.6771217712177122,0.6594404615230582,0.6715867158671587,0.6348871535911401,0.6866043210029602,101.0,f1,0.6594404615230582
Cora,gcn,Raw features -> UMAP -> Delaunay,12350,0.6881918819188192,0.667332563097382,0.6512915129151291,0.6368017279987317,0.8419313430786133,58.0,f1,0.667332563097382
Cora,gcn,Raw features -> UMAP -> Delaunay,12351,0.6974169741697417,0.6667681970605177,0.6494464944649446,0.6273855044791006,0.7906969785690308,60.0,f1,0.6667681970605177
Cora,gcn,Raw features -> UMAP -> Delaunay,12352,0.6642066420664207,0.6367674235346721,0.6826568265682657,0.664689284918456,0.7693442106246948,64.0,f1,0.6367674235346721
Cora,gcn,Raw features -> UMAP -> Delaunay,12353,0.6752767527675276,0.6491869581826569,0.6605166051660517,0.6355707756525948,0.833197295665741,55.0,f1,0.6491869581826569
Cora,gcn,Raw features -> UMAP -> Delaunay,12354,0.6568265682656826,0.623762260640128,0.6863468634686347,0.6691112000859415,0.8771005868911743,45.0,f1,0.623762260640128
Cora,gcn,Raw features -> UMAP -> Delaunay,12355,0.6660516605166051,0.647638911039636,0.6789667896678967,0.6641408189248921,0.7467544078826904,90.0,f1,0.647638911039636
Cora,gcn,Raw features -> UMAP -> Delaunay,12356,0.6697416974169742,0.6299389133819789,0.6678966789667896,0.6626101288458256,0.8309075832366943,56.0,f1,0.6299389133819789
Cora,gcn,Raw features -> UMAP -> Delaunay,12357,0.6881918819188192,0.670081523926208,0.6605166051660517,0.6474215923349771,0.8095279932022095,62.0,f1,0.670081523926208
Cora,gcn,Raw features -> UMAP -> Delaunay,12358,0.6568265682656826,0.6365506122453466,0.6549815498154982,0.630705643162052,0.8817283511161804,42.0,f1,0.6365506122453466
Cora,gcn,Raw features -> UMAP -> Delaunay,12359,0.6623616236162362,0.6416613999100879,0.6439114391143912,0.6298521387908896,0.7510609030723572,66.0,f1,0.6416613999100879
Cora,gcn,Raw features -> UMAP -> Delaunay,12360,0.6586715867158671,0.6509491723626822,0.6826568265682657,0.6612037346046203,0.6923836469650269,124.0,f1,0.6509491723626822
Cora,gcn,Raw features -> UMAP -> Delaunay,12361,0.6476014760147601,0.6196138737401409,0.6752767527675276,0.6605248841879632,0.8224183917045593,55.0,f1,0.6196138737401409
Cora,gcn,Raw features -> UMAP -> Delaunay,12362,0.6752767527675276,0.6592459285479463,0.6697416974169742,0.6324629201112286,0.7865594625473022,65.0,f1,0.6592459285479463
Cora,gcn,Raw features -> UMAP -> Delaunay,12363,0.6863468634686347,0.6711217070408555,0.6512915129151291,0.6281845512033828,0.78327476978302,62.0,f1,0.6711217070408555
Cora,gcn,Raw features -> UMAP -> Delaunay,12364,0.6697416974169742,0.6517469814700453,0.6605166051660517,0.626541864667342,0.8102626204490662,56.0,f1,0.6517469814700453
Cora,gcn,Raw features -> UMAP -> Delaunay,12365,0.6402214022140221,0.5959548072942666,0.7066420664206642,0.6816573214248477,0.9074519872665404,42.0,f1,0.5959548072942666
Cora,gcn,Raw features -> UMAP -> Delaunay,12366,0.6937269372693727,0.6635949911715562,0.6937269372693727,0.6817161644054137,0.9595459699630736,40.0,f1,0.6635949911715562
Cora,gcn,Raw features -> UMAP -> Delaunay,12367,0.6789667896678967,0.6681784751090513,0.6439114391143912,0.6209078946596868,0.9647563099861144,37.0,f1,0.6681784751090513
Cora,gcn,Raw features -> UMAP -> Delaunay,12368,0.6734317343173432,0.6582168259276328,0.6531365313653137,0.628279799250408,0.7831504344940186,58.0,f1,0.6582168259276328
Cora,gcn,Raw features -> UMAP -> Delaunay,12369,0.6974169741697417,0.678841583077288,0.6605166051660517,0.6327495857180633,0.8458191156387329,52.0,f1,0.678841583077288
Cora,gcn,Raw features -> UMAP -> Delaunay,12370,0.6697416974169742,0.6417774271694976,0.6476014760147601,0.6228459901799702,0.7513831257820129,71.0,f1,0.6417774271694976
Cora,gcn,Raw features -> UMAP -> Delaunay,12371,0.6826568265682657,0.6628820209089187,0.6512915129151291,0.6248381387021885,0.7113836407661438,89.0,f1,0.6628820209089187
Cora,gcn,Raw features -> UMAP -> Delaunay,12372,0.6881918819188192,0.6554675353679712,0.6826568265682657,0.664112436051937,0.813129723072052,61.0,f1,0.6554675353679712
Cora,gcn,Raw features -> UMAP -> Delaunay,12373,0.6752767527675276,0.6565757848423353,0.6383763837638377,0.6031883878329731,0.9154779314994812,40.0,f1,0.6565757848423353
Cora,gcn,Raw features -> UMAP -> Delaunay,12374,0.6531365313653137,0.6395937954596888,0.6881918819188192,0.6545622696285609,0.8133529424667358,56.0,f1,0.6395937954596888
Cora,gcn,Raw features -> UMAP -> Delaunay,12375,0.6900369003690037,0.6723844498232845,0.6660516605166051,0.6277634240254805,0.9524574279785156,40.0,f1,0.6723844498232845
Cora,gcn,Raw features -> UMAP -> Delaunay,12376,0.6512915129151291,0.6365140622541017,0.6771217712177122,0.6516632895658373,0.718959391117096,90.0,f1,0.6365140622541017
Cora,gcn,Raw features -> UMAP -> Delaunay,12377,0.6549815498154982,0.6415999452266977,0.6420664206642066,0.6063906626296506,0.6510006189346313,101.0,f1,0.6415999452266977
Cora,gcn,Raw features -> UMAP -> Delaunay,12378,0.6697416974169742,0.6582411550369863,0.7029520295202952,0.6767483422593716,0.8724818229675293,54.0,f1,0.6582411550369863
Cora,gcn,Raw features -> UMAP -> Delaunay,12379,0.6789667896678967,0.6560826255640387,0.6568265682656826,0.6311228563632602,0.7501538395881653,71.0,f1,0.6560826255640387
Cora,gcn,Raw features -> UMAP -> Delaunay,12380,0.6771217712177122,0.6595829624898931,0.6568265682656826,0.627858544213063,0.9306622743606568,41.0,f1,0.6595829624898931
Cora,gcn,Raw features -> UMAP -> Delaunay,12381,0.6715867158671587,0.6587946484383344,0.6476014760147601,0.6105020272534253,0.6912935972213745,102.0,f1,0.6587946484383344
Cora,gcn,Raw features -> UMAP -> Delaunay,12382,0.7011070110701108,0.6713926085432159,0.6162361623616236,0.5987042921926946,0.6445149183273315,200.0,f1,0.6713926085432159
Cora,gcn,Raw features -> UMAP -> Delaunay,12383,0.6549815498154982,0.6411865576773329,0.6752767527675276,0.6442698127778765,0.7889686822891235,63.0,f1,0.6411865576773329
Cora,gcn,Raw features -> UMAP -> Delaunay,12384,0.6660516605166051,0.637964747370739,0.6771217712177122,0.676097805630428,0.7717455625534058,69.0,f1,0.637964747370739
Cora,gcn,Raw features -> UMAP -> Delaunay,12385,0.6808118081180812,0.6572061681174749,0.6549815498154982,0.5985630195445254,0.8801833987236023,46.0,f1,0.6572061681174749
Cora,gcn,Raw features -> UMAP -> Delaunay,12386,0.6439114391143912,0.6202254808600174,0.6826568265682657,0.6635414077079428,0.6366482377052307,252.0,f1,0.6202254808600174
Cora,gcn,Raw features -> UMAP -> Delaunay,12387,0.6715867158671587,0.6556121350612718,0.6697416974169742,0.6468900344782427,0.6900674700737,105.0,f1,0.6556121350612718
Cora,gcn,Raw features -> UMAP -> Delaunay,12388,0.6586715867158671,0.6463135269975336,0.6254612546125461,0.6035551381677703,0.7002754211425781,100.0,f1,0.6463135269975336
Cora,gcn,Raw features -> UMAP -> Delaunay,12389,0.6715867158671587,0.6612868468372852,0.6531365313653137,0.6226873518099747,0.7519868016242981,69.0,f1,0.6612868468372852
Cora,gcn,Raw features -> UMAP -> Delaunay,12390,0.6752767527675276,0.6631651145893118,0.6697416974169742,0.6505414247792991,0.8124499320983887,59.0,f1,0.6631651145893118
Cora,gcn,Raw features -> UMAP -> Delaunay,12391,0.7287822878228782,0.7144468422361746,0.6586715867158671,0.6286808922408326,0.953200340270996,40.0,f1,0.7144468422361746
Cora,gcn,Raw features -> UMAP -> Delaunay,12392,0.6992619926199262,0.6668714604358247,0.6568265682656826,0.6327073449402872,0.7987913489341736,63.0,f1,0.6668714604358247
Cora,gcn,Raw features -> UMAP -> Delaunay,12393,0.6881918819188192,0.6775104098546398,0.6531365313653137,0.6396807482453675,0.7027329206466675,98.0,f1,0.6775104098546398
Cora,gcn,Raw features -> UMAP -> Delaunay,12394,0.6715867158671587,0.6513617888188817,0.6623616236162362,0.6427361573184637,0.7188925743103027,75.0,f1,0.6513617888188817
Cora,gcn,Raw features -> UMAP -> Delaunay,12395,0.6642066420664207,0.6300295034454224,0.6457564575645757,0.6192982925938882,0.7796176075935364,58.0,f1,0.6300295034454224
Cora,gcn,Raw features -> UMAP -> Delaunay,12396,0.6734317343173432,0.6487483936492808,0.6512915129151291,0.6209398566726155,0.9308141469955444,38.0,f1,0.6487483936492808
Cora,gcn,Raw features -> UMAP -> Delaunay,12397,0.6586715867158671,0.6212971877791444,0.6789667896678967,0.6555165787309181,0.7844796180725098,60.0,f1,0.6212971877791444
Cora,gcn,Raw features -> UMAP -> Delaunay,12398,0.6678966789667896,0.6422896549057064,0.6512915129151291,0.6291016731861776,0.7414789199829102,78.0,f1,0.6422896549057064
Cora,gcn,Raw features -> UMAP -> Delaunay,12399,0.6476014760147601,0.6207333020068597,0.6752767527675276,0.6382087427298397,0.7760331630706787,63.0,f1,0.6207333020068597
Cora,gcn,Raw features -> UMAP -> Delaunay,12400,0.7066420664206642,0.6748207901282278,0.6974169741697417,0.6563313756265032,1.0193638801574707,37.0,f1,0.6748207901282278
Cora,gcn,Raw features -> UMAP -> Delaunay,12401,0.6974169741697417,0.6688786896181254,0.6328413284132841,0.5996463131891078,0.677259624004364,124.0,f1,0.6688786896181254
Cora,gcn,Raw features -> UMAP -> Delaunay,12402,0.6900369003690037,0.6637435983393988,0.6605166051660517,0.637223605756766,0.8491977453231812,55.0,f1,0.6637435983393988
Cora,gcn,Raw features -> UMAP -> Delaunay,12403,0.6900369003690037,0.6695070343313297,0.6346863468634686,0.6085914961602782,0.848053514957428,52.0,f1,0.6695070343313297
Cora,gcn,Raw features -> UMAP -> Delaunay,12404,0.6937269372693727,0.6711379572604118,0.6494464944649446,0.6341255389654119,0.6900372505187988,94.0,f1,0.6711379572604118
Cora,gcn,Raw features -> UMAP -> Delaunay,12405,0.6457564575645757,0.6188267869729195,0.6863468634686347,0.6762592846535382,0.6819408535957336,98.0,f1,0.6188267869729195
Cora,gcn,Raw features -> UMAP -> Delaunay,12406,0.7066420664206642,0.6839570400836064,0.6531365313653137,0.6264270136656835,0.8256268501281738,57.0,f1,0.6839570400836064
Cora,gcn,Raw features -> UMAP -> Delaunay,12407,0.6826568265682657,0.6469756178997267,0.6420664206642066,0.6168856683466918,0.7652522325515747,67.0,f1,0.6469756178997267
Cora,gcn,Raw features -> UMAP -> Delaunay,12408,0.6531365313653137,0.6398523599203788,0.6568265682656826,0.6284772739928297,0.7107553482055664,79.0,f1,0.6398523599203788
Cora,gcn,Raw features -> UMAP -> Delaunay,12409,0.6420664206642066,0.6254565926624728,0.6715867158671587,0.6492799516665917,0.6110470294952393,246.0,f1,0.6254565926624728
Cora,gcn,Raw features -> UMAP -> Delaunay,12410,0.6605166051660517,0.6299509022155652,0.6771217712177122,0.6457487994115979,0.8599435091018677,52.0,f1,0.6299509022155652
Cora,gcn,Raw features -> UMAP -> Delaunay,12411,0.6623616236162362,0.6468682452674418,0.6918819188191881,0.6542454875187946,0.957139253616333,40.0,f1,0.6468682452674418
Cora,gcn,Raw features -> UMAP -> Delaunay,12412,0.6918819188191881,0.6733227133650106,0.6623616236162362,0.6413511011017639,0.8641665577888489,53.0,f1,0.6733227133650106
Cora,gcn,Raw features -> UMAP -> Delaunay,12413,0.6439114391143912,0.6138546533272023,0.6789667896678967,0.6522837061697244,0.8057697415351868,54.0,f1,0.6138546533272023
Cora,gcn,Raw features -> UMAP -> Delaunay,12414,0.6678966789667896,0.6305795584797863,0.6623616236162362,0.6422557283114955,0.6869897246360779,96.0,f1,0.6305795584797863
Cora,gcn,Raw features -> UMAP -> Delaunay,12415,0.6715867158671587,0.6493845820869499,0.6568265682656826,0.6290713532611382,0.714789092540741,92.0,f1,0.6493845820869499
Cora,gcn,Raw features -> UMAP -> Delaunay,12416,0.6549815498154982,0.6270548674816424,0.6531365313653137,0.6223401735671436,0.7307525277137756,70.0,f1,0.6270548674816424
Cora,gcn,Raw features -> UMAP -> Delaunay,12417,0.6863468634686347,0.6591250441219897,0.6734317343173432,0.6512004506363868,0.8747052550315857,48.0,f1,0.6591250441219897
Cora,gcn,Raw features -> UMAP -> Delaunay,12418,0.6752767527675276,0.6617494865987181,0.6586715867158671,0.6303495798905869,0.7519885301589966,63.0,f1,0.6617494865987181
Cora,gcn,Raw features -> UMAP -> Delaunay,12419,0.6642066420664207,0.6450637768652657,0.6549815498154982,0.6284349573250163,0.7300205230712891,77.0,f1,0.6450637768652657
Cora,gcn,Raw features -> UMAP -> Delaunay,12420,0.6752767527675276,0.6440723425887215,0.6697416974169742,0.6329748535238402,0.9135671257972716,42.0,f1,0.6440723425887215
Cora,gcn,Raw features -> UMAP -> Delaunay,12421,0.7011070110701108,0.6689905395222274,0.6678966789667896,0.6419551763797848,0.9162706136703492,43.0,f1,0.6689905395222274
Cora,gcn,Raw features -> UMAP -> Delaunay,12422,0.6457564575645757,0.6197278967480989,0.6955719557195572,0.6796438623091806,0.8190496563911438,57.0,f1,0.6197278967480989
Cora,gcn,Raw features -> UMAP -> Delaunay,12423,0.6715867158671587,0.6512620496833167,0.6955719557195572,0.6749462415589458,0.7800074219703674,68.0,f1,0.6512620496833167
Cora,gcn,Raw features -> UMAP -> Delaunay,12424,0.6734317343173432,0.6553228366496472,0.7047970479704797,0.6687591674961553,0.8167459964752197,60.0,f1,0.6553228366496472
Cora,gcn,Raw features -> UMAP -> Delaunay,12425,0.6402214022140221,0.613423468657018,0.6254612546125461,0.6002072650921514,0.6383801698684692,152.0,f1,0.613423468657018
Cora,gcn,Raw features -> UMAP -> Delaunay,12426,0.6642066420664207,0.6453908545297585,0.6549815498154982,0.6231527587703481,0.9134276509284972,43.0,f1,0.6453908545297585
Cora,gcn,Raw features -> UMAP -> Delaunay,12427,0.6992619926199262,0.6609722871508925,0.6383763837638377,0.6178652721435662,0.9543734192848206,41.0,f1,0.6609722871508925
Cora,gcn,Raw features -> UMAP -> Delaunay,12428,0.6697416974169742,0.6561698090580562,0.6494464944649446,0.6264375146158679,0.6645387411117554,122.0,f1,0.6561698090580562
Cora,gcn,Raw features -> UMAP -> Delaunay,12429,0.6660516605166051,0.6521302036586889,0.6789667896678967,0.6559904804996691,0.7302085161209106,94.0,f1,0.6521302036586889
Cora,gcn,Raw features -> UMAP -> Delaunay,12430,0.6476014760147601,0.6355514724110324,0.6328413284132841,0.6047993997888452,0.7972576022148132,56.0,f1,0.6355514724110324
Cora,gcn,Raw features -> UMAP -> Delaunay,12431,0.6512915129151291,0.6291920903342063,0.6678966789667896,0.6467285003475914,0.7643461227416992,63.0,f1,0.6291920903342063
Cora,gcn,Raw features -> UMAP -> Delaunay,12432,0.6752767527675276,0.6547526844868922,0.6937269372693727,0.6660569212886592,0.8322604298591614,55.0,f1,0.6547526844868922
Cora,gcn,Raw features -> UMAP -> Delaunay,12433,0.7029520295202952,0.6840275467583607,0.6771217712177122,0.6422927839583938,0.8461426496505737,58.0,f1,0.6840275467583607
Cora,gcn,Raw features -> UMAP -> Delaunay,12434,0.7029520295202952,0.680817723202404,0.6549815498154982,0.6264096461208342,0.7010773420333862,118.0,f1,0.680817723202404
Cora,gcn,Raw features -> UMAP -> Delaunay,12435,0.6642066420664207,0.6319813837233331,0.6476014760147601,0.6228965521378717,0.9187207818031312,40.0,f1,0.6319813837233331
Cora,gcn,Raw features -> UMAP -> Delaunay,12436,0.6863468634686347,0.6546799087498287,0.6660516605166051,0.6554320251419049,0.8503853678703308,52.0,f1,0.6546799087498287
Cora,gcn,Raw features -> UMAP -> Delaunay,12437,0.6918819188191881,0.6688820808428801,0.6568265682656826,0.6420902844376103,0.8420841693878174,56.0,f1,0.6688820808428801
Cora,gcn,Raw features -> UMAP -> Delaunay,12438,0.6494464944649446,0.619574473930798,0.6402214022140221,0.6237059563930173,0.7396297454833984,66.0,f1,0.619574473930798
Cora,gcn,Raw features -> UMAP -> Delaunay,12439,0.6697416974169742,0.6375471414508267,0.6605166051660517,0.6294072408998742,0.9042193293571472,39.0,f1,0.6375471414508267
Cora,gcn,Raw features -> UMAP -> Delaunay,12440,0.6365313653136532,0.6107735212358235,0.6383763837638377,0.6204030033428565,0.7380331158638,70.0,f1,0.6107735212358235
Cora,gcn,Raw features -> UMAP -> Delaunay,12441,0.6845018450184502,0.652100650748148,0.6605166051660517,0.6402925361629327,0.8044122457504272,58.0,f1,0.652100650748148
Cora,gcn,Raw features -> UMAP -> Delaunay,12442,0.6236162361623616,0.601457314245174,0.6845018450184502,0.6496467491819785,0.731888473033905,70.0,f1,0.601457314245174
Cora,gcn,Raw features -> UMAP -> Delaunay,12443,0.6660516605166051,0.6352107377589188,0.6254612546125461,0.5965165175763177,0.93012273311615,39.0,f1,0.6352107377589188
Cora,gcn,Raw features -> UMAP -> Delaunay,12444,0.6605166051660517,0.6249871405713074,0.6512915129151291,0.6319004204146152,0.7499723434448242,66.0,f1,0.6249871405713074
Cora,sage,Raw features -> UMAP -> Delaunay,12345,0.7066420664206642,0.6779716651264149,0.6900369003690037,0.6683630023716903,0.1384024918079376,393.0,f1,0.6779716651264149
Cora,sage,Raw features -> UMAP -> Delaunay,12346,0.7416974169741697,0.7217229336676582,0.7103321033210332,0.6711042128922461,0.1340013295412063,346.0,f1,0.7217229336676582
Cora,sage,Raw features -> UMAP -> Delaunay,12347,0.7066420664206642,0.6828424457314651,0.7214022140221402,0.7005934693750223,0.1046836897730827,395.0,f1,0.6828424457314651
Cora,sage,Raw features -> UMAP -> Delaunay,12348,0.7195571955719557,0.7014701425182108,0.7416974169741697,0.7110951465620678,0.1344910115003585,397.0,f1,0.7014701425182108
Cora,sage,Raw features -> UMAP -> Delaunay,12349,0.7250922509225092,0.6998042420309709,0.7287822878228782,0.6879251605858493,0.1219419091939926,280.0,f1,0.6998042420309709
Cora,sage,Raw features -> UMAP -> Delaunay,12350,0.7269372693726938,0.7056167204389464,0.7084870848708487,0.6964091320737917,0.2452113926410675,180.0,f1,0.7056167204389464
Cora,sage,Raw features -> UMAP -> Delaunay,12351,0.7527675276752768,0.7266428167830002,0.7084870848708487,0.6796147740484143,0.120267353951931,392.0,f1,0.7266428167830002
Cora,sage,Raw features -> UMAP -> Delaunay,12352,0.7361623616236163,0.7118737598324595,0.7250922509225092,0.6980895418297794,0.1509853452444076,229.0,f1,0.7118737598324595
Cora,sage,Raw features -> UMAP -> Delaunay,12353,0.7195571955719557,0.6821747790406064,0.6734317343173432,0.6351022319081503,0.1436501145362854,371.0,f1,0.6821747790406064
Cora,sage,Raw features -> UMAP -> Delaunay,12354,0.6789667896678967,0.631167843807283,0.7140221402214022,0.6861309883642238,0.1847618371248245,293.0,f1,0.631167843807283
Cora,sage,Raw features -> UMAP -> Delaunay,12355,0.7103321033210332,0.6891339561101055,0.7398523985239852,0.7226575427027905,0.1480880826711654,329.0,f1,0.6891339561101055
Cora,sage,Raw features -> UMAP -> Delaunay,12356,0.7343173431734318,0.7048225471656562,0.7232472324723247,0.7166978035276308,0.1349708884954452,278.0,f1,0.7048225471656562
Cora,sage,Raw features -> UMAP -> Delaunay,12357,0.6955719557195572,0.6669853398468693,0.7029520295202952,0.6720295259114207,0.1771699488162994,209.0,f1,0.6669853398468693
Cora,sage,Raw features -> UMAP -> Delaunay,12358,0.7029520295202952,0.6831962844393422,0.6881918819188192,0.6638440816669586,0.1275938600301742,391.0,f1,0.6831962844393422
Cora,sage,Raw features -> UMAP -> Delaunay,12359,0.6863468634686347,0.6662595316340518,0.7121771217712177,0.6951361746797239,0.1342967897653579,400.0,f1,0.6662595316340518
Cora,sage,Raw features -> UMAP -> Delaunay,12360,0.7177121771217713,0.7052718745225205,0.7509225092250923,0.7278551403042538,0.1150544732809066,391.0,f1,0.7052718745225205
Cora,sage,Raw features -> UMAP -> Delaunay,12361,0.7269372693726938,0.6905264629155814,0.7232472324723247,0.7052280172974121,0.1480216085910797,378.0,f1,0.6905264629155814
Cora,sage,Raw features -> UMAP -> Delaunay,12362,0.7140221402214022,0.7005254781050169,0.7269372693726938,0.6966818602683232,0.1266233772039413,374.0,f1,0.7005254781050169
Cora,sage,Raw features -> UMAP -> Delaunay,12363,0.7121771217712177,0.6973286972270815,0.6974169741697417,0.6653046163886237,0.3248773217201233,132.0,f1,0.6973286972270815
Cora,sage,Raw features -> UMAP -> Delaunay,12364,0.7084870848708487,0.6765050418224037,0.6955719557195572,0.6642437442965418,0.145356073975563,387.0,f1,0.6765050418224037
Cora,sage,Raw features -> UMAP -> Delaunay,12365,0.6974169741697417,0.6661588651514906,0.7324723247232472,0.704649678621915,0.2106645703315735,194.0,f1,0.6661588651514906
Cora,sage,Raw features -> UMAP -> Delaunay,12366,0.7361623616236163,0.7014718959616264,0.7453874538745388,0.7298785874082415,0.1213739439845085,387.0,f1,0.7014718959616264
Cora,sage,Raw features -> UMAP -> Delaunay,12367,0.7361623616236163,0.7233247435146158,0.6955719557195572,0.6723774233639077,0.1492748409509658,346.0,f1,0.7233247435146158
Cora,sage,Raw features -> UMAP -> Delaunay,12368,0.7029520295202952,0.690478010924065,0.6771217712177122,0.6531390430331553,0.1314096450805664,397.0,f1,0.690478010924065
Cora,sage,Raw features -> UMAP -> Delaunay,12369,0.7435424354243543,0.7181136439027486,0.7029520295202952,0.66814104200273,0.1266712695360183,338.0,f1,0.7181136439027486
Cora,sage,Raw features -> UMAP -> Delaunay,12370,0.7177121771217713,0.6888272009439252,0.6955719557195572,0.657448608808833,0.1416103243827819,272.0,f1,0.6888272009439252
Cora,sage,Raw features -> UMAP -> Delaunay,12371,0.7195571955719557,0.6942953413881361,0.6955719557195572,0.6704084624636266,0.1394063681364059,400.0,f1,0.6942953413881361
Cora,sage,Raw features -> UMAP -> Delaunay,12372,0.7398523985239852,0.6990481117109597,0.7066420664206642,0.6801694309148385,0.2398217171430587,170.0,f1,0.6990481117109597
Cora,sage,Raw features -> UMAP -> Delaunay,12373,0.6881918819188192,0.6754486846887764,0.6881918819188192,0.6548572888786142,0.1776854544878006,239.0,f1,0.6754486846887764
Cora,sage,Raw features -> UMAP -> Delaunay,12374,0.7047970479704797,0.6875673556721961,0.6974169741697417,0.6621046045646424,0.1473257690668106,299.0,f1,0.6875673556721961
Cora,sage,Raw features -> UMAP -> Delaunay,12375,0.7361623616236163,0.7225705262111396,0.7084870848708487,0.6774039587909567,0.1429440379142761,344.0,f1,0.7225705262111396
Cora,sage,Raw features -> UMAP -> Delaunay,12376,0.7177121771217713,0.692410381457545,0.7583025830258303,0.7312459611555234,0.131260484457016,400.0,f1,0.692410381457545
Cora,sage,Raw features -> UMAP -> Delaunay,12377,0.6937269372693727,0.6657618779189087,0.6863468634686347,0.645340338960777,0.1505628675222396,295.0,f1,0.6657618779189087
Cora,sage,Raw features -> UMAP -> Delaunay,12378,0.7306273062730627,0.7062579233283776,0.7324723247232472,0.7097402634784397,0.1584796011447906,250.0,f1,0.7062579233283776
Cora,sage,Raw features -> UMAP -> Delaunay,12379,0.7214022140221402,0.6981525223567832,0.7121771217712177,0.6731678188098545,0.1779753714799881,248.0,f1,0.6981525223567832
Cora,sage,Raw features -> UMAP -> Delaunay,12380,0.7103321033210332,0.6782509659094177,0.7158671586715867,0.7021990020968161,0.1648972481489181,275.0,f1,0.6782509659094177
Cora,sage,Raw features -> UMAP -> Delaunay,12381,0.7158671586715867,0.6894887647786874,0.7029520295202952,0.6784862868748476,0.1567586213350296,327.0,f1,0.6894887647786874
Cora,sage,Raw features -> UMAP -> Delaunay,12382,0.7453874538745388,0.7147114643609987,0.6789667896678967,0.6555906233337201,0.3076144158840179,153.0,f1,0.7147114643609987
Cora,sage,Raw features -> UMAP -> Delaunay,12383,0.7269372693726938,0.7061111077060123,0.7084870848708487,0.6613517599242887,0.1849088668823242,197.0,f1,0.7061111077060123
Cora,sage,Raw features -> UMAP -> Delaunay,12384,0.7214022140221402,0.6903350959780008,0.6955719557195572,0.677940987885835,0.1521871536970138,320.0,f1,0.6903350959780008
Cora,sage,Raw features -> UMAP -> Delaunay,12385,0.6937269372693727,0.6685719372730882,0.6918819188191881,0.6596812714008264,0.1502809226512909,277.0,f1,0.6685719372730882
Cora,sage,Raw features -> UMAP -> Delaunay,12386,0.7084870848708487,0.6837445548090779,0.7250922509225092,0.7027702291530211,0.2444896548986435,165.0,f1,0.6837445548090779
Cora,sage,Raw features -> UMAP -> Delaunay,12387,0.6992619926199262,0.6684106951606397,0.7306273062730627,0.7083111244016129,0.1352292448282241,331.0,f1,0.6684106951606397
Cora,sage,Raw features -> UMAP -> Delaunay,12388,0.7066420664206642,0.6862373950968934,0.7011070110701108,0.679917380483089,0.1436150223016739,378.0,f1,0.6862373950968934
Cora,sage,Raw features -> UMAP -> Delaunay,12389,0.7287822878228782,0.716461925219955,0.7177121771217713,0.6787600403152142,0.1279252171516418,366.0,f1,0.716461925219955
Cora,sage,Raw features -> UMAP -> Delaunay,12390,0.7214022140221402,0.6948559262836455,0.7029520295202952,0.6777127459121418,0.1924694925546646,257.0,f1,0.6948559262836455
Cora,sage,Raw features -> UMAP -> Delaunay,12391,0.7656826568265682,0.7564047484748658,0.6863468634686347,0.6496629288415628,0.1659561246633529,195.0,f1,0.7564047484748658
Cora,sage,Raw features -> UMAP -> Delaunay,12392,0.7195571955719557,0.6857167128908384,0.6863468634686347,0.6699640061915689,0.1439664363861084,338.0,f1,0.6857167128908384
Cora,sage,Raw features -> UMAP -> Delaunay,12393,0.7527675276752768,0.7346317681222343,0.6955719557195572,0.686069309283006,0.1299778074026107,398.0,f1,0.7346317681222343
Cora,sage,Raw features -> UMAP -> Delaunay,12394,0.7158671586715867,0.6934786929741151,0.7287822878228782,0.7078771770628605,0.1152368560433387,389.0,f1,0.6934786929741151
Cora,sage,Raw features -> UMAP -> Delaunay,12395,0.7158671586715867,0.6862144214054753,0.7011070110701108,0.6762368137760387,0.1231547370553016,348.0,f1,0.6862144214054753
Cora,sage,Raw features -> UMAP -> Delaunay,12396,0.7306273062730627,0.7072263300195515,0.7140221402214022,0.6817517647260825,0.1405795365571975,306.0,f1,0.7072263300195515
Cora,sage,Raw features -> UMAP -> Delaunay,12397,0.7047970479704797,0.6632767289794969,0.6918819188191881,0.6669491126887067,0.1493742167949676,265.0,f1,0.6632767289794969
Cora,sage,Raw features -> UMAP -> Delaunay,12398,0.7121771217712177,0.679635764816096,0.7066420664206642,0.6780614750302992,0.1333683431148529,281.0,f1,0.679635764816096
Cora,sage,Raw features -> UMAP -> Delaunay,12399,0.6900369003690037,0.6551876415020077,0.7103321033210332,0.6725878441068033,0.1293823719024658,378.0,f1,0.6551876415020077
Cora,sage,Raw features -> UMAP -> Delaunay,12400,0.7269372693726938,0.7012830707666124,0.7343173431734318,0.6985658336637924,0.1423825472593307,329.0,f1,0.7012830707666124
Cora,sage,Raw features -> UMAP -> Delaunay,12401,0.7527675276752768,0.7280623838724724,0.6955719557195572,0.6572711680533904,0.1351157277822494,296.0,f1,0.7280623838724724
Cora,sage,Raw features -> UMAP -> Delaunay,12402,0.7287822878228782,0.6985222609564795,0.6881918819188192,0.64935772538539,0.1783026307821273,295.0,f1,0.6985222609564795
Cora,sage,Raw features -> UMAP -> Delaunay,12403,0.7195571955719557,0.6990338250863434,0.7195571955719557,0.6914996475138365,0.1218515411019325,398.0,f1,0.6990338250863434
Cora,sage,Raw features -> UMAP -> Delaunay,12404,0.7250922509225092,0.7111790361122173,0.6826568265682657,0.6593318741012714,0.1519965380430221,238.0,f1,0.7111790361122173
Cora,sage,Raw features -> UMAP -> Delaunay,12405,0.7047970479704797,0.6745620583787312,0.7416974169741697,0.7186515801784562,0.1439326256513595,266.0,f1,0.6745620583787312
Cora,sage,Raw features -> UMAP -> Delaunay,12406,0.7527675276752768,0.7227378827245119,0.7047970479704797,0.679256164913209,0.129993125796318,390.0,f1,0.7227378827245119
Cora,sage,Raw features -> UMAP -> Delaunay,12407,0.6900369003690037,0.6553906132536886,0.6549815498154982,0.6131055469930204,0.5373942852020264,87.0,f1,0.6553906132536886
Cora,sage,Raw features -> UMAP -> Delaunay,12408,0.7158671586715867,0.7008177723135628,0.6937269372693727,0.6635193981259294,0.157027468085289,388.0,f1,0.7008177723135628
Cora,sage,Raw features -> UMAP -> Delaunay,12409,0.6974169741697417,0.6729898972818383,0.7232472324723247,0.6995566224391707,0.1563085317611694,384.0,f1,0.6729898972818383
Cora,sage,Raw features -> UMAP -> Delaunay,12410,0.7287822878228782,0.7093540551931579,0.7306273062730627,0.7114288293791816,0.1282097846269607,341.0,f1,0.7093540551931579
Cora,sage,Raw features -> UMAP -> Delaunay,12411,0.7121771217712177,0.6901975841903896,0.7435424354243543,0.7192632239550317,0.1218818500638008,388.0,f1,0.6901975841903896
Cora,sage,Raw features -> UMAP -> Delaunay,12412,0.7195571955719557,0.6849086813009829,0.7047970479704797,0.6805497252397242,0.1386738866567611,384.0,f1,0.6849086813009829
Cora,sage,Raw features -> UMAP -> Delaunay,12413,0.7158671586715867,0.6820569110512847,0.7121771217712177,0.694659520878199,0.1389754563570022,367.0,f1,0.6820569110512847
Cora,sage,Raw features -> UMAP -> Delaunay,12414,0.7103321033210332,0.675452829253113,0.7121771217712177,0.6775415033257991,0.1199940666556358,380.0,f1,0.675452829253113
Cora,sage,Raw features -> UMAP -> Delaunay,12415,0.7250922509225092,0.7051379291739881,0.7011070110701108,0.671417866337338,0.2643038332462311,137.0,f1,0.7051379291739881
Cora,sage,Raw features -> UMAP -> Delaunay,12416,0.7195571955719557,0.6946576014336229,0.7214022140221402,0.7009152070184178,0.1212362572550773,362.0,f1,0.6946576014336229
Cora,sage,Raw features -> UMAP -> Delaunay,12417,0.7232472324723247,0.701633420846771,0.7324723247232472,0.7113391266402382,0.1236386522650718,389.0,f1,0.701633420846771
Cora,sage,Raw features -> UMAP -> Delaunay,12418,0.7140221402214022,0.6905130601423427,0.7029520295202952,0.6660001741164739,0.1549706757068634,394.0,f1,0.6905130601423427
Cora,sage,Raw features -> UMAP -> Delaunay,12419,0.7232472324723247,0.6895423476481106,0.7047970479704797,0.671283807212878,0.1437155157327652,389.0,f1,0.6895423476481106
Cora,sage,Raw features -> UMAP -> Delaunay,12420,0.7121771217712177,0.6894572239778929,0.7195571955719557,0.6924978334606223,0.1937926411628723,169.0,f1,0.6894572239778929
Cora,sage,Raw features -> UMAP -> Delaunay,12421,0.7343173431734318,0.714351331304556,0.7103321033210332,0.6853923184625622,0.1499327719211578,304.0,f1,0.714351331304556
Cora,sage,Raw features -> UMAP -> Delaunay,12422,0.7140221402214022,0.6817357538671253,0.7214022140221402,0.7053455849474445,0.1725022494792938,286.0,f1,0.6817357538671253
Cora,sage,Raw features -> UMAP -> Delaunay,12423,0.7546125461254612,0.729473675149834,0.7324723247232472,0.7053324853244911,0.1495115906000137,238.0,f1,0.729473675149834
Cora,sage,Raw features -> UMAP -> Delaunay,12424,0.7158671586715867,0.6946068968726395,0.7324723247232472,0.7050854862277175,0.1401355415582656,388.0,f1,0.6946068968726395
Cora,sage,Raw features -> UMAP -> Delaunay,12425,0.7103321033210332,0.6737839922628116,0.6881918819188192,0.6618984815267362,0.1425001472234726,242.0,f1,0.6737839922628116
Cora,sage,Raw features -> UMAP -> Delaunay,12426,0.7121771217712177,0.6914550435969534,0.7121771217712177,0.6823278714357147,0.1943551301956176,242.0,f1,0.6914550435969534
Cora,sage,Raw features -> UMAP -> Delaunay,12427,0.7416974169741697,0.6985201972015668,0.7029520295202952,0.6786424726959126,0.1437450051307678,263.0,f1,0.6985201972015668
Cora,sage,Raw features -> UMAP -> Delaunay,12428,0.7177121771217713,0.6986761403476517,0.6752767527675276,0.6448549578318783,0.1334553658962249,344.0,f1,0.6986761403476517
Cora,sage,Raw features -> UMAP -> Delaunay,12429,0.7140221402214022,0.6937438716545866,0.7287822878228782,0.7080201194978074,0.1441888660192489,282.0,f1,0.6937438716545866
Cora,sage,Raw features -> UMAP -> Delaunay,12430,0.6808118081180812,0.6650118838389366,0.7084870848708487,0.6837402527901031,0.1355397999286651,391.0,f1,0.6650118838389366
Cora,sage,Raw features -> UMAP -> Delaunay,12431,0.7158671586715867,0.7037383768529794,0.6918819188191881,0.6660244229974769,0.1224745213985443,395.0,f1,0.7037383768529794
Cora,sage,Raw features -> UMAP -> Delaunay,12432,0.7343173431734318,0.7106597978104927,0.7232472324723247,0.6969940771629027,0.129351258277893,381.0,f1,0.7106597978104927
Cora,sage,Raw features -> UMAP -> Delaunay,12433,0.7564575645756457,0.7229460970446955,0.7195571955719557,0.690503532614507,0.1391014158725738,380.0,f1,0.7229460970446955
Cora,sage,Raw features -> UMAP -> Delaunay,12434,0.7269372693726938,0.7065009770769439,0.7084870848708487,0.6799109921772521,0.1378291696310043,364.0,f1,0.7065009770769439
Cora,sage,Raw features -> UMAP -> Delaunay,12435,0.7066420664206642,0.6783300489788334,0.7121771217712177,0.678672209259773,0.1314424127340316,377.0,f1,0.6783300489788334
Cora,sage,Raw features -> UMAP -> Delaunay,12436,0.7103321033210332,0.6784011310327099,0.7361623616236163,0.7331088896745797,0.1346566379070282,314.0,f1,0.6784011310327099
Cora,sage,Raw features -> UMAP -> Delaunay,12437,0.7564575645756457,0.733430176035746,0.7047970479704797,0.688242833842693,0.1255077719688415,383.0,f1,0.733430176035746
Cora,sage,Raw features -> UMAP -> Delaunay,12438,0.7029520295202952,0.6683725228513213,0.7029520295202952,0.6833295212126812,0.1766699254512787,270.0,f1,0.6683725228513213
Cora,sage,Raw features -> UMAP -> Delaunay,12439,0.6863468634686347,0.6483166031900206,0.6752767527675276,0.6414422795975322,0.1323926001787185,244.0,f1,0.6483166031900206
Cora,sage,Raw features -> UMAP -> Delaunay,12440,0.6918819188191881,0.6580511205519299,0.7158671586715867,0.6981968388357974,0.1304685771465301,345.0,f1,0.6580511205519299
Cora,sage,Raw features -> UMAP -> Delaunay,12441,0.7306273062730627,0.6920699270964847,0.6900369003690037,0.665460440065352,0.1996833980083465,170.0,f1,0.6920699270964847
Cora,sage,Raw features -> UMAP -> Delaunay,12442,0.6881918819188192,0.6688678898477639,0.7269372693726938,0.6984938356741411,0.133233368396759,395.0,f1,0.6688678898477639
Cora,sage,Raw features -> UMAP -> Delaunay,12443,0.7177121771217713,0.6819491928407225,0.6863468634686347,0.6575422539959724,0.1427811533212661,349.0,f1,0.6819491928407225
Cora,sage,Raw features -> UMAP -> Delaunay,12444,0.7250922509225092,0.6852074246864142,0.7398523985239852,0.706104119460275,0.1473065167665481,337.0,f1,0.6852074246864142
Cora,gat,Raw features -> UMAP -> Delaunay,12345,0.6734317343173432,0.6448557486245716,0.6402214022140221,0.6177767208960613,0.8241957426071167,54.0,f1,0.6448557486245716
Cora,gat,Raw features -> UMAP -> Delaunay,12346,0.6826568265682657,0.6535106111802389,0.6900369003690037,0.6636619254356692,0.8985373377799988,51.0,f1,0.6535106111802389
Cora,gat,Raw features -> UMAP -> Delaunay,12347,0.6531365313653137,0.6341474123379888,0.6605166051660517,0.6275845258056264,0.755760908126831,63.0,f1,0.6341474123379888
Cora,gat,Raw features -> UMAP -> Delaunay,12348,0.6715867158671587,0.6475994012312325,0.6660516605166051,0.6414776904877623,0.7423527836799622,69.0,f1,0.6475994012312325
Cora,gat,Raw features -> UMAP -> Delaunay,12349,0.6771217712177122,0.659324047731543,0.6734317343173432,0.6250405057753374,0.9163711667060852,44.0,f1,0.659324047731543
Cora,gat,Raw features -> UMAP -> Delaunay,12350,0.6789667896678967,0.6593324180138913,0.6309963099630996,0.6177358148086081,0.7912610173225403,63.0,f1,0.6593324180138913
Cora,gat,Raw features -> UMAP -> Delaunay,12351,0.6918819188191881,0.6619506189810238,0.6402214022140221,0.6215327942522928,0.686583936214447,77.0,f1,0.6619506189810238
Cora,gat,Raw features -> UMAP -> Delaunay,12352,0.6660516605166051,0.6368630622619097,0.6678966789667896,0.6529564725455558,0.6767669916152954,78.0,f1,0.6368630622619097
Cora,gat,Raw features -> UMAP -> Delaunay,12353,0.6752767527675276,0.6540450449341417,0.6697416974169742,0.6477441379384035,0.9020284414291382,48.0,f1,0.6540450449341417
Cora,gat,Raw features -> UMAP -> Delaunay,12354,0.6568265682656826,0.6240224138174828,0.6863468634686347,0.6620113766610437,0.8714309334754944,48.0,f1,0.6240224138174828
Cora,gat,Raw features -> UMAP -> Delaunay,12355,0.6715867158671587,0.6649087269695725,0.6863468634686347,0.6704805701544831,0.7674028277397156,68.0,f1,0.6649087269695725
Cora,gat,Raw features -> UMAP -> Delaunay,12356,0.6752767527675276,0.6367358701155315,0.6715867158671587,0.6643151041920164,0.8871206045150757,50.0,f1,0.6367358701155315
Cora,gat,Raw features -> UMAP -> Delaunay,12357,0.6771217712177122,0.6526353040804854,0.6457564575645757,0.6158502448593656,0.9189794659614564,47.0,f1,0.6526353040804854
Cora,gat,Raw features -> UMAP -> Delaunay,12358,0.6494464944649446,0.6292065342569503,0.6549815498154982,0.6319581208040497,0.6544905304908752,78.0,f1,0.6292065342569503
Cora,gat,Raw features -> UMAP -> Delaunay,12359,0.6642066420664207,0.6505223330149569,0.6383763837638377,0.6284020293179908,0.7746429443359375,62.0,f1,0.6505223330149569
Cora,gat,Raw features -> UMAP -> Delaunay,12360,0.6605166051660517,0.6461160382986092,0.7250922509225092,0.6970851959612007,0.8881908059120178,50.0,f1,0.6461160382986092
Cora,gat,Raw features -> UMAP -> Delaunay,12361,0.6512915129151291,0.6219083153742363,0.6771217712177122,0.6692961569940318,0.8267732262611389,53.0,f1,0.6219083153742363
Cora,gat,Raw features -> UMAP -> Delaunay,12362,0.6771217712177122,0.6658390755654667,0.6623616236162362,0.6221087694241528,0.7788448333740234,66.0,f1,0.6658390755654667
Cora,gat,Raw features -> UMAP -> Delaunay,12363,0.6863468634686347,0.6702832183265107,0.6531365313653137,0.629602950574349,0.8289180994033813,53.0,f1,0.6702832183265107
Cora,gat,Raw features -> UMAP -> Delaunay,12364,0.6697416974169742,0.6500328905452478,0.6789667896678967,0.6420496650564053,0.879957377910614,45.0,f1,0.6500328905452478
Cora,gat,Raw features -> UMAP -> Delaunay,12365,0.6309963099630996,0.5906783794815414,0.7029520295202952,0.6781053371009241,0.8456193208694458,49.0,f1,0.5906783794815414
Cora,gat,Raw features -> UMAP -> Delaunay,12366,0.6937269372693727,0.6636784914166436,0.6863468634686347,0.6731699526660219,0.8830007910728455,49.0,f1,0.6636784914166436
Cora,gat,Raw features -> UMAP -> Delaunay,12367,0.6771217712177122,0.6642042388710452,0.6642066420664207,0.6378867273164985,0.8929773569107056,49.0,f1,0.6642042388710452
Cora,gat,Raw features -> UMAP -> Delaunay,12368,0.6697416974169742,0.6548057728640677,0.6531365313653137,0.6303812329224566,0.8288951516151428,50.0,f1,0.6548057728640677
Cora,gat,Raw features -> UMAP -> Delaunay,12369,0.6955719557195572,0.6817701785697239,0.6531365313653137,0.6327564058053309,0.7772833108901978,62.0,f1,0.6817701785697239
Cora,gat,Raw features -> UMAP -> Delaunay,12370,0.6715867158671587,0.6448106542765278,0.6586715867158671,0.6225673562729869,0.7112225890159607,74.0,f1,0.6448106542765278
Cora,gat,Raw features -> UMAP -> Delaunay,12371,0.6789667896678967,0.653807482543702,0.6623616236162362,0.6436625149873704,0.8284643292427063,54.0,f1,0.653807482543702
Cora,gat,Raw features -> UMAP -> Delaunay,12372,0.6826568265682657,0.650319687971915,0.6697416974169742,0.6464697526683996,0.7058658003807068,79.0,f1,0.650319687971915
Cora,gat,Raw features -> UMAP -> Delaunay,12373,0.6642066420664207,0.6456773006470338,0.6402214022140221,0.6032256384719235,0.8100910186767578,55.0,f1,0.6456773006470338
Cora,gat,Raw features -> UMAP -> Delaunay,12374,0.6494464944649446,0.6391037269309517,0.6826568265682657,0.6510961240901183,0.8050078749656677,56.0,f1,0.6391037269309517
Cora,gat,Raw features -> UMAP -> Delaunay,12375,0.6937269372693727,0.6757781611764736,0.6734317343173432,0.6367374649659313,0.8991761803627014,49.0,f1,0.6757781611764736
Cora,gat,Raw features -> UMAP -> Delaunay,12376,0.6531365313653137,0.630917043671625,0.6881918819188192,0.6554105264873838,0.9023610949516296,45.0,f1,0.630917043671625
Cora,gat,Raw features -> UMAP -> Delaunay,12377,0.6568265682656826,0.637949450056598,0.6568265682656826,0.6120591802558341,0.8337997794151306,52.0,f1,0.637949450056598
Cora,gat,Raw features -> UMAP -> Delaunay,12378,0.6715867158671587,0.661290967249237,0.7047970479704797,0.6846346413188773,0.8348886370658875,56.0,f1,0.661290967249237
Cora,gat,Raw features -> UMAP -> Delaunay,12379,0.6752767527675276,0.6545504093781233,0.6697416974169742,0.645705973731715,0.8574888706207275,50.0,f1,0.6545504093781233
Cora,gat,Raw features -> UMAP -> Delaunay,12380,0.6678966789667896,0.6455096073517126,0.6715867158671587,0.6569448864384316,0.8574618101119995,52.0,f1,0.6455096073517126
Cora,gat,Raw features -> UMAP -> Delaunay,12381,0.6771217712177122,0.6582807911603012,0.6808118081180812,0.6444963396934463,0.906582236289978,46.0,f1,0.6582807911603012
Cora,gat,Raw features -> UMAP -> Delaunay,12382,0.6955719557195572,0.6677504032885039,0.6623616236162362,0.6426518282168833,0.8281082510948181,54.0,f1,0.6677504032885039
Cora,gat,Raw features -> UMAP -> Delaunay,12383,0.6642066420664207,0.6479524294552742,0.6697416974169742,0.6367254322537265,0.8155486583709717,56.0,f1,0.6479524294552742
Cora,gat,Raw features -> UMAP -> Delaunay,12384,0.6678966789667896,0.6375114313139741,0.6808118081180812,0.6741654220385632,0.7724310159683228,66.0,f1,0.6375114313139741
Cora,gat,Raw features -> UMAP -> Delaunay,12385,0.6752767527675276,0.660923036670867,0.6623616236162362,0.6252426484299294,0.8344985246658325,56.0,f1,0.660923036670867
Cora,gat,Raw features -> UMAP -> Delaunay,12386,0.6512915129151291,0.6203586155468112,0.6826568265682657,0.6659317055278227,0.7037949562072754,83.0,f1,0.6203586155468112
Cora,gat,Raw features -> UMAP -> Delaunay,12387,0.6623616236162362,0.6377688614409757,0.6734317343173432,0.6480968318122972,0.6861186623573303,78.0,f1,0.6377688614409757
Cora,gat,Raw features -> UMAP -> Delaunay,12388,0.6752767527675276,0.6421040039738403,0.6568265682656826,0.6280604383313513,0.9169596433639526,45.0,f1,0.6421040039738403
Cora,gat,Raw features -> UMAP -> Delaunay,12389,0.6605166051660517,0.6499944015384723,0.6531365313653137,0.6186304901166678,0.6408106684684753,89.0,f1,0.6499944015384723
Cora,gat,Raw features -> UMAP -> Delaunay,12390,0.6678966789667896,0.6560121271740478,0.6642066420664207,0.6493093490957982,0.8278859853744507,58.0,f1,0.6560121271740478
Cora,gat,Raw features -> UMAP -> Delaunay,12391,0.7232472324723247,0.7074409384921776,0.6512915129151291,0.6134764233098686,0.9585723876953124,43.0,f1,0.7074409384921776
Cora,gat,Raw features -> UMAP -> Delaunay,12392,0.6955719557195572,0.6628394969526044,0.6494464944649446,0.6296719561646568,0.874626874923706,53.0,f1,0.6628394969526044
Cora,gat,Raw features -> UMAP -> Delaunay,12393,0.6863468634686347,0.6725324148489172,0.6568265682656826,0.635796944872249,0.7891695499420166,63.0,f1,0.6725324148489172
Cora,gat,Raw features -> UMAP -> Delaunay,12394,0.6678966789667896,0.6491213291563563,0.6605166051660517,0.6379177850727575,0.8704501986503601,48.0,f1,0.6491213291563563
Cora,gat,Raw features -> UMAP -> Delaunay,12395,0.6623616236162362,0.6326451292641183,0.6383763837638377,0.6160276187792251,0.6746228337287903,71.0,f1,0.6326451292641183
Cora,gat,Raw features -> UMAP -> Delaunay,12396,0.6789667896678967,0.6576948142087382,0.6605166051660517,0.6387832411796269,0.7612285614013672,61.0,f1,0.6576948142087382
Cora,gat,Raw features -> UMAP -> Delaunay,12397,0.6642066420664207,0.6268141064168778,0.6678966789667896,0.6416621572649196,0.9562609195709229,38.0,f1,0.6268141064168778
Cora,gat,Raw features -> UMAP -> Delaunay,12398,0.6771217712177122,0.6555715751194239,0.6678966789667896,0.648068873469464,0.8062580227851868,58.0,f1,0.6555715751194239
Cora,gat,Raw features -> UMAP -> Delaunay,12399,0.6549815498154982,0.6304299441726121,0.6752767527675276,0.6346058464885881,0.8161100149154663,57.0,f1,0.6304299441726121
Cora,gat,Raw features -> UMAP -> Delaunay,12400,0.6992619926199262,0.6662497893491827,0.7066420664206642,0.6703362384806437,0.9119855761528016,47.0,f1,0.6662497893491827
Cora,gat,Raw features -> UMAP -> Delaunay,12401,0.6955719557195572,0.6620472010094376,0.6494464944649446,0.6175241049064831,0.7845579385757446,61.0,f1,0.6620472010094376
Cora,gat,Raw features -> UMAP -> Delaunay,12402,0.6808118081180812,0.6556809824185462,0.6476014760147601,0.624446250997326,0.8042638897895813,60.0,f1,0.6556809824185462
Cora,gat,Raw features -> UMAP -> Delaunay,12403,0.6826568265682657,0.6613825805495784,0.6494464944649446,0.6092048045657464,0.8717193007469177,48.0,f1,0.6613825805495784
Cora,gat,Raw features -> UMAP -> Delaunay,12404,0.6863468634686347,0.6667973959965755,0.6494464944649446,0.6284023486946416,0.8215023875236511,54.0,f1,0.6667973959965755
Cora,gat,Raw features -> UMAP -> Delaunay,12405,0.6531365313653137,0.6312265921035746,0.6881918819188192,0.6653943272317852,0.8095867037773132,57.0,f1,0.6312265921035746
Cora,gat,Raw features -> UMAP -> Delaunay,12406,0.7140221402214022,0.6921051212417532,0.6623616236162362,0.6339986209054919,0.9063144326210022,48.0,f1,0.6921051212417532
Cora,gat,Raw features -> UMAP -> Delaunay,12407,0.6863468634686347,0.6488561103949497,0.6531365313653137,0.6221281323895115,0.84639573097229,50.0,f1,0.6488561103949497
Cora,gat,Raw features -> UMAP -> Delaunay,12408,0.6568265682656826,0.6411779706021753,0.6623616236162362,0.6360233603736453,0.8570325970649719,46.0,f1,0.6411779706021753
Cora,gat,Raw features -> UMAP -> Delaunay,12409,0.6531365313653137,0.6271418316363242,0.6992619926199262,0.6771110477749849,0.8932859897613525,43.0,f1,0.6271418316363242
Cora,gat,Raw features -> UMAP -> Delaunay,12410,0.6678966789667896,0.6373938938575474,0.6752767527675276,0.6469836299973422,0.8776938319206238,46.0,f1,0.6373938938575474
Cora,gat,Raw features -> UMAP -> Delaunay,12411,0.6697416974169742,0.6505063017599968,0.6863468634686347,0.6503407946620269,0.8739396333694458,48.0,f1,0.6505063017599968
Cora,gat,Raw features -> UMAP -> Delaunay,12412,0.6808118081180812,0.6646581021556056,0.6697416974169742,0.6481899033407232,0.7766255140304565,66.0,f1,0.6646581021556056
Cora,gat,Raw features -> UMAP -> Delaunay,12413,0.6439114391143912,0.6141630602265477,0.6752767527675276,0.6548872890034104,0.6965734362602234,72.0,f1,0.6141630602265477
Cora,gat,Raw features -> UMAP -> Delaunay,12414,0.6623616236162362,0.6205351009298521,0.6678966789667896,0.6448736834549089,0.6656007766723633,80.0,f1,0.6205351009298521
Cora,gat,Raw features -> UMAP -> Delaunay,12415,0.6642066420664207,0.6437465695127772,0.6402214022140221,0.6152320595126122,0.6594226360321045,86.0,f1,0.6437465695127772
Cora,gat,Raw features -> UMAP -> Delaunay,12416,0.6586715867158671,0.6313393336123568,0.6512915129151291,0.6253914079694481,0.8379044532775879,52.0,f1,0.6313393336123568
Cora,gat,Raw features -> UMAP -> Delaunay,12417,0.6808118081180812,0.6578605658924357,0.6752767527675276,0.6547295022063967,0.7777982950210571,62.0,f1,0.6578605658924357
Cora,gat,Raw features -> UMAP -> Delaunay,12418,0.6715867158671587,0.6525678670057278,0.6568265682656826,0.6278582760027225,0.8031774163246155,55.0,f1,0.6525678670057278
Cora,gat,Raw features -> UMAP -> Delaunay,12419,0.6623616236162362,0.6479314898204575,0.6568265682656826,0.6318231979482684,0.8354508876800537,52.0,f1,0.6479314898204575
Cora,gat,Raw features -> UMAP -> Delaunay,12420,0.6678966789667896,0.6391808488697903,0.6568265682656826,0.6229293113751256,0.785742461681366,57.0,f1,0.6391808488697903
Cora,gat,Raw features -> UMAP -> Delaunay,12421,0.6955719557195572,0.6689551926415992,0.6494464944649446,0.6195479909335513,0.8576498031616211,52.0,f1,0.6689551926415992
Cora,gat,Raw features -> UMAP -> Delaunay,12422,0.6439114391143912,0.6187789153147393,0.6863468634686347,0.6722106695878303,0.7709454894065857,61.0,f1,0.6187789153147393
Cora,gat,Raw features -> UMAP -> Delaunay,12423,0.6715867158671587,0.6529555411522411,0.6955719557195572,0.6773346066357507,0.7349554896354675,70.0,f1,0.6529555411522411
Cora,gat,Raw features -> UMAP -> Delaunay,12424,0.6678966789667896,0.652056478134969,0.7084870848708487,0.675231149352095,0.8142853379249573,60.0,f1,0.652056478134969
Cora,gat,Raw features -> UMAP -> Delaunay,12425,0.6512915129151291,0.616282068372801,0.6309963099630996,0.6087032165294842,0.6105665564537048,88.0,f1,0.616282068372801
Cora,gat,Raw features -> UMAP -> Delaunay,12426,0.6771217712177122,0.6490090457437611,0.6586715867158671,0.6364124817280851,0.8855083584785461,46.0,f1,0.6490090457437611
Cora,gat,Raw features -> UMAP -> Delaunay,12427,0.6752767527675276,0.6422995447403288,0.6346863468634686,0.6151009240917089,0.739643931388855,69.0,f1,0.6422995447403288
Cora,gat,Raw features -> UMAP -> Delaunay,12428,0.6623616236162362,0.6489444836925496,0.6512915129151291,0.6273671516858492,0.8294610977172852,53.0,f1,0.6489444836925496
Cora,gat,Raw features -> UMAP -> Delaunay,12429,0.6660516605166051,0.6564808150796647,0.6771217712177122,0.6499418658004318,0.7985307574272156,58.0,f1,0.6564808150796647
Cora,gat,Raw features -> UMAP -> Delaunay,12430,0.6402214022140221,0.6271063142221924,0.6420664206642066,0.6109696109384496,0.8866755962371826,42.0,f1,0.6271063142221924
Cora,gat,Raw features -> UMAP -> Delaunay,12431,0.6494464944649446,0.6258862224416727,0.6734317343173432,0.650497498894982,0.8277330994606018,54.0,f1,0.6258862224416727
Cora,gat,Raw features -> UMAP -> Delaunay,12432,0.6697416974169742,0.6518908996303209,0.6900369003690037,0.6670880316803344,0.7941328287124634,58.0,f1,0.6518908996303209
Cora,gat,Raw features -> UMAP -> Delaunay,12433,0.7029520295202952,0.6821294584480743,0.6678966789667896,0.6399900283059706,0.8208870887756348,55.0,f1,0.6821294584480743
Cora,gat,Raw features -> UMAP -> Delaunay,12434,0.7029520295202952,0.6852525594660513,0.6697416974169742,0.6401707613062008,0.8565835356712341,59.0,f1,0.6852525594660513
Cora,gat,Raw features -> UMAP -> Delaunay,12435,0.6697416974169742,0.635139445239511,0.6457564575645757,0.6182604429699562,0.8577728867530823,51.0,f1,0.635139445239511
Cora,gat,Raw features -> UMAP -> Delaunay,12436,0.6678966789667896,0.6275100850582699,0.6549815498154982,0.6252894619868327,0.9860762357711792,42.0,f1,0.6275100850582699
Cora,gat,Raw features -> UMAP -> Delaunay,12437,0.6845018450184502,0.6682805163901934,0.6586715867158671,0.6437940881534219,0.8754572868347168,48.0,f1,0.6682805163901934
Cora,gat,Raw features -> UMAP -> Delaunay,12438,0.6476014760147601,0.6121850592242511,0.6476014760147601,0.6381477184191551,0.7766948938369751,56.0,f1,0.6121850592242511
Cora,gat,Raw features -> UMAP -> Delaunay,12439,0.6660516605166051,0.632153758984494,0.6328413284132841,0.6053392505304265,0.636901319026947,81.0,f1,0.632153758984494
Cora,gat,Raw features -> UMAP -> Delaunay,12440,0.6439114391143912,0.6157237414191908,0.6531365313653137,0.632957899560442,0.8621765971183777,48.0,f1,0.6157237414191908
Cora,gat,Raw features -> UMAP -> Delaunay,12441,0.6715867158671587,0.6421166717871536,0.6439114391143912,0.6288679663407581,0.7432909607887268,67.0,f1,0.6421166717871536
Cora,gat,Raw features -> UMAP -> Delaunay,12442,0.6180811808118081,0.5932035104188375,0.6826568265682657,0.6451158017336338,0.7355546355247498,69.0,f1,0.5932035104188375
Cora,gat,Raw features -> UMAP -> Delaunay,12443,0.6752767527675276,0.6400405544996783,0.6531365313653137,0.6274287535726246,0.907316029071808,42.0,f1,0.6400405544996783
Cora,gat,Raw features -> UMAP -> Delaunay,12444,0.6642066420664207,0.6329073190750902,0.6476014760147601,0.6279588792746263,0.8194972276687622,54.0,f1,0.6329073190750902
Coauthor-CS,gcn,Raw features -> UMAP -> Delaunay,12345,0.8216525770384511,0.696561557428545,0.8142896100354513,0.6866143909685817,0.4707578718662262,116.0,f1,0.696561557428545
Coauthor-CS,gcn,Raw features -> UMAP -> Delaunay,12346,0.8265612217071175,0.7075829116108338,0.8137442050722662,0.687143461841449,0.4577562212944031,145.0,f1,0.7075829116108338
Coauthor-CS,gcn,Raw features -> UMAP -> Delaunay,12347,0.8246523043359695,0.6912881707857735,0.8241068993727843,0.705643847391246,0.5547133088111877,60.0,f1,0.6912881707857735
Coauthor-CS,gcn,Raw features -> UMAP -> Delaunay,12348,0.8238341968911918,0.7041849057711034,0.8213798745568585,0.7003157651731192,0.5078903436660767,87.0,f1,0.7041849057711034
Coauthor-CS,gcn,Raw features -> UMAP -> Delaunay,12349,0.8325606763021544,0.7227724295515399,0.8202890646304881,0.6849272006491393,0.5603209733963013,59.0,f1,0.7227724295515399
Coauthor-CS,gcn,Raw features -> UMAP -> Delaunay,12350,0.8205617671120807,0.7031863363126626,0.8181074447777474,0.6905162480860514,0.4822807610034942,110.0,f1,0.7031863363126626
Coauthor-CS,gcn,Raw features -> UMAP -> Delaunay,12351,0.8230160894464139,0.7102050366627932,0.8211071720752658,0.6850139079695758,0.4995633065700531,96.0,f1,0.7102050366627932
Coauthor-CS,gcn,Raw features -> UMAP -> Delaunay,12352,0.8249250068175621,0.6943147789884568,0.815107717480229,0.682551166613412,0.495587408542633,92.0,f1,0.6943147789884568
Coauthor-CS,gcn,Raw features -> UMAP -> Delaunay,12353,0.8194709571857104,0.6943366019395621,0.8205617671120807,0.7011149177659753,0.4775811433792114,115.0,f1,0.6943366019395621
Coauthor-CS,gcn,Raw features -> UMAP -> Delaunay,12354,0.8202890646304881,0.6926911730025902,0.8246523043359695,0.698119654514122,0.5365015864372253,70.0,f1,0.6926911730025902
Coauthor-CS,gcn,Raw features -> UMAP -> Delaunay,12355,0.8123806926643032,0.686481981701759,0.8211071720752658,0.692640158972829,0.5195645093917847,72.0,f1,0.686481981701759
Coauthor-CS,gcn,Raw features -> UMAP -> Delaunay,12356,0.8241068993727843,0.7192302263852551,0.8238341968911918,0.7086230924151862,0.5475293397903442,61.0,f1,0.7192302263852551
Coauthor-CS,gcn,Raw features -> UMAP -> Delaunay,12357,0.8224706844832288,0.6995255652930971,0.8213798745568585,0.6965209207425483,0.4959408938884735,93.0,f1,0.6995255652930971
Coauthor-CS,gcn,Raw features -> UMAP -> Delaunay,12358,0.8241068993727843,0.7034808856754203,0.8161985274065994,0.6765517404319695,0.5547714233398438,58.0,f1,0.7034808856754203
Coauthor-CS,gcn,Raw features -> UMAP -> Delaunay,12359,0.816471229888192,0.6931696697400566,0.8134715025906736,0.6829187804294818,0.5001201033592224,81.0,f1,0.6931696697400566
Coauthor-CS,gcn,Raw features -> UMAP -> Delaunay,12360,0.8265612217071175,0.7137038807786541,0.81838014725934,0.691682414993177,0.5193408727645874,81.0,f1,0.7137038807786541
Coauthor-CS,gcn,Raw features -> UMAP -> Delaunay,12361,0.8232887919280065,0.6999988444599773,0.8148350149986365,0.7057642553005509,0.4801713526248932,113.0,f1,0.6999988444599773
Coauthor-CS,gcn,Raw features -> UMAP -> Delaunay,12362,0.8251977092991546,0.7045077985838135,0.8096536678483774,0.6844667445774971,0.4887663424015045,94.0,f1,0.7045077985838135
Coauthor-CS,gcn,Raw features -> UMAP -> Delaunay,12363,0.8273793291518953,0.7088876923384778,0.8170166348513771,0.6968807869528929,0.5448830127716064,65.0,f1,0.7088876923384778
Coauthor-CS,gcn,Raw features -> UMAP -> Delaunay,12364,0.81838014725934,0.7031038518271201,0.8271066266703027,0.7089479183859503,0.5456860065460205,62.0,f1,0.7031038518271201
Coauthor-CS,gcn,Raw features -> UMAP -> Delaunay,12365,0.8156531224434143,0.7031271289045536,0.8246523043359695,0.7059300371108397,0.5249783992767334,71.0,f1,0.7031271289045536
Coauthor-CS,gcn,Raw features -> UMAP -> Delaunay,12366,0.8292882465230433,0.7084880317233114,0.8260158167439323,0.6968491104602148,0.583924412727356,50.0,f1,0.7084880317233114
Coauthor-CS,gcn,Raw features -> UMAP -> Delaunay,12367,0.8246523043359695,0.7016875009863711,0.8208344695936733,0.6959343394693903,0.5066942572593689,91.0,f1,0.7016875009863711
Coauthor-CS,gcn,Raw features -> UMAP -> Delaunay,12368,0.8175620398145623,0.6916711923389018,0.8134715025906736,0.6737357320738321,0.5248763561248779,66.0,f1,0.6916711923389018
Coauthor-CS,gcn,Raw features -> UMAP -> Delaunay,12369,0.8276520316334879,0.7142067604606682,0.8186528497409327,0.6841051517473234,0.5336766839027405,74.0,f1,0.7142067604606682
Coauthor-CS,gcn,Raw features -> UMAP -> Delaunay,12370,0.8189255522225253,0.6941067798551348,0.8254704117807472,0.7093786822550467,0.5009456872940063,96.0,f1,0.6941067798551348
Coauthor-CS,gcn,Raw features -> UMAP -> Delaunay,12371,0.8336514862285247,0.7196584929589747,0.8172893373329697,0.6957991477074112,0.5275003910064697,74.0,f1,0.7196584929589747
Coauthor-CS,gcn,Raw features -> UMAP -> Delaunay,12372,0.8301063539678211,0.7133264255300261,0.8194709571857104,0.7048303157617203,0.508086085319519,90.0,f1,0.7133264255300261
Coauthor-CS,gcn,Raw features -> UMAP -> Delaunay,12373,0.8331060812653395,0.7223317839259462,0.8224706844832288,0.7018311868228216,0.5653824210166931,55.0,f1,0.7223317839259462
Coauthor-CS,gcn,Raw features -> UMAP -> Delaunay,12374,0.8279247341150805,0.7164510861096197,0.8137442050722662,0.68947388836114,0.5268054604530334,76.0,f1,0.7164510861096197
Coauthor-CS,gcn,Raw features -> UMAP -> Delaunay,12375,0.8262885192255249,0.709940630732673,0.8219252795200437,0.6965950447753637,0.4756700098514557,115.0,f1,0.709940630732673
Coauthor-CS,gcn,Raw features -> UMAP -> Delaunay,12376,0.8159258249250069,0.6925876781343453,0.8271066266703027,0.6988328322275553,0.5350102782249451,70.0,f1,0.6925876781343453
Coauthor-CS,gcn,Raw features -> UMAP -> Delaunay,12377,0.8175620398145623,0.6936772336273597,0.8107444777747478,0.6757450286839156,0.4267643392086029,177.0,f1,0.6936772336273597
Coauthor-CS,gcn,Raw features -> UMAP -> Delaunay,12378,0.8298336514862286,0.7137318139407718,0.8140169075538587,0.6893102922310962,0.5092347860336304,88.0,f1,0.7137318139407718
Coauthor-CS,gcn,Raw features -> UMAP -> Delaunay,12379,0.832833378783747,0.724390327896429,0.8232887919280065,0.6973184283702877,0.5651982426643372,59.0,f1,0.724390327896429
Coauthor-CS,gcn,Raw features -> UMAP -> Delaunay,12380,0.8241068993727843,0.69733802987297,0.8224706844832288,0.7078426770214606,0.5315659046173096,67.0,f1,0.69733802987297
Coauthor-CS,gcn,Raw features -> UMAP -> Delaunay,12381,0.8257431142623398,0.701862653905403,0.8301063539678211,0.706232746219218,0.5345942378044128,72.0,f1,0.701862653905403
Coauthor-CS,gcn,Raw features -> UMAP -> Delaunay,12382,0.8200163621488955,0.6960148331334021,0.8200163621488955,0.6971514697601788,0.4530240893363952,145.0,f1,0.6960148331334021
Coauthor-CS,gcn,Raw features -> UMAP -> Delaunay,12383,0.8311971638941914,0.7045323676157876,0.828197436596673,0.7207153044160568,0.542846143245697,69.0,f1,0.7045323676157876
Coauthor-CS,gcn,Raw features -> UMAP -> Delaunay,12384,0.8181074447777474,0.6914136090391817,0.8175620398145623,0.7015012363200434,0.4975596666336059,95.0,f1,0.6914136090391817
Coauthor-CS,gcn,Raw features -> UMAP -> Delaunay,12385,0.8317425688573766,0.7064944457021186,0.8219252795200437,0.6986395895905215,0.518049955368042,85.0,f1,0.7064944457021186
Coauthor-CS,gcn,Raw features -> UMAP -> Delaunay,12386,0.8170166348513771,0.6863854290444761,0.8309244614125989,0.7178069675997986,0.5517134666442871,63.0,f1,0.6863854290444761
Coauthor-CS,gcn,Raw features -> UMAP -> Delaunay,12387,0.8191982547041178,0.6957889307499836,0.831469866375784,0.712439359129947,0.5005795955657959,93.0,f1,0.6957889307499836
Coauthor-CS,gcn,Raw features -> UMAP -> Delaunay,12388,0.8257431142623398,0.7024647718141083,0.8309244614125989,0.7112437989872871,0.5303812623023987,75.0,f1,0.7024647718141083
Coauthor-CS,gcn,Raw features -> UMAP -> Delaunay,12389,0.8221979820016362,0.7072812632851,0.8178347422961549,0.7001609071129232,0.4901439547538757,109.0,f1,0.7072812632851
Coauthor-CS,gcn,Raw features -> UMAP -> Delaunay,12390,0.8137442050722662,0.6869539940854085,0.8260158167439323,0.7152780742045463,0.5314761996269226,70.0,f1,0.6869539940854085
Coauthor-CS,gcn,Raw features -> UMAP -> Delaunay,12391,0.8243796018543769,0.7102695937538485,0.8211071720752658,0.6926468054819108,0.5665504932403564,50.0,f1,0.7102695937538485
Coauthor-CS,gcn,Raw features -> UMAP -> Delaunay,12392,0.81838014725934,0.6894427342900117,0.8202890646304881,0.6952830217149917,0.4824772775173187,113.0,f1,0.6894427342900117
Coauthor-CS,gcn,Raw features -> UMAP -> Delaunay,12393,0.8246523043359695,0.7042464420043311,0.8191982547041178,0.6880702257592812,0.5500346422195435,63.0,f1,0.7042464420043311
Coauthor-CS,gcn,Raw features -> UMAP -> Delaunay,12394,0.8298336514862286,0.7189590867298873,0.8200163621488955,0.6913838031419586,0.5093640685081482,91.0,f1,0.7189590867298873
Coauthor-CS,gcn,Raw features -> UMAP -> Delaunay,12395,0.8219252795200437,0.697960350783654,0.828197436596673,0.7130515043021945,0.5180259346961975,80.0,f1,0.697960350783654
Coauthor-CS,gcn,Raw features -> UMAP -> Delaunay,12396,0.8232887919280065,0.7115423624545673,0.8243796018543769,0.7048878327919462,0.5190659165382385,85.0,f1,0.7115423624545673
Coauthor-CS,gcn,Raw features -> UMAP -> Delaunay,12397,0.8273793291518953,0.716640556393376,0.8232887919280065,0.6914179378875113,0.5051308870315552,94.0,f1,0.716640556393376
Coauthor-CS,gcn,Raw features -> UMAP -> Delaunay,12398,0.8235614944095991,0.7079655948294399,0.8211071720752658,0.6989334095362915,0.5023046135902405,98.0,f1,0.7079655948294399
Coauthor-CS,gcn,Raw features -> UMAP -> Delaunay,12399,0.8254704117807472,0.7034394741528831,0.8134715025906736,0.6856007553337146,0.4251480996608734,177.0,f1,0.7034394741528831
Coauthor-CS,gcn,Raw features -> UMAP -> Delaunay,12400,0.8271066266703027,0.7105982007711128,0.8287428415598582,0.7083904587072617,0.54463791847229,66.0,f1,0.7105982007711128
Coauthor-CS,gcn,Raw features -> UMAP -> Delaunay,12401,0.8227433869648214,0.701856319969779,0.8238341968911918,0.7011965943824049,0.5538815259933472,54.0,f1,0.701856319969779
Coauthor-CS,gcn,Raw features -> UMAP -> Delaunay,12402,0.8246523043359695,0.7053117261149067,0.8189255522225253,0.7091017526387638,0.4922032654285431,104.0,f1,0.7053117261149067
Coauthor-CS,gcn,Raw features -> UMAP -> Delaunay,12403,0.8301063539678211,0.7075537304569657,0.815107717480229,0.6913703965379447,0.5139044523239136,79.0,f1,0.7075537304569657
Coauthor-CS,gcn,Raw features -> UMAP -> Delaunay,12404,0.8181074447777474,0.6926700828918312,0.8211071720752658,0.6891211927170935,0.5521330833435059,57.0,f1,0.6926700828918312
Coauthor-CS,gcn,Raw features -> UMAP -> Delaunay,12405,0.8268339241887102,0.7023283065863233,0.8251977092991546,0.6971752984602496,0.5403943061828613,68.0,f1,0.7023283065863233
Coauthor-CS,gcn,Raw features -> UMAP -> Delaunay,12406,0.8208344695936733,0.6962667991004341,0.8189255522225253,0.6996664064745761,0.5246512293815613,76.0,f1,0.6962667991004341
Coauthor-CS,gcn,Raw features -> UMAP -> Delaunay,12407,0.8189255522225253,0.700922627422414,0.8227433869648214,0.6984535016582721,0.4988551735877991,93.0,f1,0.700922627422414
Coauthor-CS,gcn,Raw features -> UMAP -> Delaunay,12408,0.8235614944095991,0.7096048436927732,0.8257431142623398,0.7050547607511543,0.5408167243003845,70.0,f1,0.7096048436927732
Coauthor-CS,gcn,Raw features -> UMAP -> Delaunay,12409,0.8238341968911918,0.7029130555857582,0.8216525770384511,0.700293167663769,0.5599507093429565,60.0,f1,0.7029130555857582
Coauthor-CS,gcn,Raw features -> UMAP -> Delaunay,12410,0.819743659667303,0.7001918464459581,0.8205617671120807,0.7043714711050171,0.5435106754302979,65.0,f1,0.7001918464459581
Coauthor-CS,gcn,Raw features -> UMAP -> Delaunay,12411,0.8257431142623398,0.7054628795863559,0.8251977092991546,0.7034784911281984,0.4597286283969879,141.0,f1,0.7054628795863559
Coauthor-CS,gcn,Raw features -> UMAP -> Delaunay,12412,0.8279247341150805,0.7092959224254973,0.8159258249250069,0.6839358990172785,0.4360591769218445,171.0,f1,0.7092959224254973
Coauthor-CS,gcn,Raw features -> UMAP -> Delaunay,12413,0.8208344695936733,0.7005750774443004,0.8216525770384511,0.6851996647627147,0.560200035572052,53.0,f1,0.7005750774443004
Coauthor-CS,gcn,Raw features -> UMAP -> Delaunay,12414,0.8284701390782656,0.7273233838211282,0.8153804199618216,0.6829219209308953,0.5471670031547546,61.0,f1,0.7273233838211282
Coauthor-CS,gcn,Raw features -> UMAP -> Delaunay,12415,0.8224706844832288,0.6937501127516775,0.8257431142623398,0.7072933417515016,0.5302453637123108,76.0,f1,0.6937501127516775
Coauthor-CS,gcn,Raw features -> UMAP -> Delaunay,12416,0.8298336514862286,0.7139575520048046,0.8224706844832288,0.6914166210630381,0.5332008004188538,73.0,f1,0.7139575520048046
Coauthor-CS,gcn,Raw features -> UMAP -> Delaunay,12417,0.8232887919280065,0.7119654796318251,0.8211071720752658,0.7012124903058343,0.519319474697113,75.0,f1,0.7119654796318251
Coauthor-CS,gcn,Raw features -> UMAP -> Delaunay,12418,0.8224706844832288,0.6990582219711261,0.81838014725934,0.7062797984234114,0.5313817858695984,70.0,f1,0.6990582219711261
Coauthor-CS,gcn,Raw features -> UMAP -> Delaunay,12419,0.8200163621488955,0.6973741468106117,0.8219252795200437,0.6955950467502018,0.4626902639865875,138.0,f1,0.6973741468106117
Coauthor-CS,gcn,Raw features -> UMAP -> Delaunay,12420,0.8189255522225253,0.6971094152594486,0.8265612217071175,0.7131703486530131,0.5365341901779175,67.0,f1,0.6971094152594486
Coauthor-CS,gcn,Raw features -> UMAP -> Delaunay,12421,0.828197436596673,0.705628918988599,0.8118352877011181,0.6830312864342638,0.5293581485748291,70.0,f1,0.705628918988599
Coauthor-CS,gcn,Raw features -> UMAP -> Delaunay,12422,0.8200163621488955,0.698531793215826,0.8211071720752658,0.702934234880359,0.5505196452140808,59.0,f1,0.698531793215826
Coauthor-CS,gcn,Raw features -> UMAP -> Delaunay,12423,0.8202890646304881,0.7199691162101255,0.8186528497409327,0.6998571924410046,0.5464825630187988,58.0,f1,0.7199691162101255
Coauthor-CS,gcn,Raw features -> UMAP -> Delaunay,12424,0.815107717480229,0.6829165454176864,0.8145623125170439,0.7016997192840945,0.501250147819519,82.0,f1,0.6829165454176864
Coauthor-CS,gcn,Raw features -> UMAP -> Delaunay,12425,0.8249250068175621,0.7019337268589017,0.819743659667303,0.7050164017566775,0.522514283657074,80.0,f1,0.7019337268589017
Coauthor-CS,gcn,Raw features -> UMAP -> Delaunay,12426,0.8260158167439323,0.7055017827355557,0.8243796018543769,0.7036846385949826,0.5319885611534119,70.0,f1,0.7055017827355557
Coauthor-CS,gcn,Raw features -> UMAP -> Delaunay,12427,0.8170166348513771,0.7061735200881409,0.8317425688573766,0.714328998069766,0.5488887429237366,67.0,f1,0.7061735200881409
Coauthor-CS,gcn,Raw features -> UMAP -> Delaunay,12428,0.8205617671120807,0.6866450900959615,0.8213798745568585,0.7017200323497204,0.5366182327270508,64.0,f1,0.6866450900959615
Coauthor-CS,gcn,Raw features -> UMAP -> Delaunay,12429,0.8211071720752658,0.6882798156830342,0.8126533951458959,0.6928923945771274,0.4335232973098755,166.0,f1,0.6882798156830342
Coauthor-CS,gcn,Raw features -> UMAP -> Delaunay,12430,0.8175620398145623,0.7014915918649335,0.8279247341150805,0.7145463584909297,0.5439573526382446,60.0,f1,0.7014915918649335
Coauthor-CS,gcn,Raw features -> UMAP -> Delaunay,12431,0.8202890646304881,0.7082173750570246,0.8251977092991546,0.7002931844149597,0.5247966647148132,69.0,f1,0.7082173750570246
Coauthor-CS,gcn,Raw features -> UMAP -> Delaunay,12432,0.8260158167439323,0.707857370564445,0.8202890646304881,0.693550899395825,0.4862608313560486,107.0,f1,0.707857370564445
Coauthor-CS,gcn,Raw features -> UMAP -> Delaunay,12433,0.8251977092991546,0.702570993432375,0.8175620398145623,0.6852076839502944,0.5421122908592224,64.0,f1,0.702570993432375
Coauthor-CS,gcn,Raw features -> UMAP -> Delaunay,12434,0.8238341968911918,0.7068722395501126,0.81838014725934,0.6906407990433964,0.5304685235023499,71.0,f1,0.7068722395501126
Coauthor-CS,gcn,Raw features -> UMAP -> Delaunay,12435,0.8276520316334879,0.7135390301508974,0.8175620398145623,0.6898033546021055,0.5404420495033264,63.0,f1,0.7135390301508974
Coauthor-CS,gcn,Raw features -> UMAP -> Delaunay,12436,0.8230160894464139,0.6924296984468655,0.8211071720752658,0.7138842040438304,0.4959641695022583,98.0,f1,0.6924296984468655
Coauthor-CS,gcn,Raw features -> UMAP -> Delaunay,12437,0.8287428415598582,0.7077176374859458,0.8301063539678211,0.6949171028627805,0.5420981645584106,72.0,f1,0.7077176374859458
Coauthor-CS,gcn,Raw features -> UMAP -> Delaunay,12438,0.8320152713389691,0.7148318003749421,0.8221979820016362,0.6995544086682187,0.5375523567199707,69.0,f1,0.7148318003749421
Coauthor-CS,gcn,Raw features -> UMAP -> Delaunay,12439,0.8276520316334879,0.7144027829085634,0.819743659667303,0.688083381024853,0.5398597717285156,65.0,f1,0.7144027829085634
Coauthor-CS,gcn,Raw features -> UMAP -> Delaunay,12440,0.8246523043359695,0.710196440170349,0.8262885192255249,0.6985071680737237,0.55037921667099,62.0,f1,0.710196440170349
Coauthor-CS,gcn,Raw features -> UMAP -> Delaunay,12441,0.81838014725934,0.6878597969487857,0.8191982547041178,0.6892458148917832,0.4304083883762359,175.0,f1,0.6878597969487857
Coauthor-CS,gcn,Raw features -> UMAP -> Delaunay,12442,0.8140169075538587,0.6897846858635794,0.828197436596673,0.7032331619817129,0.4813390374183655,108.0,f1,0.6897846858635794
Coauthor-CS,gcn,Raw features -> UMAP -> Delaunay,12443,0.8279247341150805,0.7026025841938,0.8257431142623398,0.7071787619804473,0.5489307641983032,61.0,f1,0.7026025841938
Coauthor-CS,gcn,Raw features -> UMAP -> Delaunay,12444,0.8284701390782656,0.7148333472113432,0.816471229888192,0.6868164806652767,0.5099508166313171,89.0,f1,0.7148333472113432
Coauthor-CS,sage,Raw features -> UMAP -> Delaunay,12345,0.9266430324515952,0.901065036020631,0.9181892555222252,0.8903416212228905,0.0400413013994693,160.0,f1,0.901065036020631
Coauthor-CS,sage,Raw features -> UMAP -> Delaunay,12346,0.9263703299700028,0.8955777366259352,0.9206435778565584,0.8931635206041716,0.1321948170661926,78.0,f1,0.8955777366259352
Coauthor-CS,sage,Raw features -> UMAP -> Delaunay,12347,0.922279792746114,0.8908408931063551,0.9301881647122988,0.9065593833972578,0.0413287952542305,161.0,f1,0.8908408931063551
Coauthor-CS,sage,Raw features -> UMAP -> Delaunay,12348,0.9244614125988546,0.9001624531096855,0.922279792746114,0.8892601119251442,0.0326690003275871,182.0,f1,0.9001624531096855
Coauthor-CS,sage,Raw features -> UMAP -> Delaunay,12349,0.9263703299700028,0.8981719808720705,0.9244614125988546,0.8969162116577168,0.024295762181282,211.0,f1,0.8981719808720705
Coauthor-CS,sage,Raw features -> UMAP -> Delaunay,12350,0.9293700572675212,0.9074586837438788,0.9200981728933734,0.8936287229743763,0.0715962275862693,115.0,f1,0.9074586837438788
Coauthor-CS,sage,Raw features -> UMAP -> Delaunay,12351,0.9266430324515952,0.903730243824594,0.9250068175620398,0.8975957788693553,0.069377988576889,118.0,f1,0.903730243824594
Coauthor-CS,sage,Raw features -> UMAP -> Delaunay,12352,0.9211889828197436,0.8894217386483602,0.9181892555222252,0.8853834047358262,0.1002442017197609,93.0,f1,0.8894217386483602
Coauthor-CS,sage,Raw features -> UMAP -> Delaunay,12353,0.9211889828197436,0.8951040875601488,0.9280065448595582,0.9016225554879506,0.0781733989715576,112.0,f1,0.8951040875601488
Coauthor-CS,sage,Raw features -> UMAP -> Delaunay,12354,0.9200981728933734,0.8893307561179019,0.928824652304336,0.9006433895236975,0.104179173707962,95.0,f1,0.8893307561179019
Coauthor-CS,sage,Raw features -> UMAP -> Delaunay,12355,0.9200981728933734,0.8911569143565052,0.9244614125988546,0.8970748588786619,0.0846230536699295,105.0,f1,0.8911569143565052
Coauthor-CS,sage,Raw features -> UMAP -> Delaunay,12356,0.925552222525225,0.9037588592432892,0.9285519498227434,0.9059260877466008,0.0608020350337028,131.0,f1,0.9037588592432892
Coauthor-CS,sage,Raw features -> UMAP -> Delaunay,12357,0.9247341150804472,0.8981221853462988,0.9192800654485956,0.8941021310701368,0.0211381874978542,230.0,f1,0.8981221853462988
Coauthor-CS,sage,Raw features -> UMAP -> Delaunay,12358,0.9260976274884102,0.8972861467775467,0.9293700572675212,0.9061984499692922,0.0146301090717315,285.0,f1,0.8972861467775467
Coauthor-CS,sage,Raw features -> UMAP -> Delaunay,12359,0.9217343877829288,0.8940487899059264,0.9192800654485956,0.8848277283792593,0.0119313392788171,312.0,f1,0.8940487899059264
Coauthor-CS,sage,Raw features -> UMAP -> Delaunay,12360,0.9277338423779656,0.9062808336455964,0.9299154622307064,0.9027893116964528,0.0275794230401515,196.0,f1,0.9062808336455964
Coauthor-CS,sage,Raw features -> UMAP -> Delaunay,12361,0.922279792746114,0.895723941403369,0.9211889828197436,0.9000449766314436,0.0677704811096191,120.0,f1,0.895723941403369
Coauthor-CS,sage,Raw features -> UMAP -> Delaunay,12362,0.9239160076356696,0.9042545723682476,0.9173711480774476,0.8908546861612656,0.0877956002950668,102.0,f1,0.9042545723682476
Coauthor-CS,sage,Raw features -> UMAP -> Delaunay,12363,0.9244614125988546,0.899044212539638,0.9263703299700028,0.9064743952403268,0.0372116565704345,172.0,f1,0.899044212539638
Coauthor-CS,sage,Raw features -> UMAP -> Delaunay,12364,0.91764385055904,0.8900849231673702,0.927461139896373,0.8984935768325264,0.0505489893257617,140.0,f1,0.8900849231673702
Coauthor-CS,sage,Raw features -> UMAP -> Delaunay,12365,0.9181892555222252,0.8938206607693258,0.9266430324515952,0.9060703859096784,0.0755102187395095,114.0,f1,0.8938206607693258
Coauthor-CS,sage,Raw features -> UMAP -> Delaunay,12366,0.9318243796018544,0.9049829873696116,0.9285519498227434,0.9061765933908436,0.0602324493229389,129.0,f1,0.9049829873696116
Coauthor-CS,sage,Raw features -> UMAP -> Delaunay,12367,0.922279792746114,0.8965862292021849,0.9192800654485956,0.8880387849799116,0.1006117761135101,95.0,f1,0.8965862292021849
Coauthor-CS,sage,Raw features -> UMAP -> Delaunay,12368,0.9236433051540768,0.8996444140502216,0.9233706026724844,0.896415595470163,0.067650981247425,121.0,f1,0.8996444140502216
Coauthor-CS,sage,Raw features -> UMAP -> Delaunay,12369,0.9282792473411507,0.9054531102317164,0.917098445595855,0.8857186043975478,0.0706956312060356,119.0,f1,0.9054531102317164
Coauthor-CS,sage,Raw features -> UMAP -> Delaunay,12370,0.9211889828197436,0.8890954277677853,0.9293700572675212,0.9110822059326592,0.0376343354582786,173.0,f1,0.8890954277677853
Coauthor-CS,sage,Raw features -> UMAP -> Delaunay,12371,0.9329151895282248,0.910966150599414,0.9214616853013362,0.8977660890416914,0.1236218214035034,80.0,f1,0.910966150599414
Coauthor-CS,sage,Raw features -> UMAP -> Delaunay,12372,0.9277338423779656,0.9049041848592864,0.9184619580038178,0.8928416266006904,0.0304145943373441,187.0,f1,0.9049041848592864
Coauthor-CS,sage,Raw features -> UMAP -> Delaunay,12373,0.927461139896373,0.9028508402318448,0.9239160076356696,0.8976589710302433,0.0178356207907199,246.0,f1,0.9028508402318448
Coauthor-CS,sage,Raw features -> UMAP -> Delaunay,12374,0.927461139896373,0.904965425471223,0.9165530406326696,0.8868044214290385,0.027768213301897,198.0,f1,0.904965425471223
Coauthor-CS,sage,Raw features -> UMAP -> Delaunay,12375,0.9230979001908918,0.8907060089458266,0.9250068175620398,0.9040290375261189,0.0841118767857551,106.0,f1,0.8907060089458266
Coauthor-CS,sage,Raw features -> UMAP -> Delaunay,12376,0.9206435778565584,0.8948898957720599,0.9244614125988546,0.8937921320465066,0.0225772596895694,226.0,f1,0.8948898957720599
Coauthor-CS,sage,Raw features -> UMAP -> Delaunay,12377,0.924188710117262,0.903688909406425,0.9280065448595582,0.9041246169485287,0.0661295056343078,118.0,f1,0.903688909406425
Coauthor-CS,sage,Raw features -> UMAP -> Delaunay,12378,0.9233706026724844,0.897338236772002,0.9239160076356696,0.8953693788325411,0.0978103503584861,95.0,f1,0.897338236772002
Coauthor-CS,sage,Raw features -> UMAP -> Delaunay,12379,0.9263703299700028,0.8974897986488993,0.926915734933188,0.9028927188364124,0.0687455013394355,121.0,f1,0.8974897986488993
Coauthor-CS,sage,Raw features -> UMAP -> Delaunay,12380,0.927461139896373,0.9005980044667355,0.922279792746114,0.8930755823330668,0.0552452467381954,132.0,f1,0.9005980044667355
Coauthor-CS,sage,Raw features -> UMAP -> Delaunay,12381,0.9220070902645214,0.8953841886905719,0.9239160076356696,0.9037046368595104,0.0926038548350334,99.0,f1,0.8953841886905719
Coauthor-CS,sage,Raw features -> UMAP -> Delaunay,12382,0.924188710117262,0.8954122706255384,0.9217343877829288,0.8992253146086001,0.0087370881810784,376.0,f1,0.8954122706255384
Coauthor-CS,sage,Raw features -> UMAP -> Delaunay,12383,0.9299154622307064,0.9075251853661668,0.9217343877829288,0.8936879271902648,0.0121442656964063,309.0,f1,0.9075251853661668
Coauthor-CS,sage,Raw features -> UMAP -> Delaunay,12384,0.9250068175620398,0.8991050511230037,0.925552222525225,0.8993495050692126,0.0327753312885761,181.0,f1,0.8991050511230037
Coauthor-CS,sage,Raw features -> UMAP -> Delaunay,12385,0.9296427597491136,0.8986207809117933,0.9209162803381512,0.8846011381582202,0.0364102348685264,169.0,f1,0.8986207809117933
Coauthor-CS,sage,Raw features -> UMAP -> Delaunay,12386,0.9233706026724844,0.9002240253813781,0.926915734933188,0.9011611904945036,0.0693466886878013,117.0,f1,0.9002240253813781
Coauthor-CS,sage,Raw features -> UMAP -> Delaunay,12387,0.9236433051540768,0.8997946047587081,0.9260976274884102,0.90078118403526,0.034216072410345,173.0,f1,0.8997946047587081
Coauthor-CS,sage,Raw features -> UMAP -> Delaunay,12388,0.9214616853013362,0.892140164715057,0.9206435778565584,0.8835803572200305,0.0663902759552002,123.0,f1,0.892140164715057
Coauthor-CS,sage,Raw features -> UMAP -> Delaunay,12389,0.9271884374147804,0.9101959405672936,0.9140987182983366,0.8822377657173847,0.1106795296072959,88.0,f1,0.9101959405672936
Coauthor-CS,sage,Raw features -> UMAP -> Delaunay,12390,0.925552222525225,0.9011653612768205,0.922279792746114,0.894553092168968,0.0358816795051097,173.0,f1,0.9011653612768205
Coauthor-CS,sage,Raw features -> UMAP -> Delaunay,12391,0.9239160076356696,0.8954832124149817,0.9200981728933734,0.8937204490719104,0.0213960502296686,228.0,f1,0.8954832124149817
Coauthor-CS,sage,Raw features -> UMAP -> Delaunay,12392,0.9228251977092992,0.8905186907184823,0.927461139896373,0.9071450064623292,0.0601777732372283,130.0,f1,0.8905186907184823
Coauthor-CS,sage,Raw features -> UMAP -> Delaunay,12393,0.9296427597491136,0.902525267986514,0.9263703299700028,0.9025039044036608,0.0635641291737556,125.0,f1,0.902525267986514
Coauthor-CS,sage,Raw features -> UMAP -> Delaunay,12394,0.9266430324515952,0.9059244647707624,0.925552222525225,0.8932423505780217,0.0463978014886379,148.0,f1,0.9059244647707624
Coauthor-CS,sage,Raw features -> UMAP -> Delaunay,12395,0.927461139896373,0.901198048137344,0.9312789746386692,0.907464706177414,0.04341871291399,156.0,f1,0.901198048137344
Coauthor-CS,sage,Raw features -> UMAP -> Delaunay,12396,0.926915734933188,0.9043434636613232,0.9263703299700028,0.898337892135272,0.0092401867732405,364.0,f1,0.9043434636613232
Coauthor-CS,sage,Raw features -> UMAP -> Delaunay,12397,0.9345514044177802,0.9158152912947978,0.926915734933188,0.9007872661482756,0.1022384613752365,94.0,f1,0.9158152912947978
Coauthor-CS,sage,Raw features -> UMAP -> Delaunay,12398,0.9258249250068176,0.9009559504367518,0.9260976274884102,0.9018033642328526,0.0496003106236457,147.0,f1,0.9009559504367518
Coauthor-CS,sage,Raw features -> UMAP -> Delaunay,12399,0.9299154622307064,0.907330169514669,0.9244614125988546,0.8941913621854726,0.0615989491343498,124.0,f1,0.907330169514669
Coauthor-CS,sage,Raw features -> UMAP -> Delaunay,12400,0.9342787019361876,0.9121225240791976,0.9244614125988546,0.8983930247051224,0.02118506655097,230.0,f1,0.9121225240791976
Coauthor-CS,sage,Raw features -> UMAP -> Delaunay,12401,0.9187346604854104,0.8936156483451964,0.9299154622307064,0.9074641516281782,0.0426744557917118,160.0,f1,0.8936156483451964
Coauthor-CS,sage,Raw features -> UMAP -> Delaunay,12402,0.925552222525225,0.8988205361027439,0.9225524952277064,0.8954814263486086,0.0553745031356811,134.0,f1,0.8988205361027439
Coauthor-CS,sage,Raw features -> UMAP -> Delaunay,12403,0.9337332969730024,0.9125338066027272,0.9217343877829288,0.8960180095463158,0.0252236202359199,207.0,f1,0.9125338066027272
Coauthor-CS,sage,Raw features -> UMAP -> Delaunay,12404,0.9228251977092992,0.8992482736399583,0.9252795200436325,0.8927364002172926,0.0505945980548858,145.0,f1,0.8992482736399583
Coauthor-CS,sage,Raw features -> UMAP -> Delaunay,12405,0.9282792473411507,0.902271237499132,0.9293700572675212,0.9019736102198356,0.0442455187439918,160.0,f1,0.902271237499132
Coauthor-CS,sage,Raw features -> UMAP -> Delaunay,12406,0.9263703299700028,0.904034986288824,0.9236433051540768,0.9023073394659912,0.0509997271001338,143.0,f1,0.904034986288824
Coauthor-CS,sage,Raw features -> UMAP -> Delaunay,12407,0.926915734933188,0.9120249826471148,0.9187346604854104,0.8833473776617484,0.0158968660980463,277.0,f1,0.9120249826471148
Coauthor-CS,sage,Raw features -> UMAP -> Delaunay,12408,0.9282792473411507,0.9037569934964932,0.9206435778565584,0.8921564780009028,0.0380028784275054,169.0,f1,0.9037569934964932
Coauthor-CS,sage,Raw features -> UMAP -> Delaunay,12409,0.9280065448595582,0.904393513720548,0.9266430324515952,0.894424669957667,0.0904503986239433,102.0,f1,0.904393513720548
Coauthor-CS,sage,Raw features -> UMAP -> Delaunay,12410,0.9250068175620398,0.9046800304069722,0.9271884374147804,0.9103856605130526,0.1186152100563049,84.0,f1,0.9046800304069722
Coauthor-CS,sage,Raw features -> UMAP -> Delaunay,12411,0.9345514044177802,0.9150033863487048,0.9271884374147804,0.891960469099274,0.0195171032100915,237.0,f1,0.9150033863487048
Coauthor-CS,sage,Raw features -> UMAP -> Delaunay,12412,0.9299154622307064,0.9001792044077923,0.9220070902645214,0.894661543962388,0.0161580052226781,276.0,f1,0.9001792044077923
Coauthor-CS,sage,Raw features -> UMAP -> Delaunay,12413,0.9301881647122988,0.9100665081391484,0.924188710117262,0.8976441766825152,0.0444409251213073,152.0,f1,0.9100665081391484
Coauthor-CS,sage,Raw features -> UMAP -> Delaunay,12414,0.9252795200436325,0.903985273283757,0.9181892555222252,0.8894260158723962,0.1175327152013778,85.0,f1,0.903985273283757
Coauthor-CS,sage,Raw features -> UMAP -> Delaunay,12415,0.9293700572675212,0.9075499049288775,0.932642487046632,0.910770649619574,0.0352611914277076,173.0,f1,0.9075499049288775
Coauthor-CS,sage,Raw features -> UMAP -> Delaunay,12416,0.9271884374147804,0.9036021926353636,0.9266430324515952,0.9029350252506488,0.0433385111391544,156.0,f1,0.9036021926353636
Coauthor-CS,sage,Raw features -> UMAP -> Delaunay,12417,0.924188710117262,0.8948849277958537,0.919552767930188,0.8908056933873636,0.0733030438423156,113.0,f1,0.8948849277958537
Coauthor-CS,sage,Raw features -> UMAP -> Delaunay,12418,0.9331878920098172,0.90820256507533,0.9211889828197436,0.9014485663967226,0.0474444553256034,149.0,f1,0.90820256507533
Coauthor-CS,sage,Raw features -> UMAP -> Delaunay,12419,0.9299154622307064,0.9102734437431432,0.926915734933188,0.8948304444754097,0.0526753701269626,138.0,f1,0.9102734437431432
Coauthor-CS,sage,Raw features -> UMAP -> Delaunay,12420,0.9209162803381512,0.894039787943698,0.9225524952277064,0.8897425824752194,0.0189260579645633,249.0,f1,0.894039787943698
Coauthor-CS,sage,Raw features -> UMAP -> Delaunay,12421,0.9258249250068176,0.9052373743299376,0.9220070902645214,0.8895757320106183,0.0696387737989425,121.0,f1,0.9052373743299376
Coauthor-CS,sage,Raw features -> UMAP -> Delaunay,12422,0.9271884374147804,0.9000092814791605,0.9187346604854104,0.8877521630635752,0.0289771389216184,197.0,f1,0.9000092814791605
Coauthor-CS,sage,Raw features -> UMAP -> Delaunay,12423,0.9184619580038178,0.9020737575754788,0.9206435778565584,0.8986493057584592,0.0200062859803438,237.0,f1,0.9020737575754788
Coauthor-CS,sage,Raw features -> UMAP -> Delaunay,12424,0.9244614125988546,0.8962616526912952,0.9206435778565584,0.8985963005163006,0.0116723719984292,318.0,f1,0.8962616526912952
Coauthor-CS,sage,Raw features -> UMAP -> Delaunay,12425,0.9331878920098172,0.91173101098645,0.9233706026724844,0.899478619446708,0.0503298379480838,146.0,f1,0.91173101098645
Coauthor-CS,sage,Raw features -> UMAP -> Delaunay,12426,0.932642487046632,0.9070361383344998,0.9217343877829288,0.8944064482356493,0.0540542528033256,139.0,f1,0.9070361383344998
Coauthor-CS,sage,Raw features -> UMAP -> Delaunay,12427,0.922279792746114,0.9018234867471232,0.9293700572675212,0.911009436467534,0.0177968554198741,257.0,f1,0.9018234867471232
Coauthor-CS,sage,Raw features -> UMAP -> Delaunay,12428,0.9266430324515952,0.9013732557565352,0.927461139896373,0.9135564323439176,0.0333596654236316,175.0,f1,0.9013732557565352
Coauthor-CS,sage,Raw features -> UMAP -> Delaunay,12429,0.9247341150804472,0.9012304431849344,0.9187346604854104,0.887580535547679,0.0109531311318278,328.0,f1,0.9012304431849344
Coauthor-CS,sage,Raw features -> UMAP -> Delaunay,12430,0.9149168257431144,0.8807673617851797,0.9293700572675212,0.9032580300610678,0.1157433465123176,86.0,f1,0.8807673617851797
Coauthor-CS,sage,Raw features -> UMAP -> Delaunay,12431,0.9217343877829288,0.8962761097034913,0.9323697845650396,0.9034530593268704,0.0287004131823778,192.0,f1,0.8962761097034913
Coauthor-CS,sage,Raw features -> UMAP -> Delaunay,12432,0.9293700572675212,0.8994780351196356,0.919007362967003,0.8940505564939409,0.0659433230757713,121.0,f1,0.8994780351196356
Coauthor-CS,sage,Raw features -> UMAP -> Delaunay,12433,0.9299154622307064,0.9056680581379236,0.9228251977092992,0.897852388509511,0.0593526177108287,133.0,f1,0.9056680581379236
Coauthor-CS,sage,Raw features -> UMAP -> Delaunay,12434,0.9266430324515952,0.9060336290896231,0.9154622307062994,0.8804514200510992,0.0363421961665153,167.0,f1,0.9060336290896231
Coauthor-CS,sage,Raw features -> UMAP -> Delaunay,12435,0.930733569675484,0.9071956907475248,0.915734933187892,0.8871955123785267,0.0380710624158382,162.0,f1,0.9071956907475248
Coauthor-CS,sage,Raw features -> UMAP -> Delaunay,12436,0.9236433051540768,0.900822473019642,0.919552767930188,0.9022921017028284,0.067368060350418,123.0,f1,0.900822473019642
Coauthor-CS,sage,Raw features -> UMAP -> Delaunay,12437,0.9290973547859286,0.9001321145831559,0.927461139896373,0.8942802577703378,0.0542100444436073,138.0,f1,0.9001321145831559
Coauthor-CS,sage,Raw features -> UMAP -> Delaunay,12438,0.922279792746114,0.896891659734682,0.9247341150804472,0.9018193743638312,0.0430543348193168,153.0,f1,0.896891659734682
Coauthor-CS,sage,Raw features -> UMAP -> Delaunay,12439,0.9315516771202618,0.9155033035857956,0.9260976274884102,0.9029731198079368,0.0358461067080497,177.0,f1,0.9155033035857956
Coauthor-CS,sage,Raw features -> UMAP -> Delaunay,12440,0.9181892555222252,0.8875985266211038,0.9179165530406328,0.8864099419968009,0.0989242121577262,93.0,f1,0.8875985266211038
Coauthor-CS,sage,Raw features -> UMAP -> Delaunay,12441,0.9233706026724844,0.8914020269660725,0.9290973547859286,0.9037031258060018,0.0489851124584674,149.0,f1,0.8914020269660725
Coauthor-CS,sage,Raw features -> UMAP -> Delaunay,12442,0.9236433051540768,0.8918820736256824,0.9293700572675212,0.8997043678013239,0.0651665702462196,124.0,f1,0.8918820736256824
Coauthor-CS,sage,Raw features -> UMAP -> Delaunay,12443,0.930733569675484,0.9074334257231552,0.9299154622307064,0.9062360988432566,0.0552025064826011,137.0,f1,0.9074334257231552
Coauthor-CS,sage,Raw features -> UMAP -> Delaunay,12444,0.9293700572675212,0.9080655666954922,0.9280065448595582,0.9024647363504772,0.103362925350666,94.0,f1,0.9080655666954922
Coauthor-CS,gat,Raw features -> UMAP -> Delaunay,12345,0.806653940550859,0.6818518498345821,0.8009271884374147,0.6666593035790601,0.2669596970081329,84.0,f1,0.6818518498345821
Coauthor-CS,gat,Raw features -> UMAP -> Delaunay,12346,0.8129260976274885,0.685848744137574,0.8058358331060813,0.6795781069383175,0.315260648727417,70.0,f1,0.685848744137574
Coauthor-CS,gat,Raw features -> UMAP -> Delaunay,12347,0.8058358331060813,0.6570634111551964,0.8126533951458959,0.6874344307692718,0.3426364064216614,60.0,f1,0.6570634111551964
Coauthor-CS,gat,Raw features -> UMAP -> Delaunay,12348,0.8080174529588219,0.6772549484881836,0.8017452958821926,0.6696888261844862,0.2700365483760834,87.0,f1,0.6772549484881836
Coauthor-CS,gat,Raw features -> UMAP -> Delaunay,12349,0.8153804199618216,0.6991484272976269,0.8025634033269703,0.6632358825148821,0.3254115283489227,62.0,f1,0.6991484272976269
Coauthor-CS,gat,Raw features -> UMAP -> Delaunay,12350,0.8093809653667848,0.6718159798306123,0.803381510771748,0.6621893472527827,0.3713186383247375,49.0,f1,0.6718159798306123
Coauthor-CS,gat,Raw features -> UMAP -> Delaunay,12351,0.8137442050722662,0.6940249905287865,0.8104717752931552,0.6675953414764884,0.3404108881950378,60.0,f1,0.6940249905287865
Coauthor-CS,gat,Raw features -> UMAP -> Delaunay,12352,0.8115625852195255,0.6703205399348987,0.7971093536951186,0.6544078881560622,0.2541619837284088,93.0,f1,0.6703205399348987
Coauthor-CS,gat,Raw features -> UMAP -> Delaunay,12353,0.806653940550859,0.6758712441253608,0.8011998909190073,0.671215154998537,0.2887002825736999,77.0,f1,0.6758712441253608
Coauthor-CS,gat,Raw features -> UMAP -> Delaunay,12354,0.8088355604035997,0.6836922508053027,0.8161985274065994,0.6825085852210105,0.3447900116443634,58.0,f1,0.6836922508053027
Coauthor-CS,gat,Raw features -> UMAP -> Delaunay,12355,0.7941096263976002,0.660241218157246,0.8074720479956368,0.6687034160451776,0.3594758510589599,51.0,f1,0.660241218157246
Coauthor-CS,gat,Raw features -> UMAP -> Delaunay,12356,0.8145623125170439,0.6992208741377247,0.8044723206981184,0.6809011527690533,0.3293366730213165,63.0,f1,0.6992208741377247
Coauthor-CS,gat,Raw features -> UMAP -> Delaunay,12357,0.8110171802563403,0.6791886109347421,0.8069266430324515,0.6724877884824504,0.3516952991485595,54.0,f1,0.6791886109347421
Coauthor-CS,gat,Raw features -> UMAP -> Delaunay,12358,0.8129260976274885,0.6870748302962256,0.806653940550859,0.6709292877968749,0.3431573808193207,58.0,f1,0.6870748302962256
Coauthor-CS,gat,Raw features -> UMAP -> Delaunay,12359,0.7968366512135261,0.6660847608570318,0.8031088082901554,0.6642914620830827,0.3349731564521789,56.0,f1,0.6660847608570318
Coauthor-CS,gat,Raw features -> UMAP -> Delaunay,12360,0.8096536678483774,0.6911106396626576,0.8088355604035997,0.6815175018004511,0.2617295980453491,93.0,f1,0.6911106396626576
Coauthor-CS,gat,Raw features -> UMAP -> Delaunay,12361,0.8055631306244887,0.6729851749314848,0.8071993455140442,0.6933000000389767,0.3127113878726959,66.0,f1,0.6729851749314848
Coauthor-CS,gat,Raw features -> UMAP -> Delaunay,12362,0.806653940550859,0.6732874437601041,0.7960185437687483,0.6528959411401462,0.2592864334583282,90.0,f1,0.6732874437601041
Coauthor-CS,gat,Raw features -> UMAP -> Delaunay,12363,0.8088355604035997,0.6708137932868692,0.8091082628851922,0.6831743323811114,0.3236240446567535,64.0,f1,0.6708137932868692
Coauthor-CS,gat,Raw features -> UMAP -> Delaunay,12364,0.8077447504772294,0.6795256559751256,0.8074720479956368,0.6685589572390709,0.3808099627494812,46.0,f1,0.6795256559751256
Coauthor-CS,gat,Raw features -> UMAP -> Delaunay,12365,0.8061085355876738,0.6884715035632396,0.8115625852195255,0.6870882276752333,0.3164334297180176,64.0,f1,0.6884715035632396
Coauthor-CS,gat,Raw features -> UMAP -> Delaunay,12366,0.8123806926643032,0.6899708385687758,0.816471229888192,0.6971810040253535,0.3510472178459167,58.0,f1,0.6899708385687758
Coauthor-CS,gat,Raw features -> UMAP -> Delaunay,12367,0.8082901554404145,0.6739567249307034,0.8082901554404145,0.6812661535210148,0.3418859243392944,59.0,f1,0.6739567249307034
Coauthor-CS,gat,Raw features -> UMAP -> Delaunay,12368,0.8091082628851922,0.6817526048239213,0.7946550313607854,0.6424862363053541,0.2992384433746338,68.0,f1,0.6817526048239213
Coauthor-CS,gat,Raw features -> UMAP -> Delaunay,12369,0.8074720479956368,0.6811671716956395,0.8031088082901554,0.6618334456153104,0.2865535318851471,80.0,f1,0.6811671716956395
Coauthor-CS,gat,Raw features -> UMAP -> Delaunay,12370,0.804745023179711,0.6665807988631834,0.8115625852195255,0.6812815248959054,0.3339377343654632,61.0,f1,0.6665807988631834
Coauthor-CS,gat,Raw features -> UMAP -> Delaunay,12371,0.8167439323697846,0.6934198555909067,0.8011998909190073,0.6756640631835441,0.3563404381275177,55.0,f1,0.6934198555909067
Coauthor-CS,gat,Raw features -> UMAP -> Delaunay,12372,0.8200163621488955,0.6959093192918313,0.8041996182165257,0.6774971775326105,0.3696478307247162,51.0,f1,0.6959093192918313
Coauthor-CS,gat,Raw features -> UMAP -> Delaunay,12373,0.8170166348513771,0.7002102582817976,0.8044723206981184,0.6757835146525969,0.3541703224182129,56.0,f1,0.7002102582817976
Coauthor-CS,gat,Raw features -> UMAP -> Delaunay,12374,0.8088355604035997,0.6856307459194697,0.7922007090264521,0.6592095688724656,0.3423969745635986,58.0,f1,0.6856307459194697
Coauthor-CS,gat,Raw features -> UMAP -> Delaunay,12375,0.8096536678483774,0.688990430964926,0.800109080992637,0.666118639078327,0.3731354773044586,48.0,f1,0.688990430964926
Coauthor-CS,gat,Raw features -> UMAP -> Delaunay,12376,0.7982001636214889,0.677240429055399,0.8058358331060813,0.6788240198388423,0.46107217669487,30.0,f1,0.677240429055399
Coauthor-CS,gat,Raw features -> UMAP -> Delaunay,12377,0.8085628579220071,0.6770789515475113,0.7976547586583038,0.658486575170764,0.2841605246067047,81.0,f1,0.6770789515475113
Coauthor-CS,gat,Raw features -> UMAP -> Delaunay,12378,0.8137442050722662,0.6880818517107506,0.7973820561767112,0.6610396783509028,0.2859728038311004,78.0,f1,0.6880818517107506
Coauthor-CS,gat,Raw features -> UMAP -> Delaunay,12379,0.815107717480229,0.6926624653187264,0.8080174529588219,0.6677953550618945,0.3572087585926056,57.0,f1,0.6926624653187264
Coauthor-CS,gat,Raw features -> UMAP -> Delaunay,12380,0.8107444777747478,0.6835725020278307,0.806653940550859,0.6846702357272334,0.3094209432601928,67.0,f1,0.6835725020278307
Coauthor-CS,gat,Raw features -> UMAP -> Delaunay,12381,0.8096536678483774,0.6751187604035673,0.8063812380692664,0.6586605759220684,0.3264616429805755,63.0,f1,0.6751187604035673
Coauthor-CS,gat,Raw features -> UMAP -> Delaunay,12382,0.8082901554404145,0.6775539883973266,0.8080174529588219,0.6734099484699289,0.3724828064441681,49.0,f1,0.6775539883973266
Coauthor-CS,gat,Raw features -> UMAP -> Delaunay,12383,0.8153804199618216,0.6809692878106481,0.8118352877011181,0.6923479453457885,0.4371814727783203,36.0,f1,0.6809692878106481
Coauthor-CS,gat,Raw features -> UMAP -> Delaunay,12384,0.8058358331060813,0.6733892387586009,0.8107444777747478,0.6837480429918955,0.4146563410758972,39.0,f1,0.6733892387586009
Coauthor-CS,gat,Raw features -> UMAP -> Delaunay,12385,0.8156531224434143,0.689800740929249,0.8039269157349331,0.6588028279774573,0.2803001701831817,84.0,f1,0.689800740929249
Coauthor-CS,gat,Raw features -> UMAP -> Delaunay,12386,0.7984728661030815,0.6633191410565069,0.8104717752931552,0.6770245531060265,0.2790114879608154,82.0,f1,0.6633191410565069
Coauthor-CS,gat,Raw features -> UMAP -> Delaunay,12387,0.8039269157349331,0.67097872080876,0.815107717480229,0.6852007954155773,0.4182845950126648,38.0,f1,0.67097872080876
Coauthor-CS,gat,Raw features -> UMAP -> Delaunay,12388,0.8096536678483774,0.6823820461775263,0.8112898827379329,0.6826993321164742,0.2849705219268799,81.0,f1,0.6823820461775263
Coauthor-CS,gat,Raw features -> UMAP -> Delaunay,12389,0.8099263703299701,0.683755843729281,0.8039269157349331,0.6700932221005685,0.38578861951828,45.0,f1,0.683755843729281
Coauthor-CS,gat,Raw features -> UMAP -> Delaunay,12390,0.7987455685846742,0.6643218372751604,0.81838014725934,0.6974673888640883,0.3276458382606506,61.0,f1,0.6643218372751604
Coauthor-CS,gat,Raw features -> UMAP -> Delaunay,12391,0.8055631306244887,0.6773014279523711,0.7990182710662667,0.6730573617170937,0.3041724562644958,68.0,f1,0.6773014279523711
Coauthor-CS,gat,Raw features -> UMAP -> Delaunay,12392,0.8129260976274885,0.673360105471991,0.806653940550859,0.6734650677012984,0.3187354207038879,65.0,f1,0.673360105471991
Coauthor-CS,gat,Raw features -> UMAP -> Delaunay,12393,0.8118352877011181,0.6811930438987018,0.806653940550859,0.6702842299015698,0.3109844326972961,70.0,f1,0.6811930438987018
Coauthor-CS,gat,Raw features -> UMAP -> Delaunay,12394,0.8096536678483774,0.6935754614115652,0.7984728661030815,0.658181675043106,0.4263156652450561,37.0,f1,0.6935754614115652
Coauthor-CS,gat,Raw features -> UMAP -> Delaunay,12395,0.7998363785110445,0.6624681588165072,0.8107444777747478,0.6759045706894903,0.2724381387233734,87.0,f1,0.6624681588165072
Coauthor-CS,gat,Raw features -> UMAP -> Delaunay,12396,0.8121079901827106,0.691469761982092,0.8156531224434143,0.6982539100413672,0.3119960129261017,72.0,f1,0.691469761982092
Coauthor-CS,gat,Raw features -> UMAP -> Delaunay,12397,0.8216525770384511,0.7028807785880223,0.8104717752931552,0.6626840148512317,0.3205865621566772,69.0,f1,0.7028807785880223
Coauthor-CS,gat,Raw features -> UMAP -> Delaunay,12398,0.8148350149986365,0.6888382048358287,0.8044723206981184,0.6790276382713774,0.3811050057411194,48.0,f1,0.6888382048358287
Coauthor-CS,gat,Raw features -> UMAP -> Delaunay,12399,0.8126533951458959,0.6802027622084102,0.7995636760294519,0.6629780038687574,0.3542855381965637,52.0,f1,0.6802027622084102
Coauthor-CS,gat,Raw features -> UMAP -> Delaunay,12400,0.815107717480229,0.6926778360899618,0.8142896100354513,0.6876509468634181,0.2692558169364929,89.0,f1,0.6926778360899618
Coauthor-CS,gat,Raw features -> UMAP -> Delaunay,12401,0.8050177256613035,0.6604739403568033,0.8063812380692664,0.6707489853635927,0.3200022280216217,65.0,f1,0.6604739403568033
Coauthor-CS,gat,Raw features -> UMAP -> Delaunay,12402,0.8134715025906736,0.6865129407038592,0.8050177256613035,0.6807820222239953,0.3441159427165985,57.0,f1,0.6865129407038592
Coauthor-CS,gat,Raw features -> UMAP -> Delaunay,12403,0.8159258249250069,0.6819901176218153,0.804745023179711,0.6750179505137512,0.378903329372406,47.0,f1,0.6819901176218153
Coauthor-CS,gat,Raw features -> UMAP -> Delaunay,12404,0.8077447504772294,0.6755433291848499,0.8099263703299701,0.6659159647546194,0.288608580827713,78.0,f1,0.6755433291848499
Coauthor-CS,gat,Raw features -> UMAP -> Delaunay,12405,0.815107717480229,0.6786737493657299,0.8101990728115626,0.6759060002441502,0.3905391097068786,45.0,f1,0.6786737493657299
Coauthor-CS,gat,Raw features -> UMAP -> Delaunay,12406,0.8159258249250069,0.6923188914194852,0.8025634033269703,0.6761040676607389,0.2930217683315277,76.0,f1,0.6923188914194852
Coauthor-CS,gat,Raw features -> UMAP -> Delaunay,12407,0.8031088082901554,0.6703182080102388,0.8134715025906736,0.6809623198179302,0.3020501732826233,72.0,f1,0.6703182080102388
Coauthor-CS,gat,Raw features -> UMAP -> Delaunay,12408,0.8104717752931552,0.6877783885296869,0.8101990728115626,0.6720034279568916,0.3895177841186523,45.0,f1,0.6877783885296869
Coauthor-CS,gat,Raw features -> UMAP -> Delaunay,12409,0.8050177256613035,0.6751220395381078,0.8118352877011181,0.6821485770358735,0.3055825233459472,69.0,f1,0.6751220395381078
Coauthor-CS,gat,Raw features -> UMAP -> Delaunay,12410,0.8107444777747478,0.6900298173982636,0.8123806926643032,0.6998209278355149,0.3640314936637878,53.0,f1,0.6900298173982636
Coauthor-CS,gat,Raw features -> UMAP -> Delaunay,12411,0.8140169075538587,0.6846714920884582,0.8153804199618216,0.6849673525476107,0.3735950291156769,51.0,f1,0.6846714920884582
Coauthor-CS,gat,Raw features -> UMAP -> Delaunay,12412,0.8181074447777474,0.6936870251614082,0.8077447504772294,0.6710144868095487,0.2911304831504822,82.0,f1,0.6936870251614082
Coauthor-CS,gat,Raw features -> UMAP -> Delaunay,12413,0.8058358331060813,0.6797849102681418,0.8104717752931552,0.6707568352573053,0.2845468521118164,78.0,f1,0.6797849102681418
Coauthor-CS,gat,Raw features -> UMAP -> Delaunay,12414,0.8096536678483774,0.6938407752258576,0.8028361058085629,0.6675510141374913,0.2615566849708557,93.0,f1,0.6938407752258576
Coauthor-CS,gat,Raw features -> UMAP -> Delaunay,12415,0.8082901554404145,0.6745940011791235,0.8104717752931552,0.6819600636586284,0.3151676654815674,67.0,f1,0.6745940011791235
Coauthor-CS,gat,Raw features -> UMAP -> Delaunay,12416,0.8104717752931552,0.6849583411540785,0.8093809653667848,0.6798016155276329,0.2867682874202728,78.0,f1,0.6849583411540785
Coauthor-CS,gat,Raw features -> UMAP -> Delaunay,12417,0.8093809653667848,0.6840762587985937,0.8077447504772294,0.6824114781536342,0.3101153373718261,68.0,f1,0.6840762587985937
Coauthor-CS,gat,Raw features -> UMAP -> Delaunay,12418,0.8061085355876738,0.6728658625453965,0.8006544859558222,0.6732894741434055,0.3259536027908325,59.0,f1,0.6728658625453965
Coauthor-CS,gat,Raw features -> UMAP -> Delaunay,12419,0.8137442050722662,0.6846183342633343,0.8115625852195255,0.67612730126254,0.3345027863979339,63.0,f1,0.6846183342633343
Coauthor-CS,gat,Raw features -> UMAP -> Delaunay,12420,0.8022907008453777,0.6715914884550468,0.8134715025906736,0.6874270067538647,0.259874165058136,91.0,f1,0.6715914884550468
Coauthor-CS,gat,Raw features -> UMAP -> Delaunay,12421,0.8112898827379329,0.6771517533629444,0.800109080992637,0.6667209647921675,0.3153145015239715,67.0,f1,0.6771517533629444
Coauthor-CS,gat,Raw features -> UMAP -> Delaunay,12422,0.8050177256613035,0.6765111161885738,0.8091082628851922,0.6776972602159194,0.2787988781929016,83.0,f1,0.6765111161885738
Coauthor-CS,gat,Raw features -> UMAP -> Delaunay,12423,0.804745023179711,0.6903825747103662,0.8036542132533406,0.6812623676298151,0.4210167527198791,37.0,f1,0.6903825747103662
Coauthor-CS,gat,Raw features -> UMAP -> Delaunay,12424,0.800109080992637,0.6626048881691574,0.800109080992637,0.6723954862419431,0.3109254240989685,66.0,f1,0.6626048881691574
Coauthor-CS,gat,Raw features -> UMAP -> Delaunay,12425,0.8112898827379329,0.6848099355345961,0.8071993455140442,0.6854975355089675,0.3233659863471985,67.0,f1,0.6848099355345961
Coauthor-CS,gat,Raw features -> UMAP -> Delaunay,12426,0.8074720479956368,0.6846276698955716,0.8031088082901554,0.6756782059559463,0.41307333111763,39.0,f1,0.6846276698955716
Coauthor-CS,gat,Raw features -> UMAP -> Delaunay,12427,0.8069266430324515,0.6897652925187857,0.8121079901827106,0.6898997740773228,0.3517141044139862,56.0,f1,0.6897652925187857
Coauthor-CS,gat,Raw features -> UMAP -> Delaunay,12428,0.8055631306244887,0.6691110300644519,0.8069266430324515,0.6826962554426358,0.3125629127025604,69.0,f1,0.6691110300644519
Coauthor-CS,gat,Raw features -> UMAP -> Delaunay,12429,0.815107717480229,0.6918703048322435,0.8085628579220071,0.6845998535105138,0.3259560465812683,62.0,f1,0.6918703048322435
Coauthor-CS,gat,Raw features -> UMAP -> Delaunay,12430,0.8050177256613035,0.671316373583668,0.8050177256613035,0.6750722780746677,0.2687248885631561,88.0,f1,0.671316373583668
Coauthor-CS,gat,Raw features -> UMAP -> Delaunay,12431,0.8055631306244887,0.6808405286234422,0.804745023179711,0.6687478558533932,0.3168233931064605,66.0,f1,0.6808405286234422
Coauthor-CS,gat,Raw features -> UMAP -> Delaunay,12432,0.8170166348513771,0.6936469221214524,0.8082901554404145,0.6646521480388062,0.3825815320014953,47.0,f1,0.6936469221214524
Coauthor-CS,gat,Raw features -> UMAP -> Delaunay,12433,0.8055631306244887,0.6717983862580937,0.7995636760294519,0.6630068030193609,0.2657510638236999,89.0,f1,0.6717983862580937
Coauthor-CS,gat,Raw features -> UMAP -> Delaunay,12434,0.8191982547041178,0.698253341866679,0.8009271884374147,0.676033165752475,0.3058992028236389,70.0,f1,0.698253341866679
Coauthor-CS,gat,Raw features -> UMAP -> Delaunay,12435,0.8140169075538587,0.6915084308507571,0.8061085355876738,0.6758021865998932,0.3349657654762268,63.0,f1,0.6915084308507571
Coauthor-CS,gat,Raw features -> UMAP -> Delaunay,12436,0.8126533951458959,0.6781309451229736,0.8091082628851922,0.6980023523990722,0.3413790166378021,57.0,f1,0.6781309451229736
Coauthor-CS,gat,Raw features -> UMAP -> Delaunay,12437,0.8170166348513771,0.6904680579940493,0.8216525770384511,0.6865878646825704,0.346876859664917,60.0,f1,0.6904680579940493
Coauthor-CS,gat,Raw features -> UMAP -> Delaunay,12438,0.815107717480229,0.6798419273232266,0.8074720479956368,0.6653528271683944,0.3526997864246368,56.0,f1,0.6798419273232266
Coauthor-CS,gat,Raw features -> UMAP -> Delaunay,12439,0.8142896100354513,0.6881722726812005,0.8071993455140442,0.6563383920272012,0.3627225756645202,53.0,f1,0.6881722726812005
Coauthor-CS,gat,Raw features -> UMAP -> Delaunay,12440,0.8014725934006,0.6703513932820998,0.8112898827379329,0.6727734477908455,0.3876766264438629,45.0,f1,0.6703513932820998
Coauthor-CS,gat,Raw features -> UMAP -> Delaunay,12441,0.8061085355876738,0.6625505456632809,0.8099263703299701,0.6686354462819053,0.3172062039375305,68.0,f1,0.6625505456632809
Coauthor-CS,gat,Raw features -> UMAP -> Delaunay,12442,0.7992909735478593,0.6606323392980025,0.81838014725934,0.6836622941648668,0.3244174718856811,63.0,f1,0.6606323392980025
Coauthor-CS,gat,Raw features -> UMAP -> Delaunay,12443,0.8112898827379329,0.6688965579625477,0.8091082628851922,0.6808259262784018,0.3019144535064697,77.0,f1,0.6688965579625477
Coauthor-CS,gat,Raw features -> UMAP -> Delaunay,12444,0.8191982547041178,0.7029902935889728,0.8077447504772294,0.670387939446596,0.4257871508598327,37.0,f1,0.7029902935889728
Cornell,gcn,Raw features -> UMAP -> Delaunay,12345,0.7297297297297297,0.6992424242424243,0.5945945945945946,0.4544444444444444,0.1985489726066589,97.0,f1,0.6992424242424243
Cornell,gcn,Raw features -> UMAP -> Delaunay,12346,0.6756756756756757,0.6485714285714287,0.6216216216216216,0.5264069264069263,0.2496796995401382,168.0,f1,0.6485714285714287
Cornell,gcn,Raw features -> UMAP -> Delaunay,12347,0.8108108108108109,0.8014285714285714,0.5945945945945946,0.4775,0.2177764475345611,278.0,f1,0.8014285714285714
Cornell,gcn,Raw features -> UMAP -> Delaunay,12348,0.7027027027027027,0.6083694083694083,0.5945945945945946,0.4909370199692779,0.348882794380188,91.0,f1,0.6083694083694083
Cornell,gcn,Raw features -> UMAP -> Delaunay,12349,0.8378378378378378,0.737232963115316,0.6486486486486487,0.5535947712418301,0.3297710120677948,105.0,f1,0.737232963115316
Cornell,gcn,Raw features -> UMAP -> Delaunay,12350,0.7297297297297297,0.6457142857142857,0.6756756756756757,0.6025974025974026,0.2755164504051208,91.0,f1,0.6457142857142857
Cornell,gcn,Raw features -> UMAP -> Delaunay,12351,0.7027027027027027,0.6462515262515263,0.5945945945945946,0.4772222222222222,0.1452250033617019,243.0,f1,0.6462515262515263
Cornell,gcn,Raw features -> UMAP -> Delaunay,12352,0.7027027027027027,0.642026307026307,0.6486486486486487,0.599025974025974,0.2563150525093078,313.0,f1,0.642026307026307
Cornell,gcn,Raw features -> UMAP -> Delaunay,12353,0.7567567567567568,0.7133829611248965,0.5405405405405406,0.3657142857142857,0.333625316619873,90.0,f1,0.7133829611248965
Cornell,gcn,Raw features -> UMAP -> Delaunay,12354,0.7297297297297297,0.7188972431077694,0.6756756756756757,0.5729370629370629,0.2524508237838745,140.0,f1,0.7188972431077694
Cornell,gcn,Raw features -> UMAP -> Delaunay,12355,0.6486486486486487,0.6134509394144283,0.6756756756756757,0.6063066682421521,0.1760006844997406,234.0,f1,0.6134509394144283
Cornell,gcn,Raw features -> UMAP -> Delaunay,12356,0.6216216216216216,0.5049206349206349,0.6756756756756757,0.5532927653820149,0.285812497138977,153.0,f1,0.5049206349206349
Cornell,gcn,Raw features -> UMAP -> Delaunay,12357,0.7567567567567568,0.7167434715821812,0.4864864864864865,0.3971428571428571,0.2744306623935699,138.0,f1,0.7167434715821812
Cornell,gcn,Raw features -> UMAP -> Delaunay,12358,0.6216216216216216,0.4800000000000001,0.7297297297297297,0.6072816399286987,0.3026849031448364,77.0,f1,0.4800000000000001
Cornell,gcn,Raw features -> UMAP -> Delaunay,12359,0.6216216216216216,0.5225858533481038,0.6486486486486487,0.4450742240215924,0.2896863520145416,120.0,f1,0.5225858533481038
Cornell,gcn,Raw features -> UMAP -> Delaunay,12360,0.7297297297297297,0.627736006683375,0.7297297297297297,0.5741869918699186,0.3800171613693237,73.0,f1,0.627736006683375
Cornell,gcn,Raw features -> UMAP -> Delaunay,12361,0.6756756756756757,0.5797113997113997,0.6216216216216216,0.4923809523809524,0.3191186785697937,91.0,f1,0.5797113997113997
Cornell,gcn,Raw features -> UMAP -> Delaunay,12362,0.6756756756756757,0.5731595536246699,0.6216216216216216,0.441159420289855,0.3087838292121887,67.0,f1,0.5731595536246699
Cornell,gcn,Raw features -> UMAP -> Delaunay,12363,0.6486486486486487,0.5502197802197802,0.7027027027027027,0.6152402402402403,0.2452075481414795,83.0,f1,0.5502197802197802
Cornell,gcn,Raw features -> UMAP -> Delaunay,12364,0.7027027027027027,0.6379156327543425,0.6216216216216216,0.4871794871794871,0.2504608035087585,152.0,f1,0.6379156327543425
Cornell,gcn,Raw features -> UMAP -> Delaunay,12365,0.6756756756756757,0.6142533936651584,0.5945945945945946,0.4488735279057859,0.303184449672699,68.0,f1,0.6142533936651584
Cornell,gcn,Raw features -> UMAP -> Delaunay,12366,0.7297297297297297,0.6484210526315789,0.6756756756756757,0.5301190476190476,0.2531172931194305,157.0,f1,0.6484210526315789
Cornell,gcn,Raw features -> UMAP -> Delaunay,12367,0.6756756756756757,0.643125960061444,0.6756756756756757,0.5809523809523809,0.2356083840131759,117.0,f1,0.643125960061444
Cornell,gcn,Raw features -> UMAP -> Delaunay,12368,0.7297297297297297,0.6650793650793652,0.6756756756756757,0.5034173669467787,0.3011982142925262,230.0,f1,0.6650793650793652
Cornell,gcn,Raw features -> UMAP -> Delaunay,12369,0.6216216216216216,0.5066666666666666,0.6216216216216216,0.4861624649859944,0.2021746188402176,226.0,f1,0.5066666666666666
Cornell,gcn,Raw features -> UMAP -> Delaunay,12370,0.7837837837837838,0.7120276497695852,0.7297297297297297,0.5274939007861208,0.3906234502792358,95.0,f1,0.7120276497695852
Cornell,gcn,Raw features -> UMAP -> Delaunay,12371,0.6756756756756757,0.6068347338935575,0.7297297297297297,0.7158543417366946,0.2362722903490066,191.0,f1,0.6068347338935575
Cornell,gcn,Raw features -> UMAP -> Delaunay,12372,0.7567567567567568,0.6964285714285714,0.6216216216216216,0.4674256799493991,0.2975654900074005,91.0,f1,0.6964285714285714
Cornell,gcn,Raw features -> UMAP -> Delaunay,12373,0.7297297297297297,0.6633986928104575,0.7297297297297297,0.6665894465894466,0.3189173936843872,107.0,f1,0.6633986928104575
Cornell,gcn,Raw features -> UMAP -> Delaunay,12374,0.7297297297297297,0.6841100076394193,0.6756756756756757,0.583952083952084,0.2016045302152633,206.0,f1,0.6841100076394193
Cornell,gcn,Raw features -> UMAP -> Delaunay,12375,0.4864864864864865,0.4667806267806268,0.5675675675675675,0.5292857142857141,0.2028429508209228,184.0,f1,0.4667806267806268
Cornell,gcn,Raw features -> UMAP -> Delaunay,12376,0.7567567567567568,0.6342207792207792,0.6216216216216216,0.5528571428571428,0.2646757662296295,121.0,f1,0.6342207792207792
Cornell,gcn,Raw features -> UMAP -> Delaunay,12377,0.7837837837837838,0.7080952380952381,0.6216216216216216,0.4064593301435407,0.3423477411270141,81.0,f1,0.7080952380952381
Cornell,gcn,Raw features -> UMAP -> Delaunay,12378,0.5945945945945946,0.541873915558126,0.4594594594594595,0.3695526695526696,0.2264192104339599,113.0,f1,0.541873915558126
Cornell,gcn,Raw features -> UMAP -> Delaunay,12379,0.7297297297297297,0.589452798663325,0.5945945945945946,0.4333333333333333,0.2485672980546951,197.0,f1,0.589452798663325
Cornell,gcn,Raw features -> UMAP -> Delaunay,12380,0.7297297297297297,0.6558730158730158,0.6756756756756757,0.6060317460317459,0.2920995652675628,129.0,f1,0.6558730158730158
Cornell,gcn,Raw features -> UMAP -> Delaunay,12381,0.7837837837837838,0.7920276497695853,0.6216216216216216,0.415,0.2607270777225494,198.0,f1,0.7920276497695853
Cornell,gcn,Raw features -> UMAP -> Delaunay,12382,0.6486486486486487,0.596218487394958,0.6486486486486487,0.5241666666666667,0.3266411423683166,98.0,f1,0.596218487394958
Cornell,gcn,Raw features -> UMAP -> Delaunay,12383,0.7297297297297297,0.6614219114219114,0.5945945945945946,0.4194444444444444,0.1691307574510574,342.0,f1,0.6614219114219114
Cornell,gcn,Raw features -> UMAP -> Delaunay,12384,0.7027027027027027,0.6845112781954887,0.7297297297297297,0.5662745098039215,0.3003334701061249,141.0,f1,0.6845112781954887
Cornell,gcn,Raw features -> UMAP -> Delaunay,12385,0.7837837837837838,0.7159772296015181,0.6486486486486487,0.5321212121212121,0.3327974379062652,94.0,f1,0.7159772296015181
Cornell,gcn,Raw features -> UMAP -> Delaunay,12386,0.6756756756756757,0.5399019607843137,0.6756756756756757,0.5889915966386555,0.3020280301570892,82.0,f1,0.5399019607843137
Cornell,gcn,Raw features -> UMAP -> Delaunay,12387,0.8108108108108109,0.7553543008715422,0.5675675675675675,0.4060768980123819,0.3970808386802673,130.0,f1,0.7553543008715422
Cornell,gcn,Raw features -> UMAP -> Delaunay,12388,0.7297297297297297,0.6982153330540427,0.5675675675675675,0.4619047619047619,0.2720178067684173,71.0,f1,0.6982153330540427
Cornell,gcn,Raw features -> UMAP -> Delaunay,12389,0.6216216216216216,0.6309523809523809,0.6216216216216216,0.4888888888888888,0.1331732720136642,354.0,f1,0.6309523809523809
Cornell,gcn,Raw features -> UMAP -> Delaunay,12390,0.5945945945945946,0.5632691323013904,0.6756756756756757,0.639090909090909,0.20220348238945,195.0,f1,0.5632691323013904
Cornell,gcn,Raw features -> UMAP -> Delaunay,12391,0.6486486486486487,0.5577777777777777,0.5945945945945946,0.482843137254902,0.1986384391784668,229.0,f1,0.5577777777777777
Cornell,gcn,Raw features -> UMAP -> Delaunay,12392,0.7297297297297297,0.7009523809523809,0.5945945945945946,0.4949859943977591,0.2285131514072418,140.0,f1,0.7009523809523809
Cornell,gcn,Raw features -> UMAP -> Delaunay,12393,0.7027027027027027,0.7079365079365079,0.6756756756756757,0.488515406162465,0.2930783331394195,172.0,f1,0.7079365079365079
Cornell,gcn,Raw features -> UMAP -> Delaunay,12394,0.7027027027027027,0.6132773109243698,0.6756756756756757,0.5866413662239089,0.2018850892782211,261.0,f1,0.6132773109243698
Cornell,gcn,Raw features -> UMAP -> Delaunay,12395,0.7297297297297297,0.6485527544351074,0.5405405405405406,0.3879310344827586,0.3708080351352691,64.0,f1,0.6485527544351074
Cornell,gcn,Raw features -> UMAP -> Delaunay,12396,0.7027027027027027,0.5239766081871344,0.7027027027027027,0.5579551028107904,0.3425504267215729,96.0,f1,0.5239766081871344
Cornell,gcn,Raw features -> UMAP -> Delaunay,12397,0.6216216216216216,0.492942612942613,0.5405405405405406,0.4105228758169934,0.1757561266422271,121.0,f1,0.492942612942613
Cornell,gcn,Raw features -> UMAP -> Delaunay,12398,0.7027027027027027,0.6133333333333333,0.5675675675675675,0.4140350877192982,0.1748573780059814,398.0,f1,0.6133333333333333
Cornell,gcn,Raw features -> UMAP -> Delaunay,12399,0.6756756756756757,0.7011534701857283,0.5135135135135135,0.3163963963963964,0.3325576186180115,120.0,f1,0.7011534701857283
Cornell,gcn,Raw features -> UMAP -> Delaunay,12400,0.6216216216216216,0.608701754385965,0.5675675675675675,0.3797979797979797,0.2827130556106567,69.0,f1,0.608701754385965
Cornell,gcn,Raw features -> UMAP -> Delaunay,12401,0.7837837837837838,0.7661344537815127,0.5405405405405406,0.4317460317460317,0.1441358923912048,358.0,f1,0.7661344537815127
Cornell,gcn,Raw features -> UMAP -> Delaunay,12402,0.7567567567567568,0.6849999999999999,0.6216216216216216,0.5552380952380952,0.2813142836093902,148.0,f1,0.6849999999999999
Cornell,gcn,Raw features -> UMAP -> Delaunay,12403,0.7567567567567568,0.6373376623376623,0.6486486486486487,0.5945021645021644,0.2333424389362335,251.0,f1,0.6373376623376623
Cornell,gcn,Raw features -> UMAP -> Delaunay,12404,0.6486486486486487,0.5438095238095239,0.5945945945945946,0.4593650793650793,0.2574613988399505,102.0,f1,0.5438095238095239
Cornell,gcn,Raw features -> UMAP -> Delaunay,12405,0.7027027027027027,0.6243442041829139,0.7567567567567568,0.6084210526315789,0.3291976749897003,115.0,f1,0.6243442041829139
Cornell,gcn,Raw features -> UMAP -> Delaunay,12406,0.7567567567567568,0.6888483209375705,0.5945945945945946,0.5317194570135746,0.3107665181159973,123.0,f1,0.6888483209375705
Cornell,gcn,Raw features -> UMAP -> Delaunay,12407,0.5675675675675675,0.5622673796791444,0.7297297297297297,0.6556526806526807,0.2365747690200805,319.0,f1,0.5622673796791444
Cornell,gcn,Raw features -> UMAP -> Delaunay,12408,0.8108108108108109,0.8387479187479187,0.7027027027027027,0.510444947209653,0.3473930954933166,115.0,f1,0.8387479187479187
Cornell,gcn,Raw features -> UMAP -> Delaunay,12409,0.7027027027027027,0.6649746995572422,0.6216216216216216,0.3970656370656371,0.3579780757427215,83.0,f1,0.6649746995572422
Cornell,gcn,Raw features -> UMAP -> Delaunay,12410,0.6486486486486487,0.5510364145658263,0.7027027027027027,0.638095238095238,0.1949009448289871,275.0,f1,0.5510364145658263
Cornell,gcn,Raw features -> UMAP -> Delaunay,12411,0.7297297297297297,0.6573099415204678,0.5405405405405406,0.4198089492207139,0.3187415301799774,74.0,f1,0.6573099415204678
Cornell,gcn,Raw features -> UMAP -> Delaunay,12412,0.7837837837837838,0.7417543859649123,0.7027027027027027,0.5541269841269841,0.2909984588623047,131.0,f1,0.7417543859649123
Cornell,gcn,Raw features -> UMAP -> Delaunay,12413,0.7297297297297297,0.7081720430107528,0.6216216216216216,0.4325396825396825,0.2304783761501312,178.0,f1,0.7081720430107528
Cornell,gcn,Raw features -> UMAP -> Delaunay,12414,0.6756756756756757,0.5445614035087719,0.6216216216216216,0.5676190476190477,0.2456662654876709,97.0,f1,0.5445614035087719
Cornell,gcn,Raw features -> UMAP -> Delaunay,12415,0.5405405405405406,0.496083916083916,0.6756756756756757,0.5396006144393242,0.2317858934402465,123.0,f1,0.496083916083916
Cornell,gcn,Raw features -> UMAP -> Delaunay,12416,0.7297297297297297,0.6818860877684407,0.6756756756756757,0.566570684217743,0.219591811299324,188.0,f1,0.6818860877684407
Cornell,gcn,Raw features -> UMAP -> Delaunay,12417,0.6486486486486487,0.6315151515151516,0.6756756756756757,0.5247262541380189,0.1370591223239898,387.0,f1,0.6315151515151516
Cornell,gcn,Raw features -> UMAP -> Delaunay,12418,0.7027027027027027,0.6377828054298643,0.6756756756756757,0.4574478178368121,0.229278951883316,287.0,f1,0.6377828054298643
Cornell,gcn,Raw features -> UMAP -> Delaunay,12419,0.5945945945945946,0.622,0.7567567567567568,0.6950000000000001,0.2669076025485992,101.0,f1,0.622
Cornell,gcn,Raw features -> UMAP -> Delaunay,12420,0.6486486486486487,0.5665079365079364,0.6216216216216216,0.4988834154351396,0.2281956076622009,134.0,f1,0.5665079365079364
Cornell,gcn,Raw features -> UMAP -> Delaunay,12421,0.6756756756756757,0.6244444444444446,0.7027027027027027,0.536068376068376,0.3395084738731384,89.0,f1,0.6244444444444446
Cornell,gcn,Raw features -> UMAP -> Delaunay,12422,0.7027027027027027,0.6481931324036587,0.7297297297297297,0.657979797979798,0.2498056590557098,231.0,f1,0.6481931324036587
Cornell,gcn,Raw features -> UMAP -> Delaunay,12423,0.7297297297297297,0.7178496240601504,0.5675675675675675,0.4212628345056188,0.2096830010414123,157.0,f1,0.7178496240601504
Cornell,gcn,Raw features -> UMAP -> Delaunay,12424,0.7567567567567568,0.6673593073593074,0.7027027027027027,0.7024175824175825,0.2304162383079528,385.0,f1,0.6673593073593074
Cornell,gcn,Raw features -> UMAP -> Delaunay,12425,0.8108108108108109,0.7821839080459769,0.5405405405405406,0.5066666666666667,0.24846912920475,157.0,f1,0.7821839080459769
Cornell,gcn,Raw features -> UMAP -> Delaunay,12426,0.7027027027027027,0.6835497835497835,0.5135135135135135,0.4033333333333333,0.1827797889709472,396.0,f1,0.6835497835497835
Cornell,gcn,Raw features -> UMAP -> Delaunay,12427,0.6486486486486487,0.5418641718641719,0.6756756756756757,0.6016541353383459,0.2954177856445312,99.0,f1,0.5418641718641719
Cornell,gcn,Raw features -> UMAP -> Delaunay,12428,0.8108108108108109,0.7799019607843137,0.7027027027027027,0.5445054945054946,0.3187200129032135,136.0,f1,0.7799019607843137
Cornell,gcn,Raw features -> UMAP -> Delaunay,12429,0.6756756756756757,0.5832323232323232,0.6486486486486487,0.5074603174603174,0.1963736712932586,363.0,f1,0.5832323232323232
Cornell,gcn,Raw features -> UMAP -> Delaunay,12430,0.7027027027027027,0.5493523469994057,0.6216216216216216,0.4881807081807082,0.2337799817323684,160.0,f1,0.5493523469994057
Cornell,gcn,Raw features -> UMAP -> Delaunay,12431,0.7027027027027027,0.6275213675213676,0.7027027027027027,0.6337301587301587,0.2365962862968444,213.0,f1,0.6275213675213676
Cornell,gcn,Raw features -> UMAP -> Delaunay,12432,0.8108108108108109,0.744935064935065,0.6216216216216216,0.5223076923076924,0.2960256040096283,159.0,f1,0.744935064935065
Cornell,gcn,Raw features -> UMAP -> Delaunay,12433,0.7297297297297297,0.7184848484848485,0.5675675675675675,0.4324999999999999,0.1470972299575805,389.0,f1,0.7184848484848485
Cornell,gcn,Raw features -> UMAP -> Delaunay,12434,0.6486486486486487,0.5907203907203907,0.7027027027027027,0.6047552447552447,0.1930907219648361,322.0,f1,0.5907203907203907
Cornell,gcn,Raw features -> UMAP -> Delaunay,12435,0.6216216216216216,0.5459259259259259,0.6216216216216216,0.5541666666666667,0.1590910404920578,214.0,f1,0.5459259259259259
Cornell,gcn,Raw features -> UMAP -> Delaunay,12436,0.6216216216216216,0.5097435897435898,0.5945945945945946,0.4853535353535353,0.2555696964263916,300.0,f1,0.5097435897435898
Cornell,gcn,Raw features -> UMAP -> Delaunay,12437,0.7027027027027027,0.7186021505376343,0.7027027027027027,0.5290909090909091,0.1791054904460907,372.0,f1,0.7186021505376343
Cornell,gcn,Raw features -> UMAP -> Delaunay,12438,0.6756756756756757,0.6174993633817163,0.7027027027027027,0.5876190476190477,0.2188489139080047,190.0,f1,0.6174993633817163
Cornell,gcn,Raw features -> UMAP -> Delaunay,12439,0.8108108108108109,0.7328673835125448,0.4864864864864865,0.3857142857142857,0.2773123979568481,148.0,f1,0.7328673835125448
Cornell,gcn,Raw features -> UMAP -> Delaunay,12440,0.6216216216216216,0.4929339477726574,0.6756756756756757,0.5196078431372549,0.2943512201309204,86.0,f1,0.4929339477726574
Cornell,gcn,Raw features -> UMAP -> Delaunay,12441,0.7567567567567568,0.7125610500610501,0.7297297297297297,0.6688461538461539,0.353612333536148,113.0,f1,0.7125610500610501
Cornell,gcn,Raw features -> UMAP -> Delaunay,12442,0.5945945945945946,0.4513840155945419,0.5945945945945946,0.5219354838709677,0.1933023333549499,162.0,f1,0.4513840155945419
Cornell,gcn,Raw features -> UMAP -> Delaunay,12443,0.7297297297297297,0.7100090769445608,0.6756756756756757,0.53,0.2589604556560516,234.0,f1,0.7100090769445608
Cornell,gcn,Raw features -> UMAP -> Delaunay,12444,0.7837837837837838,0.700952380952381,0.5675675675675675,0.3830838092298194,0.3622861504554748,95.0,f1,0.700952380952381
Cornell,sage,Raw features -> UMAP -> Delaunay,12345,0.6486486486486487,0.6337381404174572,0.6216216216216216,0.3989915966386554,0.2882509231567383,57.0,f1,0.6337381404174572
Cornell,sage,Raw features -> UMAP -> Delaunay,12346,0.7297297297297297,0.7026369168356997,0.5945945945945946,0.3990492359932088,0.4388416111469269,47.0,f1,0.7026369168356997
Cornell,sage,Raw features -> UMAP -> Delaunay,12347,0.7837837837837838,0.7031372549019608,0.6216216216216216,0.4294298245614035,0.4315579235553741,52.0,f1,0.7031372549019608
Cornell,sage,Raw features -> UMAP -> Delaunay,12348,0.7027027027027027,0.5550096961861668,0.6756756756756757,0.4366917293233083,0.5386614799499512,44.0,f1,0.5550096961861668
Cornell,sage,Raw features -> UMAP -> Delaunay,12349,0.7027027027027027,0.5998847926267281,0.7027027027027027,0.527972972972973,0.061916209757328,102.0,f1,0.5998847926267281
Cornell,sage,Raw features -> UMAP -> Delaunay,12350,0.7027027027027027,0.6290756302521009,0.7567567567567568,0.6380303030303031,0.2263848930597305,68.0,f1,0.6290756302521009
Cornell,sage,Raw features -> UMAP -> Delaunay,12351,0.7297297297297297,0.6622222222222222,0.5405405405405406,0.3774509803921568,0.037434484809637,159.0,f1,0.6622222222222222
Cornell,sage,Raw features -> UMAP -> Delaunay,12352,0.6756756756756757,0.5012745098039215,0.7027027027027027,0.5491035280508964,0.5254408717155457,43.0,f1,0.5012745098039215
Cornell,sage,Raw features -> UMAP -> Delaunay,12353,0.7567567567567568,0.7607997681831354,0.6486486486486487,0.5761904761904761,0.199712723493576,76.0,f1,0.7607997681831354
Cornell,sage,Raw features -> UMAP -> Delaunay,12354,0.7567567567567568,0.6069576217583807,0.6486486486486487,0.4915853658536585,0.417266696691513,52.0,f1,0.6069576217583807
Cornell,sage,Raw features -> UMAP -> Delaunay,12355,0.7567567567567568,0.6972402597402597,0.7567567567567568,0.689740670461733,0.0287821516394615,180.0,f1,0.6972402597402597
Cornell,sage,Raw features -> UMAP -> Delaunay,12356,0.7027027027027027,0.5202777777777777,0.7297297297297297,0.475977229601518,0.5910942554473877,41.0,f1,0.5202777777777777
Cornell,sage,Raw features -> UMAP -> Delaunay,12357,0.8108108108108109,0.764705882352941,0.5945945945945946,0.3619258789990497,0.2804550528526306,69.0,f1,0.764705882352941
Cornell,sage,Raw features -> UMAP -> Delaunay,12358,0.6756756756756757,0.5363157894736842,0.6756756756756757,0.5177177177177177,0.0375530160963535,151.0,f1,0.5363157894736842
Cornell,sage,Raw features -> UMAP -> Delaunay,12359,0.7027027027027027,0.6291284329823885,0.6486486486486487,0.4462064251537935,0.060798704624176,96.0,f1,0.6291284329823885
Cornell,sage,Raw features -> UMAP -> Delaunay,12360,0.5675675675675675,0.5825942684766214,0.7567567567567568,0.6123809523809524,0.1370122134685516,97.0,f1,0.5825942684766214
Cornell,sage,Raw features -> UMAP -> Delaunay,12361,0.7027027027027027,0.6318708318708319,0.7297297297297297,0.5987362637362638,0.3442681431770324,54.0,f1,0.6318708318708319
Cornell,sage,Raw features -> UMAP -> Delaunay,12362,0.6486486486486487,0.4854188948306596,0.7297297297297297,0.6473193473193473,0.0492381826043129,89.0,f1,0.4854188948306596
Cornell,sage,Raw features -> UMAP -> Delaunay,12363,0.6486486486486487,0.5511779448621554,0.6756756756756757,0.621817496229261,0.029624143615365,338.0,f1,0.5511779448621554
Cornell,sage,Raw features -> UMAP -> Delaunay,12364,0.6756756756756757,0.5692857142857143,0.7297297297297297,0.5826797385620914,0.1523800194263458,65.0,f1,0.5692857142857143
Cornell,sage,Raw features -> UMAP -> Delaunay,12365,0.7027027027027027,0.6492857142857142,0.6216216216216216,0.455006105006105,0.2304881960153579,62.0,f1,0.6492857142857142
Cornell,sage,Raw features -> UMAP -> Delaunay,12366,0.7297297297297297,0.5785401002506265,0.7297297297297297,0.5404448621553886,0.4369875490665436,49.0,f1,0.5785401002506265
Cornell,sage,Raw features -> UMAP -> Delaunay,12367,0.5945945945945946,0.5226470588235294,0.7567567567567568,0.5609523809523809,0.018222751095891,140.0,f1,0.5226470588235294
Cornell,sage,Raw features -> UMAP -> Delaunay,12368,0.7297297297297297,0.6133333333333334,0.6486486486486487,0.3978947368421052,0.3574371635913849,55.0,f1,0.6133333333333334
Cornell,sage,Raw features -> UMAP -> Delaunay,12369,0.7027027027027027,0.5315686274509804,0.7567567567567568,0.6677361853832442,0.0132957091554999,211.0,f1,0.5315686274509804
Cornell,sage,Raw features -> UMAP -> Delaunay,12370,0.7297297297297297,0.6066666666666667,0.6486486486486487,0.4949874686716792,0.0487694963812828,108.0,f1,0.6066666666666667
Cornell,sage,Raw features -> UMAP -> Delaunay,12371,0.7297297297297297,0.6545098039215687,0.6756756756756757,0.568235294117647,0.2817215621471405,69.0,f1,0.6545098039215687
Cornell,sage,Raw features -> UMAP -> Delaunay,12372,0.8108108108108109,0.7354971988795518,0.7297297297297297,0.5740911418330773,0.0064630629494786,192.0,f1,0.7354971988795518
Cornell,sage,Raw features -> UMAP -> Delaunay,12373,0.8108108108108109,0.7898989898989899,0.7567567567567568,0.5627165627165627,0.2196729630231857,68.0,f1,0.7898989898989899
Cornell,sage,Raw features -> UMAP -> Delaunay,12374,0.7567567567567568,0.6942296918767508,0.6486486486486487,0.4836590436590436,0.1322618126869201,87.0,f1,0.6942296918767508
Cornell,sage,Raw features -> UMAP -> Delaunay,12375,0.5945945945945946,0.5298275917630757,0.6756756756756757,0.5370320855614973,0.2129296511411667,78.0,f1,0.5298275917630757
Cornell,sage,Raw features -> UMAP -> Delaunay,12376,0.7837837837837838,0.6504761904761904,0.6216216216216216,0.5278354978354979,0.1664116382598877,81.0,f1,0.6504761904761904
Cornell,sage,Raw features -> UMAP -> Delaunay,12377,0.8108108108108109,0.7241258741258741,0.7297297297297297,0.5380952380952381,0.3890310525894165,53.0,f1,0.7241258741258741
Cornell,sage,Raw features -> UMAP -> Delaunay,12378,0.6756756756756757,0.644484126984127,0.5675675675675675,0.4389917722345566,0.1295825242996215,69.0,f1,0.644484126984127
Cornell,sage,Raw features -> UMAP -> Delaunay,12379,0.7567567567567568,0.6816666666666666,0.6216216216216216,0.3884037884037884,0.3923188745975494,47.0,f1,0.6816666666666666
Cornell,sage,Raw features -> UMAP -> Delaunay,12380,0.7567567567567568,0.6688515406162464,0.6756756756756757,0.5699547511312217,0.1341466456651687,89.0,f1,0.6688515406162464
Cornell,sage,Raw features -> UMAP -> Delaunay,12381,0.7837837837837838,0.7489915966386554,0.7027027027027027,0.5444444444444445,0.1166797503829002,94.0,f1,0.7489915966386554
Cornell,sage,Raw features -> UMAP -> Delaunay,12382,0.6756756756756757,0.6121212121212121,0.7297297297297297,0.5447058823529412,0.0926564261317253,117.0,f1,0.6121212121212121
Cornell,sage,Raw features -> UMAP -> Delaunay,12383,0.7567567567567568,0.7114219114219115,0.6756756756756757,0.5401651186790506,0.0382032915949821,136.0,f1,0.7114219114219115
Cornell,sage,Raw features -> UMAP -> Delaunay,12384,0.7297297297297297,0.6389915966386555,0.7027027027027027,0.52381221719457,0.0752495229244232,87.0,f1,0.6389915966386555
Cornell,sage,Raw features -> UMAP -> Delaunay,12385,0.7297297297297297,0.6492857142857142,0.6756756756756757,0.4965930956423316,0.2978485822677612,70.0,f1,0.6492857142857142
Cornell,sage,Raw features -> UMAP -> Delaunay,12386,0.5945945945945946,0.4206162464985994,0.6756756756756757,0.5900854700854701,0.0354337617754936,115.0,f1,0.4206162464985994
Cornell,sage,Raw features -> UMAP -> Delaunay,12387,0.6756756756756757,0.5902009102009103,0.5405405405405406,0.388235294117647,0.0446393117308616,147.0,f1,0.5902009102009103
Cornell,sage,Raw features -> UMAP -> Delaunay,12388,0.8108108108108109,0.7289682539682539,0.5675675675675675,0.4161172161172161,0.3264117240905761,62.0,f1,0.7289682539682539
Cornell,sage,Raw features -> UMAP -> Delaunay,12389,0.6486486486486487,0.6287385129490393,0.7027027027027027,0.5313888888888888,0.2829204797744751,66.0,f1,0.6287385129490393
Cornell,sage,Raw features -> UMAP -> Delaunay,12390,0.6486486486486487,0.5668734335839599,0.7297297297297297,0.6801190476190475,0.0598153322935104,97.0,f1,0.5668734335839599
Cornell,sage,Raw features -> UMAP -> Delaunay,12391,0.7297297297297297,0.6078499278499279,0.5945945945945946,0.4921428571428571,0.0993437096476554,74.0,f1,0.6078499278499279
Cornell,sage,Raw features -> UMAP -> Delaunay,12392,0.7027027027027027,0.6516483516483517,0.6756756756756757,0.6034937611408199,0.0938494130969047,92.0,f1,0.6516483516483517
Cornell,sage,Raw features -> UMAP -> Delaunay,12393,0.7837837837837838,0.5266666666666666,0.7027027027027027,0.4460127591706538,0.7543797492980957,33.0,f1,0.5266666666666666
Cornell,sage,Raw features -> UMAP -> Delaunay,12394,0.6486486486486487,0.5223730517848165,0.5945945945945946,0.4313725490196078,0.3277199566364288,61.0,f1,0.5223730517848165
Cornell,sage,Raw features -> UMAP -> Delaunay,12395,0.7297297297297297,0.5608080808080808,0.6486486486486487,0.499090909090909,0.0303208604454994,91.0,f1,0.5608080808080808
Cornell,sage,Raw features -> UMAP -> Delaunay,12396,0.7567567567567568,0.5479685639437961,0.7297297297297297,0.5247058823529411,0.5771416425704956,37.0,f1,0.5479685639437961
Cornell,sage,Raw features -> UMAP -> Delaunay,12397,0.7567567567567568,0.6634920634920636,0.6486486486486487,0.584126984126984,0.078141875565052,95.0,f1,0.6634920634920636
Cornell,sage,Raw features -> UMAP -> Delaunay,12398,0.6486486486486487,0.5399227799227798,0.7027027027027027,0.6602350427350427,0.0163287092000246,348.0,f1,0.5399227799227798
Cornell,sage,Raw features -> UMAP -> Delaunay,12399,0.7567567567567568,0.7621303258145363,0.6216216216216216,0.5148717948717949,0.2173764258623123,60.0,f1,0.7621303258145363
Cornell,sage,Raw features -> UMAP -> Delaunay,12400,0.5945945945945946,0.5291666666666667,0.6486486486486487,0.5044444444444445,0.4609477519989013,47.0,f1,0.5291666666666667
Cornell,sage,Raw features -> UMAP -> Delaunay,12401,0.7567567567567568,0.7245864045864046,0.5135135135135135,0.4109803921568628,0.23763208091259,70.0,f1,0.7245864045864046
Cornell,sage,Raw features -> UMAP -> Delaunay,12402,0.7567567567567568,0.6560752688172042,0.7567567567567568,0.5681372549019608,0.3902109861373901,52.0,f1,0.6560752688172042
Cornell,sage,Raw features -> UMAP -> Delaunay,12403,0.7567567567567568,0.5867873303167421,0.6486486486486487,0.5131313131313131,0.0296600256115198,121.0,f1,0.5867873303167421
Cornell,sage,Raw features -> UMAP -> Delaunay,12404,0.7297297297297297,0.6135907335907336,0.5945945945945946,0.4178446115288221,0.2315497100353241,62.0,f1,0.6135907335907336
Cornell,sage,Raw features -> UMAP -> Delaunay,12405,0.7297297297297297,0.6408547008547008,0.7297297297297297,0.541880341880342,0.0208090711385011,271.0,f1,0.6408547008547008
Cornell,sage,Raw features -> UMAP -> Delaunay,12406,0.7837837837837838,0.7620202020202019,0.6486486486486487,0.4100777271508978,0.2560782730579376,64.0,f1,0.7620202020202019
Cornell,sage,Raw features -> UMAP -> Delaunay,12407,0.7297297297297297,0.6516339869281046,0.7567567567567568,0.6170638820638821,0.0263555571436882,168.0,f1,0.6516339869281046
Cornell,sage,Raw features -> UMAP -> Delaunay,12408,0.8108108108108109,0.6642483660130719,0.7837837837837838,0.6276610644257703,0.0100614661350846,251.0,f1,0.6642483660130719
Cornell,sage,Raw features -> UMAP -> Delaunay,12409,0.7027027027027027,0.6437842233667661,0.6486486486486487,0.3987006237006237,0.2335539162158966,82.0,f1,0.6437842233667661
Cornell,sage,Raw features -> UMAP -> Delaunay,12410,0.6756756756756757,0.5719887955182072,0.6486486486486487,0.4340852130325814,0.2801517248153686,71.0,f1,0.5719887955182072
Cornell,sage,Raw features -> UMAP -> Delaunay,12411,0.7297297297297297,0.6047846889952153,0.6216216216216216,0.4046685340802988,0.1612748801708221,70.0,f1,0.6047846889952153
Cornell,sage,Raw features -> UMAP -> Delaunay,12412,0.7297297297297297,0.6268167745567126,0.7567567567567568,0.5596396396396397,0.1962258964776992,81.0,f1,0.6268167745567126
Cornell,sage,Raw features -> UMAP -> Delaunay,12413,0.7567567567567568,0.7003929403929405,0.6756756756756757,0.5141176470588235,0.0771930068731308,139.0,f1,0.7003929403929405
Cornell,sage,Raw features -> UMAP -> Delaunay,12414,0.6756756756756757,0.6171120107962212,0.6756756756756757,0.5368374446552815,0.1738798916339874,81.0,f1,0.6171120107962212
Cornell,sage,Raw features -> UMAP -> Delaunay,12415,0.5405405405405406,0.4246015246015245,0.7027027027027027,0.4683333333333334,0.1655546128749847,76.0,f1,0.4246015246015245
Cornell,sage,Raw features -> UMAP -> Delaunay,12416,0.7837837837837838,0.6892857142857143,0.6216216216216216,0.4711764705882353,0.4031148552894592,51.0,f1,0.6892857142857143
Cornell,sage,Raw features -> UMAP -> Delaunay,12417,0.6486486486486487,0.4966105102328013,0.7297297297297297,0.5447058823529412,0.0242464039474725,205.0,f1,0.4966105102328013
Cornell,sage,Raw features -> UMAP -> Delaunay,12418,0.7297297297297297,0.6227828054298643,0.7297297297297297,0.6270556609740672,0.0240478347986936,143.0,f1,0.6227828054298643
Cornell,sage,Raw features -> UMAP -> Delaunay,12419,0.6216216216216216,0.5782470669427192,0.8108108108108109,0.6352007469654528,0.0054132747463881,279.0,f1,0.5782470669427192
Cornell,sage,Raw features -> UMAP -> Delaunay,12420,0.7297297297297297,0.62,0.6486486486486487,0.4803095975232198,0.3503285348415375,56.0,f1,0.62
Cornell,sage,Raw features -> UMAP -> Delaunay,12421,0.7837837837837838,0.7675,0.7297297297297297,0.5593212669683257,0.2348750531673431,56.0,f1,0.7675
Cornell,sage,Raw features -> UMAP -> Delaunay,12422,0.8108108108108109,0.6972672064777328,0.7567567567567568,0.5860924369747899,0.2348597347736358,67.0,f1,0.6972672064777328
Cornell,sage,Raw features -> UMAP -> Delaunay,12423,0.7837837837837838,0.7549019607843137,0.6486486486486487,0.5680429864253393,0.007785640656948,370.0,f1,0.7549019607843137
Cornell,sage,Raw features -> UMAP -> Delaunay,12424,0.7027027027027027,0.555304960693955,0.7027027027027027,0.5647058823529412,0.0552755743265152,95.0,f1,0.555304960693955
Cornell,sage,Raw features -> UMAP -> Delaunay,12425,0.8108108108108109,0.7536124794745483,0.5675675675675675,0.3781512605042016,0.3012023568153381,62.0,f1,0.7536124794745483
Cornell,sage,Raw features -> UMAP -> Delaunay,12426,0.7297297297297297,0.6226438962681847,0.6486486486486487,0.4481767481767482,0.1205080226063728,74.0,f1,0.6226438962681847
Cornell,sage,Raw features -> UMAP -> Delaunay,12427,0.7297297297297297,0.6199806076276664,0.7027027027027027,0.6042857142857143,0.144879013299942,79.0,f1,0.6199806076276664
Cornell,sage,Raw features -> UMAP -> Delaunay,12428,0.8108108108108109,0.7365686274509804,0.7027027027027027,0.4668677727501257,0.0349547453224659,109.0,f1,0.7365686274509804
Cornell,sage,Raw features -> UMAP -> Delaunay,12429,0.6756756756756757,0.5196927255750785,0.5945945945945946,0.4641414141414141,0.0238734800368547,173.0,f1,0.5196927255750785
Cornell,sage,Raw features -> UMAP -> Delaunay,12430,0.7297297297297297,0.6556526806526806,0.6486486486486487,0.506984126984127,0.1935171782970428,65.0,f1,0.6556526806526806
Cornell,sage,Raw features -> UMAP -> Delaunay,12431,0.7297297297297297,0.6354621848739496,0.7027027027027027,0.5426006191950463,0.4610603749752044,58.0,f1,0.6354621848739496
Cornell,sage,Raw features -> UMAP -> Delaunay,12432,0.7297297297297297,0.6242424242424243,0.6216216216216216,0.5354545454545454,0.1877323240041732,87.0,f1,0.6242424242424243
Cornell,sage,Raw features -> UMAP -> Delaunay,12433,0.8108108108108109,0.6696396396396397,0.6216216216216216,0.3955735492577598,0.0166007168591022,192.0,f1,0.6696396396396397
Cornell,sage,Raw features -> UMAP -> Delaunay,12434,0.7027027027027027,0.5898989898989898,0.7027027027027027,0.58,0.009371736086905,282.0,f1,0.5898989898989898
Cornell,sage,Raw features -> UMAP -> Delaunay,12435,0.6486486486486487,0.5083132668271987,0.7297297297297297,0.5330952380952381,0.4101026952266693,47.0,f1,0.5083132668271987
Cornell,sage,Raw features -> UMAP -> Delaunay,12436,0.6756756756756757,0.5225757575757577,0.6756756756756757,0.5704273504273505,0.0434994883835315,182.0,f1,0.5225757575757577
Cornell,sage,Raw features -> UMAP -> Delaunay,12437,0.6756756756756757,0.6014285714285714,0.7027027027027027,0.4695054945054945,0.1716447472572326,59.0,f1,0.6014285714285714
Cornell,sage,Raw features -> UMAP -> Delaunay,12438,0.6486486486486487,0.5649859943977591,0.7297297297297297,0.4808080808080808,0.3088217079639435,63.0,f1,0.5649859943977591
Cornell,sage,Raw features -> UMAP -> Delaunay,12439,0.8648648648648649,0.8025,0.5405405405405406,0.3658333333333333,0.145542025566101,93.0,f1,0.8025
Cornell,sage,Raw features -> UMAP -> Delaunay,12440,0.7027027027027027,0.5830209006679594,0.6486486486486487,0.4375757575757575,0.3842105567455292,53.0,f1,0.5830209006679594
Cornell,sage,Raw features -> UMAP -> Delaunay,12441,0.7297297297297297,0.6612878787878788,0.7837837837837838,0.7191025641025641,0.2233676016330719,60.0,f1,0.6612878787878788
Cornell,sage,Raw features -> UMAP -> Delaunay,12442,0.6486486486486487,0.4811483253588516,0.7297297297297297,0.5120320855614973,0.0229479763656854,137.0,f1,0.4811483253588516
Cornell,sage,Raw features -> UMAP -> Delaunay,12443,0.8108108108108109,0.7654545454545454,0.7297297297297297,0.5785714285714285,0.112821340560913,87.0,f1,0.7654545454545454
Cornell,sage,Raw features -> UMAP -> Delaunay,12444,0.8378378378378378,0.7100534759358289,0.7027027027027027,0.5157403999509262,0.0251940563321113,107.0,f1,0.7100534759358289
Cornell,gat,Raw features -> UMAP -> Delaunay,12345,0.7297297297297297,0.68130888719124,0.5675675675675675,0.3538461538461538,0.1928277611732483,51.0,f1,0.68130888719124
Cornell,gat,Raw features -> UMAP -> Delaunay,12346,0.7567567567567568,0.611682615629984,0.6756756756756757,0.4291176470588235,0.3647754192352295,47.0,f1,0.611682615629984
Cornell,gat,Raw features -> UMAP -> Delaunay,12347,0.7837837837837838,0.6591443850267379,0.5675675675675675,0.4075070028011204,0.209226906299591,101.0,f1,0.6591443850267379
Cornell,gat,Raw features -> UMAP -> Delaunay,12348,0.7297297297297297,0.6135100193923723,0.7027027027027027,0.4900095026924295,0.3698274791240692,52.0,f1,0.6135100193923723
Cornell,gat,Raw features -> UMAP -> Delaunay,12349,0.7837837837837838,0.6996078431372548,0.7027027027027027,0.5391025641025641,0.3189466595649719,69.0,f1,0.6996078431372548
Cornell,gat,Raw features -> UMAP -> Delaunay,12350,0.6756756756756757,0.6161172161172161,0.6216216216216216,0.5684126984126985,0.0267455857247114,312.0,f1,0.6161172161172161
Cornell,gat,Raw features -> UMAP -> Delaunay,12351,0.7297297297297297,0.6363636363636364,0.6216216216216216,0.5725438596491228,0.0919087082147598,194.0,f1,0.6363636363636364
Cornell,gat,Raw features -> UMAP -> Delaunay,12352,0.7297297297297297,0.6177738927738928,0.7297297297297297,0.5812631812631812,0.2602047026157379,84.0,f1,0.6177738927738928
Cornell,gat,Raw features -> UMAP -> Delaunay,12353,0.8108108108108109,0.7780952380952381,0.5405405405405406,0.3538738738738739,0.3181747198104858,58.0,f1,0.7780952380952381
Cornell,gat,Raw features -> UMAP -> Delaunay,12354,0.6756756756756757,0.6183150183150183,0.6216216216216216,0.4654742547425474,0.0534801930189132,298.0,f1,0.6183150183150183
Cornell,gat,Raw features -> UMAP -> Delaunay,12355,0.7297297297297297,0.6711291486291486,0.7297297297297297,0.6161509268719895,0.1978814005851745,111.0,f1,0.6711291486291486
Cornell,gat,Raw features -> UMAP -> Delaunay,12356,0.7027027027027027,0.5352633030052385,0.6756756756756757,0.4524777183600713,0.1677374243736267,111.0,f1,0.5352633030052385
Cornell,gat,Raw features -> UMAP -> Delaunay,12357,0.7837837837837838,0.7358766233766234,0.6216216216216216,0.5155555555555555,0.041226789355278,248.0,f1,0.7358766233766234
Cornell,gat,Raw features -> UMAP -> Delaunay,12358,0.7027027027027027,0.551984126984127,0.6486486486486487,0.521341463414634,0.349229097366333,37.0,f1,0.551984126984127
Cornell,gat,Raw features -> UMAP -> Delaunay,12359,0.7027027027027027,0.5679100908656145,0.5945945945945946,0.3280141843971631,0.4199927747249603,29.0,f1,0.5679100908656145
Cornell,gat,Raw features -> UMAP -> Delaunay,12360,0.6216216216216216,0.5733256061045108,0.7297297297297297,0.5878149920255183,0.1949788480997085,101.0,f1,0.5733256061045108
Cornell,gat,Raw features -> UMAP -> Delaunay,12361,0.7027027027027027,0.6384126984126984,0.6486486486486487,0.5139743589743591,0.1751674711704254,101.0,f1,0.6384126984126984
Cornell,gat,Raw features -> UMAP -> Delaunay,12362,0.6756756756756757,0.5197058823529411,0.6756756756756757,0.5978632478632478,0.0271099731326103,315.0,f1,0.5197058823529411
Cornell,gat,Raw features -> UMAP -> Delaunay,12363,0.6756756756756757,0.5923249299719887,0.5945945945945946,0.5040384615384615,0.1476945430040359,91.0,f1,0.5923249299719887
Cornell,gat,Raw features -> UMAP -> Delaunay,12364,0.7297297297297297,0.6837878787878787,0.7297297297297297,0.5944444444444444,0.1485964506864547,90.0,f1,0.6837878787878787
Cornell,gat,Raw features -> UMAP -> Delaunay,12365,0.7297297297297297,0.691060606060606,0.5675675675675675,0.3582704876822524,0.0644116029143333,221.0,f1,0.691060606060606
Cornell,gat,Raw features -> UMAP -> Delaunay,12366,0.7297297297297297,0.64,0.6486486486486487,0.4990476190476191,0.2535383999347687,82.0,f1,0.64
Cornell,gat,Raw features -> UMAP -> Delaunay,12367,0.7027027027027027,0.6565079365079365,0.6216216216216216,0.3809523809523809,0.4019755721092224,33.0,f1,0.6565079365079365
Cornell,gat,Raw features -> UMAP -> Delaunay,12368,0.7297297297297297,0.6558730158730158,0.7297297297297297,0.5466666666666666,0.2204964160919189,121.0,f1,0.6558730158730158
Cornell,gat,Raw features -> UMAP -> Delaunay,12369,0.6756756756756757,0.5195445920303605,0.6756756756756757,0.6125180375180376,0.2224907428026199,91.0,f1,0.5195445920303605
Cornell,gat,Raw features -> UMAP -> Delaunay,12370,0.7567567567567568,0.7143278943278942,0.7297297297297297,0.523961038961039,0.3132805228233337,76.0,f1,0.7143278943278942
Cornell,gat,Raw features -> UMAP -> Delaunay,12371,0.6486486486486487,0.5725974025974025,0.7027027027027027,0.6532600732600733,0.0853509232401847,216.0,f1,0.5725974025974025
Cornell,gat,Raw features -> UMAP -> Delaunay,12372,0.7297297297297297,0.689978354978355,0.7027027027027027,0.5402777777777777,0.0901989862322807,221.0,f1,0.689978354978355
Cornell,gat,Raw features -> UMAP -> Delaunay,12373,0.7297297297297297,0.6698412698412698,0.6756756756756757,0.5133333333333334,0.0531930141150951,333.0,f1,0.6698412698412698
Cornell,gat,Raw features -> UMAP -> Delaunay,12374,0.7567567567567568,0.6776190476190476,0.7297297297297297,0.5605128205128206,0.0488473325967788,353.0,f1,0.6776190476190476
Cornell,gat,Raw features -> UMAP -> Delaunay,12375,0.7027027027027027,0.5980952380952381,0.6486486486486487,0.4101604278074866,0.4118748903274536,35.0,f1,0.5980952380952381
Cornell,gat,Raw features -> UMAP -> Delaunay,12376,0.7567567567567568,0.6361721611721612,0.6216216216216216,0.5335574229691877,0.1577868312597274,110.0,f1,0.6361721611721612
Cornell,gat,Raw features -> UMAP -> Delaunay,12377,0.7297297297297297,0.6491666666666667,0.6486486486486487,0.4605769230769231,0.2025428861379623,89.0,f1,0.6491666666666667
Cornell,gat,Raw features -> UMAP -> Delaunay,12378,0.6756756756756757,0.5195604395604396,0.7027027027027027,0.5246946242611876,0.4483849704265594,37.0,f1,0.5195604395604396
Cornell,gat,Raw features -> UMAP -> Delaunay,12379,0.6756756756756757,0.5073593073593073,0.6486486486486487,0.5466777408637873,0.3669046461582184,54.0,f1,0.5073593073593073
Cornell,gat,Raw features -> UMAP -> Delaunay,12380,0.7297297297297297,0.6154350772567091,0.6216216216216216,0.4758169934640522,0.2754959762096405,68.0,f1,0.6154350772567091
Cornell,gat,Raw features -> UMAP -> Delaunay,12381,0.7297297297297297,0.6701190476190476,0.6756756756756757,0.4118298368298368,0.3184708058834076,79.0,f1,0.6701190476190476
Cornell,gat,Raw features -> UMAP -> Delaunay,12382,0.6756756756756757,0.6271428571428571,0.7297297297297297,0.5625757575757576,0.2315994799137115,75.0,f1,0.6271428571428571
Cornell,gat,Raw features -> UMAP -> Delaunay,12383,0.6756756756756757,0.6076190476190476,0.5945945945945946,0.4594117647058824,0.0791922956705093,232.0,f1,0.6076190476190476
Cornell,gat,Raw features -> UMAP -> Delaunay,12384,0.7297297297297297,0.6529797979797979,0.7027027027027027,0.5349999999999999,0.2725409269332886,76.0,f1,0.6529797979797979
Cornell,gat,Raw features -> UMAP -> Delaunay,12385,0.8108108108108109,0.7215686274509805,0.6486486486486487,0.4805422647527911,0.2297916561365127,103.0,f1,0.7215686274509805
Cornell,gat,Raw features -> UMAP -> Delaunay,12386,0.6486486486486487,0.5083091857432629,0.6486486486486487,0.5809270805096232,0.2744389176368713,77.0,f1,0.5083091857432629
Cornell,gat,Raw features -> UMAP -> Delaunay,12387,0.7297297297297297,0.638040503557745,0.5675675675675675,0.4233193277310924,0.2615175545215606,78.0,f1,0.638040503557745
Cornell,gat,Raw features -> UMAP -> Delaunay,12388,0.7567567567567568,0.7232597623089982,0.5675675675675675,0.3720069404279931,0.2356786131858825,59.0,f1,0.7232597623089982
Cornell,gat,Raw features -> UMAP -> Delaunay,12389,0.6756756756756757,0.6753968253968254,0.7027027027027027,0.5822896900695762,0.0392797440290451,325.0,f1,0.6753968253968254
Cornell,gat,Raw features -> UMAP -> Delaunay,12390,0.6756756756756757,0.5895975232198143,0.6486486486486487,0.4535735735735736,0.3906759321689605,51.0,f1,0.5895975232198143
Cornell,gat,Raw features -> UMAP -> Delaunay,12391,0.6486486486486487,0.504766214177979,0.7027027027027027,0.545,0.4527970552444458,38.0,f1,0.504766214177979
Cornell,gat,Raw features -> UMAP -> Delaunay,12392,0.6756756756756757,0.630786860198625,0.6486486486486487,0.456704260651629,0.3250476717948913,74.0,f1,0.630786860198625
Cornell,gat,Raw features -> UMAP -> Delaunay,12393,0.7297297297297297,0.6547985347985348,0.7297297297297297,0.6131907308377896,0.1979171335697174,118.0,f1,0.6547985347985348
Cornell,gat,Raw features -> UMAP -> Delaunay,12394,0.6756756756756757,0.6201086495204142,0.5945945945945946,0.4404761904761904,0.2253542244434356,86.0,f1,0.6201086495204142
Cornell,gat,Raw features -> UMAP -> Delaunay,12395,0.7027027027027027,0.5619281045751634,0.5945945945945946,0.4553196053196053,0.0995062291622161,328.0,f1,0.5619281045751634
Cornell,gat,Raw features -> UMAP -> Delaunay,12396,0.7297297297297297,0.5311111111111112,0.7837837837837838,0.696171802054155,0.2856640219688415,63.0,f1,0.5311111111111112
Cornell,gat,Raw features -> UMAP -> Delaunay,12397,0.6216216216216216,0.5327561327561328,0.5675675675675675,0.4425974025974026,0.261767029762268,76.0,f1,0.5327561327561328
Cornell,gat,Raw features -> UMAP -> Delaunay,12398,0.7297297297297297,0.6339743589743589,0.7027027027027027,0.6165079365079364,0.2576574683189392,82.0,f1,0.6339743589743589
Cornell,gat,Raw features -> UMAP -> Delaunay,12399,0.7297297297297297,0.7213095238095237,0.6216216216216216,0.35,0.3010957241058349,62.0,f1,0.7213095238095237
Cornell,gat,Raw features -> UMAP -> Delaunay,12400,0.6216216216216216,0.5502380952380952,0.6486486486486487,0.415126050420168,0.1556951403617859,82.0,f1,0.5502380952380952
Cornell,gat,Raw features -> UMAP -> Delaunay,12401,0.7837837837837838,0.7452813852813853,0.5405405405405406,0.4395238095238095,0.2063308507204055,95.0,f1,0.7452813852813853
Cornell,gat,Raw features -> UMAP -> Delaunay,12402,0.7567567567567568,0.6976600985221675,0.7297297297297297,0.6595110771581358,0.2313174903392791,79.0,f1,0.6976600985221675
Cornell,gat,Raw features -> UMAP -> Delaunay,12403,0.7297297297297297,0.6383838383838384,0.5945945945945946,0.5018315018315018,0.0358832105994224,296.0,f1,0.6383838383838384
Cornell,gat,Raw features -> UMAP -> Delaunay,12404,0.6756756756756757,0.5783354783354784,0.6216216216216216,0.4171428571428571,0.3008609414100647,55.0,f1,0.5783354783354784
Cornell,gat,Raw features -> UMAP -> Delaunay,12405,0.7567567567567568,0.7129339477726575,0.7837837837837838,0.6684210526315789,0.1380609273910522,141.0,f1,0.7129339477726575
Cornell,gat,Raw features -> UMAP -> Delaunay,12406,0.8108108108108109,0.7480392156862745,0.5675675675675675,0.4178249678249678,0.2871575951576233,81.0,f1,0.7480392156862745
Cornell,gat,Raw features -> UMAP -> Delaunay,12407,0.7027027027027027,0.6262931839402427,0.6486486486486487,0.4360975609756098,0.3458264768123626,62.0,f1,0.6262931839402427
Cornell,gat,Raw features -> UMAP -> Delaunay,12408,0.7567567567567568,0.68491674991675,0.7567567567567568,0.5892857142857143,0.2607586085796356,90.0,f1,0.68491674991675
Cornell,gat,Raw features -> UMAP -> Delaunay,12409,0.7297297297297297,0.6159731634589319,0.5945945945945946,0.4338738738738739,0.2220328450202942,89.0,f1,0.6159731634589319
Cornell,gat,Raw features -> UMAP -> Delaunay,12410,0.7027027027027027,0.5456438298543562,0.6756756756756757,0.463116883116883,0.4942108690738678,37.0,f1,0.5456438298543562
Cornell,gat,Raw features -> UMAP -> Delaunay,12411,0.7567567567567568,0.6649079025549613,0.5945945945945946,0.5191564318034907,0.0316188782453537,321.0,f1,0.6649079025549613
Cornell,gat,Raw features -> UMAP -> Delaunay,12412,0.7567567567567568,0.6884210526315789,0.7567567567567568,0.6238095238095238,0.1147655844688415,289.0,f1,0.6884210526315789
Cornell,gat,Raw features -> UMAP -> Delaunay,12413,0.7567567567567568,0.7097222222222221,0.6486486486486487,0.4323809523809524,0.2541139423847198,83.0,f1,0.7097222222222221
Cornell,gat,Raw features -> UMAP -> Delaunay,12414,0.6486486486486487,0.52,0.5945945945945946,0.4617857142857143,0.2567616701126098,85.0,f1,0.52
Cornell,gat,Raw features -> UMAP -> Delaunay,12415,0.5675675675675675,0.4919047619047619,0.7567567567567568,0.6321428571428571,0.1085709407925605,139.0,f1,0.4919047619047619
Cornell,gat,Raw features -> UMAP -> Delaunay,12416,0.7297297297297297,0.6137712096332785,0.5675675675675675,0.4078431372549019,0.0283508691936731,311.0,f1,0.6137712096332785
Cornell,gat,Raw features -> UMAP -> Delaunay,12417,0.6486486486486487,0.6011764705882353,0.6486486486486487,0.4892640692640692,0.2977126240730285,78.0,f1,0.6011764705882353
Cornell,gat,Raw features -> UMAP -> Delaunay,12418,0.7027027027027027,0.6347058823529412,0.5945945945945946,0.4567693744164332,0.1335362941026687,198.0,f1,0.6347058823529412
Cornell,gat,Raw features -> UMAP -> Delaunay,12419,0.6756756756756757,0.5756709956709957,0.7297297297297297,0.5504954954954955,0.4097152948379516,46.0,f1,0.5756709956709957
Cornell,gat,Raw features -> UMAP -> Delaunay,12420,0.7027027027027027,0.6138461538461539,0.7027027027027027,0.5025261324041812,0.4357170760631561,32.0,f1,0.6138461538461539
Cornell,gat,Raw features -> UMAP -> Delaunay,12421,0.7567567567567568,0.6536796536796536,0.7027027027027027,0.5561132561132561,0.0616433285176754,384.0,f1,0.6536796536796536
Cornell,gat,Raw features -> UMAP -> Delaunay,12422,0.7567567567567568,0.5888084464555053,0.5945945945945946,0.3505405405405405,0.4990727007389068,30.0,f1,0.5888084464555053
Cornell,gat,Raw features -> UMAP -> Delaunay,12423,0.6756756756756757,0.6561111111111111,0.6756756756756757,0.5416541353383458,0.3437586426734924,43.0,f1,0.6561111111111111
Cornell,gat,Raw features -> UMAP -> Delaunay,12424,0.7567567567567568,0.6181372549019607,0.6756756756756757,0.6017094017094017,0.1738743633031845,117.0,f1,0.6181372549019607
Cornell,gat,Raw features -> UMAP -> Delaunay,12425,0.7027027027027027,0.6717241379310345,0.5405405405405406,0.3590336134453782,0.1823450177907943,131.0,f1,0.6717241379310345
Cornell,gat,Raw features -> UMAP -> Delaunay,12426,0.7837837837837838,0.6346081504702195,0.5945945945945946,0.447843137254902,0.1270060986280441,129.0,f1,0.6346081504702195
Cornell,gat,Raw features -> UMAP -> Delaunay,12427,0.7027027027027027,0.5774603174603175,0.6756756756756757,0.5569841269841269,0.3166615664958954,51.0,f1,0.5774603174603175
Cornell,gat,Raw features -> UMAP -> Delaunay,12428,0.7567567567567568,0.6350435227854583,0.7567567567567568,0.5734743793567323,0.315291166305542,53.0,f1,0.6350435227854583
Cornell,gat,Raw features -> UMAP -> Delaunay,12429,0.7027027027027027,0.5754147812971342,0.6216216216216216,0.4476190476190476,0.2559954822063446,61.0,f1,0.5754147812971342
Cornell,gat,Raw features -> UMAP -> Delaunay,12430,0.7027027027027027,0.5623376623376624,0.5945945945945946,0.4361132561132561,0.250873327255249,98.0,f1,0.5623376623376624
Cornell,gat,Raw features -> UMAP -> Delaunay,12431,0.6756756756756757,0.5825787284610814,0.6756756756756757,0.5717273576097105,0.265987753868103,68.0,f1,0.5825787284610814
Cornell,gat,Raw features -> UMAP -> Delaunay,12432,0.7837837837837838,0.7156709956709958,0.6756756756756757,0.5899264289756648,0.3312618136405945,61.0,f1,0.7156709956709958
Cornell,gat,Raw features -> UMAP -> Delaunay,12433,0.8108108108108109,0.7812324929971989,0.5945945945945946,0.5676406926406926,0.1685888767242431,95.0,f1,0.7812324929971989
Cornell,gat,Raw features -> UMAP -> Delaunay,12434,0.7027027027027027,0.6325788387857354,0.7027027027027027,0.4709115445957551,0.2989546954631805,70.0,f1,0.6325788387857354
Cornell,gat,Raw features -> UMAP -> Delaunay,12435,0.5945945945945946,0.5187830687830687,0.6216216216216216,0.5054621848739496,0.1117964759469032,143.0,f1,0.5187830687830687
Cornell,gat,Raw features -> UMAP -> Delaunay,12436,0.5945945945945946,0.4147186147186147,0.5945945945945946,0.4415873015873015,0.2849016189575195,82.0,f1,0.4147186147186147
Cornell,gat,Raw features -> UMAP -> Delaunay,12437,0.7837837837837838,0.7956709956709956,0.7297297297297297,0.5465956558061821,0.3302899301052093,46.0,f1,0.7956709956709956
Cornell,gat,Raw features -> UMAP -> Delaunay,12438,0.6216216216216216,0.5125,0.7567567567567568,0.5853408029878618,0.2565388977527618,60.0,f1,0.5125
Cornell,gat,Raw features -> UMAP -> Delaunay,12439,0.7837837837837838,0.7032539682539682,0.5675675675675675,0.3919460257221168,0.308264285326004,60.0,f1,0.7032539682539682
Cornell,gat,Raw features -> UMAP -> Delaunay,12440,0.7297297297297297,0.6257936507936507,0.6756756756756757,0.5929339477726574,0.1043982580304145,195.0,f1,0.6257936507936507
Cornell,gat,Raw features -> UMAP -> Delaunay,12441,0.7567567567567568,0.706516290726817,0.7297297297297297,0.6535947712418301,0.2733365893363952,66.0,f1,0.706516290726817
Cornell,gat,Raw features -> UMAP -> Delaunay,12442,0.6216216216216216,0.4285050862450242,0.7027027027027027,0.5577177177177177,0.3731014728546142,36.0,f1,0.4285050862450242
Cornell,gat,Raw features -> UMAP -> Delaunay,12443,0.8108108108108109,0.7744588744588745,0.6756756756756757,0.4611111111111111,0.1047269627451896,262.0,f1,0.7744588744588745
Cornell,gat,Raw features -> UMAP -> Delaunay,12444,0.8648648648648649,0.7812324929971989,0.6486486486486487,0.4849206349206348,0.269444465637207,73.0,f1,0.7812324929971989
Airports-Europe,gcn,Raw features -> UMAP -> Delaunay,12345,0.4,0.4045635802981953,0.3125,0.314239960581424,0.4581971168518066,138.0,f1,0.4045635802981953
Airports-Europe,gcn,Raw features -> UMAP -> Delaunay,12346,0.3125,0.2989766081871345,0.3,0.3095786723067917,0.4483057856559753,185.0,f1,0.2989766081871345
Airports-Europe,gcn,Raw features -> UMAP -> Delaunay,12347,0.3375,0.3322526173590003,0.35,0.3525923548709171,0.3172647655010223,368.0,f1,0.3322526173590003
Airports-Europe,gcn,Raw features -> UMAP -> Delaunay,12348,0.3,0.2991825107536962,0.35,0.3442272437430256,0.3575050234794616,254.0,f1,0.2991825107536962
Airports-Europe,gcn,Raw features -> UMAP -> Delaunay,12349,0.4,0.3977431105479886,0.2625,0.2603696741854636,0.3792151212692261,229.0,f1,0.3977431105479886
Airports-Europe,gcn,Raw features -> UMAP -> Delaunay,12350,0.3375,0.323562661498708,0.3375,0.3361998719344153,0.5238375067710876,97.0,f1,0.323562661498708
Airports-Europe,gcn,Raw features -> UMAP -> Delaunay,12351,0.35,0.3542199488491048,0.3875,0.3854691075514874,0.6616209149360657,62.0,f1,0.3542199488491048
Airports-Europe,gcn,Raw features -> UMAP -> Delaunay,12352,0.3125,0.313281956139099,0.3375,0.3311458982965335,0.5948676466941833,58.0,f1,0.313281956139099
Airports-Europe,gcn,Raw features -> UMAP -> Delaunay,12353,0.325,0.3153978812515398,0.325,0.3294717772692601,0.3006471693515777,357.0,f1,0.3153978812515398
Airports-Europe,gcn,Raw features -> UMAP -> Delaunay,12354,0.2875,0.2883821604751837,0.375,0.375501253132832,0.545971691608429,134.0,f1,0.2883821604751837
Airports-Europe,gcn,Raw features -> UMAP -> Delaunay,12355,0.3625,0.3469924812030075,0.325,0.3210194061257891,0.3992007076740265,187.0,f1,0.3469924812030075
Airports-Europe,gcn,Raw features -> UMAP -> Delaunay,12356,0.3875,0.3819882135099526,0.275,0.2801224351529229,0.4773976504802704,152.0,f1,0.3819882135099526
Airports-Europe,gcn,Raw features -> UMAP -> Delaunay,12357,0.3375,0.3320930799901607,0.25,0.254010179010179,0.5065516829490662,83.0,f1,0.3320930799901607
Airports-Europe,gcn,Raw features -> UMAP -> Delaunay,12358,0.4125,0.412014522120905,0.3125,0.3128370690636022,0.3512237071990967,327.0,f1,0.412014522120905
Airports-Europe,gcn,Raw features -> UMAP -> Delaunay,12359,0.4375,0.4391601995118728,0.2625,0.2611800754242614,0.3608603477478027,301.0,f1,0.4391601995118728
Airports-Europe,gcn,Raw features -> UMAP -> Delaunay,12360,0.4,0.3997896577802987,0.2875,0.2833413770913771,0.5849354267120361,72.0,f1,0.3997896577802987
Airports-Europe,gcn,Raw features -> UMAP -> Delaunay,12361,0.4,0.3863099075865033,0.3375,0.3217389722801224,0.5393507480621338,90.0,f1,0.3863099075865033
Airports-Europe,gcn,Raw features -> UMAP -> Delaunay,12362,0.4375,0.435127674258109,0.3125,0.3134848434726036,0.4142838716506958,255.0,f1,0.435127674258109
Airports-Europe,gcn,Raw features -> UMAP -> Delaunay,12363,0.4125,0.4058983207576848,0.2625,0.2644192017195569,0.3879622519016266,183.0,f1,0.4058983207576848
Airports-Europe,gcn,Raw features -> UMAP -> Delaunay,12364,0.2875,0.2789243277048154,0.2,0.2001250781738586,0.5294177532196045,92.0,f1,0.2789243277048154
Airports-Europe,gcn,Raw features -> UMAP -> Delaunay,12365,0.3625,0.3691265374192203,0.3,0.305680820798402,0.4306008517742157,152.0,f1,0.3691265374192203
Airports-Europe,gcn,Raw features -> UMAP -> Delaunay,12366,0.3625,0.3520115501283348,0.35,0.3362229102167183,0.5915565490722656,65.0,f1,0.3520115501283348
Airports-Europe,gcn,Raw features -> UMAP -> Delaunay,12367,0.45,0.4502355726612019,0.3125,0.307200478981534,0.4548426866531372,186.0,f1,0.4502355726612019
Airports-Europe,gcn,Raw features -> UMAP -> Delaunay,12368,0.425,0.429584087058891,0.3,0.2936595924400802,0.3135513961315155,279.0,f1,0.429584087058891
Airports-Europe,gcn,Raw features -> UMAP -> Delaunay,12369,0.425,0.4174796747967479,0.3125,0.3020229468599034,0.5550804138183594,92.0,f1,0.4174796747967479
Airports-Europe,gcn,Raw features -> UMAP -> Delaunay,12370,0.4125,0.4058733790999236,0.275,0.2601950680898049,0.5399882793426514,92.0,f1,0.4058733790999236
Airports-Europe,gcn,Raw features -> UMAP -> Delaunay,12371,0.3625,0.361666090065156,0.3,0.2913069649988254,0.2728692889213562,386.0,f1,0.361666090065156
Airports-Europe,gcn,Raw features -> UMAP -> Delaunay,12372,0.325,0.3329582587582712,0.4,0.3925867045977492,0.6293472647666931,65.0,f1,0.3329582587582712
Airports-Europe,gcn,Raw features -> UMAP -> Delaunay,12373,0.3875,0.3807052295424389,0.3375,0.3280322483825785,0.4407639801502228,191.0,f1,0.3807052295424389
Airports-Europe,gcn,Raw features -> UMAP -> Delaunay,12374,0.3625,0.3552369040173918,0.2625,0.2699053104158542,0.426639586687088,226.0,f1,0.3552369040173918
Airports-Europe,gcn,Raw features -> UMAP -> Delaunay,12375,0.35,0.3292118337850045,0.35,0.2895021645021645,0.6087290644645691,53.0,f1,0.3292118337850045
Airports-Europe,gcn,Raw features -> UMAP -> Delaunay,12376,0.3625,0.3635416666666667,0.2125,0.2164807462028108,0.3276693820953369,285.0,f1,0.3635416666666667
Airports-Europe,gcn,Raw features -> UMAP -> Delaunay,12377,0.3375,0.3342940685045948,0.3125,0.3114623121976063,0.5854300260543823,64.0,f1,0.3342940685045948
Airports-Europe,gcn,Raw features -> UMAP -> Delaunay,12378,0.3375,0.3130815412692767,0.325,0.3115345356724667,0.5575721859931946,60.0,f1,0.3130815412692767
Airports-Europe,gcn,Raw features -> UMAP -> Delaunay,12379,0.4125,0.4132348342714196,0.3375,0.3423863675789221,0.3012573719024658,365.0,f1,0.4132348342714196
Airports-Europe,gcn,Raw features -> UMAP -> Delaunay,12380,0.35,0.3528068830394412,0.25,0.247480881691408,0.4484628736972809,130.0,f1,0.3528068830394412
Airports-Europe,gcn,Raw features -> UMAP -> Delaunay,12381,0.4875,0.4874732563115105,0.35,0.3362604881769641,0.5195872783660889,142.0,f1,0.4874732563115105
Airports-Europe,gcn,Raw features -> UMAP -> Delaunay,12382,0.4,0.3408650173356056,0.225,0.1848051948051948,0.5935344099998474,55.0,f1,0.3408650173356056
Airports-Europe,gcn,Raw features -> UMAP -> Delaunay,12383,0.375,0.3719610344610344,0.3125,0.3121095550716113,0.3504831790924072,337.0,f1,0.3719610344610344
Airports-Europe,gcn,Raw features -> UMAP -> Delaunay,12384,0.4,0.3939450993102857,0.2625,0.2576847271969223,0.4336529076099396,221.0,f1,0.3939450993102857
Airports-Europe,gcn,Raw features -> UMAP -> Delaunay,12385,0.3125,0.2887477106227106,0.375,0.3419607843137255,0.6411667466163635,59.0,f1,0.2887477106227106
Airports-Europe,gcn,Raw features -> UMAP -> Delaunay,12386,0.3875,0.3701226309921962,0.3125,0.2668005485893416,0.6751184463500977,48.0,f1,0.3701226309921962
Airports-Europe,gcn,Raw features -> UMAP -> Delaunay,12387,0.3375,0.333531746031746,0.2875,0.28638132389492,0.5743259787559509,77.0,f1,0.333531746031746
Airports-Europe,gcn,Raw features -> UMAP -> Delaunay,12388,0.3625,0.3457939397648114,0.3,0.2874598539179265,0.5826576948165894,64.0,f1,0.3457939397648114
Airports-Europe,gcn,Raw features -> UMAP -> Delaunay,12389,0.325,0.3241360089186176,0.2625,0.2640564826700898,0.5389481782913208,72.0,f1,0.3241360089186176
Airports-Europe,gcn,Raw features -> UMAP -> Delaunay,12390,0.3125,0.3103176752630576,0.4125,0.4034480542433883,0.6557371020317078,64.0,f1,0.3103176752630576
Airports-Europe,gcn,Raw features -> UMAP -> Delaunay,12391,0.3875,0.3750776397515528,0.325,0.3213512409597134,0.3266406655311584,369.0,f1,0.3750776397515528
Airports-Europe,gcn,Raw features -> UMAP -> Delaunay,12392,0.325,0.3243589743589744,0.2125,0.2099573511640264,0.3024991452693939,374.0,f1,0.3243589743589744
Airports-Europe,gcn,Raw features -> UMAP -> Delaunay,12393,0.4,0.4002733630640607,0.2875,0.2877472378435151,0.3288026750087738,385.0,f1,0.4002733630640607
Airports-Europe,gcn,Raw features -> UMAP -> Delaunay,12394,0.4125,0.4108729568173698,0.25,0.2547124055669272,0.5161718726158142,116.0,f1,0.4108729568173698
Airports-Europe,gcn,Raw features -> UMAP -> Delaunay,12395,0.3125,0.3084591560201316,0.3,0.3012516046213093,0.3758111298084259,274.0,f1,0.3084591560201316
Airports-Europe,gcn,Raw features -> UMAP -> Delaunay,12396,0.4,0.3986097236097236,0.275,0.2732313921976429,0.5327211022377014,92.0,f1,0.3986097236097236
Airports-Europe,gcn,Raw features -> UMAP -> Delaunay,12397,0.375,0.3706916099773243,0.2625,0.2539265909648946,0.4433593451976776,142.0,f1,0.3706916099773243
Airports-Europe,gcn,Raw features -> UMAP -> Delaunay,12398,0.275,0.271896678908874,0.3,0.2968855038434933,0.488733559846878,98.0,f1,0.271896678908874
Airports-Europe,gcn,Raw features -> UMAP -> Delaunay,12399,0.325,0.3243664871713652,0.3125,0.3134825323060617,0.3955267369747162,275.0,f1,0.3243664871713652
Airports-Europe,gcn,Raw features -> UMAP -> Delaunay,12400,0.25,0.2513622210690192,0.3375,0.3350933619226302,0.4048565626144409,191.0,f1,0.2513622210690192
Airports-Europe,gcn,Raw features -> UMAP -> Delaunay,12401,0.4125,0.3979743083003952,0.275,0.2569968790899023,0.5022433400154114,96.0,f1,0.3979743083003952
Airports-Europe,gcn,Raw features -> UMAP -> Delaunay,12402,0.35,0.3451005562687206,0.3,0.306744449656035,0.3750146031379699,352.0,f1,0.3451005562687206
Airports-Europe,gcn,Raw features -> UMAP -> Delaunay,12403,0.3,0.3047699485199485,0.3375,0.3367981123020316,0.4306564927101135,204.0,f1,0.3047699485199485
Airports-Europe,gcn,Raw features -> UMAP -> Delaunay,12404,0.3625,0.3543650793650793,0.3625,0.3575032352122135,0.6783608794212341,61.0,f1,0.3543650793650793
Airports-Europe,gcn,Raw features -> UMAP -> Delaunay,12405,0.45,0.4169796011656476,0.2375,0.2111906949750931,0.7528558373451233,51.0,f1,0.4169796011656476
Airports-Europe,gcn,Raw features -> UMAP -> Delaunay,12406,0.4125,0.4121466894252517,0.275,0.2746553884711779,0.3906764388084411,203.0,f1,0.4121466894252517
Airports-Europe,gcn,Raw features -> UMAP -> Delaunay,12407,0.275,0.2804528804528804,0.2125,0.2128784130268544,0.5517701506614685,81.0,f1,0.2804528804528804
Airports-Europe,gcn,Raw features -> UMAP -> Delaunay,12408,0.3,0.2950470717912578,0.325,0.3293654961984794,0.3361973166465759,381.0,f1,0.2950470717912578
Airports-Europe,gcn,Raw features -> UMAP -> Delaunay,12409,0.375,0.3525012777919755,0.35,0.320171629445823,0.6066176295280457,64.0,f1,0.3525012777919755
Airports-Europe,gcn,Raw features -> UMAP -> Delaunay,12410,0.4,0.4096800258564964,0.3125,0.2975289151759739,0.4323614239692688,187.0,f1,0.4096800258564964
Airports-Europe,gcn,Raw features -> UMAP -> Delaunay,12411,0.25,0.2585470085470085,0.375,0.3738344988344989,0.4861297011375427,95.0,f1,0.2585470085470085
Airports-Europe,gcn,Raw features -> UMAP -> Delaunay,12412,0.3625,0.3628543154025588,0.325,0.3237249133062836,0.6156463027000427,69.0,f1,0.3628543154025588
Airports-Europe,gcn,Raw features -> UMAP -> Delaunay,12413,0.35,0.3559188023169872,0.3375,0.3363503455608718,0.4723515212535858,138.0,f1,0.3559188023169872
Airports-Europe,gcn,Raw features -> UMAP -> Delaunay,12414,0.325,0.3194468194254446,0.3,0.3092051579856457,0.452099472284317,150.0,f1,0.3194468194254446
Airports-Europe,gcn,Raw features -> UMAP -> Delaunay,12415,0.3125,0.312929061784897,0.225,0.2239348370927318,0.3538701236248016,239.0,f1,0.312929061784897
Airports-Europe,gcn,Raw features -> UMAP -> Delaunay,12416,0.3625,0.3602625444730707,0.25,0.2487685464369943,0.2908642888069153,317.0,f1,0.3602625444730707
Airports-Europe,gcn,Raw features -> UMAP -> Delaunay,12417,0.425,0.4180551111822108,0.2625,0.2719111969111969,0.391169011592865,216.0,f1,0.4180551111822108
Airports-Europe,gcn,Raw features -> UMAP -> Delaunay,12418,0.4125,0.4083135818429936,0.275,0.2742480448362802,0.4500775337219238,159.0,f1,0.4083135818429936
Airports-Europe,gcn,Raw features -> UMAP -> Delaunay,12419,0.4125,0.4112626503930852,0.2625,0.2574116872903526,0.5329158902168274,109.0,f1,0.4112626503930852
Airports-Europe,gcn,Raw features -> UMAP -> Delaunay,12420,0.3375,0.3358855236904017,0.3625,0.3622118078000431,0.414725661277771,177.0,f1,0.3358855236904017
Airports-Europe,gcn,Raw features -> UMAP -> Delaunay,12421,0.3625,0.3628759398496241,0.3125,0.3186068673873551,0.4399531483650207,185.0,f1,0.3628759398496241
Airports-Europe,gcn,Raw features -> UMAP -> Delaunay,12422,0.3375,0.3165535444947209,0.3375,0.3199383164005805,0.6694231033325195,61.0,f1,0.3165535444947209
Airports-Europe,gcn,Raw features -> UMAP -> Delaunay,12423,0.375,0.3262827336597828,0.35,0.3028734520123839,1.7141598463058472,1.0,f1,0.3262827336597828
Airports-Europe,gcn,Raw features -> UMAP -> Delaunay,12424,0.3625,0.3589010989010989,0.3375,0.3396895787139689,0.6263876557350159,69.0,f1,0.3589010989010989
Airports-Europe,gcn,Raw features -> UMAP -> Delaunay,12425,0.35,0.3526053372600687,0.325,0.3196693657219973,0.2313767820596695,322.0,f1,0.3526053372600687
Airports-Europe,gcn,Raw features -> UMAP -> Delaunay,12426,0.375,0.3798411723901482,0.3125,0.3145095405964971,0.5643205642700195,112.0,f1,0.3798411723901482
Airports-Europe,gcn,Raw features -> UMAP -> Delaunay,12427,0.475,0.4635299867747685,0.225,0.2240250603055481,0.6463837623596191,57.0,f1,0.4635299867747685
Airports-Europe,gcn,Raw features -> UMAP -> Delaunay,12428,0.375,0.374024024024024,0.3875,0.3852995410000515,0.4160260558128357,271.0,f1,0.374024024024024
Airports-Europe,gcn,Raw features -> UMAP -> Delaunay,12429,0.3375,0.338440275940276,0.325,0.3266031782740848,0.3227605521678924,362.0,f1,0.338440275940276
Airports-Europe,gcn,Raw features -> UMAP -> Delaunay,12430,0.3,0.2931077694235589,0.3,0.300689297782321,0.4644608795642853,140.0,f1,0.2931077694235589
Airports-Europe,gcn,Raw features -> UMAP -> Delaunay,12431,0.375,0.3761049911600707,0.3125,0.3106619075369075,0.3663000762462616,239.0,f1,0.3761049911600707
Airports-Europe,gcn,Raw features -> UMAP -> Delaunay,12432,0.3875,0.3866465149359885,0.2875,0.2833025375708302,0.3974256515502929,181.0,f1,0.3866465149359885
Airports-Europe,gcn,Raw features -> UMAP -> Delaunay,12433,0.375,0.3761022514071294,0.3375,0.3303651866151866,0.3564504086971283,292.0,f1,0.3761022514071294
Airports-Europe,gcn,Raw features -> UMAP -> Delaunay,12434,0.4125,0.4132668382668382,0.2875,0.2813151760520181,0.5529493093490601,116.0,f1,0.4132668382668382
Airports-Europe,gcn,Raw features -> UMAP -> Delaunay,12435,0.375,0.3730756022677687,0.3375,0.336548273155416,0.4264912605285644,213.0,f1,0.3730756022677687
Airports-Europe,gcn,Raw features -> UMAP -> Delaunay,12436,0.375,0.346243360261163,0.2625,0.2627661208113335,0.6625362634658813,60.0,f1,0.346243360261163
Airports-Europe,gcn,Raw features -> UMAP -> Delaunay,12437,0.4125,0.4146160856687172,0.2625,0.2603706734001985,0.2948106229305267,366.0,f1,0.4146160856687172
Airports-Europe,gcn,Raw features -> UMAP -> Delaunay,12438,0.475,0.4574713025806792,0.325,0.285522011721412,0.6917973160743713,61.0,f1,0.4574713025806792
Airports-Europe,gcn,Raw features -> UMAP -> Delaunay,12439,0.4125,0.4117329698725047,0.25,0.2313091977367443,0.3616463541984558,312.0,f1,0.4117329698725047
Airports-Europe,gcn,Raw features -> UMAP -> Delaunay,12440,0.3875,0.3895057645057644,0.275,0.2720145707950586,0.4823596775531769,96.0,f1,0.3895057645057644
Airports-Europe,gcn,Raw features -> UMAP -> Delaunay,12441,0.325,0.3131276901004304,0.2875,0.2829849012775842,0.5485828518867493,58.0,f1,0.3131276901004304
Airports-Europe,gcn,Raw features -> UMAP -> Delaunay,12442,0.325,0.294288881170317,0.35,0.2892399267399267,0.6113302111625671,60.0,f1,0.294288881170317
Airports-Europe,gcn,Raw features -> UMAP -> Delaunay,12443,0.375,0.3733262861169837,0.2875,0.288299126193863,0.5984265208244324,68.0,f1,0.3733262861169837
Airports-Europe,gcn,Raw features -> UMAP -> Delaunay,12444,0.325,0.3352324263038548,0.2875,0.2896857664299525,0.6025896072387695,99.0,f1,0.3352324263038548
Airports-Europe,sage,Raw features -> UMAP -> Delaunay,12345,0.3375,0.3365806933931408,0.2875,0.2820993031358885,0.0062321992591023,151.0,f1,0.3365806933931408
Airports-Europe,sage,Raw features -> UMAP -> Delaunay,12346,0.3625,0.3362922639238428,0.375,0.3254244838067288,1.3062515258789062,20.0,f1,0.3362922639238428
Airports-Europe,sage,Raw features -> UMAP -> Delaunay,12347,0.3375,0.3224094745833876,0.3625,0.3505987429108117,1.1278955936431885,34.0,f1,0.3224094745833876
Airports-Europe,sage,Raw features -> UMAP -> Delaunay,12348,0.3875,0.3715344938749194,0.3375,0.3326787104307213,0.7757192850112915,52.0,f1,0.3715344938749194
Airports-Europe,sage,Raw features -> UMAP -> Delaunay,12349,0.4375,0.4344737890318221,0.325,0.3053303718791753,1.0869139432907104,36.0,f1,0.4344737890318221
Airports-Europe,sage,Raw features -> UMAP -> Delaunay,12350,0.35,0.3482086737900691,0.3875,0.3824622839310722,0.0023498374503105,227.0,f1,0.3482086737900691
Airports-Europe,sage,Raw features -> UMAP -> Delaunay,12351,0.325,0.3277135929254029,0.45,0.445078903654485,0.9547885656356812,46.0,f1,0.3277135929254029
Airports-Europe,sage,Raw features -> UMAP -> Delaunay,12352,0.3125,0.3081810631229236,0.3125,0.3111747089603316,0.2577211260795593,81.0,f1,0.3081810631229236
Airports-Europe,sage,Raw features -> UMAP -> Delaunay,12353,0.4875,0.4631210299455535,0.35,0.3344091243792007,1.3460867404937744,15.0,f1,0.4631210299455535
Airports-Europe,sage,Raw features -> UMAP -> Delaunay,12354,0.4,0.402544609861683,0.3625,0.3671990171990172,0.0641109719872474,96.0,f1,0.402544609861683
Airports-Europe,sage,Raw features -> UMAP -> Delaunay,12355,0.375,0.3578571428571429,0.3375,0.3256295830714435,1.2076995372772217,29.0,f1,0.3578571428571429
Airports-Europe,sage,Raw features -> UMAP -> Delaunay,12356,0.425,0.4023892773892774,0.3125,0.3013854527461653,1.072195529937744,36.0,f1,0.4023892773892774
Airports-Europe,sage,Raw features -> UMAP -> Delaunay,12357,0.3625,0.3495670995670995,0.4,0.3611030478955007,1.1096587181091309,34.0,f1,0.3495670995670995
Airports-Europe,sage,Raw features -> UMAP -> Delaunay,12358,0.425,0.395477207977208,0.3375,0.2852233972923628,1.3325613737106323,18.0,f1,0.395477207977208
Airports-Europe,sage,Raw features -> UMAP -> Delaunay,12359,0.425,0.421184567108829,0.35,0.3467609587859163,0.8736273646354675,47.0,f1,0.421184567108829
Airports-Europe,sage,Raw features -> UMAP -> Delaunay,12360,0.4125,0.4100365201512978,0.325,0.3169614797521774,0.4049719572067261,70.0,f1,0.4100365201512978
Airports-Europe,sage,Raw features -> UMAP -> Delaunay,12361,0.4125,0.3871616581415175,0.2875,0.2803739561258358,0.6387916207313538,59.0,f1,0.3871616581415175
Airports-Europe,sage,Raw features -> UMAP -> Delaunay,12362,0.4,0.4012769982782223,0.3,0.2834256825752883,0.9489708542823792,44.0,f1,0.4012769982782223
Airports-Europe,sage,Raw features -> UMAP -> Delaunay,12363,0.45,0.4156336681013869,0.275,0.2421948688926617,1.3115662336349487,19.0,f1,0.4156336681013869
Airports-Europe,sage,Raw features -> UMAP -> Delaunay,12364,0.35,0.3438044996868526,0.325,0.3230958908426293,0.7897867560386658,51.0,f1,0.3438044996868526
Airports-Europe,sage,Raw features -> UMAP -> Delaunay,12365,0.4125,0.3763136077758719,0.3875,0.3476198787032593,1.2499597072601318,25.0,f1,0.3763136077758719
Airports-Europe,sage,Raw features -> UMAP -> Delaunay,12366,0.3875,0.3775475115900648,0.35,0.3328399122807017,0.9988608360290528,42.0,f1,0.3775475115900648
Airports-Europe,sage,Raw features -> UMAP -> Delaunay,12367,0.425,0.4227358007845812,0.3375,0.3332497911445279,0.0115903271362185,125.0,f1,0.4227358007845812
Airports-Europe,sage,Raw features -> UMAP -> Delaunay,12368,0.4125,0.4016290726817042,0.2625,0.2525719378660555,0.5104654431343079,67.0,f1,0.4016290726817042
Airports-Europe,sage,Raw features -> UMAP -> Delaunay,12369,0.4125,0.4077271346131244,0.2875,0.2809595418589321,0.0262641943991184,108.0,f1,0.4077271346131244
Airports-Europe,sage,Raw features -> UMAP -> Delaunay,12370,0.3875,0.3790736377755279,0.275,0.2644766997708174,0.0195034723728895,112.0,f1,0.3790736377755279
Airports-Europe,sage,Raw features -> UMAP -> Delaunay,12371,0.45,0.4395541958041958,0.35,0.3497896577802988,0.9738216996192932,42.0,f1,0.4395541958041958
Airports-Europe,sage,Raw features -> UMAP -> Delaunay,12372,0.35,0.3507442849548112,0.4,0.4024550906862075,0.0293076261878013,107.0,f1,0.3507442849548112
Airports-Europe,sage,Raw features -> UMAP -> Delaunay,12373,0.4125,0.3738948705578294,0.25,0.2399668958492488,1.3567570447921753,12.0,f1,0.3738948705578294
Airports-Europe,sage,Raw features -> UMAP -> Delaunay,12374,0.4625,0.4460950764006791,0.375,0.372856471693681,1.0459227561950684,41.0,f1,0.4460950764006791
Airports-Europe,sage,Raw features -> UMAP -> Delaunay,12375,0.4375,0.4056715343480049,0.45,0.4306914724455953,1.2872220277786257,23.0,f1,0.4056715343480049
Airports-Europe,sage,Raw features -> UMAP -> Delaunay,12376,0.3625,0.35961222240292,0.3,0.2971380180571458,1.1078828573226929,35.0,f1,0.35961222240292
Airports-Europe,sage,Raw features -> UMAP -> Delaunay,12377,0.3875,0.386060755877829,0.325,0.3152606880829877,1.2613648176193235,26.0,f1,0.386060755877829
Airports-Europe,sage,Raw features -> UMAP -> Delaunay,12378,0.3125,0.2744403744403744,0.325,0.2969021035065762,1.0859274864196775,35.0,f1,0.2744403744403744
Airports-Europe,sage,Raw features -> UMAP -> Delaunay,12379,0.4,0.3962454212454212,0.25,0.2486449864498645,0.0071067325770854,151.0,f1,0.3962454212454212
Airports-Europe,sage,Raw features -> UMAP -> Delaunay,12380,0.35,0.3561408303158662,0.25,0.2363524602481554,0.2023851424455642,86.0,f1,0.3561408303158662
Airports-Europe,sage,Raw features -> UMAP -> Delaunay,12381,0.45,0.4482531311799604,0.35,0.3332208355560717,0.0907972157001495,90.0,f1,0.4482531311799604
Airports-Europe,sage,Raw features -> UMAP -> Delaunay,12382,0.4125,0.3744369486248054,0.3375,0.3020591250854408,1.3061776161193848,20.0,f1,0.3744369486248054
Airports-Europe,sage,Raw features -> UMAP -> Delaunay,12383,0.35,0.3453947368421052,0.4,0.3966328908189374,0.5435139536857605,64.0,f1,0.3453947368421052
Airports-Europe,sage,Raw features -> UMAP -> Delaunay,12384,0.4125,0.4028159340659341,0.35,0.3278135235787679,1.207640528678894,29.0,f1,0.4028159340659341
Airports-Europe,sage,Raw features -> UMAP -> Delaunay,12385,0.3875,0.3687020526643167,0.325,0.2967072083822443,1.312485694885254,20.0,f1,0.3687020526643167
Airports-Europe,sage,Raw features -> UMAP -> Delaunay,12386,0.375,0.3741948092557848,0.3375,0.3288055437716777,0.0269803050905466,108.0,f1,0.3741948092557848
Airports-Europe,sage,Raw features -> UMAP -> Delaunay,12387,0.3375,0.3343627916798649,0.325,0.3095012626262626,0.0205596517771482,112.0,f1,0.3343627916798649
Airports-Europe,sage,Raw features -> UMAP -> Delaunay,12388,0.375,0.3660130718954248,0.3625,0.3313058556756035,1.1846579313278198,28.0,f1,0.3660130718954248
Airports-Europe,sage,Raw features -> UMAP -> Delaunay,12389,0.3625,0.3617481203007519,0.3625,0.3473875327009806,1.1327733993530271,34.0,f1,0.3617481203007519
Airports-Europe,sage,Raw features -> UMAP -> Delaunay,12390,0.425,0.4165223665223664,0.3875,0.3800405268490375,1.2623393535614014,25.0,f1,0.4165223665223664
Airports-Europe,sage,Raw features -> UMAP -> Delaunay,12391,0.425,0.4120637995218063,0.3,0.2973148473148473,0.8739860653877258,49.0,f1,0.4120637995218063
Airports-Europe,sage,Raw features -> UMAP -> Delaunay,12392,0.3375,0.340331598226335,0.275,0.2798832323627125,1.310399293899536,22.0,f1,0.340331598226335
Airports-Europe,sage,Raw features -> UMAP -> Delaunay,12393,0.375,0.3747411457937774,0.3625,0.3429650107626725,1.335442304611206,17.0,f1,0.3747411457937774
Airports-Europe,sage,Raw features -> UMAP -> Delaunay,12394,0.5,0.4980196703880915,0.275,0.2783195798949737,0.0014575818786397,269.0,f1,0.4980196703880915
Airports-Europe,sage,Raw features -> UMAP -> Delaunay,12395,0.3625,0.3544508794508795,0.375,0.3712016854387813,0.847391664981842,50.0,f1,0.3544508794508795
Airports-Europe,sage,Raw features -> UMAP -> Delaunay,12396,0.425,0.4238462458153993,0.3375,0.3033597277294756,1.1343313455581665,33.0,f1,0.4238462458153993
Airports-Europe,sage,Raw features -> UMAP -> Delaunay,12397,0.3875,0.3734753969416002,0.3375,0.2684639016897081,1.187666654586792,29.0,f1,0.3734753969416002
Airports-Europe,sage,Raw features -> UMAP -> Delaunay,12398,0.3625,0.2967580459455013,0.3875,0.3352693602693603,1.3162983655929563,19.0,f1,0.2967580459455013
Airports-Europe,sage,Raw features -> UMAP -> Delaunay,12399,0.3375,0.3268529112636664,0.3125,0.2900201665407953,0.9034745693206788,47.0,f1,0.3268529112636664
Airports-Europe,sage,Raw features -> UMAP -> Delaunay,12400,0.35,0.3172795533307663,0.3625,0.3251573617952928,1.3022664785385132,21.0,f1,0.3172795533307663
Airports-Europe,sage,Raw features -> UMAP -> Delaunay,12401,0.4375,0.4382623224728488,0.3,0.2872838677186503,0.8378732204437256,51.0,f1,0.4382623224728488
Airports-Europe,sage,Raw features -> UMAP -> Delaunay,12402,0.4375,0.4382728304027227,0.3125,0.3083291902700309,0.0223787650465965,113.0,f1,0.4382728304027227
Airports-Europe,sage,Raw features -> UMAP -> Delaunay,12403,0.35,0.3519147874691567,0.4,0.3854911980915668,0.8577730655670166,48.0,f1,0.3519147874691567
Airports-Europe,sage,Raw features -> UMAP -> Delaunay,12404,0.45,0.4433932903390693,0.3875,0.3790678619625988,1.1515731811523438,33.0,f1,0.4433932903390693
Airports-Europe,sage,Raw features -> UMAP -> Delaunay,12405,0.45,0.4413930668284384,0.425,0.3957139077520063,0.9798882603645324,45.0,f1,0.4413930668284384
Airports-Europe,sage,Raw features -> UMAP -> Delaunay,12406,0.35,0.3521241830065359,0.2625,0.2670654121231784,0.6169609427452087,62.0,f1,0.3521241830065359
Airports-Europe,sage,Raw features -> UMAP -> Delaunay,12407,0.4125,0.3790910634847588,0.2375,0.1987516869095816,1.1962345838546753,29.0,f1,0.3790910634847588
Airports-Europe,sage,Raw features -> UMAP -> Delaunay,12408,0.375,0.3703312191684284,0.3625,0.3419580419580419,1.0263556241989136,40.0,f1,0.3703312191684284
Airports-Europe,sage,Raw features -> UMAP -> Delaunay,12409,0.4,0.395205953194675,0.275,0.251016731016731,1.2430660724639893,27.0,f1,0.395205953194675
Airports-Europe,sage,Raw features -> UMAP -> Delaunay,12410,0.375,0.3703367352822464,0.4,0.3848237179487179,0.3179643452167511,75.0,f1,0.3703367352822464
Airports-Europe,sage,Raw features -> UMAP -> Delaunay,12411,0.3125,0.3207897793263647,0.4375,0.4348805327066196,0.8062021136283875,49.0,f1,0.3207897793263647
Airports-Europe,sage,Raw features -> UMAP -> Delaunay,12412,0.3375,0.3340887091311539,0.3625,0.3399782135076252,1.3399440050125122,17.0,f1,0.3340887091311539
Airports-Europe,sage,Raw features -> UMAP -> Delaunay,12413,0.3875,0.391946491946492,0.3,0.2988273921200751,0.0011111516505479,331.0,f1,0.391946491946492
Airports-Europe,sage,Raw features -> UMAP -> Delaunay,12414,0.3375,0.3303708628841608,0.3375,0.3118180641161954,1.2056394815444946,27.0,f1,0.3303708628841608
Airports-Europe,sage,Raw features -> UMAP -> Delaunay,12415,0.35,0.3452929673859907,0.275,0.2723294147712752,0.0008554920786991,354.0,f1,0.3452929673859907
Airports-Europe,sage,Raw features -> UMAP -> Delaunay,12416,0.3625,0.3511174242424242,0.3125,0.287914498803474,0.9703564047813416,42.0,f1,0.3511174242424242
Airports-Europe,sage,Raw features -> UMAP -> Delaunay,12417,0.4125,0.4097039473684211,0.325,0.3266080822572931,1.191510796546936,30.0,f1,0.4097039473684211
Airports-Europe,sage,Raw features -> UMAP -> Delaunay,12418,0.425,0.3976190476190476,0.3125,0.2862554112554112,1.351776361465454,15.0,f1,0.3976190476190476
Airports-Europe,sage,Raw features -> UMAP -> Delaunay,12419,0.3875,0.318034188034188,0.325,0.2715615501519757,1.27009379863739,24.0,f1,0.318034188034188
Airports-Europe,sage,Raw features -> UMAP -> Delaunay,12420,0.4125,0.3678865406006674,0.35,0.3308473389355742,1.0484271049499512,39.0,f1,0.3678865406006674
Airports-Europe,sage,Raw features -> UMAP -> Delaunay,12421,0.35,0.3451836451836452,0.3375,0.3293912973924172,0.6085752844810486,62.0,f1,0.3451836451836452
Airports-Europe,sage,Raw features -> UMAP -> Delaunay,12422,0.325,0.3204745443117536,0.3375,0.3184173669467787,0.9103180170059204,46.0,f1,0.3204745443117536
Airports-Europe,sage,Raw features -> UMAP -> Delaunay,12423,0.375,0.375234521575985,0.3125,0.3194733336543246,0.3001182973384857,72.0,f1,0.375234521575985
Airports-Europe,sage,Raw features -> UMAP -> Delaunay,12424,0.3375,0.329019560768328,0.3875,0.3795090214191178,0.9725946187973022,44.0,f1,0.329019560768328
Airports-Europe,sage,Raw features -> UMAP -> Delaunay,12425,0.3625,0.3021367521367522,0.3375,0.2806243414120126,1.3505157232284546,14.0,f1,0.3021367521367522
Airports-Europe,sage,Raw features -> UMAP -> Delaunay,12426,0.425,0.4247486732536566,0.3,0.3022286407074597,0.7737483382225037,54.0,f1,0.4247486732536566
Airports-Europe,sage,Raw features -> UMAP -> Delaunay,12427,0.475,0.4719663315407996,0.325,0.3209669936373276,1.2582443952560425,27.0,f1,0.4719663315407996
Airports-Europe,sage,Raw features -> UMAP -> Delaunay,12428,0.3625,0.3558430191963575,0.3625,0.3590340179717586,0.0022288458421826,223.0,f1,0.3558430191963575
Airports-Europe,sage,Raw features -> UMAP -> Delaunay,12429,0.3375,0.3254303835699184,0.3625,0.357502102607233,1.0413947105407717,39.0,f1,0.3254303835699184
Airports-Europe,sage,Raw features -> UMAP -> Delaunay,12430,0.3875,0.3843854615016738,0.2875,0.257398154456978,1.3442667722702026,15.0,f1,0.3843854615016738
Airports-Europe,sage,Raw features -> UMAP -> Delaunay,12431,0.3625,0.3444295900178253,0.35,0.3207230493520816,1.0284225940704346,37.0,f1,0.3444295900178253
Airports-Europe,sage,Raw features -> UMAP -> Delaunay,12432,0.425,0.4075079063883617,0.375,0.3633478715187861,1.033605933189392,39.0,f1,0.4075079063883617
Airports-Europe,sage,Raw features -> UMAP -> Delaunay,12433,0.375,0.3412364945978391,0.2875,0.2709052851909994,1.2017545700073242,29.0,f1,0.3412364945978391
Airports-Europe,sage,Raw features -> UMAP -> Delaunay,12434,0.4125,0.4160920349000844,0.3625,0.3587606837606837,0.3050240278244018,79.0,f1,0.4160920349000844
Airports-Europe,sage,Raw features -> UMAP -> Delaunay,12435,0.35,0.3404276882537752,0.3875,0.3785850495804729,1.0506641864776611,39.0,f1,0.3404276882537752
Airports-Europe,sage,Raw features -> UMAP -> Delaunay,12436,0.375,0.3782825742068361,0.3,0.2975920334942891,0.0050445040687918,161.0,f1,0.3782825742068361
Airports-Europe,sage,Raw features -> UMAP -> Delaunay,12437,0.4125,0.4133839542234323,0.35,0.3428444861371691,0.9113564491271972,45.0,f1,0.4133839542234323
Airports-Europe,sage,Raw features -> UMAP -> Delaunay,12438,0.45,0.4483560090702948,0.275,0.2593797134238311,0.625370442867279,59.0,f1,0.4483560090702948
Airports-Europe,sage,Raw features -> UMAP -> Delaunay,12439,0.3875,0.3801717851065553,0.4,0.3845517908017908,0.0027353151235729,211.0,f1,0.3801717851065553
Airports-Europe,sage,Raw features -> UMAP -> Delaunay,12440,0.4,0.3917016593612491,0.2875,0.271649128859755,0.9880208373069764,40.0,f1,0.3917016593612491
Airports-Europe,sage,Raw features -> UMAP -> Delaunay,12441,0.3625,0.3724547511312217,0.275,0.2734916734916734,0.0173144042491912,120.0,f1,0.3724547511312217
Airports-Europe,sage,Raw features -> UMAP -> Delaunay,12442,0.3125,0.2824009324009324,0.4125,0.3765194386933517,1.303842067718506,20.0,f1,0.2824009324009324
Airports-Europe,sage,Raw features -> UMAP -> Delaunay,12443,0.3875,0.3891587944219523,0.3,0.2992063492063492,0.0024629943072795,214.0,f1,0.3891587944219523
Airports-Europe,sage,Raw features -> UMAP -> Delaunay,12444,0.375,0.3598341909662664,0.325,0.2717592592592592,1.3148969411849976,21.0,f1,0.3598341909662664
Airports-Europe,gat,Raw features -> UMAP -> Delaunay,12345,0.3375,0.3433383818643736,0.3625,0.345822994210091,0.7179778814315796,24.0,f1,0.3433383818643736
Airports-Europe,gat,Raw features -> UMAP -> Delaunay,12346,0.35,0.3489880003037898,0.35,0.3021474139895192,1.2931478023529053,4.0,f1,0.3489880003037898
Airports-Europe,gat,Raw features -> UMAP -> Delaunay,12347,0.35,0.3560394803554858,0.225,0.2323403720462543,0.205327033996582,335.0,f1,0.3560394803554858
Airports-Europe,gat,Raw features -> UMAP -> Delaunay,12348,0.3625,0.3582284515636919,0.3125,0.3112667545594375,1.0474371910095217,8.0,f1,0.3582284515636919
Airports-Europe,gat,Raw features -> UMAP -> Delaunay,12349,0.3875,0.3925213675213675,0.325,0.3110549319670566,0.5184972286224365,41.0,f1,0.3925213675213675
Airports-Europe,gat,Raw features -> UMAP -> Delaunay,12350,0.3875,0.3848228364752232,0.325,0.3238681651522397,0.1275008916854858,185.0,f1,0.3848228364752232
Airports-Europe,gat,Raw features -> UMAP -> Delaunay,12351,0.35,0.3463908549601168,0.45,0.4489190687361419,1.1277709007263184,7.0,f1,0.3463908549601168
Airports-Europe,gat,Raw features -> UMAP -> Delaunay,12352,0.3125,0.3147447447447448,0.3375,0.3450004387504388,0.4768164455890655,46.0,f1,0.3147447447447448
Airports-Europe,gat,Raw features -> UMAP -> Delaunay,12353,0.375,0.3692413451867233,0.35,0.3516438154209051,0.9852341413497924,10.0,f1,0.3692413451867233
Airports-Europe,gat,Raw features -> UMAP -> Delaunay,12354,0.3875,0.390372313606857,0.3625,0.3583651642475172,0.2453819811344146,133.0,f1,0.390372313606857
Airports-Europe,gat,Raw features -> UMAP -> Delaunay,12355,0.3625,0.3528975965811072,0.325,0.3176040913109879,0.5780359506607056,36.0,f1,0.3528975965811072
Airports-Europe,gat,Raw features -> UMAP -> Delaunay,12356,0.4375,0.4390528721924071,0.275,0.2849612963464956,0.3228922486305237,77.0,f1,0.4390528721924071
Airports-Europe,gat,Raw features -> UMAP -> Delaunay,12357,0.375,0.3644365163260512,0.3125,0.3147643911971041,0.1410006731748581,206.0,f1,0.3644365163260512
Airports-Europe,gat,Raw features -> UMAP -> Delaunay,12358,0.4,0.3905538536767773,0.275,0.2684091782259866,0.1322661638259887,370.0,f1,0.3905538536767773
Airports-Europe,gat,Raw features -> UMAP -> Delaunay,12359,0.4125,0.4150885935769656,0.275,0.2663093904975204,0.121662899851799,186.0,f1,0.4150885935769656
Airports-Europe,gat,Raw features -> UMAP -> Delaunay,12360,0.3875,0.3772899467153913,0.25,0.2402919062361787,0.3890018165111542,60.0,f1,0.3772899467153913
Airports-Europe,gat,Raw features -> UMAP -> Delaunay,12361,0.4,0.4029201481609096,0.3125,0.3134510979661292,0.9558267593383788,12.0,f1,0.4029201481609096
Airports-Europe,gat,Raw features -> UMAP -> Delaunay,12362,0.3875,0.3843904633378317,0.25,0.2384225361548989,1.1001840829849243,7.0,f1,0.3843904633378317
Airports-Europe,gat,Raw features -> UMAP -> Delaunay,12363,0.4125,0.3737373737373737,0.3375,0.3149119287000849,1.34321928024292,3.0,f1,0.3737373737373737
Airports-Europe,gat,Raw features -> UMAP -> Delaunay,12364,0.3625,0.3556361631363118,0.2625,0.2581960722204625,0.1004537418484687,309.0,f1,0.3556361631363118
Airports-Europe,gat,Raw features -> UMAP -> Delaunay,12365,0.45,0.4179271708683473,0.35,0.3070596205962059,1.297571301460266,4.0,f1,0.4179271708683473
Airports-Europe,gat,Raw features -> UMAP -> Delaunay,12366,0.425,0.4187660165921035,0.325,0.308803044884411,0.264577567577362,105.0,f1,0.4187660165921035
Airports-Europe,gat,Raw features -> UMAP -> Delaunay,12367,0.4625,0.4604906721185791,0.2875,0.2709550323597411,0.0768727585673332,310.0,f1,0.4604906721185791
Airports-Europe,gat,Raw features -> UMAP -> Delaunay,12368,0.4625,0.4519195046439629,0.3125,0.3043803418803419,1.2996667623519895,4.0,f1,0.4519195046439629
Airports-Europe,gat,Raw features -> UMAP -> Delaunay,12369,0.425,0.404551282051282,0.35,0.3391156462585034,1.308236002922058,4.0,f1,0.404551282051282
Airports-Europe,gat,Raw features -> UMAP -> Delaunay,12370,0.425,0.423874296435272,0.2375,0.2355795518019,0.1148187741637229,377.0,f1,0.423874296435272
Airports-Europe,gat,Raw features -> UMAP -> Delaunay,12371,0.3875,0.3756857819357819,0.375,0.3759500850822462,1.1174981594085691,7.0,f1,0.3756857819357819
Airports-Europe,gat,Raw features -> UMAP -> Delaunay,12372,0.325,0.3261232011232011,0.425,0.4238628872775214,0.3622321784496307,80.0,f1,0.3261232011232011
Airports-Europe,gat,Raw features -> UMAP -> Delaunay,12373,0.3625,0.3404608966520832,0.3,0.2967741935483871,0.7983539700508118,21.0,f1,0.3404608966520832
Airports-Europe,gat,Raw features -> UMAP -> Delaunay,12374,0.4375,0.432653743315508,0.325,0.3219310035842294,0.5685655474662781,38.0,f1,0.432653743315508
Airports-Europe,gat,Raw features -> UMAP -> Delaunay,12375,0.3375,0.3393722639149468,0.3625,0.3613379336783592,0.6549242734909058,31.0,f1,0.3393722639149468
Airports-Europe,gat,Raw features -> UMAP -> Delaunay,12376,0.3625,0.3641871416871416,0.35,0.3290903540903541,0.1764129102230072,181.0,f1,0.3641871416871416
Airports-Europe,gat,Raw features -> UMAP -> Delaunay,12377,0.425,0.4002633311389071,0.375,0.3504284641518102,1.3078017234802246,4.0,f1,0.4002633311389071
Airports-Europe,gat,Raw features -> UMAP -> Delaunay,12378,0.3125,0.3060152266034619,0.35,0.3344322344322344,0.1829204112291336,156.0,f1,0.3060152266034619
Airports-Europe,gat,Raw features -> UMAP -> Delaunay,12379,0.4125,0.4080959212953474,0.2625,0.2676820728291316,0.188963234424591,194.0,f1,0.4080959212953474
Airports-Europe,gat,Raw features -> UMAP -> Delaunay,12380,0.35,0.3572303921568627,0.3125,0.3104494028912633,0.0950005576014518,304.0,f1,0.3572303921568627
Airports-Europe,gat,Raw features -> UMAP -> Delaunay,12381,0.4625,0.4649639000702831,0.3,0.2911188509592765,0.969906747341156,15.0,f1,0.4649639000702831
Airports-Europe,gat,Raw features -> UMAP -> Delaunay,12382,0.4,0.3966997914366336,0.35,0.3491461704734535,0.5328401923179626,37.0,f1,0.3966997914366336
Airports-Europe,gat,Raw features -> UMAP -> Delaunay,12383,0.4,0.3917613636363636,0.2875,0.2835524552469353,0.3534789681434631,77.0,f1,0.3917613636363636
Airports-Europe,gat,Raw features -> UMAP -> Delaunay,12384,0.375,0.377561412344021,0.2625,0.2583188153310105,0.592125654220581,41.0,f1,0.377561412344021
Airports-Europe,gat,Raw features -> UMAP -> Delaunay,12385,0.375,0.3739596739596739,0.3,0.2904552858886019,0.1750590503215789,194.0,f1,0.3739596739596739
Airports-Europe,gat,Raw features -> UMAP -> Delaunay,12386,0.3875,0.3867024448419798,0.3125,0.3109649122807017,0.0856246277689933,355.0,f1,0.3867024448419798
Airports-Europe,gat,Raw features -> UMAP -> Delaunay,12387,0.3625,0.3623015873015872,0.2625,0.2568136818136818,0.9947345852851868,9.0,f1,0.3623015873015872
Airports-Europe,gat,Raw features -> UMAP -> Delaunay,12388,0.4,0.3952299188906332,0.275,0.2768473621441797,0.3359773755073547,79.0,f1,0.3952299188906332
Airports-Europe,gat,Raw features -> UMAP -> Delaunay,12389,0.375,0.3651077097505669,0.425,0.4024289561781067,1.3043792247772217,4.0,f1,0.3651077097505669
Airports-Europe,gat,Raw features -> UMAP -> Delaunay,12390,0.3875,0.3868356691792535,0.3375,0.3380608189532546,0.8782526254653931,17.0,f1,0.3868356691792535
Airports-Europe,gat,Raw features -> UMAP -> Delaunay,12391,0.4375,0.4146616541353383,0.3375,0.3279738878143133,1.0868486166000366,7.0,f1,0.4146616541353383
Airports-Europe,gat,Raw features -> UMAP -> Delaunay,12392,0.4,0.3943563211855895,0.2875,0.292230527143981,1.2351263761520386,5.0,f1,0.3943563211855895
Airports-Europe,gat,Raw features -> UMAP -> Delaunay,12393,0.3875,0.391334322127005,0.3125,0.3109668738034711,0.1677166223526001,262.0,f1,0.391334322127005
Airports-Europe,gat,Raw features -> UMAP -> Delaunay,12394,0.3625,0.3645470383275261,0.2125,0.2182539682539682,0.6134090423583984,32.0,f1,0.3645470383275261
Airports-Europe,gat,Raw features -> UMAP -> Delaunay,12395,0.4375,0.4027576870294128,0.3375,0.3124638519375362,1.3425618410110474,3.0,f1,0.4027576870294128
Airports-Europe,gat,Raw features -> UMAP -> Delaunay,12396,0.4375,0.4330572808833678,0.2875,0.2854981705600901,0.4675873219966888,55.0,f1,0.4330572808833678
Airports-Europe,gat,Raw features -> UMAP -> Delaunay,12397,0.3625,0.351890683997307,0.3375,0.3065631974031244,1.0929850339889526,7.0,f1,0.351890683997307
Airports-Europe,gat,Raw features -> UMAP -> Delaunay,12398,0.3125,0.3021749755620723,0.4125,0.4048409919490059,1.163517951965332,6.0,f1,0.3021749755620723
Airports-Europe,gat,Raw features -> UMAP -> Delaunay,12399,0.425,0.4048174048174048,0.325,0.2954520862920132,1.2291676998138428,5.0,f1,0.4048174048174048
Airports-Europe,gat,Raw features -> UMAP -> Delaunay,12400,0.3625,0.3368516141301764,0.3875,0.3709604470947484,1.3718292713165283,2.0,f1,0.3368516141301764
Airports-Europe,gat,Raw features -> UMAP -> Delaunay,12401,0.4625,0.4633005277421195,0.2375,0.228540153087701,1.026769757270813,9.0,f1,0.4633005277421195
Airports-Europe,gat,Raw features -> UMAP -> Delaunay,12402,0.425,0.4267157331601512,0.375,0.3831145350837193,0.2179511189460754,185.0,f1,0.4267157331601512
Airports-Europe,gat,Raw features -> UMAP -> Delaunay,12403,0.4,0.3972706155632985,0.4375,0.4316169276123509,0.1639069020748138,332.0,f1,0.3972706155632985
Airports-Europe,gat,Raw features -> UMAP -> Delaunay,12404,0.4125,0.4114010209869541,0.4125,0.4034635597135597,0.8120282888412476,23.0,f1,0.4114010209869541
Airports-Europe,gat,Raw features -> UMAP -> Delaunay,12405,0.4,0.3897398456757047,0.4125,0.3774932614555255,1.3070155382156372,4.0,f1,0.3897398456757047
Airports-Europe,gat,Raw features -> UMAP -> Delaunay,12406,0.3875,0.383205264087617,0.325,0.3174745057898773,1.2516900300979614,5.0,f1,0.383205264087617
Airports-Europe,gat,Raw features -> UMAP -> Delaunay,12407,0.4125,0.385867277945661,0.3,0.2954545454545454,1.1676923036575315,6.0,f1,0.385867277945661
Airports-Europe,gat,Raw features -> UMAP -> Delaunay,12408,0.3625,0.3483231889246926,0.375,0.3695215556186537,1.345177412033081,3.0,f1,0.3483231889246926
Airports-Europe,gat,Raw features -> UMAP -> Delaunay,12409,0.35,0.3493993993993994,0.325,0.3191411524410722,1.113478422164917,7.0,f1,0.3493993993993994
Airports-Europe,gat,Raw features -> UMAP -> Delaunay,12410,0.425,0.4264318375571572,0.325,0.3201604698850721,0.4040513038635254,57.0,f1,0.4264318375571572
Airports-Europe,gat,Raw features -> UMAP -> Delaunay,12411,0.325,0.3289675057116917,0.3875,0.3687064459930314,0.9549311995506288,9.0,f1,0.3289675057116917
Airports-Europe,gat,Raw features -> UMAP -> Delaunay,12412,0.3875,0.3847409220726234,0.3125,0.3089460674826528,0.1233433187007904,291.0,f1,0.3847409220726234
Airports-Europe,gat,Raw features -> UMAP -> Delaunay,12413,0.3375,0.3362961534753687,0.325,0.3141755438787914,0.8649950623512268,13.0,f1,0.3362961534753687
Airports-Europe,gat,Raw features -> UMAP -> Delaunay,12414,0.3625,0.3613281874900016,0.325,0.3208777956367293,0.1225293949246406,393.0,f1,0.3613281874900016
Airports-Europe,gat,Raw features -> UMAP -> Delaunay,12415,0.3375,0.3409722222222222,0.2625,0.2595368579411132,0.6010726094245911,35.0,f1,0.3409722222222222
Airports-Europe,gat,Raw features -> UMAP -> Delaunay,12416,0.375,0.3701979307242465,0.35,0.35141441784574,0.139176070690155,307.0,f1,0.3701979307242465
Airports-Europe,gat,Raw features -> UMAP -> Delaunay,12417,0.4,0.4001783985728114,0.375,0.3687094155844155,1.020713448524475,9.0,f1,0.4001783985728114
Airports-Europe,gat,Raw features -> UMAP -> Delaunay,12418,0.4625,0.4495088787059093,0.425,0.3942116023511372,1.2483590841293335,5.0,f1,0.4495088787059093
Airports-Europe,gat,Raw features -> UMAP -> Delaunay,12419,0.375,0.3722985443915676,0.275,0.2683543396517692,0.5481424927711487,37.0,f1,0.3722985443915676
Airports-Europe,gat,Raw features -> UMAP -> Delaunay,12420,0.35,0.3506921555702043,0.375,0.3725015713387807,1.10679829120636,7.0,f1,0.3506921555702043
Airports-Europe,gat,Raw features -> UMAP -> Delaunay,12421,0.375,0.3709706554686652,0.3,0.2984038319404173,0.7150347232818604,25.0,f1,0.3709706554686652
Airports-Europe,gat,Raw features -> UMAP -> Delaunay,12422,0.3375,0.3376282051282051,0.25,0.2357826808844154,0.5229170322418213,52.0,f1,0.3376282051282051
Airports-Europe,gat,Raw features -> UMAP -> Delaunay,12423,0.375,0.3806269549843601,0.325,0.3273301393728223,0.5678866505622864,36.0,f1,0.3806269549843601
Airports-Europe,gat,Raw features -> UMAP -> Delaunay,12424,0.3875,0.3804087385482734,0.3,0.2980726370970273,0.1412060111761093,369.0,f1,0.3804087385482734
Airports-Europe,gat,Raw features -> UMAP -> Delaunay,12425,0.325,0.3160652232023523,0.2625,0.2604676104676104,0.3697683811187744,72.0,f1,0.3160652232023523
Airports-Europe,gat,Raw features -> UMAP -> Delaunay,12426,0.45,0.4403071757244124,0.3,0.2844314046971854,1.0574647188186646,9.0,f1,0.4403071757244124
Airports-Europe,gat,Raw features -> UMAP -> Delaunay,12427,0.5125,0.4883838383838383,0.35,0.3287114845938376,1.2298836708068848,5.0,f1,0.4883838383838383
Airports-Europe,gat,Raw features -> UMAP -> Delaunay,12428,0.35,0.3402604999226524,0.4125,0.403588654700412,0.5525805354118347,44.0,f1,0.3402604999226524
Airports-Europe,gat,Raw features -> UMAP -> Delaunay,12429,0.4,0.3992481203007519,0.225,0.2313088025908037,0.1144826263189315,339.0,f1,0.3992481203007519
Airports-Europe,gat,Raw features -> UMAP -> Delaunay,12430,0.375,0.3701787104307213,0.3,0.2840640447023426,1.06777822971344,8.0,f1,0.3701787104307213
Airports-Europe,gat,Raw features -> UMAP -> Delaunay,12431,0.4125,0.4130101347911898,0.275,0.2692775974025974,0.1625567525625229,293.0,f1,0.4130101347911898
Airports-Europe,gat,Raw features -> UMAP -> Delaunay,12432,0.425,0.430731527120756,0.3125,0.3134992920167937,0.5359988212585449,41.0,f1,0.430731527120756
Airports-Europe,gat,Raw features -> UMAP -> Delaunay,12433,0.4,0.3889790764790765,0.2875,0.2844429795649307,0.1790783405303955,152.0,f1,0.3889790764790765
Airports-Europe,gat,Raw features -> UMAP -> Delaunay,12434,0.425,0.4117722265932336,0.325,0.3095012626262626,1.109108805656433,7.0,f1,0.4117722265932336
Airports-Europe,gat,Raw features -> UMAP -> Delaunay,12435,0.425,0.4222223530150359,0.375,0.3606667637917637,0.4920343458652496,49.0,f1,0.4222223530150359
Airports-Europe,gat,Raw features -> UMAP -> Delaunay,12436,0.375,0.3772122614227877,0.275,0.2772243107769423,0.97819322347641,11.0,f1,0.3772122614227877
Airports-Europe,gat,Raw features -> UMAP -> Delaunay,12437,0.4125,0.4089940712530049,0.35,0.3443771791776312,1.290824055671692,4.0,f1,0.4089940712530049
Airports-Europe,gat,Raw features -> UMAP -> Delaunay,12438,0.4125,0.4129037629037629,0.1875,0.1887963544940289,0.326821893453598,92.0,f1,0.4129037629037629
Airports-Europe,gat,Raw features -> UMAP -> Delaunay,12439,0.45,0.4449426111908178,0.2875,0.2623910675381263,0.1482768654823303,210.0,f1,0.4449426111908178
Airports-Europe,gat,Raw features -> UMAP -> Delaunay,12440,0.4,0.400563909774436,0.1875,0.1870921761165663,0.0961689502000808,236.0,f1,0.400563909774436
Airports-Europe,gat,Raw features -> UMAP -> Delaunay,12441,0.3375,0.3344707923655292,0.2625,0.26563734787419,0.217619240283966,132.0,f1,0.3344707923655292
Airports-Europe,gat,Raw features -> UMAP -> Delaunay,12442,0.3375,0.3352182741280485,0.4,0.4033613445378151,0.3426976203918457,83.0,f1,0.3352182741280485
Airports-Europe,gat,Raw features -> UMAP -> Delaunay,12443,0.375,0.3737121737121737,0.2875,0.2902290295191152,0.1302568018436432,373.0,f1,0.3737121737121737
Airports-Europe,gat,Raw features -> UMAP -> Delaunay,12444,0.3625,0.358307453416149,0.3125,0.281378183457291,1.344990611076355,3.0,f1,0.358307453416149
Minesweeper,gcn,Raw features -> UMAP -> Delaunay,12345,0.639,0.5059119483082617,0.6275,0.4831326049318862,0.5558125376701355,33.0,f1,0.5059119483082617
Minesweeper,gcn,Raw features -> UMAP -> Delaunay,12346,0.7215,0.5071317679236577,0.731,0.5130684111729983,0.5548349618911743,42.0,f1,0.5071317679236577
Minesweeper,gcn,Raw features -> UMAP -> Delaunay,12347,0.7155,0.4953345049732611,0.722,0.5097313045379834,0.5484992265701294,42.0,f1,0.4953345049732611
Minesweeper,gcn,Raw features -> UMAP -> Delaunay,12348,0.684,0.509913397354773,0.664,0.4997550884287099,0.5547363758087158,35.0,f1,0.509913397354773
Minesweeper,gcn,Raw features -> UMAP -> Delaunay,12349,0.6935,0.4923225168214751,0.6905,0.4884193936158211,0.6695951223373413,1.0,f1,0.4923225168214751
Minesweeper,gcn,Raw features -> UMAP -> Delaunay,12350,0.798,0.44866588060614,0.7975,0.4532313688588938,0.5340133905410767,57.0,f1,0.44866588060614
Minesweeper,gcn,Raw features -> UMAP -> Delaunay,12351,0.684,0.4897555509267557,0.6845,0.5018707476951654,0.5514588356018066,48.0,f1,0.4897555509267557
Minesweeper,gcn,Raw features -> UMAP -> Delaunay,12352,0.8,0.4444444444444444,0.8,0.4444444444444444,0.6940010786056519,1.0,f1,0.4444444444444444
Minesweeper,gcn,Raw features -> UMAP -> Delaunay,12353,0.7095,0.4870914332351509,0.729,0.526458891040113,0.5428168177604675,35.0,f1,0.4870914332351509
Minesweeper,gcn,Raw features -> UMAP -> Delaunay,12354,0.713,0.503030303030303,0.7055,0.5038694393261385,0.5431691408157349,39.0,f1,0.503030303030303
Minesweeper,gcn,Raw features -> UMAP -> Delaunay,12355,0.6415,0.5003538289307676,0.655,0.4940636805180788,0.5474791526794434,45.0,f1,0.5003538289307676
Minesweeper,gcn,Raw features -> UMAP -> Delaunay,12356,0.696,0.4959376554468578,0.685,0.5040807073226026,0.7611010670661926,1.0,f1,0.4959376554468578
Minesweeper,gcn,Raw features -> UMAP -> Delaunay,12357,0.7085,0.4877046929501399,0.715,0.5119654094781455,0.542390763759613,37.0,f1,0.4877046929501399
Minesweeper,gcn,Raw features -> UMAP -> Delaunay,12358,0.734,0.5264848083509567,0.7275,0.4962973232130685,0.5387018918991089,48.0,f1,0.5264848083509567
Minesweeper,gcn,Raw features -> UMAP -> Delaunay,12359,0.7935,0.447162894858548,0.796,0.4479981816410689,0.8494981527328491,1.0,f1,0.447162894858548
Minesweeper,gcn,Raw features -> UMAP -> Delaunay,12360,0.7185,0.518490437587851,0.7025,0.4911222208965742,0.6855319142341614,7.0,f1,0.518490437587851
Minesweeper,gcn,Raw features -> UMAP -> Delaunay,12361,0.63,0.4992414184189833,0.6245,0.4969776798078735,0.5595999956130981,45.0,f1,0.4992414184189833
Minesweeper,gcn,Raw features -> UMAP -> Delaunay,12362,0.8,0.4444444444444444,0.8,0.4444444444444444,0.6950000524520874,1.0,f1,0.4444444444444444
Minesweeper,gcn,Raw features -> UMAP -> Delaunay,12363,0.686,0.5047123309278757,0.68,0.4971644790702571,0.5488762855529785,42.0,f1,0.5047123309278757
Minesweeper,gcn,Raw features -> UMAP -> Delaunay,12364,0.6955,0.4913791267505766,0.7065,0.5044889335158367,0.533555805683136,39.0,f1,0.4913791267505766
Minesweeper,gcn,Raw features -> UMAP -> Delaunay,12365,0.697,0.5047975798820339,0.6755,0.4734021426609582,0.5543006062507629,36.0,f1,0.5047975798820339
Minesweeper,gcn,Raw features -> UMAP -> Delaunay,12366,0.7785,0.4727668611954624,0.778,0.4725324855837426,0.8371108174324036,4.0,f1,0.4727668611954624
Minesweeper,gcn,Raw features -> UMAP -> Delaunay,12367,0.743,0.5267244173369869,0.734,0.5125741217172051,0.5463122725486755,49.0,f1,0.5267244173369869
Minesweeper,gcn,Raw features -> UMAP -> Delaunay,12368,0.647,0.5069219497954355,0.64,0.4814107356620872,0.5484532117843628,44.0,f1,0.5069219497954355
Minesweeper,gcn,Raw features -> UMAP -> Delaunay,12369,0.68,0.4883732828528305,0.6775,0.4908187516059932,0.8984677195549011,1.0,f1,0.4883732828528305
Minesweeper,gcn,Raw features -> UMAP -> Delaunay,12370,0.685,0.5050212840847843,0.6815,0.50466081513234,0.5576023459434509,45.0,f1,0.5050212840847843
Minesweeper,gcn,Raw features -> UMAP -> Delaunay,12371,0.6125,0.4890746020303186,0.6305,0.4917425356132704,0.6656624674797058,1.0,f1,0.4890746020303186
Minesweeper,gcn,Raw features -> UMAP -> Delaunay,12372,0.648,0.4777130359561932,0.674,0.5070137128823669,0.5491483807563782,38.0,f1,0.4777130359561932
Minesweeper,gcn,Raw features -> UMAP -> Delaunay,12373,0.704,0.4862885912679474,0.7095,0.4964026594446821,0.5454832911491394,34.0,f1,0.4862885912679474
Minesweeper,gcn,Raw features -> UMAP -> Delaunay,12374,0.728,0.512348169064587,0.7145,0.4970879985907894,0.5414685606956482,42.0,f1,0.512348169064587
Minesweeper,gcn,Raw features -> UMAP -> Delaunay,12375,0.6235,0.5123017511475967,0.601,0.482836389653617,0.557007372379303,38.0,f1,0.5123017511475967
Minesweeper,gcn,Raw features -> UMAP -> Delaunay,12376,0.706,0.4954383508042095,0.718,0.5105857524917606,0.6233004927635193,5.0,f1,0.4954383508042095
Minesweeper,gcn,Raw features -> UMAP -> Delaunay,12377,0.689,0.483250503872298,0.701,0.5010937559964693,0.9087069630622864,1.0,f1,0.483250503872298
Minesweeper,gcn,Raw features -> UMAP -> Delaunay,12378,0.686,0.4969810855276332,0.689,0.5027627842725947,0.8095331192016602,2.0,f1,0.4969810855276332
Minesweeper,gcn,Raw features -> UMAP -> Delaunay,12379,0.7995,0.4491663661807379,0.798,0.4534099641739996,0.5301316976547241,88.0,f1,0.4491663661807379
Minesweeper,gcn,Raw features -> UMAP -> Delaunay,12380,0.7725,0.4623779790020199,0.7695,0.4722378203994392,0.5590584874153137,34.0,f1,0.4623779790020199
Minesweeper,gcn,Raw features -> UMAP -> Delaunay,12381,0.579,0.4840427031260149,0.58,0.4931233737708241,0.7558500170707703,3.0,f1,0.4840427031260149
Minesweeper,gcn,Raw features -> UMAP -> Delaunay,12382,0.71,0.4967016603638673,0.718,0.5038277402520626,0.5404589176177979,46.0,f1,0.4967016603638673
Minesweeper,gcn,Raw features -> UMAP -> Delaunay,12383,0.6785,0.5045795571650085,0.663,0.5033241907647776,0.5477063655853271,37.0,f1,0.5045795571650085
Minesweeper,gcn,Raw features -> UMAP -> Delaunay,12384,0.7215,0.511677440593632,0.7035,0.4961576712118682,0.6403656005859375,9.0,f1,0.511677440593632
Minesweeper,gcn,Raw features -> UMAP -> Delaunay,12385,0.669,0.5003313512640409,0.672,0.5116656815613596,0.5411703586578369,44.0,f1,0.5003313512640409
Minesweeper,gcn,Raw features -> UMAP -> Delaunay,12386,0.768,0.5017599470834702,0.7615,0.4869950006210909,1.138486385345459,6.0,f1,0.5017599470834702
Minesweeper,gcn,Raw features -> UMAP -> Delaunay,12387,0.6585,0.5068803903370216,0.6595,0.5010753255373606,0.5609808564186096,43.0,f1,0.5068803903370216
Minesweeper,gcn,Raw features -> UMAP -> Delaunay,12388,0.8005,0.4470617011236842,0.8,0.4444444444444444,0.5645529627799988,34.0,f1,0.4470617011236842
Minesweeper,gcn,Raw features -> UMAP -> Delaunay,12389,0.7405,0.5129758162933519,0.7355,0.4971174563459452,0.5510725975036621,40.0,f1,0.5129758162933519
Minesweeper,gcn,Raw features -> UMAP -> Delaunay,12390,0.6935,0.4965090334739357,0.6885,0.4914233818712435,0.7430301308631897,1.0,f1,0.4965090334739357
Minesweeper,gcn,Raw features -> UMAP -> Delaunay,12391,0.639,0.494238380442016,0.629,0.4833149731421273,0.5607839226722717,27.0,f1,0.494238380442016
Minesweeper,gcn,Raw features -> UMAP -> Delaunay,12392,0.658,0.4984631267744433,0.6605,0.4870498985620399,0.5830761790275574,31.0,f1,0.4984631267744433
Minesweeper,gcn,Raw features -> UMAP -> Delaunay,12393,0.6325,0.4952184828327927,0.6225,0.4887371502885926,0.556821346282959,31.0,f1,0.4952184828327927
Minesweeper,gcn,Raw features -> UMAP -> Delaunay,12394,0.7265,0.4893174452241612,0.732,0.4976673395675066,0.6043795347213745,1.0,f1,0.4893174452241612
Minesweeper,gcn,Raw features -> UMAP -> Delaunay,12395,0.7625,0.4842671626387932,0.7585,0.4837865697938192,0.9868914484977722,1.0,f1,0.4842671626387932
Minesweeper,gcn,Raw features -> UMAP -> Delaunay,12396,0.8,0.4469011252796606,0.8,0.4444444444444444,0.8639141321182251,1.0,f1,0.4469011252796606
Minesweeper,gcn,Raw features -> UMAP -> Delaunay,12397,0.669,0.4904054586658784,0.6815,0.4999950941433884,0.5497280359268188,41.0,f1,0.4904054586658784
Minesweeper,gcn,Raw features -> UMAP -> Delaunay,12398,0.8,0.4444444444444444,0.8,0.4444444444444444,0.723315417766571,2.0,f1,0.4444444444444444
Minesweeper,gcn,Raw features -> UMAP -> Delaunay,12399,0.7275,0.4962973232130685,0.7355,0.5098563805071087,0.5455834269523621,48.0,f1,0.4962973232130685
Minesweeper,gcn,Raw features -> UMAP -> Delaunay,12400,0.722,0.4789235835812195,0.716,0.4756965021202907,0.8283929824829102,1.0,f1,0.4789235835812195
Minesweeper,gcn,Raw features -> UMAP -> Delaunay,12401,0.8,0.4444444444444444,0.8,0.4444444444444444,0.8884194493293762,1.0,f1,0.4444444444444444
Minesweeper,gcn,Raw features -> UMAP -> Delaunay,12402,0.8,0.4444444444444444,0.8,0.4444444444444444,1.04338538646698,2.0,f1,0.4444444444444444
Minesweeper,gcn,Raw features -> UMAP -> Delaunay,12403,0.7545,0.4955076030908636,0.744,0.4924501966755488,0.6715547442436218,1.0,f1,0.4955076030908636
Minesweeper,gcn,Raw features -> UMAP -> Delaunay,12404,0.6915,0.4963213910346024,0.6945,0.4853382469070808,0.5812478065490723,21.0,f1,0.4963213910346024
Minesweeper,gcn,Raw features -> UMAP -> Delaunay,12405,0.6845,0.4869749776313773,0.7025,0.4955573010874343,0.6589675545692444,16.0,f1,0.4869749776313773
Minesweeper,gcn,Raw features -> UMAP -> Delaunay,12406,0.753,0.5047480029514613,0.746,0.4921533696823559,0.5453684329986572,37.0,f1,0.5047480029514613
Minesweeper,gcn,Raw features -> UMAP -> Delaunay,12407,0.7225,0.5111801037090862,0.703,0.4713007070685493,0.5690901279449463,45.0,f1,0.5111801037090862
Minesweeper,gcn,Raw features -> UMAP -> Delaunay,12408,0.646,0.4851051389125246,0.646,0.4916707232491718,0.588601291179657,1.0,f1,0.4851051389125246
Minesweeper,gcn,Raw features -> UMAP -> Delaunay,12409,0.7535,0.4747359162901652,0.7665,0.5024374704006231,0.9131980538368224,1.0,f1,0.4747359162901652
Minesweeper,gcn,Raw features -> UMAP -> Delaunay,12410,0.721,0.4949668651199499,0.7185,0.4947135640688392,0.548993706703186,27.0,f1,0.4949668651199499
Minesweeper,gcn,Raw features -> UMAP -> Delaunay,12411,0.6785,0.5009218973816252,0.673,0.4900179195538359,0.5394247174263,48.0,f1,0.5009218973816252
Minesweeper,gcn,Raw features -> UMAP -> Delaunay,12412,0.672,0.512496730160995,0.664,0.4997550884287099,0.5963345766067505,5.0,f1,0.512496730160995
Minesweeper,gcn,Raw features -> UMAP -> Delaunay,12413,0.789,0.4611848825331971,0.785,0.4574420030736541,0.917387843132019,2.0,f1,0.4611848825331971
Minesweeper,gcn,Raw features -> UMAP -> Delaunay,12414,0.677,0.4962562324644923,0.669,0.4837796066431794,0.545568585395813,33.0,f1,0.4962562324644923
Minesweeper,gcn,Raw features -> UMAP -> Delaunay,12415,0.795,0.4658328447658132,0.794,0.4587934246028305,0.9023045301437378,1.0,f1,0.4658328447658132
Minesweeper,gcn,Raw features -> UMAP -> Delaunay,12416,0.704,0.4815885108805114,0.69,0.4902355440666706,0.569174587726593,47.0,f1,0.4815885108805114
Minesweeper,gcn,Raw features -> UMAP -> Delaunay,12417,0.6755,0.5164638832420463,0.663,0.4948063999184494,1.049511194229126,1.0,f1,0.5164638832420463
Minesweeper,gcn,Raw features -> UMAP -> Delaunay,12418,0.7345,0.4991414189766922,0.7275,0.4805464651186951,0.5795116424560547,8.0,f1,0.4991414189766922
Minesweeper,gcn,Raw features -> UMAP -> Delaunay,12419,0.634,0.501188425390872,0.609,0.4793601589349653,0.5470168590545654,45.0,f1,0.501188425390872
Minesweeper,gcn,Raw features -> UMAP -> Delaunay,12420,0.8,0.4444444444444444,0.8,0.4444444444444444,0.6696731448173523,1.0,f1,0.4444444444444444
Minesweeper,gcn,Raw features -> UMAP -> Delaunay,12421,0.8,0.4444444444444444,0.8,0.4444444444444444,0.8473339676856995,3.0,f1,0.4444444444444444
Minesweeper,gcn,Raw features -> UMAP -> Delaunay,12422,0.636,0.5066788099574985,0.6075,0.4857973628937621,0.5677056312561035,24.0,f1,0.5066788099574985
Minesweeper,gcn,Raw features -> UMAP -> Delaunay,12423,0.758,0.5048846606311698,0.7525,0.494371434744037,0.5478849411010742,43.0,f1,0.5048846606311698
Minesweeper,gcn,Raw features -> UMAP -> Delaunay,12424,0.6435,0.4986596352450011,0.6395,0.5048333688740728,0.6081064343452454,13.0,f1,0.4986596352450011
Minesweeper,gcn,Raw features -> UMAP -> Delaunay,12425,0.7205,0.524007195240072,0.71,0.504497115831488,0.9134793877601624,7.0,f1,0.524007195240072
Minesweeper,gcn,Raw features -> UMAP -> Delaunay,12426,0.7115,0.4821487148627357,0.713,0.4938592964115153,0.5509545207023621,43.0,f1,0.4821487148627357
Minesweeper,gcn,Raw features -> UMAP -> Delaunay,12427,0.5635,0.4658876253259814,0.5685,0.4850796918234772,0.7403207421302795,7.0,f1,0.4658876253259814
Minesweeper,gcn,Raw features -> UMAP -> Delaunay,12428,0.703,0.5106043953327808,0.688,0.4982107675606128,0.542285680770874,40.0,f1,0.5106043953327808
Minesweeper,gcn,Raw features -> UMAP -> Delaunay,12429,0.7675,0.4983209936480964,0.7615,0.4901991589889271,0.7451393008232117,1.0,f1,0.4983209936480964
Minesweeper,gcn,Raw features -> UMAP -> Delaunay,12430,0.647,0.48233182383444,0.6675,0.5111801911101685,0.5662081241607666,34.0,f1,0.48233182383444
Minesweeper,gcn,Raw features -> UMAP -> Delaunay,12431,0.7225,0.4883356665534244,0.734,0.501416090764764,0.7958633899688721,3.0,f1,0.4883356665534244
Minesweeper,gcn,Raw features -> UMAP -> Delaunay,12432,0.624,0.4952850766804255,0.6265,0.4969315857261914,0.5507379770278931,31.0,f1,0.4952850766804255
Minesweeper,gcn,Raw features -> UMAP -> Delaunay,12433,0.69,0.5081988019088233,0.678,0.4881731437136694,0.5480243563652039,39.0,f1,0.5081988019088233
Minesweeper,gcn,Raw features -> UMAP -> Delaunay,12434,0.669,0.5113496787603931,0.647,0.491494415801991,0.5549245476722717,43.0,f1,0.5113496787603931
Minesweeper,gcn,Raw features -> UMAP -> Delaunay,12435,0.6145,0.4842766243864915,0.63,0.4978495747328764,0.5369439721107483,26.0,f1,0.4842766243864915
Minesweeper,gcn,Raw features -> UMAP -> Delaunay,12436,0.725,0.5104636176560642,0.726,0.509930173992674,0.5526247024536133,45.0,f1,0.5104636176560642
Minesweeper,gcn,Raw features -> UMAP -> Delaunay,12437,0.7285,0.4981457734031123,0.73,0.5027844073190135,0.5432391166687012,50.0,f1,0.4981457734031123
Minesweeper,gcn,Raw features -> UMAP -> Delaunay,12438,0.694,0.4936784262334143,0.708,0.5138000852514919,0.642882227897644,1.0,f1,0.4936784262334143
Minesweeper,gcn,Raw features -> UMAP -> Delaunay,12439,0.7155,0.4905448618226048,0.7095,0.4918039167835474,0.550290048122406,40.0,f1,0.4905448618226048
Minesweeper,gcn,Raw features -> UMAP -> Delaunay,12440,0.6665,0.4961152906345812,0.6735,0.5058224782662164,0.5426648259162903,41.0,f1,0.4961152906345812
Minesweeper,gcn,Raw features -> UMAP -> Delaunay,12441,0.651,0.5019913212355752,0.657,0.5180086308775194,0.7553735375404358,1.0,f1,0.5019913212355752
Minesweeper,gcn,Raw features -> UMAP -> Delaunay,12442,0.6665,0.4879548479045492,0.6665,0.4879548479045492,0.5403752326965332,41.0,f1,0.4879548479045492
Minesweeper,gcn,Raw features -> UMAP -> Delaunay,12443,0.6595,0.5043377723367344,0.6495,0.5025601123461955,0.5492219924926758,37.0,f1,0.5043377723367344
Minesweeper,gcn,Raw features -> UMAP -> Delaunay,12444,0.6345,0.4965202385433387,0.635,0.5032492940015652,0.5485809445381165,46.0,f1,0.4965202385433387
Minesweeper,sage,Raw features -> UMAP -> Delaunay,12345,0.8,0.4444444444444444,0.8,0.4444444444444444,0.69720858335495,1.0,f1,0.4444444444444444
Minesweeper,sage,Raw features -> UMAP -> Delaunay,12346,0.8,0.4444444444444444,0.8,0.4444444444444444,0.6055833101272583,1.0,f1,0.4444444444444444
Minesweeper,sage,Raw features -> UMAP -> Delaunay,12347,0.8,0.4444444444444444,0.8,0.4444444444444444,0.9307761788368224,1.0,f1,0.4444444444444444
Minesweeper,sage,Raw features -> UMAP -> Delaunay,12348,0.8,0.4444444444444444,0.8,0.4444444444444444,0.698125422000885,1.0,f1,0.4444444444444444
Minesweeper,sage,Raw features -> UMAP -> Delaunay,12349,0.8,0.4444444444444444,0.8,0.4444444444444444,0.7186281085014343,1.0,f1,0.4444444444444444
Minesweeper,sage,Raw features -> UMAP -> Delaunay,12350,0.8,0.4444444444444444,0.8,0.4444444444444444,0.6366905570030212,1.0,f1,0.4444444444444444
Minesweeper,sage,Raw features -> UMAP -> Delaunay,12351,0.671,0.497138734684894,0.6605,0.4932455755077153,0.7181790471076965,1.0,f1,0.497138734684894
Minesweeper,sage,Raw features -> UMAP -> Delaunay,12352,0.8,0.4444444444444444,0.8,0.4444444444444444,0.7147156000137329,2.0,f1,0.4444444444444444
Minesweeper,sage,Raw features -> UMAP -> Delaunay,12353,0.8,0.4444444444444444,0.8,0.4444444444444444,0.6549671292304993,1.0,f1,0.4444444444444444
Minesweeper,sage,Raw features -> UMAP -> Delaunay,12354,0.7915,0.4769188891864583,0.785,0.4553045734148096,0.5114509463310242,9.0,f1,0.4769188891864583
Minesweeper,sage,Raw features -> UMAP -> Delaunay,12355,0.8,0.4444444444444444,0.8,0.4444444444444444,0.7802097797393799,1.0,f1,0.4444444444444444
Minesweeper,sage,Raw features -> UMAP -> Delaunay,12356,0.75,0.4839785665337395,0.7475,0.4780445377877667,0.7655868530273438,1.0,f1,0.4839785665337395
Minesweeper,sage,Raw features -> UMAP -> Delaunay,12357,0.8,0.4444444444444444,0.8,0.4444444444444444,0.8257105350494385,1.0,f1,0.4444444444444444
Minesweeper,sage,Raw features -> UMAP -> Delaunay,12358,0.673,0.50286952225305,0.6745,0.5082024800646363,0.6341684460639954,1.0,f1,0.50286952225305
Minesweeper,sage,Raw features -> UMAP -> Delaunay,12359,0.7095,0.5030958156990077,0.7055,0.5121989598822984,0.6709994673728943,1.0,f1,0.5030958156990077
Minesweeper,sage,Raw features -> UMAP -> Delaunay,12360,0.612,0.4989507667473769,0.603,0.4835026585952574,1.031700611114502,1.0,f1,0.4989507667473769
Minesweeper,sage,Raw features -> UMAP -> Delaunay,12361,0.8,0.4444444444444444,0.8,0.4444444444444444,0.9045590758323668,1.0,f1,0.4444444444444444
Minesweeper,sage,Raw features -> UMAP -> Delaunay,12362,0.799,0.4561158554404649,0.798,0.4580614697802198,0.517368495464325,10.0,f1,0.4561158554404649
Minesweeper,sage,Raw features -> UMAP -> Delaunay,12363,0.8,0.4444444444444444,0.8,0.4444444444444444,0.5802783370018005,1.0,f1,0.4444444444444444
Minesweeper,sage,Raw features -> UMAP -> Delaunay,12364,0.8,0.4444444444444444,0.8,0.4444444444444444,0.7151115536689758,1.0,f1,0.4444444444444444
Minesweeper,sage,Raw features -> UMAP -> Delaunay,12365,0.8,0.4444444444444444,0.8,0.4444444444444444,0.6839091181755066,1.0,f1,0.4444444444444444
Minesweeper,sage,Raw features -> UMAP -> Delaunay,12366,0.498,0.4472528355819425,0.515,0.4645327468586841,1.013366460800171,1.0,f1,0.4472528355819425
Minesweeper,sage,Raw features -> UMAP -> Delaunay,12367,0.6775,0.5210783088940956,0.6595,0.5083243716244681,0.9401225447654724,1.0,f1,0.5210783088940956
Minesweeper,sage,Raw features -> UMAP -> Delaunay,12368,0.756,0.4918349963241343,0.7605,0.4731837901181817,0.6626182198524475,1.0,f1,0.4918349963241343
Minesweeper,sage,Raw features -> UMAP -> Delaunay,12369,0.8,0.4444444444444444,0.8,0.4444444444444444,0.8028844594955444,1.0,f1,0.4444444444444444
Minesweeper,sage,Raw features -> UMAP -> Delaunay,12370,0.8,0.4444444444444444,0.8,0.4444444444444444,0.6956114172935486,1.0,f1,0.4444444444444444
Minesweeper,sage,Raw features -> UMAP -> Delaunay,12371,0.6885,0.4975220902758426,0.678,0.4811004537953796,0.6430466175079346,1.0,f1,0.4975220902758426
Minesweeper,sage,Raw features -> UMAP -> Delaunay,12372,0.8,0.4444444444444444,0.8,0.4444444444444444,0.6069468259811401,1.0,f1,0.4444444444444444
Minesweeper,sage,Raw features -> UMAP -> Delaunay,12373,0.8,0.4444444444444444,0.8,0.4444444444444444,0.5897141695022583,1.0,f1,0.4444444444444444
Minesweeper,sage,Raw features -> UMAP -> Delaunay,12374,0.8,0.4444444444444444,0.8,0.4444444444444444,0.6766982674598694,1.0,f1,0.4444444444444444
Minesweeper,sage,Raw features -> UMAP -> Delaunay,12375,0.8,0.4444444444444444,0.8,0.4444444444444444,0.6285810470581055,1.0,f1,0.4444444444444444
Minesweeper,sage,Raw features -> UMAP -> Delaunay,12376,0.8,0.4444444444444444,0.8,0.4444444444444444,0.6141507029533386,1.0,f1,0.4444444444444444
Minesweeper,sage,Raw features -> UMAP -> Delaunay,12377,0.7205,0.5110471419655818,0.7015,0.4927590720294862,0.843442976474762,1.0,f1,0.5110471419655818
Minesweeper,sage,Raw features -> UMAP -> Delaunay,12378,0.8,0.4444444444444444,0.8,0.4444444444444444,0.6667143702507019,1.0,f1,0.4444444444444444
Minesweeper,sage,Raw features -> UMAP -> Delaunay,12379,0.615,0.4972210033640485,0.5945,0.4740854128089059,0.684262752532959,1.0,f1,0.4972210033640485
Minesweeper,sage,Raw features -> UMAP -> Delaunay,12380,0.691,0.485493925831202,0.6875,0.4887506743378605,0.7661117911338806,1.0,f1,0.485493925831202
Minesweeper,sage,Raw features -> UMAP -> Delaunay,12381,0.7995,0.4609399942867705,0.7955,0.4454534299518873,0.6713592410087585,2.0,f1,0.4609399942867705
Minesweeper,sage,Raw features -> UMAP -> Delaunay,12382,0.789,0.469614703989704,0.7865,0.4515202330589436,0.8097864389419556,2.0,f1,0.469614703989704
Minesweeper,sage,Raw features -> UMAP -> Delaunay,12383,0.8,0.4444444444444444,0.8,0.4444444444444444,0.6441045999526978,1.0,f1,0.4444444444444444
Minesweeper,sage,Raw features -> UMAP -> Delaunay,12384,0.8,0.4444444444444444,0.8,0.4444444444444444,0.6245155334472656,2.0,f1,0.4444444444444444
Minesweeper,sage,Raw features -> UMAP -> Delaunay,12385,0.6695,0.501523144672538,0.6705,0.507326370860635,0.9291789531707764,1.0,f1,0.501523144672538
Minesweeper,sage,Raw features -> UMAP -> Delaunay,12386,0.7995,0.458631552870164,0.7965,0.4528742585404379,0.7286317348480225,2.0,f1,0.458631552870164
Minesweeper,sage,Raw features -> UMAP -> Delaunay,12387,0.8,0.4444444444444444,0.8,0.4444444444444444,0.5668466687202454,1.0,f1,0.4444444444444444
Minesweeper,sage,Raw features -> UMAP -> Delaunay,12388,0.6115,0.4973787037998364,0.6035,0.4901552711869256,1.0141891241073608,1.0,f1,0.4973787037998364
Minesweeper,sage,Raw features -> UMAP -> Delaunay,12389,0.6075,0.4838173449865677,0.6215,0.5035048165607707,0.5779018402099609,1.0,f1,0.4838173449865677
Minesweeper,sage,Raw features -> UMAP -> Delaunay,12390,0.762,0.4840041279669763,0.761,0.4899254949750191,0.985333263874054,1.0,f1,0.4840041279669763
Minesweeper,sage,Raw features -> UMAP -> Delaunay,12391,0.8,0.4444444444444444,0.8,0.4444444444444444,0.7052474617958069,1.0,f1,0.4444444444444444
Minesweeper,sage,Raw features -> UMAP -> Delaunay,12392,0.8,0.4444444444444444,0.8,0.4444444444444444,0.6159933805465698,1.0,f1,0.4444444444444444
Minesweeper,sage,Raw features -> UMAP -> Delaunay,12393,0.7635,0.4797827405551147,0.7665,0.5070196912380931,0.7544098496437073,1.0,f1,0.4797827405551147
Minesweeper,sage,Raw features -> UMAP -> Delaunay,12394,0.8,0.4444444444444444,0.8,0.4444444444444444,0.685620903968811,1.0,f1,0.4444444444444444
Minesweeper,sage,Raw features -> UMAP -> Delaunay,12395,0.8,0.4444444444444444,0.8,0.4444444444444444,0.6692079305648804,1.0,f1,0.4444444444444444
Minesweeper,sage,Raw features -> UMAP -> Delaunay,12396,0.8,0.4444444444444444,0.8,0.4444444444444444,0.6277157664299011,2.0,f1,0.4444444444444444
Minesweeper,sage,Raw features -> UMAP -> Delaunay,12397,0.6645,0.5147665365358742,0.648,0.5015830402301781,0.6345252394676208,1.0,f1,0.5147665365358742
Minesweeper,sage,Raw features -> UMAP -> Delaunay,12398,0.8,0.4444444444444444,0.8,0.4444444444444444,0.8451520800590515,2.0,f1,0.4444444444444444
Minesweeper,sage,Raw features -> UMAP -> Delaunay,12399,0.5895,0.4796286665658883,0.576,0.47189063153909,0.8201786279678345,1.0,f1,0.4796286665658883
Minesweeper,sage,Raw features -> UMAP -> Delaunay,12400,0.6645,0.5059475884756937,0.67,0.5207918261607003,1.0021024942398071,1.0,f1,0.5059475884756937
Minesweeper,sage,Raw features -> UMAP -> Delaunay,12401,0.656,0.4887160828517752,0.641,0.476981351981352,0.7445953488349915,1.0,f1,0.4887160828517752
Minesweeper,sage,Raw features -> UMAP -> Delaunay,12402,0.6765,0.4921457235647916,0.6805,0.4955553213584955,0.7029038071632385,2.0,f1,0.4921457235647916
Minesweeper,sage,Raw features -> UMAP -> Delaunay,12403,0.8,0.4444444444444444,0.8,0.4444444444444444,0.7297320365905762,1.0,f1,0.4444444444444444
Minesweeper,sage,Raw features -> UMAP -> Delaunay,12404,0.8,0.4444444444444444,0.8,0.4444444444444444,0.6882959604263306,1.0,f1,0.4444444444444444
Minesweeper,sage,Raw features -> UMAP -> Delaunay,12405,0.8,0.4444444444444444,0.8,0.4444444444444444,0.6330483555793762,1.0,f1,0.4444444444444444
Minesweeper,sage,Raw features -> UMAP -> Delaunay,12406,0.8,0.4444444444444444,0.8,0.4444444444444444,0.9663750529289246,1.0,f1,0.4444444444444444
Minesweeper,sage,Raw features -> UMAP -> Delaunay,12407,0.8,0.4444444444444444,0.8,0.4444444444444444,0.5945613980293274,1.0,f1,0.4444444444444444
Minesweeper,sage,Raw features -> UMAP -> Delaunay,12408,0.8,0.4444444444444444,0.8,0.4444444444444444,0.6991156339645386,1.0,f1,0.4444444444444444
Minesweeper,sage,Raw features -> UMAP -> Delaunay,12409,0.8,0.4444444444444444,0.8,0.4444444444444444,0.6857139468193054,1.0,f1,0.4444444444444444
Minesweeper,sage,Raw features -> UMAP -> Delaunay,12410,0.8,0.4444444444444444,0.8,0.4444444444444444,0.6893787384033203,1.0,f1,0.4444444444444444
Minesweeper,sage,Raw features -> UMAP -> Delaunay,12411,0.8,0.4444444444444444,0.8,0.4444444444444444,0.6699385046958923,1.0,f1,0.4444444444444444
Minesweeper,sage,Raw features -> UMAP -> Delaunay,12412,0.563,0.480256280038392,0.5585,0.4795410412538876,0.7971482872962952,1.0,f1,0.480256280038392
Minesweeper,sage,Raw features -> UMAP -> Delaunay,12413,0.758,0.4898550724637681,0.7565,0.479511510330414,0.9527146220207214,1.0,f1,0.4898550724637681
Minesweeper,sage,Raw features -> UMAP -> Delaunay,12414,0.8,0.4444444444444444,0.8,0.4444444444444444,0.913873851299286,1.0,f1,0.4444444444444444
Minesweeper,sage,Raw features -> UMAP -> Delaunay,12415,0.8,0.4444444444444444,0.8,0.4444444444444444,0.668860673904419,1.0,f1,0.4444444444444444
Minesweeper,sage,Raw features -> UMAP -> Delaunay,12416,0.8,0.4444444444444444,0.8,0.4444444444444444,0.740003228187561,1.0,f1,0.4444444444444444
Minesweeper,sage,Raw features -> UMAP -> Delaunay,12417,0.693,0.5175921721080279,0.6695,0.4811566047547562,0.7851585149765015,1.0,f1,0.5175921721080279
Minesweeper,sage,Raw features -> UMAP -> Delaunay,12418,0.8,0.4444444444444444,0.8,0.4444444444444444,0.8699053525924683,1.0,f1,0.4444444444444444
Minesweeper,sage,Raw features -> UMAP -> Delaunay,12419,0.8,0.4444444444444444,0.8,0.4444444444444444,0.7474863529205322,1.0,f1,0.4444444444444444
Minesweeper,sage,Raw features -> UMAP -> Delaunay,12420,0.8,0.4444444444444444,0.8,0.4444444444444444,0.7543778419494629,1.0,f1,0.4444444444444444
Minesweeper,sage,Raw features -> UMAP -> Delaunay,12421,0.719,0.5044406351624942,0.704,0.4743188788784522,0.6004453301429749,1.0,f1,0.5044406351624942
Minesweeper,sage,Raw features -> UMAP -> Delaunay,12422,0.624,0.5064684139784946,0.5945,0.484763844271619,0.7150097489356995,2.0,f1,0.5064684139784946
Minesweeper,sage,Raw features -> UMAP -> Delaunay,12423,0.748,0.4889018691588785,0.7545,0.4894773589447257,0.7253662347793579,1.0,f1,0.4889018691588785
Minesweeper,sage,Raw features -> UMAP -> Delaunay,12424,0.8,0.4444444444444444,0.8,0.4444444444444444,0.6449825763702393,1.0,f1,0.4444444444444444
Minesweeper,sage,Raw features -> UMAP -> Delaunay,12425,0.8,0.4444444444444444,0.8,0.4444444444444444,0.7053331732749939,1.0,f1,0.4444444444444444
Minesweeper,sage,Raw features -> UMAP -> Delaunay,12426,0.8,0.4444444444444444,0.8,0.4444444444444444,0.5811112523078918,1.0,f1,0.4444444444444444
Minesweeper,sage,Raw features -> UMAP -> Delaunay,12427,0.8,0.4444444444444444,0.8,0.4444444444444444,0.6962215304374695,1.0,f1,0.4444444444444444
Minesweeper,sage,Raw features -> UMAP -> Delaunay,12428,0.595,0.4776377359658671,0.6005,0.4805750339917808,0.8684638738632202,1.0,f1,0.4776377359658671
Minesweeper,sage,Raw features -> UMAP -> Delaunay,12429,0.767,0.4948443773794347,0.762,0.48887442847356,0.7137125134468079,1.0,f1,0.4948443773794347
Minesweeper,sage,Raw features -> UMAP -> Delaunay,12430,0.498,0.4450088942299719,0.5375,0.4815532440614726,0.8431271910667419,1.0,f1,0.4450088942299719
Minesweeper,sage,Raw features -> UMAP -> Delaunay,12431,0.6935,0.5055875462906766,0.7135,0.5142089639043695,0.698981523513794,1.0,f1,0.5055875462906766
Minesweeper,sage,Raw features -> UMAP -> Delaunay,12432,0.514,0.462697853776427,0.5075,0.4586125806893978,0.8002886772155762,1.0,f1,0.462697853776427
Minesweeper,sage,Raw features -> UMAP -> Delaunay,12433,0.796,0.4503584794328992,0.7985,0.4512224598442588,0.5329277515411377,3.0,f1,0.4503584794328992
Minesweeper,sage,Raw features -> UMAP -> Delaunay,12434,0.8,0.4444444444444444,0.8,0.4444444444444444,0.6491787433624268,1.0,f1,0.4444444444444444
Minesweeper,sage,Raw features -> UMAP -> Delaunay,12435,0.8,0.4444444444444444,0.8,0.4444444444444444,0.7264389395713806,1.0,f1,0.4444444444444444
Minesweeper,sage,Raw features -> UMAP -> Delaunay,12436,0.713,0.4950303597600778,0.712,0.5035304501323918,0.835827648639679,1.0,f1,0.4950303597600778
Minesweeper,sage,Raw features -> UMAP -> Delaunay,12437,0.749,0.4834444990955134,0.7465,0.4981070120983928,0.7347816824913025,1.0,f1,0.4834444990955134
Minesweeper,sage,Raw features -> UMAP -> Delaunay,12438,0.8,0.4444444444444444,0.8,0.4444444444444444,0.5655345320701599,1.0,f1,0.4444444444444444
Minesweeper,sage,Raw features -> UMAP -> Delaunay,12439,0.8,0.4444444444444444,0.8,0.4444444444444444,0.772294282913208,1.0,f1,0.4444444444444444
Minesweeper,sage,Raw features -> UMAP -> Delaunay,12440,0.8,0.4444444444444444,0.8,0.4444444444444444,0.863071620464325,1.0,f1,0.4444444444444444
Minesweeper,sage,Raw features -> UMAP -> Delaunay,12441,0.5055,0.4512200366278719,0.489,0.4388309233812029,0.6740608811378479,1.0,f1,0.4512200366278719
Minesweeper,sage,Raw features -> UMAP -> Delaunay,12442,0.497,0.4486970398428732,0.5275,0.478862066369811,0.8195266723632812,1.0,f1,0.4486970398428732
Minesweeper,sage,Raw features -> UMAP -> Delaunay,12443,0.744,0.4807892004153686,0.749,0.4756807794182772,0.6994597911834717,1.0,f1,0.4807892004153686
Minesweeper,sage,Raw features -> UMAP -> Delaunay,12444,0.748,0.4813865090520692,0.75,0.4914885351005124,0.5992289781570435,1.0,f1,0.4813865090520692
Minesweeper,gat,Raw features -> UMAP -> Delaunay,12345,0.7985,0.4535885874587056,0.799,0.4489995641339835,0.5745475888252258,7.0,f1,0.4535885874587056
Minesweeper,gat,Raw features -> UMAP -> Delaunay,12346,0.8,0.4444444444444444,0.8,0.4444444444444444,1.1441867351531982,1.0,f1,0.4444444444444444
Minesweeper,gat,Raw features -> UMAP -> Delaunay,12347,0.7995,0.456300306627645,0.797,0.4507040729075343,0.5734843015670776,12.0,f1,0.456300306627645
Minesweeper,gat,Raw features -> UMAP -> Delaunay,12348,0.8,0.4444444444444444,0.8,0.4444444444444444,0.5876097679138184,1.0,f1,0.4444444444444444
Minesweeper,gat,Raw features -> UMAP -> Delaunay,12349,0.8,0.4444444444444444,0.8,0.4444444444444444,1.7027530670166016,1.0,f1,0.4444444444444444
Minesweeper,gat,Raw features -> UMAP -> Delaunay,12350,0.6935,0.4944277776059547,0.685,0.4893319002203168,0.5635895729064941,9.0,f1,0.4944277776059547
Minesweeper,gat,Raw features -> UMAP -> Delaunay,12351,0.797,0.4530528006121497,0.799,0.4513952574348224,0.5207679271697998,20.0,f1,0.4530528006121497
Minesweeper,gat,Raw features -> UMAP -> Delaunay,12352,0.8,0.4444444444444444,0.8,0.4444444444444444,1.3380396366119385,1.0,f1,0.4444444444444444
Minesweeper,gat,Raw features -> UMAP -> Delaunay,12353,0.8,0.4444444444444444,0.8,0.4444444444444444,0.714653491973877,1.0,f1,0.4444444444444444
Minesweeper,gat,Raw features -> UMAP -> Delaunay,12354,0.7055,0.491757453540893,0.7095,0.4894621382573436,0.5741601586341858,9.0,f1,0.491757453540893
Minesweeper,gat,Raw features -> UMAP -> Delaunay,12355,0.757,0.5182242101256186,0.7375,0.4901801412055346,0.5985883474349976,10.0,f1,0.5182242101256186
Minesweeper,gat,Raw features -> UMAP -> Delaunay,12356,0.8,0.4444444444444444,0.8,0.4444444444444444,0.8722086548805237,1.0,f1,0.4444444444444444
Minesweeper,gat,Raw features -> UMAP -> Delaunay,12357,0.8,0.4444444444444444,0.8,0.4444444444444444,2.1755595207214355,1.0,f1,0.4444444444444444
Minesweeper,gat,Raw features -> UMAP -> Delaunay,12358,0.8,0.4444444444444444,0.8,0.4444444444444444,1.2476543188095093,1.0,f1,0.4444444444444444
Minesweeper,gat,Raw features -> UMAP -> Delaunay,12359,0.754,0.4996247185389042,0.7475,0.4856572205832851,0.5420780777931213,15.0,f1,0.4996247185389042
Minesweeper,gat,Raw features -> UMAP -> Delaunay,12360,0.796,0.4503584794328992,0.7995,0.4491663661807379,0.5190631747245789,25.0,f1,0.4503584794328992
Minesweeper,gat,Raw features -> UMAP -> Delaunay,12361,0.7995,0.4632259584461931,0.797,0.4435169727323316,0.5609013438224792,5.0,f1,0.4632259584461931
Minesweeper,gat,Raw features -> UMAP -> Delaunay,12362,0.716,0.4944424269611718,0.707,0.4982661929020934,0.6330286264419556,2.0,f1,0.4944424269611718
Minesweeper,gat,Raw features -> UMAP -> Delaunay,12363,0.8,0.4444444444444444,0.8,0.4444444444444444,1.06345534324646,1.0,f1,0.4444444444444444
Minesweeper,gat,Raw features -> UMAP -> Delaunay,12364,0.7655,0.4923997963105366,0.756,0.4726730075576331,0.5921325087547302,6.0,f1,0.4923997963105366
Minesweeper,gat,Raw features -> UMAP -> Delaunay,12365,0.8,0.4444444444444444,0.8,0.4444444444444444,1.2710962295532229,1.0,f1,0.4444444444444444
Minesweeper,gat,Raw features -> UMAP -> Delaunay,12366,0.8,0.4444444444444444,0.8,0.4444444444444444,1.397337555885315,1.0,f1,0.4444444444444444
Minesweeper,gat,Raw features -> UMAP -> Delaunay,12367,0.8,0.4444444444444444,0.8,0.4444444444444444,0.7062315940856934,1.0,f1,0.4444444444444444
Minesweeper,gat,Raw features -> UMAP -> Delaunay,12368,0.7995,0.4515680571901,0.7975,0.4555628371225487,0.7924559712409973,1.0,f1,0.4515680571901
Minesweeper,gat,Raw features -> UMAP -> Delaunay,12369,0.7975,0.4508768682897661,0.798,0.4534099641739996,0.5571290254592896,11.0,f1,0.4508768682897661
Minesweeper,gat,Raw features -> UMAP -> Delaunay,12370,0.8,0.4444444444444444,0.8,0.4444444444444444,0.8095439672470093,1.0,f1,0.4444444444444444
Minesweeper,gat,Raw features -> UMAP -> Delaunay,12371,0.8,0.4444444444444444,0.8,0.4444444444444444,1.712672472000122,1.0,f1,0.4444444444444444
Minesweeper,gat,Raw features -> UMAP -> Delaunay,12372,0.799,0.4561158554404649,0.7965,0.4528742585404379,0.5612223148345947,11.0,f1,0.4561158554404649
Minesweeper,gat,Raw features -> UMAP -> Delaunay,12373,0.737,0.4800223807857395,0.739,0.4736842105263157,0.5406928062438965,9.0,f1,0.4800223807857395
Minesweeper,gat,Raw features -> UMAP -> Delaunay,12374,0.797,0.4483320877777023,0.798,0.4534099641739996,0.5196110010147095,25.0,f1,0.4483320877777023
Minesweeper,gat,Raw features -> UMAP -> Delaunay,12375,0.7975,0.4532313688588938,0.7975,0.4601579937604927,0.5996806621551514,7.0,f1,0.4532313688588938
Minesweeper,gat,Raw features -> UMAP -> Delaunay,12376,0.798,0.4510496636999796,0.796,0.4503584794328992,0.6509687304496765,5.0,f1,0.4510496636999796
Minesweeper,gat,Raw features -> UMAP -> Delaunay,12377,0.785,0.4718742323753377,0.786,0.468284671442166,0.6133354306221008,4.0,f1,0.4718742323753377
Minesweeper,gat,Raw features -> UMAP -> Delaunay,12378,0.7065,0.4968540521034629,0.717,0.5077370515710667,0.6342127919197083,3.0,f1,0.4968540521034629
Minesweeper,gat,Raw features -> UMAP -> Delaunay,12379,0.8,0.4444444444444444,0.8,0.4444444444444444,1.892467141151428,1.0,f1,0.4444444444444444
Minesweeper,gat,Raw features -> UMAP -> Delaunay,12380,0.8,0.4444444444444444,0.8,0.4444444444444444,0.7895545363426208,1.0,f1,0.4444444444444444
Minesweeper,gat,Raw features -> UMAP -> Delaunay,12381,0.8,0.4444444444444444,0.8,0.4444444444444444,0.6628878712654114,1.0,f1,0.4444444444444444
Minesweeper,gat,Raw features -> UMAP -> Delaunay,12382,0.6845,0.5065684651894218,0.6735,0.5109696692604746,0.6223316788673401,1.0,f1,0.5065684651894218
Minesweeper,gat,Raw features -> UMAP -> Delaunay,12383,0.7965,0.4551944266523705,0.8005,0.45666938331975,0.5263242125511169,26.0,f1,0.4551944266523705
Minesweeper,gat,Raw features -> UMAP -> Delaunay,12384,0.8,0.4611357641499012,0.7995,0.456300306627645,0.6223993301391602,7.0,f1,0.4611357641499012
Minesweeper,gat,Raw features -> UMAP -> Delaunay,12385,0.797,0.4507040729075343,0.7975,0.4532313688588938,0.568651020526886,6.0,f1,0.4507040729075343
Minesweeper,gat,Raw features -> UMAP -> Delaunay,12386,0.8,0.4444444444444444,0.8,0.4444444444444444,0.9329072833061218,1.0,f1,0.4444444444444444
Minesweeper,gat,Raw features -> UMAP -> Delaunay,12387,0.8,0.4444444444444444,0.8,0.4444444444444444,1.0697288513183594,1.0,f1,0.4444444444444444
Minesweeper,gat,Raw features -> UMAP -> Delaunay,12388,0.791,0.4662921348314607,0.7845,0.4551114903838556,0.5788076519966125,7.0,f1,0.4662921348314607
Minesweeper,gat,Raw features -> UMAP -> Delaunay,12389,0.8,0.4444444444444444,0.8,0.4444444444444444,0.5793696045875549,1.0,f1,0.4444444444444444
Minesweeper,gat,Raw features -> UMAP -> Delaunay,12390,0.761,0.4915066721132897,0.7595,0.4953286423028962,0.5573794841766357,5.0,f1,0.4915066721132897
Minesweeper,gat,Raw features -> UMAP -> Delaunay,12391,0.797,0.4530528006121497,0.7985,0.4605487811815856,0.5442632436752319,9.0,f1,0.4530528006121497
Minesweeper,gat,Raw features -> UMAP -> Delaunay,12392,0.8,0.4444444444444444,0.8,0.4444444444444444,1.147053837776184,1.0,f1,0.4444444444444444
Minesweeper,gat,Raw features -> UMAP -> Delaunay,12393,0.5105,0.4619103720760613,0.517,0.4660145336913873,0.5616132616996765,11.0,f1,0.4619103720760613
Minesweeper,gat,Raw features -> UMAP -> Delaunay,12394,0.6945,0.5032356756462306,0.697,0.5126854569579028,0.555159330368042,13.0,f1,0.5032356756462306
Minesweeper,gat,Raw features -> UMAP -> Delaunay,12395,0.8,0.4444444444444444,0.8,0.4444444444444444,1.013011813163757,1.0,f1,0.4444444444444444
Minesweeper,gat,Raw features -> UMAP -> Delaunay,12396,0.698,0.4982046693550933,0.699,0.500911954899685,0.5329297184944153,18.0,f1,0.4982046693550933
Minesweeper,gat,Raw features -> UMAP -> Delaunay,12397,0.8,0.4444444444444444,0.8,0.4444444444444444,1.7522624731063845,1.0,f1,0.4444444444444444
Minesweeper,gat,Raw features -> UMAP -> Delaunay,12398,0.8,0.4444444444444444,0.8,0.4444444444444444,0.9276524782180786,1.0,f1,0.4444444444444444
Minesweeper,gat,Raw features -> UMAP -> Delaunay,12399,0.8,0.4444444444444444,0.8,0.4444444444444444,0.6669204235076904,1.0,f1,0.4444444444444444
Minesweeper,gat,Raw features -> UMAP -> Delaunay,12400,0.7055,0.4973611460165871,0.7055,0.5132132840706278,2.690736055374145,1.0,f1,0.4973611460165871
Minesweeper,gat,Raw features -> UMAP -> Delaunay,12401,0.798,0.4462582684331576,0.798,0.4510496636999796,0.5165863633155823,49.0,f1,0.4462582684331576
Minesweeper,gat,Raw features -> UMAP -> Delaunay,12402,0.7975,0.4508768682897661,0.795,0.4428969359331476,0.5487996339797974,7.0,f1,0.4508768682897661
Minesweeper,gat,Raw features -> UMAP -> Delaunay,12403,0.8,0.4444444444444444,0.8,0.4444444444444444,1.509007215499878,1.0,f1,0.4444444444444444
Minesweeper,gat,Raw features -> UMAP -> Delaunay,12404,0.7975,0.4508768682897661,0.8,0.4588217467069303,0.5392151474952698,14.0,f1,0.4508768682897661
Minesweeper,gat,Raw features -> UMAP -> Delaunay,12405,0.796,0.4550102987024436,0.798,0.4534099641739996,0.5384528636932373,8.0,f1,0.4550102987024436
Minesweeper,gat,Raw features -> UMAP -> Delaunay,12406,0.7535,0.4964143784420409,0.745,0.4828173676012461,0.5357294678688049,15.0,f1,0.4964143784420409
Minesweeper,gat,Raw features -> UMAP -> Delaunay,12407,0.7975,0.457871603916978,0.799,0.4513952574348224,0.5975696444511414,4.0,f1,0.457871603916978
Minesweeper,gat,Raw features -> UMAP -> Delaunay,12408,0.7985,0.4605487811815856,0.7985,0.4488327357795768,0.5564091205596924,10.0,f1,0.4605487811815856
Minesweeper,gat,Raw features -> UMAP -> Delaunay,12409,0.8,0.4444444444444444,0.8,0.4444444444444444,1.5010279417037964,1.0,f1,0.4444444444444444
Minesweeper,gat,Raw features -> UMAP -> Delaunay,12410,0.7965,0.4457755363687676,0.799,0.4607443337912087,0.5921145677566528,8.0,f1,0.4457755363687676
Minesweeper,gat,Raw features -> UMAP -> Delaunay,12411,0.704,0.5060995042640632,0.7165,0.5107410461081262,0.6129657030105591,2.0,f1,0.5060995042640632
Minesweeper,gat,Raw features -> UMAP -> Delaunay,12412,0.8,0.4444444444444444,0.8,0.4444444444444444,1.2309268712997437,1.0,f1,0.4444444444444444
Minesweeper,gat,Raw features -> UMAP -> Delaunay,12413,0.7105,0.5058949126376977,0.6845,0.4910697254639755,0.579771101474762,9.0,f1,0.5058949126376977
Minesweeper,gat,Raw features -> UMAP -> Delaunay,12414,0.761,0.4930759261969453,0.759,0.479156536153236,0.5734413862228394,9.0,f1,0.4930759261969453
Minesweeper,gat,Raw features -> UMAP -> Delaunay,12415,0.785,0.4738632387021307,0.787,0.4767870302137067,0.5701531171798706,12.0,f1,0.4738632387021307
Minesweeper,gat,Raw features -> UMAP -> Delaunay,12416,0.8,0.4444444444444444,0.8,0.4444444444444444,0.9633828997612,1.0,f1,0.4444444444444444
Minesweeper,gat,Raw features -> UMAP -> Delaunay,12417,0.7475,0.487146937480165,0.7455,0.4800708288580098,0.6328158974647522,2.0,f1,0.487146937480165
Minesweeper,gat,Raw features -> UMAP -> Delaunay,12418,0.783,0.4587502868374055,0.787,0.4560776302349336,1.552448868751526,1.0,f1,0.4587502868374055
Minesweeper,gat,Raw features -> UMAP -> Delaunay,12419,0.801,0.4568540110921874,0.7975,0.4532313688588938,0.5144081711769104,28.0,f1,0.4568540110921874
Minesweeper,gat,Raw features -> UMAP -> Delaunay,12420,0.769,0.5054592164418754,0.755,0.4866648088821654,1.98457670211792,1.0,f1,0.5054592164418754
Minesweeper,gat,Raw features -> UMAP -> Delaunay,12421,0.6765,0.5154630566792144,0.6505,0.4928857088445738,0.6102007031440735,5.0,f1,0.5154630566792144
Minesweeper,gat,Raw features -> UMAP -> Delaunay,12422,0.8,0.4444444444444444,0.8,0.4444444444444444,0.8616188168525696,1.0,f1,0.4444444444444444
Minesweeper,gat,Raw features -> UMAP -> Delaunay,12423,0.695,0.5113988251144208,0.7035,0.5159134276880376,0.5823767185211182,9.0,f1,0.5113988251144208
Minesweeper,gat,Raw features -> UMAP -> Delaunay,12424,0.798,0.4534099641739996,0.7945,0.4474971013762161,0.5329850912094116,7.0,f1,0.4534099641739996
Minesweeper,gat,Raw features -> UMAP -> Delaunay,12425,0.8,0.4444444444444444,0.8,0.4444444444444444,0.6521862149238586,1.0,f1,0.4444444444444444
Minesweeper,gat,Raw features -> UMAP -> Delaunay,12426,0.7985,0.4512224598442588,0.7955,0.4454534299518873,0.6345673203468323,9.0,f1,0.4512224598442588
Minesweeper,gat,Raw features -> UMAP -> Delaunay,12427,0.8,0.4444444444444444,0.8,0.4444444444444444,1.0819547176361084,1.0,f1,0.4444444444444444
Minesweeper,gat,Raw features -> UMAP -> Delaunay,12428,0.8,0.4444444444444444,0.8,0.4444444444444444,0.8952133655548096,1.0,f1,0.4444444444444444
Minesweeper,gat,Raw features -> UMAP -> Delaunay,12429,0.8,0.4444444444444444,0.8,0.4444444444444444,0.9047498106956482,1.0,f1,0.4444444444444444
Minesweeper,gat,Raw features -> UMAP -> Delaunay,12430,0.7975,0.4508768682897661,0.798,0.4534099641739996,0.5155442357063293,26.0,f1,0.4508768682897661
Minesweeper,gat,Raw features -> UMAP -> Delaunay,12431,0.623,0.4897676074160992,0.6395,0.5026898547005982,0.939184069633484,1.0,f1,0.4897676074160992
Minesweeper,gat,Raw features -> UMAP -> Delaunay,12432,0.7865,0.4580361998818341,0.785,0.45097037793667,0.5528048276901245,9.0,f1,0.4580361998818341
Minesweeper,gat,Raw features -> UMAP -> Delaunay,12433,0.8,0.4444444444444444,0.8,0.4444444444444444,1.1786596775054932,1.0,f1,0.4444444444444444
Minesweeper,gat,Raw features -> UMAP -> Delaunay,12434,0.8,0.4444444444444444,0.8,0.4444444444444444,0.8416039347648621,1.0,f1,0.4444444444444444
Minesweeper,gat,Raw features -> UMAP -> Delaunay,12435,0.8,0.4444444444444444,0.8,0.4444444444444444,0.985654890537262,1.0,f1,0.4444444444444444
Minesweeper,gat,Raw features -> UMAP -> Delaunay,12436,0.795,0.4614206409882537,0.7955,0.452517249387763,0.550025999546051,7.0,f1,0.4614206409882537
Minesweeper,gat,Raw features -> UMAP -> Delaunay,12437,0.7995,0.4609399942867705,0.799,0.4537672396222569,0.5499205589294434,10.0,f1,0.4609399942867705
Minesweeper,gat,Raw features -> UMAP -> Delaunay,12438,0.7995,0.456300306627645,0.797,0.4530528006121497,0.5443056225776672,9.0,f1,0.456300306627645
Minesweeper,gat,Raw features -> UMAP -> Delaunay,12439,0.8,0.4444444444444444,0.8,0.4444444444444444,0.7016301155090332,1.0,f1,0.4444444444444444
Minesweeper,gat,Raw features -> UMAP -> Delaunay,12440,0.8,0.4444444444444444,0.8,0.4444444444444444,1.213759422302246,1.0,f1,0.4444444444444444
Minesweeper,gat,Raw features -> UMAP -> Delaunay,12441,0.8,0.4444444444444444,0.8,0.4444444444444444,0.6574525833129883,1.0,f1,0.4444444444444444
Minesweeper,gat,Raw features -> UMAP -> Delaunay,12442,0.8005,0.4470617011236842,0.8,0.4444444444444444,0.575708270072937,16.0,f1,0.4470617011236842
Minesweeper,gat,Raw features -> UMAP -> Delaunay,12443,0.7975,0.4555628371225487,0.797,0.4530528006121497,0.5744870901107788,6.0,f1,0.4555628371225487
Minesweeper,gat,Raw features -> UMAP -> Delaunay,12444,0.714,0.503643706427814,0.713,0.4973510223740093,0.559426486492157,12.0,f1,0.503643706427814
Actor,gcn,Raw features -> UMAP -> Delaunay,12345,0.3381578947368421,0.3238572594395418,0.3171052631578947,0.3015828211791508,1.045878529548645,185.0,f1,0.3238572594395418
Actor,gcn,Raw features -> UMAP -> Delaunay,12346,0.3631578947368421,0.3312451103088426,0.35,0.3158077703069549,1.319257736206055,44.0,f1,0.3312451103088426
Actor,gcn,Raw features -> UMAP -> Delaunay,12347,0.3578947368421052,0.3347053397419584,0.3493421052631579,0.3213163756008188,1.209559679031372,85.0,f1,0.3347053397419584
Actor,gcn,Raw features -> UMAP -> Delaunay,12348,0.3618421052631579,0.3364670857040899,0.3486842105263157,0.3171663023746013,1.3177142143249512,40.0,f1,0.3364670857040899
Actor,gcn,Raw features -> UMAP -> Delaunay,12349,0.369078947368421,0.3490339106423032,0.3460526315789474,0.3224179325669413,1.2386986017227173,66.0,f1,0.3490339106423032
Actor,gcn,Raw features -> UMAP -> Delaunay,12350,0.3782894736842105,0.3536538209213028,0.3684210526315789,0.350705128850189,1.244446873664856,69.0,f1,0.3536538209213028
Actor,gcn,Raw features -> UMAP -> Delaunay,12351,0.3578947368421052,0.3341606515267477,0.3618421052631579,0.3345389201136546,1.3001155853271484,47.0,f1,0.3341606515267477
Actor,gcn,Raw features -> UMAP -> Delaunay,12352,0.3717105263157895,0.3475028427088928,0.3664473684210526,0.3418926526671952,1.316307783126831,42.0,f1,0.3475028427088928
Actor,gcn,Raw features -> UMAP -> Delaunay,12353,0.3730263157894737,0.3476529922362067,0.3651315789473684,0.340536749215132,1.1921038627624512,93.0,f1,0.3476529922362067
Actor,gcn,Raw features -> UMAP -> Delaunay,12354,0.35,0.3309268248500522,0.3506578947368421,0.3222595350457073,1.239386796951294,68.0,f1,0.3309268248500522
Actor,gcn,Raw features -> UMAP -> Delaunay,12355,0.3651315789473684,0.3353874605806682,0.3388157894736842,0.3135368200624577,1.2478265762329102,64.0,f1,0.3353874605806682
Actor,gcn,Raw features -> UMAP -> Delaunay,12356,0.3644736842105263,0.3460594079344609,0.3375,0.3094441195131567,1.2684063911437988,56.0,f1,0.3460594079344609
Actor,gcn,Raw features -> UMAP -> Delaunay,12357,0.3894736842105263,0.3628793403480754,0.3368421052631579,0.3136177899819831,1.2533470392227173,63.0,f1,0.3628793403480754
Actor,gcn,Raw features -> UMAP -> Delaunay,12358,0.369078947368421,0.3432026274726106,0.3638157894736842,0.3379601028097906,1.3171257972717283,41.0,f1,0.3432026274726106
Actor,gcn,Raw features -> UMAP -> Delaunay,12359,0.3486842105263157,0.3270488627086357,0.3513157894736842,0.3258579291507291,1.2682466506958008,60.0,f1,0.3270488627086357
Actor,gcn,Raw features -> UMAP -> Delaunay,12360,0.3717105263157895,0.3433425530731349,0.356578947368421,0.3316043109334719,1.292536377906799,49.0,f1,0.3433425530731349
Actor,gcn,Raw features -> UMAP -> Delaunay,12361,0.3578947368421052,0.3368682105410804,0.3526315789473684,0.3265586280882555,1.2731159925460815,53.0,f1,0.3368682105410804
Actor,gcn,Raw features -> UMAP -> Delaunay,12362,0.3519736842105263,0.3334810754365712,0.356578947368421,0.3380043996920642,1.1242605447769165,131.0,f1,0.3334810754365712
Actor,gcn,Raw features -> UMAP -> Delaunay,12363,0.3657894736842105,0.3364758110032076,0.3585526315789473,0.320525133175721,1.3249493837356567,41.0,f1,0.3364758110032076
Actor,gcn,Raw features -> UMAP -> Delaunay,12364,0.3736842105263158,0.3364147367767078,0.3743421052631579,0.3552397357765246,1.330148458480835,38.0,f1,0.3364147367767078
Actor,gcn,Raw features -> UMAP -> Delaunay,12365,0.356578947368421,0.326811004704635,0.3671052631578947,0.3412157231423296,1.2498764991760254,65.0,f1,0.326811004704635
Actor,gcn,Raw features -> UMAP -> Delaunay,12366,0.3513157894736842,0.3270180030847729,0.3743421052631579,0.3504762491647331,1.24224591255188,71.0,f1,0.3270180030847729
Actor,gcn,Raw features -> UMAP -> Delaunay,12367,0.3526315789473684,0.3320508969009247,0.3453947368421052,0.3272114769035688,1.1533647775650024,110.0,f1,0.3320508969009247
Actor,gcn,Raw features -> UMAP -> Delaunay,12368,0.3513157894736842,0.3415295703073648,0.3493421052631579,0.3322144944571078,1.0154285430908203,212.0,f1,0.3415295703073648
Actor,gcn,Raw features -> UMAP -> Delaunay,12369,0.3671052631578947,0.3450929225097104,0.3506578947368421,0.3206459101085178,1.2184351682662964,78.0,f1,0.3450929225097104
Actor,gcn,Raw features -> UMAP -> Delaunay,12370,0.3644736842105263,0.3339069953436341,0.3506578947368421,0.3264247691536567,1.3189899921417236,40.0,f1,0.3339069953436341
Actor,gcn,Raw features -> UMAP -> Delaunay,12371,0.3644736842105263,0.3369499647170772,0.356578947368421,0.3316127404497113,1.248887062072754,65.0,f1,0.3369499647170772
Actor,gcn,Raw features -> UMAP -> Delaunay,12372,0.3572368421052631,0.3295793458835115,0.3592105263157895,0.3379302120589266,1.2969489097595217,46.0,f1,0.3295793458835115
Actor,gcn,Raw features -> UMAP -> Delaunay,12373,0.3671052631578947,0.3381014910137819,0.3776315789473684,0.3455630302880893,1.312078595161438,45.0,f1,0.3381014910137819
Actor,gcn,Raw features -> UMAP -> Delaunay,12374,0.344078947368421,0.322360852711136,0.356578947368421,0.3317838360167014,1.1486676931381226,114.0,f1,0.322360852711136
Actor,gcn,Raw features -> UMAP -> Delaunay,12375,0.3730263157894737,0.350640945915984,0.3381578947368421,0.3186815528177626,1.2823805809020996,51.0,f1,0.350640945915984
Actor,gcn,Raw features -> UMAP -> Delaunay,12376,0.3875,0.3607086683726367,0.331578947368421,0.303522241372602,1.3189347982406616,41.0,f1,0.3607086683726367
Actor,gcn,Raw features -> UMAP -> Delaunay,12377,0.3697368421052631,0.3377882479763224,0.3572368421052631,0.3291292655023928,1.3058732748031616,45.0,f1,0.3377882479763224
Actor,gcn,Raw features -> UMAP -> Delaunay,12378,0.3638157894736842,0.3382627466459907,0.3559210526315789,0.3237035469089793,1.2581498622894287,63.0,f1,0.3382627466459907
Actor,gcn,Raw features -> UMAP -> Delaunay,12379,0.3697368421052631,0.3426791368598755,0.3368421052631579,0.3056143340787941,1.30936598777771,43.0,f1,0.3426791368598755
Actor,gcn,Raw features -> UMAP -> Delaunay,12380,0.3684210526315789,0.336052157031261,0.3513157894736842,0.3230522076431678,1.3123236894607544,44.0,f1,0.336052157031261
Actor,gcn,Raw features -> UMAP -> Delaunay,12381,0.3743421052631579,0.3442136249607106,0.3506578947368421,0.3147557357230792,1.335679054260254,37.0,f1,0.3442136249607106
Actor,gcn,Raw features -> UMAP -> Delaunay,12382,0.3625,0.3434444960643504,0.3618421052631579,0.3449151989792681,1.2766733169555664,55.0,f1,0.3434444960643504
Actor,gcn,Raw features -> UMAP -> Delaunay,12383,0.3743421052631579,0.3572243850748514,0.3552631578947368,0.3316703288743745,1.225552320480347,76.0,f1,0.3572243850748514
Actor,gcn,Raw features -> UMAP -> Delaunay,12384,0.3730263157894737,0.3454366728359362,0.3644736842105263,0.3464164357186805,1.318936824798584,43.0,f1,0.3454366728359362
Actor,gcn,Raw features -> UMAP -> Delaunay,12385,0.3618421052631579,0.3429801381433268,0.3506578947368421,0.3262966552165786,1.1806432008743286,91.0,f1,0.3429801381433268
Actor,gcn,Raw features -> UMAP -> Delaunay,12386,0.3546052631578947,0.3314703358110766,0.3598684210526315,0.3313040705883093,1.2382755279541016,70.0,f1,0.3314703358110766
Actor,gcn,Raw features -> UMAP -> Delaunay,12387,0.3381578947368421,0.3237411554395056,0.3532894736842105,0.3421051033898947,1.11019766330719,128.0,f1,0.3237411554395056
Actor,gcn,Raw features -> UMAP -> Delaunay,12388,0.3730263157894737,0.3497878152007884,0.3342105263157894,0.3166174733117933,1.1998833417892456,87.0,f1,0.3497878152007884
Actor,gcn,Raw features -> UMAP -> Delaunay,12389,0.3539473684210526,0.3403123340228852,0.3388157894736842,0.3164963295877986,1.1564488410949707,112.0,f1,0.3403123340228852
Actor,gcn,Raw features -> UMAP -> Delaunay,12390,0.3671052631578947,0.3418839602784782,0.3585526315789473,0.3313680542380186,1.3109397888183594,42.0,f1,0.3418839602784782
Actor,gcn,Raw features -> UMAP -> Delaunay,12391,0.3486842105263157,0.3281466945254667,0.3447368421052632,0.3258166161519363,1.1218782663345337,128.0,f1,0.3281466945254667
Actor,gcn,Raw features -> UMAP -> Delaunay,12392,0.3638157894736842,0.34330692958316,0.3657894736842105,0.3468687896222067,1.2923767566680908,52.0,f1,0.34330692958316
Actor,gcn,Raw features -> UMAP -> Delaunay,12393,0.3644736842105263,0.3366830586748238,0.3585526315789473,0.3366636392813947,1.300265192985535,47.0,f1,0.3366830586748238
Actor,gcn,Raw features -> UMAP -> Delaunay,12394,0.3447368421052632,0.3285257216116389,0.3401315789473684,0.3249082749430673,1.117761254310608,122.0,f1,0.3285257216116389
Actor,gcn,Raw features -> UMAP -> Delaunay,12395,0.3796052631578947,0.3606886452839436,0.3421052631578947,0.3168238314269725,1.2364078760147097,72.0,f1,0.3606886452839436
Actor,gcn,Raw features -> UMAP -> Delaunay,12396,0.3789473684210526,0.3552889409180765,0.3546052631578947,0.3285805553783183,1.2852990627288818,53.0,f1,0.3552889409180765
Actor,gcn,Raw features -> UMAP -> Delaunay,12397,0.3644736842105263,0.3441067778091559,0.3513157894736842,0.320848333038096,1.3001199960708618,47.0,f1,0.3441067778091559
Actor,gcn,Raw features -> UMAP -> Delaunay,12398,0.3671052631578947,0.3481567435120007,0.3513157894736842,0.3279622802255243,1.1860003471374512,94.0,f1,0.3481567435120007
Actor,gcn,Raw features -> UMAP -> Delaunay,12399,0.3723684210526315,0.3382173181058198,0.3513157894736842,0.332379227032146,1.2975084781646729,46.0,f1,0.3382173181058198
Actor,gcn,Raw features -> UMAP -> Delaunay,12400,0.3730263157894737,0.3555172622669895,0.3552631578947368,0.331393574422313,1.2515337467193604,66.0,f1,0.3555172622669895
Actor,gcn,Raw features -> UMAP -> Delaunay,12401,0.369078947368421,0.3516505872403155,0.3368421052631579,0.3150758063278081,1.2586181163787842,59.0,f1,0.3516505872403155
Actor,gcn,Raw features -> UMAP -> Delaunay,12402,0.3592105263157895,0.3377787910904568,0.3585526315789473,0.338981246499371,1.2079631090164185,82.0,f1,0.3377787910904568
Actor,gcn,Raw features -> UMAP -> Delaunay,12403,0.3789473684210526,0.349096497829985,0.3736842105263158,0.3452490884082714,1.3429261445999146,37.0,f1,0.349096497829985
Actor,gcn,Raw features -> UMAP -> Delaunay,12404,0.3743421052631579,0.3462930089678468,0.3368421052631579,0.3232044779144895,1.1760543584823608,98.0,f1,0.3462930089678468
Actor,gcn,Raw features -> UMAP -> Delaunay,12405,0.3388157894736842,0.3183929677907104,0.3796052631578947,0.3548378457200924,1.2552744150161743,60.0,f1,0.3183929677907104
Actor,gcn,Raw features -> UMAP -> Delaunay,12406,0.3651315789473684,0.342946395330327,0.3552631578947368,0.3356475633404237,1.2489666938781738,69.0,f1,0.342946395330327
Actor,gcn,Raw features -> UMAP -> Delaunay,12407,0.3677631578947368,0.3426953887593356,0.3598684210526315,0.3299241094994222,1.3152562379837036,44.0,f1,0.3426953887593356
Actor,gcn,Raw features -> UMAP -> Delaunay,12408,0.3585526315789473,0.3400498238917301,0.3592105263157895,0.3333869461098996,1.3166570663452148,42.0,f1,0.3400498238917301
Actor,gcn,Raw features -> UMAP -> Delaunay,12409,0.3611842105263158,0.3406529239835551,0.3618421052631579,0.3367745329091016,1.2905315160751345,48.0,f1,0.3406529239835551
Actor,gcn,Raw features -> UMAP -> Delaunay,12410,0.3782894736842105,0.3573014431822056,0.3453947368421052,0.3247634351643372,1.2903852462768557,51.0,f1,0.3573014431822056
Actor,gcn,Raw features -> UMAP -> Delaunay,12411,0.3684210526315789,0.3423881049816368,0.3546052631578947,0.3206717856937867,1.327797293663025,38.0,f1,0.3423881049816368
Actor,gcn,Raw features -> UMAP -> Delaunay,12412,0.3638157894736842,0.3420652371374834,0.3598684210526315,0.3296595295964789,1.3302708864212036,39.0,f1,0.3420652371374834
Actor,gcn,Raw features -> UMAP -> Delaunay,12413,0.3375,0.3152926473928734,0.369078947368421,0.3445252939764526,1.157703161239624,105.0,f1,0.3152926473928734
Actor,gcn,Raw features -> UMAP -> Delaunay,12414,0.3388157894736842,0.3164592239119781,0.3677631578947368,0.3458765401374882,1.2203078269958496,78.0,f1,0.3164592239119781
Actor,gcn,Raw features -> UMAP -> Delaunay,12415,0.3638157894736842,0.3474097843290498,0.3309210526315789,0.3108855422036267,1.1196205615997314,129.0,f1,0.3474097843290498
Actor,gcn,Raw features -> UMAP -> Delaunay,12416,0.3618421052631579,0.3335995458657746,0.3605263157894737,0.3389898723562521,1.3226174116134644,40.0,f1,0.3335995458657746
Actor,gcn,Raw features -> UMAP -> Delaunay,12417,0.3519736842105263,0.3170991681766232,0.3703947368421053,0.3411532288171116,1.3302594423294067,40.0,f1,0.3170991681766232
Actor,gcn,Raw features -> UMAP -> Delaunay,12418,0.3598684210526315,0.3278325708696331,0.3684210526315789,0.3311573206816575,1.3502804040908811,35.0,f1,0.3278325708696331
Actor,gcn,Raw features -> UMAP -> Delaunay,12419,0.3644736842105263,0.3413887916661814,0.3618421052631579,0.3380059128657325,1.2688264846801758,59.0,f1,0.3413887916661814
Actor,gcn,Raw features -> UMAP -> Delaunay,12420,0.3710526315789473,0.3476204328651375,0.3552631578947368,0.3339204723331438,1.2791142463684082,55.0,f1,0.3476204328651375
Actor,gcn,Raw features -> UMAP -> Delaunay,12421,0.3657894736842105,0.3449239246226802,0.35,0.329463773135065,1.2738205194473269,57.0,f1,0.3449239246226802
Actor,gcn,Raw features -> UMAP -> Delaunay,12422,0.3664473684210526,0.3373870019307107,0.3638157894736842,0.3275607681818511,1.3344049453735352,38.0,f1,0.3373870019307107
Actor,gcn,Raw features -> UMAP -> Delaunay,12423,0.3723684210526315,0.3425390790831481,0.3684210526315789,0.3359081041430312,1.3316550254821775,41.0,f1,0.3425390790831481
Actor,gcn,Raw features -> UMAP -> Delaunay,12424,0.3710526315789473,0.3509012403818764,0.3348684210526316,0.3092617571703177,1.22174334526062,77.0,f1,0.3509012403818764
Actor,gcn,Raw features -> UMAP -> Delaunay,12425,0.3532894736842105,0.3261937039329549,0.3671052631578947,0.3435346294810605,1.319364309310913,41.0,f1,0.3261937039329549
Actor,gcn,Raw features -> UMAP -> Delaunay,12426,0.3605263157894737,0.3452805220921948,0.3519736842105263,0.3289267754635035,1.1718850135803225,107.0,f1,0.3452805220921948
Actor,gcn,Raw features -> UMAP -> Delaunay,12427,0.3802631578947368,0.3616130223710933,0.3421052631578947,0.3108386396773468,1.3038995265960691,48.0,f1,0.3616130223710933
Actor,gcn,Raw features -> UMAP -> Delaunay,12428,0.3703947368421053,0.3487513554632406,0.3743421052631579,0.3464961836815484,1.3345075845718384,39.0,f1,0.3487513554632406
Actor,gcn,Raw features -> UMAP -> Delaunay,12429,0.344078947368421,0.3217597302664185,0.3572368421052631,0.3326820919369234,1.1665773391723633,99.0,f1,0.3217597302664185
Actor,gcn,Raw features -> UMAP -> Delaunay,12430,0.3526315789473684,0.3281191777878446,0.3506578947368421,0.325048885014996,1.2214970588684082,74.0,f1,0.3281191777878446
Actor,gcn,Raw features -> UMAP -> Delaunay,12431,0.3684210526315789,0.3426439950742154,0.3598684210526315,0.330057060111765,1.2615516185760498,58.0,f1,0.3426439950742154
Actor,gcn,Raw features -> UMAP -> Delaunay,12432,0.3572368421052631,0.3258759794979396,0.3657894736842105,0.3472205309445385,1.3085497617721558,43.0,f1,0.3258759794979396
Actor,gcn,Raw features -> UMAP -> Delaunay,12433,0.3697368421052631,0.3454347588272773,0.356578947368421,0.3267857054564557,1.3020812273025513,48.0,f1,0.3454347588272773
Actor,gcn,Raw features -> UMAP -> Delaunay,12434,0.3855263157894736,0.3630126939526585,0.3572368421052631,0.3262735418725759,1.331681251525879,39.0,f1,0.3630126939526585
Actor,gcn,Raw features -> UMAP -> Delaunay,12435,0.3835526315789473,0.3540784239909104,0.3414473684210526,0.3121544591519342,1.3307100534439087,38.0,f1,0.3540784239909104
Actor,gcn,Raw features -> UMAP -> Delaunay,12436,0.3756578947368421,0.3378204279736186,0.3710526315789473,0.3447606252563162,1.3465728759765625,37.0,f1,0.3378204279736186
Actor,gcn,Raw features -> UMAP -> Delaunay,12437,0.3710526315789473,0.3431242546833938,0.3631578947368421,0.3429688221323804,1.303580403327942,47.0,f1,0.3431242546833938
Actor,gcn,Raw features -> UMAP -> Delaunay,12438,0.3644736842105263,0.3407851561040098,0.3506578947368421,0.3181010854775902,1.3234021663665771,39.0,f1,0.3407851561040098
Actor,gcn,Raw features -> UMAP -> Delaunay,12439,0.3414473684210526,0.3237201095504521,0.3625,0.3411645448282967,1.16424560546875,104.0,f1,0.3237201095504521
Actor,gcn,Raw features -> UMAP -> Delaunay,12440,0.3842105263157894,0.3593627830934091,0.344078947368421,0.3140440601933326,1.251108169555664,67.0,f1,0.3593627830934091
Actor,gcn,Raw features -> UMAP -> Delaunay,12441,0.3559210526315789,0.3403044312621374,0.3447368421052632,0.3251703367710265,1.1417523622512815,115.0,f1,0.3403044312621374
Actor,gcn,Raw features -> UMAP -> Delaunay,12442,0.3710526315789473,0.3434955410160499,0.3631578947368421,0.335465508435416,1.3362990617752075,38.0,f1,0.3434955410160499
Actor,gcn,Raw features -> UMAP -> Delaunay,12443,0.3618421052631579,0.3306978672998243,0.3618421052631579,0.3364014471705226,1.2838205099105835,52.0,f1,0.3306978672998243
Actor,gcn,Raw features -> UMAP -> Delaunay,12444,0.3559210526315789,0.3339920877821923,0.3625,0.3309960331562879,1.233290672302246,71.0,f1,0.3339920877821923
Actor,sage,Raw features -> UMAP -> Delaunay,12345,0.356578947368421,0.3328813577951399,0.3585526315789473,0.3375996296642891,1.1417758464813232,118.0,f1,0.3328813577951399
Actor,sage,Raw features -> UMAP -> Delaunay,12346,0.3730263157894737,0.351794583083186,0.356578947368421,0.3255658346544392,1.0906367301940918,127.0,f1,0.351794583083186
Actor,sage,Raw features -> UMAP -> Delaunay,12347,0.3730263157894737,0.3499799576334567,0.3598684210526315,0.3329126798534065,1.168828368186951,111.0,f1,0.3499799576334567
Actor,sage,Raw features -> UMAP -> Delaunay,12348,0.3638157894736842,0.3420360624008138,0.3578947368421052,0.3292253204142372,1.1922000646591189,107.0,f1,0.3420360624008138
Actor,sage,Raw features -> UMAP -> Delaunay,12349,0.3717105263157895,0.3506767890190018,0.3684210526315789,0.3405372882601011,1.2325602769851685,90.0,f1,0.3506767890190018
Actor,sage,Raw features -> UMAP -> Delaunay,12350,0.3743421052631579,0.3493649058120228,0.3782894736842105,0.3564093428479477,1.1220484972000122,118.0,f1,0.3493649058120228
Actor,sage,Raw features -> UMAP -> Delaunay,12351,0.3664473684210526,0.3508912487839123,0.3467105263157894,0.3305853246137739,0.8784934282302856,175.0,f1,0.3508912487839123
Actor,sage,Raw features -> UMAP -> Delaunay,12352,0.3743421052631579,0.3515369186664951,0.3651315789473684,0.3436221807236519,0.97130286693573,159.0,f1,0.3515369186664951
Actor,sage,Raw features -> UMAP -> Delaunay,12353,0.375,0.3542719125078662,0.3664473684210526,0.3444300816525257,1.091731071472168,126.0,f1,0.3542719125078662
Actor,sage,Raw features -> UMAP -> Delaunay,12354,0.3598684210526315,0.3430768483258086,0.3453947368421052,0.3241669671440602,0.9194877743721008,167.0,f1,0.3430768483258086
Actor,sage,Raw features -> UMAP -> Delaunay,12355,0.3842105263157894,0.351219849233545,0.3598684210526315,0.3335301588240969,1.1541790962219238,111.0,f1,0.351219849233545
Actor,sage,Raw features -> UMAP -> Delaunay,12356,0.3756578947368421,0.3525668632653682,0.3447368421052632,0.3150487369029741,1.2145793437957764,94.0,f1,0.3525668632653682
Actor,sage,Raw features -> UMAP -> Delaunay,12357,0.3927631578947368,0.369349297258695,0.3480263157894737,0.3252929092750102,1.1651053428649902,108.0,f1,0.369349297258695
Actor,sage,Raw features -> UMAP -> Delaunay,12358,0.3756578947368421,0.3562231107020455,0.3618421052631579,0.33900686081299,1.106434941291809,125.0,f1,0.3562231107020455
Actor,sage,Raw features -> UMAP -> Delaunay,12359,0.3671052631578947,0.3426408971654927,0.3657894736842105,0.3400515559086591,1.2081912755966189,99.0,f1,0.3426408971654927
Actor,sage,Raw features -> UMAP -> Delaunay,12360,0.3815789473684211,0.3509458582513611,0.375,0.3495549428069582,1.3084360361099243,65.0,f1,0.3509458582513611
Actor,sage,Raw features -> UMAP -> Delaunay,12361,0.3756578947368421,0.3532702508047533,0.3644736842105263,0.3368307615199225,1.2528016567230225,83.0,f1,0.3532702508047533
Actor,sage,Raw features -> UMAP -> Delaunay,12362,0.3796052631578947,0.3562564029641483,0.3664473684210526,0.3428157953047064,1.0121984481811523,149.0,f1,0.3562564029641483
Actor,sage,Raw features -> UMAP -> Delaunay,12363,0.3651315789473684,0.3462724768832407,0.3467105263157894,0.3250219924628467,0.7849223017692566,218.0,f1,0.3462724768832407
Actor,sage,Raw features -> UMAP -> Delaunay,12364,0.3657894736842105,0.3334599974182725,0.3559210526315789,0.3285155267815337,1.1948788166046145,103.0,f1,0.3334599974182725
Actor,sage,Raw features -> UMAP -> Delaunay,12365,0.3835526315789473,0.3533387921409695,0.3703947368421053,0.3447712739618219,1.321523904800415,63.0,f1,0.3533387921409695
Actor,sage,Raw features -> UMAP -> Delaunay,12366,0.369078947368421,0.3473988232744107,0.3664473684210526,0.3450440668932236,1.020796298980713,146.0,f1,0.3473988232744107
Actor,sage,Raw features -> UMAP -> Delaunay,12367,0.3677631578947368,0.3464386686123467,0.3657894736842105,0.3494927794209516,0.9888171553611756,150.0,f1,0.3464386686123467
Actor,sage,Raw features -> UMAP -> Delaunay,12368,0.3644736842105263,0.3448138420220211,0.3888157894736842,0.3596109816505187,1.2847048044204712,75.0,f1,0.3448138420220211
Actor,sage,Raw features -> UMAP -> Delaunay,12369,0.3664473684210526,0.3459850299662603,0.3625,0.3407386573722731,1.0433170795440674,138.0,f1,0.3459850299662603
Actor,sage,Raw features -> UMAP -> Delaunay,12370,0.3671052631578947,0.3357396915713414,0.3605263157894737,0.3353295202743046,1.2336357831954956,89.0,f1,0.3357396915713414
Actor,sage,Raw features -> UMAP -> Delaunay,12371,0.3671052631578947,0.344990781438704,0.3447368421052632,0.3291046511689081,0.7831118106842041,210.0,f1,0.344990781438704
Actor,sage,Raw features -> UMAP -> Delaunay,12372,0.3598684210526315,0.3350240945366493,0.3578947368421052,0.3373735712839451,1.043427586555481,137.0,f1,0.3350240945366493
Actor,sage,Raw features -> UMAP -> Delaunay,12373,0.3736842105263158,0.343894828391157,0.3934210526315789,0.3599013259800248,1.273243427276611,83.0,f1,0.343894828391157
Actor,sage,Raw features -> UMAP -> Delaunay,12374,0.3605263157894737,0.3390094501072072,0.3710526315789473,0.3486387296586509,0.9778783917427064,156.0,f1,0.3390094501072072
Actor,sage,Raw features -> UMAP -> Delaunay,12375,0.3875,0.3616375301178284,0.3381578947368421,0.3195224644441031,1.1583549976348877,109.0,f1,0.3616375301178284
Actor,sage,Raw features -> UMAP -> Delaunay,12376,0.3881578947368421,0.3685690112509091,0.3493421052631579,0.3285726150898028,1.103533387184143,124.0,f1,0.3685690112509091
Actor,sage,Raw features -> UMAP -> Delaunay,12377,0.3822368421052631,0.3486159350924978,0.3769736842105263,0.3493072865458397,1.2938742637634275,74.0,f1,0.3486159350924978
Actor,sage,Raw features -> UMAP -> Delaunay,12378,0.3671052631578947,0.3469125310582004,0.356578947368421,0.3254037067205194,1.0408223867416382,139.0,f1,0.3469125310582004
Actor,sage,Raw features -> UMAP -> Delaunay,12379,0.356578947368421,0.3455436366183215,0.3190789473684211,0.3008121659424569,0.4864974319934845,348.0,f1,0.3455436366183215
Actor,sage,Raw features -> UMAP -> Delaunay,12380,0.3552631578947368,0.3420088806522011,0.3381578947368421,0.3187697370192891,0.5186394453048706,345.0,f1,0.3420088806522011
Actor,sage,Raw features -> UMAP -> Delaunay,12381,0.3828947368421053,0.3565288809750389,0.3427631578947368,0.3066172864126485,1.3026812076568604,68.0,f1,0.3565288809750389
Actor,sage,Raw features -> UMAP -> Delaunay,12382,0.3730263157894737,0.355530349549006,0.3598684210526315,0.3420212471692573,1.1457314491271973,116.0,f1,0.355530349549006
Actor,sage,Raw features -> UMAP -> Delaunay,12383,0.3802631578947368,0.3664608784487968,0.3717105263157895,0.3504135000262057,1.0562657117843628,133.0,f1,0.3664608784487968
Actor,sage,Raw features -> UMAP -> Delaunay,12384,0.3717105263157895,0.3475063300446883,0.3677631578947368,0.3471114332293442,1.0821112394332886,131.0,f1,0.3475063300446883
Actor,sage,Raw features -> UMAP -> Delaunay,12385,0.369078947368421,0.3555802786782465,0.3453947368421052,0.3265074465922507,0.8289061188697815,191.0,f1,0.3555802786782465
Actor,sage,Raw features -> UMAP -> Delaunay,12386,0.3638157894736842,0.3415119944530231,0.3802631578947368,0.3514808558610601,1.1434402465820312,115.0,f1,0.3415119944530231
Actor,sage,Raw features -> UMAP -> Delaunay,12387,0.3625,0.3418035227615854,0.3677631578947368,0.3544484683953655,1.0304863452911377,140.0,f1,0.3418035227615854
Actor,sage,Raw features -> UMAP -> Delaunay,12388,0.3822368421052631,0.3583740559205582,0.3407894736842105,0.3193763484901907,0.9264086484909058,165.0,f1,0.3583740559205582
Actor,sage,Raw features -> UMAP -> Delaunay,12389,0.3861842105263158,0.356690498974369,0.3585526315789473,0.3302934788581068,1.3223193883895874,62.0,f1,0.356690498974369
Actor,sage,Raw features -> UMAP -> Delaunay,12390,0.3677631578947368,0.3478973800841339,0.35,0.3327527151074263,0.9911973476409912,149.0,f1,0.3478973800841339
Actor,sage,Raw features -> UMAP -> Delaunay,12391,0.3657894736842105,0.336246210685106,0.3828947368421053,0.3564080491838717,1.2175432443618774,96.0,f1,0.336246210685106
Actor,sage,Raw features -> UMAP -> Delaunay,12392,0.3644736842105263,0.3422408281717045,0.3756578947368421,0.3534841486181441,1.2216413021087646,93.0,f1,0.3422408281717045
Actor,sage,Raw features -> UMAP -> Delaunay,12393,0.3782894736842105,0.3459981498830138,0.3697368421052631,0.3441354272695008,1.3150849342346191,65.0,f1,0.3459981498830138
Actor,sage,Raw features -> UMAP -> Delaunay,12394,0.3651315789473684,0.3471269409241729,0.356578947368421,0.3323822137024358,1.2365506887435913,89.0,f1,0.3471269409241729
Actor,sage,Raw features -> UMAP -> Delaunay,12395,0.3828947368421053,0.3652012281722146,0.3414473684210526,0.319546094785452,1.0121691226959229,146.0,f1,0.3652012281722146
Actor,sage,Raw features -> UMAP -> Delaunay,12396,0.3828947368421053,0.3578559322522067,0.3651315789473684,0.3346007175432516,1.2178184986114502,97.0,f1,0.3578559322522067
Actor,sage,Raw features -> UMAP -> Delaunay,12397,0.3697368421052631,0.3441695466404276,0.3625,0.3395145270193027,1.0844447612762451,128.0,f1,0.3441695466404276
Actor,sage,Raw features -> UMAP -> Delaunay,12398,0.3644736842105263,0.3481832152111419,0.3460526315789474,0.3273191454749639,0.840732991695404,193.0,f1,0.3481832152111419
Actor,sage,Raw features -> UMAP -> Delaunay,12399,0.3769736842105263,0.3452336247134174,0.3598684210526315,0.3423039580949202,1.1830068826675415,100.0,f1,0.3452336247134174
Actor,sage,Raw features -> UMAP -> Delaunay,12400,0.3776315789473684,0.3578206564893481,0.3578947368421052,0.3343877185549926,1.1672022342681885,108.0,f1,0.3578206564893481
Actor,sage,Raw features -> UMAP -> Delaunay,12401,0.3743421052631579,0.3571097078300419,0.3526315789473684,0.3356148453653,1.036609768867493,139.0,f1,0.3571097078300419
Actor,sage,Raw features -> UMAP -> Delaunay,12402,0.3671052631578947,0.3410570420444349,0.3631578947368421,0.3448780171210001,1.086688756942749,128.0,f1,0.3410570420444349
Actor,sage,Raw features -> UMAP -> Delaunay,12403,0.3927631578947368,0.3601890797368836,0.3796052631578947,0.3495620517099428,1.2952452898025513,76.0,f1,0.3601890797368836
Actor,sage,Raw features -> UMAP -> Delaunay,12404,0.3769736842105263,0.3549142110925607,0.3434210526315789,0.3246019486409645,0.8409525752067566,186.0,f1,0.3549142110925607
Actor,sage,Raw features -> UMAP -> Delaunay,12405,0.3559210526315789,0.3399537994519471,0.3631578947368421,0.3510219655989041,0.875579833984375,183.0,f1,0.3399537994519471
Actor,sage,Raw features -> UMAP -> Delaunay,12406,0.3684210526315789,0.3400233029085494,0.3657894736842105,0.341567773994572,1.2811415195465088,77.0,f1,0.3400233029085494
Actor,sage,Raw features -> UMAP -> Delaunay,12407,0.3861842105263158,0.3527495750800103,0.3611842105263158,0.3297210759520504,1.3187247514724731,64.0,f1,0.3527495750800103
Actor,sage,Raw features -> UMAP -> Delaunay,12408,0.3677631578947368,0.3490939148097737,0.3730263157894737,0.3480326349018735,1.141783595085144,115.0,f1,0.3490939148097737
Actor,sage,Raw features -> UMAP -> Delaunay,12409,0.3710526315789473,0.348440943040358,0.356578947368421,0.3348099722739598,1.159950613975525,111.0,f1,0.348440943040358
Actor,sage,Raw features -> UMAP -> Delaunay,12410,0.3835526315789473,0.3577077489357282,0.3552631578947368,0.3315130582121706,1.2984540462493896,72.0,f1,0.3577077489357282
Actor,sage,Raw features -> UMAP -> Delaunay,12411,0.3736842105263158,0.3515420769138476,0.3625,0.3357458216649943,1.1062241792678833,123.0,f1,0.3515420769138476
Actor,sage,Raw features -> UMAP -> Delaunay,12412,0.3828947368421053,0.3588351747170879,0.3644736842105263,0.336008783067239,1.2973090410232544,72.0,f1,0.3588351747170879
Actor,sage,Raw features -> UMAP -> Delaunay,12413,0.3513157894736842,0.3248161177720323,0.3736842105263158,0.3507517236443448,1.0835530757904053,126.0,f1,0.3248161177720323
Actor,sage,Raw features -> UMAP -> Delaunay,12414,0.3605263157894737,0.3324348610879878,0.3901315789473684,0.3619004115860558,1.3271273374557495,62.0,f1,0.3324348610879878
Actor,sage,Raw features -> UMAP -> Delaunay,12415,0.3710526315789473,0.3610925665128003,0.3328947368421052,0.3180009171942907,0.7793391942977905,212.0,f1,0.3610925665128003
Actor,sage,Raw features -> UMAP -> Delaunay,12416,0.3782894736842105,0.3513144505401231,0.3756578947368421,0.3548593740311574,1.3310259580612185,59.0,f1,0.3513144505401231
Actor,sage,Raw features -> UMAP -> Delaunay,12417,0.3638157894736842,0.3334634667400958,0.3763157894736842,0.35503550100496,1.026622653007507,142.0,f1,0.3334634667400958
Actor,sage,Raw features -> UMAP -> Delaunay,12418,0.3736842105263158,0.3460258893827111,0.3743421052631579,0.3481420170818995,1.340232253074646,60.0,f1,0.3460258893827111
Actor,sage,Raw features -> UMAP -> Delaunay,12419,0.3736842105263158,0.3542396290939892,0.3736842105263158,0.3524288097932739,1.2648299932479858,84.0,f1,0.3542396290939892
Actor,sage,Raw features -> UMAP -> Delaunay,12420,0.3953947368421052,0.3693560192425061,0.3657894736842105,0.3376127353993116,1.1596829891204834,112.0,f1,0.3693560192425061
Actor,sage,Raw features -> UMAP -> Delaunay,12421,0.375,0.350228855609372,0.3605263157894737,0.3382411964047133,1.1591272354125977,109.0,f1,0.350228855609372
Actor,sage,Raw features -> UMAP -> Delaunay,12422,0.3697368421052631,0.3421255646540254,0.3664473684210526,0.3320470200297834,1.3291144371032717,62.0,f1,0.3421255646540254
Actor,sage,Raw features -> UMAP -> Delaunay,12423,0.3809210526315789,0.3462985308453573,0.3776315789473684,0.3412862935737474,1.346895694732666,56.0,f1,0.3462985308453573
Actor,sage,Raw features -> UMAP -> Delaunay,12424,0.3848684210526316,0.3623508473876341,0.3342105263157894,0.3128980521330899,1.1810321807861328,106.0,f1,0.3623508473876341
Actor,sage,Raw features -> UMAP -> Delaunay,12425,0.3546052631578947,0.3352360996203712,0.3434210526315789,0.3198228795293497,1.0430012941360474,136.0,f1,0.3352360996203712
Actor,sage,Raw features -> UMAP -> Delaunay,12426,0.3901315789473684,0.3649681944765331,0.3802631578947368,0.3510577256166238,1.2701964378356934,81.0,f1,0.3649681944765331
Actor,sage,Raw features -> UMAP -> Delaunay,12427,0.3828947368421053,0.358496051600614,0.3644736842105263,0.3300113338208577,1.3461641073226929,55.0,f1,0.358496051600614
Actor,sage,Raw features -> UMAP -> Delaunay,12428,0.3947368421052631,0.3721103532553078,0.369078947368421,0.343726873106185,1.3342862129211426,62.0,f1,0.3721103532553078
Actor,sage,Raw features -> UMAP -> Delaunay,12429,0.3605263157894737,0.3376107792906547,0.3453947368421052,0.3186336725485037,0.8973429799079895,176.0,f1,0.3376107792906547
Actor,sage,Raw features -> UMAP -> Delaunay,12430,0.3611842105263158,0.3343886214574136,0.3592105263157895,0.3384247308847279,1.0657658576965332,132.0,f1,0.3343886214574136
Actor,sage,Raw features -> UMAP -> Delaunay,12431,0.3717105263157895,0.3464493902095735,0.3638157894736842,0.3352563025226333,1.1403319835662842,114.0,f1,0.3464493902095735
Actor,sage,Raw features -> UMAP -> Delaunay,12432,0.3822368421052631,0.3456002337382126,0.3664473684210526,0.3430964618785296,1.2463910579681396,85.0,f1,0.3456002337382126
Actor,sage,Raw features -> UMAP -> Delaunay,12433,0.3894736842105263,0.3618235909397781,0.3638157894736842,0.33062361153746,1.2578246593475342,85.0,f1,0.3618235909397781
Actor,sage,Raw features -> UMAP -> Delaunay,12434,0.394078947368421,0.3698576089333712,0.3546052631578947,0.3183947427520061,1.3033359050750732,70.0,f1,0.3698576089333712
Actor,sage,Raw features -> UMAP -> Delaunay,12435,0.4026315789473684,0.3688063621298198,0.3506578947368421,0.3254902944232455,1.320574402809143,62.0,f1,0.3688063621298198
Actor,sage,Raw features -> UMAP -> Delaunay,12436,0.3664473684210526,0.3460028123208492,0.3631578947368421,0.3498371415613303,0.7174574136734009,229.0,f1,0.3460028123208492
Actor,sage,Raw features -> UMAP -> Delaunay,12437,0.3914473684210526,0.3645655999490962,0.3809210526315789,0.3521325232878333,1.3511767387390137,55.0,f1,0.3645655999490962
Actor,sage,Raw features -> UMAP -> Delaunay,12438,0.3697368421052631,0.3507602340384973,0.3611842105263158,0.3396307614744934,0.9837409853935242,155.0,f1,0.3507602340384973
Actor,sage,Raw features -> UMAP -> Delaunay,12439,0.3611842105263158,0.339641796320017,0.3684210526315789,0.3450784218953398,1.037741780281067,138.0,f1,0.339641796320017
Actor,sage,Raw features -> UMAP -> Delaunay,12440,0.3868421052631579,0.368389061076657,0.3539473684210526,0.3323887480373267,0.8543218374252319,192.0,f1,0.368389061076657
Actor,sage,Raw features -> UMAP -> Delaunay,12441,0.3809210526315789,0.3607568581980601,0.3769736842105263,0.3516452864150927,1.0362228155136108,142.0,f1,0.3607568581980601
Actor,sage,Raw features -> UMAP -> Delaunay,12442,0.3763157894736842,0.3507315642981231,0.3585526315789473,0.3282017589022865,1.253686547279358,86.0,f1,0.3507315642981231
Actor,sage,Raw features -> UMAP -> Delaunay,12443,0.356578947368421,0.3291747094846721,0.3644736842105263,0.3436133579196541,0.9632214903831482,159.0,f1,0.3291747094846721
Actor,sage,Raw features -> UMAP -> Delaunay,12444,0.3664473684210526,0.3433623426632184,0.3677631578947368,0.3351336194076344,1.1284401416778564,119.0,f1,0.3433623426632184
Actor,gat,Raw features -> UMAP -> Delaunay,12345,0.3407894736842105,0.3291732571916973,0.3197368421052631,0.3013827406878726,0.944854497909546,393.0,f1,0.3291732571916973
Actor,gat,Raw features -> UMAP -> Delaunay,12346,0.3559210526315789,0.3350057078056289,0.3276315789473684,0.3053207924953439,1.0067707300186155,346.0,f1,0.3350057078056289
Actor,gat,Raw features -> UMAP -> Delaunay,12347,0.3631578947368421,0.3344869465631855,0.3638157894736842,0.3316347799660875,1.2643600702285769,155.0,f1,0.3344869465631855
Actor,gat,Raw features -> UMAP -> Delaunay,12348,0.3572368421052631,0.3346223145299732,0.3552631578947368,0.323527744332633,1.257109761238098,152.0,f1,0.3346223145299732
Actor,gat,Raw features -> UMAP -> Delaunay,12349,0.3677631578947368,0.3429833288191403,0.3526315789473684,0.3196854394159551,1.2953776121139526,110.0,f1,0.3429833288191403
Actor,gat,Raw features -> UMAP -> Delaunay,12350,0.3743421052631579,0.344090995581757,0.3631578947368421,0.3434782844506625,1.243133306503296,167.0,f1,0.344090995581757
Actor,gat,Raw features -> UMAP -> Delaunay,12351,0.3519736842105263,0.3316130002217323,0.3539473684210526,0.3350823693148174,1.200685739517212,205.0,f1,0.3316130002217323
Actor,gat,Raw features -> UMAP -> Delaunay,12352,0.3671052631578947,0.3347869007149464,0.3552631578947368,0.3252981175566533,1.2590863704681396,153.0,f1,0.3347869007149464
Actor,gat,Raw features -> UMAP -> Delaunay,12353,0.3835526315789473,0.3448678447593235,0.369078947368421,0.3296092423838673,1.3222559690475464,103.0,f1,0.3448678447593235
Actor,gat,Raw features -> UMAP -> Delaunay,12354,0.3355263157894737,0.3194930516841466,0.3434210526315789,0.3199427409843072,1.0859920978546145,280.0,f1,0.3194930516841466
Actor,gat,Raw features -> UMAP -> Delaunay,12355,0.3552631578947368,0.3282780602529819,0.3282894736842105,0.3072526091141408,1.1494578123092651,241.0,f1,0.3282780602529819
Actor,gat,Raw features -> UMAP -> Delaunay,12356,0.3651315789473684,0.346027819626047,0.3375,0.3117361832675334,1.190890192985535,207.0,f1,0.346027819626047
Actor,gat,Raw features -> UMAP -> Delaunay,12357,0.3848684210526316,0.3591152209119513,0.3434210526315789,0.320511205384047,1.2233198881149292,177.0,f1,0.3591152209119513
Actor,gat,Raw features -> UMAP -> Delaunay,12358,0.3618421052631579,0.3401712035038996,0.3677631578947368,0.3497508705049509,1.1897636651992798,223.0,f1,0.3401712035038996
Actor,gat,Raw features -> UMAP -> Delaunay,12359,0.3506578947368421,0.3242848863220327,0.3585526315789473,0.3302098641807532,1.2693954706192017,142.0,f1,0.3242848863220327
Actor,gat,Raw features -> UMAP -> Delaunay,12360,0.3756578947368421,0.3435141014891251,0.356578947368421,0.32314501196001,1.2965924739837646,116.0,f1,0.3435141014891251
Actor,gat,Raw features -> UMAP -> Delaunay,12361,0.3552631578947368,0.3338569601017002,0.3526315789473684,0.3244914529827184,1.2302987575531006,171.0,f1,0.3338569601017002
Actor,gat,Raw features -> UMAP -> Delaunay,12362,0.3513157894736842,0.326540225644174,0.3519736842105263,0.3305288679414384,1.119132161140442,264.0,f1,0.326540225644174
Actor,gat,Raw features -> UMAP -> Delaunay,12363,0.3592105263157895,0.3284294163754023,0.3539473684210526,0.3157990425301098,1.269321322441101,147.0,f1,0.3284294163754023
Actor,gat,Raw features -> UMAP -> Delaunay,12364,0.3723684210526315,0.3328679195458777,0.375,0.353672881952327,1.309544563293457,107.0,f1,0.3328679195458777
Actor,gat,Raw features -> UMAP -> Delaunay,12365,0.3598684210526315,0.3270937621268689,0.3736842105263158,0.3406856492950741,1.3246515989303589,96.0,f1,0.3270937621268689
Actor,gat,Raw features -> UMAP -> Delaunay,12366,0.3434210526315789,0.321415337549248,0.3578947368421052,0.3388270362941653,1.088523507118225,290.0,f1,0.321415337549248
Actor,gat,Raw features -> UMAP -> Delaunay,12367,0.3546052631578947,0.3315128681769873,0.3506578947368421,0.3359849949889456,1.1008390188217163,279.0,f1,0.3315128681769873
Actor,gat,Raw features -> UMAP -> Delaunay,12368,0.3618421052631579,0.3287860561528842,0.3828947368421053,0.3431958104459648,1.3363887071609497,88.0,f1,0.3287860561528842
Actor,gat,Raw features -> UMAP -> Delaunay,12369,0.3605263157894737,0.3361338370312683,0.3480263157894737,0.3217565370567157,1.2075974941253662,191.0,f1,0.3361338370312683
Actor,gat,Raw features -> UMAP -> Delaunay,12370,0.3657894736842105,0.3389269881006793,0.3605263157894737,0.3353716272861076,1.2253453731536863,179.0,f1,0.3389269881006793
Actor,gat,Raw features -> UMAP -> Delaunay,12371,0.3598684210526315,0.3318167047814682,0.3559210526315789,0.3278250998289818,1.2264461517333984,179.0,f1,0.3318167047814682
Actor,gat,Raw features -> UMAP -> Delaunay,12372,0.3585526315789473,0.3257725132867415,0.3559210526315789,0.3310335954072292,1.295503854751587,114.0,f1,0.3257725132867415
Actor,gat,Raw features -> UMAP -> Delaunay,12373,0.3631578947368421,0.3318073150396355,0.3763157894736842,0.3433708942960156,1.2929918766021729,127.0,f1,0.3318073150396355
Actor,gat,Raw features -> UMAP -> Delaunay,12374,0.3401315789473684,0.3202241072674102,0.3572368421052631,0.3379569678898558,1.1195175647735596,258.0,f1,0.3202241072674102
Actor,gat,Raw features -> UMAP -> Delaunay,12375,0.375,0.3461121659563321,0.3427631578947368,0.3155796407012124,1.252253532409668,151.0,f1,0.3461121659563321
Actor,gat,Raw features -> UMAP -> Delaunay,12376,0.3736842105263158,0.3529960437004066,0.3480263157894737,0.3227463087629111,1.2202895879745483,184.0,f1,0.3529960437004066
Actor,gat,Raw features -> UMAP -> Delaunay,12377,0.3730263157894737,0.3415430250902189,0.3605263157894737,0.3292955522959285,1.2984997034072876,115.0,f1,0.3415430250902189
Actor,gat,Raw features -> UMAP -> Delaunay,12378,0.356578947368421,0.3333092898472315,0.3453947368421052,0.3172118244613293,1.163534164428711,241.0,f1,0.3333092898472315
Actor,gat,Raw features -> UMAP -> Delaunay,12379,0.3664473684210526,0.33839983694701,0.3506578947368421,0.3218174506981567,1.1776624917984009,210.0,f1,0.33839983694701
Actor,gat,Raw features -> UMAP -> Delaunay,12380,0.3638157894736842,0.3408611890812517,0.3552631578947368,0.3274550810585525,1.1072041988372805,283.0,f1,0.3408611890812517
Actor,gat,Raw features -> UMAP -> Delaunay,12381,0.3657894736842105,0.3377253861260186,0.3407894736842105,0.3077491027218912,1.2684816122055054,141.0,f1,0.3377253861260186
Actor,gat,Raw features -> UMAP -> Delaunay,12382,0.3611842105263158,0.3430184165805574,0.3546052631578947,0.3341882491975125,1.2206517457962036,187.0,f1,0.3430184165805574
Actor,gat,Raw features -> UMAP -> Delaunay,12383,0.3625,0.3472807297172106,0.3513157894736842,0.3283394691155958,1.1326249837875366,267.0,f1,0.3472807297172106
Actor,gat,Raw features -> UMAP -> Delaunay,12384,0.3671052631578947,0.3368620777254947,0.369078947368421,0.3473823062194921,1.2853692770004272,132.0,f1,0.3368620777254947
Actor,gat,Raw features -> UMAP -> Delaunay,12385,0.3493421052631579,0.3387915390261402,0.3197368421052631,0.3035070041102783,0.9552727937698364,398.0,f1,0.3387915390261402
Actor,gat,Raw features -> UMAP -> Delaunay,12386,0.3585526315789473,0.3391772541542379,0.356578947368421,0.3343777360783003,1.1226015090942385,268.0,f1,0.3391772541542379
Actor,gat,Raw features -> UMAP -> Delaunay,12387,0.3434210526315789,0.3274268645227695,0.3486842105263157,0.3394543793865825,1.051217555999756,308.0,f1,0.3274268645227695
Actor,gat,Raw features -> UMAP -> Delaunay,12388,0.3651315789473684,0.3398884362716384,0.3302631578947368,0.314425327030154,1.1541942358016968,237.0,f1,0.3398884362716384
Actor,gat,Raw features -> UMAP -> Delaunay,12389,0.3605263157894737,0.3323290294122819,0.3506578947368421,0.3236239627353454,1.2139382362365725,199.0,f1,0.3323290294122819
Actor,gat,Raw features -> UMAP -> Delaunay,12390,0.3559210526315789,0.3298079273270015,0.3552631578947368,0.3254236340948938,1.2714718580245972,132.0,f1,0.3298079273270015
Actor,gat,Raw features -> UMAP -> Delaunay,12391,0.3618421052631579,0.3358339900768342,0.3572368421052631,0.334824285000077,1.044283747673035,330.0,f1,0.3358339900768342
Actor,gat,Raw features -> UMAP -> Delaunay,12392,0.3625,0.3394764909673823,0.369078947368421,0.3448335049248673,1.2792227268218994,141.0,f1,0.3394764909673823
Actor,gat,Raw features -> UMAP -> Delaunay,12393,0.3625,0.3330973699173406,0.3493421052631579,0.3259574650144021,1.237650752067566,165.0,f1,0.3330973699173406
Actor,gat,Raw features -> UMAP -> Delaunay,12394,0.3486842105263157,0.3272790325155419,0.3467105263157894,0.3169811640749866,1.2750405073165894,130.0,f1,0.3272790325155419
Actor,gat,Raw features -> UMAP -> Delaunay,12395,0.3651315789473684,0.3438585875224044,0.3434210526315789,0.3152056039170012,1.1764105558395386,228.0,f1,0.3438585875224044
Actor,gat,Raw features -> UMAP -> Delaunay,12396,0.3730263157894737,0.3408353010240756,0.3611842105263158,0.3310427703239751,1.2872437238693235,128.0,f1,0.3408353010240756
Actor,gat,Raw features -> UMAP -> Delaunay,12397,0.3526315789473684,0.3258979097174691,0.3506578947368421,0.3273741211837999,1.1892704963684082,208.0,f1,0.3258979097174691
Actor,gat,Raw features -> UMAP -> Delaunay,12398,0.3677631578947368,0.3496821835663929,0.3480263157894737,0.33004004221118,1.0991944074630735,272.0,f1,0.3496821835663929
Actor,gat,Raw features -> UMAP -> Delaunay,12399,0.3743421052631579,0.335871710221977,0.3513157894736842,0.3276018360409166,1.2923452854156494,116.0,f1,0.335871710221977
Actor,gat,Raw features -> UMAP -> Delaunay,12400,0.3664473684210526,0.3511541048559007,0.3585526315789473,0.339372165748485,1.2122366428375244,186.0,f1,0.3511541048559007
Actor,gat,Raw features -> UMAP -> Delaunay,12401,0.3684210526315789,0.346979916306315,0.3289473684210526,0.3067637489951337,1.27917742729187,130.0,f1,0.346979916306315
Actor,gat,Raw features -> UMAP -> Delaunay,12402,0.3651315789473684,0.335163826381943,0.3592105263157895,0.3299770559678666,1.3018794059753418,113.0,f1,0.335163826381943
Actor,gat,Raw features -> UMAP -> Delaunay,12403,0.3743421052631579,0.3435013563089245,0.3730263157894737,0.3418169156508965,1.3213002681732178,105.0,f1,0.3435013563089245
Actor,gat,Raw features -> UMAP -> Delaunay,12404,0.3809210526315789,0.3438211393314246,0.3467105263157894,0.3201159265561341,1.2626090049743652,148.0,f1,0.3438211393314246
Actor,gat,Raw features -> UMAP -> Delaunay,12405,0.3236842105263158,0.3078303769733791,0.3519736842105263,0.3406572600971703,1.094173789024353,287.0,f1,0.3078303769733791
Actor,gat,Raw features -> UMAP -> Delaunay,12406,0.3651315789473684,0.3368341759656445,0.3651315789473684,0.3438995406756772,1.310278058052063,107.0,f1,0.3368341759656445
Actor,gat,Raw features -> UMAP -> Delaunay,12407,0.3473684210526316,0.329720871619365,0.3467105263157894,0.3268532224071445,1.0776859521865845,305.0,f1,0.329720871619365
Actor,gat,Raw features -> UMAP -> Delaunay,12408,0.3677631578947368,0.3460587384645454,0.3486842105263157,0.3202129949587207,1.2669373750686646,141.0,f1,0.3460587384645454
Actor,gat,Raw features -> UMAP -> Delaunay,12409,0.3519736842105263,0.3287525903781462,0.3473684210526316,0.3279093383720293,1.1648961305618286,228.0,f1,0.3287525903781462
Actor,gat,Raw features -> UMAP -> Delaunay,12410,0.3644736842105263,0.3454190851134174,0.3203947368421053,0.3065482615667375,1.1931525468826294,201.0,f1,0.3454190851134174
Actor,gat,Raw features -> UMAP -> Delaunay,12411,0.3723684210526315,0.3461128046221763,0.3434210526315789,0.3146310803535168,1.2699568271636963,136.0,f1,0.3461128046221763
Actor,gat,Raw features -> UMAP -> Delaunay,12412,0.3651315789473684,0.3401797032221547,0.3572368421052631,0.319315582098102,1.326699137687683,96.0,f1,0.3401797032221547
Actor,gat,Raw features -> UMAP -> Delaunay,12413,0.3282894736842105,0.3074633544823042,0.3723684210526315,0.339733901166996,1.1456267833709717,245.0,f1,0.3074633544823042
Actor,gat,Raw features -> UMAP -> Delaunay,12414,0.3434210526315789,0.3175776155056057,0.3519736842105263,0.3284269647145619,1.1691244840621948,251.0,f1,0.3175776155056057
Actor,gat,Raw features -> UMAP -> Delaunay,12415,0.3776315789473684,0.3580117236727261,0.3401315789473684,0.3076590897043972,1.2593854665756226,146.0,f1,0.3580117236727261
Actor,gat,Raw features -> UMAP -> Delaunay,12416,0.3605263157894737,0.3374535529615926,0.3467105263157894,0.3272406075758577,1.1581393480300903,240.0,f1,0.3374535529615926
Actor,gat,Raw features -> UMAP -> Delaunay,12417,0.3552631578947368,0.3259420404394191,0.3677631578947368,0.3423917905274943,1.1778303384780884,234.0,f1,0.3259420404394191
Actor,gat,Raw features -> UMAP -> Delaunay,12418,0.3453947368421052,0.3303503865223202,0.3526315789473684,0.3370545833827514,1.0641558170318604,311.0,f1,0.3303503865223202
Actor,gat,Raw features -> UMAP -> Delaunay,12419,0.3657894736842105,0.3495276599819704,0.35,0.3311850751841638,1.1667338609695437,226.0,f1,0.3495276599819704
Actor,gat,Raw features -> UMAP -> Delaunay,12420,0.3743421052631579,0.3479453405874174,0.3559210526315789,0.3254447488250696,1.2937442064285278,120.0,f1,0.3479453405874174
Actor,gat,Raw features -> UMAP -> Delaunay,12421,0.3671052631578947,0.3426225080426213,0.3368421052631579,0.3140971154507159,1.152421236038208,253.0,f1,0.3426225080426213
Actor,gat,Raw features -> UMAP -> Delaunay,12422,0.3598684210526315,0.3299413973023932,0.3664473684210526,0.3268348796123723,1.2615772485733032,157.0,f1,0.3299413973023932
Actor,gat,Raw features -> UMAP -> Delaunay,12423,0.3631578947368421,0.336366344400862,0.3572368421052631,0.3293367996457303,1.1310569047927856,258.0,f1,0.336366344400862
Actor,gat,Raw features -> UMAP -> Delaunay,12424,0.3743421052631579,0.3437154441387715,0.3453947368421052,0.3180917862237759,1.2870513200759888,127.0,f1,0.3437154441387715
Actor,gat,Raw features -> UMAP -> Delaunay,12425,0.3361842105263158,0.3232610931523573,0.3414473684210526,0.3260241600876097,1.0270686149597168,344.0,f1,0.3232610931523573
Actor,gat,Raw features -> UMAP -> Delaunay,12426,0.3644736842105263,0.3496304805306202,0.3710526315789473,0.3450595028325322,1.220098853111267,195.0,f1,0.3496304805306202
Actor,gat,Raw features -> UMAP -> Delaunay,12427,0.3671052631578947,0.3538861509024855,0.3098684210526315,0.2903441097790888,0.9623627066612244,372.0,f1,0.3538861509024855
Actor,gat,Raw features -> UMAP -> Delaunay,12428,0.3697368421052631,0.3451680954986609,0.3743421052631579,0.3404542069683374,1.310917854309082,114.0,f1,0.3451680954986609
Actor,gat,Raw features -> UMAP -> Delaunay,12429,0.3532894736842105,0.3242876695719219,0.3421052631578947,0.3206174107474255,1.1330431699752808,244.0,f1,0.3242876695719219
Actor,gat,Raw features -> UMAP -> Delaunay,12430,0.3532894736842105,0.3330957863639818,0.3407894736842105,0.3199573760829547,1.0984289646148682,265.0,f1,0.3330957863639818
Actor,gat,Raw features -> UMAP -> Delaunay,12431,0.3717105263157895,0.3411077190542654,0.3546052631578947,0.3205057268196348,1.2862040996551514,121.0,f1,0.3411077190542654
Actor,gat,Raw features -> UMAP -> Delaunay,12432,0.3578947368421052,0.320692003031888,0.356578947368421,0.3322578946108357,1.3040409088134766,110.0,f1,0.320692003031888
Actor,gat,Raw features -> UMAP -> Delaunay,12433,0.3657894736842105,0.3321510107342805,0.3552631578947368,0.3192438390733887,1.2703094482421875,146.0,f1,0.3321510107342805
Actor,gat,Raw features -> UMAP -> Delaunay,12434,0.3782894736842105,0.3487315783663159,0.3572368421052631,0.3207205785226895,1.3262306451797483,100.0,f1,0.3487315783663159
Actor,gat,Raw features -> UMAP -> Delaunay,12435,0.3848684210526316,0.3577963901975282,0.3460526315789474,0.3168299436704734,1.2670494318008425,146.0,f1,0.3577963901975282
Actor,gat,Raw features -> UMAP -> Delaunay,12436,0.3809210526315789,0.3460734070577919,0.3815789473684211,0.3589435284209,1.2956963777542114,126.0,f1,0.3460734070577919
Actor,gat,Raw features -> UMAP -> Delaunay,12437,0.3723684210526315,0.33912563561655,0.3664473684210526,0.3361127607085284,1.296680569648743,122.0,f1,0.33912563561655
Actor,gat,Raw features -> UMAP -> Delaunay,12438,0.3651315789473684,0.3371461526013189,0.3572368421052631,0.3224551930508032,1.3031654357910156,107.0,f1,0.3371461526013189
Actor,gat,Raw features -> UMAP -> Delaunay,12439,0.3427631578947368,0.3241454795430645,0.3401315789473684,0.3240754529691967,0.9407218098640442,379.0,f1,0.3241454795430645
Actor,gat,Raw features -> UMAP -> Delaunay,12440,0.3796052631578947,0.3549770140989415,0.3480263157894737,0.3170932168994056,1.1867817640304563,212.0,f1,0.3549770140989415
Actor,gat,Raw features -> UMAP -> Delaunay,12441,0.3539473684210526,0.3363476705250706,0.3296052631578947,0.3028388419936815,1.1298496723175049,247.0,f1,0.3363476705250706
Actor,gat,Raw features -> UMAP -> Delaunay,12442,0.3717105263157895,0.3386801290044285,0.35,0.3225332367986329,1.3311529159545898,95.0,f1,0.3386801290044285
Actor,gat,Raw features -> UMAP -> Delaunay,12443,0.3631578947368421,0.3295709619157833,0.3592105263157895,0.3324615080060568,1.23980712890625,170.0,f1,0.3295709619157833
Actor,gat,Raw features -> UMAP -> Delaunay,12444,0.3532894736842105,0.3287377890817061,0.3671052631578947,0.3369965434423326,1.2040547132492063,196.0,f1,0.3287377890817061
Airports-USA,gcn,Raw features -> UMAP -> Delaunay,12345,0.2689075630252101,0.269015036837871,0.2521008403361344,0.2520016131521119,0.6171137094497681,159.0,f1,0.269015036837871
Airports-USA,gcn,Raw features -> UMAP -> Delaunay,12346,0.2731092436974789,0.2728434042487369,0.2647058823529412,0.2639257373781835,0.5186507701873779,203.0,f1,0.2728434042487369
Airports-USA,gcn,Raw features -> UMAP -> Delaunay,12347,0.2815126050420168,0.2805915563586688,0.2394957983193277,0.2379283750251491,0.5959639549255371,180.0,f1,0.2805915563586688
Airports-USA,gcn,Raw features -> UMAP -> Delaunay,12348,0.2647058823529412,0.2631313526035654,0.2394957983193277,0.2380837581762216,0.5467855334281921,183.0,f1,0.2631313526035654
Airports-USA,gcn,Raw features -> UMAP -> Delaunay,12349,0.2521008403361344,0.253299892478997,0.2394957983193277,0.2383489391963968,0.658187210559845,128.0,f1,0.253299892478997
Airports-USA,gcn,Raw features -> UMAP -> Delaunay,12350,0.315126050420168,0.316253200638437,0.2773109243697479,0.2759782696056683,0.6315673589706421,133.0,f1,0.316253200638437
Airports-USA,gcn,Raw features -> UMAP -> Delaunay,12351,0.2689075630252101,0.2688008194066227,0.2521008403361344,0.2500500078352458,0.4804426431655884,248.0,f1,0.2688008194066227
Airports-USA,gcn,Raw features -> UMAP -> Delaunay,12352,0.2815126050420168,0.2821959967430452,0.226890756302521,0.2239034371264627,0.5417283177375793,221.0,f1,0.2821959967430452
Airports-USA,gcn,Raw features -> UMAP -> Delaunay,12353,0.2773109243697479,0.2747766054362248,0.2394957983193277,0.2391397230969423,0.555969774723053,149.0,f1,0.2747766054362248
Airports-USA,gcn,Raw features -> UMAP -> Delaunay,12354,0.2899159663865546,0.288125280149077,0.2226890756302521,0.2221637751561415,0.6028428077697754,167.0,f1,0.288125280149077
Airports-USA,gcn,Raw features -> UMAP -> Delaunay,12355,0.2647058823529412,0.2641696859464635,0.3025210084033613,0.2999732731681645,0.4586752355098724,299.0,f1,0.2641696859464635
Airports-USA,gcn,Raw features -> UMAP -> Delaunay,12356,0.3319327731092437,0.3279559548643518,0.2478991596638655,0.2489768669195367,0.5102177262306213,207.0,f1,0.3279559548643518
Airports-USA,gcn,Raw features -> UMAP -> Delaunay,12357,0.3025210084033613,0.3007968706742748,0.2689075630252101,0.2675029645054699,0.7522261738777161,97.0,f1,0.3007968706742748
Airports-USA,gcn,Raw features -> UMAP -> Delaunay,12358,0.2899159663865546,0.2885509375997844,0.2563025210084033,0.2512741393254374,0.6894137859344482,79.0,f1,0.2885509375997844
Airports-USA,gcn,Raw features -> UMAP -> Delaunay,12359,0.3193277310924369,0.3195133919319979,0.2689075630252101,0.2698639951670105,0.6036569476127625,146.0,f1,0.3195133919319979
Airports-USA,gcn,Raw features -> UMAP -> Delaunay,12360,0.2731092436974789,0.2627423151594917,0.2731092436974789,0.2698959602398044,0.727773129940033,70.0,f1,0.2627423151594917
Airports-USA,gcn,Raw features -> UMAP -> Delaunay,12361,0.2647058823529412,0.2661611299803167,0.2647058823529412,0.2644794464794465,0.6311771869659424,185.0,f1,0.2661611299803167
Airports-USA,gcn,Raw features -> UMAP -> Delaunay,12362,0.315126050420168,0.3161686938342667,0.2731092436974789,0.272013179936119,0.7547130584716797,81.0,f1,0.3161686938342667
Airports-USA,gcn,Raw features -> UMAP -> Delaunay,12363,0.2731092436974789,0.272546947380602,0.3193277310924369,0.3185091294318888,0.5282789468765259,265.0,f1,0.272546947380602
Airports-USA,gcn,Raw features -> UMAP -> Delaunay,12364,0.2857142857142857,0.2827050642797068,0.2731092436974789,0.2708950019094474,0.7443342208862305,85.0,f1,0.2827050642797068
Airports-USA,gcn,Raw features -> UMAP -> Delaunay,12365,0.3109243697478991,0.3127088900999211,0.2394957983193277,0.2383354350567465,0.5638037323951721,179.0,f1,0.3127088900999211
Airports-USA,gcn,Raw features -> UMAP -> Delaunay,12366,0.3067226890756303,0.2795981648955066,0.2773109243697479,0.2567949554250923,0.8126019835472107,56.0,f1,0.2795981648955066
Airports-USA,gcn,Raw features -> UMAP -> Delaunay,12367,0.2899159663865546,0.2891494529334087,0.1974789915966386,0.1971037524637401,0.5760312676429749,162.0,f1,0.2891494529334087
Airports-USA,gcn,Raw features -> UMAP -> Delaunay,12368,0.3235294117647059,0.3237280794363054,0.2394957983193277,0.2386141314381024,0.7335944771766663,108.0,f1,0.3237280794363054
Airports-USA,gcn,Raw features -> UMAP -> Delaunay,12369,0.2731092436974789,0.2719151512688411,0.2478991596638655,0.243198187864548,0.6393359899520874,115.0,f1,0.2719151512688411
Airports-USA,gcn,Raw features -> UMAP -> Delaunay,12370,0.2857142857142857,0.2817714886694494,0.2773109243697479,0.2767791285793314,0.5974517464637756,141.0,f1,0.2817714886694494
Airports-USA,gcn,Raw features -> UMAP -> Delaunay,12371,0.2563025210084033,0.2561610587053065,0.2352941176470588,0.2353326197366164,0.5540251135826111,188.0,f1,0.2561610587053065
Airports-USA,gcn,Raw features -> UMAP -> Delaunay,12372,0.2983193277310924,0.2974766160548401,0.2394957983193277,0.2414066667447154,0.5885511040687561,160.0,f1,0.2974766160548401
Airports-USA,gcn,Raw features -> UMAP -> Delaunay,12373,0.3361344537815126,0.33312980739777,0.2436974789915966,0.2424890829301064,0.5530807375907898,225.0,f1,0.33312980739777
Airports-USA,gcn,Raw features -> UMAP -> Delaunay,12374,0.2605042016806723,0.2609463156195504,0.2184873949579832,0.2187359358398139,0.6577351689338684,120.0,f1,0.2609463156195504
Airports-USA,gcn,Raw features -> UMAP -> Delaunay,12375,0.2773109243697479,0.2770510204507425,0.2689075630252101,0.2682231543225039,0.7298446297645569,102.0,f1,0.2770510204507425
Airports-USA,gcn,Raw features -> UMAP -> Delaunay,12376,0.2478991596638655,0.2457509998839983,0.2058823529411764,0.2037114104116222,0.6731610298156738,109.0,f1,0.2457509998839983
Airports-USA,gcn,Raw features -> UMAP -> Delaunay,12377,0.2941176470588235,0.2946883311826824,0.1932773109243697,0.1934663629894628,0.6946195960044861,99.0,f1,0.2946883311826824
Airports-USA,gcn,Raw features -> UMAP -> Delaunay,12378,0.2478991596638655,0.2459027663201892,0.226890756302521,0.2270639017029556,0.4809024035930633,202.0,f1,0.2459027663201892
Airports-USA,gcn,Raw features -> UMAP -> Delaunay,12379,0.2563025210084033,0.2561939815391846,0.2857142857142857,0.2850468010895818,0.497896134853363,281.0,f1,0.2561939815391846
Airports-USA,gcn,Raw features -> UMAP -> Delaunay,12380,0.2605042016806723,0.2607466238685169,0.2689075630252101,0.2686854767526951,0.7420569658279419,91.0,f1,0.2607466238685169
Airports-USA,gcn,Raw features -> UMAP -> Delaunay,12381,0.2394957983193277,0.2381704705690155,0.226890756302521,0.2267776866601487,0.5922369360923767,141.0,f1,0.2381704705690155
Airports-USA,gcn,Raw features -> UMAP -> Delaunay,12382,0.3193277310924369,0.3175133689839572,0.1890756302521008,0.1849067249915373,0.6513644456863403,109.0,f1,0.3175133689839572
Airports-USA,gcn,Raw features -> UMAP -> Delaunay,12383,0.2815126050420168,0.2791886757242902,0.2352941176470588,0.2264229564925851,0.8136754631996155,55.0,f1,0.2791886757242902
Airports-USA,gcn,Raw features -> UMAP -> Delaunay,12384,0.2563025210084033,0.2570885084724698,0.2689075630252101,0.2689936633414894,0.6826637387275696,96.0,f1,0.2570885084724698
Airports-USA,gcn,Raw features -> UMAP -> Delaunay,12385,0.2941176470588235,0.2940769848992615,0.2142857142857142,0.2103231296487126,0.6610469222068787,128.0,f1,0.2940769848992615
Airports-USA,gcn,Raw features -> UMAP -> Delaunay,12386,0.2605042016806723,0.2597103012924487,0.2563025210084033,0.2561542293175261,0.5572639107704163,164.0,f1,0.2597103012924487
Airports-USA,gcn,Raw features -> UMAP -> Delaunay,12387,0.2563025210084033,0.2558902963216554,0.2563025210084033,0.2544638649163636,0.7128762006759644,110.0,f1,0.2558902963216554
Airports-USA,gcn,Raw features -> UMAP -> Delaunay,12388,0.2689075630252101,0.2678802415508328,0.2394957983193277,0.2383196251952108,0.5828595757484436,198.0,f1,0.2678802415508328
Airports-USA,gcn,Raw features -> UMAP -> Delaunay,12389,0.2731092436974789,0.2733969420410098,0.2310924369747899,0.2278251501615182,0.6902008652687073,109.0,f1,0.2733969420410098
Airports-USA,gcn,Raw features -> UMAP -> Delaunay,12390,0.2478991596638655,0.2479632893292987,0.2689075630252101,0.2676271128459039,0.6074456572532654,152.0,f1,0.2479632893292987
Airports-USA,gcn,Raw features -> UMAP -> Delaunay,12391,0.2731092436974789,0.2687483275354562,0.2773109243697479,0.2751021861553469,0.742375910282135,71.0,f1,0.2687483275354562
Airports-USA,gcn,Raw features -> UMAP -> Delaunay,12392,0.2563025210084033,0.2536966315850212,0.2478991596638655,0.2441821916868234,0.6907270550727844,91.0,f1,0.2536966315850212
Airports-USA,gcn,Raw features -> UMAP -> Delaunay,12393,0.3025210084033613,0.3024517331743021,0.2605042016806723,0.258376626397264,0.6759064197540283,109.0,f1,0.3024517331743021
Airports-USA,gcn,Raw features -> UMAP -> Delaunay,12394,0.2605042016806723,0.2610305425799497,0.2436974789915966,0.2432347183954431,0.5012772679328918,231.0,f1,0.2610305425799497
Airports-USA,gcn,Raw features -> UMAP -> Delaunay,12395,0.2731092436974789,0.2723647473463244,0.2605042016806723,0.2543319733356879,0.548111081123352,189.0,f1,0.2723647473463244
Airports-USA,gcn,Raw features -> UMAP -> Delaunay,12396,0.3277310924369748,0.3272705969790369,0.2352941176470588,0.2363053039452495,0.7273793816566467,92.0,f1,0.3272705969790369
Airports-USA,gcn,Raw features -> UMAP -> Delaunay,12397,0.2941176470588235,0.2931960067491563,0.2394957983193277,0.2386266583045742,0.5241671204566956,240.0,f1,0.2931960067491563
Airports-USA,gcn,Raw features -> UMAP -> Delaunay,12398,0.2478991596638655,0.2463473003374578,0.226890756302521,0.2288726842250524,0.6574022173881531,118.0,f1,0.2463473003374578
Airports-USA,gcn,Raw features -> UMAP -> Delaunay,12399,0.2605042016806723,0.2591867167919799,0.2563025210084033,0.2525776755544197,0.6999401450157166,73.0,f1,0.2591867167919799
Airports-USA,gcn,Raw features -> UMAP -> Delaunay,12400,0.2857142857142857,0.2853816403421364,0.315126050420168,0.3155636567305198,0.6450132131576538,149.0,f1,0.2853816403421364
Airports-USA,gcn,Raw features -> UMAP -> Delaunay,12401,0.2941176470588235,0.2928670735230391,0.2436974789915966,0.2425155038759689,0.5227739214897156,264.0,f1,0.2928670735230391
Airports-USA,gcn,Raw features -> UMAP -> Delaunay,12402,0.2857142857142857,0.2848912909460797,0.226890756302521,0.2263333525841961,0.5401077270507812,273.0,f1,0.2848912909460797
Airports-USA,gcn,Raw features -> UMAP -> Delaunay,12403,0.2647058823529412,0.262149304045237,0.2605042016806723,0.2570357361998703,0.5533586740493774,208.0,f1,0.262149304045237
Airports-USA,gcn,Raw features -> UMAP -> Delaunay,12404,0.2773109243697479,0.278299290163697,0.2478991596638655,0.2476989428977593,0.7710044980049133,76.0,f1,0.278299290163697
Airports-USA,gcn,Raw features -> UMAP -> Delaunay,12405,0.2394957983193277,0.2372342117800278,0.2310924369747899,0.2297251218644832,0.589024543762207,192.0,f1,0.2372342117800278
Airports-USA,gcn,Raw features -> UMAP -> Delaunay,12406,0.2605042016806723,0.2575760979292214,0.2226890756302521,0.2184387564282374,0.7520293593406677,66.0,f1,0.2575760979292214
Airports-USA,gcn,Raw features -> UMAP -> Delaunay,12407,0.315126050420168,0.3116938306275813,0.2352941176470588,0.233720542434046,0.6672711372375488,97.0,f1,0.3116938306275813
Airports-USA,gcn,Raw features -> UMAP -> Delaunay,12408,0.2310924369747899,0.2304046403368072,0.2310924369747899,0.2299120331137678,0.6118579506874084,125.0,f1,0.2304046403368072
Airports-USA,gcn,Raw features -> UMAP -> Delaunay,12409,0.2647058823529412,0.2652443406395975,0.2478991596638655,0.246720214250702,0.4905589520931244,254.0,f1,0.2652443406395975
Airports-USA,gcn,Raw features -> UMAP -> Delaunay,12410,0.2689075630252101,0.2668301676780401,0.2394957983193277,0.2371213487559317,0.5980367660522461,162.0,f1,0.2668301676780401
Airports-USA,gcn,Raw features -> UMAP -> Delaunay,12411,0.2521008403361344,0.2511148272017837,0.2394957983193277,0.2392417880222758,0.7003982663154602,90.0,f1,0.2511148272017837
Airports-USA,gcn,Raw features -> UMAP -> Delaunay,12412,0.2689075630252101,0.2679704533795049,0.226890756302521,0.2275955831762028,0.5393779277801514,207.0,f1,0.2679704533795049
Airports-USA,gcn,Raw features -> UMAP -> Delaunay,12413,0.2857142857142857,0.2910172446892153,0.2352941176470588,0.2342149598073692,0.5867953896522522,159.0,f1,0.2910172446892153
Airports-USA,gcn,Raw features -> UMAP -> Delaunay,12414,0.2941176470588235,0.2914105528763802,0.2394957983193277,0.239784849203185,0.5117653012275696,207.0,f1,0.2914105528763802
Airports-USA,gcn,Raw features -> UMAP -> Delaunay,12415,0.2773109243697479,0.2727608703392601,0.2310924369747899,0.2318837936141318,0.6647889614105225,79.0,f1,0.2727608703392601
Airports-USA,gcn,Raw features -> UMAP -> Delaunay,12416,0.2815126050420168,0.2768179359735912,0.226890756302521,0.2258617460416991,0.7144696116447449,108.0,f1,0.2768179359735912
Airports-USA,gcn,Raw features -> UMAP -> Delaunay,12417,0.2689075630252101,0.2678981560528941,0.2436974789915966,0.2360883939015444,0.7551543116569519,69.0,f1,0.2678981560528941
Airports-USA,gcn,Raw features -> UMAP -> Delaunay,12418,0.2689075630252101,0.2571253245965154,0.2563025210084033,0.2368561636522114,0.7754636406898499,65.0,f1,0.2571253245965154
Airports-USA,gcn,Raw features -> UMAP -> Delaunay,12419,0.2815126050420168,0.280082658353147,0.2142857142857142,0.2135138920480872,0.4947476387023926,211.0,f1,0.280082658353147
Airports-USA,gcn,Raw features -> UMAP -> Delaunay,12420,0.3235294117647059,0.3193880791254555,0.3403361344537815,0.3363165890858404,0.6794548630714417,125.0,f1,0.3193880791254555
Airports-USA,gcn,Raw features -> UMAP -> Delaunay,12421,0.3025210084033613,0.3061355835240275,0.2184873949579832,0.2096119856138146,0.7628926038742065,70.0,f1,0.3061355835240275
Airports-USA,gcn,Raw features -> UMAP -> Delaunay,12422,0.2731092436974789,0.267351975098454,0.2605042016806723,0.2615728364301662,0.7574505805969238,68.0,f1,0.267351975098454
Airports-USA,gcn,Raw features -> UMAP -> Delaunay,12423,0.2731092436974789,0.2721872319897084,0.2857142857142857,0.2830871127517759,0.582865834236145,146.0,f1,0.2721872319897084
Airports-USA,gcn,Raw features -> UMAP -> Delaunay,12424,0.2983193277310924,0.2986848956913951,0.2731092436974789,0.2732058918845341,0.5604325532913208,210.0,f1,0.2986848956913951
Airports-USA,gcn,Raw features -> UMAP -> Delaunay,12425,0.2899159663865546,0.2895832482020268,0.2899159663865546,0.2902812045007341,0.6630697846412659,118.0,f1,0.2895832482020268
Airports-USA,gcn,Raw features -> UMAP -> Delaunay,12426,0.3109243697478991,0.3089578108990869,0.2647058823529412,0.2650414951551315,0.5014011263847351,267.0,f1,0.3089578108990869
Airports-USA,gcn,Raw features -> UMAP -> Delaunay,12427,0.2815126050420168,0.2822400691495358,0.2478991596638655,0.247191812911829,0.6960334777832031,115.0,f1,0.2822400691495358
Airports-USA,gcn,Raw features -> UMAP -> Delaunay,12428,0.2899159663865546,0.2905311698217876,0.2815126050420168,0.2780859530384997,0.5094574093818665,226.0,f1,0.2905311698217876
Airports-USA,gcn,Raw features -> UMAP -> Delaunay,12429,0.2605042016806723,0.260177686930103,0.2563025210084033,0.2527377139681703,0.5799818634986877,144.0,f1,0.260177686930103
Airports-USA,gcn,Raw features -> UMAP -> Delaunay,12430,0.3109243697478991,0.31058642749374,0.2605042016806723,0.2595797554331485,0.5838142037391663,193.0,f1,0.31058642749374
Airports-USA,gcn,Raw features -> UMAP -> Delaunay,12431,0.2857142857142857,0.2856376454318612,0.2605042016806723,0.2605435206869633,0.6289480924606323,162.0,f1,0.2856376454318612
Airports-USA,gcn,Raw features -> UMAP -> Delaunay,12432,0.2521008403361344,0.2554276566087589,0.226890756302521,0.2290828924034485,0.655717670917511,115.0,f1,0.2554276566087589
Airports-USA,gcn,Raw features -> UMAP -> Delaunay,12433,0.2899159663865546,0.2857074321681696,0.2647058823529412,0.2647995684760391,0.7182186245918274,85.0,f1,0.2857074321681696
Airports-USA,gcn,Raw features -> UMAP -> Delaunay,12434,0.2815126050420168,0.2816813593001422,0.2521008403361344,0.2499843858040958,0.5755403637886047,220.0,f1,0.2816813593001422
Airports-USA,gcn,Raw features -> UMAP -> Delaunay,12435,0.2773109243697479,0.2729670049345525,0.2521008403361344,0.2526842744468921,0.6122539639472961,144.0,f1,0.2729670049345525
Airports-USA,gcn,Raw features -> UMAP -> Delaunay,12436,0.2773109243697479,0.2747870543222174,0.2478991596638655,0.2471181666209781,0.6318416595458984,120.0,f1,0.2747870543222174
Airports-USA,gcn,Raw features -> UMAP -> Delaunay,12437,0.2773109243697479,0.2764523355432446,0.2815126050420168,0.2762207734222659,0.5905189514160156,190.0,f1,0.2764523355432446
Airports-USA,gcn,Raw features -> UMAP -> Delaunay,12438,0.2605042016806723,0.2567520778596328,0.2521008403361344,0.2511525884303611,0.5236425995826721,231.0,f1,0.2567520778596328
Airports-USA,gcn,Raw features -> UMAP -> Delaunay,12439,0.2436974789915966,0.2425538105305547,0.2563025210084033,0.2564440993788819,0.6239769458770752,125.0,f1,0.2425538105305547
Airports-USA,gcn,Raw features -> UMAP -> Delaunay,12440,0.3109243697478991,0.3101414438741073,0.2478991596638655,0.2427371116745351,0.5960354804992676,139.0,f1,0.3101414438741073
Airports-USA,gcn,Raw features -> UMAP -> Delaunay,12441,0.2773109243697479,0.2580015321138704,0.2563025210084033,0.2378939500943045,0.7900047898292542,63.0,f1,0.2580015321138704
Airports-USA,gcn,Raw features -> UMAP -> Delaunay,12442,0.2394957983193277,0.240183427450038,0.2352941176470588,0.2356256766661959,0.7311993837356567,91.0,f1,0.240183427450038
Airports-USA,gcn,Raw features -> UMAP -> Delaunay,12443,0.3193277310924369,0.3205008500609335,0.2436974789915966,0.2387755000842977,0.795049250125885,61.0,f1,0.3205008500609335
Airports-USA,gcn,Raw features -> UMAP -> Delaunay,12444,0.2647058823529412,0.261875539813848,0.1932773109243697,0.1901463148240365,0.6920077800750732,97.0,f1,0.261875539813848
Airports-USA,sage,Raw features -> UMAP -> Delaunay,12345,0.2689075630252101,0.2662813791712874,0.2857142857142857,0.2855784390258836,0.8377445340156555,17.0,f1,0.2662813791712874
Airports-USA,sage,Raw features -> UMAP -> Delaunay,12346,0.2773109243697479,0.2645739348370927,0.2731092436974789,0.2646458630501184,0.005426725372672,157.0,f1,0.2645739348370927
Airports-USA,sage,Raw features -> UMAP -> Delaunay,12347,0.2773109243697479,0.2544407718408309,0.2605042016806723,0.2433672895462732,0.0069404612295329,172.0,f1,0.2544407718408309
Airports-USA,sage,Raw features -> UMAP -> Delaunay,12348,0.3109243697478991,0.3061526679947732,0.2478991596638655,0.2429874197585072,0.0058535174466669,97.0,f1,0.3061526679947732
Airports-USA,sage,Raw features -> UMAP -> Delaunay,12349,0.2815126050420168,0.283044504881617,0.2436974789915966,0.2369858592970721,0.137212336063385,27.0,f1,0.283044504881617
Airports-USA,sage,Raw features -> UMAP -> Delaunay,12350,0.2983193277310924,0.291395896114496,0.3025210084033613,0.2910541987034524,0.0068809152580797,92.0,f1,0.291395896114496
Airports-USA,sage,Raw features -> UMAP -> Delaunay,12351,0.2436974789915966,0.2347892824269897,0.2100840336134453,0.1916821781279612,0.0105185322463512,81.0,f1,0.2347892824269897
Airports-USA,sage,Raw features -> UMAP -> Delaunay,12352,0.2773109243697479,0.2763924963765121,0.226890756302521,0.2250788163716814,0.3820643126964569,24.0,f1,0.2763924963765121
Airports-USA,sage,Raw features -> UMAP -> Delaunay,12353,0.315126050420168,0.3074517070979335,0.2100840336134453,0.203290670782722,0.0090343998745083,91.0,f1,0.3074517070979335
Airports-USA,sage,Raw features -> UMAP -> Delaunay,12354,0.2731092436974789,0.2693842412123499,0.2310924369747899,0.225269222412061,0.932755410671234,17.0,f1,0.2693842412123499
Airports-USA,sage,Raw features -> UMAP -> Delaunay,12355,0.3193277310924369,0.3110947948795761,0.2521008403361344,0.2411824221683376,0.0173837170004844,37.0,f1,0.3110947948795761
Airports-USA,sage,Raw features -> UMAP -> Delaunay,12356,0.3193277310924369,0.3154199742587397,0.2563025210084033,0.2567946135320172,0.9262681007385254,18.0,f1,0.3154199742587397
Airports-USA,sage,Raw features -> UMAP -> Delaunay,12357,0.3109243697478991,0.3065085178412535,0.2521008403361344,0.2465159859689887,0.0047566508874297,113.0,f1,0.3065085178412535
Airports-USA,sage,Raw features -> UMAP -> Delaunay,12358,0.2731092436974789,0.2677208975797051,0.2226890756302521,0.2161796799691536,0.0062819737941026,101.0,f1,0.2677208975797051
Airports-USA,sage,Raw features -> UMAP -> Delaunay,12359,0.3319327731092437,0.3160860417006914,0.2142857142857142,0.1909565098098472,0.0102884620428085,60.0,f1,0.3160860417006914
Airports-USA,sage,Raw features -> UMAP -> Delaunay,12360,0.2815126050420168,0.2670226279097247,0.226890756302521,0.200294718612088,1.318404197692871,11.0,f1,0.2670226279097247
Airports-USA,sage,Raw features -> UMAP -> Delaunay,12361,0.3025210084033613,0.300179860907152,0.2436974789915966,0.2401222321337596,0.0094545297324657,89.0,f1,0.300179860907152
Airports-USA,sage,Raw features -> UMAP -> Delaunay,12362,0.3025210084033613,0.2826105171153658,0.226890756302521,0.1914772727272727,0.0081141497939825,116.0,f1,0.2826105171153658
Airports-USA,sage,Raw features -> UMAP -> Delaunay,12363,0.2941176470588235,0.2873917314089121,0.2563025210084033,0.2559534034383071,0.0387338697910308,34.0,f1,0.2873917314089121
Airports-USA,sage,Raw features -> UMAP -> Delaunay,12364,0.2689075630252101,0.2501791446915845,0.2521008403361344,0.2116951031424715,0.0065083475783467,186.0,f1,0.2501791446915845
Airports-USA,sage,Raw features -> UMAP -> Delaunay,12365,0.3067226890756303,0.3043697323407844,0.2394957983193277,0.236991475164086,0.1584294736385345,32.0,f1,0.3043697323407844
Airports-USA,sage,Raw features -> UMAP -> Delaunay,12366,0.2857142857142857,0.2930940891160283,0.2310924369747899,0.229532754577658,0.0060645937919616,187.0,f1,0.2930940891160283
Airports-USA,sage,Raw features -> UMAP -> Delaunay,12367,0.3109243697478991,0.2989453357100416,0.2226890756302521,0.2174298824563518,1.0244269371032717,15.0,f1,0.2989453357100416
Airports-USA,sage,Raw features -> UMAP -> Delaunay,12368,0.3067226890756303,0.3001622756777395,0.2436974789915966,0.2323507336948197,1.3523203134536743,8.0,f1,0.3001622756777395
Airports-USA,sage,Raw features -> UMAP -> Delaunay,12369,0.2899159663865546,0.264969276010866,0.2647058823529412,0.2374658993436264,0.0090496707707643,54.0,f1,0.264969276010866
Airports-USA,sage,Raw features -> UMAP -> Delaunay,12370,0.2563025210084033,0.2490263567849774,0.226890756302521,0.2156610333731503,0.0621257126331329,42.0,f1,0.2490263567849774
Airports-USA,sage,Raw features -> UMAP -> Delaunay,12371,0.2983193277310924,0.2986304308809161,0.2394957983193277,0.2349237063246351,0.0220558978617191,39.0,f1,0.2986304308809161
Airports-USA,sage,Raw features -> UMAP -> Delaunay,12372,0.2899159663865546,0.2905740184888953,0.2352941176470588,0.2364965153745355,0.0068276221863925,95.0,f1,0.2905740184888953
Airports-USA,sage,Raw features -> UMAP -> Delaunay,12373,0.3109243697478991,0.292032099564099,0.2731092436974789,0.264628162340506,0.0038585979491472,334.0,f1,0.292032099564099
Airports-USA,sage,Raw features -> UMAP -> Delaunay,12374,0.3109243697478991,0.2959578051041466,0.2310924369747899,0.2217073170731707,0.0045495675876736,155.0,f1,0.2959578051041466
Airports-USA,sage,Raw features -> UMAP -> Delaunay,12375,0.3025210084033613,0.3032972522830817,0.2857142857142857,0.2847948355671736,0.5766968727111816,23.0,f1,0.3032972522830817
Airports-USA,sage,Raw features -> UMAP -> Delaunay,12376,0.2605042016806723,0.2538147167350134,0.2310924369747899,0.2244273761397967,0.2495541423559188,27.0,f1,0.2538147167350134
Airports-USA,sage,Raw features -> UMAP -> Delaunay,12377,0.2941176470588235,0.2936404535288917,0.2394957983193277,0.237053194483535,0.4260940253734588,23.0,f1,0.2936404535288917
Airports-USA,sage,Raw features -> UMAP -> Delaunay,12378,0.2899159663865546,0.2852001898563157,0.1764705882352941,0.1737359850185982,0.00418251613155,125.0,f1,0.2852001898563157
Airports-USA,sage,Raw features -> UMAP -> Delaunay,12379,0.2773109243697479,0.2761820000930708,0.2478991596638655,0.2457033224766498,0.0075437556952238,96.0,f1,0.2761820000930708
Airports-USA,sage,Raw features -> UMAP -> Delaunay,12380,0.2352941176470588,0.235305921778741,0.3109243697478991,0.3094298637041902,0.705274224281311,18.0,f1,0.235305921778741
Airports-USA,sage,Raw features -> UMAP -> Delaunay,12381,0.2815126050420168,0.2817454770397506,0.1974789915966386,0.1957013372128725,0.006154260598123,128.0,f1,0.2817454770397506
Airports-USA,sage,Raw features -> UMAP -> Delaunay,12382,0.3571428571428571,0.3527787325889138,0.2016806722689075,0.1978006506950606,0.8250976204872131,17.0,f1,0.3527787325889138
Airports-USA,sage,Raw features -> UMAP -> Delaunay,12383,0.3025210084033613,0.2943384587746602,0.2310924369747899,0.2270618229715838,0.3289232552051544,27.0,f1,0.2943384587746602
Airports-USA,sage,Raw features -> UMAP -> Delaunay,12384,0.2521008403361344,0.2486965689540998,0.2983193277310924,0.2953116509926854,0.0045242775231599,129.0,f1,0.2486965689540998
Airports-USA,sage,Raw features -> UMAP -> Delaunay,12385,0.2983193277310924,0.291673600917762,0.226890756302521,0.2259077379502857,0.0097942603752017,77.0,f1,0.291673600917762
Airports-USA,sage,Raw features -> UMAP -> Delaunay,12386,0.2773109243697479,0.2631251501075664,0.2647058823529412,0.2555480836402357,1.3188800811767578,9.0,f1,0.2631251501075664
Airports-USA,sage,Raw features -> UMAP -> Delaunay,12387,0.2899159663865546,0.2889551645531644,0.2563025210084033,0.2492110416509754,0.7575852274894714,19.0,f1,0.2889551645531644
Airports-USA,sage,Raw features -> UMAP -> Delaunay,12388,0.3109243697478991,0.2935206749504609,0.2184873949579832,0.2099184268829882,0.0082484437152743,203.0,f1,0.2935206749504609
Airports-USA,sage,Raw features -> UMAP -> Delaunay,12389,0.2773109243697479,0.2744030029501395,0.2521008403361344,0.244707867616065,0.0040092542767524,190.0,f1,0.2744030029501395
Airports-USA,sage,Raw features -> UMAP -> Delaunay,12390,0.2731092436974789,0.2630506773291919,0.2689075630252101,0.263884875304251,1.1123852729797363,15.0,f1,0.2630506773291919
Airports-USA,sage,Raw features -> UMAP -> Delaunay,12391,0.3361344537815126,0.3368039255136029,0.2521008403361344,0.2503936527204418,0.0052966666407883,169.0,f1,0.3368039255136029
Airports-USA,sage,Raw features -> UMAP -> Delaunay,12392,0.2773109243697479,0.2691618700706568,0.2310924369747899,0.2233617668290038,0.0065034450963139,144.0,f1,0.2691618700706568
Airports-USA,sage,Raw features -> UMAP -> Delaunay,12393,0.2647058823529412,0.2646522230087302,0.180672268907563,0.1722207586933614,0.0069965221919119,186.0,f1,0.2646522230087302
Airports-USA,sage,Raw features -> UMAP -> Delaunay,12394,0.2941176470588235,0.2606379063696137,0.2689075630252101,0.2191515413425525,0.0068417028523981,167.0,f1,0.2606379063696137
Airports-USA,sage,Raw features -> UMAP -> Delaunay,12395,0.2731092436974789,0.2620040321453151,0.2142857142857142,0.2055632190125861,0.5872160792350769,19.0,f1,0.2620040321453151
Airports-USA,sage,Raw features -> UMAP -> Delaunay,12396,0.2983193277310924,0.2984376355277994,0.2352941176470588,0.2312207728475671,0.710192859172821,20.0,f1,0.2984376355277994
Airports-USA,sage,Raw features -> UMAP -> Delaunay,12397,0.2647058823529412,0.2637267120442271,0.2016806722689075,0.2010178174729111,1.2203644514083862,12.0,f1,0.2637267120442271
Airports-USA,sage,Raw features -> UMAP -> Delaunay,12398,0.2773109243697479,0.2760095544384857,0.2394957983193277,0.2391600586164865,0.0091162584722042,84.0,f1,0.2760095544384857
Airports-USA,sage,Raw features -> UMAP -> Delaunay,12399,0.2857142857142857,0.2821849509514574,0.226890756302521,0.225723879316457,0.7089820504188538,18.0,f1,0.2821849509514574
Airports-USA,sage,Raw features -> UMAP -> Delaunay,12400,0.2899159663865546,0.2898490028490028,0.2857142857142857,0.2795824527958763,0.0056592714972794,175.0,f1,0.2898490028490028
Airports-USA,sage,Raw features -> UMAP -> Delaunay,12401,0.3109243697478991,0.3088512713745218,0.2857142857142857,0.2790498974709501,0.289521723985672,25.0,f1,0.3088512713745218
Airports-USA,sage,Raw features -> UMAP -> Delaunay,12402,0.315126050420168,0.3104839829749104,0.2436974789915966,0.23688957992067,0.0103867370635271,57.0,f1,0.3104839829749104
Airports-USA,sage,Raw features -> UMAP -> Delaunay,12403,0.2647058823529412,0.2588397169992747,0.226890756302521,0.2231123518480185,0.8252171874046326,16.0,f1,0.2588397169992747
Airports-USA,sage,Raw features -> UMAP -> Delaunay,12404,0.2815126050420168,0.279526423361942,0.2226890756302521,0.2184023807361932,0.04206083714962,40.0,f1,0.279526423361942
Airports-USA,sage,Raw features -> UMAP -> Delaunay,12405,0.2310924369747899,0.232024649005781,0.2857142857142857,0.2855686777598658,0.7611870169639587,18.0,f1,0.232024649005781
Airports-USA,sage,Raw features -> UMAP -> Delaunay,12406,0.2983193277310924,0.2743187737928271,0.226890756302521,0.2115703753179027,0.2705050110816955,25.0,f1,0.2743187737928271
Airports-USA,sage,Raw features -> UMAP -> Delaunay,12407,0.2773109243697479,0.2524687725321347,0.2521008403361344,0.2406772070268394,0.3192105889320373,25.0,f1,0.2524687725321347
Airports-USA,sage,Raw features -> UMAP -> Delaunay,12408,0.2689075630252101,0.2580715317160857,0.2478991596638655,0.2125742962067722,1.3311421871185305,9.0,f1,0.2580715317160857
Airports-USA,sage,Raw features -> UMAP -> Delaunay,12409,0.2689075630252101,0.2640208261505943,0.2436974789915966,0.2470740570087243,0.2488017529249191,26.0,f1,0.2640208261505943
Airports-USA,sage,Raw features -> UMAP -> Delaunay,12410,0.2983193277310924,0.2653480834061483,0.2478991596638655,0.233565440110306,0.0049163782969117,286.0,f1,0.2653480834061483
Airports-USA,sage,Raw features -> UMAP -> Delaunay,12411,0.3025210084033613,0.2997208255752224,0.2352941176470588,0.2249107317765623,0.0128912888467311,45.0,f1,0.2997208255752224
Airports-USA,sage,Raw features -> UMAP -> Delaunay,12412,0.3025210084033613,0.3023907170523712,0.2310924369747899,0.2258600451049985,0.004806799814105,49.0,f1,0.3023907170523712
Airports-USA,sage,Raw features -> UMAP -> Delaunay,12413,0.2605042016806723,0.2707337023809294,0.2226890756302521,0.21342059341719,0.7855259776115417,18.0,f1,0.2707337023809294
Airports-USA,sage,Raw features -> UMAP -> Delaunay,12414,0.2899159663865546,0.2879380125067536,0.2689075630252101,0.2639820327989981,0.0081822695210576,88.0,f1,0.2879380125067536
Airports-USA,sage,Raw features -> UMAP -> Delaunay,12415,0.2983193277310924,0.2977722080325369,0.2142857142857142,0.2093558631971108,0.0097014242783188,50.0,f1,0.2977722080325369
Airports-USA,sage,Raw features -> UMAP -> Delaunay,12416,0.2731092436974789,0.2343846855783986,0.2521008403361344,0.2262826725276754,0.0065752393566071,83.0,f1,0.2343846855783986
Airports-USA,sage,Raw features -> UMAP -> Delaunay,12417,0.3067226890756303,0.2947063318057523,0.315126050420168,0.3086185098543508,0.0112725812941789,59.0,f1,0.2947063318057523
Airports-USA,sage,Raw features -> UMAP -> Delaunay,12418,0.2773109243697479,0.2755308299822316,0.2563025210084033,0.2520483333460432,0.0250475853681564,37.0,f1,0.2755308299822316
Airports-USA,sage,Raw features -> UMAP -> Delaunay,12419,0.2647058823529412,0.258703746480744,0.2310924369747899,0.227095821021528,0.1934939622879028,25.0,f1,0.258703746480744
Airports-USA,sage,Raw features -> UMAP -> Delaunay,12420,0.3109243697478991,0.3083549118316694,0.2857142857142857,0.2782897587750975,0.1406195759773254,30.0,f1,0.3083549118316694
Airports-USA,sage,Raw features -> UMAP -> Delaunay,12421,0.3067226890756303,0.3022630834512022,0.2605042016806723,0.2585890911307511,0.0194417331367731,37.0,f1,0.3022630834512022
Airports-USA,sage,Raw features -> UMAP -> Delaunay,12422,0.2605042016806723,0.2605141561010406,0.2689075630252101,0.2689362260669354,0.0045952363871037,297.0,f1,0.2605141561010406
Airports-USA,sage,Raw features -> UMAP -> Delaunay,12423,0.3025210084033613,0.2991297179990453,0.2521008403361344,0.2515559775853477,0.8211817145347595,18.0,f1,0.2991297179990453
Airports-USA,sage,Raw features -> UMAP -> Delaunay,12424,0.2689075630252101,0.2571152106599867,0.2899159663865546,0.2711004293967898,1.3524916172027588,8.0,f1,0.2571152106599867
Airports-USA,sage,Raw features -> UMAP -> Delaunay,12425,0.315126050420168,0.3163051449516552,0.2731092436974789,0.2653990893607552,0.0049970676191151,131.0,f1,0.3163051449516552
Airports-USA,sage,Raw features -> UMAP -> Delaunay,12426,0.2941176470588235,0.2845118207835951,0.2857142857142857,0.2595712560386474,1.046204686164856,15.0,f1,0.2845118207835951
Airports-USA,sage,Raw features -> UMAP -> Delaunay,12427,0.2983193277310924,0.2843855141407739,0.2857142857142857,0.2727391824508298,0.004488309379667,393.0,f1,0.2843855141407739
Airports-USA,sage,Raw features -> UMAP -> Delaunay,12428,0.2773109243697479,0.2662041632202923,0.2605042016806723,0.2413331248697102,0.0065929060801863,96.0,f1,0.2662041632202923
Airports-USA,sage,Raw features -> UMAP -> Delaunay,12429,0.2773109243697479,0.2599276495445927,0.2563025210084033,0.2380930715995132,0.0094830114394426,58.0,f1,0.2599276495445927
Airports-USA,sage,Raw features -> UMAP -> Delaunay,12430,0.3067226890756303,0.2856733394893864,0.2478991596638655,0.2321174981620555,0.0044711045920848,327.0,f1,0.2856733394893864
Airports-USA,sage,Raw features -> UMAP -> Delaunay,12431,0.2857142857142857,0.2838374386261907,0.2689075630252101,0.2620739801272569,1.348847508430481,9.0,f1,0.2838374386261907
Airports-USA,sage,Raw features -> UMAP -> Delaunay,12432,0.2773109243697479,0.2655732660196946,0.2478991596638655,0.2319426117554459,0.0056552705354988,78.0,f1,0.2655732660196946
Airports-USA,sage,Raw features -> UMAP -> Delaunay,12433,0.2857142857142857,0.2806062574520456,0.2563025210084033,0.2521688570018827,1.0213046073913574,15.0,f1,0.2806062574520456
Airports-USA,sage,Raw features -> UMAP -> Delaunay,12434,0.3067226890756303,0.2757798277314349,0.2521008403361344,0.2320789901796101,0.0078622074797749,91.0,f1,0.2757798277314349
Airports-USA,sage,Raw features -> UMAP -> Delaunay,12435,0.2941176470588235,0.2730600292006609,0.2647058823529412,0.24956738624769,0.0058288848958909,129.0,f1,0.2730600292006609
Airports-USA,sage,Raw features -> UMAP -> Delaunay,12436,0.2899159663865546,0.2874464636255308,0.2773109243697479,0.2751552324942032,0.1440818607807159,30.0,f1,0.2874464636255308
Airports-USA,sage,Raw features -> UMAP -> Delaunay,12437,0.2689075630252101,0.266920661869728,0.2815126050420168,0.2795146436983423,0.7971177101135254,20.0,f1,0.266920661869728
Airports-USA,sage,Raw features -> UMAP -> Delaunay,12438,0.2899159663865546,0.2800101214574899,0.2731092436974789,0.2659075234948378,0.0078805480152368,91.0,f1,0.2800101214574899
Airports-USA,sage,Raw features -> UMAP -> Delaunay,12439,0.2563025210084033,0.2488084342604816,0.226890756302521,0.2188025990775351,0.5438446998596191,21.0,f1,0.2488084342604816
Airports-USA,sage,Raw features -> UMAP -> Delaunay,12440,0.2941176470588235,0.2915683209090389,0.2773109243697479,0.2750910746812386,0.0049678487703204,166.0,f1,0.2915683209090389
Airports-USA,sage,Raw features -> UMAP -> Delaunay,12441,0.2605042016806723,0.2608618106694636,0.2563025210084033,0.2554166666666667,0.865678608417511,18.0,f1,0.2608618106694636
Airports-USA,sage,Raw features -> UMAP -> Delaunay,12442,0.2941176470588235,0.2909142607174103,0.2521008403361344,0.248712777121868,0.0056800646707415,102.0,f1,0.2909142607174103
Airports-USA,sage,Raw features -> UMAP -> Delaunay,12443,0.315126050420168,0.3050477897252091,0.2647058823529412,0.2553677565435684,0.978773295879364,15.0,f1,0.3050477897252091
Airports-USA,sage,Raw features -> UMAP -> Delaunay,12444,0.3067226890756303,0.3036316699088657,0.2478991596638655,0.2218624117817666,0.0042150123044848,305.0,f1,0.3036316699088657
Airports-USA,gat,Raw features -> UMAP -> Delaunay,12345,0.2436974789915966,0.2431321950112544,0.2689075630252101,0.2637939667025445,0.1653344333171844,137.0,f1,0.2431321950112544
Airports-USA,gat,Raw features -> UMAP -> Delaunay,12346,0.2521008403361344,0.2519531978862123,0.2899159663865546,0.2913194176257048,0.1244820356369018,221.0,f1,0.2519531978862123
Airports-USA,gat,Raw features -> UMAP -> Delaunay,12347,0.2731092436974789,0.2725314808241638,0.2605042016806723,0.2575368542390492,0.0966333746910095,396.0,f1,0.2725314808241638
Airports-USA,gat,Raw features -> UMAP -> Delaunay,12348,0.3025210084033613,0.3027510026737968,0.2436974789915966,0.2416247577590981,0.2465251684188842,87.0,f1,0.3027510026737968
Airports-USA,gat,Raw features -> UMAP -> Delaunay,12349,0.3109243697478991,0.3108680666155046,0.2521008403361344,0.250418774619603,0.0695879980921745,292.0,f1,0.3108680666155046
Airports-USA,gat,Raw features -> UMAP -> Delaunay,12350,0.315126050420168,0.3116527035367384,0.2436974789915966,0.2437051323261545,0.2009593248367309,98.0,f1,0.3116527035367384
Airports-USA,gat,Raw features -> UMAP -> Delaunay,12351,0.2605042016806723,0.2611252876877792,0.2478991596638655,0.2473978342394235,0.0787708982825279,234.0,f1,0.2611252876877792
Airports-USA,gat,Raw features -> UMAP -> Delaunay,12352,0.2773109243697479,0.2763028543924388,0.2773109243697479,0.2765897881640305,0.1426478773355484,122.0,f1,0.2763028543924388
Airports-USA,gat,Raw features -> UMAP -> Delaunay,12353,0.315126050420168,0.3152290472149078,0.226890756302521,0.2231887264782001,0.2410236150026321,116.0,f1,0.3152290472149078
Airports-USA,gat,Raw features -> UMAP -> Delaunay,12354,0.3277310924369748,0.3251625503720734,0.2436974789915966,0.2406318092039813,0.2399698942899704,99.0,f1,0.3251625503720734
Airports-USA,gat,Raw features -> UMAP -> Delaunay,12355,0.315126050420168,0.2676353160019963,0.2352941176470588,0.2026700912025691,1.3651423454284668,2.0,f1,0.2676353160019963
Airports-USA,gat,Raw features -> UMAP -> Delaunay,12356,0.315126050420168,0.3129563592212149,0.2605042016806723,0.2602045264676843,0.0721310824155807,238.0,f1,0.3129563592212149
Airports-USA,gat,Raw features -> UMAP -> Delaunay,12357,0.2899159663865546,0.2902343132843358,0.2016806722689075,0.2025109424017508,0.0828737318515777,369.0,f1,0.2902343132843358
Airports-USA,gat,Raw features -> UMAP -> Delaunay,12358,0.2689075630252101,0.2689946863463303,0.2983193277310924,0.2931342701255742,0.0954117476940155,358.0,f1,0.2689946863463303
Airports-USA,gat,Raw features -> UMAP -> Delaunay,12359,0.3109243697478991,0.3092262495301729,0.2521008403361344,0.2518797058896274,0.1433807611465454,143.0,f1,0.3092262495301729
Airports-USA,gat,Raw features -> UMAP -> Delaunay,12360,0.2815126050420168,0.2786422104617198,0.2689075630252101,0.268224687968299,0.0872144252061843,187.0,f1,0.2786422104617198
Airports-USA,gat,Raw features -> UMAP -> Delaunay,12361,0.2815126050420168,0.2797909838596801,0.2731092436974789,0.2721689525427843,0.2228507250547409,101.0,f1,0.2797909838596801
Airports-USA,gat,Raw features -> UMAP -> Delaunay,12362,0.3109243697478991,0.3103345045130595,0.2731092436974789,0.2727006069982371,0.2526538372039795,98.0,f1,0.3103345045130595
Airports-USA,gat,Raw features -> UMAP -> Delaunay,12363,0.2731092436974789,0.2699158063711842,0.2815126050420168,0.2803218560024367,0.2701808512210846,123.0,f1,0.2699158063711842
Airports-USA,gat,Raw features -> UMAP -> Delaunay,12364,0.2941176470588235,0.2918577959994182,0.2100840336134453,0.2073294600787763,0.0955172628164291,313.0,f1,0.2918577959994182
Airports-USA,gat,Raw features -> UMAP -> Delaunay,12365,0.2983193277310924,0.2901088195723579,0.2605042016806723,0.2407918882430379,0.2973826825618744,78.0,f1,0.2901088195723579
Airports-USA,gat,Raw features -> UMAP -> Delaunay,12366,0.2857142857142857,0.2854070815001047,0.2941176470588235,0.2932681796318159,0.1883061081171035,100.0,f1,0.2854070815001047
Airports-USA,gat,Raw features -> UMAP -> Delaunay,12367,0.2773109243697479,0.2768717844216153,0.226890756302521,0.228586070060084,0.0496625751256942,381.0,f1,0.2768717844216153
Airports-USA,gat,Raw features -> UMAP -> Delaunay,12368,0.315126050420168,0.3151534493236344,0.2605042016806723,0.2602800812438717,0.1084488853812217,224.0,f1,0.3151534493236344
Airports-USA,gat,Raw features -> UMAP -> Delaunay,12369,0.2478991596638655,0.2465522187633522,0.226890756302521,0.2266611656997875,0.1774243116378784,118.0,f1,0.2465522187633522
Airports-USA,gat,Raw features -> UMAP -> Delaunay,12370,0.2478991596638655,0.2456188080694009,0.2563025210084033,0.2532669244892379,0.0839133709669113,199.0,f1,0.2456188080694009
Airports-USA,gat,Raw features -> UMAP -> Delaunay,12371,0.2899159663865546,0.2897576211894053,0.2226890756302521,0.2212026710377803,0.1423815190792083,139.0,f1,0.2897576211894053
Airports-USA,gat,Raw features -> UMAP -> Delaunay,12372,0.3067226890756303,0.3063793153663448,0.2310924369747899,0.2293169764236389,0.1246374025940895,225.0,f1,0.3063793153663448
Airports-USA,gat,Raw features -> UMAP -> Delaunay,12373,0.2983193277310924,0.2944388141499121,0.2563025210084033,0.2525902180426804,0.2913878560066223,85.0,f1,0.2944388141499121
Airports-USA,gat,Raw features -> UMAP -> Delaunay,12374,0.2478991596638655,0.2479114952213947,0.1974789915966386,0.1926620214633533,0.2108718454837799,139.0,f1,0.2479114952213947
Airports-USA,gat,Raw features -> UMAP -> Delaunay,12375,0.2941176470588235,0.2922597940969902,0.2521008403361344,0.2471271829284949,0.0974416509270668,312.0,f1,0.2922597940969902
Airports-USA,gat,Raw features -> UMAP -> Delaunay,12376,0.2436974789915966,0.242713651093177,0.2521008403361344,0.2496770677425652,0.0732488259673118,193.0,f1,0.242713651093177
Airports-USA,gat,Raw features -> UMAP -> Delaunay,12377,0.3109243697478991,0.3111279057184448,0.1764705882352941,0.1751042173892555,0.2460086047649383,81.0,f1,0.3111279057184448
Airports-USA,gat,Raw features -> UMAP -> Delaunay,12378,0.2731092436974789,0.2727712036838723,0.2394957983193277,0.2393077260972406,0.0501667112112045,248.0,f1,0.2727712036838723
Airports-USA,gat,Raw features -> UMAP -> Delaunay,12379,0.2689075630252101,0.2657226757999956,0.2815126050420168,0.2808302808302808,0.0838136672973632,383.0,f1,0.2657226757999956
Airports-USA,gat,Raw features -> UMAP -> Delaunay,12380,0.2689075630252101,0.2658876874782002,0.2394957983193277,0.2367827058009733,0.1309579759836197,284.0,f1,0.2658876874782002
Airports-USA,gat,Raw features -> UMAP -> Delaunay,12381,0.2352941176470588,0.2345123252202898,0.2394957983193277,0.2410987037299865,0.1772672981023788,111.0,f1,0.2345123252202898
Airports-USA,gat,Raw features -> UMAP -> Delaunay,12382,0.3067226890756303,0.2839328858250858,0.226890756302521,0.2090834906145674,0.2492563724517822,66.0,f1,0.2839328858250858
Airports-USA,gat,Raw features -> UMAP -> Delaunay,12383,0.3025210084033613,0.2923882103448667,0.2478991596638655,0.233721322537112,0.259982168674469,71.0,f1,0.2923882103448667
Airports-USA,gat,Raw features -> UMAP -> Delaunay,12384,0.2773109243697479,0.2756936414251807,0.2773109243697479,0.2722898358566392,0.1837697327136993,115.0,f1,0.2756936414251807
Airports-USA,gat,Raw features -> UMAP -> Delaunay,12385,0.2773109243697479,0.2768154043596521,0.1890756302521008,0.1871873822193546,0.2205688506364822,137.0,f1,0.2768154043596521
Airports-USA,gat,Raw features -> UMAP -> Delaunay,12386,0.2773109243697479,0.273686638527847,0.2058823529411764,0.2032389757275384,0.0629775673151016,312.0,f1,0.273686638527847
Airports-USA,gat,Raw features -> UMAP -> Delaunay,12387,0.2731092436974789,0.274582327258943,0.2689075630252101,0.2664100393765465,0.1612221300601959,151.0,f1,0.274582327258943
Airports-USA,gat,Raw features -> UMAP -> Delaunay,12388,0.2605042016806723,0.2635701667362852,0.2436974789915966,0.2395304828690408,0.1127118840813636,162.0,f1,0.2635701667362852
Airports-USA,gat,Raw features -> UMAP -> Delaunay,12389,0.2983193277310924,0.2928264596308389,0.2773109243697479,0.2757966383338704,0.1895596832036972,126.0,f1,0.2928264596308389
Airports-USA,gat,Raw features -> UMAP -> Delaunay,12390,0.2899159663865546,0.2891332750888442,0.2478991596638655,0.2466427131210159,0.1265142112970352,150.0,f1,0.2891332750888442
Airports-USA,gat,Raw features -> UMAP -> Delaunay,12391,0.315126050420168,0.3133490908574057,0.2731092436974789,0.2694409897719986,0.0985819175839424,207.0,f1,0.3133490908574057
Airports-USA,gat,Raw features -> UMAP -> Delaunay,12392,0.2731092436974789,0.2701329476672559,0.2394957983193277,0.2365489459098462,0.167314276099205,113.0,f1,0.2701329476672559
Airports-USA,gat,Raw features -> UMAP -> Delaunay,12393,0.2899159663865546,0.2894597989606544,0.2563025210084033,0.2544709388971684,0.2068332731723785,136.0,f1,0.2894597989606544
Airports-USA,gat,Raw features -> UMAP -> Delaunay,12394,0.2899159663865546,0.290322029653376,0.2605042016806723,0.2590081525653213,0.0979836285114288,285.0,f1,0.290322029653376
Airports-USA,gat,Raw features -> UMAP -> Delaunay,12395,0.2689075630252101,0.2685181074386247,0.180672268907563,0.1766976879586884,0.1908381283283233,129.0,f1,0.2685181074386247
Airports-USA,gat,Raw features -> UMAP -> Delaunay,12396,0.2983193277310924,0.297625922355466,0.2226890756302521,0.22202442002442,0.1648046523332595,105.0,f1,0.297625922355466
Airports-USA,gat,Raw features -> UMAP -> Delaunay,12397,0.2605042016806723,0.2601832399626517,0.226890756302521,0.2245845382687488,0.0834866240620613,399.0,f1,0.2601832399626517
Airports-USA,gat,Raw features -> UMAP -> Delaunay,12398,0.2436974789915966,0.241661736703261,0.2563025210084033,0.2557071282317337,0.1289896517992019,181.0,f1,0.241661736703261
Airports-USA,gat,Raw features -> UMAP -> Delaunay,12399,0.2647058823529412,0.2536484372618826,0.2226890756302521,0.2153467908902691,0.3271008133888244,66.0,f1,0.2536484372618826
Airports-USA,gat,Raw features -> UMAP -> Delaunay,12400,0.2941176470588235,0.2920637181847404,0.2731092436974789,0.2732302119789864,0.1097852811217308,217.0,f1,0.2920637181847404
Airports-USA,gat,Raw features -> UMAP -> Delaunay,12401,0.2815126050420168,0.2812902915442268,0.2647058823529412,0.260652906795654,0.1202606633305549,248.0,f1,0.2812902915442268
Airports-USA,gat,Raw features -> UMAP -> Delaunay,12402,0.2815126050420168,0.2777676767676767,0.2310924369747899,0.2276931994721442,0.1809769123792648,207.0,f1,0.2777676767676767
Airports-USA,gat,Raw features -> UMAP -> Delaunay,12403,0.2605042016806723,0.2555673606655068,0.2689075630252101,0.2669707658732173,0.12612284719944,351.0,f1,0.2555673606655068
Airports-USA,gat,Raw features -> UMAP -> Delaunay,12404,0.2983193277310924,0.2861724521635387,0.2478991596638655,0.242990730107221,0.2879571318626404,67.0,f1,0.2861724521635387
Airports-USA,gat,Raw features -> UMAP -> Delaunay,12405,0.2731092436974789,0.2709654463106637,0.2815126050420168,0.2677245244575455,0.1973588615655899,92.0,f1,0.2709654463106637
Airports-USA,gat,Raw features -> UMAP -> Delaunay,12406,0.2731092436974789,0.2691550641550642,0.226890756302521,0.2269873271889401,0.1034578830003738,336.0,f1,0.2691550641550642
Airports-USA,gat,Raw features -> UMAP -> Delaunay,12407,0.3109243697478991,0.3083333333333333,0.2142857142857142,0.2132683482655349,0.1046615839004516,182.0,f1,0.3083333333333333
Airports-USA,gat,Raw features -> UMAP -> Delaunay,12408,0.2815126050420168,0.2796955471130132,0.2184873949579832,0.2183788280441011,0.1085655763745307,152.0,f1,0.2796955471130132
Airports-USA,gat,Raw features -> UMAP -> Delaunay,12409,0.2436974789915966,0.2392114428546485,0.2605042016806723,0.2559640198511166,0.071022443473339,383.0,f1,0.2392114428546485
Airports-USA,gat,Raw features -> UMAP -> Delaunay,12410,0.2563025210084033,0.2560685821031341,0.2521008403361344,0.2474843325863985,0.058615431189537,269.0,f1,0.2560685821031341
Airports-USA,gat,Raw features -> UMAP -> Delaunay,12411,0.2647058823529412,0.2599541265781674,0.2184873949579832,0.2183769002595476,0.1691271960735321,110.0,f1,0.2599541265781674
Airports-USA,gat,Raw features -> UMAP -> Delaunay,12412,0.3109243697478991,0.3015601683694235,0.2058823529411764,0.2063602261368703,0.1390344053506851,168.0,f1,0.3015601683694235
Airports-USA,gat,Raw features -> UMAP -> Delaunay,12413,0.2899159663865546,0.2734384982063,0.2563025210084033,0.2445751301286123,0.2933495640754699,69.0,f1,0.2734384982063
Airports-USA,gat,Raw features -> UMAP -> Delaunay,12414,0.2857142857142857,0.2837692629095288,0.2731092436974789,0.2685410994992409,0.2181994020938873,77.0,f1,0.2837692629095288
Airports-USA,gat,Raw features -> UMAP -> Delaunay,12415,0.2773109243697479,0.2770052817991059,0.2310924369747899,0.2324967282924031,0.0546895638108253,384.0,f1,0.2770052817991059
Airports-USA,gat,Raw features -> UMAP -> Delaunay,12416,0.2773109243697479,0.272538747921093,0.2310924369747899,0.2274832946503358,0.1439985781908035,139.0,f1,0.272538747921093
Airports-USA,gat,Raw features -> UMAP -> Delaunay,12417,0.2941176470588235,0.2962628974079355,0.2563025210084033,0.25010974539753,0.1228178888559341,221.0,f1,0.2962628974079355
Airports-USA,gat,Raw features -> UMAP -> Delaunay,12418,0.2689075630252101,0.267568837576604,0.2436974789915966,0.2363601771136017,0.2922344803810119,97.0,f1,0.267568837576604
Airports-USA,gat,Raw features -> UMAP -> Delaunay,12419,0.2857142857142857,0.2841320275053143,0.2436974789915966,0.2409279153682139,0.0811942741274833,364.0,f1,0.2841320275053143
Airports-USA,gat,Raw features -> UMAP -> Delaunay,12420,0.3193277310924369,0.3150554869081349,0.3067226890756303,0.3051416369001397,0.2921757698059082,95.0,f1,0.3150554869081349
Airports-USA,gat,Raw features -> UMAP -> Delaunay,12421,0.315126050420168,0.3112147010405187,0.2436974789915966,0.243536992445688,0.0963435098528862,362.0,f1,0.3112147010405187
Airports-USA,gat,Raw features -> UMAP -> Delaunay,12422,0.2983193277310924,0.2904953451389003,0.2983193277310924,0.2976242113509219,0.0661191567778587,231.0,f1,0.2904953451389003
Airports-USA,gat,Raw features -> UMAP -> Delaunay,12423,0.2605042016806723,0.2590237905844801,0.2478991596638655,0.2474624586167316,0.2457032799720764,75.0,f1,0.2590237905844801
Airports-USA,gat,Raw features -> UMAP -> Delaunay,12424,0.3025210084033613,0.2994372018835395,0.3067226890756303,0.3048764403415987,0.0707818269729614,318.0,f1,0.2994372018835395
Airports-USA,gat,Raw features -> UMAP -> Delaunay,12425,0.2563025210084033,0.256656548886097,0.2815126050420168,0.2826184573002754,0.0590305067598819,330.0,f1,0.256656548886097
Airports-USA,gat,Raw features -> UMAP -> Delaunay,12426,0.2983193277310924,0.2956624276829756,0.2521008403361344,0.2531030098111462,0.1849215030670166,91.0,f1,0.2956624276829756
Airports-USA,gat,Raw features -> UMAP -> Delaunay,12427,0.2647058823529412,0.2663397216738229,0.2941176470588235,0.2913114341252215,0.0828914269804954,399.0,f1,0.2663397216738229
Airports-USA,gat,Raw features -> UMAP -> Delaunay,12428,0.3067226890756303,0.303104095367314,0.2605042016806723,0.2563252593518937,0.2203095555305481,94.0,f1,0.303104095367314
Airports-USA,gat,Raw features -> UMAP -> Delaunay,12429,0.2731092436974789,0.2721394605236957,0.2394957983193277,0.2335030241935483,0.0920809879899025,281.0,f1,0.2721394605236957
Airports-USA,gat,Raw features -> UMAP -> Delaunay,12430,0.2899159663865546,0.2903050357833576,0.2352941176470588,0.2321383716623881,0.0780922248959541,365.0,f1,0.2903050357833576
Airports-USA,gat,Raw features -> UMAP -> Delaunay,12431,0.2605042016806723,0.2549310450686597,0.1974789915966386,0.1957095171212401,0.2806193232536316,97.0,f1,0.2549310450686597
Airports-USA,gat,Raw features -> UMAP -> Delaunay,12432,0.2773109243697479,0.2777187612639673,0.2478991596638655,0.249950206043956,0.0796091109514236,302.0,f1,0.2777187612639673
Airports-USA,gat,Raw features -> UMAP -> Delaunay,12433,0.2857142857142857,0.2825450852638352,0.2605042016806723,0.2592455583481814,0.106161318719387,359.0,f1,0.2825450852638352
Airports-USA,gat,Raw features -> UMAP -> Delaunay,12434,0.2689075630252101,0.2657807077311721,0.2731092436974789,0.2719537234462608,0.1613180488348007,121.0,f1,0.2657807077311721
Airports-USA,gat,Raw features -> UMAP -> Delaunay,12435,0.2689075630252101,0.2603118883290582,0.2941176470588235,0.2757813484597205,0.3362248539924621,76.0,f1,0.2603118883290582
Airports-USA,gat,Raw features -> UMAP -> Delaunay,12436,0.2731092436974789,0.2752573997330785,0.2563025210084033,0.2548051948051948,0.2104567140340805,143.0,f1,0.2752573997330785
Airports-USA,gat,Raw features -> UMAP -> Delaunay,12437,0.2773109243697479,0.2669083693063352,0.2731092436974789,0.2505932343633956,0.3780533075332641,68.0,f1,0.2669083693063352
Airports-USA,gat,Raw features -> UMAP -> Delaunay,12438,0.2226890756302521,0.2167046901089454,0.2815126050420168,0.2772872009940975,0.105493240058422,335.0,f1,0.2167046901089454
Airports-USA,gat,Raw features -> UMAP -> Delaunay,12439,0.2310924369747899,0.2295689841059076,0.2478991596638655,0.246290997444948,0.151352196931839,113.0,f1,0.2295689841059076
Airports-USA,gat,Raw features -> UMAP -> Delaunay,12440,0.3109243697478991,0.3125581395348837,0.2521008403361344,0.2486581256760839,0.108953095972538,241.0,f1,0.3125581395348837
Airports-USA,gat,Raw features -> UMAP -> Delaunay,12441,0.2184873949579832,0.2165861569384237,0.2563025210084033,0.250557380146597,0.1617273688316345,124.0,f1,0.2165861569384237
Airports-USA,gat,Raw features -> UMAP -> Delaunay,12442,0.2899159663865546,0.2900924333174441,0.2689075630252101,0.267877435064935,0.2200487703084945,127.0,f1,0.2900924333174441
Airports-USA,gat,Raw features -> UMAP -> Delaunay,12443,0.2983193277310924,0.2983289912570042,0.2521008403361344,0.2511741390757513,0.1262899339199066,225.0,f1,0.2983289912570042
Airports-USA,gat,Raw features -> UMAP -> Delaunay,12444,0.3025210084033613,0.3021368006662124,0.2058823529411764,0.2068311536543194,0.2894208133220672,85.0,f1,0.3021368006662124
Airports-Brazil,gcn,Raw features -> UMAP -> Delaunay,12345,0.2692307692307692,0.2277167277167277,0.3703703703703703,0.3005555555555556,1.3260653018951416,11.0,f1,0.2277167277167277
Airports-Brazil,gcn,Raw features -> UMAP -> Delaunay,12346,0.4615384615384615,0.4277777777777778,0.2962962962962963,0.2912655971479501,0.8566288352012634,52.0,f1,0.4277777777777778
Airports-Brazil,gcn,Raw features -> UMAP -> Delaunay,12347,0.3461538461538461,0.347069597069597,0.3333333333333333,0.325801282051282,1.2168985605239868,19.0,f1,0.347069597069597
Airports-Brazil,gcn,Raw features -> UMAP -> Delaunay,12348,0.3076923076923077,0.3079420579420579,0.2592592592592592,0.2490744549568079,0.9829203486442566,40.0,f1,0.3079420579420579
Airports-Brazil,gcn,Raw features -> UMAP -> Delaunay,12349,0.2692307692307692,0.2591346153846153,0.2962962962962963,0.2666666666666666,1.1177828311920166,22.0,f1,0.2591346153846153
Airports-Brazil,gcn,Raw features -> UMAP -> Delaunay,12350,0.4230769230769231,0.4134469696969697,0.2962962962962963,0.2916666666666666,0.8905943632125854,53.0,f1,0.4134469696969697
Airports-Brazil,gcn,Raw features -> UMAP -> Delaunay,12351,0.3846153846153846,0.3777777777777777,0.2962962962962963,0.2345029239766081,1.1393468379974363,24.0,f1,0.3777777777777777
Airports-Brazil,gcn,Raw features -> UMAP -> Delaunay,12352,0.4230769230769231,0.4201770451770452,0.3703703703703703,0.35,1.1483603715896606,27.0,f1,0.4201770451770452
Airports-Brazil,gcn,Raw features -> UMAP -> Delaunay,12353,0.4230769230769231,0.3956043956043956,0.1111111111111111,0.1008403361344537,0.8611181974411011,52.0,f1,0.3956043956043956
Airports-Brazil,gcn,Raw features -> UMAP -> Delaunay,12354,0.3846153846153846,0.3488095238095238,0.2962962962962963,0.2661199095022624,1.3855555057525637,1.0,f1,0.3488095238095238
Airports-Brazil,gcn,Raw features -> UMAP -> Delaunay,12355,0.4230769230769231,0.3724747474747474,0.4444444444444444,0.4247619047619048,1.3837523460388184,2.0,f1,0.3724747474747474
Airports-Brazil,gcn,Raw features -> UMAP -> Delaunay,12356,0.4230769230769231,0.3883928571428571,0.2592592592592592,0.2458333333333333,0.7366509437561035,67.0,f1,0.3883928571428571
Airports-Brazil,gcn,Raw features -> UMAP -> Delaunay,12357,0.4230769230769231,0.4270833333333333,0.2222222222222222,0.2047619047619047,0.7539459466934204,97.0,f1,0.4270833333333333
Airports-Brazil,gcn,Raw features -> UMAP -> Delaunay,12358,0.3461538461538461,0.3025210084033613,0.3703703703703703,0.3371212121212121,0.8396077156066895,56.0,f1,0.3025210084033613
Airports-Brazil,gcn,Raw features -> UMAP -> Delaunay,12359,0.3846153846153846,0.3902097902097902,0.2962962962962963,0.2767857142857143,0.9579231142997742,39.0,f1,0.3902097902097902
Airports-Brazil,gcn,Raw features -> UMAP -> Delaunay,12360,0.5,0.5013736263736264,0.2222222222222222,0.2197802197802197,0.8651623725891113,48.0,f1,0.5013736263736264
Airports-Brazil,gcn,Raw features -> UMAP -> Delaunay,12361,0.3461538461538461,0.3381410256410256,0.2222222222222222,0.2020833333333333,0.9765071272850036,41.0,f1,0.3381410256410256
Airports-Brazil,gcn,Raw features -> UMAP -> Delaunay,12362,0.3846153846153846,0.3613636363636363,0.2222222222222222,0.2260989010989011,1.1856956481933594,21.0,f1,0.3613636363636363
Airports-Brazil,gcn,Raw features -> UMAP -> Delaunay,12363,0.4230769230769231,0.4166666666666666,0.3333333333333333,0.3337662337662337,0.8019133806228638,77.0,f1,0.4166666666666666
Airports-Brazil,gcn,Raw features -> UMAP -> Delaunay,12364,0.4230769230769231,0.3598484848484848,0.2222222222222222,0.1982466063348416,1.2069498300552368,19.0,f1,0.3598484848484848
Airports-Brazil,gcn,Raw features -> UMAP -> Delaunay,12365,0.5769230769230769,0.5860198624904507,0.2962962962962963,0.284313725490196,1.0964391231536863,26.0,f1,0.5860198624904507
Airports-Brazil,gcn,Raw features -> UMAP -> Delaunay,12366,0.3076923076923077,0.3215686274509804,0.1851851851851851,0.1602564102564102,0.7149778604507446,95.0,f1,0.3215686274509804
Airports-Brazil,gcn,Raw features -> UMAP -> Delaunay,12367,0.3461538461538461,0.327020202020202,0.4444444444444444,0.4176767676767677,1.2764036655426023,14.0,f1,0.327020202020202
Airports-Brazil,gcn,Raw features -> UMAP -> Delaunay,12368,0.3846153846153846,0.3509615384615384,0.2592592592592592,0.2497957516339869,1.2175949811935425,17.0,f1,0.3509615384615384
Airports-Brazil,gcn,Raw features -> UMAP -> Delaunay,12369,0.3461538461538461,0.3341269841269841,0.1111111111111111,0.0944444444444444,0.794397234916687,70.0,f1,0.3341269841269841
Airports-Brazil,gcn,Raw features -> UMAP -> Delaunay,12370,0.3461538461538461,0.3019230769230769,0.3703703703703703,0.3295055821371611,1.117217183113098,24.0,f1,0.3019230769230769
Airports-Brazil,gcn,Raw features -> UMAP -> Delaunay,12371,0.3461538461538461,0.3225787284610814,0.3703703703703703,0.3115131578947368,0.7100831866264343,86.0,f1,0.3225787284610814
Airports-Brazil,gcn,Raw features -> UMAP -> Delaunay,12372,0.4230769230769231,0.3792735042735042,0.2962962962962963,0.2881016042780748,1.110347867012024,26.0,f1,0.3792735042735042
Airports-Brazil,gcn,Raw features -> UMAP -> Delaunay,12373,0.4230769230769231,0.4056547619047619,0.1481481481481481,0.1383928571428571,1.176580786705017,19.0,f1,0.4056547619047619
Airports-Brazil,gcn,Raw features -> UMAP -> Delaunay,12374,0.3076923076923077,0.2964285714285714,0.2962962962962963,0.2783605283605283,0.6678483486175537,197.0,f1,0.2964285714285714
Airports-Brazil,gcn,Raw features -> UMAP -> Delaunay,12375,0.3846153846153846,0.3833770396270396,0.3703703703703703,0.3275694893341953,1.0118674039840698,32.0,f1,0.3833770396270396
Airports-Brazil,gcn,Raw features -> UMAP -> Delaunay,12376,0.2692307692307692,0.2633116883116883,0.3333333333333333,0.3278846153846154,0.8441905379295349,49.0,f1,0.2633116883116883
Airports-Brazil,gcn,Raw features -> UMAP -> Delaunay,12377,0.3461538461538461,0.34375,0.2222222222222222,0.1965686274509804,0.8058576583862305,61.0,f1,0.34375
Airports-Brazil,gcn,Raw features -> UMAP -> Delaunay,12378,0.1923076923076923,0.1891233766233766,0.3333333333333333,0.3237179487179487,0.968244194984436,44.0,f1,0.1891233766233766
Airports-Brazil,gcn,Raw features -> UMAP -> Delaunay,12379,0.3461538461538461,0.3200404858299595,0.2962962962962963,0.2444677033492823,1.3026458024978638,11.0,f1,0.3200404858299595
Airports-Brazil,gcn,Raw features -> UMAP -> Delaunay,12380,0.3461538461538461,0.3301136363636363,0.2962962962962963,0.2833333333333333,0.9069790840148926,55.0,f1,0.3301136363636363
Airports-Brazil,gcn,Raw features -> UMAP -> Delaunay,12381,0.2692307692307692,0.2708333333333333,0.2222222222222222,0.1625,1.1643600463867188,19.0,f1,0.2708333333333333
Airports-Brazil,gcn,Raw features -> UMAP -> Delaunay,12382,0.3076923076923077,0.3102418414918415,0.3333333333333333,0.3299019607843137,0.831679105758667,51.0,f1,0.3102418414918415
Airports-Brazil,gcn,Raw features -> UMAP -> Delaunay,12383,0.3846153846153846,0.3692640692640693,0.3333333333333333,0.3263257575757575,0.7589007019996643,148.0,f1,0.3692640692640693
Airports-Brazil,gcn,Raw features -> UMAP -> Delaunay,12384,0.3846153846153846,0.3749084249084249,0.2592592592592592,0.2596828609986504,0.9587817192077636,39.0,f1,0.3749084249084249
Airports-Brazil,gcn,Raw features -> UMAP -> Delaunay,12385,0.4230769230769231,0.4007326007326007,0.2222222222222222,0.1919642857142857,0.9747541546821594,38.0,f1,0.4007326007326007
Airports-Brazil,gcn,Raw features -> UMAP -> Delaunay,12386,0.3846153846153846,0.3539682539682539,0.2222222222222222,0.213235294117647,1.11239492893219,20.0,f1,0.3539682539682539
Airports-Brazil,gcn,Raw features -> UMAP -> Delaunay,12387,0.2692307692307692,0.2613636363636363,0.2592592592592592,0.2547619047619047,0.7466766834259033,81.0,f1,0.2613636363636363
Airports-Brazil,gcn,Raw features -> UMAP -> Delaunay,12388,0.3461538461538461,0.307051282051282,0.2222222222222222,0.2121212121212121,0.9525725245475768,49.0,f1,0.307051282051282
Airports-Brazil,gcn,Raw features -> UMAP -> Delaunay,12389,0.4615384615384615,0.4010695187165776,0.1851851851851851,0.1670106639146886,1.2169806957244873,15.0,f1,0.4010695187165776
Airports-Brazil,gcn,Raw features -> UMAP -> Delaunay,12390,0.3846153846153846,0.2605042016806722,0.2222222222222222,0.1425120772946859,1.382778286933899,2.0,f1,0.2605042016806722
Airports-Brazil,gcn,Raw features -> UMAP -> Delaunay,12391,0.5384615384615384,0.4526610644257703,0.1851851851851851,0.1469298245614035,0.9707870483398438,50.0,f1,0.4526610644257703
Airports-Brazil,gcn,Raw features -> UMAP -> Delaunay,12392,0.3076923076923077,0.2787878787878788,0.2962962962962963,0.2932234432234432,0.8736650347709656,39.0,f1,0.2787878787878788
Airports-Brazil,gcn,Raw features -> UMAP -> Delaunay,12393,0.2307692307692307,0.2249999999999999,0.2962962962962963,0.2852564102564102,0.5684581398963928,283.0,f1,0.2249999999999999
Airports-Brazil,gcn,Raw features -> UMAP -> Delaunay,12394,0.3846153846153846,0.2935064935064935,0.2592592592592592,0.1785714285714285,1.3743975162506104,3.0,f1,0.2935064935064935
Airports-Brazil,gcn,Raw features -> UMAP -> Delaunay,12395,0.3461538461538461,0.3100961538461538,0.3703703703703703,0.3749084249084248,1.154955506324768,22.0,f1,0.3100961538461538
Airports-Brazil,gcn,Raw features -> UMAP -> Delaunay,12396,0.3846153846153846,0.3975961538461539,0.2592592592592592,0.2501256913021619,0.738585352897644,81.0,f1,0.3975961538461539
Airports-Brazil,gcn,Raw features -> UMAP -> Delaunay,12397,0.4230769230769231,0.3985576923076923,0.2962962962962963,0.2976190476190476,0.8858410716056824,45.0,f1,0.3985576923076923
Airports-Brazil,gcn,Raw features -> UMAP -> Delaunay,12398,0.3461538461538461,0.3009803921568628,0.2592592592592592,0.2259615384615384,0.7311013340950012,65.0,f1,0.3009803921568628
Airports-Brazil,gcn,Raw features -> UMAP -> Delaunay,12399,0.4230769230769231,0.4079365079365079,0.1851851851851851,0.1806184012066365,0.918367326259613,40.0,f1,0.4079365079365079
Airports-Brazil,gcn,Raw features -> UMAP -> Delaunay,12400,0.3846153846153846,0.3418803418803419,0.1851851851851851,0.1738095238095238,0.8493764996528625,69.0,f1,0.3418803418803419
Airports-Brazil,gcn,Raw features -> UMAP -> Delaunay,12401,0.5,0.4638888888888889,0.2222222222222222,0.2060897435897435,1.224457621574402,15.0,f1,0.4638888888888889
Airports-Brazil,gcn,Raw features -> UMAP -> Delaunay,12402,0.3846153846153846,0.3813186813186813,0.1481481481481481,0.1426282051282051,0.6375001072883606,163.0,f1,0.3813186813186813
Airports-Brazil,gcn,Raw features -> UMAP -> Delaunay,12403,0.3461538461538461,0.3394209956709956,0.2222222222222222,0.1855203619909502,1.0812833309173584,26.0,f1,0.3394209956709956
Airports-Brazil,gcn,Raw features -> UMAP -> Delaunay,12404,0.3846153846153846,0.3778721278721278,0.3703703703703703,0.3601242690058479,1.1403014659881592,21.0,f1,0.3778721278721278
Airports-Brazil,gcn,Raw features -> UMAP -> Delaunay,12405,0.3461538461538461,0.2878028404344194,0.3703703703703703,0.3023219814241485,1.2952783107757568,13.0,f1,0.2878028404344194
Airports-Brazil,gcn,Raw features -> UMAP -> Delaunay,12406,0.3846153846153846,0.3432539682539682,0.1851851851851851,0.1879615482556659,0.9465962052345276,40.0,f1,0.3432539682539682
Airports-Brazil,gcn,Raw features -> UMAP -> Delaunay,12407,0.3076923076923077,0.2787114845938375,0.2962962962962963,0.2549957782155924,1.347821593284607,7.0,f1,0.2787114845938375
Airports-Brazil,gcn,Raw features -> UMAP -> Delaunay,12408,0.5,0.4434294871794871,0.2592592592592592,0.1675824175824176,1.31492817401886,10.0,f1,0.4434294871794871
Airports-Brazil,gcn,Raw features -> UMAP -> Delaunay,12409,0.3461538461538461,0.2720588235294118,0.4444444444444444,0.3825757575757575,1.384504795074463,2.0,f1,0.2720588235294118
Airports-Brazil,gcn,Raw features -> UMAP -> Delaunay,12410,0.4230769230769231,0.4106691919191919,0.3333333333333333,0.2992424242424242,0.943783402442932,48.0,f1,0.4106691919191919
Airports-Brazil,gcn,Raw features -> UMAP -> Delaunay,12411,0.3846153846153846,0.3999999999999999,0.2962962962962963,0.2696428571428571,0.7396425604820251,90.0,f1,0.3999999999999999
Airports-Brazil,gcn,Raw features -> UMAP -> Delaunay,12412,0.2692307692307692,0.2728937728937729,0.2962962962962963,0.2778159340659341,0.9207801818847656,59.0,f1,0.2728937728937729
Airports-Brazil,gcn,Raw features -> UMAP -> Delaunay,12413,0.3461538461538461,0.3359307359307359,0.3703703703703703,0.3448773448773449,1.1309469938278198,21.0,f1,0.3359307359307359
Airports-Brazil,gcn,Raw features -> UMAP -> Delaunay,12414,0.3846153846153846,0.3603174603174603,0.2962962962962963,0.2931547619047619,0.9389442801475524,40.0,f1,0.3603174603174603
Airports-Brazil,gcn,Raw features -> UMAP -> Delaunay,12415,0.3076923076923077,0.3079420579420579,0.3333333333333333,0.3324175824175824,0.5807521939277649,105.0,f1,0.3079420579420579
Airports-Brazil,gcn,Raw features -> UMAP -> Delaunay,12416,0.4230769230769231,0.4286713286713287,0.2222222222222222,0.2170231729055258,0.9635653495788574,39.0,f1,0.4286713286713287
Airports-Brazil,gcn,Raw features -> UMAP -> Delaunay,12417,0.3846153846153846,0.3759337068160597,0.2222222222222222,0.2013305322128851,0.916890263557434,51.0,f1,0.3759337068160597
Airports-Brazil,gcn,Raw features -> UMAP -> Delaunay,12418,0.5,0.5071428571428571,0.2592592592592592,0.2504901960784313,0.8970397710800171,79.0,f1,0.5071428571428571
Airports-Brazil,gcn,Raw features -> UMAP -> Delaunay,12419,0.3076923076923077,0.2994505494505494,0.3703703703703703,0.3206477732793522,0.5502206087112427,280.0,f1,0.2994505494505494
Airports-Brazil,gcn,Raw features -> UMAP -> Delaunay,12420,0.4230769230769231,0.4271978021978022,0.1851851851851851,0.1727564102564102,0.643699586391449,172.0,f1,0.4271978021978022
Airports-Brazil,gcn,Raw features -> UMAP -> Delaunay,12421,0.3076923076923077,0.3051282051282051,0.3333333333333333,0.3269993164730007,1.0718930959701538,34.0,f1,0.3051282051282051
Airports-Brazil,gcn,Raw features -> UMAP -> Delaunay,12422,0.3846153846153846,0.3827922077922078,0.2222222222222222,0.2404817404817404,1.0231621265411377,33.0,f1,0.3827922077922078
Airports-Brazil,gcn,Raw features -> UMAP -> Delaunay,12423,0.3461538461538461,0.3418534080298786,0.3333333333333333,0.2854251012145749,0.9078265428543092,47.0,f1,0.3418534080298786
Airports-Brazil,gcn,Raw features -> UMAP -> Delaunay,12424,0.4615384615384615,0.4496649184149184,0.3333333333333333,0.2666666666666666,0.709739625453949,62.0,f1,0.4496649184149184
Airports-Brazil,gcn,Raw features -> UMAP -> Delaunay,12425,0.4615384615384615,0.4582417582417583,0.2592592592592592,0.2454545454545454,0.9392684698104858,45.0,f1,0.4582417582417583
Airports-Brazil,gcn,Raw features -> UMAP -> Delaunay,12426,0.3846153846153846,0.3693452380952381,0.4074074074074074,0.372333548804137,0.9830018281936646,36.0,f1,0.3693452380952381
Airports-Brazil,gcn,Raw features -> UMAP -> Delaunay,12427,0.3461538461538461,0.3040064102564103,0.2962962962962963,0.2866479925303454,1.1025683879852295,24.0,f1,0.3040064102564103
Airports-Brazil,gcn,Raw features -> UMAP -> Delaunay,12428,0.3461538461538461,0.3275058275058274,0.2592592592592592,0.2647186147186147,0.9750766158103944,37.0,f1,0.3275058275058274
Airports-Brazil,gcn,Raw features -> UMAP -> Delaunay,12429,0.3076923076923077,0.288095238095238,0.1851851851851851,0.1409774436090225,0.5434014201164246,391.0,f1,0.288095238095238
Airports-Brazil,gcn,Raw features -> UMAP -> Delaunay,12430,0.4615384615384615,0.4375,0.2962962962962963,0.2924679487179487,1.0818825960159302,23.0,f1,0.4375
Airports-Brazil,gcn,Raw features -> UMAP -> Delaunay,12431,0.3846153846153846,0.3633286647992531,0.2222222222222222,0.2017045454545454,0.9547787308692932,40.0,f1,0.3633286647992531
Airports-Brazil,gcn,Raw features -> UMAP -> Delaunay,12432,0.4615384615384615,0.4494922969187674,0.4074074074074074,0.3856150793650793,0.9778304696083068,36.0,f1,0.4494922969187674
Airports-Brazil,gcn,Raw features -> UMAP -> Delaunay,12433,0.5,0.4798076923076922,0.2222222222222222,0.1910350678733031,1.0307875871658323,40.0,f1,0.4798076923076922
Airports-Brazil,gcn,Raw features -> UMAP -> Delaunay,12434,0.3846153846153846,0.3486111111111111,0.1851851851851851,0.1645833333333333,1.127617359161377,22.0,f1,0.3486111111111111
Airports-Brazil,gcn,Raw features -> UMAP -> Delaunay,12435,0.3461538461538461,0.3342261904761904,0.4074074074074074,0.406968031968032,1.166006326675415,23.0,f1,0.3342261904761904
Airports-Brazil,gcn,Raw features -> UMAP -> Delaunay,12436,0.2692307692307692,0.244017094017094,0.5185185185185185,0.4964646464646465,0.9056121706962584,55.0,f1,0.244017094017094
Airports-Brazil,gcn,Raw features -> UMAP -> Delaunay,12437,0.4230769230769231,0.4108391608391608,0.2222222222222222,0.1953781512605042,1.055430889129639,34.0,f1,0.4108391608391608
Airports-Brazil,gcn,Raw features -> UMAP -> Delaunay,12438,0.4230769230769231,0.3967261904761904,0.2222222222222222,0.2225274725274725,0.9373447895050048,45.0,f1,0.3967261904761904
Airports-Brazil,gcn,Raw features -> UMAP -> Delaunay,12439,0.3461538461538461,0.3095238095238095,0.2222222222222222,0.1865131578947368,0.8043144941329956,70.0,f1,0.3095238095238095
Airports-Brazil,gcn,Raw features -> UMAP -> Delaunay,12440,0.3846153846153846,0.3722222222222222,0.1851851851851851,0.1876373626373626,0.8067752718925476,67.0,f1,0.3722222222222222
Airports-Brazil,gcn,Raw features -> UMAP -> Delaunay,12441,0.2692307692307692,0.2867424242424242,0.2222222222222222,0.1912878787878787,0.7545825242996216,76.0,f1,0.2867424242424242
Airports-Brazil,gcn,Raw features -> UMAP -> Delaunay,12442,0.3846153846153846,0.3613636363636363,0.2222222222222222,0.1071428571428571,1.3477133512496948,7.0,f1,0.3613636363636363
Airports-Brazil,gcn,Raw features -> UMAP -> Delaunay,12443,0.3076923076923077,0.2867445054945055,0.2222222222222222,0.2133803696303696,0.7569502592086792,65.0,f1,0.2867445054945055
Airports-Brazil,gcn,Raw features -> UMAP -> Delaunay,12444,0.3076923076923077,0.3261904761904761,0.2962962962962963,0.2721611721611722,0.9185988306999208,47.0,f1,0.3261904761904761
Airports-Brazil,sage,Raw features -> UMAP -> Delaunay,12345,0.3461538461538461,0.3333333333333333,0.4074074074074074,0.3649572649572649,0.0039479122497141,393.0,f1,0.3333333333333333
Airports-Brazil,sage,Raw features -> UMAP -> Delaunay,12346,0.4615384615384615,0.4492424242424242,0.2962962962962963,0.3010989010989011,0.0090759042650461,306.0,f1,0.4492424242424242
Airports-Brazil,sage,Raw features -> UMAP -> Delaunay,12347,0.4615384615384615,0.4451107715813598,0.4444444444444444,0.4454295704295704,0.2318716049194336,62.0,f1,0.4451107715813598
Airports-Brazil,sage,Raw features -> UMAP -> Delaunay,12348,0.4615384615384615,0.4081196581196581,0.3333333333333333,0.3229352346999405,0.3264343440532684,61.0,f1,0.4081196581196581
Airports-Brazil,sage,Raw features -> UMAP -> Delaunay,12349,0.3076923076923077,0.3062937062937063,0.3333333333333333,0.3404761904761905,0.0048602255992591,367.0,f1,0.3062937062937063
Airports-Brazil,sage,Raw features -> UMAP -> Delaunay,12350,0.3846153846153846,0.3537280701754386,0.4074074074074074,0.3164682539682539,0.4324492812156677,42.0,f1,0.3537280701754386
Airports-Brazil,sage,Raw features -> UMAP -> Delaunay,12351,0.5384615384615384,0.513761092708461,0.4444444444444444,0.4215229215229215,0.0403958484530448,144.0,f1,0.513761092708461
Airports-Brazil,sage,Raw features -> UMAP -> Delaunay,12352,0.3461538461538461,0.3432900432900433,0.2962962962962963,0.2604166666666667,0.1511521190404892,76.0,f1,0.3432900432900433
Airports-Brazil,sage,Raw features -> UMAP -> Delaunay,12353,0.4230769230769231,0.4351731601731601,0.2962962962962963,0.2779034690799397,0.0153318922966718,234.0,f1,0.4351731601731601
Airports-Brazil,sage,Raw features -> UMAP -> Delaunay,12354,0.4230769230769231,0.4126984126984127,0.2962962962962963,0.2916666666666667,0.0328926928341388,166.0,f1,0.4126984126984127
Airports-Brazil,sage,Raw features -> UMAP -> Delaunay,12355,0.5,0.4722222222222222,0.3333333333333333,0.3223039215686274,0.005551210604608,367.0,f1,0.4722222222222222
Airports-Brazil,sage,Raw features -> UMAP -> Delaunay,12356,0.3846153846153846,0.3696428571428571,0.3333333333333333,0.3223012281835811,0.0099522275850176,317.0,f1,0.3696428571428571
Airports-Brazil,sage,Raw features -> UMAP -> Delaunay,12357,0.3461538461538461,0.3333333333333333,0.4444444444444444,0.447718253968254,0.0240723025053739,181.0,f1,0.3333333333333333
Airports-Brazil,sage,Raw features -> UMAP -> Delaunay,12358,0.4230769230769231,0.3344988344988345,0.2962962962962963,0.2597222222222222,1.4172134399414062,5.0,f1,0.3344988344988345
Airports-Brazil,sage,Raw features -> UMAP -> Delaunay,12359,0.4615384615384615,0.4492424242424242,0.3333333333333333,0.2987179487179487,0.415982723236084,43.0,f1,0.4492424242424242
Airports-Brazil,sage,Raw features -> UMAP -> Delaunay,12360,0.6538461538461539,0.6497252747252747,0.2222222222222222,0.229004329004329,0.0958578586578369,98.0,f1,0.6497252747252747
Airports-Brazil,sage,Raw features -> UMAP -> Delaunay,12361,0.2692307692307692,0.2702922077922077,0.1481481481481481,0.15,0.2317406833171844,65.0,f1,0.2702922077922077
Airports-Brazil,sage,Raw features -> UMAP -> Delaunay,12362,0.4230769230769231,0.408563074352548,0.1481481481481481,0.0769230769230769,0.4882546961307525,40.0,f1,0.408563074352548
Airports-Brazil,sage,Raw features -> UMAP -> Delaunay,12363,0.3846153846153846,0.3428571428571428,0.3703703703703703,0.3403159340659341,0.2292198985815048,66.0,f1,0.3428571428571428
Airports-Brazil,sage,Raw features -> UMAP -> Delaunay,12364,0.4615384615384615,0.4478632478632478,0.2222222222222222,0.2209706959706959,0.0209965370595455,207.0,f1,0.4478632478632478
Airports-Brazil,sage,Raw features -> UMAP -> Delaunay,12365,0.5,0.496031746031746,0.3703703703703703,0.3664473684210526,0.0807761326432228,97.0,f1,0.496031746031746
Airports-Brazil,sage,Raw features -> UMAP -> Delaunay,12366,0.3846153846153846,0.3925595238095238,0.3703703703703703,0.3653846153846154,0.2253017425537109,67.0,f1,0.3925595238095238
Airports-Brazil,sage,Raw features -> UMAP -> Delaunay,12367,0.3846153846153846,0.3946053946053946,0.2592592592592592,0.2612665112665112,0.1838568896055221,68.0,f1,0.3946053946053946
Airports-Brazil,sage,Raw features -> UMAP -> Delaunay,12368,0.3846153846153846,0.3139880952380952,0.074074074074074,0.0607142857142857,0.4335723221302032,40.0,f1,0.3139880952380952
Airports-Brazil,sage,Raw features -> UMAP -> Delaunay,12369,0.4615384615384615,0.4818250377073906,0.2592592592592592,0.2410714285714285,0.0296756401658058,149.0,f1,0.4818250377073906
Airports-Brazil,sage,Raw features -> UMAP -> Delaunay,12370,0.2692307692307692,0.2912698412698412,0.4074074074074074,0.3444444444444444,0.2191815078258514,63.0,f1,0.2912698412698412
Airports-Brazil,sage,Raw features -> UMAP -> Delaunay,12371,0.2307692307692307,0.2019230769230769,0.4074074074074074,0.3686868686868687,0.2555104196071625,58.0,f1,0.2019230769230769
Airports-Brazil,sage,Raw features -> UMAP -> Delaunay,12372,0.4230769230769231,0.4271978021978022,0.2962962962962963,0.2831529581529581,0.350181519985199,51.0,f1,0.4271978021978022
Airports-Brazil,sage,Raw features -> UMAP -> Delaunay,12373,0.3461538461538461,0.2899877899877899,0.2222222222222222,0.2110707919531448,0.0083765042945742,337.0,f1,0.2899877899877899
Airports-Brazil,sage,Raw features -> UMAP -> Delaunay,12374,0.3461538461538461,0.3238095238095238,0.3703703703703703,0.3687250249750249,0.2742969691753387,55.0,f1,0.3238095238095238
Airports-Brazil,sage,Raw features -> UMAP -> Delaunay,12375,0.3846153846153846,0.3752164502164501,0.2222222222222222,0.225,0.5221463441848755,39.0,f1,0.3752164502164501
Airports-Brazil,sage,Raw features -> UMAP -> Delaunay,12376,0.3076923076923077,0.2976190476190476,0.4074074074074074,0.3926767676767677,0.1404324620962143,84.0,f1,0.2976190476190476
Airports-Brazil,sage,Raw features -> UMAP -> Delaunay,12377,0.4230769230769231,0.3967575187969925,0.2962962962962963,0.1825396825396825,0.3909510970115661,43.0,f1,0.3967575187969925
Airports-Brazil,sage,Raw features -> UMAP -> Delaunay,12378,0.2692307692307692,0.2681623931623931,0.5185185185185185,0.5215176979882862,0.3282848596572876,54.0,f1,0.2681623931623931
Airports-Brazil,sage,Raw features -> UMAP -> Delaunay,12379,0.4615384615384615,0.4277146464646464,0.3333333333333333,0.2946428571428571,0.0754583179950714,107.0,f1,0.4277146464646464
Airports-Brazil,sage,Raw features -> UMAP -> Delaunay,12380,0.3846153846153846,0.4005952380952381,0.3703703703703703,0.3593137254901961,0.0058406530879437,394.0,f1,0.4005952380952381
Airports-Brazil,sage,Raw features -> UMAP -> Delaunay,12381,0.3076923076923077,0.2642045454545454,0.2592592592592592,0.2388888888888889,0.0049937865696847,388.0,f1,0.2642045454545454
Airports-Brazil,sage,Raw features -> UMAP -> Delaunay,12382,0.3846153846153846,0.3581349206349206,0.2222222222222222,0.2088815789473684,0.5713105201721191,34.0,f1,0.3581349206349206
Airports-Brazil,sage,Raw features -> UMAP -> Delaunay,12383,0.3076923076923077,0.3109668109668109,0.3703703703703703,0.3519230769230769,0.5490500330924988,41.0,f1,0.3109668109668109
Airports-Brazil,sage,Raw features -> UMAP -> Delaunay,12384,0.3076923076923077,0.3059826203208556,0.2222222222222222,0.2293040293040292,0.0197134502232074,215.0,f1,0.3059826203208556
Airports-Brazil,sage,Raw features -> UMAP -> Delaunay,12385,0.3846153846153846,0.3607456140350877,0.2592592592592592,0.2402777777777777,0.2573938965797424,60.0,f1,0.3607456140350877
Airports-Brazil,sage,Raw features -> UMAP -> Delaunay,12386,0.2692307692307692,0.2748538011695906,0.2962962962962963,0.288235294117647,0.3117054104804992,56.0,f1,0.2748538011695906
Airports-Brazil,sage,Raw features -> UMAP -> Delaunay,12387,0.2692307692307692,0.2560876623376623,0.2222222222222222,0.2203083466241361,0.0456724986433982,145.0,f1,0.2560876623376623
Airports-Brazil,sage,Raw features -> UMAP -> Delaunay,12388,0.3461538461538461,0.3414918414918415,0.3703703703703703,0.35,0.021822765469551,193.0,f1,0.3414918414918415
Airports-Brazil,sage,Raw features -> UMAP -> Delaunay,12389,0.3076923076923077,0.2946428571428571,0.3703703703703703,0.3500891265597148,0.0265286117792129,173.0,f1,0.2946428571428571
Airports-Brazil,sage,Raw features -> UMAP -> Delaunay,12390,0.3846153846153846,0.3918581418581418,0.2592592592592592,0.275082760376878,0.0055947517976164,378.0,f1,0.3918581418581418
Airports-Brazil,sage,Raw features -> UMAP -> Delaunay,12391,0.3846153846153846,0.3918581418581419,0.4444444444444444,0.3809523809523809,0.1176945120096206,85.0,f1,0.3918581418581419
Airports-Brazil,sage,Raw features -> UMAP -> Delaunay,12392,0.2692307692307692,0.2646520146520146,0.2592592592592592,0.2186085972850678,0.9296303987503052,17.0,f1,0.2646520146520146
Airports-Brazil,sage,Raw features -> UMAP -> Delaunay,12393,0.2307692307692307,0.2350961538461538,0.3703703703703703,0.3562499999999999,0.1198943704366684,85.0,f1,0.2350961538461538
Airports-Brazil,sage,Raw features -> UMAP -> Delaunay,12394,0.4230769230769231,0.3916666666666666,0.3703703703703703,0.3725274725274725,0.0331233814358711,167.0,f1,0.3916666666666666
Airports-Brazil,sage,Raw features -> UMAP -> Delaunay,12395,0.3846153846153846,0.3815359477124183,0.3333333333333333,0.290255496137849,1.0728107690811155,15.0,f1,0.3815359477124183
Airports-Brazil,sage,Raw features -> UMAP -> Delaunay,12396,0.3846153846153846,0.3653846153846153,0.4074074074074074,0.4005530417295123,0.0131504815071821,260.0,f1,0.3653846153846153
Airports-Brazil,sage,Raw features -> UMAP -> Delaunay,12397,0.3076923076923077,0.3232142857142857,0.2962962962962963,0.3036858974358974,0.0106801157817244,260.0,f1,0.3232142857142857
Airports-Brazil,sage,Raw features -> UMAP -> Delaunay,12398,0.2307692307692307,0.2191919191919192,0.2592592592592592,0.2744264507422402,0.3371288180351257,49.0,f1,0.2191919191919192
Airports-Brazil,sage,Raw features -> UMAP -> Delaunay,12399,0.3846153846153846,0.3748196248196248,0.2222222222222222,0.2160931174089068,0.0438457764685153,137.0,f1,0.3748196248196248
Airports-Brazil,sage,Raw features -> UMAP -> Delaunay,12400,0.4615384615384615,0.4653846153846154,0.1481481481481481,0.1428571428571428,0.0069145644083619,359.0,f1,0.4653846153846154
Airports-Brazil,sage,Raw features -> UMAP -> Delaunay,12401,0.3846153846153846,0.3861111111111111,0.1851851851851851,0.1835497835497835,0.0680265501141548,121.0,f1,0.3861111111111111
Airports-Brazil,sage,Raw features -> UMAP -> Delaunay,12402,0.4230769230769231,0.4075460487225193,0.2592592592592592,0.2390756302521008,0.0704221278429031,115.0,f1,0.4075460487225193
Airports-Brazil,sage,Raw features -> UMAP -> Delaunay,12403,0.4230769230769231,0.428030303030303,0.1851851851851851,0.1850378787878788,0.0105423228815197,284.0,f1,0.428030303030303
Airports-Brazil,sage,Raw features -> UMAP -> Delaunay,12404,0.3846153846153846,0.3549783549783549,0.4074074074074074,0.3680555555555556,0.2328657209873199,62.0,f1,0.3549783549783549
Airports-Brazil,sage,Raw features -> UMAP -> Delaunay,12405,0.2307692307692307,0.2192640692640692,0.2592592592592592,0.2493131868131868,0.0180264934897422,223.0,f1,0.2192640692640692
Airports-Brazil,sage,Raw features -> UMAP -> Delaunay,12406,0.4230769230769231,0.4157509157509158,0.2592592592592592,0.2481254040077569,0.0218015145510435,183.0,f1,0.4157509157509158
Airports-Brazil,sage,Raw features -> UMAP -> Delaunay,12407,0.3846153846153846,0.3674603174603175,0.2592592592592592,0.2619047619047618,0.0363080985844135,163.0,f1,0.3674603174603175
Airports-Brazil,sage,Raw features -> UMAP -> Delaunay,12408,0.5384615384615384,0.5272893772893773,0.2222222222222222,0.1806184012066365,0.290770560503006,58.0,f1,0.5272893772893773
Airports-Brazil,sage,Raw features -> UMAP -> Delaunay,12409,0.3846153846153846,0.3693953105717812,0.4444444444444444,0.4423076923076923,0.0070817312225699,360.0,f1,0.3693953105717812
Airports-Brazil,sage,Raw features -> UMAP -> Delaunay,12410,0.2307692307692307,0.2284798534798534,0.2962962962962963,0.2901785714285714,0.1163486093282699,89.0,f1,0.2284798534798534
Airports-Brazil,sage,Raw features -> UMAP -> Delaunay,12411,0.4230769230769231,0.4157509157509157,0.2592592592592592,0.2394447657605552,0.4262712895870209,45.0,f1,0.4157509157509157
Airports-Brazil,sage,Raw features -> UMAP -> Delaunay,12412,0.3461538461538461,0.3403846153846154,0.2962962962962963,0.2954545454545454,0.2732589244842529,65.0,f1,0.3403846153846154
Airports-Brazil,sage,Raw features -> UMAP -> Delaunay,12413,0.4230769230769231,0.4083333333333333,0.3333333333333333,0.2867243867243867,0.3448998034000397,51.0,f1,0.4083333333333333
Airports-Brazil,sage,Raw features -> UMAP -> Delaunay,12414,0.4230769230769231,0.4015873015873016,0.2592592592592592,0.159846547314578,0.5188932418823242,39.0,f1,0.4015873015873016
Airports-Brazil,sage,Raw features -> UMAP -> Delaunay,12415,0.3076923076923077,0.258908371040724,0.2592592592592592,0.2578781512605042,0.5356310606002808,33.0,f1,0.258908371040724
Airports-Brazil,sage,Raw features -> UMAP -> Delaunay,12416,0.4615384615384615,0.4523809523809524,0.2592592592592592,0.2747326203208556,0.0049715172499418,389.0,f1,0.4523809523809524
Airports-Brazil,sage,Raw features -> UMAP -> Delaunay,12417,0.4230769230769231,0.4166666666666667,0.1481481481481481,0.1365476628634523,0.6180360317230225,34.0,f1,0.4166666666666667
Airports-Brazil,sage,Raw features -> UMAP -> Delaunay,12418,0.4230769230769231,0.4342261904761905,0.3703703703703703,0.3445378151260504,0.1721931546926498,66.0,f1,0.4342261904761905
Airports-Brazil,sage,Raw features -> UMAP -> Delaunay,12419,0.5,0.456935817805383,0.4074074074074074,0.3452380952380952,0.3637807369232178,49.0,f1,0.456935817805383
Airports-Brazil,sage,Raw features -> UMAP -> Delaunay,12420,0.5,0.4582166199813259,0.1481481481481481,0.1398809523809523,0.2172344177961349,61.0,f1,0.4582166199813259
Airports-Brazil,sage,Raw features -> UMAP -> Delaunay,12421,0.3076923076923077,0.2959401709401709,0.4444444444444444,0.4223776223776224,0.1620073616504669,73.0,f1,0.2959401709401709
Airports-Brazil,sage,Raw features -> UMAP -> Delaunay,12422,0.4230769230769231,0.4141186299081035,0.3703703703703703,0.3371212121212121,0.3552068769931793,55.0,f1,0.4141186299081035
Airports-Brazil,sage,Raw features -> UMAP -> Delaunay,12423,0.2692307692307692,0.2583333333333333,0.1851851851851851,0.1793831168831168,0.0242831353098154,165.0,f1,0.2583333333333333
Airports-Brazil,sage,Raw features -> UMAP -> Delaunay,12424,0.4615384615384615,0.4587662337662337,0.2962962962962963,0.2666666666666666,0.0266689769923686,184.0,f1,0.4587662337662337
Airports-Brazil,sage,Raw features -> UMAP -> Delaunay,12425,0.5,0.4958791208791209,0.4074074074074074,0.4062937062937063,0.0098344944417476,296.0,f1,0.4958791208791209
Airports-Brazil,sage,Raw features -> UMAP -> Delaunay,12426,0.3846153846153846,0.3109090909090909,0.2222222222222222,0.152097902097902,1.007170796394348,17.0,f1,0.3109090909090909
Airports-Brazil,sage,Raw features -> UMAP -> Delaunay,12427,0.4230769230769231,0.3480392156862745,0.2592592592592592,0.265018315018315,0.2962803244590759,57.0,f1,0.3480392156862745
Airports-Brazil,sage,Raw features -> UMAP -> Delaunay,12428,0.3846153846153846,0.3685897435897435,0.2592592592592592,0.2684294871794871,0.0111480997875332,246.0,f1,0.3685897435897435
Airports-Brazil,sage,Raw features -> UMAP -> Delaunay,12429,0.3461538461538461,0.3085561497326203,0.3333333333333333,0.3357142857142857,0.0116002084687352,285.0,f1,0.3085561497326203
Airports-Brazil,sage,Raw features -> UMAP -> Delaunay,12430,0.3846153846153846,0.3561507936507936,0.2222222222222222,0.2161276223776224,0.0062975427135825,336.0,f1,0.3561507936507936
Airports-Brazil,sage,Raw features -> UMAP -> Delaunay,12431,0.3846153846153846,0.3472222222222222,0.4074074074074074,0.3361344537815126,0.3850153386592865,50.0,f1,0.3472222222222222
Airports-Brazil,sage,Raw features -> UMAP -> Delaunay,12432,0.2307692307692307,0.2211309523809523,0.3703703703703703,0.3368055555555556,0.2548688352108001,59.0,f1,0.2211309523809523
Airports-Brazil,sage,Raw features -> UMAP -> Delaunay,12433,0.3461538461538461,0.3395833333333333,0.3333333333333333,0.3178571428571428,0.0074731218628585,325.0,f1,0.3395833333333333
Airports-Brazil,sage,Raw features -> UMAP -> Delaunay,12434,0.3846153846153846,0.3403159340659341,0.2962962962962963,0.290158371040724,0.0866839736700058,95.0,f1,0.3403159340659341
Airports-Brazil,sage,Raw features -> UMAP -> Delaunay,12435,0.3461538461538461,0.327485380116959,0.3703703703703703,0.3478487886382623,0.2548020482063293,63.0,f1,0.327485380116959
Airports-Brazil,sage,Raw features -> UMAP -> Delaunay,12436,0.3461538461538461,0.3600301659125189,0.4444444444444444,0.4345765345765345,0.4033206403255462,48.0,f1,0.3600301659125189
Airports-Brazil,sage,Raw features -> UMAP -> Delaunay,12437,0.5384615384615384,0.5383928571428571,0.2592592592592592,0.2333333333333333,0.0348112620413303,156.0,f1,0.5383928571428571
Airports-Brazil,sage,Raw features -> UMAP -> Delaunay,12438,0.4615384615384615,0.4571428571428571,0.2962962962962963,0.2600250626566416,0.2607557773590088,60.0,f1,0.4571428571428571
Airports-Brazil,sage,Raw features -> UMAP -> Delaunay,12439,0.4230769230769231,0.4249999999999999,0.2592592592592592,0.2759469696969697,0.008259723894298,398.0,f1,0.4249999999999999
Airports-Brazil,sage,Raw features -> UMAP -> Delaunay,12440,0.3076923076923077,0.302020202020202,0.4074074074074074,0.3688725490196078,0.0092746764421463,354.0,f1,0.302020202020202
Airports-Brazil,sage,Raw features -> UMAP -> Delaunay,12441,0.3461538461538461,0.2307692307692307,0.3333333333333333,0.2188995215311004,1.058971643447876,13.0,f1,0.2307692307692307
Airports-Brazil,sage,Raw features -> UMAP -> Delaunay,12442,0.4615384615384615,0.453088578088578,0.3333333333333333,0.3136169386169386,0.0388864800333976,150.0,f1,0.453088578088578
Airports-Brazil,sage,Raw features -> UMAP -> Delaunay,12443,0.3461538461538461,0.3542568542568542,0.2962962962962963,0.2883116883116883,0.2930348813533783,55.0,f1,0.3542568542568542
Airports-Brazil,sage,Raw features -> UMAP -> Delaunay,12444,0.1923076923076923,0.1787878787878787,0.4444444444444444,0.449224305106658,0.2580830156803131,62.0,f1,0.1787878787878787
Airports-Brazil,gat,Raw features -> UMAP -> Delaunay,12345,0.3076923076923077,0.2666666666666666,0.2592592592592592,0.2122807017543859,4.11605978012085,16.0,f1,0.2666666666666666
Airports-Brazil,gat,Raw features -> UMAP -> Delaunay,12346,0.4615384615384615,0.4514132925897631,0.2592592592592592,0.2479575163398693,1.528462290763855,190.0,f1,0.4514132925897631
Airports-Brazil,gat,Raw features -> UMAP -> Delaunay,12347,0.3846153846153846,0.3782467532467532,0.2592592592592592,0.2333333333333333,0.8448452353477478,155.0,f1,0.3782467532467532
Airports-Brazil,gat,Raw features -> UMAP -> Delaunay,12348,0.4230769230769231,0.4206773618538323,0.2222222222222222,0.2532467532467533,1.5549037456512451,106.0,f1,0.4206773618538323
Airports-Brazil,gat,Raw features -> UMAP -> Delaunay,12349,0.4230769230769231,0.4163650075414781,0.4074074074074074,0.3848214285714285,1.291372299194336,63.0,f1,0.4163650075414781
Airports-Brazil,gat,Raw features -> UMAP -> Delaunay,12350,0.5,0.4205316742081448,0.2962962962962963,0.2913021618903971,1.060833215713501,197.0,f1,0.4205316742081448
Airports-Brazil,gat,Raw features -> UMAP -> Delaunay,12351,0.4230769230769231,0.4291101055806938,0.2592592592592592,0.2456140350877192,1.2367578744888306,97.0,f1,0.4291101055806938
Airports-Brazil,gat,Raw features -> UMAP -> Delaunay,12352,0.4230769230769231,0.4197802197802197,0.4074074074074074,0.3415750915750916,2.0646002292633057,66.0,f1,0.4197802197802197
Airports-Brazil,gat,Raw features -> UMAP -> Delaunay,12353,0.5384615384615384,0.5082417582417582,0.1481481481481481,0.1066433566433566,3.971834897994995,170.0,f1,0.5082417582417582
Airports-Brazil,gat,Raw features -> UMAP -> Delaunay,12354,0.4230769230769231,0.40625,0.2222222222222222,0.1865131578947368,1.0505608320236206,48.0,f1,0.40625
Airports-Brazil,gat,Raw features -> UMAP -> Delaunay,12355,0.4615384615384615,0.4354251012145749,0.3703703703703703,0.3209706959706959,1.0913621187210083,87.0,f1,0.4354251012145749
Airports-Brazil,gat,Raw features -> UMAP -> Delaunay,12356,0.4230769230769231,0.4007936507936507,0.2962962962962963,0.2642045454545454,1.2816301584243774,55.0,f1,0.4007936507936507
Airports-Brazil,gat,Raw features -> UMAP -> Delaunay,12357,0.5384615384615384,0.5428571428571429,0.3333333333333333,0.281547619047619,7.715845584869385,11.0,f1,0.5428571428571429
Airports-Brazil,gat,Raw features -> UMAP -> Delaunay,12358,0.4615384615384615,0.4469298245614035,0.2592592592592592,0.2177631578947368,0.8097169399261475,143.0,f1,0.4469298245614035
Airports-Brazil,gat,Raw features -> UMAP -> Delaunay,12359,0.5,0.4987179487179487,0.3333333333333333,0.3309703368526898,1.3777995109558103,119.0,f1,0.4987179487179487
Airports-Brazil,gat,Raw features -> UMAP -> Delaunay,12360,0.5769230769230769,0.5694805194805195,0.2592592592592592,0.2594322344322344,1.17750084400177,70.0,f1,0.5694805194805195
Airports-Brazil,gat,Raw features -> UMAP -> Delaunay,12361,0.4230769230769231,0.3992424242424242,0.1851851851851851,0.1725378787878788,0.5252926349639893,230.0,f1,0.3992424242424242
Airports-Brazil,gat,Raw features -> UMAP -> Delaunay,12362,0.4230769230769231,0.4109307359307359,0.4814814814814814,0.4535296574770259,1.6315525770187378,51.0,f1,0.4109307359307359
Airports-Brazil,gat,Raw features -> UMAP -> Delaunay,12363,0.5,0.483974358974359,0.2592592592592592,0.2647527910685805,1.146896481513977,94.0,f1,0.483974358974359
Airports-Brazil,gat,Raw features -> UMAP -> Delaunay,12364,0.4615384615384615,0.4310897435897436,0.1481481481481481,0.1392045454545454,1.2498258352279663,228.0,f1,0.4310897435897436
Airports-Brazil,gat,Raw features -> UMAP -> Delaunay,12365,0.5,0.4374595992243051,0.2592592592592592,0.2489190548014077,1.2481393814086914,51.0,f1,0.4374595992243051
Airports-Brazil,gat,Raw features -> UMAP -> Delaunay,12366,0.3846153846153846,0.3886904761904761,0.2222222222222222,0.2177655677655677,1.9096235036849976,33.0,f1,0.3886904761904761
Airports-Brazil,gat,Raw features -> UMAP -> Delaunay,12367,0.3846153846153846,0.3567210567210567,0.2962962962962963,0.2791666666666667,1.0075372457504272,129.0,f1,0.3567210567210567
Airports-Brazil,gat,Raw features -> UMAP -> Delaunay,12368,0.3846153846153846,0.4039918414918415,0.1481481481481481,0.1398809523809523,1.329388976097107,41.0,f1,0.4039918414918415
Airports-Brazil,gat,Raw features -> UMAP -> Delaunay,12369,0.4230769230769231,0.3770833333333333,0.1851851851851851,0.1680161943319838,1.2490395307540894,43.0,f1,0.3770833333333333
Airports-Brazil,gat,Raw features -> UMAP -> Delaunay,12370,0.3846153846153846,0.3751248751248751,0.2592592592592592,0.2375,1.7516824007034302,29.0,f1,0.3751248751248751
Airports-Brazil,gat,Raw features -> UMAP -> Delaunay,12371,0.4615384615384615,0.4388827546722283,0.2962962962962963,0.2570512820512821,0.2793962359428406,308.0,f1,0.4388827546722283
Airports-Brazil,gat,Raw features -> UMAP -> Delaunay,12372,0.3846153846153846,0.3850815850815851,0.2222222222222222,0.2041666666666666,1.0162216424942017,55.0,f1,0.3850815850815851
Airports-Brazil,gat,Raw features -> UMAP -> Delaunay,12373,0.5,0.4944383102277839,0.1851851851851851,0.175,1.5426387786865234,48.0,f1,0.4944383102277839
Airports-Brazil,gat,Raw features -> UMAP -> Delaunay,12374,0.3461538461538461,0.3369532428355958,0.4444444444444444,0.4158926728586171,3.129348039627075,89.0,f1,0.3369532428355958
Airports-Brazil,gat,Raw features -> UMAP -> Delaunay,12375,0.4615384615384615,0.4619601889338731,0.2592592592592592,0.2488782051282051,1.6500747203826904,29.0,f1,0.4619601889338731
Airports-Brazil,gat,Raw features -> UMAP -> Delaunay,12376,0.3461538461538461,0.3225378787878787,0.3333333333333333,0.2987179487179487,1.821679949760437,28.0,f1,0.3225378787878787
Airports-Brazil,gat,Raw features -> UMAP -> Delaunay,12377,0.4230769230769231,0.4255368814192343,0.2222222222222222,0.1773504273504273,1.3525896072387695,29.0,f1,0.4255368814192343
Airports-Brazil,gat,Raw features -> UMAP -> Delaunay,12378,0.3846153846153846,0.3640873015873015,0.4074074074074074,0.3175438596491228,1.148074984550476,83.0,f1,0.3640873015873015
Airports-Brazil,gat,Raw features -> UMAP -> Delaunay,12379,0.4615384615384615,0.4295985060690943,0.2592592592592592,0.194078947368421,0.9160259962081908,211.0,f1,0.4295985060690943
Airports-Brazil,gat,Raw features -> UMAP -> Delaunay,12380,0.4615384615384615,0.4661255411255411,0.3333333333333333,0.2916666666666667,1.247620940208435,160.0,f1,0.4661255411255411
Airports-Brazil,gat,Raw features -> UMAP -> Delaunay,12381,0.3461538461538461,0.3437499999999999,0.3333333333333333,0.2083333333333333,1.2890141010284424,36.0,f1,0.3437499999999999
Airports-Brazil,gat,Raw features -> UMAP -> Delaunay,12382,0.3846153846153846,0.4025974025974025,0.2962962962962963,0.2612368024132729,0.4940648078918457,233.0,f1,0.4025974025974025
Airports-Brazil,gat,Raw features -> UMAP -> Delaunay,12383,0.4230769230769231,0.4304029304029304,0.2962962962962963,0.304507992007992,0.3094597160816192,270.0,f1,0.4304029304029304
Airports-Brazil,gat,Raw features -> UMAP -> Delaunay,12384,0.3846153846153846,0.3706709956709956,0.4074074074074074,0.3427960927960928,0.9842350482940674,58.0,f1,0.3706709956709956
Airports-Brazil,gat,Raw features -> UMAP -> Delaunay,12385,0.4230769230769231,0.4042735042735043,0.3333333333333333,0.3015527950310558,1.661082744598389,32.0,f1,0.4042735042735043
Airports-Brazil,gat,Raw features -> UMAP -> Delaunay,12386,0.3846153846153846,0.3658119658119658,0.1851851851851851,0.1812011517893871,3.5072221755981445,25.0,f1,0.3658119658119658
Airports-Brazil,gat,Raw features -> UMAP -> Delaunay,12387,0.3846153846153846,0.3946608946608946,0.3333333333333333,0.2787581699346405,7.248808860778809,139.0,f1,0.3946608946608946
Airports-Brazil,gat,Raw features -> UMAP -> Delaunay,12388,0.4615384615384615,0.4345238095238095,0.3333333333333333,0.3189033189033189,1.2453653812408447,180.0,f1,0.4345238095238095
Airports-Brazil,gat,Raw features -> UMAP -> Delaunay,12389,0.4230769230769231,0.4277777777777778,0.1481481481481481,0.1491758241758241,0.4089114665985107,231.0,f1,0.4277777777777778
Airports-Brazil,gat,Raw features -> UMAP -> Delaunay,12390,0.4615384615384615,0.4498834498834498,0.2962962962962963,0.3167388167388167,5.174273014068604,110.0,f1,0.4498834498834498
Airports-Brazil,gat,Raw features -> UMAP -> Delaunay,12391,0.5769230769230769,0.5676937441643324,0.3333333333333333,0.316058941058941,4.591149806976318,88.0,f1,0.5676937441643324
Airports-Brazil,gat,Raw features -> UMAP -> Delaunay,12392,0.3846153846153846,0.3297979797979798,0.2592592592592592,0.2452380952380952,1.050548076629639,95.0,f1,0.3297979797979798
Airports-Brazil,gat,Raw features -> UMAP -> Delaunay,12393,0.3846153846153846,0.346031746031746,0.2222222222222222,0.2203733766233766,1.2069100141525269,100.0,f1,0.346031746031746
Airports-Brazil,gat,Raw features -> UMAP -> Delaunay,12394,0.3846153846153846,0.3988095238095238,0.2592592592592592,0.2122807017543859,1.1111222505569458,63.0,f1,0.3988095238095238
Airports-Brazil,gat,Raw features -> UMAP -> Delaunay,12395,0.4615384615384615,0.3857142857142857,0.1851851851851851,0.13,9.42560863494873,14.0,f1,0.3857142857142857
Airports-Brazil,gat,Raw features -> UMAP -> Delaunay,12396,0.4230769230769231,0.3949765512265512,0.3703703703703703,0.3206477732793522,2.610959529876709,269.0,f1,0.3949765512265512
Airports-Brazil,gat,Raw features -> UMAP -> Delaunay,12397,0.4615384615384615,0.4583333333333333,0.3333333333333333,0.3416666666666667,1.4871492385864258,54.0,f1,0.4583333333333333
Airports-Brazil,gat,Raw features -> UMAP -> Delaunay,12398,0.3076923076923077,0.3046987734487734,0.3333333333333333,0.2581699346405228,3.2805774211883545,18.0,f1,0.3046987734487734
Airports-Brazil,gat,Raw features -> UMAP -> Delaunay,12399,0.5,0.5044955044955045,0.1481481481481481,0.1491758241758241,0.3291045427322387,216.0,f1,0.5044955044955045
Airports-Brazil,gat,Raw features -> UMAP -> Delaunay,12400,0.5,0.5189976689976691,0.2592592592592592,0.2384615384615384,1.8580563068389893,30.0,f1,0.5189976689976691
Airports-Brazil,gat,Raw features -> UMAP -> Delaunay,12401,0.4230769230769231,0.4217171717171717,0.1851851851851851,0.1604166666666666,3.176763772964477,217.0,f1,0.4217171717171717
Airports-Brazil,gat,Raw features -> UMAP -> Delaunay,12402,0.4615384615384615,0.4383116883116883,0.2222222222222222,0.2114209320091672,0.6089736223220825,124.0,f1,0.4383116883116883
Airports-Brazil,gat,Raw features -> UMAP -> Delaunay,12403,0.3461538461538461,0.3469967532467533,0.2962962962962963,0.2875359934183463,1.6719387769699097,45.0,f1,0.3469967532467533
Airports-Brazil,gat,Raw features -> UMAP -> Delaunay,12404,0.4615384615384615,0.4415750915750915,0.3333333333333333,0.3216513878278584,0.8507748246192932,149.0,f1,0.4415750915750915
Airports-Brazil,gat,Raw features -> UMAP -> Delaunay,12405,0.4230769230769231,0.35,0.3333333333333333,0.2958333333333333,2.221527338027954,12.0,f1,0.35
Airports-Brazil,gat,Raw features -> UMAP -> Delaunay,12406,0.5769230769230769,0.5645824763471823,0.1111111111111111,0.1009615384615384,1.2065173387527466,227.0,f1,0.5645824763471823
Airports-Brazil,gat,Raw features -> UMAP -> Delaunay,12407,0.3461538461538461,0.3652777777777777,0.2222222222222222,0.2203208556149732,1.2822672128677368,31.0,f1,0.3652777777777777
Airports-Brazil,gat,Raw features -> UMAP -> Delaunay,12408,0.4615384615384615,0.4257352941176471,0.2592592592592592,0.2418831168831168,0.9901167750358582,73.0,f1,0.4257352941176471
Airports-Brazil,gat,Raw features -> UMAP -> Delaunay,12409,0.4615384615384615,0.4350378787878788,0.3333333333333333,0.296594427244582,1.1179801225662231,42.0,f1,0.4350378787878788
Airports-Brazil,gat,Raw features -> UMAP -> Delaunay,12410,0.4615384615384615,0.3731060606060606,0.3333333333333333,0.2825174825174825,4.373142242431641,13.0,f1,0.3731060606060606
Airports-Brazil,gat,Raw features -> UMAP -> Delaunay,12411,0.5,0.4805555555555555,0.2592592592592592,0.2282529239766081,1.3009796142578125,244.0,f1,0.4805555555555555
Airports-Brazil,gat,Raw features -> UMAP -> Delaunay,12412,0.3846153846153846,0.3674603174603174,0.4814814814814814,0.4665032679738562,0.8561832904815674,124.0,f1,0.3674603174603174
Airports-Brazil,gat,Raw features -> UMAP -> Delaunay,12413,0.3461538461538461,0.3435897435897436,0.2592592592592592,0.257175177763413,0.9133580327033995,182.0,f1,0.3435897435897436
Airports-Brazil,gat,Raw features -> UMAP -> Delaunay,12414,0.4615384615384615,0.4443223443223443,0.4444444444444444,0.449270990447461,3.0902905464172363,20.0,f1,0.4443223443223443
Airports-Brazil,gat,Raw features -> UMAP -> Delaunay,12415,0.3461538461538461,0.3461538461538462,0.2222222222222222,0.2114209320091672,4.242591381072998,162.0,f1,0.3461538461538462
Airports-Brazil,gat,Raw features -> UMAP -> Delaunay,12416,0.5,0.4618055555555554,0.2592592592592592,0.2182539682539682,2.134551763534546,32.0,f1,0.4618055555555554
Airports-Brazil,gat,Raw features -> UMAP -> Delaunay,12417,0.5384615384615384,0.5349206349206349,0.2222222222222222,0.1912878787878787,2.9788339138031006,29.0,f1,0.5349206349206349
Airports-Brazil,gat,Raw features -> UMAP -> Delaunay,12418,0.5,0.4668552036199095,0.2592592592592592,0.2178321678321678,1.5473171472549438,39.0,f1,0.4668552036199095
Airports-Brazil,gat,Raw features -> UMAP -> Delaunay,12419,0.4615384615384615,0.4406926406926407,0.2962962962962963,0.2901785714285714,0.9031381011009216,91.0,f1,0.4406926406926407
Airports-Brazil,gat,Raw features -> UMAP -> Delaunay,12420,0.3846153846153846,0.3933913308913309,0.1851851851851851,0.1785714285714285,0.3433935642242431,245.0,f1,0.3933913308913309
Airports-Brazil,gat,Raw features -> UMAP -> Delaunay,12421,0.3461538461538461,0.3489219114219114,0.4074074074074074,0.3923611111111111,0.5947158336639404,254.0,f1,0.3489219114219114
Airports-Brazil,gat,Raw features -> UMAP -> Delaunay,12422,0.4230769230769231,0.4254079254079254,0.2592592592592592,0.275082760376878,0.649567723274231,152.0,f1,0.4254079254079254
Airports-Brazil,gat,Raw features -> UMAP -> Delaunay,12423,0.3846153846153846,0.3779034690799397,0.2592592592592592,0.2700757575757576,0.6484834551811218,97.0,f1,0.3779034690799397
Airports-Brazil,gat,Raw features -> UMAP -> Delaunay,12424,0.4615384615384615,0.4702865761689291,0.1481481481481481,0.1111111111111111,2.0718650817871094,20.0,f1,0.4702865761689291
Airports-Brazil,gat,Raw features -> UMAP -> Delaunay,12425,0.5,0.4840659340659341,0.2592592592592592,0.253030303030303,0.8376082181930542,95.0,f1,0.4840659340659341
Airports-Brazil,gat,Raw features -> UMAP -> Delaunay,12426,0.4615384615384615,0.446031746031746,0.4074074074074074,0.3623481781376518,1.3316285610198977,73.0,f1,0.446031746031746
Airports-Brazil,gat,Raw features -> UMAP -> Delaunay,12427,0.5,0.494047619047619,0.3333333333333333,0.3379120879120879,0.8246172666549683,119.0,f1,0.494047619047619
Airports-Brazil,gat,Raw features -> UMAP -> Delaunay,12428,0.3461538461538461,0.3531897926634769,0.2592592592592592,0.2396616541353383,1.3070716857910156,42.0,f1,0.3531897926634769
Airports-Brazil,gat,Raw features -> UMAP -> Delaunay,12429,0.3461538461538461,0.3194444444444444,0.2592592592592592,0.2408424908424908,0.9441983103752136,89.0,f1,0.3194444444444444
Airports-Brazil,gat,Raw features -> UMAP -> Delaunay,12430,0.4615384615384615,0.4439560439560439,0.2592592592592592,0.2130952380952381,2.494297742843628,198.0,f1,0.4439560439560439
Airports-Brazil,gat,Raw features -> UMAP -> Delaunay,12431,0.4230769230769231,0.4109307359307359,0.2592592592592592,0.2573593073593073,1.5042935609817505,30.0,f1,0.4109307359307359
Airports-Brazil,gat,Raw features -> UMAP -> Delaunay,12432,0.4615384615384615,0.4591291061879298,0.3333333333333333,0.3077055383556931,2.0891270637512207,32.0,f1,0.4591291061879298
Airports-Brazil,gat,Raw features -> UMAP -> Delaunay,12433,0.5,0.4700603318250377,0.1481481481481481,0.13125,1.563598871231079,45.0,f1,0.4700603318250377
Airports-Brazil,gat,Raw features -> UMAP -> Delaunay,12434,0.4230769230769231,0.4129807692307692,0.2222222222222222,0.2153846153846154,0.8155587315559387,197.0,f1,0.4129807692307692
Airports-Brazil,gat,Raw features -> UMAP -> Delaunay,12435,0.4615384615384615,0.4601731601731601,0.4444444444444444,0.3996212121212121,2.7721710205078125,21.0,f1,0.4601731601731601
Airports-Brazil,gat,Raw features -> UMAP -> Delaunay,12436,0.3076923076923077,0.3151515151515151,0.4814814814814814,0.433516081871345,0.7704047560691833,144.0,f1,0.3151515151515151
Airports-Brazil,gat,Raw features -> UMAP -> Delaunay,12437,0.5,0.4986263736263736,0.2962962962962963,0.2718253968253968,1.039870023727417,43.0,f1,0.4986263736263736
Airports-Brazil,gat,Raw features -> UMAP -> Delaunay,12438,0.4615384615384615,0.4594155844155844,0.2962962962962963,0.2892628205128205,0.781946063041687,67.0,f1,0.4594155844155844
Airports-Brazil,gat,Raw features -> UMAP -> Delaunay,12439,0.3846153846153846,0.342189608636977,0.1851851851851851,0.1409774436090225,0.7406960129737854,127.0,f1,0.342189608636977
Airports-Brazil,gat,Raw features -> UMAP -> Delaunay,12440,0.5,0.4759469696969696,0.1851851851851851,0.1741071428571428,1.286193609237671,66.0,f1,0.4759469696969696
Airports-Brazil,gat,Raw features -> UMAP -> Delaunay,12441,0.3461538461538461,0.3196428571428571,0.3333333333333333,0.2981740481740482,8.715682983398438,16.0,f1,0.3196428571428571
Airports-Brazil,gat,Raw features -> UMAP -> Delaunay,12442,0.4615384615384615,0.4520334928229665,0.1851851851851851,0.1964285714285714,1.4438931941986084,108.0,f1,0.4520334928229665
Airports-Brazil,gat,Raw features -> UMAP -> Delaunay,12443,0.3846153846153846,0.3932692307692308,0.1481481481481481,0.1111111111111111,0.941717267036438,171.0,f1,0.3932692307692308
Airports-Brazil,gat,Raw features -> UMAP -> Delaunay,12444,0.4230769230769231,0.4424533799533799,0.3333333333333333,0.3223622782446311,2.07403826713562,25.0,f1,0.4424533799533799
Roman-Empire,gcn,Raw features -> UMAP -> Delaunay,12345,0.6198985219501434,0.5122917778821181,0.5943084050297816,0.4789023240663083,0.8320246338844299,400.0,f1,0.5122917778821181
Roman-Empire,gcn,Raw features -> UMAP -> Delaunay,12346,0.599823516435032,0.4945672054361221,0.6082064857710126,0.4924931130401035,0.8190127015113831,396.0,f1,0.4945672054361221
Roman-Empire,gcn,Raw features -> UMAP -> Delaunay,12347,0.5965144495918817,0.4867596843391884,0.599823516435032,0.4879901827009568,0.8220753073692322,392.0,f1,0.4867596843391884
Roman-Empire,gcn,Raw features -> UMAP -> Delaunay,12348,0.5969556585043018,0.4919113990051836,0.5872490624310611,0.4894005674995106,0.8154205083847046,398.0,f1,0.4919113990051836
Roman-Empire,gcn,Raw features -> UMAP -> Delaunay,12349,0.5923229649238915,0.4855791822739304,0.5987204941539819,0.4964916651166161,0.8402962684631348,396.0,f1,0.4855791822739304
Roman-Empire,gcn,Raw features -> UMAP -> Delaunay,12350,0.5976174718729318,0.481665413993015,0.6126185748952129,0.5050446885356057,0.8274138569831848,400.0,f1,0.481665413993015
Roman-Empire,gcn,Raw features -> UMAP -> Delaunay,12351,0.6115155526141628,0.4989439591604399,0.5907787337304213,0.4729048114139478,0.8264601826667786,399.0,f1,0.4989439591604399
Roman-Empire,gcn,Raw features -> UMAP -> Delaunay,12352,0.6071034634899625,0.4836713083229767,0.6062210456651225,0.4826537253169753,0.839227557182312,400.0,f1,0.4836713083229767
Roman-Empire,gcn,Raw features -> UMAP -> Delaunay,12353,0.6044562100154424,0.4945895826178008,0.6062210456651225,0.489903269382048,0.8324207067489624,400.0,f1,0.4945895826178008
Roman-Empire,gcn,Raw features -> UMAP -> Delaunay,12354,0.5973968674167218,0.4872070949226629,0.6132803882638429,0.500982321730374,0.8320357203483582,399.0,f1,0.4872070949226629
Roman-Empire,gcn,Raw features -> UMAP -> Delaunay,12355,0.6101919258769027,0.4945783871798873,0.6112949481579528,0.5035408462723477,0.8297890424728394,399.0,f1,0.4945783871798873
Roman-Empire,gcn,Raw features -> UMAP -> Delaunay,12356,0.6101919258769027,0.5041012414034934,0.600485329803662,0.485644007812634,0.8281431794166565,400.0,f1,0.5041012414034934
Roman-Empire,gcn,Raw features -> UMAP -> Delaunay,12357,0.6057798367527024,0.493721323283602,0.6099713214206927,0.4967577491660761,0.83619225025177,400.0,f1,0.493721323283602
Roman-Empire,gcn,Raw features -> UMAP -> Delaunay,12358,0.6053386278402824,0.4951959186483193,0.5921023604676815,0.4757306462692502,0.8279358744621277,399.0,f1,0.4951959186483193
Roman-Empire,gcn,Raw features -> UMAP -> Delaunay,12359,0.6060004412089124,0.4976951732569384,0.5890138980807412,0.4799227209213771,0.8240965008735657,397.0,f1,0.4976951732569384
Roman-Empire,gcn,Raw features -> UMAP -> Delaunay,12360,0.6097507169644827,0.501955253462054,0.6053386278402824,0.4903900679156854,0.8524543046951294,396.0,f1,0.501955253462054
Roman-Empire,gcn,Raw features -> UMAP -> Delaunay,12361,0.6035737921906023,0.4920770336456619,0.6073240679461726,0.5018502035112928,0.8297174572944641,400.0,f1,0.4920770336456619
Roman-Empire,gcn,Raw features -> UMAP -> Delaunay,12362,0.6007059342598721,0.4917305211063335,0.613721597176263,0.4947703717371096,0.8261376023292542,400.0,f1,0.4917305211063335
Roman-Empire,gcn,Raw features -> UMAP -> Delaunay,12363,0.6128391793514228,0.4910055464412031,0.6040150011030223,0.4856410634571238,0.8259774446487427,398.0,f1,0.4910055464412031
Roman-Empire,gcn,Raw features -> UMAP -> Delaunay,12364,0.6115155526141628,0.5043385348626913,0.6084270902272226,0.493789248753903,0.8342788815498352,399.0,f1,0.5043385348626913
Roman-Empire,gcn,Raw features -> UMAP -> Delaunay,12365,0.6128391793514228,0.507722621906639,0.6037943966468122,0.5016252599533624,0.8387249708175659,398.0,f1,0.507722621906639
Roman-Empire,gcn,Raw features -> UMAP -> Delaunay,12366,0.6077652768585925,0.5023713069013261,0.5971762629605118,0.4889812463641337,0.8172117471694946,399.0,f1,0.5023713069013261
Roman-Empire,gcn,Raw features -> UMAP -> Delaunay,12367,0.6029119788219722,0.4844708802891868,0.6095301125082727,0.4889562084488741,0.8204048275947571,400.0,f1,0.4844708802891868
Roman-Empire,gcn,Raw features -> UMAP -> Delaunay,12368,0.614824619457313,0.5072096043157972,0.6015883520847121,0.4891025127047055,0.8303572535514832,399.0,f1,0.5072096043157972
Roman-Empire,gcn,Raw features -> UMAP -> Delaunay,12369,0.6101919258769027,0.500854553720743,0.6068828590337525,0.4973265567981959,0.8270197510719299,399.0,f1,0.500854553720743
Roman-Empire,gcn,Raw features -> UMAP -> Delaunay,12370,0.6110743437017427,0.4911609478519126,0.5987204941539819,0.4846745769454914,0.8316273093223572,400.0,f1,0.4911609478519126
Roman-Empire,gcn,Raw features -> UMAP -> Delaunay,12371,0.6104125303331127,0.4922761204786171,0.6170306640194132,0.5058011401025345,0.8425957560539246,400.0,f1,0.4922761204786171
Roman-Empire,gcn,Raw features -> UMAP -> Delaunay,12372,0.6139422016324729,0.5040157350387028,0.6035737921906023,0.4824239397885159,0.8354809880256653,397.0,f1,0.5040157350387028
Roman-Empire,gcn,Raw features -> UMAP -> Delaunay,12373,0.6046768144716523,0.4833006529794313,0.6033531877343923,0.4907638493088909,0.8246005773544312,399.0,f1,0.4833006529794313
Roman-Empire,gcn,Raw features -> UMAP -> Delaunay,12374,0.5936465916611515,0.4749707740752747,0.6075446724023825,0.4968551933651995,0.8240323066711426,399.0,f1,0.4749707740752747
Roman-Empire,gcn,Raw features -> UMAP -> Delaunay,12375,0.6057798367527024,0.49631524461236,0.5956320317670417,0.4890123247546118,0.8246289491653442,398.0,f1,0.49631524461236
Roman-Empire,gcn,Raw features -> UMAP -> Delaunay,12376,0.6035737921906023,0.4839769425605792,0.5954114273108316,0.4672619384705741,0.8211485743522644,398.0,f1,0.4839769425605792
Roman-Empire,gcn,Raw features -> UMAP -> Delaunay,12377,0.5927641738363115,0.4812014692479582,0.5949702183984117,0.484999704209743,0.8050858378410339,399.0,f1,0.4812014692479582
Roman-Empire,gcn,Raw features -> UMAP -> Delaunay,12378,0.5932053827487315,0.4897316428472724,0.5956320317670417,0.4989566077329317,0.8082610368728638,397.0,f1,0.4897316428472724
Roman-Empire,gcn,Raw features -> UMAP -> Delaunay,12379,0.6090889035958527,0.5019887606076343,0.6104125303331127,0.4969332831182375,0.8360046148300171,400.0,f1,0.5019887606076343
Roman-Empire,gcn,Raw features -> UMAP -> Delaunay,12380,0.6044562100154424,0.4898965965753416,0.5973968674167218,0.4916351149609184,0.8315348029136658,400.0,f1,0.4898965965753416
Roman-Empire,gcn,Raw features -> UMAP -> Delaunay,12381,0.6104125303331127,0.4884913561156987,0.6051180233840724,0.4920366175190169,0.8201490044593811,398.0,f1,0.4884913561156987
Roman-Empire,gcn,Raw features -> UMAP -> Delaunay,12382,0.6073240679461726,0.4924969530533896,0.6060004412089124,0.4984383178979156,0.841738760471344,400.0,f1,0.4924969530533896
Roman-Empire,gcn,Raw features -> UMAP -> Delaunay,12383,0.6139422016324729,0.4919251318773754,0.6110743437017427,0.4958033370925604,0.8368260860443115,400.0,f1,0.4919251318773754
Roman-Empire,gcn,Raw features -> UMAP -> Delaunay,12384,0.6066622545775424,0.4919077936215062,0.6068828590337525,0.4880070736025989,0.8311299085617065,391.0,f1,0.4919077936215062
Roman-Empire,gcn,Raw features -> UMAP -> Delaunay,12385,0.6075446724023825,0.4898909489939878,0.6075446724023825,0.4861597508268281,0.8163646459579468,400.0,f1,0.4898909489939878
Roman-Empire,gcn,Raw features -> UMAP -> Delaunay,12386,0.6106331347893228,0.4946986010277072,0.6115155526141628,0.4973031401399527,0.8309820890426636,400.0,f1,0.4946986010277072
Roman-Empire,gcn,Raw features -> UMAP -> Delaunay,12387,0.614162806088683,0.5059213042555813,0.6015883520847121,0.4886930235082279,0.841601550579071,400.0,f1,0.5059213042555813
Roman-Empire,gcn,Raw features -> UMAP -> Delaunay,12388,0.6123979704390029,0.502147505433092,0.6048974189278623,0.5004731668714775,0.8358399868011475,400.0,f1,0.502147505433092
Roman-Empire,gcn,Raw features -> UMAP -> Delaunay,12389,0.6104125303331127,0.4982272545728559,0.6121773659827928,0.4992609667993578,0.8254274725914001,400.0,f1,0.4982272545728559
Roman-Empire,gcn,Raw features -> UMAP -> Delaunay,12390,0.6214427531436135,0.5003999301848706,0.5987204941539819,0.4782255306677179,0.8289041519165039,394.0,f1,0.5003999301848706
Roman-Empire,gcn,Raw features -> UMAP -> Delaunay,12391,0.6121773659827928,0.5026851736953256,0.6040150011030223,0.4896659602261183,0.8291467428207397,400.0,f1,0.5026851736953256
Roman-Empire,gcn,Raw features -> UMAP -> Delaunay,12392,0.5978380763291419,0.4919625989848041,0.6121773659827928,0.501908684022257,0.813905656337738,400.0,f1,0.4919625989848041
Roman-Empire,gcn,Raw features -> UMAP -> Delaunay,12393,0.6013677476285021,0.4950322583781669,0.5912199426428414,0.4868046586935064,0.817385196685791,400.0,f1,0.4950322583781669
Roman-Empire,gcn,Raw features -> UMAP -> Delaunay,12394,0.6066622545775424,0.4910901962960329,0.6104125303331127,0.4933803761481858,0.8342621922492981,396.0,f1,0.4910901962960329
Roman-Empire,gcn,Raw features -> UMAP -> Delaunay,12395,0.6075446724023825,0.5010383166062685,0.6048974189278623,0.489718966612129,0.8315859436988831,397.0,f1,0.5010383166062685
Roman-Empire,gcn,Raw features -> UMAP -> Delaunay,12396,0.6073240679461726,0.5018013651304715,0.6060004412089124,0.5093393099346778,0.8283687829971313,398.0,f1,0.5018013651304715
Roman-Empire,gcn,Raw features -> UMAP -> Delaunay,12397,0.6031325832781822,0.4918778093202061,0.6073240679461726,0.4915739478778089,0.8272525072097778,397.0,f1,0.4918778093202061
Roman-Empire,gcn,Raw features -> UMAP -> Delaunay,12398,0.6090889035958527,0.4876994996385537,0.6082064857710126,0.4871295764973151,0.8281545042991638,396.0,f1,0.4876994996385537
Roman-Empire,gcn,Raw features -> UMAP -> Delaunay,12399,0.5947496139422016,0.4848892393977574,0.6046768144716523,0.4774991788736631,0.825473427772522,399.0,f1,0.4848892393977574
Roman-Empire,gcn,Raw features -> UMAP -> Delaunay,12400,0.599602911978822,0.4857609175559802,0.6040150011030223,0.4833889713464613,0.8347781300544739,400.0,f1,0.4857609175559802
Roman-Empire,gcn,Raw features -> UMAP -> Delaunay,12401,0.6174718729318333,0.5073106355934112,0.6073240679461726,0.4815269671455487,0.8361239433288574,400.0,f1,0.5073106355934112
Roman-Empire,gcn,Raw features -> UMAP -> Delaunay,12402,0.6035737921906023,0.4922738329589712,0.6077652768585925,0.4906989448426397,0.8242203593254089,400.0,f1,0.4922738329589712
Roman-Empire,gcn,Raw features -> UMAP -> Delaunay,12403,0.6101919258769027,0.4828860835898248,0.6066622545775424,0.4961487001671382,0.8284764289855957,397.0,f1,0.4828860835898248
Roman-Empire,gcn,Raw features -> UMAP -> Delaunay,12404,0.6031325832781822,0.5008882523343998,0.600485329803662,0.4948570721167826,0.8307610154151917,400.0,f1,0.5008882523343998
Roman-Empire,gcn,Raw features -> UMAP -> Delaunay,12405,0.6185748952128833,0.5131182313559415,0.6082064857710126,0.5063603992090165,0.8372905254364014,400.0,f1,0.5131182313559415
Roman-Empire,gcn,Raw features -> UMAP -> Delaunay,12406,0.5943084050297816,0.4909331238154444,0.5993823075226119,0.4939477890344553,0.8223451972007751,396.0,f1,0.4909331238154444
Roman-Empire,gcn,Raw features -> UMAP -> Delaunay,12407,0.6110743437017427,0.5093124360905098,0.6084270902272226,0.5029108505824509,0.8410759568214417,399.0,f1,0.5093124360905098
Roman-Empire,gcn,Raw features -> UMAP -> Delaunay,12408,0.6101919258769027,0.4922084091855485,0.6026913743657621,0.4780376124595207,0.8310752511024475,399.0,f1,0.4922084091855485
Roman-Empire,gcn,Raw features -> UMAP -> Delaunay,12409,0.6051180233840724,0.4980958291336542,0.5918817560114714,0.4894262621144816,0.8230502009391785,400.0,f1,0.4980958291336542
Roman-Empire,gcn,Raw features -> UMAP -> Delaunay,12410,0.5954114273108316,0.4790840963133538,0.6020295609971321,0.4943395205750752,0.8262374401092529,400.0,f1,0.4790840963133538
Roman-Empire,gcn,Raw features -> UMAP -> Delaunay,12411,0.6095301125082727,0.4897133526506032,0.6042356055592323,0.4921275147581925,0.8269751667976379,400.0,f1,0.4897133526506032
Roman-Empire,gcn,Raw features -> UMAP -> Delaunay,12412,0.6110743437017427,0.4911599813463005,0.6071034634899625,0.4887953753456613,0.8246296048164368,399.0,f1,0.4911599813463005
Roman-Empire,gcn,Raw features -> UMAP -> Delaunay,12413,0.5945290094859916,0.4847294769676179,0.5940878005735716,0.485281330444239,0.8221454620361328,400.0,f1,0.4847294769676179
Roman-Empire,gcn,Raw features -> UMAP -> Delaunay,12414,0.5993823075226119,0.4916539880858703,0.6040150011030223,0.491523327192891,0.8329575061798096,400.0,f1,0.4916539880858703
Roman-Empire,gcn,Raw features -> UMAP -> Delaunay,12415,0.6119567615265828,0.4907971048603799,0.5960732406794618,0.4918947859744683,0.8344558477401733,400.0,f1,0.4907971048603799
Roman-Empire,gcn,Raw features -> UMAP -> Delaunay,12416,0.613721597176263,0.5086329400003254,0.6044562100154424,0.4954127771132425,0.8293134570121765,394.0,f1,0.5086329400003254
Roman-Empire,gcn,Raw features -> UMAP -> Delaunay,12417,0.6044562100154424,0.4950548592292017,0.6044562100154424,0.496924244697434,0.8407233357429504,396.0,f1,0.4950548592292017
Roman-Empire,gcn,Raw features -> UMAP -> Delaunay,12418,0.6033531877343923,0.4946873881027344,0.5925435693801014,0.4781747623406878,0.8187167048454285,400.0,f1,0.4946873881027344
Roman-Empire,gcn,Raw features -> UMAP -> Delaunay,12419,0.6044562100154424,0.5056182577725578,0.6040150011030223,0.5029565215471479,0.8247074484825134,399.0,f1,0.5056182577725578
Roman-Empire,gcn,Raw features -> UMAP -> Delaunay,12420,0.6093095080520626,0.5023751981040951,0.6035737921906023,0.4954364219901562,0.8135093450546265,399.0,f1,0.5023751981040951
Roman-Empire,gcn,Raw features -> UMAP -> Delaunay,12421,0.6020295609971321,0.5024202352279841,0.5982792852415619,0.4933230489941717,0.8309168219566345,398.0,f1,0.5024202352279841
Roman-Empire,gcn,Raw features -> UMAP -> Delaunay,12422,0.6152658283697331,0.501497485610635,0.5887932936245313,0.4809615760938752,0.8359376192092896,393.0,f1,0.501497485610635
Roman-Empire,gcn,Raw features -> UMAP -> Delaunay,12423,0.6101919258769027,0.4940093625225574,0.6064416501213324,0.4892630444638521,0.8284017443656921,400.0,f1,0.4940093625225574
Roman-Empire,gcn,Raw features -> UMAP -> Delaunay,12424,0.6068828590337525,0.4845960580420574,0.6119567615265828,0.4946075279593327,0.8427510261535645,400.0,f1,0.4845960580420574
Roman-Empire,gcn,Raw features -> UMAP -> Delaunay,12425,0.6057798367527024,0.4847500468399205,0.6026913743657621,0.479806612910219,0.8444706201553345,400.0,f1,0.4847500468399205
Roman-Empire,gcn,Raw features -> UMAP -> Delaunay,12426,0.6132803882638429,0.4975522980596738,0.6084270902272226,0.4875825920684222,0.8398510813713074,400.0,f1,0.4975522980596738
Roman-Empire,gcn,Raw features -> UMAP -> Delaunay,12427,0.5901169203617913,0.4992292119730888,0.5949702183984117,0.4985761485067592,0.8184136152267456,396.0,f1,0.4992292119730888
Roman-Empire,gcn,Raw features -> UMAP -> Delaunay,12428,0.5993823075226119,0.4871857214434429,0.5991617030664019,0.4789619888308363,0.8185902833938599,400.0,f1,0.4871857214434429
Roman-Empire,gcn,Raw features -> UMAP -> Delaunay,12429,0.5971762629605118,0.4876161656764126,0.5943084050297816,0.4907969171335702,0.826923131942749,400.0,f1,0.4876161656764126
Roman-Empire,gcn,Raw features -> UMAP -> Delaunay,12430,0.5940878005735716,0.4839143128206585,0.6015883520847121,0.4805060790883126,0.8272224068641663,400.0,f1,0.4839143128206585
Roman-Empire,gcn,Raw features -> UMAP -> Delaunay,12431,0.6117361570703729,0.5066473109233791,0.6101919258769027,0.4950200958508606,0.8441025018692017,400.0,f1,0.5066473109233791
Roman-Empire,gcn,Raw features -> UMAP -> Delaunay,12432,0.6033531877343923,0.4806845011937888,0.6044562100154424,0.4839183294465372,0.8390622138977051,399.0,f1,0.4806845011937888
Roman-Empire,gcn,Raw features -> UMAP -> Delaunay,12433,0.614162806088683,0.4983843678801608,0.6066622545775424,0.4937389083743015,0.8238372206687927,399.0,f1,0.4983843678801608
Roman-Empire,gcn,Raw features -> UMAP -> Delaunay,12434,0.6090889035958527,0.4887549287980763,0.6088682991396426,0.4908720669941436,0.8277612924575806,400.0,f1,0.4887549287980763
Roman-Empire,gcn,Raw features -> UMAP -> Delaunay,12435,0.6099713214206927,0.4958233284422196,0.6013677476285021,0.4817750640876078,0.8283014297485352,400.0,f1,0.4958233284422196
Roman-Empire,gcn,Raw features -> UMAP -> Delaunay,12436,0.6015883520847121,0.4920558845788625,0.5958526362232517,0.487229629875503,0.8287603259086609,398.0,f1,0.4920558845788625
Roman-Empire,gcn,Raw features -> UMAP -> Delaunay,12437,0.6073240679461726,0.4890931408267905,0.6060004412089124,0.4877026469605449,0.8288848400115967,400.0,f1,0.4890931408267905
Roman-Empire,gcn,Raw features -> UMAP -> Delaunay,12438,0.6011471431722921,0.4865158095821386,0.6086476946834326,0.4834989845218759,0.8348569869995117,399.0,f1,0.4865158095821386
Roman-Empire,gcn,Raw features -> UMAP -> Delaunay,12439,0.5993823075226119,0.4884089580778201,0.6057798367527024,0.4936291810592749,0.8356786966323853,398.0,f1,0.4884089580778201
Roman-Empire,gcn,Raw features -> UMAP -> Delaunay,12440,0.6042356055592323,0.4922060267859168,0.6152658283697331,0.4994466701548606,0.8263921737670898,394.0,f1,0.4922060267859168
Roman-Empire,gcn,Raw features -> UMAP -> Delaunay,12441,0.6062210456651225,0.4833142893821548,0.613721597176263,0.4936099217179379,0.8433491587638855,400.0,f1,0.4833142893821548
Roman-Empire,gcn,Raw features -> UMAP -> Delaunay,12442,0.6082064857710126,0.5023439429481993,0.6057798367527024,0.4974120509651338,0.8299625515937805,396.0,f1,0.5023439429481993
Roman-Empire,gcn,Raw features -> UMAP -> Delaunay,12443,0.6053386278402824,0.4958779511989429,0.6093095080520626,0.4966713170173152,0.8384639620780945,398.0,f1,0.4958779511989429
Roman-Empire,gcn,Raw features -> UMAP -> Delaunay,12444,0.5993823075226119,0.4880874549215702,0.599602911978822,0.48244395942396,0.8351185321807861,400.0,f1,0.4880874549215702
Roman-Empire,sage,Raw features -> UMAP -> Delaunay,12345,0.6315905581292742,0.5404133301892361,0.613500992720053,0.5167078047743614,0.400318294763565,395.0,f1,0.5404133301892361
Roman-Empire,sage,Raw features -> UMAP -> Delaunay,12346,0.6194573130377233,0.5221347277393733,0.6326935804103243,0.5239532565036553,0.398766428232193,400.0,f1,0.5221347277393733
Roman-Empire,sage,Raw features -> UMAP -> Delaunay,12347,0.6190161041253033,0.5276081291106038,0.6216633575998235,0.5213623127063893,0.3880999088287353,400.0,f1,0.5276081291106038
Roman-Empire,sage,Raw features -> UMAP -> Delaunay,12348,0.628502095742334,0.5234602724174464,0.6132803882638429,0.5091463799673164,0.3987729549407959,392.0,f1,0.5234602724174464
Roman-Empire,sage,Raw features -> UMAP -> Delaunay,12349,0.6201191264063534,0.5176672557441748,0.6196779174939334,0.5127095107022265,0.3967461585998535,399.0,f1,0.5176672557441748
Roman-Empire,sage,Raw features -> UMAP -> Delaunay,12350,0.6238694021619237,0.5166516596321634,0.6218839620560336,0.5264800136269794,0.4014370143413543,398.0,f1,0.5166516596321634
Roman-Empire,sage,Raw features -> UMAP -> Delaunay,12351,0.6181336863004633,0.5167204166557012,0.614162806088683,0.5135846257508025,0.4068747758865356,389.0,f1,0.5167204166557012
Roman-Empire,sage,Raw features -> UMAP -> Delaunay,12352,0.6326935804103243,0.5274416643126334,0.6258548422678138,0.5182282974430268,0.3990727663040161,400.0,f1,0.5274416643126334
Roman-Empire,sage,Raw features -> UMAP -> Delaunay,12353,0.6245312155305537,0.5115924161870877,0.6313699536730641,0.5271356294804469,0.3930851519107818,398.0,f1,0.5115924161870877
Roman-Empire,sage,Raw features -> UMAP -> Delaunay,12354,0.6203397308625634,0.5145509053641851,0.6324729759541142,0.5322563020382125,0.3944382071495056,400.0,f1,0.5145509053641851
Roman-Empire,sage,Raw features -> UMAP -> Delaunay,12355,0.6245312155305537,0.5279439900573156,0.6201191264063534,0.5206896221435576,0.4014849960803985,396.0,f1,0.5279439900573156
Roman-Empire,sage,Raw features -> UMAP -> Delaunay,12356,0.6390911096404147,0.5384815324595587,0.6223251709684535,0.5132390069670953,0.4010592997074127,400.0,f1,0.5384815324595587
Roman-Empire,sage,Raw features -> UMAP -> Delaunay,12357,0.6192367085815134,0.5163956671678773,0.6183542907566733,0.5181337367407197,0.3959741592407226,399.0,f1,0.5163956671678773
Roman-Empire,sage,Raw features -> UMAP -> Delaunay,12358,0.6260754467240238,0.5145477647106553,0.6243106110743437,0.511005633118822,0.3901563882827759,394.0,f1,0.5145477647106553
Roman-Empire,sage,Raw features -> UMAP -> Delaunay,12359,0.6293845135671741,0.5233263128259956,0.6262960511802338,0.5220738215327613,0.4082296788692474,399.0,f1,0.5233263128259956
Roman-Empire,sage,Raw features -> UMAP -> Delaunay,12360,0.6342378116037944,0.5260221398689343,0.6260754467240238,0.5159937501987711,0.399842619895935,400.0,f1,0.5260221398689343
Roman-Empire,sage,Raw features -> UMAP -> Delaunay,12361,0.6214427531436135,0.515790602217475,0.6269578645488639,0.5282109885896251,0.4013986885547638,399.0,f1,0.515790602217475
Roman-Empire,sage,Raw features -> UMAP -> Delaunay,12362,0.6247518199867638,0.5211443250418754,0.6357820427972645,0.5294376910805304,0.402107685804367,396.0,f1,0.5211443250418754
Roman-Empire,sage,Raw features -> UMAP -> Delaunay,12363,0.628281491286124,0.5238342405626203,0.6300463269358041,0.5355114128438396,0.397235244512558,400.0,f1,0.5238342405626203
Roman-Empire,sage,Raw features -> UMAP -> Delaunay,12364,0.6417383631149349,0.5391020296446045,0.6353408338848445,0.5230660529910042,0.4034946858882904,396.0,f1,0.5391020296446045
Roman-Empire,sage,Raw features -> UMAP -> Delaunay,12365,0.6247518199867638,0.5219293100504323,0.6207809397749835,0.5147774777906857,0.4131937026977539,388.0,f1,0.5219293100504323
Roman-Empire,sage,Raw features -> UMAP -> Delaunay,12366,0.6331347893227444,0.5362664934644236,0.6210015442311935,0.5211158748517117,0.4062411189079284,400.0,f1,0.5362664934644236
Roman-Empire,sage,Raw features -> UMAP -> Delaunay,12367,0.6194573130377233,0.5195567931630775,0.6309287447606442,0.5243217271995703,0.3945980370044708,396.0,f1,0.5195567931630775
Roman-Empire,sage,Raw features -> UMAP -> Delaunay,12368,0.6360026472534746,0.5397744281719631,0.614383410544893,0.517345724318462,0.4062374234199524,400.0,f1,0.5397744281719631
Roman-Empire,sage,Raw features -> UMAP -> Delaunay,12369,0.6238694021619237,0.5185489171988595,0.6258548422678138,0.5296424050765132,0.3910154104232788,399.0,f1,0.5185489171988595
Roman-Empire,sage,Raw features -> UMAP -> Delaunay,12370,0.6377674829031547,0.5244949709556608,0.613721597176263,0.5009965426526816,0.397639513015747,400.0,f1,0.5244949709556608
Roman-Empire,sage,Raw features -> UMAP -> Delaunay,12371,0.6340172071475844,0.5299691626053634,0.627619677917494,0.5239001130257381,0.4047150611877441,400.0,f1,0.5299691626053634
Roman-Empire,sage,Raw features -> UMAP -> Delaunay,12372,0.6346790205162144,0.5313675542372057,0.6304875358482241,0.5199541755993384,0.3963985741138458,396.0,f1,0.5313675542372057
Roman-Empire,sage,Raw features -> UMAP -> Delaunay,12373,0.6346790205162144,0.5374661067644224,0.6139422016324729,0.5125508599455438,0.3950338661670685,399.0,f1,0.5374661067644224
Roman-Empire,sage,Raw features -> UMAP -> Delaunay,12374,0.614824619457313,0.5159690542142306,0.6260754467240238,0.5267245609340293,0.3955318033695221,398.0,f1,0.5159690542142306
Roman-Empire,sage,Raw features -> UMAP -> Delaunay,12375,0.6205603353187734,0.5193581000089297,0.614824619457313,0.5141699537401955,0.3915470242500305,397.0,f1,0.5193581000089297
Roman-Empire,sage,Raw features -> UMAP -> Delaunay,12376,0.6234281932495036,0.5136283227568731,0.628502095742334,0.5085086386771647,0.3988491296768188,393.0,f1,0.5136283227568731
Roman-Empire,sage,Raw features -> UMAP -> Delaunay,12377,0.6194573130377233,0.5177431252996718,0.6154864328259431,0.5156662509257356,0.3866963684558868,400.0,f1,0.5177431252996718
Roman-Empire,sage,Raw features -> UMAP -> Delaunay,12378,0.6260754467240238,0.5321766118714497,0.6245312155305537,0.521512260474553,0.3945717513561249,399.0,f1,0.5321766118714497
Roman-Empire,sage,Raw features -> UMAP -> Delaunay,12379,0.6179130818442533,0.5253323660494638,0.6278402823737039,0.529308768324086,0.4016790390014648,400.0,f1,0.5253323660494638
Roman-Empire,sage,Raw features -> UMAP -> Delaunay,12380,0.6251930288991837,0.5212538550934765,0.6196779174939334,0.5201712577810238,0.3947835862636566,397.0,f1,0.5212538550934765
Roman-Empire,sage,Raw features -> UMAP -> Delaunay,12381,0.6185748952128833,0.5100782902533157,0.6187954996690933,0.520443992643698,0.3921473026275635,400.0,f1,0.5100782902533157
Roman-Empire,sage,Raw features -> UMAP -> Delaunay,12382,0.6329141848665343,0.5316613846352375,0.6194573130377233,0.5174072753253723,0.4043000638484955,396.0,f1,0.5316613846352375
Roman-Empire,sage,Raw features -> UMAP -> Delaunay,12383,0.6203397308625634,0.5108936372246912,0.6201191264063534,0.5277959227177798,0.3986376821994781,400.0,f1,0.5108936372246912
Roman-Empire,sage,Raw features -> UMAP -> Delaunay,12384,0.6291639091109641,0.5230041360783423,0.6240900066181337,0.5212306093258152,0.3926397562026977,396.0,f1,0.5230041360783423
Roman-Empire,sage,Raw features -> UMAP -> Delaunay,12385,0.6269578645488639,0.5309803022055788,0.6221045665122436,0.5270967560319103,0.4075430631637573,392.0,f1,0.5309803022055788
Roman-Empire,sage,Raw features -> UMAP -> Delaunay,12386,0.6395323185528348,0.5318633429029244,0.6340172071475844,0.5255523732420042,0.4151558876037597,399.0,f1,0.5318633429029244
Roman-Empire,sage,Raw features -> UMAP -> Delaunay,12387,0.6216633575998235,0.5275730661242908,0.6254136333553938,0.5251407881810483,0.3999592661857605,397.0,f1,0.5275730661242908
Roman-Empire,sage,Raw features -> UMAP -> Delaunay,12388,0.6315905581292742,0.5246942118537254,0.6232075887932936,0.5289461472826661,0.3948857486248016,396.0,f1,0.5246942118537254
Roman-Empire,sage,Raw features -> UMAP -> Delaunay,12389,0.6234281932495036,0.5203439841003379,0.6269578645488639,0.5246088789468,0.3974841237068176,398.0,f1,0.5203439841003379
Roman-Empire,sage,Raw features -> UMAP -> Delaunay,12390,0.6399735274652548,0.5411988820158067,0.6201191264063534,0.5217057040798108,0.400412380695343,398.0,f1,0.5411988820158067
Roman-Empire,sage,Raw features -> UMAP -> Delaunay,12391,0.6221045665122436,0.5183115318848477,0.628943304654754,0.5288283165481338,0.4043245613574981,397.0,f1,0.5183115318848477
Roman-Empire,sage,Raw features -> UMAP -> Delaunay,12392,0.6236487977057137,0.5247289702935211,0.6410765497463049,0.5353161564919113,0.4041418135166168,398.0,f1,0.5247289702935211
Roman-Empire,sage,Raw features -> UMAP -> Delaunay,12393,0.6318111625854842,0.5256777958132757,0.6300463269358041,0.524453746488828,0.3978833258152008,393.0,f1,0.5256777958132757
Roman-Empire,sage,Raw features -> UMAP -> Delaunay,12394,0.6307081403044341,0.5278494966253411,0.6256342378116038,0.5183279517430553,0.4005692601203918,399.0,f1,0.5278494966253411
Roman-Empire,sage,Raw features -> UMAP -> Delaunay,12395,0.629605118023384,0.5262254676398439,0.6273990734612839,0.5138226905043338,0.4020681381225586,400.0,f1,0.5262254676398439
Roman-Empire,sage,Raw features -> UMAP -> Delaunay,12396,0.6260754467240238,0.5329991661581958,0.6196779174939334,0.5259313438387819,0.3970531523227691,398.0,f1,0.5329991661581958
Roman-Empire,sage,Raw features -> UMAP -> Delaunay,12397,0.6190161041253033,0.5159475964623075,0.6249724244429737,0.5237235143416344,0.3933331072330475,394.0,f1,0.5159475964623075
Roman-Empire,sage,Raw features -> UMAP -> Delaunay,12398,0.6247518199867638,0.5164066471169895,0.6300463269358041,0.5217350351803012,0.4020549058914184,400.0,f1,0.5164066471169895
Roman-Empire,sage,Raw features -> UMAP -> Delaunay,12399,0.6174718729318333,0.5199649977777892,0.6170306640194132,0.5136687407552696,0.3896258175373077,400.0,f1,0.5199649977777892
Roman-Empire,sage,Raw features -> UMAP -> Delaunay,12400,0.6256342378116038,0.5276578744869385,0.6234281932495036,0.5106543093898123,0.4008511006832123,400.0,f1,0.5276578744869385
Roman-Empire,sage,Raw features -> UMAP -> Delaunay,12401,0.628281491286124,0.5240978566117236,0.6223251709684535,0.5130707898621875,0.4038611948490143,399.0,f1,0.5240978566117236
Roman-Empire,sage,Raw features -> UMAP -> Delaunay,12402,0.6260754467240238,0.5255257359536804,0.6247518199867638,0.515177879127617,0.4049453735351562,400.0,f1,0.5255257359536804
Roman-Empire,sage,Raw features -> UMAP -> Delaunay,12403,0.6243106110743437,0.5097530686604607,0.6247518199867638,0.5326893665291871,0.3857714533805847,391.0,f1,0.5097530686604607
Roman-Empire,sage,Raw features -> UMAP -> Delaunay,12404,0.6368850650783145,0.5354305294953298,0.6243106110743437,0.5279897730499444,0.4117760956287384,399.0,f1,0.5354305294953298
Roman-Empire,sage,Raw features -> UMAP -> Delaunay,12405,0.6348996249724245,0.5305118560314499,0.6315905581292742,0.5311060331468606,0.3990249633789062,398.0,f1,0.5305118560314499
Roman-Empire,sage,Raw features -> UMAP -> Delaunay,12406,0.6265166556364439,0.5236261326868561,0.6229869843370837,0.5189431909947338,0.4114256203174591,397.0,f1,0.5236261326868561
Roman-Empire,sage,Raw features -> UMAP -> Delaunay,12407,0.6313699536730641,0.5252955091437189,0.6333553937789543,0.5242119319936944,0.4035917520523071,398.0,f1,0.5252955091437189
Roman-Empire,sage,Raw features -> UMAP -> Delaunay,12408,0.6362232517096845,0.5323107325379337,0.6170306640194132,0.5140139826881928,0.3961097598075866,394.0,f1,0.5323107325379337
Roman-Empire,sage,Raw features -> UMAP -> Delaunay,12409,0.6198985219501434,0.5292921844991172,0.6126185748952129,0.5271239336518595,0.4056776463985443,395.0,f1,0.5292921844991172
Roman-Empire,sage,Raw features -> UMAP -> Delaunay,12410,0.6232075887932936,0.5229665348612671,0.6245312155305537,0.5428929481457248,0.3930264413356781,396.0,f1,0.5229665348612671
Roman-Empire,sage,Raw features -> UMAP -> Delaunay,12411,0.6439444076770351,0.5378792968076677,0.6254136333553938,0.523067145342651,0.4037425220012665,393.0,f1,0.5378792968076677
Roman-Empire,sage,Raw features -> UMAP -> Delaunay,12412,0.6309287447606442,0.5294710043895952,0.6201191264063534,0.5129089426997705,0.3955628573894501,400.0,f1,0.5294710043895952
Roman-Empire,sage,Raw features -> UMAP -> Delaunay,12413,0.6227663798808736,0.5213757463636066,0.6225457754246636,0.5188088831181257,0.4077258110046386,396.0,f1,0.5213757463636066
Roman-Empire,sage,Raw features -> UMAP -> Delaunay,12414,0.614383410544893,0.5237930830908966,0.6163688506507832,0.5255101764316135,0.3961093723773956,397.0,f1,0.5237930830908966
Roman-Empire,sage,Raw features -> UMAP -> Delaunay,12415,0.6320317670416943,0.5223706791075874,0.6227663798808736,0.5237771357670323,0.3934586942195892,394.0,f1,0.5223706791075874
Roman-Empire,sage,Raw features -> UMAP -> Delaunay,12416,0.6304875358482241,0.5294519119763825,0.6249724244429737,0.5157234239760901,0.4063649475574493,400.0,f1,0.5294519119763825
Roman-Empire,sage,Raw features -> UMAP -> Delaunay,12417,0.6194573130377233,0.5268104625633376,0.6168100595632032,0.5311309528710465,0.4130941927433014,391.0,f1,0.5268104625633376
Roman-Empire,sage,Raw features -> UMAP -> Delaunay,12418,0.614824619457313,0.5192699449482381,0.6093095080520626,0.5097389190226227,0.3975921869277954,398.0,f1,0.5192699449482381
Roman-Empire,sage,Raw features -> UMAP -> Delaunay,12419,0.6357820427972645,0.5365426710196615,0.628060886829914,0.5319957661507854,0.4022146761417389,398.0,f1,0.5365426710196615
Roman-Empire,sage,Raw features -> UMAP -> Delaunay,12420,0.6223251709684535,0.5276559129219662,0.6198985219501434,0.5318457067907235,0.3966403901576996,394.0,f1,0.5276559129219662
Roman-Empire,sage,Raw features -> UMAP -> Delaunay,12421,0.6256342378116038,0.5282195339033202,0.6194573130377233,0.5236709247622379,0.4079222083091736,397.0,f1,0.5282195339033202
Roman-Empire,sage,Raw features -> UMAP -> Delaunay,12422,0.6335759982351643,0.5274781055120106,0.6187954996690933,0.5136456622243745,0.3967442810535431,399.0,f1,0.5274781055120106
Roman-Empire,sage,Raw features -> UMAP -> Delaunay,12423,0.6304875358482241,0.5255097199387514,0.627619677917494,0.5119232368167086,0.3997513651847839,399.0,f1,0.5255097199387514
Roman-Empire,sage,Raw features -> UMAP -> Delaunay,12424,0.6291639091109641,0.5356696958724515,0.6273990734612839,0.5323677065769972,0.3962685763835907,399.0,f1,0.5356696958724515
Roman-Empire,sage,Raw features -> UMAP -> Delaunay,12425,0.6205603353187734,0.5314760591477367,0.6139422016324729,0.5137587313029779,0.40169158577919,393.0,f1,0.5314760591477367
Roman-Empire,sage,Raw features -> UMAP -> Delaunay,12426,0.6329141848665343,0.5312552280654326,0.6216633575998235,0.5184780892676732,0.4064955711364746,400.0,f1,0.5312552280654326
Roman-Empire,sage,Raw features -> UMAP -> Delaunay,12427,0.613721597176263,0.5176604720939952,0.6179130818442533,0.5219428498713187,0.4032188653945923,397.0,f1,0.5176604720939952
Roman-Empire,sage,Raw features -> UMAP -> Delaunay,12428,0.6273990734612839,0.5241902954064357,0.6216633575998235,0.5125969220843962,0.4092777073383331,400.0,f1,0.5241902954064357
Roman-Empire,sage,Raw features -> UMAP -> Delaunay,12429,0.6181336863004633,0.522714802879152,0.6185748952128833,0.5216775163306967,0.3921520113945007,398.0,f1,0.522714802879152
Roman-Empire,sage,Raw features -> UMAP -> Delaunay,12430,0.6267372600926538,0.5257323032444458,0.6307081403044341,0.5284095327627402,0.3982972204685211,400.0,f1,0.5257323032444458
Roman-Empire,sage,Raw features -> UMAP -> Delaunay,12431,0.6326935804103243,0.5333480790544557,0.6360026472534746,0.5220094497245941,0.4048376977443695,395.0,f1,0.5333480790544557
Roman-Empire,sage,Raw features -> UMAP -> Delaunay,12432,0.6254136333553938,0.5135492232003172,0.614824619457313,0.5060273120854987,0.391021728515625,395.0,f1,0.5135492232003172
Roman-Empire,sage,Raw features -> UMAP -> Delaunay,12433,0.6157070372821531,0.5262120591912575,0.6062210456651225,0.5130341756886188,0.3991673588752746,390.0,f1,0.5262120591912575
Roman-Empire,sage,Raw features -> UMAP -> Delaunay,12434,0.6258548422678138,0.5264309154970017,0.6293845135671741,0.5319368196028901,0.400878369808197,397.0,f1,0.5264309154970017
Roman-Empire,sage,Raw features -> UMAP -> Delaunay,12435,0.6333553937789543,0.5264327749674493,0.6214427531436135,0.5202294330422035,0.3876034915447235,400.0,f1,0.5264327749674493
Roman-Empire,sage,Raw features -> UMAP -> Delaunay,12436,0.6214427531436135,0.5203939225175005,0.6210015442311935,0.5218062678736086,0.3933079540729522,399.0,f1,0.5203939225175005
Roman-Empire,sage,Raw features -> UMAP -> Delaunay,12437,0.6311493492168542,0.5229989787122578,0.6258548422678138,0.5157967691855833,0.4165208637714386,400.0,f1,0.5229989787122578
Roman-Empire,sage,Raw features -> UMAP -> Delaunay,12438,0.6157070372821531,0.5217543205531197,0.6163688506507832,0.5112448423761115,0.4017016589641571,394.0,f1,0.5217543205531197
Roman-Empire,sage,Raw features -> UMAP -> Delaunay,12439,0.6218839620560336,0.516193618169538,0.6234281932495036,0.5226470990354081,0.407475471496582,396.0,f1,0.516193618169538
Roman-Empire,sage,Raw features -> UMAP -> Delaunay,12440,0.6249724244429737,0.5151949806085268,0.6410765497463049,0.5292485223032325,0.3937974870204925,395.0,f1,0.5151949806085268
Roman-Empire,sage,Raw features -> UMAP -> Delaunay,12441,0.6300463269358041,0.5290471552129857,0.6278402823737039,0.5259696337775229,0.4182020127773285,400.0,f1,0.5290471552129857
Roman-Empire,sage,Raw features -> UMAP -> Delaunay,12442,0.6307081403044341,0.5323072582442913,0.6256342378116038,0.5320818995532662,0.4020649790763855,400.0,f1,0.5323072582442913
Roman-Empire,sage,Raw features -> UMAP -> Delaunay,12443,0.614383410544893,0.532771971753141,0.6146040150011031,0.5315172788396452,0.4033576846122741,392.0,f1,0.532771971753141
Roman-Empire,sage,Raw features -> UMAP -> Delaunay,12444,0.6267372600926538,0.5223494209507467,0.6291639091109641,0.5196872369712017,0.3913465142250061,397.0,f1,0.5223494209507467
Roman-Empire,gat,Raw features -> UMAP -> Delaunay,12345,0.6236487977057137,0.5201645475245372,0.6082064857710126,0.4859866922187864,0.7684177756309509,396.0,f1,0.5201645475245372
Roman-Empire,gat,Raw features -> UMAP -> Delaunay,12346,0.6044562100154424,0.4932815058631436,0.6227663798808736,0.5067463296147992,0.7811955809593201,399.0,f1,0.4932815058631436
Roman-Empire,gat,Raw features -> UMAP -> Delaunay,12347,0.6068828590337525,0.4935540663832204,0.6172512684756232,0.5035906097824037,0.7590397596359253,392.0,f1,0.4935540663832204
Roman-Empire,gat,Raw features -> UMAP -> Delaunay,12348,0.614162806088683,0.493610710943609,0.600264725347452,0.4911964334891517,0.7561346888542175,396.0,f1,0.493610710943609
Roman-Empire,gat,Raw features -> UMAP -> Delaunay,12349,0.6064416501213324,0.4919654464359635,0.6082064857710126,0.4955711680847025,0.7631985545158386,397.0,f1,0.4919654464359635
Roman-Empire,gat,Raw features -> UMAP -> Delaunay,12350,0.6042356055592323,0.4796428332152474,0.6196779174939334,0.4986527023996694,0.7674943804740906,393.0,f1,0.4796428332152474
Roman-Empire,gat,Raw features -> UMAP -> Delaunay,12351,0.6194573130377233,0.5020597424559792,0.6101919258769027,0.4917390495967612,0.7703872323036194,400.0,f1,0.5020597424559792
Roman-Empire,gat,Raw features -> UMAP -> Delaunay,12352,0.614824619457313,0.5002175217074715,0.6128391793514228,0.4921991871587218,0.7803848385810852,400.0,f1,0.5002175217074715
Roman-Empire,gat,Raw features -> UMAP -> Delaunay,12353,0.6108537392455328,0.4902459433328878,0.6229869843370837,0.5049995508902752,0.767377495765686,400.0,f1,0.4902459433328878
Roman-Empire,gat,Raw features -> UMAP -> Delaunay,12354,0.6048974189278623,0.489689664000228,0.6159276417383631,0.5049577077346359,0.772007942199707,400.0,f1,0.489689664000228
Roman-Empire,gat,Raw features -> UMAP -> Delaunay,12355,0.6051180233840724,0.4931004123157654,0.6108537392455328,0.5050417043922752,0.7588300108909607,391.0,f1,0.4931004123157654
Roman-Empire,gat,Raw features -> UMAP -> Delaunay,12356,0.6185748952128833,0.5128598179627055,0.6108537392455328,0.4935404367876936,0.7626805305480957,390.0,f1,0.5128598179627055
Roman-Empire,gat,Raw features -> UMAP -> Delaunay,12357,0.6146040150011031,0.4992583257019261,0.6181336863004633,0.4981089358931226,0.7684903740882874,398.0,f1,0.4992583257019261
Roman-Empire,gat,Raw features -> UMAP -> Delaunay,12358,0.6168100595632032,0.4919255730468732,0.6077652768585925,0.4789753972581631,0.7774345278739929,399.0,f1,0.4919255730468732
Roman-Empire,gat,Raw features -> UMAP -> Delaunay,12359,0.6176924773880432,0.5031546210193212,0.6097507169644827,0.5004294277284385,0.7742316126823425,393.0,f1,0.5031546210193212
Roman-Empire,gat,Raw features -> UMAP -> Delaunay,12360,0.6163688506507832,0.4964680814698768,0.6214427531436135,0.4997864973825706,0.7921214699745178,400.0,f1,0.4964680814698768
Roman-Empire,gat,Raw features -> UMAP -> Delaunay,12361,0.6126185748952129,0.4948031860123535,0.6110743437017427,0.5041439516156306,0.760208249092102,400.0,f1,0.4948031860123535
Roman-Empire,gat,Raw features -> UMAP -> Delaunay,12362,0.6057798367527024,0.4934977269548908,0.6196779174939334,0.5056887003854912,0.7600489854812622,400.0,f1,0.4934977269548908
Roman-Empire,gat,Raw features -> UMAP -> Delaunay,12363,0.6187954996690933,0.4992874461636431,0.6176924773880432,0.5020906385268162,0.7698002457618713,400.0,f1,0.4992874461636431
Roman-Empire,gat,Raw features -> UMAP -> Delaunay,12364,0.6300463269358041,0.5134651357405936,0.6210015442311935,0.5000117644219105,0.7985648512840271,399.0,f1,0.5134651357405936
Roman-Empire,gat,Raw features -> UMAP -> Delaunay,12365,0.6240900066181337,0.506217329769581,0.6172512684756232,0.5025481525277026,0.7789784669876099,400.0,f1,0.506217329769581
Roman-Empire,gat,Raw features -> UMAP -> Delaunay,12366,0.6262960511802338,0.4956276073955362,0.6168100595632032,0.4852887108170678,0.7706823348999023,393.0,f1,0.4956276073955362
Roman-Empire,gat,Raw features -> UMAP -> Delaunay,12367,0.6121773659827928,0.4931313008919651,0.6099713214206927,0.4931415464588343,0.7647542953491211,399.0,f1,0.4931313008919651
Roman-Empire,gat,Raw features -> UMAP -> Delaunay,12368,0.6210015442311935,0.5073054458283962,0.614162806088683,0.4877234256601174,0.7659819722175598,400.0,f1,0.5073054458283962
Roman-Empire,gat,Raw features -> UMAP -> Delaunay,12369,0.6205603353187734,0.5001442643997667,0.6099713214206927,0.4894616456112591,0.7852758169174194,390.0,f1,0.5001442643997667
Roman-Empire,gat,Raw features -> UMAP -> Delaunay,12370,0.6163688506507832,0.4907700705878522,0.6123979704390029,0.4821872092959454,0.7700933814048767,399.0,f1,0.4907700705878522
Roman-Empire,gat,Raw features -> UMAP -> Delaunay,12371,0.6170306640194132,0.505908875532145,0.6214427531436135,0.5112948768170641,0.7908278703689575,395.0,f1,0.505908875532145
Roman-Empire,gat,Raw features -> UMAP -> Delaunay,12372,0.6218839620560336,0.5126146758019468,0.6106331347893228,0.4867050236583364,0.7725911736488342,399.0,f1,0.5126146758019468
Roman-Empire,gat,Raw features -> UMAP -> Delaunay,12373,0.6187954996690933,0.4916392384791019,0.6035737921906023,0.4813069314389071,0.7807305455207825,396.0,f1,0.4916392384791019
Roman-Empire,gat,Raw features -> UMAP -> Delaunay,12374,0.6055592322964924,0.4824234951006729,0.6198985219501434,0.503040503426407,0.7779854536056519,388.0,f1,0.4824234951006729
Roman-Empire,gat,Raw features -> UMAP -> Delaunay,12375,0.6181336863004633,0.5011653620585519,0.6057798367527024,0.4862639415463761,0.7625039219856262,393.0,f1,0.5011653620585519
Roman-Empire,gat,Raw features -> UMAP -> Delaunay,12376,0.6099713214206927,0.4875639925524283,0.6077652768585925,0.4789717698587956,0.7558162212371826,398.0,f1,0.4875639925524283
Roman-Empire,gat,Raw features -> UMAP -> Delaunay,12377,0.599602911978822,0.4918025995692472,0.598941098610192,0.4883995807157565,0.7531392574310303,384.0,f1,0.4918025995692472
Roman-Empire,gat,Raw features -> UMAP -> Delaunay,12378,0.6132803882638429,0.4954285405480475,0.6126185748952129,0.507343916985748,0.7628498673439026,395.0,f1,0.4954285405480475
Roman-Empire,gat,Raw features -> UMAP -> Delaunay,12379,0.6073240679461726,0.5119597311894233,0.6073240679461726,0.5023834128207324,0.7710002660751343,384.0,f1,0.5119597311894233
Roman-Empire,gat,Raw features -> UMAP -> Delaunay,12380,0.614824619457313,0.5119744948779368,0.6046768144716523,0.5024176968814881,0.7615565657615662,387.0,f1,0.5119744948779368
Roman-Empire,gat,Raw features -> UMAP -> Delaunay,12381,0.614162806088683,0.4979004102201728,0.6084270902272226,0.4919268074431367,0.767360508441925,396.0,f1,0.4979004102201728
Roman-Empire,gat,Raw features -> UMAP -> Delaunay,12382,0.613500992720053,0.4962045543853135,0.6163688506507832,0.5031889611488896,0.7708061337471008,393.0,f1,0.4962045543853135
Roman-Empire,gat,Raw features -> UMAP -> Delaunay,12383,0.613500992720053,0.4955041583879578,0.6172512684756232,0.5002461386133569,0.767524778842926,398.0,f1,0.4955041583879578
Roman-Empire,gat,Raw features -> UMAP -> Delaunay,12384,0.6123979704390029,0.4881889059259958,0.6165894551069931,0.4938837365488707,0.7664200067520142,400.0,f1,0.4881889059259958
Roman-Empire,gat,Raw features -> UMAP -> Delaunay,12385,0.6183542907566733,0.5020461686463739,0.6095301125082727,0.4924255748756135,0.7627046704292297,400.0,f1,0.5020461686463739
Roman-Empire,gat,Raw features -> UMAP -> Delaunay,12386,0.614162806088683,0.5039041254666398,0.6108537392455328,0.5071484852908003,0.7786823511123657,398.0,f1,0.5039041254666398
Roman-Empire,gat,Raw features -> UMAP -> Delaunay,12387,0.6207809397749835,0.5068703969711534,0.6108537392455328,0.4965369128110561,0.7729558944702148,400.0,f1,0.5068703969711534
Roman-Empire,gat,Raw features -> UMAP -> Delaunay,12388,0.6240900066181337,0.4987742901077301,0.6207809397749835,0.5015401541519798,0.8093212842941284,399.0,f1,0.4987742901077301
Roman-Empire,gat,Raw features -> UMAP -> Delaunay,12389,0.6194573130377233,0.4922372005306565,0.6190161041253033,0.4897704191475293,0.7770155072212219,400.0,f1,0.4922372005306565
Roman-Empire,gat,Raw features -> UMAP -> Delaunay,12390,0.6236487977057137,0.5045416957355519,0.6026913743657621,0.4805650528035903,0.7633708715438843,400.0,f1,0.5045416957355519
Roman-Empire,gat,Raw features -> UMAP -> Delaunay,12391,0.613721597176263,0.4924344120233668,0.6115155526141628,0.4960151296000679,0.7635214924812317,400.0,f1,0.4924344120233668
Roman-Empire,gat,Raw features -> UMAP -> Delaunay,12392,0.6123979704390029,0.4938454028474299,0.6126185748952129,0.4901109235050589,0.7619430422782898,398.0,f1,0.4938454028474299
Roman-Empire,gat,Raw features -> UMAP -> Delaunay,12393,0.6110743437017427,0.493675890601348,0.6060004412089124,0.4902952654589451,0.7580734491348267,400.0,f1,0.493675890601348
Roman-Empire,gat,Raw features -> UMAP -> Delaunay,12394,0.6119567615265828,0.4972237458395965,0.6128391793514228,0.4962917292475959,0.762301504611969,399.0,f1,0.4972237458395965
Roman-Empire,gat,Raw features -> UMAP -> Delaunay,12395,0.615045223913523,0.5059051858911181,0.6057798367527024,0.4907641141063282,0.7659082412719727,396.0,f1,0.5059051858911181
Roman-Empire,gat,Raw features -> UMAP -> Delaunay,12396,0.6216633575998235,0.5039008543785181,0.6174718729318333,0.5042500312953972,0.7614555954933167,400.0,f1,0.5039008543785181
Roman-Empire,gat,Raw features -> UMAP -> Delaunay,12397,0.6033531877343923,0.4867050150987571,0.6154864328259431,0.4989210585361289,0.7624292373657227,394.0,f1,0.4867050150987571
Roman-Empire,gat,Raw features -> UMAP -> Delaunay,12398,0.6115155526141628,0.4875368321022488,0.6093095080520626,0.4772415273966743,0.7635242938995361,400.0,f1,0.4875368321022488
Roman-Empire,gat,Raw features -> UMAP -> Delaunay,12399,0.6079858813148026,0.4956387198914644,0.6088682991396426,0.4834403613565693,0.7647261023521423,389.0,f1,0.4956387198914644
Roman-Empire,gat,Raw features -> UMAP -> Delaunay,12400,0.6152658283697331,0.4930498813546637,0.6086476946834326,0.4817698266420216,0.7623782157897949,397.0,f1,0.4930498813546637
Roman-Empire,gat,Raw features -> UMAP -> Delaunay,12401,0.6181336863004633,0.5080991217324227,0.6179130818442533,0.4930823830445525,0.7574939727783203,398.0,f1,0.5080991217324227
Roman-Empire,gat,Raw features -> UMAP -> Delaunay,12402,0.6132803882638429,0.500934280259719,0.614824619457313,0.4929250518207089,0.7617344260215759,400.0,f1,0.500934280259719
Roman-Empire,gat,Raw features -> UMAP -> Delaunay,12403,0.6097507169644827,0.4851841049566304,0.6174718729318333,0.5092633938819389,0.7768818736076355,400.0,f1,0.4851841049566304
Roman-Empire,gat,Raw features -> UMAP -> Delaunay,12404,0.6093095080520626,0.5068334673693857,0.6082064857710126,0.5037450730063948,0.7643738985061646,387.0,f1,0.5068334673693857
Roman-Empire,gat,Raw features -> UMAP -> Delaunay,12405,0.6238694021619237,0.5049278598861667,0.6161482461945731,0.5063284288538694,0.7875820994377136,400.0,f1,0.5049278598861667
Roman-Empire,gat,Raw features -> UMAP -> Delaunay,12406,0.6146040150011031,0.4897036991631103,0.6207809397749835,0.4958218575442386,0.7768755555152893,396.0,f1,0.4897036991631103
Roman-Empire,gat,Raw features -> UMAP -> Delaunay,12407,0.6192367085815134,0.5038208889671887,0.6196779174939334,0.5011446861736721,0.763917088508606,395.0,f1,0.5038208889671887
Roman-Empire,gat,Raw features -> UMAP -> Delaunay,12408,0.6236487977057137,0.4988227580657454,0.6126185748952129,0.4872103721733095,0.7652588486671448,400.0,f1,0.4988227580657454
Roman-Empire,gat,Raw features -> UMAP -> Delaunay,12409,0.6258548422678138,0.5043625955192585,0.6097507169644827,0.493023251023368,0.7886404395103455,397.0,f1,0.5043625955192585
Roman-Empire,gat,Raw features -> UMAP -> Delaunay,12410,0.6130597838076329,0.5015344231211768,0.615045223913523,0.4982076921207399,0.7712774276733398,398.0,f1,0.5015344231211768
Roman-Empire,gat,Raw features -> UMAP -> Delaunay,12411,0.614162806088683,0.4980527300498716,0.6075446724023825,0.4934720338518532,0.7534514665603638,400.0,f1,0.4980527300498716
Roman-Empire,gat,Raw features -> UMAP -> Delaunay,12412,0.6232075887932936,0.5010975616183178,0.6123979704390029,0.4971081395750615,0.7753465175628662,399.0,f1,0.5010975616183178
Roman-Empire,gat,Raw features -> UMAP -> Delaunay,12413,0.6115155526141628,0.4870042039213522,0.6161482461945731,0.4960491151785623,0.7753518223762512,400.0,f1,0.4870042039213522
Roman-Empire,gat,Raw features -> UMAP -> Delaunay,12414,0.6159276417383631,0.502878981422775,0.6110743437017427,0.4952613448464066,0.7643026113510132,396.0,f1,0.502878981422775
Roman-Empire,gat,Raw features -> UMAP -> Delaunay,12415,0.6174718729318333,0.487188922524505,0.6187954996690933,0.5050149459504388,0.7840463519096375,399.0,f1,0.487188922524505
Roman-Empire,gat,Raw features -> UMAP -> Delaunay,12416,0.6218839620560336,0.5029555620051142,0.6064416501213324,0.4883293389881895,0.7608851790428162,399.0,f1,0.5029555620051142
Roman-Empire,gat,Raw features -> UMAP -> Delaunay,12417,0.6216633575998235,0.5066857715236767,0.6201191264063534,0.5064355983236867,0.7923790216445923,391.0,f1,0.5066857715236767
Roman-Empire,gat,Raw features -> UMAP -> Delaunay,12418,0.6161482461945731,0.4997371861650872,0.6042356055592323,0.4736391170210478,0.7628059983253479,394.0,f1,0.4997371861650872
Roman-Empire,gat,Raw features -> UMAP -> Delaunay,12419,0.6214427531436135,0.5092742404612073,0.6205603353187734,0.5086961261170058,0.7795950174331665,400.0,f1,0.5092742404612073
Roman-Empire,gat,Raw features -> UMAP -> Delaunay,12420,0.6159276417383631,0.4921224307183631,0.6210015442311935,0.5020575955910452,0.7655282616615295,400.0,f1,0.4921224307183631
Roman-Empire,gat,Raw features -> UMAP -> Delaunay,12421,0.6223251709684535,0.4972976386126326,0.6176924773880432,0.4952573188198259,0.7730536460876465,395.0,f1,0.4972976386126326
Roman-Empire,gat,Raw features -> UMAP -> Delaunay,12422,0.628060886829914,0.5045179541474911,0.6163688506507832,0.49882036468108,0.774536669254303,393.0,f1,0.5045179541474911
Roman-Empire,gat,Raw features -> UMAP -> Delaunay,12423,0.6210015442311935,0.4931190229394723,0.614824619457313,0.4967287423252721,0.7848345637321472,400.0,f1,0.4931190229394723
Roman-Empire,gat,Raw features -> UMAP -> Delaunay,12424,0.6093095080520626,0.4898313130180229,0.6168100595632032,0.5014679222237792,0.7729376554489136,395.0,f1,0.4898313130180229
Roman-Empire,gat,Raw features -> UMAP -> Delaunay,12425,0.6086476946834326,0.4937166773554698,0.614824619457313,0.5002446695321913,0.7586146593093872,394.0,f1,0.4937166773554698
Roman-Empire,gat,Raw features -> UMAP -> Delaunay,12426,0.6203397308625634,0.5173201571557334,0.615045223913523,0.5008788696365712,0.7925386428833008,393.0,f1,0.5173201571557334
Roman-Empire,gat,Raw features -> UMAP -> Delaunay,12427,0.6088682991396426,0.4961941363692336,0.6121773659827928,0.497722429761975,0.756199836730957,393.0,f1,0.4961941363692336
Roman-Empire,gat,Raw features -> UMAP -> Delaunay,12428,0.6146040150011031,0.5000754844179699,0.6084270902272226,0.4876271289030843,0.7688906192779541,392.0,f1,0.5000754844179699
Roman-Empire,gat,Raw features -> UMAP -> Delaunay,12429,0.6064416501213324,0.4903552947796278,0.6079858813148026,0.4979805214220631,0.7739097476005554,400.0,f1,0.4903552947796278
Roman-Empire,gat,Raw features -> UMAP -> Delaunay,12430,0.6099713214206927,0.4980872190615037,0.6130597838076329,0.4936589595273871,0.7733088135719299,400.0,f1,0.4980872190615037
Roman-Empire,gat,Raw features -> UMAP -> Delaunay,12431,0.6163688506507832,0.5027980560302147,0.6216633575998235,0.5066599000326816,0.7764565944671631,400.0,f1,0.5027980560302147
Roman-Empire,gat,Raw features -> UMAP -> Delaunay,12432,0.6068828590337525,0.4900995209377982,0.6117361570703729,0.4949884267696787,0.7656275033950806,400.0,f1,0.4900995209377982
Roman-Empire,gat,Raw features -> UMAP -> Delaunay,12433,0.6232075887932936,0.5047806575949083,0.614162806088683,0.4966754081735042,0.7775529026985168,400.0,f1,0.5047806575949083
Roman-Empire,gat,Raw features -> UMAP -> Delaunay,12434,0.6174718729318333,0.5043567554503157,0.614383410544893,0.4988541256679829,0.7530277967453003,394.0,f1,0.5043567554503157
Roman-Empire,gat,Raw features -> UMAP -> Delaunay,12435,0.6174718729318333,0.4983402380696789,0.6128391793514228,0.4943477996870846,0.7681267261505127,399.0,f1,0.4983402380696789
Roman-Empire,gat,Raw features -> UMAP -> Delaunay,12436,0.6101919258769027,0.495809253983628,0.6172512684756232,0.4968266164100108,0.7603687047958374,400.0,f1,0.495809253983628
Roman-Empire,gat,Raw features -> UMAP -> Delaunay,12437,0.6163688506507832,0.4966303870931522,0.6159276417383631,0.4951120667467847,0.7618875503540039,400.0,f1,0.4966303870931522
Roman-Empire,gat,Raw features -> UMAP -> Delaunay,12438,0.6132803882638429,0.4978408289989992,0.6132803882638429,0.4890058232812719,0.7667316198348999,400.0,f1,0.4978408289989992
Roman-Empire,gat,Raw features -> UMAP -> Delaunay,12439,0.6101919258769027,0.4852633624710504,0.615045223913523,0.4939010149192984,0.7750028967857361,399.0,f1,0.4852633624710504
Roman-Empire,gat,Raw features -> UMAP -> Delaunay,12440,0.6066622545775424,0.492819669819091,0.6218839620560336,0.5045997670080166,0.770688533782959,399.0,f1,0.492819669819091
Roman-Empire,gat,Raw features -> UMAP -> Delaunay,12441,0.6190161041253033,0.5069442887646711,0.6196779174939334,0.5104238408421762,0.7789581418037415,396.0,f1,0.5069442887646711
Roman-Empire,gat,Raw features -> UMAP -> Delaunay,12442,0.6165894551069931,0.5007112335561079,0.6165894551069931,0.4940896102879921,0.777341365814209,400.0,f1,0.5007112335561079
Roman-Empire,gat,Raw features -> UMAP -> Delaunay,12443,0.6168100595632032,0.5006451316750076,0.6192367085815134,0.5023810725002444,0.7790345549583435,400.0,f1,0.5006451316750076
Roman-Empire,gat,Raw features -> UMAP -> Delaunay,12444,0.6161482461945731,0.4979395650874052,0.6130597838076329,0.4887616506015387,0.7858381867408752,400.0,f1,0.4979395650874052
Amazon-Photo,gcn,Raw features -> UMAP -> Delaunay,12345,0.8137254901960784,0.7625406127421688,0.8117647058823529,0.7598893405196917,0.2857407927513122,71.0,f1,0.7625406127421688
Amazon-Photo,gcn,Raw features -> UMAP -> Delaunay,12346,0.8137254901960784,0.7603625561544459,0.8137254901960784,0.7604117983672711,0.2265322655439376,95.0,f1,0.7603625561544459
Amazon-Photo,gcn,Raw features -> UMAP -> Delaunay,12347,0.8235294117647058,0.7717163803544478,0.7993464052287582,0.7381334576240661,0.2219338864088058,87.0,f1,0.7717163803544478
Amazon-Photo,gcn,Raw features -> UMAP -> Delaunay,12348,0.8058823529411765,0.746443740839478,0.8006535947712419,0.7465225014009774,0.2314040064811706,93.0,f1,0.746443740839478
Amazon-Photo,gcn,Raw features -> UMAP -> Delaunay,12349,0.8026143790849674,0.750878844916484,0.8071895424836601,0.7530494634700311,0.2768309414386749,77.0,f1,0.750878844916484
Amazon-Photo,gcn,Raw features -> UMAP -> Delaunay,12350,0.8104575163398693,0.7591556256968588,0.822875816993464,0.774744439467106,0.2647494077682495,77.0,f1,0.7591556256968588
Amazon-Photo,gcn,Raw features -> UMAP -> Delaunay,12351,0.792156862745098,0.7514590505978449,0.807843137254902,0.7532483733093605,0.1930063068866729,104.0,f1,0.7514590505978449
Amazon-Photo,gcn,Raw features -> UMAP -> Delaunay,12352,0.8117647058823529,0.7647971578170647,0.796078431372549,0.7355844707527952,0.2715820670127868,72.0,f1,0.7647971578170647
Amazon-Photo,gcn,Raw features -> UMAP -> Delaunay,12353,0.8071895424836601,0.7617280473453836,0.803921568627451,0.745947650306484,0.235079288482666,90.0,f1,0.7617280473453836
Amazon-Photo,gcn,Raw features -> UMAP -> Delaunay,12354,0.8058823529411765,0.7483441879230752,0.8006535947712419,0.7360670723580263,0.2248762249946594,90.0,f1,0.7483441879230752
Amazon-Photo,gcn,Raw features -> UMAP -> Delaunay,12355,0.8006535947712419,0.7497760407959037,0.7973856209150327,0.7485141520626382,0.2056436836719513,99.0,f1,0.7497760407959037
Amazon-Photo,gcn,Raw features -> UMAP -> Delaunay,12356,0.8071895424836601,0.7564462779380606,0.8071895424836601,0.7483947871462402,0.2252108752727508,85.0,f1,0.7564462779380606
Amazon-Photo,gcn,Raw features -> UMAP -> Delaunay,12357,0.8065359477124183,0.7536132168670686,0.8045751633986928,0.7524395075768666,0.2232516855001449,91.0,f1,0.7536132168670686
Amazon-Photo,gcn,Raw features -> UMAP -> Delaunay,12358,0.8124183006535948,0.7568950226441711,0.792156862745098,0.7312618907462962,0.1882898807525634,107.0,f1,0.7568950226441711
Amazon-Photo,gcn,Raw features -> UMAP -> Delaunay,12359,0.822875816993464,0.7788949578867688,0.8098039215686275,0.7594957867095731,0.260690301656723,77.0,f1,0.7788949578867688
Amazon-Photo,gcn,Raw features -> UMAP -> Delaunay,12360,0.8163398692810457,0.7610048839523557,0.8032679738562092,0.7465491426629031,0.2640154659748077,77.0,f1,0.7610048839523557
Amazon-Photo,gcn,Raw features -> UMAP -> Delaunay,12361,0.8091503267973856,0.7527104801752205,0.792156862745098,0.7307328319254118,0.2690768241882324,77.0,f1,0.7527104801752205
Amazon-Photo,gcn,Raw features -> UMAP -> Delaunay,12362,0.8130718954248366,0.76106413545546,0.8137254901960784,0.7649531179079672,0.2384266108274459,89.0,f1,0.76106413545546
Amazon-Photo,gcn,Raw features -> UMAP -> Delaunay,12363,0.8071895424836601,0.7593812002495678,0.7941176470588235,0.7485722769623259,0.2120017856359481,95.0,f1,0.7593812002495678
Amazon-Photo,gcn,Raw features -> UMAP -> Delaunay,12364,0.8196078431372549,0.7727527832051768,0.7980392156862746,0.7451048938519722,0.2329912483692169,93.0,f1,0.7727527832051768
Amazon-Photo,gcn,Raw features -> UMAP -> Delaunay,12365,0.7973856209150327,0.742279916790045,0.7973856209150327,0.7375723328375452,0.2209027856588363,91.0,f1,0.742279916790045
Amazon-Photo,gcn,Raw features -> UMAP -> Delaunay,12366,0.8143790849673203,0.7699730204863748,0.8209150326797385,0.7723112614070893,0.2967142760753631,71.0,f1,0.7699730204863748
Amazon-Photo,gcn,Raw features -> UMAP -> Delaunay,12367,0.8032679738562092,0.7400957029808852,0.8150326797385621,0.7567413213876615,0.2795759439468384,66.0,f1,0.7400957029808852
Amazon-Photo,gcn,Raw features -> UMAP -> Delaunay,12368,0.8222222222222222,0.7825271430474245,0.8019607843137255,0.7396204473382029,0.2567864656448364,81.0,f1,0.7825271430474245
Amazon-Photo,gcn,Raw features -> UMAP -> Delaunay,12369,0.7901960784313725,0.7366042108348843,0.7986928104575164,0.7365389925180628,0.1917021870613098,101.0,f1,0.7366042108348843
Amazon-Photo,gcn,Raw features -> UMAP -> Delaunay,12370,0.8150326797385621,0.7631650165735672,0.8026143790849674,0.7453687789857089,0.261307418346405,74.0,f1,0.7631650165735672
Amazon-Photo,gcn,Raw features -> UMAP -> Delaunay,12371,0.8130718954248366,0.7609052585313256,0.8032679738562092,0.7441740646057713,0.2319008260965347,86.0,f1,0.7609052585313256
Amazon-Photo,gcn,Raw features -> UMAP -> Delaunay,12372,0.8026143790849674,0.7530828693582595,0.8026143790849674,0.7465039110789157,0.2228807806968689,86.0,f1,0.7530828693582595
Amazon-Photo,gcn,Raw features -> UMAP -> Delaunay,12373,0.8104575163398693,0.7542634459781978,0.8104575163398693,0.7569382882350265,0.1854849010705948,111.0,f1,0.7542634459781978
Amazon-Photo,gcn,Raw features -> UMAP -> Delaunay,12374,0.8222222222222222,0.7590706472413921,0.7947712418300653,0.7292331116935781,0.3012361824512481,62.0,f1,0.7590706472413921
Amazon-Photo,gcn,Raw features -> UMAP -> Delaunay,12375,0.8006535947712419,0.7510238201157535,0.8137254901960784,0.760474779248518,0.2546432018280029,78.0,f1,0.7510238201157535
Amazon-Photo,gcn,Raw features -> UMAP -> Delaunay,12376,0.8137254901960784,0.7554520770075204,0.8098039215686275,0.7498945241894617,0.2658680379390716,75.0,f1,0.7554520770075204
Amazon-Photo,gcn,Raw features -> UMAP -> Delaunay,12377,0.8202614379084967,0.7718045237660656,0.8045751633986928,0.7475996363817021,0.2384232133626938,85.0,f1,0.7718045237660656
Amazon-Photo,gcn,Raw features -> UMAP -> Delaunay,12378,0.8098039215686275,0.7519660989869879,0.8098039215686275,0.7506545241947766,0.2277742177248001,95.0,f1,0.7519660989869879
Amazon-Photo,gcn,Raw features -> UMAP -> Delaunay,12379,0.8209150326797385,0.7711281805404107,0.7967320261437908,0.7312253878104841,0.2088636010885238,102.0,f1,0.7711281805404107
Amazon-Photo,gcn,Raw features -> UMAP -> Delaunay,12380,0.807843137254902,0.7578720405842881,0.8058823529411765,0.7491667669522648,0.2278863340616226,89.0,f1,0.7578720405842881
Amazon-Photo,gcn,Raw features -> UMAP -> Delaunay,12381,0.8052287581699347,0.762153213558878,0.7954248366013071,0.7340600421496857,0.2316878587007522,83.0,f1,0.762153213558878
Amazon-Photo,gcn,Raw features -> UMAP -> Delaunay,12382,0.8065359477124183,0.7504387392566558,0.8019607843137255,0.7603813031393315,0.2469428181648254,83.0,f1,0.7504387392566558
Amazon-Photo,gcn,Raw features -> UMAP -> Delaunay,12383,0.8241830065359477,0.7747721889275564,0.8032679738562092,0.746440687183741,0.266810655593872,79.0,f1,0.7747721889275564
Amazon-Photo,gcn,Raw features -> UMAP -> Delaunay,12384,0.8169934640522876,0.7618490490359511,0.796078431372549,0.7267036984623032,0.2971881031990051,65.0,f1,0.7618490490359511
Amazon-Photo,gcn,Raw features -> UMAP -> Delaunay,12385,0.8058823529411765,0.7592260238616557,0.8045751633986928,0.7469958341833411,0.2209688127040863,93.0,f1,0.7592260238616557
Amazon-Photo,gcn,Raw features -> UMAP -> Delaunay,12386,0.8045751633986928,0.7539937637104592,0.7901960784313725,0.73334859991278,0.1934210956096649,110.0,f1,0.7539937637104592
Amazon-Photo,gcn,Raw features -> UMAP -> Delaunay,12387,0.8026143790849674,0.7399707128606625,0.7934640522875817,0.7334214270306101,0.2505966424942016,76.0,f1,0.7399707128606625
Amazon-Photo,gcn,Raw features -> UMAP -> Delaunay,12388,0.8091503267973856,0.7511873812246408,0.8019607843137255,0.7477559971455437,0.2645065784454345,74.0,f1,0.7511873812246408
Amazon-Photo,gcn,Raw features -> UMAP -> Delaunay,12389,0.8091503267973856,0.7615951689494782,0.7888888888888889,0.7280247954654602,0.2198178768157959,91.0,f1,0.7615951689494782
Amazon-Photo,gcn,Raw features -> UMAP -> Delaunay,12390,0.8209150326797385,0.7637913685738215,0.8045751633986928,0.7484645622061168,0.2550306022167206,81.0,f1,0.7637913685738215
Amazon-Photo,gcn,Raw features -> UMAP -> Delaunay,12391,0.8026143790849674,0.7584901811003101,0.7954248366013071,0.7341943244659919,0.2345556616783142,84.0,f1,0.7584901811003101
Amazon-Photo,gcn,Raw features -> UMAP -> Delaunay,12392,0.8058823529411765,0.7450261701890322,0.8071895424836601,0.7447400464851273,0.2429328709840774,87.0,f1,0.7450261701890322
Amazon-Photo,gcn,Raw features -> UMAP -> Delaunay,12393,0.7980392156862746,0.7444780258660012,0.8261437908496732,0.7723163872999523,0.2428537607192993,87.0,f1,0.7444780258660012
Amazon-Photo,gcn,Raw features -> UMAP -> Delaunay,12394,0.8117647058823529,0.7571410730313897,0.7934640522875817,0.7400440114202684,0.2382368892431259,83.0,f1,0.7571410730313897
Amazon-Photo,gcn,Raw features -> UMAP -> Delaunay,12395,0.8137254901960784,0.7634096818638343,0.796078431372549,0.740377058147224,0.2401376962661743,83.0,f1,0.7634096818638343
Amazon-Photo,gcn,Raw features -> UMAP -> Delaunay,12396,0.8130718954248366,0.7575987069821495,0.8019607843137255,0.742729058614663,0.2519506514072418,80.0,f1,0.7575987069821495
Amazon-Photo,gcn,Raw features -> UMAP -> Delaunay,12397,0.8196078431372549,0.7616143980580397,0.7993464052287582,0.7428992009263593,0.2364472448825836,88.0,f1,0.7616143980580397
Amazon-Photo,gcn,Raw features -> UMAP -> Delaunay,12398,0.8084967320261438,0.7594176442176763,0.7908496732026143,0.723669471090249,0.2265336662530899,89.0,f1,0.7594176442176763
Amazon-Photo,gcn,Raw features -> UMAP -> Delaunay,12399,0.8052287581699347,0.7594182643968169,0.8084967320261438,0.7546960680511752,0.2713656723499298,73.0,f1,0.7594182643968169
Amazon-Photo,gcn,Raw features -> UMAP -> Delaunay,12400,0.8117647058823529,0.7597092770328848,0.8163398692810457,0.7620825414229092,0.267877995967865,74.0,f1,0.7597092770328848
Amazon-Photo,gcn,Raw features -> UMAP -> Delaunay,12401,0.8150326797385621,0.7579530751064019,0.792156862745098,0.7378667744937082,0.2148576974868774,97.0,f1,0.7579530751064019
Amazon-Photo,gcn,Raw features -> UMAP -> Delaunay,12402,0.8065359477124183,0.7549432451037489,0.8058823529411765,0.7625568557673141,0.2365791797637939,84.0,f1,0.7549432451037489
Amazon-Photo,gcn,Raw features -> UMAP -> Delaunay,12403,0.7986928104575164,0.750234868774065,0.8117647058823529,0.759393913249464,0.2432779967784881,80.0,f1,0.750234868774065
Amazon-Photo,gcn,Raw features -> UMAP -> Delaunay,12404,0.8052287581699347,0.7531220747234716,0.807843137254902,0.749516288638605,0.2317844033241272,91.0,f1,0.7531220747234716
Amazon-Photo,gcn,Raw features -> UMAP -> Delaunay,12405,0.8045751633986928,0.7513547190839982,0.8202614379084967,0.7726985124023664,0.2552442550659179,83.0,f1,0.7513547190839982
Amazon-Photo,gcn,Raw features -> UMAP -> Delaunay,12406,0.8209150326797385,0.7713576467881704,0.8006535947712419,0.7411577276815178,0.269046813249588,77.0,f1,0.7713576467881704
Amazon-Photo,gcn,Raw features -> UMAP -> Delaunay,12407,0.8130718954248366,0.7476408187786215,0.8176470588235294,0.7744574174781885,0.2297790199518203,91.0,f1,0.7476408187786215
Amazon-Photo,gcn,Raw features -> UMAP -> Delaunay,12408,0.8084967320261438,0.7615663428466507,0.8281045751633986,0.7799186925275396,0.2461780756711959,83.0,f1,0.7615663428466507
Amazon-Photo,gcn,Raw features -> UMAP -> Delaunay,12409,0.8111111111111111,0.765179944094796,0.8019607843137255,0.739453496875745,0.2166527807712555,96.0,f1,0.765179944094796
Amazon-Photo,gcn,Raw features -> UMAP -> Delaunay,12410,0.8026143790849674,0.7498668062990459,0.796078431372549,0.7431492959412475,0.2060120850801468,91.0,f1,0.7498668062990459
Amazon-Photo,gcn,Raw features -> UMAP -> Delaunay,12411,0.8183006535947712,0.7546476438176737,0.7980392156862746,0.7373342568961703,0.2627860605716705,79.0,f1,0.7546476438176737
Amazon-Photo,gcn,Raw features -> UMAP -> Delaunay,12412,0.8032679738562092,0.7389493217742662,0.8065359477124183,0.7579474486295001,0.1877756863832473,108.0,f1,0.7389493217742662
Amazon-Photo,gcn,Raw features -> UMAP -> Delaunay,12413,0.8261437908496732,0.7765327533631751,0.7973856209150327,0.7173039866415563,0.2534243464469909,80.0,f1,0.7765327533631751
Amazon-Photo,gcn,Raw features -> UMAP -> Delaunay,12414,0.8183006535947712,0.7723114877240892,0.8111111111111111,0.7619397337975166,0.2488613724708557,85.0,f1,0.7723114877240892
Amazon-Photo,gcn,Raw features -> UMAP -> Delaunay,12415,0.8091503267973856,0.7627526753772912,0.8032679738562092,0.7451865313095144,0.2672256231307983,81.0,f1,0.7627526753772912
Amazon-Photo,gcn,Raw features -> UMAP -> Delaunay,12416,0.7993464052287582,0.7472956605034924,0.788235294117647,0.7337967406537509,0.2022636234760284,100.0,f1,0.7472956605034924
Amazon-Photo,gcn,Raw features -> UMAP -> Delaunay,12417,0.8098039215686275,0.7592586807285708,0.8071895424836601,0.7398370979134821,0.2563293278217315,80.0,f1,0.7592586807285708
Amazon-Photo,gcn,Raw features -> UMAP -> Delaunay,12418,0.8019607843137255,0.7462516596612524,0.8098039215686275,0.7520461256174191,0.2288056910037994,85.0,f1,0.7462516596612524
Amazon-Photo,gcn,Raw features -> UMAP -> Delaunay,12419,0.8241830065359477,0.7679888579704832,0.8124183006535948,0.7573435683436067,0.2505556046962738,88.0,f1,0.7679888579704832
Amazon-Photo,gcn,Raw features -> UMAP -> Delaunay,12420,0.8111111111111111,0.7514346041392814,0.7980392156862746,0.7486047212233,0.2366901636123657,83.0,f1,0.7514346041392814
Amazon-Photo,gcn,Raw features -> UMAP -> Delaunay,12421,0.818954248366013,0.7681441539534528,0.8104575163398693,0.7604429085045122,0.2349234670400619,90.0,f1,0.7681441539534528
Amazon-Photo,gcn,Raw features -> UMAP -> Delaunay,12422,0.8137254901960784,0.7767403796457228,0.8032679738562092,0.7466071517650261,0.2299567759037017,93.0,f1,0.7767403796457228
Amazon-Photo,gcn,Raw features -> UMAP -> Delaunay,12423,0.8143790849673203,0.7592391478286765,0.826797385620915,0.7732728460999632,0.2719633281230926,77.0,f1,0.7592391478286765
Amazon-Photo,gcn,Raw features -> UMAP -> Delaunay,12424,0.7901960784313725,0.7451205393116851,0.7764705882352941,0.7168858133255767,0.1393893808126449,132.0,f1,0.7451205393116851
Amazon-Photo,gcn,Raw features -> UMAP -> Delaunay,12425,0.8156862745098039,0.7573564488069398,0.8091503267973856,0.749618395704889,0.2588565945625305,82.0,f1,0.7573564488069398
Amazon-Photo,gcn,Raw features -> UMAP -> Delaunay,12426,0.8248366013071895,0.7803417952283365,0.8065359477124183,0.7510650718995678,0.2752006947994232,77.0,f1,0.7803417952283365
Amazon-Photo,gcn,Raw features -> UMAP -> Delaunay,12427,0.8006535947712419,0.7450011485130161,0.7980392156862746,0.7409992135624122,0.2064695358276367,98.0,f1,0.7450011485130161
Amazon-Photo,gcn,Raw features -> UMAP -> Delaunay,12428,0.803921568627451,0.7633181476769133,0.8065359477124183,0.7430543843986616,0.2356075644493103,91.0,f1,0.7633181476769133
Amazon-Photo,gcn,Raw features -> UMAP -> Delaunay,12429,0.8169934640522876,0.7624156348924116,0.8026143790849674,0.727159577655812,0.2757602035999298,74.0,f1,0.7624156348924116
Amazon-Photo,gcn,Raw features -> UMAP -> Delaunay,12430,0.8058823529411765,0.7594168499509083,0.8104575163398693,0.7433544822247539,0.232307031750679,84.0,f1,0.7594168499509083
Amazon-Photo,gcn,Raw features -> UMAP -> Delaunay,12431,0.8032679738562092,0.7443458949138698,0.7986928104575164,0.7406702334340667,0.2413688004016876,82.0,f1,0.7443458949138698
Amazon-Photo,gcn,Raw features -> UMAP -> Delaunay,12432,0.8281045751633986,0.7666596389538589,0.8013071895424837,0.7466013571868639,0.303853839635849,69.0,f1,0.7666596389538589
Amazon-Photo,gcn,Raw features -> UMAP -> Delaunay,12433,0.7986928104575164,0.7373636339424559,0.8222222222222222,0.7606648542771111,0.2545990347862243,77.0,f1,0.7373636339424559
Amazon-Photo,gcn,Raw features -> UMAP -> Delaunay,12434,0.818954248366013,0.765069062884512,0.8058823529411765,0.7516340505304092,0.2683057188987732,77.0,f1,0.765069062884512
Amazon-Photo,gcn,Raw features -> UMAP -> Delaunay,12435,0.8111111111111111,0.7646479161931801,0.8137254901960784,0.758301230074141,0.2665154337882995,75.0,f1,0.7646479161931801
Amazon-Photo,gcn,Raw features -> UMAP -> Delaunay,12436,0.8137254901960784,0.7618083374383907,0.796078431372549,0.7334612222774852,0.2221113741397857,90.0,f1,0.7618083374383907
Amazon-Photo,gcn,Raw features -> UMAP -> Delaunay,12437,0.8091503267973856,0.7604845746572051,0.7934640522875817,0.7360080866552303,0.2672244012355804,75.0,f1,0.7604845746572051
Amazon-Photo,gcn,Raw features -> UMAP -> Delaunay,12438,0.8058823529411765,0.7556233563574201,0.8,0.7436859797657696,0.2127455174922943,91.0,f1,0.7556233563574201
Amazon-Photo,gcn,Raw features -> UMAP -> Delaunay,12439,0.8111111111111111,0.759486478510006,0.8124183006535948,0.7624774638300574,0.2352277636528015,89.0,f1,0.759486478510006
Amazon-Photo,gcn,Raw features -> UMAP -> Delaunay,12440,0.8019607843137255,0.7374810489471496,0.8169934640522876,0.7657154702543996,0.2572549879550934,80.0,f1,0.7374810489471496
Amazon-Photo,gcn,Raw features -> UMAP -> Delaunay,12441,0.796078431372549,0.7466122047028498,0.8006535947712419,0.7406184149222268,0.205940380692482,100.0,f1,0.7466122047028498
Amazon-Photo,gcn,Raw features -> UMAP -> Delaunay,12442,0.8111111111111111,0.7639310568358891,0.7856209150326797,0.7309383251400312,0.2182107716798782,95.0,f1,0.7639310568358891
Amazon-Photo,gcn,Raw features -> UMAP -> Delaunay,12443,0.8032679738562092,0.7507604229657446,0.8052287581699347,0.7425210495104196,0.2180675566196441,98.0,f1,0.7507604229657446
Amazon-Photo,gcn,Raw features -> UMAP -> Delaunay,12444,0.8019607843137255,0.740021638618948,0.803921568627451,0.756325481720454,0.2715010643005371,76.0,f1,0.740021638618948
Amazon-Photo,sage,Raw features -> UMAP -> Delaunay,12345,0.8673202614379085,0.8398043004874248,0.8679738562091504,0.8474257148307753,0.0189299341291189,195.0,f1,0.8398043004874248
Amazon-Photo,sage,Raw features -> UMAP -> Delaunay,12346,0.8705882352941177,0.8448351289684348,0.8620915032679739,0.8288688881604223,0.0105987330898642,280.0,f1,0.8448351289684348
Amazon-Photo,sage,Raw features -> UMAP -> Delaunay,12347,0.8738562091503268,0.8431999212642878,0.8490196078431372,0.8141300027704069,0.0161327645182609,203.0,f1,0.8431999212642878
Amazon-Photo,sage,Raw features -> UMAP -> Delaunay,12348,0.8718954248366013,0.8398263483946774,0.8627450980392157,0.8390691345346242,0.0133721781894564,220.0,f1,0.8398263483946774
Amazon-Photo,sage,Raw features -> UMAP -> Delaunay,12349,0.8758169934640523,0.8495098558596119,0.8797385620915033,0.8580168956137489,0.0236186143010854,156.0,f1,0.8495098558596119
Amazon-Photo,sage,Raw features -> UMAP -> Delaunay,12350,0.869281045751634,0.842959183304717,0.8764705882352941,0.8522092879581069,0.0105564324185252,245.0,f1,0.842959183304717
Amazon-Photo,sage,Raw features -> UMAP -> Delaunay,12351,0.8686274509803922,0.846599689141901,0.8712418300653595,0.8439161521676439,0.0186467692255973,182.0,f1,0.846599689141901
Amazon-Photo,sage,Raw features -> UMAP -> Delaunay,12352,0.8712418300653595,0.8511761265565931,0.8555555555555555,0.8278534051029864,0.0161052588373422,227.0,f1,0.8511761265565931
Amazon-Photo,sage,Raw features -> UMAP -> Delaunay,12353,0.873202614379085,0.8549997826381432,0.8718954248366013,0.8494634294776502,0.0219644475728273,153.0,f1,0.8549997826381432
Amazon-Photo,sage,Raw features -> UMAP -> Delaunay,12354,0.8718954248366013,0.8435666229159575,0.8633986928104576,0.8306779896583738,0.0201070010662078,170.0,f1,0.8435666229159575
Amazon-Photo,sage,Raw features -> UMAP -> Delaunay,12355,0.8705882352941177,0.8546004587457053,0.8666666666666667,0.842345062567942,0.0299028046429157,146.0,f1,0.8546004587457053
Amazon-Photo,sage,Raw features -> UMAP -> Delaunay,12356,0.8699346405228758,0.8458099275589249,0.8607843137254902,0.8336628509689692,0.0309366099536418,136.0,f1,0.8458099275589249
Amazon-Photo,sage,Raw features -> UMAP -> Delaunay,12357,0.8666666666666667,0.8382605168555495,0.8745098039215686,0.847447365661645,0.0139398323372006,215.0,f1,0.8382605168555495
Amazon-Photo,sage,Raw features -> UMAP -> Delaunay,12358,0.8705882352941177,0.8437576609436797,0.865359477124183,0.8393407833384734,0.0262548420578241,144.0,f1,0.8437576609436797
Amazon-Photo,sage,Raw features -> UMAP -> Delaunay,12359,0.8803921568627451,0.8617397619428193,0.8581699346405228,0.8413631797424939,0.0235156435519456,188.0,f1,0.8617397619428193
Amazon-Photo,sage,Raw features -> UMAP -> Delaunay,12360,0.8614379084967321,0.837011699412487,0.8718954248366013,0.8510497490624677,0.0150370495393872,214.0,f1,0.837011699412487
Amazon-Photo,sage,Raw features -> UMAP -> Delaunay,12361,0.8803921568627451,0.8569750795087029,0.8594771241830066,0.8346491668954232,0.0126966005191206,252.0,f1,0.8569750795087029
Amazon-Photo,sage,Raw features -> UMAP -> Delaunay,12362,0.8738562091503268,0.8527755494260145,0.8686274509803922,0.8480003362876232,0.0117833651602268,231.0,f1,0.8527755494260145
Amazon-Photo,sage,Raw features -> UMAP -> Delaunay,12363,0.873202614379085,0.847517646761967,0.8620915032679739,0.840683715620995,0.0164745338261127,190.0,f1,0.847517646761967
Amazon-Photo,sage,Raw features -> UMAP -> Delaunay,12364,0.8816993464052287,0.8595342137468972,0.8660130718954249,0.8432226256004203,0.0240515582263469,147.0,f1,0.8595342137468972
Amazon-Photo,sage,Raw features -> UMAP -> Delaunay,12365,0.8620915032679739,0.8307151833431915,0.8620915032679739,0.8367449980471018,0.0137578872963786,276.0,f1,0.8307151833431915
Amazon-Photo,sage,Raw features -> UMAP -> Delaunay,12366,0.8712418300653595,0.8514540914123336,0.8790849673202614,0.8511222212804492,0.0123404255136847,256.0,f1,0.8514540914123336
Amazon-Photo,sage,Raw features -> UMAP -> Delaunay,12367,0.8620915032679739,0.8349067653223554,0.8673202614379085,0.8349245515523616,0.0188156198710203,194.0,f1,0.8349067653223554
Amazon-Photo,sage,Raw features -> UMAP -> Delaunay,12368,0.8777777777777778,0.8575483794349104,0.8581699346405228,0.8295705318970712,0.0143107175827026,216.0,f1,0.8575483794349104
Amazon-Photo,sage,Raw features -> UMAP -> Delaunay,12369,0.8640522875816994,0.8429348922984555,0.8614379084967321,0.830858034441063,0.014589425176382,266.0,f1,0.8429348922984555
Amazon-Photo,sage,Raw features -> UMAP -> Delaunay,12370,0.8725490196078431,0.8472470980328419,0.8705882352941177,0.8453745851175968,0.020618824288249,177.0,f1,0.8472470980328419
Amazon-Photo,sage,Raw features -> UMAP -> Delaunay,12371,0.8712418300653595,0.8515543319525855,0.865359477124183,0.8393535164764359,0.0267727226018905,151.0,f1,0.8515543319525855
Amazon-Photo,sage,Raw features -> UMAP -> Delaunay,12372,0.8607843137254902,0.828472853219397,0.8633986928104576,0.8355670709375879,0.0132052889093756,240.0,f1,0.828472853219397
Amazon-Photo,sage,Raw features -> UMAP -> Delaunay,12373,0.8790849673202614,0.8545892812132805,0.8810457516339869,0.854803804742015,0.0165465623140335,193.0,f1,0.8545892812132805
Amazon-Photo,sage,Raw features -> UMAP -> Delaunay,12374,0.8875816993464052,0.8671965828831076,0.8522875816993464,0.8291988241429704,0.0137248374521732,219.0,f1,0.8671965828831076
Amazon-Photo,sage,Raw features -> UMAP -> Delaunay,12375,0.8718954248366013,0.8446789868441,0.8686274509803922,0.8434286748038533,0.0097692878916859,298.0,f1,0.8446789868441
Amazon-Photo,sage,Raw features -> UMAP -> Delaunay,12376,0.8751633986928105,0.8538018343158171,0.8607843137254902,0.8283419256344768,0.0112272389233112,284.0,f1,0.8538018343158171
Amazon-Photo,sage,Raw features -> UMAP -> Delaunay,12377,0.8764705882352941,0.8548468881064681,0.8555555555555555,0.8243701060926514,0.0174136850982904,239.0,f1,0.8548468881064681
Amazon-Photo,sage,Raw features -> UMAP -> Delaunay,12378,0.8712418300653595,0.8415047543566758,0.8699346405228758,0.8516229842927987,0.0142294457182288,231.0,f1,0.8415047543566758
Amazon-Photo,sage,Raw features -> UMAP -> Delaunay,12379,0.8738562091503268,0.8472636120267596,0.857516339869281,0.8257051714435137,0.0153457755222916,221.0,f1,0.8472636120267596
Amazon-Photo,sage,Raw features -> UMAP -> Delaunay,12380,0.8679738562091504,0.8450191834853804,0.8588235294117647,0.8255579975158686,0.0154578676447272,215.0,f1,0.8450191834853804
Amazon-Photo,sage,Raw features -> UMAP -> Delaunay,12381,0.8758169934640523,0.8553107950904938,0.8581699346405228,0.8262874763356343,0.0159510169178247,185.0,f1,0.8553107950904938
Amazon-Photo,sage,Raw features -> UMAP -> Delaunay,12382,0.8712418300653595,0.8484402807336114,0.8549019607843137,0.834513971568065,0.0078038093633949,301.0,f1,0.8484402807336114
Amazon-Photo,sage,Raw features -> UMAP -> Delaunay,12383,0.8758169934640523,0.8563415953796301,0.865359477124183,0.8393866700148513,0.0079531678929924,345.0,f1,0.8563415953796301
Amazon-Photo,sage,Raw features -> UMAP -> Delaunay,12384,0.8718954248366013,0.8452108349575788,0.8640522875816994,0.8210117140355964,0.0396905727684497,125.0,f1,0.8452108349575788
Amazon-Photo,sage,Raw features -> UMAP -> Delaunay,12385,0.8666666666666667,0.8423994077396135,0.869281045751634,0.8452026059329729,0.0113214049488306,239.0,f1,0.8423994077396135
Amazon-Photo,sage,Raw features -> UMAP -> Delaunay,12386,0.8784313725490196,0.8566731455865889,0.8588235294117647,0.8266339009898553,0.0113671738654375,245.0,f1,0.8566731455865889
Amazon-Photo,sage,Raw features -> UMAP -> Delaunay,12387,0.8790849673202614,0.857797360529402,0.8614379084967321,0.8360589869626809,0.013793047517538,261.0,f1,0.857797360529402
Amazon-Photo,sage,Raw features -> UMAP -> Delaunay,12388,0.8686274509803922,0.839348477058693,0.8568627450980392,0.8335058542676161,0.0402623489499092,122.0,f1,0.839348477058693
Amazon-Photo,sage,Raw features -> UMAP -> Delaunay,12389,0.8699346405228758,0.8580225594532476,0.8490196078431372,0.8202195883921675,0.0120459981262683,275.0,f1,0.8580225594532476
Amazon-Photo,sage,Raw features -> UMAP -> Delaunay,12390,0.8797385620915033,0.8592846592535088,0.8712418300653595,0.8474644926904272,0.026597362011671,156.0,f1,0.8592846592535088
Amazon-Photo,sage,Raw features -> UMAP -> Delaunay,12391,0.8718954248366013,0.8584799891273215,0.8588235294117647,0.831532439215803,0.0119580365717411,260.0,f1,0.8584799891273215
Amazon-Photo,sage,Raw features -> UMAP -> Delaunay,12392,0.8718954248366013,0.8457723966223306,0.8830065359477124,0.8645291127262118,0.0157323535531759,201.0,f1,0.8457723966223306
Amazon-Photo,sage,Raw features -> UMAP -> Delaunay,12393,0.8568627450980392,0.832836038041878,0.8764705882352941,0.8532434531064899,0.0187205448746681,175.0,f1,0.832836038041878
Amazon-Photo,sage,Raw features -> UMAP -> Delaunay,12394,0.8712418300653595,0.8428947112836371,0.8745098039215686,0.8520632009877437,0.0301558226346969,150.0,f1,0.8428947112836371
Amazon-Photo,sage,Raw features -> UMAP -> Delaunay,12395,0.8699346405228758,0.8465261444417161,0.8620915032679739,0.8324894272930375,0.0163438059389591,237.0,f1,0.8465261444417161
Amazon-Photo,sage,Raw features -> UMAP -> Delaunay,12396,0.8686274509803922,0.8431677346773335,0.8660130718954249,0.8394697782200137,0.0106558604165911,273.0,f1,0.8431677346773335
Amazon-Photo,sage,Raw features -> UMAP -> Delaunay,12397,0.8679738562091504,0.8454488889992059,0.8679738562091504,0.8415833091238695,0.0116373123601078,316.0,f1,0.8454488889992059
Amazon-Photo,sage,Raw features -> UMAP -> Delaunay,12398,0.8679738562091504,0.8381632134340133,0.8549019607843137,0.8258500642567521,0.0208171159029006,176.0,f1,0.8381632134340133
Amazon-Photo,sage,Raw features -> UMAP -> Delaunay,12399,0.8738562091503268,0.8529314329399191,0.8797385620915033,0.862060324035814,0.022886523976922,158.0,f1,0.8529314329399191
Amazon-Photo,sage,Raw features -> UMAP -> Delaunay,12400,0.8660130718954249,0.8406968197927863,0.8705882352941177,0.8486934142882409,0.0336703807115554,143.0,f1,0.8406968197927863
Amazon-Photo,sage,Raw features -> UMAP -> Delaunay,12401,0.8797385620915033,0.8571447132100914,0.8568627450980392,0.8330463306671612,0.0159197393804788,194.0,f1,0.8571447132100914
Amazon-Photo,sage,Raw features -> UMAP -> Delaunay,12402,0.8679738562091504,0.8452444838666328,0.8686274509803922,0.8527775576998922,0.0187414605170488,195.0,f1,0.8452444838666328
Amazon-Photo,sage,Raw features -> UMAP -> Delaunay,12403,0.8679738562091504,0.8457272736023693,0.873202614379085,0.8444261940523226,0.0193149838596582,188.0,f1,0.8457272736023693
Amazon-Photo,sage,Raw features -> UMAP -> Delaunay,12404,0.8712418300653595,0.8488186852608187,0.8588235294117647,0.8231485897394688,0.0356607176363468,149.0,f1,0.8488186852608187
Amazon-Photo,sage,Raw features -> UMAP -> Delaunay,12405,0.8705882352941177,0.8465987913473886,0.8712418300653595,0.8495345255085949,0.019390532746911,177.0,f1,0.8465987913473886
Amazon-Photo,sage,Raw features -> UMAP -> Delaunay,12406,0.8738562091503268,0.8506903281657188,0.8640522875816994,0.8440442580998768,0.0130058461800217,285.0,f1,0.8506903281657188
Amazon-Photo,sage,Raw features -> UMAP -> Delaunay,12407,0.8751633986928105,0.8464674115363866,0.8751633986928105,0.8455231869643486,0.0259865559637546,157.0,f1,0.8464674115363866
Amazon-Photo,sage,Raw features -> UMAP -> Delaunay,12408,0.8718954248366013,0.8522139286070096,0.8790849673202614,0.8504328451921594,0.0348078794777393,134.0,f1,0.8522139286070096
Amazon-Photo,sage,Raw features -> UMAP -> Delaunay,12409,0.8666666666666667,0.8486572241782502,0.8673202614379085,0.8457465942821284,0.0134297832846641,258.0,f1,0.8486572241782502
Amazon-Photo,sage,Raw features -> UMAP -> Delaunay,12410,0.8699346405228758,0.848213149823211,0.8627450980392157,0.8413188849053062,0.0097859455272555,298.0,f1,0.848213149823211
Amazon-Photo,sage,Raw features -> UMAP -> Delaunay,12411,0.8836601307189542,0.8532476719192732,0.8627450980392157,0.8307321504645908,0.0133642181754112,196.0,f1,0.8532476719192732
Amazon-Photo,sage,Raw features -> UMAP -> Delaunay,12412,0.873202614379085,0.8475809999616999,0.8627450980392157,0.8308673039362043,0.0248597431927919,168.0,f1,0.8475809999616999
Amazon-Photo,sage,Raw features -> UMAP -> Delaunay,12413,0.8810457516339869,0.8642718852184659,0.8405228758169935,0.7950713360874312,0.0268930327147245,160.0,f1,0.8642718852184659
Amazon-Photo,sage,Raw features -> UMAP -> Delaunay,12414,0.8856209150326797,0.8693663943649277,0.8633986928104576,0.8365949603909653,0.0175951980054378,224.0,f1,0.8693663943649277
Amazon-Photo,sage,Raw features -> UMAP -> Delaunay,12415,0.8784313725490196,0.8613475579703855,0.8699346405228758,0.8453764980412818,0.027721632272005,154.0,f1,0.8613475579703855
Amazon-Photo,sage,Raw features -> UMAP -> Delaunay,12416,0.873202614379085,0.8474104820322923,0.8673202614379085,0.8380636805394509,0.015676949173212,203.0,f1,0.8474104820322923
Amazon-Photo,sage,Raw features -> UMAP -> Delaunay,12417,0.869281045751634,0.8404237467085753,0.8627450980392157,0.830372476442832,0.0152560118585824,240.0,f1,0.8404237467085753
Amazon-Photo,sage,Raw features -> UMAP -> Delaunay,12418,0.857516339869281,0.8313612649849423,0.8607843137254902,0.8334609667133189,0.0147202797234058,234.0,f1,0.8313612649849423
Amazon-Photo,sage,Raw features -> UMAP -> Delaunay,12419,0.8771241830065359,0.851500947039257,0.8686274509803922,0.8431064102062412,0.0247517991811037,152.0,f1,0.851500947039257
Amazon-Photo,sage,Raw features -> UMAP -> Delaunay,12420,0.8666666666666667,0.8434101160123335,0.8516339869281045,0.8211958557968048,0.0212283823639154,171.0,f1,0.8434101160123335
Amazon-Photo,sage,Raw features -> UMAP -> Delaunay,12421,0.8784313725490196,0.8572381210158658,0.8790849673202614,0.8573018917608557,0.0133083220571279,238.0,f1,0.8572381210158658
Amazon-Photo,sage,Raw features -> UMAP -> Delaunay,12422,0.8790849673202614,0.8562482012277739,0.865359477124183,0.8396742109165423,0.0168930552899837,208.0,f1,0.8562482012277739
Amazon-Photo,sage,Raw features -> UMAP -> Delaunay,12423,0.8790849673202614,0.8624399291095473,0.8699346405228758,0.8419506303929094,0.0233791191130876,151.0,f1,0.8624399291095473
Amazon-Photo,sage,Raw features -> UMAP -> Delaunay,12424,0.8679738562091504,0.8447557098048876,0.8607843137254902,0.834350255512883,0.0166393332183361,189.0,f1,0.8447557098048876
Amazon-Photo,sage,Raw features -> UMAP -> Delaunay,12425,0.8712418300653595,0.849388147879492,0.8712418300653595,0.8442856220086314,0.0196818858385086,174.0,f1,0.849388147879492
Amazon-Photo,sage,Raw features -> UMAP -> Delaunay,12426,0.8718954248366013,0.8493009691327997,0.8647058823529412,0.8378700504423218,0.0181792117655277,196.0,f1,0.8493009691327997
Amazon-Photo,sage,Raw features -> UMAP -> Delaunay,12427,0.8784313725490196,0.8598260328899774,0.8555555555555555,0.8218071719853968,0.0369771383702755,127.0,f1,0.8598260328899774
Amazon-Photo,sage,Raw features -> UMAP -> Delaunay,12428,0.869281045751634,0.8479201780149094,0.8601307189542484,0.824762031382053,0.0227489564567804,165.0,f1,0.8479201780149094
Amazon-Photo,sage,Raw features -> UMAP -> Delaunay,12429,0.8803921568627451,0.8559479094098185,0.8594771241830066,0.8345528342789919,0.0135098192840814,240.0,f1,0.8559479094098185
Amazon-Photo,sage,Raw features -> UMAP -> Delaunay,12430,0.8594771241830066,0.8335924057747105,0.8614379084967321,0.8294122671240638,0.0171701591461896,201.0,f1,0.8335924057747105
Amazon-Photo,sage,Raw features -> UMAP -> Delaunay,12431,0.8790849673202614,0.8643262851106079,0.8705882352941177,0.8457780601618576,0.0295415967702865,140.0,f1,0.8643262851106079
Amazon-Photo,sage,Raw features -> UMAP -> Delaunay,12432,0.8980392156862745,0.8798275980722717,0.857516339869281,0.8373896464580888,0.0214769095182418,172.0,f1,0.8798275980722717
Amazon-Photo,sage,Raw features -> UMAP -> Delaunay,12433,0.8640522875816994,0.8368135198884458,0.8758169934640523,0.8542625812452769,0.0134560829028487,229.0,f1,0.8368135198884458
Amazon-Photo,sage,Raw features -> UMAP -> Delaunay,12434,0.8869281045751634,0.8616529648719442,0.8503267973856209,0.8261789362905628,0.0149878254160285,225.0,f1,0.8616529648719442
Amazon-Photo,sage,Raw features -> UMAP -> Delaunay,12435,0.8673202614379085,0.8420404619012719,0.8679738562091504,0.835755123372657,0.0375164151191711,121.0,f1,0.8420404619012719
Amazon-Photo,sage,Raw features -> UMAP -> Delaunay,12436,0.8777777777777778,0.8540935281583626,0.865359477124183,0.8316546817647236,0.0136329745873808,226.0,f1,0.8540935281583626
Amazon-Photo,sage,Raw features -> UMAP -> Delaunay,12437,0.8810457516339869,0.858831848919476,0.8594771241830066,0.8313292609409002,0.0302625000476837,140.0,f1,0.858831848919476
Amazon-Photo,sage,Raw features -> UMAP -> Delaunay,12438,0.8647058823529412,0.840942060980358,0.8562091503267973,0.8259988183807085,0.0145715232938528,215.0,f1,0.840942060980358
Amazon-Photo,sage,Raw features -> UMAP -> Delaunay,12439,0.8725490196078431,0.8496632193673064,0.8849673202614379,0.8594083468776652,0.0086672594770789,364.0,f1,0.8496632193673064
Amazon-Photo,sage,Raw features -> UMAP -> Delaunay,12440,0.8718954248366013,0.8456837616625485,0.8647058823529412,0.8374954623589574,0.0110123995691537,260.0,f1,0.8456837616625485
Amazon-Photo,sage,Raw features -> UMAP -> Delaunay,12441,0.8614379084967321,0.8333646638270801,0.8496732026143791,0.8148789310482183,0.0254778545349836,161.0,f1,0.8333646638270801
Amazon-Photo,sage,Raw features -> UMAP -> Delaunay,12442,0.8647058823529412,0.8358070598885365,0.8542483660130719,0.8229345247647128,0.01346823759377,239.0,f1,0.8358070598885365
Amazon-Photo,sage,Raw features -> UMAP -> Delaunay,12443,0.8718954248366013,0.8487134867533139,0.8699346405228758,0.8309083922484395,0.0390841364860534,133.0,f1,0.8487134867533139
Amazon-Photo,sage,Raw features -> UMAP -> Delaunay,12444,0.8797385620915033,0.8435732950352279,0.8660130718954249,0.8454936793594259,0.0131343305110931,231.0,f1,0.8435732950352279
Amazon-Photo,gat,Raw features -> UMAP -> Delaunay,12345,0.7849673202614379,0.7180019380891758,0.7797385620915033,0.7064070577683226,0.2457337081432342,80.0,f1,0.7180019380891758
Amazon-Photo,gat,Raw features -> UMAP -> Delaunay,12346,0.765359477124183,0.712116373390355,0.7607843137254902,0.6996716237123458,0.2030346393585205,111.0,f1,0.712116373390355
Amazon-Photo,gat,Raw features -> UMAP -> Delaunay,12347,0.7888888888888889,0.737371861171303,0.7588235294117647,0.7062962043198275,0.196926936507225,101.0,f1,0.737371861171303
Amazon-Photo,gat,Raw features -> UMAP -> Delaunay,12348,0.7712418300653595,0.7163116726146576,0.7705882352941177,0.720624579060097,0.2070820778608322,104.0,f1,0.7163116726146576
Amazon-Photo,gat,Raw features -> UMAP -> Delaunay,12349,0.7856209150326797,0.725010747783716,0.8,0.7307384715628986,0.2445052713155746,79.0,f1,0.725010747783716
Amazon-Photo,gat,Raw features -> UMAP -> Delaunay,12350,0.7862745098039216,0.7215149449810889,0.8032679738562092,0.7442806023819813,0.2435937821865081,83.0,f1,0.7215149449810889
Amazon-Photo,gat,Raw features -> UMAP -> Delaunay,12351,0.7660130718954249,0.7236671393762942,0.7738562091503268,0.7154982444596554,0.219430387020111,89.0,f1,0.7236671393762942
Amazon-Photo,gat,Raw features -> UMAP -> Delaunay,12352,0.7836601307189542,0.7348702604554098,0.7660130718954249,0.7109298002754215,0.2580610513687134,79.0,f1,0.7348702604554098
Amazon-Photo,gat,Raw features -> UMAP -> Delaunay,12353,0.7640522875816993,0.7101717584744747,0.7699346405228759,0.719005076038264,0.1330457776784896,168.0,f1,0.7101717584744747
Amazon-Photo,gat,Raw features -> UMAP -> Delaunay,12354,0.7790849673202614,0.7178402987273966,0.7784313725490196,0.7228684615528367,0.2425941079854965,72.0,f1,0.7178402987273966
Amazon-Photo,gat,Raw features -> UMAP -> Delaunay,12355,0.792156862745098,0.7494537554173449,0.7862745098039216,0.734757881898047,0.2355289161205291,81.0,f1,0.7494537554173449
Amazon-Photo,gat,Raw features -> UMAP -> Delaunay,12356,0.7934640522875817,0.736921086700012,0.7915032679738562,0.7300692682319576,0.2397226095199585,78.0,f1,0.736921086700012
Amazon-Photo,gat,Raw features -> UMAP -> Delaunay,12357,0.7803921568627451,0.728709855494371,0.7725490196078432,0.7252200986832548,0.1946677267551422,105.0,f1,0.728709855494371
Amazon-Photo,gat,Raw features -> UMAP -> Delaunay,12358,0.7810457516339869,0.7240285590692935,0.7666666666666667,0.7127756360796127,0.174247920513153,128.0,f1,0.7240285590692935
Amazon-Photo,gat,Raw features -> UMAP -> Delaunay,12359,0.7725490196078432,0.7267190478801346,0.7379084967320262,0.6937486874758638,0.2209219634532928,87.0,f1,0.7267190478801346
Amazon-Photo,gat,Raw features -> UMAP -> Delaunay,12360,0.7764705882352941,0.7226502606235745,0.7705882352941177,0.7120678401928915,0.2292330265045166,90.0,f1,0.7226502606235745
Amazon-Photo,gat,Raw features -> UMAP -> Delaunay,12361,0.7875816993464052,0.730179284155978,0.7803921568627451,0.7096872124900927,0.1973397880792617,94.0,f1,0.730179284155978
Amazon-Photo,gat,Raw features -> UMAP -> Delaunay,12362,0.7973856209150327,0.7406700369529576,0.792156862745098,0.7328038869244443,0.2150063961744308,93.0,f1,0.7406700369529576
Amazon-Photo,gat,Raw features -> UMAP -> Delaunay,12363,0.7568627450980392,0.697800119900118,0.7542483660130719,0.6955926792908886,0.2487204670906067,81.0,f1,0.697800119900118
Amazon-Photo,gat,Raw features -> UMAP -> Delaunay,12364,0.7928104575163398,0.7447869458656964,0.7934640522875817,0.7430998835938301,0.2348119467496872,87.0,f1,0.7447869458656964
Amazon-Photo,gat,Raw features -> UMAP -> Delaunay,12365,0.7810457516339869,0.7138766030588091,0.7660130718954249,0.6902218586852589,0.2148148864507675,97.0,f1,0.7138766030588091
Amazon-Photo,gat,Raw features -> UMAP -> Delaunay,12366,0.7934640522875817,0.740326239999435,0.7973856209150327,0.7497934655381311,0.2405787259340286,82.0,f1,0.740326239999435
Amazon-Photo,gat,Raw features -> UMAP -> Delaunay,12367,0.7627450980392156,0.7030043633321066,0.7705882352941177,0.7179800546742341,0.19324292242527,107.0,f1,0.7030043633321066
Amazon-Photo,gat,Raw features -> UMAP -> Delaunay,12368,0.7973856209150327,0.7503361798654758,0.7640522875816993,0.7034482808951312,0.1739269196987152,114.0,f1,0.7503361798654758
Amazon-Photo,gat,Raw features -> UMAP -> Delaunay,12369,0.7490196078431373,0.695113854244024,0.7555555555555555,0.7009758780685641,0.2454560846090316,73.0,f1,0.695113854244024
Amazon-Photo,gat,Raw features -> UMAP -> Delaunay,12370,0.7797385620915033,0.7162346652450812,0.769281045751634,0.7046907746511234,0.2121184021234512,92.0,f1,0.7162346652450812
Amazon-Photo,gat,Raw features -> UMAP -> Delaunay,12371,0.7751633986928105,0.727049217043706,0.7660130718954249,0.7080574155895846,0.1611296981573104,120.0,f1,0.727049217043706
Amazon-Photo,gat,Raw features -> UMAP -> Delaunay,12372,0.7751633986928105,0.7210326468715147,0.7620915032679738,0.7046377756253591,0.1775818467140197,111.0,f1,0.7210326468715147
Amazon-Photo,gat,Raw features -> UMAP -> Delaunay,12373,0.7679738562091504,0.7125337488873811,0.7601307189542483,0.7115759632734533,0.1053933203220367,249.0,f1,0.7125337488873811
Amazon-Photo,gat,Raw features -> UMAP -> Delaunay,12374,0.7712418300653595,0.7305214562898087,0.7411764705882353,0.7084317969024927,0.2289914339780807,86.0,f1,0.7305214562898087
Amazon-Photo,gat,Raw features -> UMAP -> Delaunay,12375,0.7699346405228759,0.7129175871819412,0.75359477124183,0.6895744696869792,0.1390977650880813,148.0,f1,0.7129175871819412
Amazon-Photo,gat,Raw features -> UMAP -> Delaunay,12376,0.7777777777777778,0.7194230578429842,0.7647058823529411,0.7010902570618078,0.2351826876401901,84.0,f1,0.7194230578429842
Amazon-Photo,gat,Raw features -> UMAP -> Delaunay,12377,0.7849673202614379,0.7380024264577825,0.7758169934640523,0.7057338760006029,0.1741860955953598,113.0,f1,0.7380024264577825
Amazon-Photo,gat,Raw features -> UMAP -> Delaunay,12378,0.7777777777777778,0.719066207518253,0.761437908496732,0.7008518326269443,0.1923530548810959,111.0,f1,0.719066207518253
Amazon-Photo,gat,Raw features -> UMAP -> Delaunay,12379,0.7895424836601307,0.7396125973146004,0.7647058823529411,0.6946315302789746,0.26406991481781,79.0,f1,0.7396125973146004
Amazon-Photo,gat,Raw features -> UMAP -> Delaunay,12380,0.7718954248366013,0.715360802819055,0.7751633986928105,0.7186126658924635,0.1413876265287399,157.0,f1,0.715360802819055
Amazon-Photo,gat,Raw features -> UMAP -> Delaunay,12381,0.7823529411764706,0.7432214080629249,0.7503267973856209,0.687481769767276,0.2013691663742065,98.0,f1,0.7432214080629249
Amazon-Photo,gat,Raw features -> UMAP -> Delaunay,12382,0.7725490196078432,0.7098174141209299,0.7627450980392156,0.7083381111820135,0.2058840841054916,91.0,f1,0.7098174141209299
Amazon-Photo,gat,Raw features -> UMAP -> Delaunay,12383,0.7679738562091504,0.725735111893373,0.7339869281045751,0.6916883979854187,0.177934929728508,110.0,f1,0.725735111893373
Amazon-Photo,gat,Raw features -> UMAP -> Delaunay,12384,0.777124183006536,0.7279567323316227,0.7549019607843137,0.704193685363079,0.2069930732250213,97.0,f1,0.7279567323316227
Amazon-Photo,gat,Raw features -> UMAP -> Delaunay,12385,0.7849673202614379,0.7322138473271795,0.7875816993464052,0.7319533291498227,0.2197098135948181,89.0,f1,0.7322138473271795
Amazon-Photo,gat,Raw features -> UMAP -> Delaunay,12386,0.773202614379085,0.7265413785069155,0.7679738562091504,0.7125409852029476,0.2216765135526657,90.0,f1,0.7265413785069155
Amazon-Photo,gat,Raw features -> UMAP -> Delaunay,12387,0.7751633986928105,0.7161989739591661,0.7751633986928105,0.7076053468106567,0.2025624960660934,94.0,f1,0.7161989739591661
Amazon-Photo,gat,Raw features -> UMAP -> Delaunay,12388,0.7934640522875817,0.728395096672546,0.7764705882352941,0.7145164650541082,0.2041697949171066,90.0,f1,0.728395096672546
Amazon-Photo,gat,Raw features -> UMAP -> Delaunay,12389,0.7745098039215687,0.7358920077202494,0.7483660130718954,0.6919596758382485,0.2295850813388824,81.0,f1,0.7358920077202494
Amazon-Photo,gat,Raw features -> UMAP -> Delaunay,12390,0.7980392156862746,0.737483699965148,0.7810457516339869,0.7178675708591498,0.2198338210582733,90.0,f1,0.737483699965148
Amazon-Photo,gat,Raw features -> UMAP -> Delaunay,12391,0.7888888888888889,0.7401789961238356,0.7797385620915033,0.7116712160465809,0.1925704479217529,91.0,f1,0.7401789961238356
Amazon-Photo,gat,Raw features -> UMAP -> Delaunay,12392,0.7725490196078432,0.727718556990101,0.7647058823529411,0.7093801883910695,0.1996384114027023,101.0,f1,0.727718556990101
Amazon-Photo,gat,Raw features -> UMAP -> Delaunay,12393,0.7973856209150327,0.7499364994336521,0.803921568627451,0.747604688458855,0.23338383436203,84.0,f1,0.7499364994336521
Amazon-Photo,gat,Raw features -> UMAP -> Delaunay,12394,0.7509803921568627,0.6995981980011048,0.7176470588235294,0.6727008309274685,0.236201211810112,89.0,f1,0.6995981980011048
Amazon-Photo,gat,Raw features -> UMAP -> Delaunay,12395,0.7941176470588235,0.7341920285981438,0.777124183006536,0.7144104232067852,0.2075032293796539,96.0,f1,0.7341920285981438
Amazon-Photo,gat,Raw features -> UMAP -> Delaunay,12396,0.7647058823529411,0.7093795559664557,0.7594771241830065,0.704372557663606,0.1855547875165939,117.0,f1,0.7093795559664557
Amazon-Photo,gat,Raw features -> UMAP -> Delaunay,12397,0.7784313725490196,0.7178752239537982,0.7633986928104575,0.6957682197588688,0.2019701600074768,114.0,f1,0.7178752239537982
Amazon-Photo,gat,Raw features -> UMAP -> Delaunay,12398,0.7790849673202614,0.7241143409345185,0.765359477124183,0.7053406345141336,0.2282157689332962,91.0,f1,0.7241143409345185
Amazon-Photo,gat,Raw features -> UMAP -> Delaunay,12399,0.788235294117647,0.7353668192272855,0.8019607843137255,0.747364343898645,0.2364122420549392,91.0,f1,0.7353668192272855
Amazon-Photo,gat,Raw features -> UMAP -> Delaunay,12400,0.7888888888888889,0.732443251428941,0.807843137254902,0.7478570009211006,0.2395794540643692,90.0,f1,0.732443251428941
Amazon-Photo,gat,Raw features -> UMAP -> Delaunay,12401,0.7888888888888889,0.7262524102714514,0.7627450980392156,0.7051667139733935,0.1958263665437698,106.0,f1,0.7262524102714514
Amazon-Photo,gat,Raw features -> UMAP -> Delaunay,12402,0.7705882352941177,0.7248775306707982,0.7745098039215687,0.7295213541889178,0.2441374808549881,86.0,f1,0.7248775306707982
Amazon-Photo,gat,Raw features -> UMAP -> Delaunay,12403,0.7601307189542483,0.7037289591087357,0.7666666666666667,0.7035978076669386,0.1791911572217941,131.0,f1,0.7037289591087357
Amazon-Photo,gat,Raw features -> UMAP -> Delaunay,12404,0.7908496732026143,0.7316350629184281,0.796078431372549,0.7306150542847671,0.218512162566185,92.0,f1,0.7316350629184281
Amazon-Photo,gat,Raw features -> UMAP -> Delaunay,12405,0.773202614379085,0.7287154013301085,0.777124183006536,0.7307753269430362,0.1959184110164642,110.0,f1,0.7287154013301085
Amazon-Photo,gat,Raw features -> UMAP -> Delaunay,12406,0.7764705882352941,0.7246196331029704,0.7509803921568627,0.7009294179172972,0.1078016459941864,218.0,f1,0.7246196331029704
Amazon-Photo,gat,Raw features -> UMAP -> Delaunay,12407,0.7888888888888889,0.726669002891121,0.7816993464052288,0.7317398924625748,0.1784060001373291,118.0,f1,0.726669002891121
Amazon-Photo,gat,Raw features -> UMAP -> Delaunay,12408,0.7738562091503268,0.7246612212051099,0.773202614379085,0.7130641650978178,0.1841262429952621,118.0,f1,0.7246612212051099
Amazon-Photo,gat,Raw features -> UMAP -> Delaunay,12409,0.7758169934640523,0.7226993159982495,0.7666666666666667,0.7122135287053379,0.1736709177494049,107.0,f1,0.7226993159982495
Amazon-Photo,gat,Raw features -> UMAP -> Delaunay,12410,0.7738562091503268,0.7233741077189298,0.7673202614379085,0.7095025818797388,0.191117838025093,98.0,f1,0.7233741077189298
Amazon-Photo,gat,Raw features -> UMAP -> Delaunay,12411,0.7928104575163398,0.729920121870139,0.7686274509803922,0.6997584298636115,0.2113559544086456,95.0,f1,0.729920121870139
Amazon-Photo,gat,Raw features -> UMAP -> Delaunay,12412,0.7633986928104575,0.7004314503727531,0.7679738562091504,0.7175790596080618,0.1585380584001541,148.0,f1,0.7004314503727531
Amazon-Photo,gat,Raw features -> UMAP -> Delaunay,12413,0.7816993464052288,0.7258376408117693,0.7529411764705882,0.6739705097483375,0.1655812263488769,131.0,f1,0.7258376408117693
Amazon-Photo,gat,Raw features -> UMAP -> Delaunay,12414,0.7869281045751634,0.7430853504140277,0.7849673202614379,0.7317457597042643,0.2513798773288727,87.0,f1,0.7430853504140277
Amazon-Photo,gat,Raw features -> UMAP -> Delaunay,12415,0.7849673202614379,0.7327348597550696,0.7738562091503268,0.7223296445994449,0.1957653164863586,114.0,f1,0.7327348597550696
Amazon-Photo,gat,Raw features -> UMAP -> Delaunay,12416,0.7673202614379085,0.7062512251017297,0.7673202614379085,0.7021971342466183,0.1779871582984924,114.0,f1,0.7062512251017297
Amazon-Photo,gat,Raw features -> UMAP -> Delaunay,12417,0.7660130718954249,0.7038838648712569,0.7509803921568627,0.6829697000196034,0.2131437957286834,103.0,f1,0.7038838648712569
Amazon-Photo,gat,Raw features -> UMAP -> Delaunay,12418,0.777124183006536,0.7265560303257735,0.777124183006536,0.7243754539844796,0.1714970767498016,110.0,f1,0.7265560303257735
Amazon-Photo,gat,Raw features -> UMAP -> Delaunay,12419,0.7954248366013071,0.737294113478198,0.7810457516339869,0.7278542769118543,0.2220609635114669,93.0,f1,0.737294113478198
Amazon-Photo,gat,Raw features -> UMAP -> Delaunay,12420,0.7934640522875817,0.7401047278334814,0.7699346405228759,0.7186711626361717,0.218362420797348,92.0,f1,0.7401047278334814
Amazon-Photo,gat,Raw features -> UMAP -> Delaunay,12421,0.7830065359477124,0.728743092948906,0.7745098039215687,0.7163209342372763,0.2251275777816772,93.0,f1,0.728743092948906
Amazon-Photo,gat,Raw features -> UMAP -> Delaunay,12422,0.7993464052287582,0.7574220617201564,0.7856209150326797,0.7304794469580407,0.2257474958896637,90.0,f1,0.7574220617201564
Amazon-Photo,gat,Raw features -> UMAP -> Delaunay,12423,0.7777777777777778,0.7251825709818969,0.7849673202614379,0.7278582339636518,0.2507607042789459,86.0,f1,0.7251825709818969
Amazon-Photo,gat,Raw features -> UMAP -> Delaunay,12424,0.7666666666666667,0.7048921741319095,0.7509803921568627,0.6881885589930674,0.1504580080509185,134.0,f1,0.7048921741319095
Amazon-Photo,gat,Raw features -> UMAP -> Delaunay,12425,0.792156862745098,0.739911647403858,0.7980392156862746,0.7369596319900319,0.2714715898036957,73.0,f1,0.739911647403858
Amazon-Photo,gat,Raw features -> UMAP -> Delaunay,12426,0.7947712418300653,0.7457213314185489,0.7803921568627451,0.7189612547826639,0.2034396678209304,100.0,f1,0.7457213314185489
Amazon-Photo,gat,Raw features -> UMAP -> Delaunay,12427,0.7633986928104575,0.7091457819995819,0.7633986928104575,0.7031390703228367,0.1591627448797226,125.0,f1,0.7091457819995819
Amazon-Photo,gat,Raw features -> UMAP -> Delaunay,12428,0.7666666666666667,0.7199833992503624,0.7705882352941177,0.701480492478842,0.2244149893522262,86.0,f1,0.7199833992503624
Amazon-Photo,gat,Raw features -> UMAP -> Delaunay,12429,0.7849673202614379,0.7257886319087778,0.7797385620915033,0.7085610260231878,0.2294659912586212,92.0,f1,0.7257886319087778
Amazon-Photo,gat,Raw features -> UMAP -> Delaunay,12430,0.7745098039215687,0.7295386454125203,0.7830065359477124,0.7201206925734651,0.2059440165758133,88.0,f1,0.7295386454125203
Amazon-Photo,gat,Raw features -> UMAP -> Delaunay,12431,0.7601307189542483,0.7124412648757359,0.7601307189542483,0.7039420797195592,0.2178638130426406,92.0,f1,0.7124412648757359
Amazon-Photo,gat,Raw features -> UMAP -> Delaunay,12432,0.7836601307189542,0.7276035985940705,0.7568627450980392,0.7079442595631191,0.2157544642686844,95.0,f1,0.7276035985940705
Amazon-Photo,gat,Raw features -> UMAP -> Delaunay,12433,0.7699346405228759,0.7101930047517624,0.7895424836601307,0.7323794042538316,0.1695494204759597,138.0,f1,0.7101930047517624
Amazon-Photo,gat,Raw features -> UMAP -> Delaunay,12434,0.7934640522875817,0.7359880055131942,0.7712418300653595,0.7157328649868131,0.2176184952259063,94.0,f1,0.7359880055131942
Amazon-Photo,gat,Raw features -> UMAP -> Delaunay,12435,0.7777777777777778,0.7189751563048896,0.769281045751634,0.6984300718443589,0.24886554479599,77.0,f1,0.7189751563048896
Amazon-Photo,gat,Raw features -> UMAP -> Delaunay,12436,0.7941176470588235,0.7268171451552183,0.788235294117647,0.7102469664832973,0.2371065616607666,90.0,f1,0.7268171451552183
Amazon-Photo,gat,Raw features -> UMAP -> Delaunay,12437,0.7751633986928105,0.7256748647570207,0.7601307189542483,0.6971712081427369,0.2186318486928939,81.0,f1,0.7256748647570207
Amazon-Photo,gat,Raw features -> UMAP -> Delaunay,12438,0.7627450980392156,0.7134015497010542,0.7627450980392156,0.7068325483151763,0.1717042773962021,118.0,f1,0.7134015497010542
Amazon-Photo,gat,Raw features -> UMAP -> Delaunay,12439,0.7810457516339869,0.724920151055686,0.7875816993464052,0.7359048911274355,0.207896202802658,106.0,f1,0.724920151055686
Amazon-Photo,gat,Raw features -> UMAP -> Delaunay,12440,0.7777777777777778,0.7081294332730255,0.7836601307189542,0.7216465105639731,0.2179328650236129,99.0,f1,0.7081294332730255
Amazon-Photo,gat,Raw features -> UMAP -> Delaunay,12441,0.7830065359477124,0.7245043855220791,0.7823529411764706,0.7203288398811188,0.1989420503377914,98.0,f1,0.7245043855220791
Amazon-Photo,gat,Raw features -> UMAP -> Delaunay,12442,0.7745098039215687,0.7244599549751422,0.7477124183006536,0.6907451028782581,0.2373120486736297,83.0,f1,0.7244599549751422
Amazon-Photo,gat,Raw features -> UMAP -> Delaunay,12443,0.7686274509803922,0.7153034381960661,0.7823529411764706,0.7217043021431135,0.1863928586244583,114.0,f1,0.7153034381960661
Amazon-Photo,gat,Raw features -> UMAP -> Delaunay,12444,0.7908496732026143,0.7159908580811518,0.7928104575163398,0.729266495314401,0.2485951781272888,76.0,f1,0.7159908580811518
Pubmed,gcn,Raw features -> UMAP -> Delaunay,12345,0.7188133874239351,0.7218610934970416,0.7188133874239351,0.7196706162802918,0.5055569410324097,99.0,f1,0.7218610934970416
Pubmed,gcn,Raw features -> UMAP -> Delaunay,12346,0.7276876267748479,0.731434811827957,0.7221095334685599,0.7269022258136005,0.5138704776763916,82.0,f1,0.731434811827957
Pubmed,gcn,Raw features -> UMAP -> Delaunay,12347,0.7254056795131846,0.7298216889474061,0.7094320486815415,0.7136287865038181,0.5057999491691589,90.0,f1,0.7298216889474061
Pubmed,gcn,Raw features -> UMAP -> Delaunay,12348,0.7269269776876268,0.7301863310652336,0.7266734279918864,0.7287156251124941,0.5114620923995972,90.0,f1,0.7301863310652336
Pubmed,gcn,Raw features -> UMAP -> Delaunay,12349,0.723630831643002,0.72525452957608,0.7223630831643002,0.720306813108062,0.5005955696105957,95.0,f1,0.72525452957608
Pubmed,gcn,Raw features -> UMAP -> Delaunay,12350,0.7299695740365112,0.7319160004876327,0.7162778904665315,0.7181646161538376,0.5217658281326294,79.0,f1,0.7319160004876327
Pubmed,gcn,Raw features -> UMAP -> Delaunay,12351,0.7363083164300203,0.7368735386406119,0.7200811359026369,0.7229827238549045,0.5307846069335938,66.0,f1,0.7368735386406119
Pubmed,gcn,Raw features -> UMAP -> Delaunay,12352,0.7388438133874239,0.741298012609175,0.7325050709939148,0.7372631177130228,0.5218201279640198,83.0,f1,0.741298012609175
Pubmed,gcn,Raw features -> UMAP -> Delaunay,12353,0.7238843813387424,0.7231548695241591,0.7322515212981744,0.7345092051412213,0.534135103225708,71.0,f1,0.7231548695241591
Pubmed,gcn,Raw features -> UMAP -> Delaunay,12354,0.7256592292089249,0.7272705822109155,0.7081643002028397,0.7094335996508615,0.4915653169155121,104.0,f1,0.7272705822109155
Pubmed,gcn,Raw features -> UMAP -> Delaunay,12355,0.7119675456389453,0.7125520848664532,0.7254056795131846,0.7262644689435351,0.5082525014877319,85.0,f1,0.7125520848664532
Pubmed,gcn,Raw features -> UMAP -> Delaunay,12356,0.7309837728194726,0.7317150511209102,0.7363083164300203,0.7376866482373798,0.5218474864959717,85.0,f1,0.7317150511209102
Pubmed,gcn,Raw features -> UMAP -> Delaunay,12357,0.7175456389452333,0.7209665687624912,0.7177991886409736,0.7204417233361631,0.5131670236587524,83.0,f1,0.7209665687624912
Pubmed,gcn,Raw features -> UMAP -> Delaunay,12358,0.7294624746450304,0.7299682590400728,0.7335192697768763,0.7351159954778684,0.5221831202507019,75.0,f1,0.7299682590400728
Pubmed,gcn,Raw features -> UMAP -> Delaunay,12359,0.7327586206896551,0.734067945381588,0.7271805273833671,0.7267304154679973,0.526124119758606,69.0,f1,0.734067945381588
Pubmed,gcn,Raw features -> UMAP -> Delaunay,12360,0.723630831643002,0.7243326554232566,0.716024340770791,0.7154281384198704,0.5130892992019653,80.0,f1,0.7243326554232566
Pubmed,gcn,Raw features -> UMAP -> Delaunay,12361,0.7205882352941176,0.7224434883284236,0.7269269776876268,0.7314550899931825,0.5041794180870056,83.0,f1,0.7224434883284236
Pubmed,gcn,Raw features -> UMAP -> Delaunay,12362,0.7259127789046653,0.7261292590863121,0.722870182555781,0.7252958400027891,0.5241355299949646,73.0,f1,0.7261292590863121
Pubmed,gcn,Raw features -> UMAP -> Delaunay,12363,0.7302231237322515,0.7330123669597673,0.7251521298174443,0.7246779507109595,0.5379278659820557,62.0,f1,0.7330123669597673
Pubmed,gcn,Raw features -> UMAP -> Delaunay,12364,0.7302231237322515,0.7326042227692869,0.717292089249493,0.7198384757899842,0.5176879167556763,80.0,f1,0.7326042227692869
Pubmed,gcn,Raw features -> UMAP -> Delaunay,12365,0.7266734279918864,0.729234516011001,0.7327586206896551,0.7334197480900739,0.5157645344734192,82.0,f1,0.729234516011001
Pubmed,gcn,Raw features -> UMAP -> Delaunay,12366,0.7325050709939148,0.7341404452733897,0.7195740365111561,0.7215341159683476,0.5171025395393372,76.0,f1,0.7341404452733897
Pubmed,gcn,Raw features -> UMAP -> Delaunay,12367,0.7327586206896551,0.7365896849584316,0.7155172413793104,0.7140779663104876,0.5297606587409973,76.0,f1,0.7365896849584316
Pubmed,gcn,Raw features -> UMAP -> Delaunay,12368,0.7274340770791075,0.730288029538117,0.7398580121703854,0.7398748518260042,0.5358754992485046,74.0,f1,0.730288029538117
Pubmed,gcn,Raw features -> UMAP -> Delaunay,12369,0.7259127789046653,0.7283331890708858,0.7449290060851927,0.7481344067907779,0.5380808711051941,65.0,f1,0.7283331890708858
Pubmed,gcn,Raw features -> UMAP -> Delaunay,12370,0.7327586206896551,0.7372817366306741,0.7408722109533469,0.7436022897178267,0.5460562109947205,66.0,f1,0.7372817366306741
Pubmed,gcn,Raw features -> UMAP -> Delaunay,12371,0.723630831643002,0.727611535100877,0.722870182555781,0.7255780946872571,0.518946647644043,83.0,f1,0.727611535100877
Pubmed,gcn,Raw features -> UMAP -> Delaunay,12372,0.7254056795131846,0.7267271786614026,0.7271805273833671,0.7324347492157294,0.5241286158561707,86.0,f1,0.7267271786614026
Pubmed,gcn,Raw features -> UMAP -> Delaunay,12373,0.7304766734279919,0.7331941646255263,0.7266734279918864,0.7277175473559528,0.5228822827339172,79.0,f1,0.7331941646255263
Pubmed,gcn,Raw features -> UMAP -> Delaunay,12374,0.7254056795131846,0.7280998470113814,0.7076572008113591,0.706771471893831,0.5095586776733398,89.0,f1,0.7280998470113814
Pubmed,gcn,Raw features -> UMAP -> Delaunay,12375,0.7307302231237323,0.7302862024199843,0.7238843813387424,0.7281451319672206,0.5112830400466919,87.0,f1,0.7302862024199843
Pubmed,gcn,Raw features -> UMAP -> Delaunay,12376,0.7261663286004056,0.7295726936074397,0.7195740365111561,0.7209663268538781,0.5279362797737122,68.0,f1,0.7295726936074397
Pubmed,gcn,Raw features -> UMAP -> Delaunay,12377,0.723630831643002,0.7240469413455202,0.7256592292089249,0.7279762277031842,0.5204836130142212,74.0,f1,0.7240469413455202
Pubmed,gcn,Raw features -> UMAP -> Delaunay,12378,0.7071501014198783,0.7106310698789476,0.7190669371196755,0.7200208976109401,0.4907082617282867,110.0,f1,0.7106310698789476
Pubmed,gcn,Raw features -> UMAP -> Delaunay,12379,0.7418864097363083,0.7445107560486129,0.7388438133874239,0.7403343199190718,0.5293623208999634,73.0,f1,0.7445107560486129
Pubmed,gcn,Raw features -> UMAP -> Delaunay,12380,0.7251521298174443,0.7284496283833165,0.7276876267748479,0.7288120993323414,0.5237190127372742,80.0,f1,0.7284496283833165
Pubmed,gcn,Raw features -> UMAP -> Delaunay,12381,0.7264198782961461,0.7280355066173748,0.7231237322515213,0.7243222258973315,0.5155117511749268,79.0,f1,0.7280355066173748
Pubmed,gcn,Raw features -> UMAP -> Delaunay,12382,0.7309837728194726,0.7345407852310694,0.7307302231237323,0.7331345094307746,0.5328250527381897,73.0,f1,0.7345407852310694
Pubmed,gcn,Raw features -> UMAP -> Delaunay,12383,0.7246450304259635,0.7291897842229141,0.7205882352941176,0.7233438701149293,0.4969397783279419,99.0,f1,0.7291897842229141
Pubmed,gcn,Raw features -> UMAP -> Delaunay,12384,0.7271805273833671,0.7257458216600462,0.7254056795131846,0.7290376936216272,0.5213446617126465,76.0,f1,0.7257458216600462
Pubmed,gcn,Raw features -> UMAP -> Delaunay,12385,0.7276876267748479,0.7329133393922872,0.7198275862068966,0.7219030025837458,0.5155176520347595,87.0,f1,0.7329133393922872
Pubmed,gcn,Raw features -> UMAP -> Delaunay,12386,0.7119675456389453,0.7145693912416373,0.7119675456389453,0.7155211942048245,0.4955235421657562,93.0,f1,0.7145693912416373
Pubmed,gcn,Raw features -> UMAP -> Delaunay,12387,0.7170385395537525,0.7190142634814752,0.7264198782961461,0.728076436752182,0.5060811042785645,96.0,f1,0.7190142634814752
Pubmed,gcn,Raw features -> UMAP -> Delaunay,12388,0.72920892494929,0.7327879197879893,0.7218559837728195,0.7232952577099634,0.5141842365264893,81.0,f1,0.7327879197879893
Pubmed,gcn,Raw features -> UMAP -> Delaunay,12389,0.7281947261663286,0.7320079006372935,0.7330121703853956,0.733121868010588,0.5295063853263855,77.0,f1,0.7320079006372935
Pubmed,gcn,Raw features -> UMAP -> Delaunay,12390,0.7177991886409736,0.720778933454055,0.7325050709939148,0.7324746392743259,0.5117146968841553,90.0,f1,0.720778933454055
Pubmed,gcn,Raw features -> UMAP -> Delaunay,12391,0.7299695740365112,0.7346287058454388,0.7248985801217038,0.72618814005998,0.5144370794296265,79.0,f1,0.7346287058454388
Pubmed,gcn,Raw features -> UMAP -> Delaunay,12392,0.7269269776876268,0.7294451251970652,0.7010649087221096,0.6995478417301341,0.5008720755577087,92.0,f1,0.7294451251970652
Pubmed,gcn,Raw features -> UMAP -> Delaunay,12393,0.7325050709939148,0.7356268037116972,0.7210953346855984,0.7237338826301937,0.5150147080421448,93.0,f1,0.7356268037116972
Pubmed,gcn,Raw features -> UMAP -> Delaunay,12394,0.7216024340770791,0.7259827346738761,0.7101926977687627,0.7139507333862672,0.5156469345092773,85.0,f1,0.7259827346738761
Pubmed,gcn,Raw features -> UMAP -> Delaunay,12395,0.7347870182555781,0.7367975819168352,0.717292089249493,0.7215154961211091,0.5118926763534546,85.0,f1,0.7367975819168352
Pubmed,gcn,Raw features -> UMAP -> Delaunay,12396,0.7106997971602435,0.7136162767473594,0.7330121703853956,0.738211037267377,0.5065590143203735,85.0,f1,0.7136162767473594
Pubmed,gcn,Raw features -> UMAP -> Delaunay,12397,0.7175456389452333,0.7201346412843869,0.7190669371196755,0.720502428745896,0.5056685209274292,87.0,f1,0.7201346412843869
Pubmed,gcn,Raw features -> UMAP -> Delaunay,12398,0.7294624746450304,0.7303762987259729,0.7071501014198783,0.7074251194288556,0.5183680653572083,72.0,f1,0.7303762987259729
Pubmed,gcn,Raw features -> UMAP -> Delaunay,12399,0.7322515212981744,0.7340502755679115,0.7251521298174443,0.7280219854556483,0.5185974836349487,78.0,f1,0.7340502755679115
Pubmed,gcn,Raw features -> UMAP -> Delaunay,12400,0.7314908722109533,0.7334455666946074,0.7271805273833671,0.7314395803308616,0.5217121243476868,81.0,f1,0.7334455666946074
Pubmed,gcn,Raw features -> UMAP -> Delaunay,12401,0.7175456389452333,0.7173899070536037,0.7259127789046653,0.727381718453147,0.5099464058876038,90.0,f1,0.7173899070536037
Pubmed,gcn,Raw features -> UMAP -> Delaunay,12402,0.7464503042596349,0.750424235482113,0.7246450304259635,0.7248642291042616,0.5270795822143555,73.0,f1,0.750424235482113
Pubmed,gcn,Raw features -> UMAP -> Delaunay,12403,0.7117139959432048,0.7139377817643994,0.7330121703853956,0.7381167805925779,0.4966377019882202,91.0,f1,0.7139377817643994
Pubmed,gcn,Raw features -> UMAP -> Delaunay,12404,0.7274340770791075,0.7281129869569373,0.7314908722109533,0.7300583547303585,0.5268266797065735,75.0,f1,0.7281129869569373
Pubmed,gcn,Raw features -> UMAP -> Delaunay,12405,0.7352941176470589,0.7374160625387193,0.7441683569979716,0.7462602249270139,0.5315958857536316,75.0,f1,0.7374160625387193
Pubmed,gcn,Raw features -> UMAP -> Delaunay,12406,0.7269269776876268,0.7265369526927228,0.7177991886409736,0.7178078898814698,0.5192041397094727,76.0,f1,0.7265369526927228
Pubmed,gcn,Raw features -> UMAP -> Delaunay,12407,0.7167849898580122,0.7174911712737105,0.7061359026369168,0.7100158665240005,0.508513867855072,90.0,f1,0.7174911712737105
Pubmed,gcn,Raw features -> UMAP -> Delaunay,12408,0.72920892494929,0.7316658502978416,0.7203346855983773,0.7233966178219307,0.5160974264144897,80.0,f1,0.7316658502978416
Pubmed,gcn,Raw features -> UMAP -> Delaunay,12409,0.712474645030426,0.7165536619648817,0.7167849898580122,0.7195478214958003,0.4982630014419555,86.0,f1,0.7165536619648817
Pubmed,gcn,Raw features -> UMAP -> Delaunay,12410,0.7246450304259635,0.7270233748309575,0.716024340770791,0.7192678206914955,0.4927384555339813,102.0,f1,0.7270233748309575
Pubmed,gcn,Raw features -> UMAP -> Delaunay,12411,0.7170385395537525,0.7181544921669496,0.7269269776876268,0.729154773510198,0.5122738480567932,81.0,f1,0.7181544921669496
Pubmed,gcn,Raw features -> UMAP -> Delaunay,12412,0.7175456389452333,0.7183916927494801,0.720841784989858,0.7220744351118844,0.514925479888916,78.0,f1,0.7183916927494801
Pubmed,gcn,Raw features -> UMAP -> Delaunay,12413,0.7325050709939148,0.7309074806881272,0.7307302231237323,0.7308483828055845,0.5421369671821594,68.0,f1,0.7309074806881272
Pubmed,gcn,Raw features -> UMAP -> Delaunay,12414,0.722870182555781,0.7257398020868565,0.7241379310344828,0.7279132827709262,0.5223280787467957,77.0,f1,0.7257398020868565
Pubmed,gcn,Raw features -> UMAP -> Delaunay,12415,0.7337728194726166,0.7389782780597208,0.7406186612576064,0.7391753776181309,0.5443676710128784,70.0,f1,0.7389782780597208
Pubmed,gcn,Raw features -> UMAP -> Delaunay,12416,0.7360547667342799,0.7403651513297119,0.7175456389452333,0.7196557810190871,0.5226308107376099,66.0,f1,0.7403651513297119
Pubmed,gcn,Raw features -> UMAP -> Delaunay,12417,0.72920892494929,0.7293774653071079,0.7350405679513184,0.7359911009325689,0.5316897630691528,73.0,f1,0.7293774653071079
Pubmed,gcn,Raw features -> UMAP -> Delaunay,12418,0.7287018255578094,0.7299638752505514,0.722870182555781,0.7229983238206291,0.521654486656189,65.0,f1,0.7299638752505514
Pubmed,gcn,Raw features -> UMAP -> Delaunay,12419,0.7317444219066938,0.736316659646616,0.717292089249493,0.7193429174229249,0.5018467903137207,96.0,f1,0.736316659646616
Pubmed,gcn,Raw features -> UMAP -> Delaunay,12420,0.7238843813387424,0.7245176572479464,0.718052738336714,0.7214998396056765,0.4968980252742767,98.0,f1,0.7245176572479464
Pubmed,gcn,Raw features -> UMAP -> Delaunay,12421,0.7279411764705882,0.7260512205396606,0.7188133874239351,0.7205982758665527,0.5181536078453064,76.0,f1,0.7260512205396606
Pubmed,gcn,Raw features -> UMAP -> Delaunay,12422,0.722870182555781,0.7255585797690443,0.716024340770791,0.7196493698059276,0.524199903011322,70.0,f1,0.7255585797690443
Pubmed,gcn,Raw features -> UMAP -> Delaunay,12423,0.7416328600405679,0.7453224312053198,0.7243914807302231,0.7296821085388915,0.5291779637336731,78.0,f1,0.7453224312053198
Pubmed,gcn,Raw features -> UMAP -> Delaunay,12424,0.7271805273833671,0.730378874430122,0.7142494929006086,0.7144747784214586,0.503979504108429,82.0,f1,0.730378874430122
Pubmed,gcn,Raw features -> UMAP -> Delaunay,12425,0.7276876267748479,0.7293275015577031,0.7127281947261663,0.711828844479011,0.5123388171195984,79.0,f1,0.7293275015577031
Pubmed,gcn,Raw features -> UMAP -> Delaunay,12426,0.7337728194726166,0.7358569124187503,0.7314908722109533,0.7357925309020699,0.5201983451843262,81.0,f1,0.7358569124187503
Pubmed,gcn,Raw features -> UMAP -> Delaunay,12427,0.7276876267748479,0.7294990703935994,0.7200811359026369,0.7196128613638546,0.5186848640441895,78.0,f1,0.7294990703935994
Pubmed,gcn,Raw features -> UMAP -> Delaunay,12428,0.7294624746450304,0.7314691421619456,0.7238843813387424,0.7256162075724871,0.5108081102371216,85.0,f1,0.7314691421619456
Pubmed,gcn,Raw features -> UMAP -> Delaunay,12429,0.72920892494929,0.7320819638873566,0.7233772819472617,0.7275362086159949,0.5165423154830933,88.0,f1,0.7320819638873566
Pubmed,gcn,Raw features -> UMAP -> Delaunay,12430,0.7216024340770791,0.7250913119374918,0.720841784989858,0.7215906189265081,0.4971602261066437,98.0,f1,0.7250913119374918
Pubmed,gcn,Raw features -> UMAP -> Delaunay,12431,0.7380831643002028,0.740500312052439,0.7373225152129818,0.7375323970937138,0.5309341549873352,65.0,f1,0.740500312052439
Pubmed,gcn,Raw features -> UMAP -> Delaunay,12432,0.7254056795131846,0.7277925318386161,0.7221095334685599,0.7252336621104778,0.5102652907371521,83.0,f1,0.7277925318386161
Pubmed,gcn,Raw features -> UMAP -> Delaunay,12433,0.7281947261663286,0.730213691386907,0.7281947261663286,0.7291485154473957,0.5254625678062439,73.0,f1,0.730213691386907
Pubmed,gcn,Raw features -> UMAP -> Delaunay,12434,0.7297160243407708,0.7325313370595997,0.7281947261663286,0.7313035388563659,0.5216528177261353,82.0,f1,0.7325313370595997
Pubmed,gcn,Raw features -> UMAP -> Delaunay,12435,0.723630831643002,0.7275424986937936,0.7185598377281948,0.7235930075645207,0.5076773166656494,87.0,f1,0.7275424986937936
Pubmed,gcn,Raw features -> UMAP -> Delaunay,12436,0.7342799188640974,0.7321892804085862,0.7210953346855984,0.7237075702949752,0.5225031971931458,80.0,f1,0.7321892804085862
Pubmed,gcn,Raw features -> UMAP -> Delaunay,12437,0.7076572008113591,0.7104827204764694,0.7205882352941176,0.7237405315210036,0.4874151349067688,103.0,f1,0.7104827204764694
Pubmed,gcn,Raw features -> UMAP -> Delaunay,12438,0.7281947261663286,0.7304403033221284,0.7266734279918864,0.7258790736546795,0.5082120895385742,88.0,f1,0.7304403033221284
Pubmed,gcn,Raw features -> UMAP -> Delaunay,12439,0.7162778904665315,0.7202514904058154,0.7289553752535497,0.731788221150905,0.5277208089828491,71.0,f1,0.7202514904058154
Pubmed,gcn,Raw features -> UMAP -> Delaunay,12440,0.7243914807302231,0.7272130590813851,0.7213488843813387,0.7230512014806044,0.5121790170669556,80.0,f1,0.7272130590813851
Pubmed,gcn,Raw features -> UMAP -> Delaunay,12441,0.7342799188640974,0.7335051899805451,0.7233772819472617,0.7256859258837344,0.5243313312530518,76.0,f1,0.7335051899805451
Pubmed,gcn,Raw features -> UMAP -> Delaunay,12442,0.7223630831643002,0.7242272252555925,0.7221095334685599,0.723680264049416,0.5179672241210938,75.0,f1,0.7242272252555925
Pubmed,gcn,Raw features -> UMAP -> Delaunay,12443,0.717292089249493,0.7209317963404703,0.7269269776876268,0.7305422777503848,0.5158722996711731,73.0,f1,0.7209317963404703
Pubmed,gcn,Raw features -> UMAP -> Delaunay,12444,0.7205882352941176,0.7214339934213233,0.7213488843813387,0.7213414708943612,0.5211321115493774,76.0,f1,0.7214339934213233
Pubmed,sage,Raw features -> UMAP -> Delaunay,12345,0.882606490872211,0.8799375362355848,0.8767748478701826,0.8759592182039673,0.1772588491439819,220.0,f1,0.8799375362355848
Pubmed,sage,Raw features -> UMAP -> Delaunay,12346,0.8869168356997972,0.8856597234477336,0.8734787018255578,0.8747717012241446,0.1422743052244186,280.0,f1,0.8856597234477336
Pubmed,sage,Raw features -> UMAP -> Delaunay,12347,0.8782961460446247,0.8760316483018338,0.8679006085192698,0.8654684407082393,0.1187545359134674,326.0,f1,0.8760316483018338
Pubmed,sage,Raw features -> UMAP -> Delaunay,12348,0.8833671399594321,0.881736929118795,0.8739858012170385,0.8735657006557788,0.1041136682033538,357.0,f1,0.881736929118795
Pubmed,sage,Raw features -> UMAP -> Delaunay,12349,0.8739858012170385,0.872023653074638,0.8770283975659229,0.8742470162712505,0.0938757956027984,400.0,f1,0.872023653074638
Pubmed,sage,Raw features -> UMAP -> Delaunay,12350,0.8739858012170385,0.8728159901764571,0.8608012170385395,0.8586885793845696,0.1471462398767471,243.0,f1,0.8728159901764571
Pubmed,sage,Raw features -> UMAP -> Delaunay,12351,0.8755070993914807,0.8730736624092478,0.8666328600405679,0.866386101357552,0.0983801186084747,387.0,f1,0.8730736624092478
Pubmed,sage,Raw features -> UMAP -> Delaunay,12352,0.8782961460446247,0.8774504089872526,0.8777890466531441,0.8777107450220343,0.184102177619934,225.0,f1,0.8774504089872526
Pubmed,sage,Raw features -> UMAP -> Delaunay,12353,0.8876774847870182,0.8881299061293239,0.8813387423935092,0.8777511038335595,0.0991258919239044,340.0,f1,0.8881299061293239
Pubmed,sage,Raw features -> UMAP -> Delaunay,12354,0.8793103448275862,0.8791233130232462,0.867393509127789,0.8657063365780205,0.1195890307426452,339.0,f1,0.8791233130232462
Pubmed,sage,Raw features -> UMAP -> Delaunay,12355,0.8711967545638946,0.8693011668338663,0.8762677484787018,0.8744135583863627,0.0917009860277175,381.0,f1,0.8693011668338663
Pubmed,sage,Raw features -> UMAP -> Delaunay,12356,0.8679006085192698,0.8662432511427524,0.8795638945233266,0.8770278206457135,0.1999705582857132,209.0,f1,0.8662432511427524
Pubmed,sage,Raw features -> UMAP -> Delaunay,12357,0.8752535496957403,0.8747153085026853,0.8833671399594321,0.8817625439360502,0.0957965925335884,400.0,f1,0.8747153085026853
Pubmed,sage,Raw features -> UMAP -> Delaunay,12358,0.8785496957403651,0.8765195472186614,0.8699290060851927,0.870757461594604,0.1032154932618141,351.0,f1,0.8765195472186614
Pubmed,sage,Raw features -> UMAP -> Delaunay,12359,0.8833671399594321,0.8825672736855279,0.8762677484787018,0.8733859040041804,0.1077404916286468,382.0,f1,0.8825672736855279
Pubmed,sage,Raw features -> UMAP -> Delaunay,12360,0.8803245436105477,0.8785539234101535,0.8717038539553753,0.8695522973516158,0.0930234938859939,380.0,f1,0.8785539234101535
Pubmed,sage,Raw features -> UMAP -> Delaunay,12361,0.8795638945233266,0.8771448513109,0.8701825557809331,0.8683544066309888,0.0982412695884704,382.0,f1,0.8771448513109
Pubmed,sage,Raw features -> UMAP -> Delaunay,12362,0.8838742393509128,0.881987171743999,0.8714503042596349,0.8691390258473547,0.1156811714172363,322.0,f1,0.881987171743999
Pubmed,sage,Raw features -> UMAP -> Delaunay,12363,0.8788032454361054,0.8785808385237095,0.8727180527383367,0.8710393462580491,0.2372047156095504,167.0,f1,0.8785808385237095
Pubmed,sage,Raw features -> UMAP -> Delaunay,12364,0.8810851926977687,0.8802961183464411,0.8732251521298174,0.8736275440391813,0.1183702200651168,302.0,f1,0.8802961183464411
Pubmed,sage,Raw features -> UMAP -> Delaunay,12365,0.8762677484787018,0.874594693298958,0.8739858012170385,0.871282227090338,0.0963604897260665,361.0,f1,0.874594693298958
Pubmed,sage,Raw features -> UMAP -> Delaunay,12366,0.875,0.8728367462720678,0.8800709939148073,0.8790602352100022,0.1038424223661422,361.0,f1,0.8728367462720678
Pubmed,sage,Raw features -> UMAP -> Delaunay,12367,0.8843813387423936,0.8847217418418154,0.8729716024340771,0.8707764345979164,0.1649689525365829,237.0,f1,0.8847217418418154
Pubmed,sage,Raw features -> UMAP -> Delaunay,12368,0.8782961460446247,0.8776959921839543,0.8770283975659229,0.8757002902356574,0.1311422735452652,294.0,f1,0.8776959921839543
Pubmed,sage,Raw features -> UMAP -> Delaunay,12369,0.8757606490872211,0.8753215697169286,0.8765212981744422,0.8759792610306913,0.0966809689998626,393.0,f1,0.8753215697169286
Pubmed,sage,Raw features -> UMAP -> Delaunay,12370,0.8803245436105477,0.878850349100281,0.8788032454361054,0.8787061291884443,0.1498533189296722,253.0,f1,0.878850349100281
Pubmed,sage,Raw features -> UMAP -> Delaunay,12371,0.8838742393509128,0.88424624069825,0.8711967545638946,0.8685120155732854,0.1327559053897857,280.0,f1,0.88424624069825
Pubmed,sage,Raw features -> UMAP -> Delaunay,12372,0.8704361054766734,0.869650893667281,0.8775354969574036,0.8764875634322128,0.1367914378643036,271.0,f1,0.869650893667281
Pubmed,sage,Raw features -> UMAP -> Delaunay,12373,0.8810851926977687,0.8802547140889266,0.8770283975659229,0.875330971260317,0.0961338505148887,389.0,f1,0.8802547140889266
Pubmed,sage,Raw features -> UMAP -> Delaunay,12374,0.8711967545638946,0.8694012847894791,0.875,0.8729108666354164,0.0968431159853935,375.0,f1,0.8694012847894791
Pubmed,sage,Raw features -> UMAP -> Delaunay,12375,0.8861561866125761,0.883663519953309,0.8734787018255578,0.8724091422000398,0.1098019555211067,347.0,f1,0.883663519953309
Pubmed,sage,Raw features -> UMAP -> Delaunay,12376,0.8818458417849898,0.8822470316795078,0.8752535496957403,0.8741615746424866,0.1136763840913772,314.0,f1,0.8822470316795078
Pubmed,sage,Raw features -> UMAP -> Delaunay,12377,0.8711967545638946,0.8689796814268731,0.8752535496957403,0.8751633900802123,0.1034047082066536,346.0,f1,0.8689796814268731
Pubmed,sage,Raw features -> UMAP -> Delaunay,12378,0.8699290060851927,0.8710033062359438,0.8760141987829615,0.8745405572293542,0.1098404973745346,322.0,f1,0.8710033062359438
Pubmed,sage,Raw features -> UMAP -> Delaunay,12379,0.8820993914807302,0.8793626362189043,0.8744929006085193,0.873301530226562,0.1459868997335434,261.0,f1,0.8793626362189043
Pubmed,sage,Raw features -> UMAP -> Delaunay,12380,0.8869168356997972,0.8855827454742896,0.869421906693712,0.8675117072526399,0.1648296564817428,247.0,f1,0.8855827454742896
Pubmed,sage,Raw features -> UMAP -> Delaunay,12381,0.8755070993914807,0.8746188335923389,0.8719574036511156,0.8716473399140284,0.0961110591888427,388.0,f1,0.8746188335923389
Pubmed,sage,Raw features -> UMAP -> Delaunay,12382,0.8775354969574036,0.8770076567088715,0.8782961460446247,0.8778930642955166,0.1638066917657852,229.0,f1,0.8770076567088715
Pubmed,sage,Raw features -> UMAP -> Delaunay,12383,0.8848884381338742,0.8850102010998663,0.8795638945233266,0.8781826865642876,0.092160940170288,400.0,f1,0.8850102010998663
Pubmed,sage,Raw features -> UMAP -> Delaunay,12384,0.8798174442190669,0.877218168688123,0.8765212981744422,0.8746859372911221,0.0989283546805381,362.0,f1,0.877218168688123
Pubmed,sage,Raw features -> UMAP -> Delaunay,12385,0.8798174442190669,0.8791013122857937,0.8661257606490872,0.8635884890468789,0.0947588831186294,389.0,f1,0.8791013122857937
Pubmed,sage,Raw features -> UMAP -> Delaunay,12386,0.8747464503042597,0.8727405681427512,0.8640973630831643,0.865019190027032,0.1031400263309478,353.0,f1,0.8727405681427512
Pubmed,sage,Raw features -> UMAP -> Delaunay,12387,0.8813387423935092,0.8799237503072016,0.8762677484787018,0.874895407085926,0.105900689959526,388.0,f1,0.8799237503072016
Pubmed,sage,Raw features -> UMAP -> Delaunay,12388,0.8843813387423936,0.8840350021982829,0.8772819472616633,0.8762724757837486,0.1226018965244293,316.0,f1,0.8840350021982829
Pubmed,sage,Raw features -> UMAP -> Delaunay,12389,0.8744929006085193,0.8742184127027248,0.8760141987829615,0.8741290914167807,0.17121122777462,223.0,f1,0.8742184127027248
Pubmed,sage,Raw features -> UMAP -> Delaunay,12390,0.8772819472616633,0.8763066119621784,0.8846348884381339,0.8823117439020446,0.1259049922227859,300.0,f1,0.8763066119621784
Pubmed,sage,Raw features -> UMAP -> Delaunay,12391,0.882606490872211,0.8838217336673848,0.869421906693712,0.8674462078806041,0.1072977110743522,347.0,f1,0.8838217336673848
Pubmed,sage,Raw features -> UMAP -> Delaunay,12392,0.8765212981744422,0.8755476454439385,0.8757606490872211,0.8724236849918627,0.0919043719768524,398.0,f1,0.8755476454439385
Pubmed,sage,Raw features -> UMAP -> Delaunay,12393,0.8907200811359026,0.888926247876009,0.8709432048681541,0.8700266768737243,0.1701652705669403,229.0,f1,0.888926247876009
Pubmed,sage,Raw features -> UMAP -> Delaunay,12394,0.8818458417849898,0.8820544631659547,0.8747464503042597,0.874067795054336,0.1655147224664688,246.0,f1,0.8820544631659547
Pubmed,sage,Raw features -> UMAP -> Delaunay,12395,0.8793103448275862,0.8771855482431409,0.8729716024340771,0.8708292709873144,0.1798566132783889,235.0,f1,0.8771855482431409
Pubmed,sage,Raw features -> UMAP -> Delaunay,12396,0.8737322515212982,0.8705055121321879,0.8767748478701826,0.877131650662797,0.1895858347415924,206.0,f1,0.8705055121321879
Pubmed,sage,Raw features -> UMAP -> Delaunay,12397,0.8798174442190669,0.8777521750974161,0.8767748478701826,0.8747710422557057,0.0923147350549697,397.0,f1,0.8777521750974161
Pubmed,sage,Raw features -> UMAP -> Delaunay,12398,0.8833671399594321,0.8824616874944291,0.867393509127789,0.8650699037726466,0.1710740178823471,247.0,f1,0.8824616874944291
Pubmed,sage,Raw features -> UMAP -> Delaunay,12399,0.8838742393509128,0.8817115239740323,0.8737322515212982,0.8723687517417341,0.1250493824481964,314.0,f1,0.8817115239740323
Pubmed,sage,Raw features -> UMAP -> Delaunay,12400,0.8798174442190669,0.8782384335781853,0.8752535496957403,0.8734049147788122,0.1259332597255706,329.0,f1,0.8782384335781853
Pubmed,sage,Raw features -> UMAP -> Delaunay,12401,0.8798174442190669,0.878004010609006,0.8762677484787018,0.8754769853460541,0.1335739344358444,289.0,f1,0.878004010609006
Pubmed,sage,Raw features -> UMAP -> Delaunay,12402,0.8856490872210954,0.8853977814165309,0.8752535496957403,0.8730500384958467,0.1147247403860092,334.0,f1,0.8853977814165309
Pubmed,sage,Raw features -> UMAP -> Delaunay,12403,0.8871703853955375,0.8856067996837571,0.8795638945233266,0.8776088198634513,0.1149699985980987,320.0,f1,0.8856067996837571
Pubmed,sage,Raw features -> UMAP -> Delaunay,12404,0.8777890466531441,0.8753795925275485,0.8755070993914807,0.87147792238612,0.0998485758900642,374.0,f1,0.8753795925275485
Pubmed,sage,Raw features -> UMAP -> Delaunay,12405,0.8790567951318459,0.8778881553204312,0.8793103448275862,0.8778819653389962,0.2297667860984802,195.0,f1,0.8778881553204312
Pubmed,sage,Raw features -> UMAP -> Delaunay,12406,0.8808316430020284,0.8798342737670791,0.8848884381338742,0.8832260980459942,0.1078778654336929,344.0,f1,0.8798342737670791
Pubmed,sage,Raw features -> UMAP -> Delaunay,12407,0.8785496957403651,0.8769233071411762,0.8757606490872211,0.8741693056373366,0.091307558119297,387.0,f1,0.8769233071411762
Pubmed,sage,Raw features -> UMAP -> Delaunay,12408,0.8820993914807302,0.8806390380062931,0.8711967545638946,0.8693945989906441,0.1639629453420639,224.0,f1,0.8806390380062931
Pubmed,sage,Raw features -> UMAP -> Delaunay,12409,0.8732251521298174,0.8727131502509087,0.8757606490872211,0.8752872367805593,0.0983104184269905,347.0,f1,0.8727131502509087
Pubmed,sage,Raw features -> UMAP -> Delaunay,12410,0.8795638945233266,0.8779556704751457,0.8717038539553753,0.8718474876806771,0.1512684971094131,254.0,f1,0.8779556704751457
Pubmed,sage,Raw features -> UMAP -> Delaunay,12411,0.8765212981744422,0.8743551772752909,0.8782961460446247,0.8759881432819318,0.121078535914421,325.0,f1,0.8743551772752909
Pubmed,sage,Raw features -> UMAP -> Delaunay,12412,0.8777890466531441,0.8751710737634445,0.8788032454361054,0.8771262575719078,0.1289743036031723,294.0,f1,0.8751710737634445
Pubmed,sage,Raw features -> UMAP -> Delaunay,12413,0.8894523326572008,0.8875297758946488,0.8767748478701826,0.8755692850970985,0.1865584403276443,214.0,f1,0.8875297758946488
Pubmed,sage,Raw features -> UMAP -> Delaunay,12414,0.8770283975659229,0.874232057284727,0.8739858012170385,0.8736456442241353,0.1241186261177063,315.0,f1,0.874232057284727
Pubmed,sage,Raw features -> UMAP -> Delaunay,12415,0.8820993914807302,0.8813221893207374,0.8871703853955375,0.886351603554462,0.1030611023306846,362.0,f1,0.8813221893207374
Pubmed,sage,Raw features -> UMAP -> Delaunay,12416,0.8790567951318459,0.8777960330813492,0.8724645030425964,0.8719554531235404,0.1369972378015518,282.0,f1,0.8777960330813492
Pubmed,sage,Raw features -> UMAP -> Delaunay,12417,0.8803245436105477,0.878219010454773,0.8762677484787018,0.8756462641643677,0.0947147458791732,394.0,f1,0.878219010454773
Pubmed,sage,Raw features -> UMAP -> Delaunay,12418,0.8699290060851927,0.8681254495578195,0.8668864097363083,0.8660273490634148,0.0992998778820037,383.0,f1,0.8681254495578195
Pubmed,sage,Raw features -> UMAP -> Delaunay,12419,0.8884381338742393,0.8889252818657543,0.8706896551724138,0.8681928060117534,0.1764833480119705,235.0,f1,0.8889252818657543
Pubmed,sage,Raw features -> UMAP -> Delaunay,12420,0.8810851926977687,0.8792001667147372,0.8737322515212982,0.8733466455125048,0.125958040356636,299.0,f1,0.8792001667147372
Pubmed,sage,Raw features -> UMAP -> Delaunay,12421,0.8717038539553753,0.8701345584435587,0.8813387423935092,0.879584974446558,0.0897692814469337,380.0,f1,0.8701345584435587
Pubmed,sage,Raw features -> UMAP -> Delaunay,12422,0.8706896551724138,0.8684720147767598,0.8719574036511156,0.8708801426682933,0.142776682972908,271.0,f1,0.8684720147767598
Pubmed,sage,Raw features -> UMAP -> Delaunay,12423,0.8869168356997972,0.8862272473625336,0.8739858012170385,0.8738339279752457,0.1624062806367874,248.0,f1,0.8862272473625336
Pubmed,sage,Raw features -> UMAP -> Delaunay,12424,0.8760141987829615,0.8743149575517664,0.8696754563894523,0.8664077897752249,0.1872859746217727,210.0,f1,0.8743149575517664
Pubmed,sage,Raw features -> UMAP -> Delaunay,12425,0.8897058823529411,0.8892075254308436,0.861815415821501,0.8602412444174381,0.1104063987731933,348.0,f1,0.8892075254308436
Pubmed,sage,Raw features -> UMAP -> Delaunay,12426,0.8820993914807302,0.8801301711385578,0.8777890466531441,0.8762511704390757,0.1963285654783249,210.0,f1,0.8801301711385578
Pubmed,sage,Raw features -> UMAP -> Delaunay,12427,0.8846348884381339,0.8828711040225578,0.8798174442190669,0.8786430127140149,0.1107139587402343,328.0,f1,0.8828711040225578
Pubmed,sage,Raw features -> UMAP -> Delaunay,12428,0.8813387423935092,0.8815964144187448,0.8732251521298174,0.8712981416254647,0.1199489682912826,297.0,f1,0.8815964144187448
Pubmed,sage,Raw features -> UMAP -> Delaunay,12429,0.8803245436105477,0.8790494850673878,0.8757606490872211,0.8729175948112085,0.2216391712427139,184.0,f1,0.8790494850673878
Pubmed,sage,Raw features -> UMAP -> Delaunay,12430,0.8864097363083164,0.8852975909181212,0.8719574036511156,0.8677898209511087,0.1027020886540412,339.0,f1,0.8852975909181212
Pubmed,sage,Raw features -> UMAP -> Delaunay,12431,0.8752535496957403,0.8733207821836748,0.8719574036511156,0.8704289204322668,0.0940866768360138,381.0,f1,0.8733207821836748
Pubmed,sage,Raw features -> UMAP -> Delaunay,12432,0.8772819472616633,0.8757964596948716,0.8739858012170385,0.8750554898674427,0.1332298964262008,293.0,f1,0.8757964596948716
Pubmed,sage,Raw features -> UMAP -> Delaunay,12433,0.8760141987829615,0.8740570904996193,0.8661257606490872,0.8637271355575308,0.1488639414310455,261.0,f1,0.8740570904996193
Pubmed,sage,Raw features -> UMAP -> Delaunay,12434,0.8902129817444219,0.8888432597597977,0.8770283975659229,0.8757998145863062,0.1593836396932602,250.0,f1,0.8888432597597977
Pubmed,sage,Raw features -> UMAP -> Delaunay,12435,0.8757606490872211,0.8739620441997036,0.8765212981744422,0.8754773807840864,0.0942549705505371,378.0,f1,0.8739620441997036
Pubmed,sage,Raw features -> UMAP -> Delaunay,12436,0.8810851926977687,0.8809689424937432,0.8722109533468559,0.872808737433118,0.1104439049959182,363.0,f1,0.8809689424937432
Pubmed,sage,Raw features -> UMAP -> Delaunay,12437,0.8772819472616633,0.8753877607307273,0.8864097363083164,0.8861614522099365,0.099434919655323,389.0,f1,0.8753877607307273
Pubmed,sage,Raw features -> UMAP -> Delaunay,12438,0.875,0.8729415132207995,0.8742393509127789,0.8723041065965945,0.1069262325763702,339.0,f1,0.8729415132207995
Pubmed,sage,Raw features -> UMAP -> Delaunay,12439,0.8800709939148073,0.8781575311055598,0.8765212981744422,0.8743985661970212,0.1613806635141372,238.0,f1,0.8781575311055598
Pubmed,sage,Raw features -> UMAP -> Delaunay,12440,0.8828600405679513,0.8813907763708101,0.875,0.8747404595922973,0.1015141606330871,365.0,f1,0.8813907763708101
Pubmed,sage,Raw features -> UMAP -> Delaunay,12441,0.8800709939148073,0.8782039684762545,0.8676470588235294,0.8658470655504953,0.1176491975784301,316.0,f1,0.8782039684762545
Pubmed,sage,Raw features -> UMAP -> Delaunay,12442,0.8851419878296146,0.8824958152390776,0.8656186612576064,0.8651040084538129,0.1056690216064453,350.0,f1,0.8824958152390776
Pubmed,sage,Raw features -> UMAP -> Delaunay,12443,0.8717038539553753,0.8711082647483294,0.8727180527383367,0.8726001579689223,0.1010473743081092,346.0,f1,0.8711082647483294
Pubmed,sage,Raw features -> UMAP -> Delaunay,12444,0.8742393509127789,0.873118371844504,0.8815922920892495,0.8787842355737738,0.0987530946731567,384.0,f1,0.873118371844504
Pubmed,gat,Raw features -> UMAP -> Delaunay,12345,0.7446754563894523,0.7471506647306242,0.7469574036511156,0.7468913062290824,0.4675813615322113,69.0,f1,0.7471506647306242
Pubmed,gat,Raw features -> UMAP -> Delaunay,12346,0.7441683569979716,0.7473881189264353,0.7451825557809331,0.7491558720738066,0.4886703789234161,53.0,f1,0.7473881189264353
Pubmed,gat,Raw features -> UMAP -> Delaunay,12347,0.7398580121703854,0.7424888202668759,0.7358012170385395,0.7368599311877914,0.4565684795379638,78.0,f1,0.7424888202668759
Pubmed,gat,Raw features -> UMAP -> Delaunay,12348,0.7434077079107505,0.7464176580874097,0.7484787018255578,0.7507474372462289,0.4816708862781524,61.0,f1,0.7464176580874097
Pubmed,gat,Raw features -> UMAP -> Delaunay,12349,0.736815415821501,0.7380951464001088,0.7479716024340771,0.7451774465271743,0.4799339473247528,75.0,f1,0.7380951464001088
Pubmed,gat,Raw features -> UMAP -> Delaunay,12350,0.7380831643002028,0.740373484281672,0.7254056795131846,0.7297537063901606,0.4172544777393341,82.0,f1,0.740373484281672
Pubmed,gat,Raw features -> UMAP -> Delaunay,12351,0.7454361054766734,0.7467034643323922,0.731237322515213,0.7343818735889047,0.4731936156749725,60.0,f1,0.7467034643323922
Pubmed,gat,Raw features -> UMAP -> Delaunay,12352,0.75,0.751386602677666,0.7459432048681541,0.7494486908022114,0.4427837431430816,92.0,f1,0.751386602677666
Pubmed,gat,Raw features -> UMAP -> Delaunay,12353,0.7380831643002028,0.7398715775789269,0.7467038539553753,0.7481115321572438,0.4707261025905609,77.0,f1,0.7398715775789269
Pubmed,gat,Raw features -> UMAP -> Delaunay,12354,0.7436612576064908,0.7461201160623694,0.7332657200811359,0.7353386611925741,0.4876828491687774,54.0,f1,0.7461201160623694
Pubmed,gat,Raw features -> UMAP -> Delaunay,12355,0.7375760649087221,0.7386939710338868,0.7469574036511156,0.7479669286604477,0.4715701043605804,69.0,f1,0.7386939710338868
Pubmed,gat,Raw features -> UMAP -> Delaunay,12356,0.7469574036511156,0.7476423936541869,0.7467038539553753,0.7502799750328024,0.5044535398483276,63.0,f1,0.7476423936541869
Pubmed,gat,Raw features -> UMAP -> Delaunay,12357,0.7317444219066938,0.737369102763085,0.7373225152129818,0.7402543594025467,0.448061853647232,85.0,f1,0.737369102763085
Pubmed,gat,Raw features -> UMAP -> Delaunay,12358,0.7467038539553753,0.7468720736723348,0.7467038539553753,0.7490749493310296,0.4783909916877746,72.0,f1,0.7468720736723348
Pubmed,gat,Raw features -> UMAP -> Delaunay,12359,0.7484787018255578,0.7501324444397709,0.7355476673427992,0.7378360277855652,0.4724529683589935,67.0,f1,0.7501324444397709
Pubmed,gat,Raw features -> UMAP -> Delaunay,12360,0.7512677484787018,0.755038488645987,0.7358012170385395,0.7384304780293128,0.4658763408660888,70.0,f1,0.755038488645987
Pubmed,gat,Raw features -> UMAP -> Delaunay,12361,0.7363083164300203,0.736920094967647,0.736815415821501,0.7389286074899939,0.4504252672195434,74.0,f1,0.736920094967647
Pubmed,gat,Raw features -> UMAP -> Delaunay,12362,0.742393509127789,0.7411753429562218,0.7363083164300203,0.7400005690951242,0.4668083786964416,67.0,f1,0.7411753429562218
Pubmed,gat,Raw features -> UMAP -> Delaunay,12363,0.7380831643002028,0.7413271412925265,0.7302231237322515,0.7295454537903517,0.4821254909038543,70.0,f1,0.7413271412925265
Pubmed,gat,Raw features -> UMAP -> Delaunay,12364,0.7426470588235294,0.7466386095355603,0.7370689655172413,0.7393565476741979,0.4490406215190887,74.0,f1,0.7466386095355603
Pubmed,gat,Raw features -> UMAP -> Delaunay,12365,0.7304766734279919,0.7353053427474303,0.7403651115618661,0.7428303994087827,0.4640505313873291,81.0,f1,0.7353053427474303
Pubmed,gat,Raw features -> UMAP -> Delaunay,12366,0.7446754563894523,0.7469179200717968,0.7347870182555781,0.7366250342783033,0.4371342062950134,90.0,f1,0.7469179200717968
Pubmed,gat,Raw features -> UMAP -> Delaunay,12367,0.7390973630831643,0.743854867289561,0.7319979716024341,0.7339448572924775,0.4700472056865692,69.0,f1,0.743854867289561
Pubmed,gat,Raw features -> UMAP -> Delaunay,12368,0.7358012170385395,0.7382853789254137,0.7363083164300203,0.7341600338897419,0.5043685436248779,54.0,f1,0.7382853789254137
Pubmed,gat,Raw features -> UMAP -> Delaunay,12369,0.7347870182555781,0.7373443967311707,0.7512677484787018,0.7544625956860896,0.4695278406143188,66.0,f1,0.7373443967311707
Pubmed,gat,Raw features -> UMAP -> Delaunay,12370,0.7459432048681541,0.7510692343714972,0.7487322515212982,0.7528601622713866,0.4903626143932342,61.0,f1,0.7510692343714972
Pubmed,gat,Raw features -> UMAP -> Delaunay,12371,0.7325050709939148,0.7333776538268942,0.7347870182555781,0.7355006441197594,0.4259093701839447,92.0,f1,0.7333776538268942
Pubmed,gat,Raw features -> UMAP -> Delaunay,12372,0.736815415821501,0.7364704781284718,0.7335192697768763,0.7383407868822828,0.4448975324630737,72.0,f1,0.7364704781284718
Pubmed,gat,Raw features -> UMAP -> Delaunay,12373,0.7390973630831643,0.7417259356451601,0.7347870182555781,0.736158147214676,0.4666594266891479,71.0,f1,0.7417259356451601
Pubmed,gat,Raw features -> UMAP -> Delaunay,12374,0.7484787018255578,0.7523083629365388,0.7261663286004056,0.7298737786945989,0.4846946895122528,66.0,f1,0.7523083629365388
Pubmed,gat,Raw features -> UMAP -> Delaunay,12375,0.7469574036511156,0.749004931911375,0.7411257606490872,0.745361021356612,0.4434598982334137,86.0,f1,0.749004931911375
Pubmed,gat,Raw features -> UMAP -> Delaunay,12376,0.7469574036511156,0.7502855037778176,0.7373225152129818,0.7395090511255091,0.459244966506958,73.0,f1,0.7502855037778176
Pubmed,gat,Raw features -> UMAP -> Delaunay,12377,0.7401115618661258,0.7392038138547646,0.7413793103448276,0.7447449611758891,0.4407278895378113,78.0,f1,0.7392038138547646
Pubmed,gat,Raw features -> UMAP -> Delaunay,12378,0.7264198782961461,0.7298319558778887,0.7363083164300203,0.7364089075571377,0.416958600282669,97.0,f1,0.7298319558778887
Pubmed,gat,Raw features -> UMAP -> Delaunay,12379,0.7512677484787018,0.7539803132054795,0.7385902636916836,0.7413861888142259,0.4563544988632202,75.0,f1,0.7539803132054795
Pubmed,gat,Raw features -> UMAP -> Delaunay,12380,0.7479716024340771,0.7519778237099136,0.7421399594320487,0.7445388251387975,0.4839987456798553,65.0,f1,0.7519778237099136
Pubmed,gat,Raw features -> UMAP -> Delaunay,12381,0.7489858012170385,0.7520138223231804,0.7373225152129818,0.7392601368802816,0.4675658941268921,64.0,f1,0.7520138223231804
Pubmed,gat,Raw features -> UMAP -> Delaunay,12382,0.7431541582150102,0.7457878842806073,0.7401115618661258,0.7416284235739162,0.4864789545536041,55.0,f1,0.7457878842806073
Pubmed,gat,Raw features -> UMAP -> Delaunay,12383,0.7388438133874239,0.7433344079041757,0.7378296146044625,0.7408053990040496,0.4517146944999695,79.0,f1,0.7433344079041757
Pubmed,gat,Raw features -> UMAP -> Delaunay,12384,0.7436612576064908,0.7421685672073127,0.7385902636916836,0.7407882335282308,0.4572652876377105,84.0,f1,0.7421685672073127
Pubmed,gat,Raw features -> UMAP -> Delaunay,12385,0.7502535496957403,0.755401595567664,0.7446754563894523,0.7470618222007045,0.4980272650718689,48.0,f1,0.755401595567664
Pubmed,gat,Raw features -> UMAP -> Delaunay,12386,0.744421906693712,0.7468516457566957,0.7421399594320487,0.7458911277991328,0.4604889750480652,73.0,f1,0.7468516457566957
Pubmed,gat,Raw features -> UMAP -> Delaunay,12387,0.7358012170385395,0.7379304221598129,0.7325050709939148,0.7351316971342112,0.9375914931297302,2.0,f1,0.7379304221598129
Pubmed,gat,Raw features -> UMAP -> Delaunay,12388,0.7330121703853956,0.7366314311303247,0.7314908722109533,0.7348023772463618,0.4265556633472442,102.0,f1,0.7366314311303247
Pubmed,gat,Raw features -> UMAP -> Delaunay,12389,0.7335192697768763,0.7400029842089199,0.7287018255578094,0.7314595700528805,0.4058128297328949,102.0,f1,0.7400029842089199
Pubmed,gat,Raw features -> UMAP -> Delaunay,12390,0.7416328600405679,0.7438088399355283,0.7522819472616633,0.7526767429513167,0.4759880006313324,66.0,f1,0.7438088399355283
Pubmed,gat,Raw features -> UMAP -> Delaunay,12391,0.7507606490872211,0.7543312881852716,0.7274340770791075,0.7292681119083569,0.4691887199878692,72.0,f1,0.7543312881852716
Pubmed,gat,Raw features -> UMAP -> Delaunay,12392,0.7449290060851927,0.7470157748013885,0.7198275862068966,0.7220004571620477,0.4754982888698578,63.0,f1,0.7470157748013885
Pubmed,gat,Raw features -> UMAP -> Delaunay,12393,0.7482251521298174,0.7505055581371597,0.7393509127789046,0.7418227936840561,0.4743080139160156,69.0,f1,0.7505055581371597
Pubmed,gat,Raw features -> UMAP -> Delaunay,12394,0.7454361054766734,0.7505506923143779,0.7421399594320487,0.744453350253997,0.4934632778167724,58.0,f1,0.7505506923143779
Pubmed,gat,Raw features -> UMAP -> Delaunay,12395,0.7472109533468559,0.7476533557375751,0.7317444219066938,0.7339741443739505,0.4672232866287231,70.0,f1,0.7476533557375751
Pubmed,gat,Raw features -> UMAP -> Delaunay,12396,0.7276876267748479,0.7296393255796505,0.7532961460446247,0.7572481520393173,0.4793928265571594,68.0,f1,0.7296393255796505
Pubmed,gat,Raw features -> UMAP -> Delaunay,12397,0.7360547667342799,0.7381273072213697,0.7365618661257607,0.7362364336488686,0.4769707322120666,66.0,f1,0.7381273072213697
Pubmed,gat,Raw features -> UMAP -> Delaunay,12398,0.742393509127789,0.7429032199100338,0.7319979716024341,0.7320144870524734,0.4691826701164245,61.0,f1,0.7429032199100338
Pubmed,gat,Raw features -> UMAP -> Delaunay,12399,0.7510141987829615,0.7519449689823726,0.7469574036511156,0.7497962909253232,0.4732414484024048,79.0,f1,0.7519449689823726
Pubmed,gat,Raw features -> UMAP -> Delaunay,12400,0.7464503042596349,0.7476673039891195,0.7461967545638946,0.7496680908980395,0.473567932844162,67.0,f1,0.7476673039891195
Pubmed,gat,Raw features -> UMAP -> Delaunay,12401,0.731237322515213,0.7328751418993065,0.7461967545638946,0.7481468583172624,0.4651046693325043,66.0,f1,0.7328751418993065
Pubmed,gat,Raw features -> UMAP -> Delaunay,12402,0.7553245436105477,0.7600123274624201,0.7385902636916836,0.7385924147783293,0.4852432012557983,60.0,f1,0.7600123274624201
Pubmed,gat,Raw features -> UMAP -> Delaunay,12403,0.7347870182555781,0.735961398022492,0.755578093306288,0.7597795050671087,0.4681815505027771,78.0,f1,0.735961398022492
Pubmed,gat,Raw features -> UMAP -> Delaunay,12404,0.7261663286004056,0.7279089129525733,0.7319979716024341,0.7321003963503556,0.4073133766651153,98.0,f1,0.7279089129525733
Pubmed,gat,Raw features -> UMAP -> Delaunay,12405,0.7449290060851927,0.7459652795727773,0.7477180527383367,0.7503626220526756,0.4687970578670501,74.0,f1,0.7459652795727773
Pubmed,gat,Raw features -> UMAP -> Delaunay,12406,0.7355476673427992,0.7383209553065622,0.7411257606490872,0.7440846411272068,0.4742740392684936,73.0,f1,0.7383209553065622
Pubmed,gat,Raw features -> UMAP -> Delaunay,12407,0.7429006085192698,0.7452668806659069,0.7276876267748479,0.7302619498627054,0.4293530583381653,95.0,f1,0.7452668806659069
Pubmed,gat,Raw features -> UMAP -> Delaunay,12408,0.7449290060851927,0.7474720408144296,0.7350405679513184,0.7381178627831794,0.4416087567806244,93.0,f1,0.7474720408144296
Pubmed,gat,Raw features -> UMAP -> Delaunay,12409,0.7322515212981744,0.7363267934737169,0.7416328600405679,0.7436835126605671,0.4714752733707428,63.0,f1,0.7363267934737169
Pubmed,gat,Raw features -> UMAP -> Delaunay,12410,0.7434077079107505,0.7467679372051842,0.7378296146044625,0.7420568907140893,0.4584618806838989,81.0,f1,0.7467679372051842
Pubmed,gat,Raw features -> UMAP -> Delaunay,12411,0.7375760649087221,0.7364601318530749,0.7408722109533469,0.7411456421811614,0.4867007434368133,67.0,f1,0.7364601318530749
Pubmed,gat,Raw features -> UMAP -> Delaunay,12412,0.7319979716024341,0.7349310786059925,0.7421399594320487,0.745198161216166,0.4479090273380279,78.0,f1,0.7349310786059925
Pubmed,gat,Raw features -> UMAP -> Delaunay,12413,0.7403651115618661,0.7427214835538939,0.7484787018255578,0.7512827400293339,0.4757229387760162,71.0,f1,0.7427214835538939
Pubmed,gat,Raw features -> UMAP -> Delaunay,12414,0.7454361054766734,0.7468381759048232,0.7345334685598377,0.7378408617863466,0.4326746463775635,104.0,f1,0.7468381759048232
Pubmed,gat,Raw features -> UMAP -> Delaunay,12415,0.7383367139959433,0.7420061151811218,0.7461967545638946,0.7451478150531061,0.4638091921806335,81.0,f1,0.7420061151811218
Pubmed,gat,Raw features -> UMAP -> Delaunay,12416,0.7482251521298174,0.750380982809856,0.7307302231237323,0.7309115502650797,0.482378214597702,55.0,f1,0.750380982809856
Pubmed,gat,Raw features -> UMAP -> Delaunay,12417,0.734026369168357,0.7365335009782346,0.7441683569979716,0.7470984400523125,0.4643825590610504,75.0,f1,0.7365335009782346
Pubmed,gat,Raw features -> UMAP -> Delaunay,12418,0.7426470588235294,0.7449918913620833,0.7332657200811359,0.7354798621933063,0.4922159314155578,56.0,f1,0.7449918913620833
Pubmed,gat,Raw features -> UMAP -> Delaunay,12419,0.7538032454361054,0.7560329247156551,0.7363083164300203,0.737523715796105,0.4723998606204986,70.0,f1,0.7560329247156551
Pubmed,gat,Raw features -> UMAP -> Delaunay,12420,0.7454361054766734,0.7446702995286992,0.7469574036511156,0.7489043299475705,0.4851602911949157,69.0,f1,0.7446702995286992
Pubmed,gat,Raw features -> UMAP -> Delaunay,12421,0.7436612576064908,0.7445501282720824,0.7436612576064908,0.7477302424291367,0.4592632055282593,69.0,f1,0.7445501282720824
Pubmed,gat,Raw features -> UMAP -> Delaunay,12422,0.7479716024340771,0.7472742485837615,0.7388438133874239,0.7404303176132953,0.4781535863876343,66.0,f1,0.7472742485837615
Pubmed,gat,Raw features -> UMAP -> Delaunay,12423,0.7492393509127789,0.7527274732613504,0.7360547667342799,0.7410917218149494,0.5006335377693176,57.0,f1,0.7527274732613504
Pubmed,gat,Raw features -> UMAP -> Delaunay,12424,0.7505070993914807,0.7535924339183403,0.7327586206896551,0.7326937149538787,0.4644278287887573,71.0,f1,0.7535924339183403
Pubmed,gat,Raw features -> UMAP -> Delaunay,12425,0.7436612576064908,0.746106246530489,0.7256592292089249,0.7263821821459432,0.4821191728115082,53.0,f1,0.746106246530489
Pubmed,gat,Raw features -> UMAP -> Delaunay,12426,0.744421906693712,0.7467597559286347,0.7403651115618661,0.7443246601267853,0.4778587520122528,61.0,f1,0.7467597559286347
Pubmed,gat,Raw features -> UMAP -> Delaunay,12427,0.7497464503042597,0.7530107146018988,0.7355476673427992,0.737232440437232,0.4573775827884674,87.0,f1,0.7530107146018988
Pubmed,gat,Raw features -> UMAP -> Delaunay,12428,0.7489858012170385,0.7487835591845656,0.7363083164300203,0.7362344101855939,0.4893269836902618,65.0,f1,0.7487835591845656
Pubmed,gat,Raw features -> UMAP -> Delaunay,12429,0.7464503042596349,0.7495692067610663,0.7411257606490872,0.7442036545983014,0.4801702797412872,64.0,f1,0.7495692067610663
Pubmed,gat,Raw features -> UMAP -> Delaunay,12430,0.7403651115618661,0.745298994567209,0.742393509127789,0.7426524966737267,0.4716717302799225,73.0,f1,0.745298994567209
Pubmed,gat,Raw features -> UMAP -> Delaunay,12431,0.7477180527383367,0.7511486992363371,0.7507606490872211,0.7511370420057001,0.4891149401664734,63.0,f1,0.7511486992363371
Pubmed,gat,Raw features -> UMAP -> Delaunay,12432,0.7474645030425964,0.748698214369797,0.7365618661257607,0.7390811553914508,0.4605456888675689,75.0,f1,0.748698214369797
Pubmed,gat,Raw features -> UMAP -> Delaunay,12433,0.742393509127789,0.7450166055857239,0.7408722109533469,0.7442053712057958,0.4798963367938995,72.0,f1,0.7450166055857239
Pubmed,gat,Raw features -> UMAP -> Delaunay,12434,0.7398580121703854,0.7410022401304017,0.7426470588235294,0.7437057097872458,0.481413185596466,66.0,f1,0.7410022401304017
Pubmed,gat,Raw features -> UMAP -> Delaunay,12435,0.7413793103448276,0.7444799642853349,0.7469574036511156,0.7502345085618898,0.4325264096260071,95.0,f1,0.7444799642853349
Pubmed,gat,Raw features -> UMAP -> Delaunay,12436,0.7494929006085193,0.7516912047798548,0.7355476673427992,0.7382215139517357,0.4652316868305206,68.0,f1,0.7516912047798548
Pubmed,gat,Raw features -> UMAP -> Delaunay,12437,0.7261663286004056,0.726843041748805,0.7429006085192698,0.744165688258328,0.4557687044143677,79.0,f1,0.726843041748805
Pubmed,gat,Raw features -> UMAP -> Delaunay,12438,0.7510141987829615,0.7541648822256956,0.7456896551724138,0.748357559430341,0.4406956732273102,75.0,f1,0.7541648822256956
Pubmed,gat,Raw features -> UMAP -> Delaunay,12439,0.7403651115618661,0.7422248294539645,0.7553245436105477,0.7572656601878479,0.4733236730098724,75.0,f1,0.7422248294539645
Pubmed,gat,Raw features -> UMAP -> Delaunay,12440,0.7393509127789046,0.7420083120384507,0.7383367139959433,0.7408511798139045,0.4717193245887756,69.0,f1,0.7420083120384507
Pubmed,gat,Raw features -> UMAP -> Delaunay,12441,0.7393509127789046,0.7413833535217131,0.7370689655172413,0.7404912093323315,0.4302446842193603,83.0,f1,0.7413833535217131
Pubmed,gat,Raw features -> UMAP -> Delaunay,12442,0.744421906693712,0.7446346396545717,0.7474645030425964,0.7471141161153758,0.4940084815025329,52.0,f1,0.7446346396545717
Pubmed,gat,Raw features -> UMAP -> Delaunay,12443,0.7322515212981744,0.7335627854610184,0.7352941176470589,0.7378308477383761,0.4416458308696747,74.0,f1,0.7335627854610184
Pubmed,gat,Raw features -> UMAP -> Delaunay,12444,0.7434077079107505,0.7436468002594633,0.7408722109533469,0.7413806400926166,0.497536689043045,57.0,f1,0.7436468002594633
Texas,gcn,Raw features -> UMAP -> Delaunay,12345,0.7567567567567568,0.4998181818181818,0.6756756756756757,0.4696524064171122,0.4863047003746032,327.0,f1,0.4998181818181818
Texas,gcn,Raw features -> UMAP -> Delaunay,12346,0.7027027027027027,0.622549019607843,0.7567567567567568,0.6043566362715298,0.4969821274280548,349.0,f1,0.622549019607843
Texas,gcn,Raw features -> UMAP -> Delaunay,12347,0.7297297297297297,0.6338597809186045,0.7027027027027027,0.558974358974359,0.5246585011482239,353.0,f1,0.6338597809186045
Texas,gcn,Raw features -> UMAP -> Delaunay,12348,0.7027027027027027,0.6455550641309156,0.7297297297297297,0.4782051282051281,0.6247538328170776,155.0,f1,0.6455550641309156
Texas,gcn,Raw features -> UMAP -> Delaunay,12349,0.6756756756756757,0.584126984126984,0.6756756756756757,0.3854166666666666,0.6918796300888062,183.0,f1,0.584126984126984
Texas,gcn,Raw features -> UMAP -> Delaunay,12350,0.7837837837837838,0.6756493506493506,0.6486486486486487,0.4121212121212121,0.5128288269042969,322.0,f1,0.6756493506493506
Texas,gcn,Raw features -> UMAP -> Delaunay,12351,0.6486486486486487,0.5820728291316527,0.7027027027027027,0.5092705167173252,0.5178819298744202,172.0,f1,0.5820728291316527
Texas,gcn,Raw features -> UMAP -> Delaunay,12352,0.6216216216216216,0.5,0.5675675675675675,0.3764957264957265,0.4458730518817901,277.0,f1,0.5
Texas,gcn,Raw features -> UMAP -> Delaunay,12353,0.6756756756756757,0.473030303030303,0.7027027027027027,0.6398851148851149,0.5527849197387695,206.0,f1,0.473030303030303
Texas,gcn,Raw features -> UMAP -> Delaunay,12354,0.7837837837837838,0.7051864801864802,0.6486486486486487,0.5555555555555556,0.6389051675796509,138.0,f1,0.7051864801864802
Texas,gcn,Raw features -> UMAP -> Delaunay,12355,0.918918918918919,0.933980044345898,0.6216216216216216,0.4746058558558558,0.6253325939178467,263.0,f1,0.933980044345898
Texas,gcn,Raw features -> UMAP -> Delaunay,12356,0.7567567567567568,0.627304402914159,0.6756756756756757,0.6,0.4984868168830871,195.0,f1,0.627304402914159
Texas,gcn,Raw features -> UMAP -> Delaunay,12357,0.7567567567567568,0.6898809523809524,0.6486486486486487,0.3101010101010101,0.51833575963974,305.0,f1,0.6898809523809524
Texas,gcn,Raw features -> UMAP -> Delaunay,12358,0.7027027027027027,0.5617886178861788,0.5945945945945946,0.3985119047619048,0.5350548028945923,328.0,f1,0.5617886178861788
Texas,gcn,Raw features -> UMAP -> Delaunay,12359,0.7567567567567568,0.6198412698412699,0.5675675675675675,0.3397563676633444,0.5947545766830444,352.0,f1,0.6198412698412699
Texas,gcn,Raw features -> UMAP -> Delaunay,12360,0.7297297297297297,0.4805128205128205,0.6756756756756757,0.4649572649572649,0.4862861335277557,187.0,f1,0.4805128205128205
Texas,gcn,Raw features -> UMAP -> Delaunay,12361,0.7297297297297297,0.6313150858429496,0.7567567567567568,0.6051136363636364,0.4850544929504394,363.0,f1,0.6313150858429496
Texas,gcn,Raw features -> UMAP -> Delaunay,12362,0.7567567567567568,0.6513278388278388,0.7027027027027027,0.5184294871794872,0.4883327782154083,306.0,f1,0.6513278388278388
Texas,gcn,Raw features -> UMAP -> Delaunay,12363,0.7297297297297297,0.6431872391174717,0.8378378378378378,0.5798160173160173,0.6928269267082214,244.0,f1,0.6431872391174717
Texas,gcn,Raw features -> UMAP -> Delaunay,12364,0.7297297297297297,0.5993055555555555,0.6216216216216216,0.45357833655706,0.6251583695411682,216.0,f1,0.5993055555555555
Texas,gcn,Raw features -> UMAP -> Delaunay,12365,0.7837837837837838,0.719718992248062,0.7027027027027027,0.4684628237259816,0.7965763211250305,118.0,f1,0.719718992248062
Texas,gcn,Raw features -> UMAP -> Delaunay,12366,0.8378378378378378,0.7597402597402598,0.5675675675675675,0.5055137844611528,0.4248760938644409,385.0,f1,0.7597402597402598
Texas,gcn,Raw features -> UMAP -> Delaunay,12367,0.7297297297297297,0.5378787878787878,0.5405405405405406,0.4122807017543859,0.4377188682556152,231.0,f1,0.5378787878787878
Texas,gcn,Raw features -> UMAP -> Delaunay,12368,0.6216216216216216,0.5094896331738437,0.7027027027027027,0.5024703557312253,0.5074960589408875,268.0,f1,0.5094896331738437
Texas,gcn,Raw features -> UMAP -> Delaunay,12369,0.7297297297297297,0.6921457607433217,0.6216216216216216,0.491750208855472,0.4342677295207977,396.0,f1,0.6921457607433217
Texas,gcn,Raw features -> UMAP -> Delaunay,12370,0.7297297297297297,0.6379140953609039,0.5405405405405406,0.3988511488511488,0.3755081593990326,327.0,f1,0.6379140953609039
Texas,gcn,Raw features -> UMAP -> Delaunay,12371,0.6756756756756757,0.4906260106260106,0.5945945945945946,0.4181818181818182,0.5429914593696594,108.0,f1,0.4906260106260106
Texas,gcn,Raw features -> UMAP -> Delaunay,12372,0.8108108108108109,0.6110925306577479,0.7027027027027027,0.5081168831168832,0.5793250799179077,210.0,f1,0.6110925306577479
Texas,gcn,Raw features -> UMAP -> Delaunay,12373,0.7567567567567568,0.6043956043956045,0.6756756756756757,0.4873188405797101,0.7131604552268982,163.0,f1,0.6043956043956045
Texas,gcn,Raw features -> UMAP -> Delaunay,12374,0.7567567567567568,0.6761904761904762,0.6756756756756757,0.3970284237726098,0.4773150682449341,381.0,f1,0.6761904761904762
Texas,gcn,Raw features -> UMAP -> Delaunay,12375,0.7567567567567568,0.6520448079658606,0.5405405405405406,0.398921200750469,0.4469427466392517,353.0,f1,0.6520448079658606
Texas,gcn,Raw features -> UMAP -> Delaunay,12376,0.7837837837837838,0.6899403239556692,0.7027027027027027,0.4096474953617811,0.6330794095993042,292.0,f1,0.6899403239556692
Texas,gcn,Raw features -> UMAP -> Delaunay,12377,0.6216216216216216,0.5467532467532468,0.7027027027027027,0.5628434065934066,0.530268669128418,295.0,f1,0.5467532467532468
Texas,gcn,Raw features -> UMAP -> Delaunay,12378,0.8378378378378378,0.817965367965368,0.5675675675675675,0.4252622377622377,0.456752747297287,298.0,f1,0.817965367965368
Texas,gcn,Raw features -> UMAP -> Delaunay,12379,0.7297297297297297,0.5268398268398269,0.7297297297297297,0.5492424242424242,0.7132934331893921,120.0,f1,0.5268398268398269
Texas,gcn,Raw features -> UMAP -> Delaunay,12380,0.6756756756756757,0.4724786324786326,0.6216216216216216,0.5285714285714286,0.5126755833625793,203.0,f1,0.4724786324786326
Texas,gcn,Raw features -> UMAP -> Delaunay,12381,0.7567567567567568,0.5907563025210084,0.6216216216216216,0.5985055965706121,0.4435794949531555,309.0,f1,0.5907563025210084
Texas,gcn,Raw features -> UMAP -> Delaunay,12382,0.7297297297297297,0.5548504580068425,0.6756756756756757,0.4533333333333333,0.4973420798778534,369.0,f1,0.5548504580068425
Texas,gcn,Raw features -> UMAP -> Delaunay,12383,0.6756756756756757,0.4688311688311688,0.7297297297297297,0.4817821067821067,0.4708191454410553,344.0,f1,0.4688311688311688
Texas,gcn,Raw features -> UMAP -> Delaunay,12384,0.7567567567567568,0.6006279434850863,0.6756756756756757,0.5074404761904762,0.4207181632518768,291.0,f1,0.6006279434850863
Texas,gcn,Raw features -> UMAP -> Delaunay,12385,0.7297297297297297,0.6398496240601503,0.7027027027027027,0.5208333333333333,0.5362910628318787,271.0,f1,0.6398496240601503
Texas,gcn,Raw features -> UMAP -> Delaunay,12386,0.7027027027027027,0.5243697478991597,0.8108108108108109,0.6137873754152824,0.5277712941169739,285.0,f1,0.5243697478991597
Texas,gcn,Raw features -> UMAP -> Delaunay,12387,0.8108108108108109,0.6056140350877193,0.5135135135135135,0.3687908496732026,0.6334540843963623,131.0,f1,0.6056140350877193
Texas,gcn,Raw features -> UMAP -> Delaunay,12388,0.7297297297297297,0.6316571025873351,0.5405405405405406,0.4340852130325814,0.4300960004329681,359.0,f1,0.6316571025873351
Texas,gcn,Raw features -> UMAP -> Delaunay,12389,0.8108108108108109,0.730448717948718,0.5135135135135135,0.3347919347919347,0.5594482421875,224.0,f1,0.730448717948718
Texas,gcn,Raw features -> UMAP -> Delaunay,12390,0.6216216216216216,0.419964349376114,0.7297297297297297,0.6212669683257919,0.684133768081665,137.0,f1,0.419964349376114
Texas,gcn,Raw features -> UMAP -> Delaunay,12391,0.4864864864864865,0.3475056689342403,0.7027027027027027,0.4,0.6950235366821289,118.0,f1,0.3475056689342403
Texas,gcn,Raw features -> UMAP -> Delaunay,12392,0.7837837837837838,0.7321937321937323,0.6216216216216216,0.4670322410147991,0.8021768927574158,95.0,f1,0.7321937321937323
Texas,gcn,Raw features -> UMAP -> Delaunay,12393,0.7027027027027027,0.6443001443001443,0.6756756756756757,0.3621794871794871,0.4729561805725097,389.0,f1,0.6443001443001443
Texas,gcn,Raw features -> UMAP -> Delaunay,12394,0.8108108108108109,0.5449794801641588,0.5675675675675675,0.4929539295392954,0.476487785577774,341.0,f1,0.5449794801641588
Texas,gcn,Raw features -> UMAP -> Delaunay,12395,0.7297297297297297,0.6879456706281835,0.7837837837837838,0.6145833333333333,0.5155519843101501,381.0,f1,0.6879456706281835
Texas,gcn,Raw features -> UMAP -> Delaunay,12396,0.5405405405405406,0.4179292929292929,0.6486486486486487,0.4580200501253132,0.3675647675991058,261.0,f1,0.4179292929292929
Texas,gcn,Raw features -> UMAP -> Delaunay,12397,0.7837837837837838,0.5882020202020202,0.6756756756756757,0.5124296435272045,0.5798060297966003,182.0,f1,0.5882020202020202
Texas,gcn,Raw features -> UMAP -> Delaunay,12398,0.7297297297297297,0.6583364004416636,0.6756756756756757,0.4237967914438503,0.5733440518379211,284.0,f1,0.6583364004416636
Texas,gcn,Raw features -> UMAP -> Delaunay,12399,0.8378378378378378,0.7678571428571428,0.7027027027027027,0.426031746031746,0.5161842107772827,358.0,f1,0.7678571428571428
Texas,gcn,Raw features -> UMAP -> Delaunay,12400,0.7567567567567568,0.5684281842818428,0.6486486486486487,0.4400966183574879,0.5717054009437561,301.0,f1,0.5684281842818428
Texas,gcn,Raw features -> UMAP -> Delaunay,12401,0.7837837837837838,0.5580357142857143,0.6216216216216216,0.420265780730897,0.4126134812831878,285.0,f1,0.5580357142857143
Texas,gcn,Raw features -> UMAP -> Delaunay,12402,0.6486486486486487,0.3545454545454545,0.5675675675675675,0.34375,0.5607661604881287,185.0,f1,0.3545454545454545
Texas,gcn,Raw features -> UMAP -> Delaunay,12403,0.7297297297297297,0.6509502923976609,0.7297297297297297,0.5635198135198135,0.5537430644035339,389.0,f1,0.6509502923976609
Texas,gcn,Raw features -> UMAP -> Delaunay,12404,0.6216216216216216,0.5593434343434343,0.5405405405405406,0.3202197802197802,0.4592040181159973,399.0,f1,0.5593434343434343
Texas,gcn,Raw features -> UMAP -> Delaunay,12405,0.7027027027027027,0.4464512231954092,0.7837837837837838,0.7075757575757575,0.4883052110671997,388.0,f1,0.4464512231954092
Texas,gcn,Raw features -> UMAP -> Delaunay,12406,0.6216216216216216,0.5468280780780781,0.6216216216216216,0.3800653594771242,0.5039360523223877,377.0,f1,0.5468280780780781
Texas,gcn,Raw features -> UMAP -> Delaunay,12407,0.8108108108108109,0.6639249639249639,0.6486486486486487,0.3638888888888889,0.6850386261940002,225.0,f1,0.6639249639249639
Texas,gcn,Raw features -> UMAP -> Delaunay,12408,0.8378378378378378,0.6070769230769231,0.6216216216216216,0.5314685314685315,0.539903998374939,255.0,f1,0.6070769230769231
Texas,gcn,Raw features -> UMAP -> Delaunay,12409,0.6486486486486487,0.3951648351648352,0.5945945945945946,0.5285388953152111,0.3977874219417572,362.0,f1,0.3951648351648352
Texas,gcn,Raw features -> UMAP -> Delaunay,12410,0.7837837837837838,0.6094017094017093,0.5945945945945946,0.4589285714285714,0.6009783148765564,253.0,f1,0.6094017094017093
Texas,gcn,Raw features -> UMAP -> Delaunay,12411,0.7567567567567568,0.6671860747947704,0.8378378378378378,0.7171239837398373,0.6655087471008301,194.0,f1,0.6671860747947704
Texas,gcn,Raw features -> UMAP -> Delaunay,12412,0.6756756756756757,0.5317460317460317,0.7027027027027027,0.5720520421607378,0.5714506506919861,315.0,f1,0.5317460317460317
Texas,gcn,Raw features -> UMAP -> Delaunay,12413,0.6756756756756757,0.6489262371615313,0.6216216216216216,0.5272435897435896,0.4545662999153137,393.0,f1,0.6489262371615313
Texas,gcn,Raw features -> UMAP -> Delaunay,12414,0.7027027027027027,0.5077642276422765,0.7837837837837838,0.6290342448879034,0.5595158934593201,368.0,f1,0.5077642276422765
Texas,gcn,Raw features -> UMAP -> Delaunay,12415,0.6756756756756757,0.6066479252454862,0.7297297297297297,0.71875,0.4625949263572693,390.0,f1,0.6066479252454862
Texas,gcn,Raw features -> UMAP -> Delaunay,12416,0.6756756756756757,0.6111111111111112,0.7297297297297297,0.6071428571428571,0.4941072463989258,398.0,f1,0.6111111111111112
Texas,gcn,Raw features -> UMAP -> Delaunay,12417,0.7297297297297297,0.7134469696969696,0.6756756756756757,0.3617021276595745,0.4862986505031585,305.0,f1,0.7134469696969696
Texas,gcn,Raw features -> UMAP -> Delaunay,12418,0.7297297297297297,0.5087524798692963,0.7837837837837838,0.6863682557280119,0.5734172463417053,362.0,f1,0.5087524798692963
Texas,gcn,Raw features -> UMAP -> Delaunay,12419,0.7837837837837838,0.6191770186335404,0.7567567567567568,0.6545454545454547,0.5564819574356079,299.0,f1,0.6191770186335404
Texas,gcn,Raw features -> UMAP -> Delaunay,12420,0.8108108108108109,0.731531425891182,0.5405405405405406,0.3470588235294117,0.3606378138065338,335.0,f1,0.731531425891182
Texas,gcn,Raw features -> UMAP -> Delaunay,12421,0.6216216216216216,0.5359848484848484,0.7027027027027027,0.5256410256410257,0.4890893995761871,323.0,f1,0.5359848484848484
Texas,gcn,Raw features -> UMAP -> Delaunay,12422,0.7297297297297297,0.6355311355311355,0.5675675675675675,0.3785897435897435,0.4913393557071686,295.0,f1,0.6355311355311355
Texas,gcn,Raw features -> UMAP -> Delaunay,12423,0.7837837837837838,0.5489473684210526,0.7297297297297297,0.641919191919192,0.5357525944709778,257.0,f1,0.5489473684210526
Texas,gcn,Raw features -> UMAP -> Delaunay,12424,0.6486486486486487,0.5097644603458558,0.6756756756756757,0.4367100547066592,0.3769068121910095,320.0,f1,0.5097644603458558
Texas,gcn,Raw features -> UMAP -> Delaunay,12425,0.6756756756756757,0.5045981045981046,0.7837837837837838,0.5728715728715729,0.537561297416687,397.0,f1,0.5045981045981046
Texas,gcn,Raw features -> UMAP -> Delaunay,12426,0.7567567567567568,0.6964285714285714,0.6756756756756757,0.5199783401732786,0.449351042509079,363.0,f1,0.6964285714285714
Texas,gcn,Raw features -> UMAP -> Delaunay,12427,0.8648648648648649,0.6535087719298245,0.7567567567567568,0.5082517482517483,0.6894721388816833,214.0,f1,0.6535087719298245
Texas,gcn,Raw features -> UMAP -> Delaunay,12428,0.7567567567567568,0.677457264957265,0.7837837837837838,0.6041666666666666,0.5605481863021851,326.0,f1,0.677457264957265
Texas,gcn,Raw features -> UMAP -> Delaunay,12429,0.7297297297297297,0.6218531468531469,0.6756756756756757,0.5131410256410256,0.5589215755462646,352.0,f1,0.6218531468531469
Texas,gcn,Raw features -> UMAP -> Delaunay,12430,0.7297297297297297,0.5332167832167832,0.7027027027027027,0.4801587301587302,0.6892868876457214,125.0,f1,0.5332167832167832
Texas,gcn,Raw features -> UMAP -> Delaunay,12431,0.7297297297297297,0.6068895643363728,0.7837837837837838,0.5627659574468086,0.597701907157898,256.0,f1,0.6068895643363728
Texas,gcn,Raw features -> UMAP -> Delaunay,12432,0.7837837837837838,0.7072510822510822,0.5945945945945946,0.4954268292682926,0.4626932144165039,216.0,f1,0.7072510822510822
Texas,gcn,Raw features -> UMAP -> Delaunay,12433,0.7297297297297297,0.5666666666666667,0.5945945945945946,0.4569256756756756,0.5146740078926086,201.0,f1,0.5666666666666667
Texas,gcn,Raw features -> UMAP -> Delaunay,12434,0.7027027027027027,0.4514728682170542,0.5675675675675675,0.4041666666666667,0.6129428148269653,108.0,f1,0.4514728682170542
Texas,gcn,Raw features -> UMAP -> Delaunay,12435,0.6486486486486487,0.4644688644688645,0.7297297297297297,0.6277777777777778,0.4844010472297668,385.0,f1,0.4644688644688645
Texas,gcn,Raw features -> UMAP -> Delaunay,12436,0.7567567567567568,0.5910714285714286,0.4864864864864865,0.3954545454545454,0.531705915927887,282.0,f1,0.5910714285714286
Texas,gcn,Raw features -> UMAP -> Delaunay,12437,0.7297297297297297,0.6636904761904763,0.6756756756756757,0.3493710691823899,0.5474863052368164,232.0,f1,0.6636904761904763
Texas,gcn,Raw features -> UMAP -> Delaunay,12438,0.6756756756756757,0.5310077519379844,0.7027027027027027,0.5801864801864802,0.4207728207111358,369.0,f1,0.5310077519379844
Texas,gcn,Raw features -> UMAP -> Delaunay,12439,0.6756756756756757,0.4872727272727273,0.7837837837837838,0.6183473389355743,0.4913488924503326,274.0,f1,0.4872727272727273
Texas,gcn,Raw features -> UMAP -> Delaunay,12440,0.6756756756756757,0.5140931372549019,0.7837837837837838,0.6048444976076555,0.5468809008598328,269.0,f1,0.5140931372549019
Texas,gcn,Raw features -> UMAP -> Delaunay,12441,0.7297297297297297,0.6207482993197279,0.7027027027027027,0.3923076923076923,0.7072857022285461,196.0,f1,0.6207482993197279
Texas,gcn,Raw features -> UMAP -> Delaunay,12442,0.7297297297297297,0.6013209013209013,0.6756756756756757,0.5534443817052512,0.5272214412689209,292.0,f1,0.6013209013209013
Texas,gcn,Raw features -> UMAP -> Delaunay,12443,0.6756756756756757,0.5083333333333333,0.6486486486486487,0.4131994261119082,0.5953544974327087,166.0,f1,0.5083333333333333
Texas,gcn,Raw features -> UMAP -> Delaunay,12444,0.7837837837837838,0.7512187088274045,0.7027027027027027,0.4727272727272728,0.5861151218414307,260.0,f1,0.7512187088274045
Texas,sage,Raw features -> UMAP -> Delaunay,12345,0.6756756756756757,0.5051461988304093,0.5135135135135135,0.4409722222222222,0.059973482042551,67.0,f1,0.5051461988304093
Texas,sage,Raw features -> UMAP -> Delaunay,12346,0.7027027027027027,0.6918552036199095,0.8108108108108109,0.6680952380952381,0.1260222941637039,73.0,f1,0.6918552036199095
Texas,sage,Raw features -> UMAP -> Delaunay,12347,0.7297297297297297,0.6377517223105458,0.6216216216216216,0.5564892623716152,0.034080397337675,119.0,f1,0.6377517223105458
Texas,sage,Raw features -> UMAP -> Delaunay,12348,0.6756756756756757,0.6217105263157895,0.7027027027027027,0.3516483516483516,0.0014372469158843,341.0,f1,0.6217105263157895
Texas,sage,Raw features -> UMAP -> Delaunay,12349,0.7027027027027027,0.6098515519568152,0.5945945945945946,0.3603361344537815,0.0401691049337387,278.0,f1,0.6098515519568152
Texas,sage,Raw features -> UMAP -> Delaunay,12350,0.7837837837837838,0.7396825396825397,0.4324324324324324,0.2865497076023392,0.0174351595342159,194.0,f1,0.7396825396825397
Texas,sage,Raw features -> UMAP -> Delaunay,12351,0.5945945945945946,0.4875816993464052,0.6756756756756757,0.4914274322169059,0.2176157683134079,53.0,f1,0.4875816993464052
Texas,sage,Raw features -> UMAP -> Delaunay,12352,0.6486486486486487,0.5180726554187567,0.5945945945945946,0.4019556025369979,0.0643170699477195,81.0,f1,0.5180726554187567
Texas,sage,Raw features -> UMAP -> Delaunay,12353,0.7297297297297297,0.5433547008547008,0.5405405405405406,0.3809523809523809,0.0058361231349408,284.0,f1,0.5433547008547008
Texas,sage,Raw features -> UMAP -> Delaunay,12354,0.7297297297297297,0.6534552845528455,0.7027027027027027,0.5104921394395079,0.0078597208485007,280.0,f1,0.6534552845528455
Texas,sage,Raw features -> UMAP -> Delaunay,12355,0.8378378378378378,0.643859649122807,0.5945945945945946,0.5315656565656566,0.0576997026801109,106.0,f1,0.643859649122807
Texas,sage,Raw features -> UMAP -> Delaunay,12356,0.7027027027027027,0.5588578088578089,0.5675675675675675,0.5284722222222222,0.0693557187914848,71.0,f1,0.5588578088578089
Texas,sage,Raw features -> UMAP -> Delaunay,12357,0.6756756756756757,0.5256410256410257,0.6216216216216216,0.3889615931721194,0.0313450470566749,91.0,f1,0.5256410256410257
Texas,sage,Raw features -> UMAP -> Delaunay,12358,0.8108108108108109,0.7780112044817927,0.5945945945945946,0.3644444444444444,0.0024169324897229,338.0,f1,0.7780112044817927
Texas,sage,Raw features -> UMAP -> Delaunay,12359,0.7567567567567568,0.6433080808080808,0.5675675675675675,0.3663157894736842,0.0605004802346229,81.0,f1,0.6433080808080808
Texas,sage,Raw features -> UMAP -> Delaunay,12360,0.7027027027027027,0.3798701298701298,0.7297297297297297,0.6004645760743321,0.0080596879124641,159.0,f1,0.3798701298701298
Texas,sage,Raw features -> UMAP -> Delaunay,12361,0.5675675675675675,0.4989747095010253,0.7567567567567568,0.6637873754152823,0.0647753849625587,70.0,f1,0.4989747095010253
Texas,sage,Raw features -> UMAP -> Delaunay,12362,0.6756756756756757,0.6470588235294117,0.6756756756756757,0.5133971291866029,0.0282644424587488,106.0,f1,0.6470588235294117
Texas,sage,Raw features -> UMAP -> Delaunay,12363,0.7297297297297297,0.5662914321450907,0.8648648648648649,0.7532608695652173,0.0316233597695827,117.0,f1,0.5662914321450907
Texas,sage,Raw features -> UMAP -> Delaunay,12364,0.7027027027027027,0.4876750700280112,0.5945945945945946,0.3852991452991453,0.0213401615619659,142.0,f1,0.4876750700280112
Texas,sage,Raw features -> UMAP -> Delaunay,12365,0.7837837837837838,0.7051282051282052,0.7297297297297297,0.5414918414918415,0.057096030563116,86.0,f1,0.7051282051282052
Texas,sage,Raw features -> UMAP -> Delaunay,12366,0.7837837837837838,0.6976190476190476,0.5405405405405406,0.3884598884598884,0.0082508968189358,193.0,f1,0.6976190476190476
Texas,sage,Raw features -> UMAP -> Delaunay,12367,0.6756756756756757,0.6071428571428571,0.5945945945945946,0.4972222222222222,0.0055876821279525,188.0,f1,0.6071428571428571
Texas,sage,Raw features -> UMAP -> Delaunay,12368,0.7027027027027027,0.668997668997669,0.6216216216216216,0.3710955710955711,0.0025297857355326,329.0,f1,0.668997668997669
Texas,sage,Raw features -> UMAP -> Delaunay,12369,0.7297297297297297,0.6607142857142857,0.6756756756756757,0.5176691729323308,0.0133288297802209,188.0,f1,0.6607142857142857
Texas,sage,Raw features -> UMAP -> Delaunay,12370,0.8648648648648649,0.8354978354978354,0.4594594594594595,0.4202017345399698,0.0091309985145926,332.0,f1,0.8354978354978354
Texas,sage,Raw features -> UMAP -> Delaunay,12371,0.6756756756756757,0.4830769230769231,0.6486486486486487,0.6080586080586081,0.0025513786822557,394.0,f1,0.4830769230769231
Texas,sage,Raw features -> UMAP -> Delaunay,12372,0.7297297297297297,0.4985507246376811,0.7567567567567568,0.5658761528326746,0.0350035540759563,82.0,f1,0.4985507246376811
Texas,sage,Raw features -> UMAP -> Delaunay,12373,0.7297297297297297,0.6337121212121213,0.6486486486486487,0.5703857703857704,0.0097912903875112,213.0,f1,0.6337121212121213
Texas,sage,Raw features -> UMAP -> Delaunay,12374,0.7837837837837838,0.7222222222222221,0.6486486486486487,0.446031746031746,0.0303979255259037,86.0,f1,0.7222222222222221
Texas,sage,Raw features -> UMAP -> Delaunay,12375,0.7837837837837838,0.7226644323418516,0.5405405405405406,0.3484848484848484,0.0110392738133668,275.0,f1,0.7226644323418516
Texas,sage,Raw features -> UMAP -> Delaunay,12376,0.7027027027027027,0.6208333333333333,0.6756756756756757,0.4107936507936507,0.0038711272645741,249.0,f1,0.6208333333333333
Texas,sage,Raw features -> UMAP -> Delaunay,12377,0.5405405405405406,0.4808114035087719,0.6756756756756757,0.4142857142857142,0.0012736477656289,400.0,f1,0.4808114035087719
Texas,sage,Raw features -> UMAP -> Delaunay,12378,0.8648648648648649,0.7816069906223357,0.5135135135135135,0.4659249036858145,0.0201751440763473,288.0,f1,0.7816069906223357
Texas,sage,Raw features -> UMAP -> Delaunay,12379,0.7837837837837838,0.4797292566227097,0.7567567567567568,0.6257379248658318,0.0215720981359481,88.0,f1,0.4797292566227097
Texas,sage,Raw features -> UMAP -> Delaunay,12380,0.7027027027027027,0.4652269494374758,0.6216216216216216,0.4654605263157895,0.0462731383740901,104.0,f1,0.4652269494374758
Texas,sage,Raw features -> UMAP -> Delaunay,12381,0.7837837837837838,0.5984962406015037,0.6486486486486487,0.5931372549019608,0.0262316241860389,135.0,f1,0.5984962406015037
Texas,sage,Raw features -> UMAP -> Delaunay,12382,0.7837837837837838,0.6778455284552846,0.6216216216216216,0.436060606060606,0.0040382710285484,369.0,f1,0.6778455284552846
Texas,sage,Raw features -> UMAP -> Delaunay,12383,0.7297297297297297,0.5334727061556329,0.8108108108108109,0.692948717948718,0.0011853923788294,343.0,f1,0.5334727061556329
Texas,sage,Raw features -> UMAP -> Delaunay,12384,0.7837837837837838,0.5523809523809524,0.5675675675675675,0.3425925925925925,0.1002139449119567,56.0,f1,0.5523809523809524
Texas,sage,Raw features -> UMAP -> Delaunay,12385,0.6756756756756757,0.6217816500711237,0.6216216216216216,0.4696637426900584,0.0539829209446907,86.0,f1,0.6217816500711237
Texas,sage,Raw features -> UMAP -> Delaunay,12386,0.6486486486486487,0.5671274961597542,0.8648648648648649,0.7544372294372295,0.0480802133679389,86.0,f1,0.5671274961597542
Texas,sage,Raw features -> UMAP -> Delaunay,12387,0.7837837837837838,0.634102564102564,0.6216216216216216,0.4370091896407685,0.0211061183363199,70.0,f1,0.634102564102564
Texas,sage,Raw features -> UMAP -> Delaunay,12388,0.7027027027027027,0.5963369963369963,0.5135135135135135,0.4413768796992481,0.0108066778630018,374.0,f1,0.5963369963369963
Texas,sage,Raw features -> UMAP -> Delaunay,12389,0.8108108108108109,0.7111788617886179,0.5945945945945946,0.4338205980066445,0.0758434012532234,70.0,f1,0.7111788617886179
Texas,sage,Raw features -> UMAP -> Delaunay,12390,0.6216216216216216,0.5078431372549019,0.7027027027027027,0.7113636363636363,0.0237267669290304,150.0,f1,0.5078431372549019
Texas,sage,Raw features -> UMAP -> Delaunay,12391,0.7027027027027027,0.5902777777777778,0.7837837837837838,0.5710227272727273,0.082926258444786,74.0,f1,0.5902777777777778
Texas,sage,Raw features -> UMAP -> Delaunay,12392,0.7837837837837838,0.7464330413016271,0.7027027027027027,0.6286764705882353,0.0036835824139416,356.0,f1,0.7464330413016271
Texas,sage,Raw features -> UMAP -> Delaunay,12393,0.7297297297297297,0.7026610644257704,0.6216216216216216,0.3343880705582833,0.0044734803959727,281.0,f1,0.7026610644257704
Texas,sage,Raw features -> UMAP -> Delaunay,12394,0.5945945945945946,0.3767320261437908,0.5405405405405406,0.5190058479532164,0.0097733680158853,332.0,f1,0.3767320261437908
Texas,sage,Raw features -> UMAP -> Delaunay,12395,0.7297297297297297,0.6897582907111037,0.7027027027027027,0.4381461675579323,0.0466813333332538,114.0,f1,0.6897582907111037
Texas,sage,Raw features -> UMAP -> Delaunay,12396,0.5135135135135135,0.4262085137085137,0.6216216216216216,0.4531135531135531,0.0286851283162832,98.0,f1,0.4262085137085137
Texas,sage,Raw features -> UMAP -> Delaunay,12397,0.7027027027027027,0.5476328502415458,0.7297297297297297,0.5765977443609023,0.0176048930734395,233.0,f1,0.5476328502415458
Texas,sage,Raw features -> UMAP -> Delaunay,12398,0.7837837837837838,0.6898109243697479,0.6486486486486487,0.4038277511961722,0.0372865311801433,100.0,f1,0.6898109243697479
Texas,sage,Raw features -> UMAP -> Delaunay,12399,0.8648648648648649,0.7840287277701778,0.6486486486486487,0.2863422291993721,0.0745909512042999,72.0,f1,0.7840287277701778
Texas,sage,Raw features -> UMAP -> Delaunay,12400,0.7837837837837838,0.5910714285714286,0.6216216216216216,0.4672405547584887,0.0525288730859756,75.0,f1,0.5910714285714286
Texas,sage,Raw features -> UMAP -> Delaunay,12401,0.6486486486486487,0.5659552845528455,0.6216216216216216,0.4566448801742919,0.0534364357590675,76.0,f1,0.5659552845528455
Texas,sage,Raw features -> UMAP -> Delaunay,12402,0.6216216216216216,0.3784881784881785,0.6486486486486487,0.5454365079365079,0.0602674521505832,74.0,f1,0.3784881784881785
Texas,sage,Raw features -> UMAP -> Delaunay,12403,0.7027027027027027,0.4853968253968254,0.6756756756756757,0.409855072463768,0.038192942738533,127.0,f1,0.4853968253968254
Texas,sage,Raw features -> UMAP -> Delaunay,12404,0.7837837837837838,0.6996031746031747,0.6216216216216216,0.3806848977580684,0.0587158203125,86.0,f1,0.6996031746031747
Texas,sage,Raw features -> UMAP -> Delaunay,12405,0.7027027027027027,0.4923819423819424,0.7567567567567568,0.6498397435897436,0.0015646575484424,383.0,f1,0.4923819423819424
Texas,sage,Raw features -> UMAP -> Delaunay,12406,0.6216216216216216,0.5670004337767496,0.5675675675675675,0.3698245614035087,0.0158921759575605,210.0,f1,0.5670004337767496
Texas,sage,Raw features -> UMAP -> Delaunay,12407,0.8108108108108109,0.7282051282051283,0.6486486486486487,0.4391586674195369,0.0743964985013008,76.0,f1,0.7282051282051283
Texas,sage,Raw features -> UMAP -> Delaunay,12408,0.8378378378378378,0.5953741496598639,0.6216216216216216,0.5712412587412588,0.058181557804346,96.0,f1,0.5953741496598639
Texas,sage,Raw features -> UMAP -> Delaunay,12409,0.6756756756756757,0.4894465894465895,0.5675675675675675,0.5252574002574003,0.0209531877189874,258.0,f1,0.4894465894465895
Texas,sage,Raw features -> UMAP -> Delaunay,12410,0.7567567567567568,0.57597500538677,0.6486486486486487,0.576984126984127,0.0059774862602353,136.0,f1,0.57597500538677
Texas,sage,Raw features -> UMAP -> Delaunay,12411,0.7837837837837838,0.650462962962963,0.6486486486486487,0.4014283588751674,0.0872492045164108,74.0,f1,0.650462962962963
Texas,sage,Raw features -> UMAP -> Delaunay,12412,0.7837837837837838,0.7323066188197767,0.6216216216216216,0.4488636363636363,0.0239320695400238,102.0,f1,0.7323066188197767
Texas,sage,Raw features -> UMAP -> Delaunay,12413,0.8378378378378378,0.811965811965812,0.7837837837837838,0.6916882137470373,0.0252661127597093,156.0,f1,0.811965811965812
Texas,sage,Raw features -> UMAP -> Delaunay,12414,0.7297297297297297,0.5843073593073592,0.7567567567567568,0.5995906432748538,0.0687416419386863,72.0,f1,0.5843073593073592
Texas,sage,Raw features -> UMAP -> Delaunay,12415,0.7027027027027027,0.6415505226480835,0.6216216216216216,0.5761904761904761,0.0769194960594177,84.0,f1,0.6415505226480835
Texas,sage,Raw features -> UMAP -> Delaunay,12416,0.6756756756756757,0.5190476190476191,0.7297297297297297,0.6583333333333333,0.0017424406250938,389.0,f1,0.5190476190476191
Texas,sage,Raw features -> UMAP -> Delaunay,12417,0.6756756756756757,0.6142857142857143,0.7297297297297297,0.4056590752242925,0.0019909390248358,305.0,f1,0.6142857142857143
Texas,sage,Raw features -> UMAP -> Delaunay,12418,0.7567567567567568,0.6375000000000001,0.7567567567567568,0.6678571428571429,0.056945439428091,82.0,f1,0.6375000000000001
Texas,sage,Raw features -> UMAP -> Delaunay,12419,0.6756756756756757,0.6162337662337662,0.6216216216216216,0.3487445887445887,0.047966118901968,159.0,f1,0.6162337662337662
Texas,sage,Raw features -> UMAP -> Delaunay,12420,0.7567567567567568,0.7650508808403546,0.5945945945945946,0.4414729414729414,0.0578824020922184,134.0,f1,0.7650508808403546
Texas,sage,Raw features -> UMAP -> Delaunay,12421,0.7837837837837838,0.6847527472527473,0.6216216216216216,0.3123376623376623,0.0911916494369506,74.0,f1,0.6847527472527473
Texas,sage,Raw features -> UMAP -> Delaunay,12422,0.7567567567567568,0.6854928017718716,0.6216216216216216,0.4006349206349206,0.052068755030632,79.0,f1,0.6854928017718716
Texas,sage,Raw features -> UMAP -> Delaunay,12423,0.7027027027027027,0.5113513513513513,0.6216216216216216,0.4717948717948718,0.0138178737834095,205.0,f1,0.5113513513513513
Texas,sage,Raw features -> UMAP -> Delaunay,12424,0.6756756756756757,0.5660714285714286,0.5945945945945946,0.3845878136200716,0.0376431569457054,203.0,f1,0.5660714285714286
Texas,sage,Raw features -> UMAP -> Delaunay,12425,0.6756756756756757,0.5392717086834734,0.7567567567567568,0.5952380952380952,0.0480628833174705,100.0,f1,0.5392717086834734
Texas,sage,Raw features -> UMAP -> Delaunay,12426,0.6486486486486487,0.5769230769230769,0.5675675675675675,0.4526515151515151,0.0712642520666122,81.0,f1,0.5769230769230769
Texas,sage,Raw features -> UMAP -> Delaunay,12427,0.8108108108108109,0.6266025641025642,0.7567567567567568,0.5577777777777777,0.0662156417965889,76.0,f1,0.6266025641025642
Texas,sage,Raw features -> UMAP -> Delaunay,12428,0.6216216216216216,0.6196691821691822,0.7297297297297297,0.5198938522777532,0.0566480495035648,92.0,f1,0.6196691821691822
Texas,sage,Raw features -> UMAP -> Delaunay,12429,0.7027027027027027,0.6708791208791208,0.7027027027027027,0.6178921568627451,0.0158015172928571,304.0,f1,0.6708791208791208
Texas,sage,Raw features -> UMAP -> Delaunay,12430,0.6216216216216216,0.609502262443439,0.6216216216216216,0.5629370629370629,0.0416522361338138,77.0,f1,0.609502262443439
Texas,sage,Raw features -> UMAP -> Delaunay,12431,0.7567567567567568,0.6906565656565657,0.7297297297297297,0.5397824397824398,0.0532152727246284,103.0,f1,0.6906565656565657
Texas,sage,Raw features -> UMAP -> Delaunay,12432,0.7567567567567568,0.6941508104298802,0.5945945945945946,0.4865620490620491,0.0529935322701931,96.0,f1,0.6941508104298802
Texas,sage,Raw features -> UMAP -> Delaunay,12433,0.6756756756756757,0.6318181818181818,0.6486486486486487,0.6067363530778165,0.0880719125270843,74.0,f1,0.6318181818181818
Texas,sage,Raw features -> UMAP -> Delaunay,12434,0.5945945945945946,0.426890756302521,0.5945945945945946,0.4810855263157895,0.0181360095739364,196.0,f1,0.426890756302521
Texas,sage,Raw features -> UMAP -> Delaunay,12435,0.7027027027027027,0.5072222222222222,0.7567567567567568,0.666735347985348,0.0228233691304922,97.0,f1,0.5072222222222222
Texas,sage,Raw features -> UMAP -> Delaunay,12436,0.8108108108108109,0.6238310708898944,0.4864864864864865,0.3975162264635949,0.0662574246525764,83.0,f1,0.6238310708898944
Texas,sage,Raw features -> UMAP -> Delaunay,12437,0.8108108108108109,0.7369969040247678,0.8108108108108109,0.5792810457516341,0.0061079482547938,314.0,f1,0.7369969040247678
Texas,sage,Raw features -> UMAP -> Delaunay,12438,0.5945945945945946,0.6033231474407945,0.6486486486486487,0.6479166666666667,0.0770338922739029,68.0,f1,0.6033231474407945
Texas,sage,Raw features -> UMAP -> Delaunay,12439,0.6756756756756757,0.505967365967366,0.7027027027027027,0.453781512605042,0.0207029655575752,95.0,f1,0.505967365967366
Texas,sage,Raw features -> UMAP -> Delaunay,12440,0.5675675675675675,0.4575892857142857,0.8378378378378378,0.7312243502051984,0.0147582897916436,207.0,f1,0.4575892857142857
Texas,sage,Raw features -> UMAP -> Delaunay,12441,0.6486486486486487,0.5735930735930737,0.6216216216216216,0.5174603174603175,0.1018853634595871,66.0,f1,0.5735930735930737
Texas,sage,Raw features -> UMAP -> Delaunay,12442,0.6756756756756757,0.5701923076923077,0.5135135135135135,0.3383805668016194,0.0011420086957514,336.0,f1,0.5701923076923077
Texas,sage,Raw features -> UMAP -> Delaunay,12443,0.5945945945945946,0.4485347985347985,0.6486486486486487,0.6234848484848485,0.012123747728765,180.0,f1,0.4485347985347985
Texas,sage,Raw features -> UMAP -> Delaunay,12444,0.6216216216216216,0.5637254901960784,0.6756756756756757,0.5107575757575757,0.0236275047063827,124.0,f1,0.5637254901960784
Texas,gat,Raw features -> UMAP -> Delaunay,12345,0.7567567567567568,0.5339723768295197,0.6756756756756757,0.5029761904761905,0.3247075974941253,102.0,f1,0.5339723768295197
Texas,gat,Raw features -> UMAP -> Delaunay,12346,0.7297297297297297,0.6503267973856208,0.6216216216216216,0.51875,0.1019081622362136,305.0,f1,0.6503267973856208
Texas,gat,Raw features -> UMAP -> Delaunay,12347,0.8108108108108109,0.7339126559714795,0.6216216216216216,0.5503809915574622,0.2842296063899994,361.0,f1,0.7339126559714795
Texas,gat,Raw features -> UMAP -> Delaunay,12348,0.6216216216216216,0.5599415204678362,0.7297297297297297,0.4990196078431372,0.6161496043205261,32.0,f1,0.5599415204678362
Texas,gat,Raw features -> UMAP -> Delaunay,12349,0.6756756756756757,0.5736282109743123,0.6756756756756757,0.515224358974359,0.4358076155185699,94.0,f1,0.5736282109743123
Texas,gat,Raw features -> UMAP -> Delaunay,12350,0.7837837837837838,0.6822344322344321,0.5945945945945946,0.3877622377622377,0.1261682212352752,389.0,f1,0.6822344322344321
Texas,gat,Raw features -> UMAP -> Delaunay,12351,0.6756756756756757,0.5865106177606177,0.6756756756756757,0.4956521739130435,0.5768059492111206,40.0,f1,0.5865106177606177
Texas,gat,Raw features -> UMAP -> Delaunay,12352,0.5945945945945946,0.5276924651924652,0.6216216216216216,0.46875,0.3854420781135559,74.0,f1,0.5276924651924652
Texas,gat,Raw features -> UMAP -> Delaunay,12353,0.7297297297297297,0.5373099415204678,0.6486486486486487,0.5023310023310024,0.3993898034095764,68.0,f1,0.5373099415204678
Texas,gat,Raw features -> UMAP -> Delaunay,12354,0.7297297297297297,0.6493344054319664,0.5675675675675675,0.4296362552176505,0.1686283946037292,347.0,f1,0.6493344054319664
Texas,gat,Raw features -> UMAP -> Delaunay,12355,0.945945945945946,0.9522100706311232,0.6216216216216216,0.4848622661122661,0.6712372303009033,44.0,f1,0.9522100706311232
Texas,gat,Raw features -> UMAP -> Delaunay,12356,0.7567567567567568,0.627304402914159,0.5405405405405406,0.4840861344537815,0.3460467755794525,83.0,f1,0.627304402914159
Texas,gat,Raw features -> UMAP -> Delaunay,12357,0.8108108108108109,0.7913533834586466,0.6216216216216216,0.3338753387533875,0.1416676789522171,377.0,f1,0.7913533834586466
Texas,gat,Raw features -> UMAP -> Delaunay,12358,0.7297297297297297,0.6354166666666666,0.5675675675675675,0.4053921568627451,0.6179672479629517,40.0,f1,0.6354166666666666
Texas,gat,Raw features -> UMAP -> Delaunay,12359,0.7837837837837838,0.6979458450046685,0.7297297297297297,0.5186590154032015,0.2509607076644897,230.0,f1,0.6979458450046685
Texas,gat,Raw features -> UMAP -> Delaunay,12360,0.6756756756756757,0.382214948172395,0.7297297297297297,0.5243818681318682,0.6871469020843506,22.0,f1,0.382214948172395
Texas,gat,Raw features -> UMAP -> Delaunay,12361,0.7297297297297297,0.6377923976608187,0.7297297297297297,0.5097678916827852,0.3839286565780639,91.0,f1,0.6377923976608187
Texas,gat,Raw features -> UMAP -> Delaunay,12362,0.8108108108108109,0.7230836236933798,0.7027027027027027,0.503724536333232,0.5504652261734009,57.0,f1,0.7230836236933798
Texas,gat,Raw features -> UMAP -> Delaunay,12363,0.7027027027027027,0.6166666666666667,0.8648648648648649,0.8554421768707483,0.6738614439964294,40.0,f1,0.6166666666666667
Texas,gat,Raw features -> UMAP -> Delaunay,12364,0.7297297297297297,0.5461309523809523,0.6486486486486487,0.5972222222222222,0.5945590734481812,37.0,f1,0.5461309523809523
Texas,gat,Raw features -> UMAP -> Delaunay,12365,0.8648648648648649,0.8095238095238094,0.6756756756756757,0.5179624297271356,0.5756903886795044,54.0,f1,0.8095238095238094
Texas,gat,Raw features -> UMAP -> Delaunay,12366,0.8108108108108109,0.8610360360360361,0.5135135135135135,0.39092641105025,0.5741820335388184,46.0,f1,0.8610360360360361
Texas,gat,Raw features -> UMAP -> Delaunay,12367,0.7567567567567568,0.7880681818181818,0.6486486486486487,0.5452675807164972,0.5998667478561401,22.0,f1,0.7880681818181818
Texas,gat,Raw features -> UMAP -> Delaunay,12368,0.7027027027027027,0.6734848484848485,0.6756756756756757,0.4032323232323233,0.2302523255348205,334.0,f1,0.6734848484848485
Texas,gat,Raw features -> UMAP -> Delaunay,12369,0.7297297297297297,0.7198412698412697,0.6216216216216216,0.4521116138763197,0.2881144881248474,219.0,f1,0.7198412698412697
Texas,gat,Raw features -> UMAP -> Delaunay,12370,0.8108108108108109,0.723800505050505,0.5405405405405406,0.4040650406504065,0.5590948462486267,36.0,f1,0.723800505050505
Texas,gat,Raw features -> UMAP -> Delaunay,12371,0.6486486486486487,0.4697132616487455,0.5945945945945946,0.4482683982683982,0.5668253302574158,28.0,f1,0.4697132616487455
Texas,gat,Raw features -> UMAP -> Delaunay,12372,0.8378378378378378,0.6176704432518385,0.6216216216216216,0.5080409356725146,0.4802069962024688,85.0,f1,0.6176704432518385
Texas,gat,Raw features -> UMAP -> Delaunay,12373,0.7297297297297297,0.6169326241134752,0.6486486486486487,0.5657467532467533,0.2995074689388275,167.0,f1,0.6169326241134752
Texas,gat,Raw features -> UMAP -> Delaunay,12374,0.7567567567567568,0.6761904761904762,0.6486486486486487,0.3889305816135084,0.4214004874229431,78.0,f1,0.6761904761904762
Texas,gat,Raw features -> UMAP -> Delaunay,12375,0.7567567567567568,0.6843168527379054,0.5405405405405406,0.4357142857142857,0.371720403432846,95.0,f1,0.6843168527379054
Texas,gat,Raw features -> UMAP -> Delaunay,12376,0.7297297297297297,0.6297456167021385,0.7567567567567568,0.4573737373737374,0.5998435616493225,52.0,f1,0.6297456167021385
Texas,gat,Raw features -> UMAP -> Delaunay,12377,0.6216216216216216,0.5651515151515151,0.7027027027027027,0.550891181988743,0.2580326795578003,127.0,f1,0.5651515151515151
Texas,gat,Raw features -> UMAP -> Delaunay,12378,0.8378378378378378,0.817965367965368,0.5675675675675675,0.4252622377622377,0.5099508762359619,48.0,f1,0.817965367965368
Texas,gat,Raw features -> UMAP -> Delaunay,12379,0.7837837837837838,0.5841991341991342,0.8108108108108109,0.6957070707070707,0.6504967212677002,40.0,f1,0.5841991341991342
Texas,gat,Raw features -> UMAP -> Delaunay,12380,0.7027027027027027,0.5120107962213225,0.7027027027027027,0.6608058608058608,0.4782836735248565,52.0,f1,0.5120107962213225
Texas,gat,Raw features -> UMAP -> Delaunay,12381,0.7837837837837838,0.6087301587301587,0.7297297297297297,0.6597052845528455,0.5965882539749146,33.0,f1,0.6087301587301587
Texas,gat,Raw features -> UMAP -> Delaunay,12382,0.7567567567567568,0.5918803418803419,0.5945945945945946,0.3904973075704783,0.5658040046691895,47.0,f1,0.5918803418803419
Texas,gat,Raw features -> UMAP -> Delaunay,12383,0.7297297297297297,0.5007751937984496,0.8108108108108109,0.6942925495557075,0.0978127568960189,343.0,f1,0.5007751937984496
Texas,gat,Raw features -> UMAP -> Delaunay,12384,0.8378378378378378,0.6512087912087912,0.5675675675675675,0.3683116883116883,0.1986965239048004,152.0,f1,0.6512087912087912
Texas,gat,Raw features -> UMAP -> Delaunay,12385,0.7567567567567568,0.6671209947393592,0.6216216216216216,0.4547619047619047,0.436690479516983,94.0,f1,0.6671209947393592
Texas,gat,Raw features -> UMAP -> Delaunay,12386,0.7297297297297297,0.5443697478991597,0.7837837837837838,0.584040959040959,0.6155721545219421,31.0,f1,0.5443697478991597
Texas,gat,Raw features -> UMAP -> Delaunay,12387,0.7297297297297297,0.557979797979798,0.5675675675675675,0.4326797385620915,0.249513953924179,175.0,f1,0.557979797979798
Texas,gat,Raw features -> UMAP -> Delaunay,12388,0.7567567567567568,0.6626123876123876,0.4594594594594595,0.3629343629343629,0.315318614244461,124.0,f1,0.6626123876123876
Texas,gat,Raw features -> UMAP -> Delaunay,12389,0.7837837837837838,0.6654761904761906,0.5675675675675675,0.4297297297297297,0.4072742760181427,75.0,f1,0.6654761904761906
Texas,gat,Raw features -> UMAP -> Delaunay,12390,0.6486486486486487,0.4658406952524599,0.6486486486486487,0.5129179331306991,0.1484249830245971,348.0,f1,0.4658406952524599
Texas,gat,Raw features -> UMAP -> Delaunay,12391,0.6486486486486487,0.5587474120082816,0.8108108108108109,0.6231900452488688,0.5008493065834045,64.0,f1,0.5587474120082816
Texas,gat,Raw features -> UMAP -> Delaunay,12392,0.8108108108108109,0.774354186118892,0.6486486486486487,0.5575396825396826,0.7844330072402954,22.0,f1,0.774354186118892
Texas,gat,Raw features -> UMAP -> Delaunay,12393,0.8108108108108109,0.7847222222222222,0.7027027027027027,0.3615384615384615,0.5542630553245544,41.0,f1,0.7847222222222222
Texas,gat,Raw features -> UMAP -> Delaunay,12394,0.8378378378378378,0.6027777777777777,0.5675675675675675,0.4027777777777778,0.4325205385684967,71.0,f1,0.6027777777777777
Texas,gat,Raw features -> UMAP -> Delaunay,12395,0.7027027027027027,0.7179738562091504,0.6756756756756757,0.5619047619047619,0.1233391612768173,327.0,f1,0.7179738562091504
Texas,gat,Raw features -> UMAP -> Delaunay,12396,0.5675675675675675,0.4829059829059829,0.6216216216216216,0.4349206349206349,0.1792819201946258,233.0,f1,0.4829059829059829
Texas,gat,Raw features -> UMAP -> Delaunay,12397,0.7837837837837838,0.5882020202020202,0.7567567567567568,0.6667249417249418,0.6091651320457458,46.0,f1,0.5882020202020202
Texas,gat,Raw features -> UMAP -> Delaunay,12398,0.7567567567567568,0.6993816906607604,0.6486486486486487,0.4204453441295547,0.352326899766922,72.0,f1,0.6993816906607604
Texas,gat,Raw features -> UMAP -> Delaunay,12399,0.8108108108108109,0.7796345811051694,0.5675675675675675,0.2738372093023256,0.2565672397613525,125.0,f1,0.7796345811051694
Texas,gat,Raw features -> UMAP -> Delaunay,12400,0.7567567567567568,0.558974358974359,0.6486486486486487,0.4400966183574879,0.620027482509613,32.0,f1,0.558974358974359
Texas,gat,Raw features -> UMAP -> Delaunay,12401,0.7837837837837838,0.5580357142857143,0.6756756756756757,0.4945454545454545,0.4171989858150482,55.0,f1,0.5580357142857143
Texas,gat,Raw features -> UMAP -> Delaunay,12402,0.7027027027027027,0.4319047619047619,0.5945945945945946,0.4471358428805237,0.5857462286949158,28.0,f1,0.4319047619047619
Texas,gat,Raw features -> UMAP -> Delaunay,12403,0.7567567567567568,0.6458333333333334,0.7027027027027027,0.5627705627705628,0.6830371618270874,48.0,f1,0.6458333333333334
Texas,gat,Raw features -> UMAP -> Delaunay,12404,0.7027027027027027,0.6303329023917259,0.5135135135135135,0.3379369138959932,0.3428396582603454,145.0,f1,0.6303329023917259
Texas,gat,Raw features -> UMAP -> Delaunay,12405,0.7027027027027027,0.4800000000000001,0.8108108108108109,0.7423588039867111,0.3918643593788147,59.0,f1,0.4800000000000001
Texas,gat,Raw features -> UMAP -> Delaunay,12406,0.6216216216216216,0.5616946778711485,0.6216216216216216,0.3897926634768739,0.1938883811235427,331.0,f1,0.5616946778711485
Texas,gat,Raw features -> UMAP -> Delaunay,12407,0.7567567567567568,0.6456876456876457,0.7297297297297297,0.513755980861244,0.8638250231742859,21.0,f1,0.6456876456876457
Texas,gat,Raw features -> UMAP -> Delaunay,12408,0.8378378378378378,0.6494830659536542,0.6486486486486487,0.482721956406167,0.2206510454416275,217.0,f1,0.6494830659536542
Texas,gat,Raw features -> UMAP -> Delaunay,12409,0.7027027027027027,0.4866666666666667,0.5405405405405406,0.4923986486486487,0.4111852347850799,46.0,f1,0.4866666666666667
Texas,gat,Raw features -> UMAP -> Delaunay,12410,0.7567567567567568,0.5922381711855396,0.6756756756756757,0.515015479876161,0.5694108605384827,45.0,f1,0.5922381711855396
Texas,gat,Raw features -> UMAP -> Delaunay,12411,0.7837837837837838,0.712640620249316,0.7297297297297297,0.5337669683257918,0.6574786901473999,41.0,f1,0.712640620249316
Texas,gat,Raw features -> UMAP -> Delaunay,12412,0.7027027027027027,0.6388888888888888,0.7027027027027027,0.5464285714285714,0.4657345712184906,97.0,f1,0.6388888888888888
Texas,gat,Raw features -> UMAP -> Delaunay,12413,0.7567567567567568,0.6934281842818428,0.6216216216216216,0.4521116138763197,0.2299884259700775,162.0,f1,0.6934281842818428
Texas,gat,Raw features -> UMAP -> Delaunay,12414,0.7567567567567568,0.5569647696476964,0.8108108108108109,0.6302489177489177,0.4962396323680877,65.0,f1,0.5569647696476964
Texas,gat,Raw features -> UMAP -> Delaunay,12415,0.7297297297297297,0.63510101010101,0.6486486486486487,0.492296918767507,0.2151208370923996,180.0,f1,0.63510101010101
Texas,gat,Raw features -> UMAP -> Delaunay,12416,0.7297297297297297,0.669047619047619,0.7027027027027027,0.5238095238095237,0.5260204672813416,54.0,f1,0.669047619047619
Texas,gat,Raw features -> UMAP -> Delaunay,12417,0.7027027027027027,0.6955128205128205,0.6756756756756757,0.3752849977200182,0.4225223660469055,85.0,f1,0.6955128205128205
Texas,gat,Raw features -> UMAP -> Delaunay,12418,0.7297297297297297,0.5875443262411347,0.7297297297297297,0.5559738134206219,0.7556060552597046,26.0,f1,0.5875443262411347
Texas,gat,Raw features -> UMAP -> Delaunay,12419,0.7567567567567568,0.6557308970099668,0.7297297297297297,0.4606900452488688,0.4320602118968963,184.0,f1,0.6557308970099668
Texas,gat,Raw features -> UMAP -> Delaunay,12420,0.8108108108108109,0.7766025641025641,0.5675675675675675,0.4463157894736843,0.181170180439949,125.0,f1,0.7766025641025641
Texas,gat,Raw features -> UMAP -> Delaunay,12421,0.6216216216216216,0.5359848484848484,0.6756756756756757,0.4981203007518797,0.3070287108421325,137.0,f1,0.5359848484848484
Texas,gat,Raw features -> UMAP -> Delaunay,12422,0.7297297297297297,0.6511659072634682,0.5135135135135135,0.2961904761904762,0.2592630386352539,384.0,f1,0.6511659072634682
Texas,gat,Raw features -> UMAP -> Delaunay,12423,0.7297297297297297,0.5208547008547009,0.5945945945945946,0.4867729831144465,0.5351296663284302,62.0,f1,0.5208547008547009
Texas,gat,Raw features -> UMAP -> Delaunay,12424,0.7027027027027027,0.5544003868471954,0.5945945945945946,0.3746031746031746,0.082859456539154,265.0,f1,0.5544003868471954
Texas,gat,Raw features -> UMAP -> Delaunay,12425,0.7297297297297297,0.5657142857142857,0.7837837837837838,0.6059523809523809,0.5624058842658997,113.0,f1,0.5657142857142857
Texas,gat,Raw features -> UMAP -> Delaunay,12426,0.7837837837837838,0.6885714285714286,0.7027027027027027,0.451255980861244,0.6027945280075073,37.0,f1,0.6885714285714286
Texas,gat,Raw features -> UMAP -> Delaunay,12427,0.8378378378378378,0.6974358974358975,0.6486486486486487,0.4572649572649573,0.3184028267860412,290.0,f1,0.6974358974358975
Texas,gat,Raw features -> UMAP -> Delaunay,12428,0.7567567567567568,0.6885281385281385,0.8108108108108109,0.7322791007001533,0.2888762056827545,172.0,f1,0.6885281385281385
Texas,gat,Raw features -> UMAP -> Delaunay,12429,0.7567567567567568,0.6554561717352415,0.7297297297297297,0.5752517223105458,0.5894601345062256,54.0,f1,0.6554561717352415
Texas,gat,Raw features -> UMAP -> Delaunay,12430,0.7837837837837838,0.6022727272727273,0.6756756756756757,0.4821428571428571,0.7347190380096436,28.0,f1,0.6022727272727273
Texas,gat,Raw features -> UMAP -> Delaunay,12431,0.7567567567567568,0.6415140415140415,0.5945945945945946,0.3229166666666666,0.1616880148649215,320.0,f1,0.6415140415140415
Texas,gat,Raw features -> UMAP -> Delaunay,12432,0.7837837837837838,0.7355621431708388,0.5675675675675675,0.4315010570824524,0.3626964092254638,122.0,f1,0.7355621431708388
Texas,gat,Raw features -> UMAP -> Delaunay,12433,0.7027027027027027,0.6011904761904763,0.5675675675675675,0.5075742240215925,0.2953419685363769,175.0,f1,0.6011904761904763
Texas,gat,Raw features -> UMAP -> Delaunay,12434,0.7297297297297297,0.4819047619047619,0.5675675675675675,0.4065656565656566,0.6549756526947021,27.0,f1,0.4819047619047619
Texas,gat,Raw features -> UMAP -> Delaunay,12435,0.6486486486486487,0.4644688644688645,0.7567567567567568,0.6727881727881728,0.3307929039001465,92.0,f1,0.4644688644688645
Texas,gat,Raw features -> UMAP -> Delaunay,12436,0.7837837837837838,0.6118198874296435,0.5675675675675675,0.4678571428571428,0.4323100447654724,62.0,f1,0.6118198874296435
Texas,gat,Raw features -> UMAP -> Delaunay,12437,0.8378378378378378,0.7575757575757576,0.7027027027027027,0.3993710691823899,0.1659397482872009,259.0,f1,0.7575757575757576
Texas,gat,Raw features -> UMAP -> Delaunay,12438,0.6756756756756757,0.608531746031746,0.6756756756756757,0.561654135338346,0.232338085770607,248.0,f1,0.608531746031746
Texas,gat,Raw features -> UMAP -> Delaunay,12439,0.6486486486486487,0.4987224157955864,0.7297297297297297,0.5364682539682539,0.5844091773033142,72.0,f1,0.4987224157955864
Texas,gat,Raw features -> UMAP -> Delaunay,12440,0.5405405405405406,0.4904761904761904,0.7297297297297297,0.5624477861319966,0.3450354039669037,79.0,f1,0.4904761904761904
Texas,gat,Raw features -> UMAP -> Delaunay,12441,0.7297297297297297,0.610248447204969,0.7027027027027027,0.5029761904761905,0.7339448928833008,24.0,f1,0.610248447204969
Texas,gat,Raw features -> UMAP -> Delaunay,12442,0.7567567567567568,0.6667199079989778,0.7027027027027027,0.5718246292714377,0.5476778149604797,57.0,f1,0.6667199079989778
Texas,gat,Raw features -> UMAP -> Delaunay,12443,0.7027027027027027,0.5331168831168831,0.7297297297297297,0.6557775557775557,0.3066723346710205,101.0,f1,0.5331168831168831
Texas,gat,Raw features -> UMAP -> Delaunay,12444,0.7837837837837838,0.7462121212121212,0.7297297297297297,0.5164835164835165,0.5742670893669128,58.0,f1,0.7462121212121212
