dataset,backbone,seed,candidate,selected_ratio,selected_val_f1,selected_test_f1,is_original,method,fallback_to_original,original_test_f1,gain_vs_original_pp
Actor,gat,12345,original,-1.0,0.2797998489922262,0.257325273615404,True,DiffWire CT,True,0.257325273615404,0.0
Actor,gat,12346,original,-1.0,0.2563859110169176,0.2542085651863474,True,DiffWire CT,True,0.2542085651863474,0.0
Actor,gat,12347,original,-1.0,0.2661682906057731,0.2567466170042485,True,DiffWire CT,True,0.2567466170042485,0.0
Actor,gat,12348,original,-1.0,0.2826345440557912,0.2499447478424819,True,DiffWire CT,True,0.2499447478424819,0.0
Actor,gat,12349,original,-1.0,0.2670755977365935,0.2541913322542233,True,DiffWire CT,True,0.2541913322542233,0.0
Actor,gat,12350,original,-1.0,0.2730353437402152,0.2510731031616103,True,DiffWire CT,True,0.2510731031616103,0.0
Actor,gat,12351,original,-1.0,0.2648440368433398,0.2621968664015102,True,DiffWire CT,True,0.2621968664015102,0.0
Actor,gat,12352,original,-1.0,0.2707606212549961,0.2775314544740505,True,DiffWire CT,True,0.2775314544740505,0.0
Actor,gat,12353,original,-1.0,0.2533160592609492,0.2681893568681425,True,DiffWire CT,True,0.2681893568681425,0.0
Actor,gat,12354,original,-1.0,0.2804082556278975,0.2654260661356424,True,DiffWire CT,True,0.2654260661356424,0.0
Actor,gat,12355,original,-1.0,0.2633984652839962,0.2563973569244918,True,DiffWire CT,True,0.2563973569244918,0.0
Actor,gat,12356,original,-1.0,0.2598554101238033,0.2583182804757487,True,DiffWire CT,True,0.2583182804757487,0.0
Actor,gat,12357,original,-1.0,0.2850752747660373,0.2499904190913778,True,DiffWire CT,True,0.2499904190913778,0.0
Actor,gat,12358,original,-1.0,0.2845073109742887,0.248496706691644,True,DiffWire CT,True,0.248496706691644,0.0
Actor,gat,12359,original,-1.0,0.280949724501002,0.2636099727715072,True,DiffWire CT,True,0.2636099727715072,0.0
Actor,gat,12360,original,-1.0,0.2716949080435739,0.2521216796087981,True,DiffWire CT,True,0.2521216796087981,0.0
Actor,gat,12361,original,-1.0,0.2796210484253949,0.2594739575340269,True,DiffWire CT,True,0.2594739575340269,0.0
Actor,gat,12362,original,-1.0,0.2806897881842257,0.2606227023771067,True,DiffWire CT,True,0.2606227023771067,0.0
Actor,gat,12363,original,-1.0,0.2520068107695504,0.2613057008642615,True,DiffWire CT,True,0.2613057008642615,0.0
Actor,gat,12364,original,-1.0,0.2633020165092856,0.244314314636231,True,DiffWire CT,True,0.244314314636231,0.0
Actor,gat,12365,original,-1.0,0.2591964387640185,0.2479302114097404,True,DiffWire CT,True,0.2479302114097404,0.0
Actor,gat,12366,original,-1.0,0.2743348826422743,0.251474289223856,True,DiffWire CT,True,0.251474289223856,0.0
Actor,gat,12367,original,-1.0,0.2620296546440607,0.2579276837908854,True,DiffWire CT,True,0.2579276837908854,0.0
Actor,gat,12368,original,-1.0,0.2613113659789203,0.2557310274382027,True,DiffWire CT,True,0.2557310274382027,0.0
Actor,gat,12369,original,-1.0,0.2628717077379801,0.2633749392075274,True,DiffWire CT,True,0.2633749392075274,0.0
Actor,gat,12370,original,-1.0,0.2599831886013596,0.2817856147416473,True,DiffWire CT,True,0.2817856147416473,0.0
Actor,gat,12371,original,-1.0,0.2728746485324658,0.271269883791748,True,DiffWire CT,True,0.271269883791748,0.0
Actor,gat,12372,original,-1.0,0.2761533782426724,0.2724616435083683,True,DiffWire CT,True,0.2724616435083683,0.0
Actor,gat,12373,original,-1.0,0.2552821115915732,0.2682633106555744,True,DiffWire CT,True,0.2682633106555744,0.0
Actor,gat,12374,original,-1.0,0.2602278691465228,0.2467591662577208,True,DiffWire CT,True,0.2467591662577208,0.0
Actor,gcn,12345,original,-1.0,0.3018414777486385,0.249234790787316,True,DiffWire CT,True,0.249234790787316,0.0
Actor,gcn,12346,DiffWire CT,0.0,0.2736134719103586,0.2914445622486532,False,DiffWire CT,False,0.2657805309791351,2.5664031269518106
Actor,gcn,12347,DiffWire CT,0.0,0.2835614532748062,0.2761652187938506,False,DiffWire CT,False,0.2548435878854278,2.132163090842276
Actor,gcn,12348,original,-1.0,0.2906527167902102,0.2702153636473138,True,DiffWire CT,True,0.2702153636473138,0.0
Actor,gcn,12349,DiffWire CT,0.0,0.3001784001706936,0.2820748146354649,False,DiffWire CT,False,0.2758327105452627,0.6242104090202205
Actor,gcn,12350,original,-1.0,0.2915531129227827,0.258647098665705,True,DiffWire CT,True,0.258647098665705,0.0
Actor,gcn,12351,original,-1.0,0.2799290125899757,0.2721374653469717,True,DiffWire CT,True,0.2721374653469717,0.0
Actor,gcn,12352,DiffWire CT,0.0,0.2791235015762067,0.2723866607315656,False,DiffWire CT,False,0.2674194981126437,0.4967162618921883
Actor,gcn,12353,original,-1.0,0.2743655720223846,0.2670383587067841,True,DiffWire CT,True,0.2670383587067841,0.0
Actor,gcn,12354,DiffWire CT,0.0,0.2828265182744818,0.285123136771716,False,DiffWire CT,False,0.27360456302841,1.1518573743306004
Actor,gcn,12355,DiffWire CT,0.0,0.2961097863322733,0.2648797120954897,False,DiffWire CT,False,0.2596768862455422,0.5202825849947523
Actor,gcn,12356,DiffWire CT,0.0,0.2753554731807987,0.258398749045591,False,DiffWire CT,False,0.254568916668522,0.382983237706902
Actor,gcn,12357,DiffWire CT,0.0,0.2884120691718879,0.2645778799454734,False,DiffWire CT,False,0.259490963781304,0.5086916164169397
Actor,gcn,12358,original,-1.0,0.2865930838094713,0.2487418197787328,True,DiffWire CT,True,0.2487418197787328,0.0
Actor,gcn,12359,original,-1.0,0.2919143262040721,0.2795988594987225,True,DiffWire CT,True,0.2795988594987225,0.0
Actor,gcn,12360,original,-1.0,0.2923711881267935,0.2836459989882435,True,DiffWire CT,True,0.2836459989882435,0.0
Actor,gcn,12361,original,-1.0,0.2941502540602898,0.2574199757648266,True,DiffWire CT,True,0.2574199757648266,0.0
Actor,gcn,12362,DiffWire CT,0.0,0.2936550415499986,0.2758434760552449,False,DiffWire CT,False,0.2654336476174931,1.040982843775179
Actor,gcn,12363,DiffWire CT,0.0,0.281309930673256,0.2881239079734434,False,DiffWire CT,False,0.2798585581544554,0.8265349818988021
Actor,gcn,12364,DiffWire CT,0.0,0.2729085245922784,0.2663377328427513,False,DiffWire CT,False,0.2585070405743481,0.7830692268403217
Actor,gcn,12365,DiffWire CT,0.0,0.2917736898984911,0.2860456457745929,False,DiffWire CT,False,0.2855700604647627,0.04755853098302176
Actor,gcn,12366,DiffWire CT,0.0,0.2929689898461028,0.2721585492854228,False,DiffWire CT,False,0.2704075412215915,0.17510080638313275
Actor,gcn,12367,original,-1.0,0.287236434986452,0.2722185494462361,True,DiffWire CT,True,0.2722185494462361,0.0
Actor,gcn,12368,DiffWire CT,0.0,0.2854913248719691,0.2800246596495944,False,DiffWire CT,False,0.2688370628471727,1.1187596802421707
Actor,gcn,12369,DiffWire CT,0.0,0.2876432033844058,0.2793597515332613,False,DiffWire CT,False,0.2779136289394061,0.1446122593855237
Actor,gcn,12370,DiffWire CT,0.0,0.2605049342551561,0.286302922292849,False,DiffWire CT,False,0.2999270311524499,-1.3624108859600914
Actor,gcn,12371,DiffWire CT,0.0,0.2737336693805634,0.2831113169334622,False,DiffWire CT,False,0.2645726408925806,1.8538676040881608
Actor,gcn,12372,original,-1.0,0.2763000285962775,0.2865869954177346,True,DiffWire CT,True,0.2865869954177346,0.0
Actor,gcn,12373,original,-1.0,0.2816029235103638,0.273996146841626,True,DiffWire CT,True,0.273996146841626,0.0
Actor,gcn,12374,original,-1.0,0.2761907973298372,0.2690996428410913,True,DiffWire CT,True,0.2690996428410913,0.0
Actor,sage,12345,original,-1.0,0.3418635879851895,0.3163636235387186,True,DiffWire CT,True,0.3163636235387186,0.0
Actor,sage,12346,original,-1.0,0.3430058216413028,0.3166827765679391,True,DiffWire CT,True,0.3166827765679391,0.0
Actor,sage,12347,original,-1.0,0.334912091278048,0.3193405738632286,True,DiffWire CT,True,0.3193405738632286,0.0
Actor,sage,12348,original,-1.0,0.3355093902958555,0.3273685931335443,True,DiffWire CT,True,0.3273685931335443,0.0
Actor,sage,12349,original,-1.0,0.3246916273516426,0.3273970724874361,True,DiffWire CT,True,0.3273970724874361,0.0
Actor,sage,12350,original,-1.0,0.3287927433875374,0.3144168101544674,True,DiffWire CT,True,0.3144168101544674,0.0
Actor,sage,12351,original,-1.0,0.3411726869882404,0.3226771368611256,True,DiffWire CT,True,0.3226771368611256,0.0
Actor,sage,12352,original,-1.0,0.3332433773478948,0.3283405309880513,True,DiffWire CT,True,0.3283405309880513,0.0
Actor,sage,12353,original,-1.0,0.3411418623360714,0.3291468462918833,True,DiffWire CT,True,0.3291468462918833,0.0
Actor,sage,12354,original,-1.0,0.3243326184314724,0.3088561217696649,True,DiffWire CT,True,0.3088561217696649,0.0
Actor,sage,12355,original,-1.0,0.3335388385171384,0.3347832004619162,True,DiffWire CT,True,0.3347832004619162,0.0
Actor,sage,12356,original,-1.0,0.3342981712495049,0.3226795618112243,True,DiffWire CT,True,0.3226795618112243,0.0
Actor,sage,12357,original,-1.0,0.3448998784845697,0.3076797292181999,True,DiffWire CT,True,0.3076797292181999,0.0
Actor,sage,12358,original,-1.0,0.3310245079963091,0.3211517185769322,True,DiffWire CT,True,0.3211517185769322,0.0
Actor,sage,12359,original,-1.0,0.351047069573519,0.3166092102253612,True,DiffWire CT,True,0.3166092102253612,0.0
Actor,sage,12360,original,-1.0,0.3450666852227423,0.3306102399946874,True,DiffWire CT,True,0.3306102399946874,0.0
Actor,sage,12361,original,-1.0,0.328237293536629,0.3104434861056462,True,DiffWire CT,True,0.3104434861056462,0.0
Actor,sage,12362,original,-1.0,0.3358736601481407,0.3344468401645632,True,DiffWire CT,True,0.3344468401645632,0.0
Actor,sage,12363,original,-1.0,0.3367433794961705,0.3280719231990158,True,DiffWire CT,True,0.3280719231990158,0.0
Actor,sage,12364,original,-1.0,0.335456245025292,0.3193757887958414,True,DiffWire CT,True,0.3193757887958414,0.0
Actor,sage,12365,original,-1.0,0.3400302803765031,0.3335267350801597,True,DiffWire CT,True,0.3335267350801597,0.0
Actor,sage,12366,original,-1.0,0.3256877577083655,0.3113493392728269,True,DiffWire CT,True,0.3113493392728269,0.0
Actor,sage,12367,original,-1.0,0.3307600863514783,0.3349196388324501,True,DiffWire CT,True,0.3349196388324501,0.0
Actor,sage,12368,original,-1.0,0.3357667268441773,0.3338344487221776,True,DiffWire CT,True,0.3338344487221776,0.0
Actor,sage,12369,original,-1.0,0.3375287057715534,0.3500650842253624,True,DiffWire CT,True,0.3500650842253624,0.0
Actor,sage,12370,original,-1.0,0.337660177238145,0.3392887649060523,True,DiffWire CT,True,0.3392887649060523,0.0
Actor,sage,12371,original,-1.0,0.3223870436336068,0.3030677970150131,True,DiffWire CT,True,0.3030677970150131,0.0
Actor,sage,12372,original,-1.0,0.3446843269857309,0.3357276649691521,True,DiffWire CT,True,0.3357276649691521,0.0
Actor,sage,12373,original,-1.0,0.3432907517297069,0.3422377683437853,True,DiffWire CT,True,0.3422377683437853,0.0
Actor,sage,12374,original,-1.0,0.3321130187515776,0.3317191865325023,True,DiffWire CT,True,0.3317191865325023,0.0
Airports-Brazil,gat,12345,original,-1.0,0.5547619047619048,0.372960372960373,True,DiffWire CT,True,0.372960372960373,0.0
Airports-Brazil,gat,12346,original,-1.0,0.4768633540372671,0.4047619047619047,True,DiffWire CT,True,0.4047619047619047,0.0
Airports-Brazil,gat,12347,original,-1.0,0.5957167832167832,0.3921626984126984,True,DiffWire CT,True,0.3921626984126984,0.0
Airports-Brazil,gat,12348,original,-1.0,0.4947552447552447,0.4911858974358974,True,DiffWire CT,True,0.4911858974358974,0.0
Airports-Brazil,gat,12349,original,-1.0,0.4642857142857143,0.3924679487179487,True,DiffWire CT,True,0.3924679487179487,0.0
Airports-Brazil,gat,12350,original,-1.0,0.6120937885643769,0.3829895594601477,True,DiffWire CT,True,0.3829895594601477,0.0
Airports-Brazil,gat,12351,original,-1.0,0.5855314276366907,0.5794181308887192,True,DiffWire CT,True,0.5794181308887192,0.0
Airports-Brazil,gat,12352,original,-1.0,0.602591706539075,0.514423076923077,True,DiffWire CT,True,0.514423076923077,0.0
Airports-Brazil,gat,12353,original,-1.0,0.6014652014652014,0.3474338161838162,True,DiffWire CT,True,0.3474338161838162,0.0
Airports-Brazil,gat,12354,original,-1.0,0.6186313686313687,0.4855866355866355,True,DiffWire CT,True,0.4855866355866355,0.0
Airports-Brazil,gat,12355,original,-1.0,0.5214015151515151,0.5447330447330447,True,DiffWire CT,True,0.5447330447330447,0.0
Airports-Brazil,gat,12356,original,-1.0,0.5916666666666666,0.5673076923076923,True,DiffWire CT,True,0.5673076923076923,0.0
Airports-Brazil,gat,12357,original,-1.0,0.5808213716108453,0.4910714285714286,True,DiffWire CT,True,0.4910714285714286,0.0
Airports-Brazil,gat,12358,original,-1.0,0.5657738095238095,0.4826839826839826,True,DiffWire CT,True,0.4826839826839826,0.0
Airports-Brazil,gat,12359,original,-1.0,0.5933441558441559,0.5261904761904762,True,DiffWire CT,True,0.5261904761904762,0.0
Airports-Brazil,gat,12360,original,-1.0,0.4666666666666667,0.4458874458874459,True,DiffWire CT,True,0.4458874458874459,0.0
Airports-Brazil,gat,12361,original,-1.0,0.5410471881060116,0.4137254901960784,True,DiffWire CT,True,0.4137254901960784,0.0
Airports-Brazil,gat,12362,original,-1.0,0.5722610722610723,0.441025641025641,True,DiffWire CT,True,0.441025641025641,0.0
Airports-Brazil,gat,12363,original,-1.0,0.7060331825037708,0.4227272727272727,True,DiffWire CT,True,0.4227272727272727,0.0
Airports-Brazil,gat,12364,original,-1.0,0.6512626262626262,0.4856150793650793,True,DiffWire CT,True,0.4856150793650793,0.0
Airports-Brazil,gat,12365,original,-1.0,0.3912698412698412,0.227485380116959,True,DiffWire CT,True,0.227485380116959,0.0
Airports-Brazil,gat,12366,original,-1.0,0.4257761437908497,0.572577276524645,True,DiffWire CT,True,0.572577276524645,0.0
Airports-Brazil,gat,12367,original,-1.0,0.6645833333333333,0.5431372549019607,True,DiffWire CT,True,0.5431372549019607,0.0
Airports-Brazil,gat,12368,original,-1.0,0.5725274725274725,0.3325757575757575,True,DiffWire CT,True,0.3325757575757575,0.0
Airports-Brazil,gat,12369,original,-1.0,0.528030303030303,0.2792207792207792,True,DiffWire CT,True,0.2792207792207792,0.0
Airports-Brazil,gat,12370,original,-1.0,0.625,0.5931818181818183,True,DiffWire CT,True,0.5931818181818183,0.0
Airports-Brazil,gat,12371,original,-1.0,0.450297619047619,0.2721468074409251,True,DiffWire CT,True,0.2721468074409251,0.0
Airports-Brazil,gat,12372,original,-1.0,0.4863636363636363,0.4111111111111111,True,DiffWire CT,True,0.4111111111111111,0.0
Airports-Brazil,gat,12373,original,-1.0,0.6130952380952381,0.4355203619909502,True,DiffWire CT,True,0.4355203619909502,0.0
Airports-Brazil,gat,12374,original,-1.0,0.648538961038961,0.3686868686868687,True,DiffWire CT,True,0.3686868686868687,0.0
Airports-Brazil,gcn,12345,DiffWire CT,0.0,0.7117965367965369,0.5285714285714286,False,DiffWire CT,False,0.4053921568627451,12.317927170868348
Airports-Brazil,gcn,12346,DiffWire CT,0.0,0.4837662337662337,0.5166666666666666,False,DiffWire CT,False,0.4475274725274725,6.913919413919412
Airports-Brazil,gcn,12347,DiffWire CT,0.0,0.6415055532702592,0.6004159239453357,False,DiffWire CT,False,0.5705741626794258,2.984176126590987
Airports-Brazil,gcn,12348,DiffWire CT,0.0,0.4675716440422323,0.429978354978355,False,DiffWire CT,False,0.376068376068376,5.390997890997901
Airports-Brazil,gcn,12349,original,-1.0,0.5758928571428572,0.465967365967366,True,DiffWire CT,True,0.465967365967366,0.0
Airports-Brazil,gcn,12350,DiffWire CT,0.0,0.587202380952381,0.5164835164835164,False,DiffWire CT,False,0.4409090909090908,7.557442557442561
Airports-Brazil,gcn,12351,DiffWire CT,0.0,0.5505793226381461,0.5856227106227107,False,DiffWire CT,False,0.4142246642246642,17.139804639804645
Airports-Brazil,gcn,12352,original,-1.0,0.6866258741258742,0.4039432789432789,True,DiffWire CT,True,0.4039432789432789,0.0
Airports-Brazil,gcn,12353,DiffWire CT,0.0,0.6455128205128206,0.4364468864468864,False,DiffWire CT,False,0.4845238095238095,-4.807692307692313
Airports-Brazil,gcn,12354,original,-1.0,0.6607142857142857,0.3621794871794871,True,DiffWire CT,True,0.3621794871794871,0.0
Airports-Brazil,gcn,12355,DiffWire CT,0.0,0.5361471861471861,0.5627705627705627,False,DiffWire CT,False,0.4739819004524886,8.87886623180741
Airports-Brazil,gcn,12356,original,-1.0,0.6085218702865762,0.5985739750445633,True,DiffWire CT,True,0.5985739750445633,0.0
Airports-Brazil,gcn,12357,DiffWire CT,0.0,0.562004662004662,0.5133928571428571,False,DiffWire CT,False,0.3454545454545454,16.79383116883117
Airports-Brazil,gcn,12358,DiffWire CT,0.0,0.4752747252747252,0.5636302294197031,False,DiffWire CT,False,0.4439033189033188,11.972691051638428
Airports-Brazil,gcn,12359,DiffWire CT,0.0,0.6163315850815851,0.603615134865135,False,DiffWire CT,False,0.5108225108225108,9.279262404262411
Airports-Brazil,gcn,12360,DiffWire CT,0.0,0.5126984126984128,0.4502747252747252,False,DiffWire CT,False,0.4060897435897436,4.418498168498158
Airports-Brazil,gcn,12361,DiffWire CT,0.0,0.5978015448603684,0.3768568033273916,False,DiffWire CT,False,0.3115131578947368,6.534364543265475
Airports-Brazil,gcn,12362,original,-1.0,0.599504662004662,0.5092627960275019,True,DiffWire CT,True,0.5092627960275019,0.0
Airports-Brazil,gcn,12363,DiffWire CT,0.0,0.6354929792429792,0.6220238095238095,False,DiffWire CT,False,0.4422348484848484,17.978896103896112
Airports-Brazil,gcn,12364,original,-1.0,0.6801948051948052,0.2792703619909502,True,DiffWire CT,True,0.2792703619909502,0.0
Airports-Brazil,gcn,12365,original,-1.0,0.4806663924310983,0.4026570048309178,True,DiffWire CT,True,0.4026570048309178,0.0
Airports-Brazil,gcn,12366,DiffWire CT,0.0,0.483288770053476,0.4032738095238095,False,DiffWire CT,False,0.4363247863247863,-3.3050976800976795
Airports-Brazil,gcn,12367,DiffWire CT,0.0,0.5634920634920635,0.5284090909090909,False,DiffWire CT,False,0.4539682539682539,7.444083694083703
Airports-Brazil,gcn,12368,original,-1.0,0.4813186813186813,0.4208874458874458,True,DiffWire CT,True,0.4208874458874458,0.0
Airports-Brazil,gcn,12369,original,-1.0,0.6246753246753247,0.3541666666666666,True,DiffWire CT,True,0.3541666666666666,0.0
Airports-Brazil,gcn,12370,DiffWire CT,0.0,0.6208874458874458,0.488235294117647,False,DiffWire CT,False,0.4858391608391608,0.2396133278486201
Airports-Brazil,gcn,12371,original,-1.0,0.5952380952380952,0.265126050420168,True,DiffWire CT,True,0.265126050420168,0.0
Airports-Brazil,gcn,12372,DiffWire CT,0.0,0.5136904761904763,0.6365693130399013,False,DiffWire CT,False,0.5168581418581418,11.971117118175945
Airports-Brazil,gcn,12373,DiffWire CT,0.0,0.671780303030303,0.4226998491704374,False,DiffWire CT,False,0.4375901875901876,-1.4890338419750182
Airports-Brazil,gcn,12374,DiffWire CT,0.0,0.6880952380952381,0.5561868686868687,False,DiffWire CT,False,0.3242424242424242,23.19444444444445
Airports-Brazil,sage,12345,original,-1.0,0.4350961538461538,0.5437038451744334,True,DiffWire CT,True,0.5437038451744334,0.0
Airports-Brazil,sage,12346,original,-1.0,0.3411377708978328,0.2,True,DiffWire CT,True,0.2,0.0
Airports-Brazil,sage,12347,original,-1.0,0.5938375350140056,0.4267045454545454,True,DiffWire CT,True,0.4267045454545454,0.0
Airports-Brazil,sage,12348,original,-1.0,0.4,0.4216450216450216,True,DiffWire CT,True,0.4216450216450216,0.0
Airports-Brazil,sage,12349,original,-1.0,0.5292207792207793,0.384313725490196,True,DiffWire CT,True,0.384313725490196,0.0
Airports-Brazil,sage,12350,original,-1.0,0.5097402597402597,0.3534188034188034,True,DiffWire CT,True,0.3534188034188034,0.0
Airports-Brazil,sage,12351,original,-1.0,0.4267482517482517,0.3476190476190476,True,DiffWire CT,True,0.3476190476190476,0.0
Airports-Brazil,sage,12352,original,-1.0,0.5410714285714285,0.4825757575757575,True,DiffWire CT,True,0.4825757575757575,0.0
Airports-Brazil,sage,12353,original,-1.0,0.5416666666666666,0.3680830039525692,True,DiffWire CT,True,0.3680830039525692,0.0
Airports-Brazil,sage,12354,original,-1.0,0.5410714285714285,0.204656862745098,True,DiffWire CT,True,0.204656862745098,0.0
Airports-Brazil,sage,12355,original,-1.0,0.4265873015873015,0.4457393483709273,True,DiffWire CT,True,0.4457393483709273,0.0
Airports-Brazil,sage,12356,original,-1.0,0.459717365967366,0.5208333333333333,True,DiffWire CT,True,0.5208333333333333,0.0
Airports-Brazil,sage,12357,original,-1.0,0.5592105263157894,0.4137254901960784,True,DiffWire CT,True,0.4137254901960784,0.0
Airports-Brazil,sage,12358,original,-1.0,0.6029519500107735,0.4862637362637362,True,DiffWire CT,True,0.4862637362637362,0.0
Airports-Brazil,sage,12359,original,-1.0,0.4920995670995671,0.6431372549019607,True,DiffWire CT,True,0.6431372549019607,0.0
Airports-Brazil,sage,12360,original,-1.0,0.444760101010101,0.6204266321913381,True,DiffWire CT,True,0.6204266321913381,0.0
Airports-Brazil,sage,12361,original,-1.0,0.3181818181818182,0.2517482517482518,True,DiffWire CT,True,0.2517482517482518,0.0
Airports-Brazil,sage,12362,original,-1.0,0.4942307692307692,0.4480643539467069,True,DiffWire CT,True,0.4480643539467069,0.0
Airports-Brazil,sage,12363,original,-1.0,0.5174603174603174,0.4327731092436975,True,DiffWire CT,True,0.4327731092436975,0.0
Airports-Brazil,sage,12364,original,-1.0,0.6499999999999999,0.5095238095238095,True,DiffWire CT,True,0.5095238095238095,0.0
Airports-Brazil,sage,12365,original,-1.0,0.4234126984126984,0.3763458763458763,True,DiffWire CT,True,0.3763458763458763,0.0
Airports-Brazil,sage,12366,original,-1.0,0.438034188034188,0.6291208791208791,True,DiffWire CT,True,0.6291208791208791,0.0
Airports-Brazil,sage,12367,original,-1.0,0.3704545454545455,0.4125,True,DiffWire CT,True,0.4125,0.0
Airports-Brazil,sage,12368,original,-1.0,0.5103174603174603,0.3166666666666666,True,DiffWire CT,True,0.3166666666666666,0.0
Airports-Brazil,sage,12369,original,-1.0,0.5994652406417111,0.3586309523809523,True,DiffWire CT,True,0.3586309523809523,0.0
Airports-Brazil,sage,12370,original,-1.0,0.4944444444444444,0.4050133689839572,True,DiffWire CT,True,0.4050133689839572,0.0
Airports-Brazil,sage,12371,original,-1.0,0.4370192307692307,0.365018315018315,True,DiffWire CT,True,0.365018315018315,0.0
Airports-Brazil,sage,12372,original,-1.0,0.3863636363636363,0.5254079254079254,True,DiffWire CT,True,0.5254079254079254,0.0
Airports-Brazil,sage,12373,original,-1.0,0.5978298017771702,0.3767482517482518,True,DiffWire CT,True,0.3767482517482518,0.0
Airports-Brazil,sage,12374,original,-1.0,0.5997786935286935,0.388235294117647,True,DiffWire CT,True,0.388235294117647,0.0
Airports-Europe,gat,12345,original,-1.0,0.5314066976003224,0.4899469451516796,True,DiffWire CT,True,0.4899469451516796,0.0
Airports-Europe,gat,12346,original,-1.0,0.4670784240049384,0.4356357063479156,True,DiffWire CT,True,0.4356357063479156,0.0
Airports-Europe,gat,12347,original,-1.0,0.5158663465386154,0.3922032828282829,True,DiffWire CT,True,0.3922032828282829,0.0
Airports-Europe,gat,12348,original,-1.0,0.5075044625275551,0.3215454425013249,True,DiffWire CT,True,0.3215454425013249,0.0
Airports-Europe,gat,12349,original,-1.0,0.5084134894346466,0.4568181818181818,True,DiffWire CT,True,0.4568181818181818,0.0
Airports-Europe,gat,12350,original,-1.0,0.5023270495654217,0.487828144078144,True,DiffWire CT,True,0.487828144078144,0.0
Airports-Europe,gat,12351,original,-1.0,0.5013743082823161,0.522071438546093,True,DiffWire CT,True,0.522071438546093,0.0
Airports-Europe,gat,12352,original,-1.0,0.4849773242630386,0.3194935869084476,True,DiffWire CT,True,0.3194935869084476,0.0
Airports-Europe,gat,12353,original,-1.0,0.4594524119947849,0.3513810270749505,True,DiffWire CT,True,0.3513810270749505,0.0
Airports-Europe,gat,12354,original,-1.0,0.5377727940029107,0.455924978687127,True,DiffWire CT,True,0.455924978687127,0.0
Airports-Europe,gat,12355,original,-1.0,0.4833035598531138,0.4573852922690131,True,DiffWire CT,True,0.4573852922690131,0.0
Airports-Europe,gat,12356,original,-1.0,0.4545054200542005,0.3329451345755693,True,DiffWire CT,True,0.3329451345755693,0.0
Airports-Europe,gat,12357,original,-1.0,0.5316270739064857,0.5164854419480155,True,DiffWire CT,True,0.5164854419480155,0.0
Airports-Europe,gat,12358,original,-1.0,0.4532458282458282,0.4243163847407603,True,DiffWire CT,True,0.4243163847407603,0.0
Airports-Europe,gat,12359,original,-1.0,0.5741669620701879,0.4462410899035268,True,DiffWire CT,True,0.4462410899035268,0.0
Airports-Europe,gat,12360,original,-1.0,0.4816789215686274,0.3674147203558968,True,DiffWire CT,True,0.3674147203558968,0.0
Airports-Europe,gat,12361,original,-1.0,0.4800744254144489,0.3963356667530895,True,DiffWire CT,True,0.3963356667530895,0.0
Airports-Europe,gat,12362,original,-1.0,0.5092294598746212,0.4420937314319667,True,DiffWire CT,True,0.4420937314319667,0.0
Airports-Europe,gat,12363,original,-1.0,0.5443072532469907,0.4336111111111111,True,DiffWire CT,True,0.4336111111111111,0.0
Airports-Europe,gat,12364,original,-1.0,0.5574744152046783,0.5138790779852579,True,DiffWire CT,True,0.5138790779852579,0.0
Airports-Europe,gat,12365,original,-1.0,0.5130920559491987,0.4069444444444444,True,DiffWire CT,True,0.4069444444444444,0.0
Airports-Europe,gat,12366,original,-1.0,0.5099846784545945,0.42825311942959,True,DiffWire CT,True,0.42825311942959,0.0
Airports-Europe,gat,12367,original,-1.0,0.4316168249095078,0.412203302373581,True,DiffWire CT,True,0.412203302373581,0.0
Airports-Europe,gat,12368,original,-1.0,0.5995847902097902,0.4268774703557312,True,DiffWire CT,True,0.4268774703557312,0.0
Airports-Europe,gat,12369,original,-1.0,0.4971685292051425,0.431530800515904,True,DiffWire CT,True,0.431530800515904,0.0
Airports-Europe,gat,12370,original,-1.0,0.552469980240158,0.3626136606760804,True,DiffWire CT,True,0.3626136606760804,0.0
Airports-Europe,gat,12371,original,-1.0,0.4514897497841293,0.4428953399541635,True,DiffWire CT,True,0.4428953399541635,0.0
Airports-Europe,gat,12372,original,-1.0,0.4704000921106184,0.3861911439741628,True,DiffWire CT,True,0.3861911439741628,0.0
Airports-Europe,gat,12373,original,-1.0,0.5234406905987095,0.2934346525227798,True,DiffWire CT,True,0.2934346525227798,0.0
Airports-Europe,gat,12374,original,-1.0,0.5118786549707602,0.4176518339874844,True,DiffWire CT,True,0.4176518339874844,0.0
Airports-Europe,gcn,12345,DiffWire CT,0.0,0.5990406976744186,0.5257213365230287,False,DiffWire CT,False,0.4525914416061295,7.312989491689914
Airports-Europe,gcn,12346,DiffWire CT,0.0,0.491391349501615,0.4529870129870129,False,DiffWire CT,False,0.4980158730158729,-4.502886002886003
Airports-Europe,gcn,12347,DiffWire CT,0.0,0.5548106839635079,0.3813497822931785,False,DiffWire CT,False,0.391300777507674,-0.9950995214495495
Airports-Europe,gcn,12348,original,-1.0,0.6135616249926025,0.4538466481045192,True,DiffWire CT,True,0.4538466481045192,0.0
Airports-Europe,gcn,12349,original,-1.0,0.6111262547304007,0.4592263487000329,True,DiffWire CT,True,0.4592263487000329,0.0
Airports-Europe,gcn,12350,original,-1.0,0.5240075801618627,0.5253589344404082,True,DiffWire CT,True,0.5253589344404082,0.0
Airports-Europe,gcn,12351,DiffWire CT,0.0,0.5569246107843089,0.5362762237762237,False,DiffWire CT,False,0.5231787430140209,1.309748076220285
Airports-Europe,gcn,12352,DiffWire CT,0.0,0.5980769230769231,0.3937655943469897,False,DiffWire CT,False,0.3887744887744888,0.4991105572500931
Airports-Europe,gcn,12353,original,-1.0,0.5314183185235817,0.398517126148705,True,DiffWire CT,True,0.398517126148705,0.0
Airports-Europe,gcn,12354,DiffWire CT,0.0,0.5625307125307125,0.4471770448972877,False,DiffWire CT,False,0.4183017473399433,2.8875297557344415
Airports-Europe,gcn,12355,DiffWire CT,0.0,0.5393304130162704,0.446807951987997,False,DiffWire CT,False,0.5076306620209059,-6.08227100329089
Airports-Europe,gcn,12356,DiffWire CT,0.0,0.5832681747672691,0.4240262953276313,False,DiffWire CT,False,0.3647009335649153,5.9325361762716025
Airports-Europe,gcn,12357,DiffWire CT,0.0,0.5606063258636789,0.4848276325778853,False,DiffWire CT,False,0.4760269930852914,0.8800639492593909
Airports-Europe,gcn,12358,DiffWire CT,0.0,0.4854582843713279,0.394209536581431,False,DiffWire CT,False,0.3977564102564102,-0.35468736749791896
Airports-Europe,gcn,12359,DiffWire CT,0.0,0.6106150793650793,0.4794172162593215,False,DiffWire CT,False,0.3954911098806447,8.392610637867682
Airports-Europe,gcn,12360,original,-1.0,0.4859126984126983,0.4459412419938736,True,DiffWire CT,True,0.4459412419938736,0.0
Airports-Europe,gcn,12361,DiffWire CT,0.0,0.6354359677317704,0.4463147759103641,False,DiffWire CT,False,0.5013478818998717,-5.503310598950756
Airports-Europe,gcn,12362,DiffWire CT,0.0,0.5606874973026628,0.5027425652545999,False,DiffWire CT,False,0.3639399624765478,13.880260277805212
Airports-Europe,gcn,12363,DiffWire CT,0.0,0.5573115394806571,0.4244615604050777,False,DiffWire CT,False,0.3903238368518139,3.4137723553263832
Airports-Europe,gcn,12364,DiffWire CT,0.0,0.59837075453594,0.5792254119176276,False,DiffWire CT,False,0.4151059085841694,16.411950333345814
Airports-Europe,gcn,12365,DiffWire CT,0.0,0.5545596954254328,0.5098364321768578,False,DiffWire CT,False,0.4291997974924804,8.063663468437742
Airports-Europe,gcn,12366,original,-1.0,0.5139401969189203,0.4882046070460704,True,DiffWire CT,True,0.4882046070460704,0.0
Airports-Europe,gcn,12367,original,-1.0,0.5646994324045408,0.5038431723315444,True,DiffWire CT,True,0.5038431723315444,0.0
Airports-Europe,gcn,12368,original,-1.0,0.6082802698656358,0.5475274725274725,True,DiffWire CT,True,0.5475274725274725,0.0
Airports-Europe,gcn,12369,original,-1.0,0.5792499894483603,0.4132513391505771,True,DiffWire CT,True,0.4132513391505771,0.0
Airports-Europe,gcn,12370,DiffWire CT,0.0,0.6122467071935157,0.4151034919068131,False,DiffWire CT,False,0.3796152817948355,3.548821011197761
Airports-Europe,gcn,12371,DiffWire CT,0.0,0.568953568953569,0.4232345039427005,False,DiffWire CT,False,0.4421773636991027,-1.8942859756402197
Airports-Europe,gcn,12372,DiffWire CT,0.0,0.6055350186230768,0.4566303274139289,False,DiffWire CT,False,0.3590847877612584,9.754553965267048
Airports-Europe,gcn,12373,DiffWire CT,0.0,0.6060326086956522,0.4517554772271753,False,DiffWire CT,False,0.439047619047619,1.2707858179556275
Airports-Europe,gcn,12374,DiffWire CT,0.0,0.5383924251848781,0.5516787968991613,False,DiffWire CT,False,0.4877343127403762,6.394448415878512
Airports-Europe,sage,12345,original,-1.0,0.5745810407451362,0.5002246485534427,True,DiffWire CT,True,0.5002246485534427,0.0
Airports-Europe,sage,12346,original,-1.0,0.4793367346938775,0.451716674676306,True,DiffWire CT,True,0.451716674676306,0.0
Airports-Europe,sage,12347,original,-1.0,0.4819064656273958,0.4188954009782677,True,DiffWire CT,True,0.4188954009782677,0.0
Airports-Europe,sage,12348,original,-1.0,0.5149480740912966,0.412235353411824,True,DiffWire CT,True,0.412235353411824,0.0
Airports-Europe,sage,12349,original,-1.0,0.5855527984560243,0.3584508905957193,True,DiffWire CT,True,0.3584508905957193,0.0
Airports-Europe,sage,12350,original,-1.0,0.5248026315789474,0.5017678621834682,True,DiffWire CT,True,0.5017678621834682,0.0
Airports-Europe,sage,12351,original,-1.0,0.5245496840324426,0.4842807924203273,True,DiffWire CT,True,0.4842807924203273,0.0
Airports-Europe,sage,12352,original,-1.0,0.497491115138174,0.4517640169814082,True,DiffWire CT,True,0.4517640169814082,0.0
Airports-Europe,sage,12353,original,-1.0,0.4406084656084656,0.4437352245862884,True,DiffWire CT,True,0.4437352245862884,0.0
Airports-Europe,sage,12354,original,-1.0,0.4895833333333333,0.4796653991300089,True,DiffWire CT,True,0.4796653991300089,0.0
Airports-Europe,sage,12355,original,-1.0,0.5157090948487804,0.449207410236822,True,DiffWire CT,True,0.449207410236822,0.0
Airports-Europe,sage,12356,original,-1.0,0.5067717717717718,0.3481784632300476,True,DiffWire CT,True,0.3481784632300476,0.0
Airports-Europe,sage,12357,original,-1.0,0.4275350140056022,0.4966052731394497,True,DiffWire CT,True,0.4966052731394497,0.0
Airports-Europe,sage,12358,original,-1.0,0.4733843537414965,0.4156615741981596,True,DiffWire CT,True,0.4156615741981596,0.0
Airports-Europe,sage,12359,original,-1.0,0.6292033858998145,0.3603219696969696,True,DiffWire CT,True,0.3603219696969696,0.0
Airports-Europe,sage,12360,original,-1.0,0.3760821401731424,0.4201565266845037,True,DiffWire CT,True,0.4201565266845037,0.0
Airports-Europe,sage,12361,original,-1.0,0.5520299145299146,0.4237009936023947,True,DiffWire CT,True,0.4237009936023947,0.0
Airports-Europe,sage,12362,original,-1.0,0.4259178321678321,0.4802511598144297,True,DiffWire CT,True,0.4802511598144297,0.0
Airports-Europe,sage,12363,original,-1.0,0.4681372549019608,0.4770278992246956,True,DiffWire CT,True,0.4770278992246956,0.0
Airports-Europe,sage,12364,original,-1.0,0.542833266670476,0.4579435664936402,True,DiffWire CT,True,0.4579435664936402,0.0
Airports-Europe,sage,12365,original,-1.0,0.4295366795366795,0.424763353617309,True,DiffWire CT,True,0.424763353617309,0.0
Airports-Europe,sage,12366,original,-1.0,0.5260413549584056,0.4415182518630794,True,DiffWire CT,True,0.4415182518630794,0.0
Airports-Europe,sage,12367,original,-1.0,0.5451514914476429,0.5489453903973002,True,DiffWire CT,True,0.5489453903973002,0.0
Airports-Europe,sage,12368,original,-1.0,0.41775633640553,0.4742125199362041,True,DiffWire CT,True,0.4742125199362041,0.0
Airports-Europe,sage,12369,original,-1.0,0.5179064513429839,0.4175045978789597,True,DiffWire CT,True,0.4175045978789597,0.0
Airports-Europe,sage,12370,original,-1.0,0.5705033811819129,0.4308441558441558,True,DiffWire CT,True,0.4308441558441558,0.0
Airports-Europe,sage,12371,original,-1.0,0.5327891922319167,0.3323168498168498,True,DiffWire CT,True,0.3323168498168498,0.0
Airports-Europe,sage,12372,original,-1.0,0.4193121693121693,0.4449848243965891,True,DiffWire CT,True,0.4449848243965891,0.0
Airports-Europe,sage,12373,original,-1.0,0.5162663006177076,0.48425901378579,True,DiffWire CT,True,0.48425901378579,0.0
Airports-Europe,sage,12374,original,-1.0,0.4973822506717243,0.4716071428571428,True,DiffWire CT,True,0.4716071428571428,0.0
Airports-USA,gat,12345,original,-1.0,0.5397260293745009,0.5537948378838458,True,DiffWire CT,True,0.5537948378838458,0.0
Airports-USA,gat,12346,original,-1.0,0.6051416452535856,0.6138845377332219,True,DiffWire CT,True,0.6138845377332219,0.0
Airports-USA,gat,12347,original,-1.0,0.634392819799964,0.562213880241714,True,DiffWire CT,True,0.562213880241714,0.0
Airports-USA,gat,12348,original,-1.0,0.6513106184590206,0.5940785029392676,True,DiffWire CT,True,0.5940785029392676,0.0
Airports-USA,gat,12349,original,-1.0,0.6096976122460332,0.5403632545531694,True,DiffWire CT,True,0.5403632545531694,0.0
Airports-USA,gat,12350,original,-1.0,0.6224684624784359,0.6060330923937193,True,DiffWire CT,True,0.6060330923937193,0.0
Airports-USA,gat,12351,original,-1.0,0.66341206642709,0.5073752679530519,True,DiffWire CT,True,0.5073752679530519,0.0
Airports-USA,gat,12352,original,-1.0,0.6383072072302076,0.580985879200165,True,DiffWire CT,True,0.580985879200165,0.0
Airports-USA,gat,12353,original,-1.0,0.5853885951446927,0.5735589640494756,True,DiffWire CT,True,0.5735589640494756,0.0
Airports-USA,gat,12354,original,-1.0,0.6181494600026616,0.597731679171519,True,DiffWire CT,True,0.597731679171519,0.0
Airports-USA,gat,12355,original,-1.0,0.6293668838800432,0.6154456654456655,True,DiffWire CT,True,0.6154456654456655,0.0
Airports-USA,gat,12356,original,-1.0,0.5062510550851008,0.4873162806789382,True,DiffWire CT,True,0.4873162806789382,0.0
Airports-USA,gat,12357,original,-1.0,0.6133878559251693,0.5832369493251846,True,DiffWire CT,True,0.5832369493251846,0.0
Airports-USA,gat,12358,original,-1.0,0.6827005357978809,0.5691612569741481,True,DiffWire CT,True,0.5691612569741481,0.0
Airports-USA,gat,12359,original,-1.0,0.6200890479316763,0.5813897981451173,True,DiffWire CT,True,0.5813897981451173,0.0
Airports-USA,gat,12360,original,-1.0,0.6149633022103589,0.6155072257758825,True,DiffWire CT,True,0.6155072257758825,0.0
Airports-USA,gat,12361,original,-1.0,0.486980277085416,0.5167724019548333,True,DiffWire CT,True,0.5167724019548333,0.0
Airports-USA,gat,12362,original,-1.0,0.6479212245341277,0.6282626967404695,True,DiffWire CT,True,0.6282626967404695,0.0
Airports-USA,gat,12363,original,-1.0,0.6634669567993383,0.6052558021688457,True,DiffWire CT,True,0.6052558021688457,0.0
Airports-USA,gat,12364,original,-1.0,0.5576572355560929,0.5719053176069611,True,DiffWire CT,True,0.5719053176069611,0.0
Airports-USA,gat,12365,original,-1.0,0.6029175502859714,0.6002305498445086,True,DiffWire CT,True,0.6002305498445086,0.0
Airports-USA,gat,12366,original,-1.0,0.5775991136663073,0.5657259089753368,True,DiffWire CT,True,0.5657259089753368,0.0
Airports-USA,gat,12367,original,-1.0,0.6052005465798569,0.5536698463169052,True,DiffWire CT,True,0.5536698463169052,0.0
Airports-USA,gat,12368,original,-1.0,0.6431769644804023,0.5240160327348663,True,DiffWire CT,True,0.5240160327348663,0.0
Airports-USA,gat,12369,original,-1.0,0.6013225767165211,0.5603722557616587,True,DiffWire CT,True,0.5603722557616587,0.0
Airports-USA,gat,12370,original,-1.0,0.6237507281395168,0.5310064679468205,True,DiffWire CT,True,0.5310064679468205,0.0
Airports-USA,gat,12371,original,-1.0,0.6184226172864553,0.5550262672050992,True,DiffWire CT,True,0.5550262672050992,0.0
Airports-USA,gat,12372,original,-1.0,0.5903245008898921,0.6048920759943769,True,DiffWire CT,True,0.6048920759943769,0.0
Airports-USA,gat,12373,original,-1.0,0.6072601020368613,0.5127983888068788,True,DiffWire CT,True,0.5127983888068788,0.0
Airports-USA,gat,12374,original,-1.0,0.5894141626531173,0.6374131881981412,True,DiffWire CT,True,0.6374131881981412,0.0
Airports-USA,gcn,12345,DiffWire CT,0.0,0.5671132638242453,0.5262951494479483,False,DiffWire CT,False,0.4696195428698649,5.66756065780834
Airports-USA,gcn,12346,DiffWire CT,0.0,0.5816291013734295,0.5769199655710227,False,DiffWire CT,False,0.5630992776020809,1.3820687968941758
Airports-USA,gcn,12347,DiffWire CT,0.0,0.5810155252439514,0.5178039938502664,False,DiffWire CT,False,0.5022671781395822,1.5536815710684215
Airports-USA,gcn,12348,DiffWire CT,0.0,0.6061503718662229,0.5837454637912304,False,DiffWire CT,False,0.5355281232044652,4.821734058676519
Airports-USA,gcn,12349,DiffWire CT,0.0,0.581482494993721,0.5130103609231133,False,DiffWire CT,False,0.5152643652643653,-0.22540043412520028
Airports-USA,gcn,12350,DiffWire CT,0.0,0.5871774041074846,0.5791364610797168,False,DiffWire CT,False,0.5304077148195628,4.8728746260154
Airports-USA,gcn,12351,original,-1.0,0.6077965825633737,0.4730868372146429,True,DiffWire CT,True,0.4730868372146429,0.0
Airports-USA,gcn,12352,DiffWire CT,0.0,0.5864707147567972,0.5696699956926451,False,DiffWire CT,False,0.481540223986748,8.812977170589708
Airports-USA,gcn,12353,original,-1.0,0.5347973103902647,0.4681405313734448,True,DiffWire CT,True,0.4681405313734448,0.0
Airports-USA,gcn,12354,DiffWire CT,0.0,0.5634737705792536,0.5245580697477343,False,DiffWire CT,False,0.564017766772701,-3.9459697024966656
Airports-USA,gcn,12355,DiffWire CT,0.0,0.5861188305648883,0.5926378579085227,False,DiffWire CT,False,0.5438118738733414,4.882598403518134
Airports-USA,gcn,12356,original,-1.0,0.6088369506864024,0.5429186985270291,True,DiffWire CT,True,0.5429186985270291,0.0
Airports-USA,gcn,12357,original,-1.0,0.5694414392450262,0.5492829427418751,True,DiffWire CT,True,0.5492829427418751,0.0
Airports-USA,gcn,12358,DiffWire CT,0.0,0.5816299876593994,0.5210432766982709,False,DiffWire CT,False,0.551827237889919,-3.078396119164817
Airports-USA,gcn,12359,DiffWire CT,0.0,0.5857479128902958,0.5734226052726312,False,DiffWire CT,False,0.5539303687714694,1.949223650116183
Airports-USA,gcn,12360,DiffWire CT,0.0,0.5767153074717085,0.609825245501707,False,DiffWire CT,False,0.4666822007730762,14.314304472863082
Airports-USA,gcn,12361,DiffWire CT,0.0,0.5985524463392745,0.5357751393712678,False,DiffWire CT,False,0.5400474249954852,-0.42722856242174423
Airports-USA,gcn,12362,original,-1.0,0.5996149813439827,0.5326052805471247,True,DiffWire CT,True,0.5326052805471247,0.0
Airports-USA,gcn,12363,DiffWire CT,0.0,0.5983929529935973,0.5440918126525602,False,DiffWire CT,False,0.4730350378787878,7.105677477377243
Airports-USA,gcn,12364,DiffWire CT,0.0,0.5678750789440444,0.5556861742908255,False,DiffWire CT,False,0.5122278384601637,4.345833583066172
Airports-USA,gcn,12365,DiffWire CT,0.0,0.5782909846242507,0.56026416518063,False,DiffWire CT,False,0.5016160095175373,5.864815566309279
Airports-USA,gcn,12366,DiffWire CT,0.0,0.6050832410356167,0.5589493026510477,False,DiffWire CT,False,0.5693925618716592,-1.0443259220611512
Airports-USA,gcn,12367,DiffWire CT,0.0,0.6033236918291536,0.538346478538107,False,DiffWire CT,False,0.5375546511155861,0.07918274225209299
Airports-USA,gcn,12368,original,-1.0,0.5744163203430519,0.4819862871127529,True,DiffWire CT,True,0.4819862871127529,0.0
Airports-USA,gcn,12369,DiffWire CT,0.0,0.602172096908939,0.564824879227053,False,DiffWire CT,False,0.5225949955124181,4.222988371463499
Airports-USA,gcn,12370,DiffWire CT,0.0,0.6245279832139787,0.5617332131765481,False,DiffWire CT,False,0.5583539390489708,0.3379274127577325
Airports-USA,gcn,12371,DiffWire CT,0.0,0.6188710714572783,0.5597481948031544,False,DiffWire CT,False,0.4668988737954255,9.284932100772892
Airports-USA,gcn,12372,DiffWire CT,0.0,0.5697985739750445,0.5679464535806542,False,DiffWire CT,False,0.5008558450166745,6.709060856397975
Airports-USA,gcn,12373,DiffWire CT,0.0,0.5938075055778687,0.5240096262619796,False,DiffWire CT,False,0.5533218625539862,-2.9312236292006633
Airports-USA,gcn,12374,DiffWire CT,0.0,0.5774725671205008,0.64036068356046,False,DiffWire CT,False,0.5815958961573784,5.876478740308166
Airports-USA,sage,12345,original,-1.0,0.6065850649445739,0.5643700542776637,True,DiffWire CT,True,0.5643700542776637,0.0
Airports-USA,sage,12346,original,-1.0,0.5679243649732949,0.5364956034494925,True,DiffWire CT,True,0.5364956034494925,0.0
Airports-USA,sage,12347,original,-1.0,0.5908026960784314,0.5384958113255077,True,DiffWire CT,True,0.5384958113255077,0.0
Airports-USA,sage,12348,original,-1.0,0.5632430601636805,0.5148353241370169,True,DiffWire CT,True,0.5148353241370169,0.0
Airports-USA,sage,12349,original,-1.0,0.6324174195425709,0.5445447105729084,True,DiffWire CT,True,0.5445447105729084,0.0
Airports-USA,sage,12350,original,-1.0,0.5916129358762713,0.5965741416154117,True,DiffWire CT,True,0.5965741416154117,0.0
Airports-USA,sage,12351,original,-1.0,0.5715926165282429,0.5447057755830623,True,DiffWire CT,True,0.5447057755830623,0.0
Airports-USA,sage,12352,original,-1.0,0.6147607419157345,0.5285501983234084,True,DiffWire CT,True,0.5285501983234084,0.0
Airports-USA,sage,12353,original,-1.0,0.5637242470532543,0.547574007900457,True,DiffWire CT,True,0.547574007900457,0.0
Airports-USA,sage,12354,original,-1.0,0.5565760905760906,0.5307197891061033,True,DiffWire CT,True,0.5307197891061033,0.0
Airports-USA,sage,12355,original,-1.0,0.5780394605994416,0.5864788043169978,True,DiffWire CT,True,0.5864788043169978,0.0
Airports-USA,sage,12356,original,-1.0,0.5938707521526198,0.5056601127122542,True,DiffWire CT,True,0.5056601127122542,0.0
Airports-USA,sage,12357,original,-1.0,0.5784713035820244,0.4964226657420774,True,DiffWire CT,True,0.4964226657420774,0.0
Airports-USA,sage,12358,original,-1.0,0.5961195200738444,0.5256283341143031,True,DiffWire CT,True,0.5256283341143031,0.0
Airports-USA,sage,12359,original,-1.0,0.5915034180986513,0.6367119471725584,True,DiffWire CT,True,0.6367119471725584,0.0
Airports-USA,sage,12360,original,-1.0,0.6054686022115601,0.6243308080808081,True,DiffWire CT,True,0.6243308080808081,0.0
Airports-USA,sage,12361,original,-1.0,0.5852305376133045,0.5581889332407144,True,DiffWire CT,True,0.5581889332407144,0.0
Airports-USA,sage,12362,original,-1.0,0.5645206375841204,0.5201903289529652,True,DiffWire CT,True,0.5201903289529652,0.0
Airports-USA,sage,12363,original,-1.0,0.564368530020704,0.4883325760261244,True,DiffWire CT,True,0.4883325760261244,0.0
Airports-USA,sage,12364,original,-1.0,0.6004981539369432,0.5580563559626371,True,DiffWire CT,True,0.5580563559626371,0.0
Airports-USA,sage,12365,original,-1.0,0.5414358541416372,0.539282353104804,True,DiffWire CT,True,0.539282353104804,0.0
Airports-USA,sage,12366,original,-1.0,0.5508062410236323,0.4911712987495107,True,DiffWire CT,True,0.4911712987495107,0.0
Airports-USA,sage,12367,original,-1.0,0.5319926152279093,0.4990886116677255,True,DiffWire CT,True,0.4990886116677255,0.0
Airports-USA,sage,12368,original,-1.0,0.5330683194838834,0.5763832632559023,True,DiffWire CT,True,0.5763832632559023,0.0
Airports-USA,sage,12369,original,-1.0,0.5649586289512805,0.4942496532606794,True,DiffWire CT,True,0.4942496532606794,0.0
Airports-USA,sage,12370,original,-1.0,0.5839070378364866,0.6206235873887385,True,DiffWire CT,True,0.6206235873887385,0.0
Airports-USA,sage,12371,original,-1.0,0.5789534740995542,0.5849475051214515,True,DiffWire CT,True,0.5849475051214515,0.0
Airports-USA,sage,12372,original,-1.0,0.582149293876612,0.6017794221282593,True,DiffWire CT,True,0.6017794221282593,0.0
Airports-USA,sage,12373,original,-1.0,0.6548510859549714,0.5003875215412488,True,DiffWire CT,True,0.5003875215412488,0.0
Airports-USA,sage,12374,original,-1.0,0.5624615853359082,0.5534623035217416,True,DiffWire CT,True,0.5534623035217416,0.0
Amazon-Photo,gat,12345,original,-1.0,0.92464056854684,0.9305684901780258,True,DiffWire CT,True,0.9305684901780258,0.0
Amazon-Photo,gat,12346,original,-1.0,0.940398561358888,0.9368745681077622,True,DiffWire CT,True,0.9368745681077622,0.0
Amazon-Photo,gat,12347,original,-1.0,0.9329593020181336,0.932038224385098,True,DiffWire CT,True,0.932038224385098,0.0
Amazon-Photo,gat,12348,original,-1.0,0.934385324127912,0.9232159899182782,True,DiffWire CT,True,0.9232159899182782,0.0
Amazon-Photo,gat,12349,original,-1.0,0.9390350629992886,0.933111453302312,True,DiffWire CT,True,0.933111453302312,0.0
Amazon-Photo,gat,12350,original,-1.0,0.9360805396076648,0.9221145033853356,True,DiffWire CT,True,0.9221145033853356,0.0
Amazon-Photo,gat,12351,original,-1.0,0.9480057348940526,0.923104291123416,True,DiffWire CT,True,0.923104291123416,0.0
Amazon-Photo,gat,12352,original,-1.0,0.9383090711823394,0.9224466808690042,True,DiffWire CT,True,0.9224466808690042,0.0
Amazon-Photo,gat,12353,original,-1.0,0.9404035780184128,0.930033093874156,True,DiffWire CT,True,0.930033093874156,0.0
Amazon-Photo,gat,12354,original,-1.0,0.92187847879015,0.9249716051769028,True,DiffWire CT,True,0.9249716051769028,0.0
Amazon-Photo,gat,12355,original,-1.0,0.9237969581293342,0.9324052891061516,True,DiffWire CT,True,0.9324052891061516,0.0
Amazon-Photo,gat,12356,original,-1.0,0.9198823802452843,0.944872245917192,True,DiffWire CT,True,0.944872245917192,0.0
Amazon-Photo,gat,12357,original,-1.0,0.9393401621689166,0.9342184675166696,True,DiffWire CT,True,0.9342184675166696,0.0
Amazon-Photo,gat,12358,original,-1.0,0.9248066188904536,0.928787386009894,True,DiffWire CT,True,0.928787386009894,0.0
Amazon-Photo,gat,12359,original,-1.0,0.948113055543102,0.9252739308632102,True,DiffWire CT,True,0.9252739308632102,0.0
Amazon-Photo,gat,12360,original,-1.0,0.9220899137615806,0.9192288432513082,True,DiffWire CT,True,0.9192288432513082,0.0
Amazon-Photo,gat,12361,original,-1.0,0.9371143750162336,0.9340931831561284,True,DiffWire CT,True,0.9340931831561284,0.0
Amazon-Photo,gat,12362,original,-1.0,0.9218411426811384,0.934657359819723,True,DiffWire CT,True,0.934657359819723,0.0
Amazon-Photo,gat,12363,original,-1.0,0.9343183670225385,0.926177930376232,True,DiffWire CT,True,0.926177930376232,0.0
Amazon-Photo,gat,12364,original,-1.0,0.9305645257654076,0.9276962939473994,True,DiffWire CT,True,0.9276962939473994,0.0
Amazon-Photo,gat,12365,original,-1.0,0.9376971721637996,0.9245437065203672,True,DiffWire CT,True,0.9245437065203672,0.0
Amazon-Photo,gat,12366,original,-1.0,0.938290001026682,0.9187182823611216,True,DiffWire CT,True,0.9187182823611216,0.0
Amazon-Photo,gat,12367,original,-1.0,0.9333008823337,0.929014050073335,True,DiffWire CT,True,0.929014050073335,0.0
Amazon-Photo,gat,12368,original,-1.0,0.9393932432014448,0.9360944880384384,True,DiffWire CT,True,0.9360944880384384,0.0
Amazon-Photo,gat,12369,original,-1.0,0.9322072284648972,0.931758131385733,True,DiffWire CT,True,0.931758131385733,0.0
Amazon-Photo,gat,12370,original,-1.0,0.942762170144114,0.9253506536646828,True,DiffWire CT,True,0.9253506536646828,0.0
Amazon-Photo,gat,12371,original,-1.0,0.9424515997624792,0.9207267154211612,True,DiffWire CT,True,0.9207267154211612,0.0
Amazon-Photo,gat,12372,original,-1.0,0.9303939012081468,0.9168003446272815,True,DiffWire CT,True,0.9168003446272815,0.0
Amazon-Photo,gat,12373,original,-1.0,0.94443493183376,0.9276028953324388,True,DiffWire CT,True,0.9276028953324388,0.0
Amazon-Photo,gat,12374,original,-1.0,0.931943659957584,0.9262864438283251,True,DiffWire CT,True,0.9262864438283251,0.0
Amazon-Photo,gcn,12345,original,-1.0,0.9339574033306836,0.935124945419686,True,DiffWire CT,True,0.935124945419686,0.0
Amazon-Photo,gcn,12346,original,-1.0,0.943035679466508,0.937713000589472,True,DiffWire CT,True,0.937713000589472,0.0
Amazon-Photo,gcn,12347,original,-1.0,0.9345812611877444,0.9272580058584232,True,DiffWire CT,True,0.9272580058584232,0.0
Amazon-Photo,gcn,12348,original,-1.0,0.9486030551262812,0.9384665721978268,True,DiffWire CT,True,0.9384665721978268,0.0
Amazon-Photo,gcn,12349,original,-1.0,0.9407158579734948,0.930516108218647,True,DiffWire CT,True,0.930516108218647,0.0
Amazon-Photo,gcn,12350,original,-1.0,0.9484487551272848,0.9326157896598096,True,DiffWire CT,True,0.9326157896598096,0.0
Amazon-Photo,gcn,12351,original,-1.0,0.955577416718934,0.9343467752092376,True,DiffWire CT,True,0.9343467752092376,0.0
Amazon-Photo,gcn,12352,original,-1.0,0.942248979462138,0.9354630544947012,True,DiffWire CT,True,0.9354630544947012,0.0
Amazon-Photo,gcn,12353,original,-1.0,0.9443695989856614,0.9305056560918477,True,DiffWire CT,True,0.9305056560918477,0.0
Amazon-Photo,gcn,12354,original,-1.0,0.9242853200804356,0.9405892872496048,True,DiffWire CT,True,0.9405892872496048,0.0
Amazon-Photo,gcn,12355,original,-1.0,0.940181739117982,0.9367613268316886,True,DiffWire CT,True,0.9367613268316886,0.0
Amazon-Photo,gcn,12356,original,-1.0,0.9264814869624016,0.9502920307321308,True,DiffWire CT,True,0.9502920307321308,0.0
Amazon-Photo,gcn,12357,original,-1.0,0.9418541969142722,0.9279313844230648,True,DiffWire CT,True,0.9279313844230648,0.0
Amazon-Photo,gcn,12358,original,-1.0,0.9407797054936324,0.9361467990025772,True,DiffWire CT,True,0.9361467990025772,0.0
Amazon-Photo,gcn,12359,original,-1.0,0.9481235572082314,0.9314342081792288,True,DiffWire CT,True,0.9314342081792288,0.0
Amazon-Photo,gcn,12360,original,-1.0,0.935507798961614,0.925180245103964,True,DiffWire CT,True,0.925180245103964,0.0
Amazon-Photo,gcn,12361,original,-1.0,0.9445634801167568,0.9312503621022264,True,DiffWire CT,True,0.9312503621022264,0.0
Amazon-Photo,gcn,12362,original,-1.0,0.937889917332295,0.937268228622597,True,DiffWire CT,True,0.937268228622597,0.0
Amazon-Photo,gcn,12363,original,-1.0,0.9405820577767467,0.9338259764613392,True,DiffWire CT,True,0.9338259764613392,0.0
Amazon-Photo,gcn,12364,original,-1.0,0.935794137951412,0.944444297861622,True,DiffWire CT,True,0.944444297861622,0.0
Amazon-Photo,gcn,12365,original,-1.0,0.945714022591928,0.9407063018007986,True,DiffWire CT,True,0.9407063018007986,0.0
Amazon-Photo,gcn,12366,original,-1.0,0.9430165399981558,0.9313781182919106,True,DiffWire CT,True,0.9313781182919106,0.0
Amazon-Photo,gcn,12367,original,-1.0,0.9388543592100648,0.9396545088465028,True,DiffWire CT,True,0.9396545088465028,0.0
Amazon-Photo,gcn,12368,original,-1.0,0.9437748297885504,0.9401151567456496,True,DiffWire CT,True,0.9401151567456496,0.0
Amazon-Photo,gcn,12369,original,-1.0,0.9371494839521064,0.9246070211492186,True,DiffWire CT,True,0.9246070211492186,0.0
Amazon-Photo,gcn,12370,original,-1.0,0.9509706655430508,0.9271081416426904,True,DiffWire CT,True,0.9271081416426904,0.0
Amazon-Photo,gcn,12371,original,-1.0,0.9462072673785076,0.9371616794611876,True,DiffWire CT,True,0.9371616794611876,0.0
Amazon-Photo,gcn,12372,original,-1.0,0.9432989340931532,0.9317526701983224,True,DiffWire CT,True,0.9317526701983224,0.0
Amazon-Photo,gcn,12373,original,-1.0,0.9428749405256092,0.945240595620374,True,DiffWire CT,True,0.945240595620374,0.0
Amazon-Photo,gcn,12374,original,-1.0,0.9391201213129814,0.933793563881683,True,DiffWire CT,True,0.933793563881683,0.0
Amazon-Photo,sage,12345,original,-1.0,0.9450910150886194,0.9375705819438886,True,DiffWire CT,True,0.9375705819438886,0.0
Amazon-Photo,sage,12346,original,-1.0,0.951464807240708,0.9437289734307586,True,DiffWire CT,True,0.9437289734307586,0.0
Amazon-Photo,sage,12347,original,-1.0,0.9431701681877136,0.9346732256244622,True,DiffWire CT,True,0.9346732256244622,0.0
Amazon-Photo,sage,12348,original,-1.0,0.9533328303256134,0.9421858649633804,True,DiffWire CT,True,0.9421858649633804,0.0
Amazon-Photo,sage,12349,original,-1.0,0.9466739435854772,0.94351045166727,True,DiffWire CT,True,0.94351045166727,0.0
Amazon-Photo,sage,12350,original,-1.0,0.9494603054896033,0.944710602428012,True,DiffWire CT,True,0.944710602428012,0.0
Amazon-Photo,sage,12351,original,-1.0,0.9492411459806668,0.9332416921460625,True,DiffWire CT,True,0.9332416921460625,0.0
Amazon-Photo,sage,12352,original,-1.0,0.9436760557692164,0.9377215881968244,True,DiffWire CT,True,0.9377215881968244,0.0
Amazon-Photo,sage,12353,original,-1.0,0.9579459721416006,0.9464867473505424,True,DiffWire CT,True,0.9464867473505424,0.0
Amazon-Photo,sage,12354,original,-1.0,0.9406265251803448,0.9332996065388351,True,DiffWire CT,True,0.9332996065388351,0.0
Amazon-Photo,sage,12355,original,-1.0,0.9395020360967,0.9432551822636756,True,DiffWire CT,True,0.9432551822636756,0.0
Amazon-Photo,sage,12356,original,-1.0,0.9437540836032904,0.9459611128206494,True,DiffWire CT,True,0.9459611128206494,0.0
Amazon-Photo,sage,12357,original,-1.0,0.9486006047123956,0.945750042350306,True,DiffWire CT,True,0.945750042350306,0.0
Amazon-Photo,sage,12358,original,-1.0,0.9450769210587554,0.9354683683331352,True,DiffWire CT,True,0.9354683683331352,0.0
Amazon-Photo,sage,12359,original,-1.0,0.9582284099466056,0.9437371063215764,True,DiffWire CT,True,0.9437371063215764,0.0
Amazon-Photo,sage,12360,original,-1.0,0.9445576218155868,0.9342244023609156,True,DiffWire CT,True,0.9342244023609156,0.0
Amazon-Photo,sage,12361,original,-1.0,0.9468537248982836,0.9378750863290856,True,DiffWire CT,True,0.9378750863290856,0.0
Amazon-Photo,sage,12362,original,-1.0,0.9400942976041676,0.9461726729434534,True,DiffWire CT,True,0.9461726729434534,0.0
Amazon-Photo,sage,12363,original,-1.0,0.9538261233767864,0.9366342972287102,True,DiffWire CT,True,0.9366342972287102,0.0
Amazon-Photo,sage,12364,original,-1.0,0.9458987524830352,0.952942070264527,True,DiffWire CT,True,0.952942070264527,0.0
Amazon-Photo,sage,12365,original,-1.0,0.9510626212890242,0.9393780907772652,True,DiffWire CT,True,0.9393780907772652,0.0
Amazon-Photo,sage,12366,original,-1.0,0.9493453299115746,0.9305721955374964,True,DiffWire CT,True,0.9305721955374964,0.0
Amazon-Photo,sage,12367,original,-1.0,0.947691974969897,0.9489079638705252,True,DiffWire CT,True,0.9489079638705252,0.0
Amazon-Photo,sage,12368,original,-1.0,0.9483866298317568,0.9542863579820732,True,DiffWire CT,True,0.9542863579820732,0.0
Amazon-Photo,sage,12369,original,-1.0,0.9504309828071672,0.9388967470054448,True,DiffWire CT,True,0.9388967470054448,0.0
Amazon-Photo,sage,12370,original,-1.0,0.9528380451329496,0.935171157071917,True,DiffWire CT,True,0.935171157071917,0.0
Amazon-Photo,sage,12371,original,-1.0,0.9551988660882332,0.9414274404531412,True,DiffWire CT,True,0.9414274404531412,0.0
Amazon-Photo,sage,12372,original,-1.0,0.9385061824666356,0.9388685022209274,True,DiffWire CT,True,0.9388685022209274,0.0
Amazon-Photo,sage,12373,original,-1.0,0.9598160316510096,0.9440070229285692,True,DiffWire CT,True,0.9440070229285692,0.0
Amazon-Photo,sage,12374,original,-1.0,0.9438189986541428,0.9447007854915126,True,DiffWire CT,True,0.9447007854915126,0.0
Coauthor-CS,gat,12345,original,-1.0,0.914085608703403,0.9104647123235377,True,DiffWire CT,True,0.9104647123235377,0.0
Coauthor-CS,gat,12346,original,-1.0,0.9157004407256012,0.9162138979140676,True,DiffWire CT,True,0.9162138979140676,0.0
Coauthor-CS,gat,12347,original,-1.0,0.9243845876851182,0.9129007259683284,True,DiffWire CT,True,0.9129007259683284,0.0
Coauthor-CS,gat,12348,original,-1.0,0.922627698100648,0.9033321842852908,True,DiffWire CT,True,0.9033321842852908,0.0
Coauthor-CS,gat,12349,original,-1.0,0.922934644690621,0.9187455864733456,True,DiffWire CT,True,0.9187455864733456,0.0
Coauthor-CS,gat,12350,original,-1.0,0.9176413200713768,0.9236368638105608,True,DiffWire CT,True,0.9236368638105608,0.0
Coauthor-CS,gat,12351,original,-1.0,0.9212785821111176,0.9153768637610264,True,DiffWire CT,True,0.9153768637610264,0.0
Coauthor-CS,gat,12352,original,-1.0,0.9222104231206496,0.9206838010853928,True,DiffWire CT,True,0.9206838010853928,0.0
Coauthor-CS,gat,12353,original,-1.0,0.9201430732842436,0.9130169027803288,True,DiffWire CT,True,0.9130169027803288,0.0
Coauthor-CS,gat,12354,original,-1.0,0.9106755750711172,0.9188299749627908,True,DiffWire CT,True,0.9188299749627908,0.0
Coauthor-CS,gat,12355,original,-1.0,0.9132306026313288,0.9138863819843636,True,DiffWire CT,True,0.9138863819843636,0.0
Coauthor-CS,gat,12356,original,-1.0,0.924686645016456,0.9252946093481196,True,DiffWire CT,True,0.9252946093481196,0.0
Coauthor-CS,gat,12357,original,-1.0,0.919768978069656,0.9183503427240626,True,DiffWire CT,True,0.9183503427240626,0.0
Coauthor-CS,gat,12358,original,-1.0,0.9142058383439372,0.9126234442692616,True,DiffWire CT,True,0.9126234442692616,0.0
Coauthor-CS,gat,12359,original,-1.0,0.9187062808224996,0.9168764791997835,True,DiffWire CT,True,0.9168764791997835,0.0
Coauthor-CS,gat,12360,original,-1.0,0.9176633637348404,0.9188189518276856,True,DiffWire CT,True,0.9188189518276856,0.0
Coauthor-CS,gat,12361,original,-1.0,0.9180570953912928,0.9114111790861212,True,DiffWire CT,True,0.9114111790861212,0.0
Coauthor-CS,gat,12362,original,-1.0,0.9164515646413224,0.910353639412368,True,DiffWire CT,True,0.910353639412368,0.0
Coauthor-CS,gat,12363,original,-1.0,0.9204342439184456,0.928071504775918,True,DiffWire CT,True,0.928071504775918,0.0
Coauthor-CS,gat,12364,original,-1.0,0.9167181326429144,0.9124311978098226,True,DiffWire CT,True,0.9124311978098226,0.0
Coauthor-CS,gat,12365,original,-1.0,0.9195195723783646,0.9159681172774669,True,DiffWire CT,True,0.9159681172774669,0.0
Coauthor-CS,gat,12366,original,-1.0,0.9302777505541948,0.9195194779177672,True,DiffWire CT,True,0.9195194779177672,0.0
Coauthor-CS,gat,12367,original,-1.0,0.915937160947756,0.9129127733920638,True,DiffWire CT,True,0.9129127733920638,0.0
Coauthor-CS,gat,12368,original,-1.0,0.92115723521481,0.9104503638546884,True,DiffWire CT,True,0.9104503638546884,0.0
Coauthor-CS,gat,12369,original,-1.0,0.9229950489190836,0.9158708549315542,True,DiffWire CT,True,0.9158708549315542,0.0
Coauthor-CS,gat,12370,original,-1.0,0.9158463966688548,0.9245581032532948,True,DiffWire CT,True,0.9245581032532948,0.0
Coauthor-CS,gat,12371,original,-1.0,0.9292781183286606,0.9127029165359068,True,DiffWire CT,True,0.9127029165359068,0.0
Coauthor-CS,gat,12372,original,-1.0,0.9186359273026422,0.9142570058294972,True,DiffWire CT,True,0.9142570058294972,0.0
Coauthor-CS,gat,12373,original,-1.0,0.911472906374175,0.9208181631148012,True,DiffWire CT,True,0.9208181631148012,0.0
Coauthor-CS,gat,12374,original,-1.0,0.915479052544789,0.9249294551298848,True,DiffWire CT,True,0.9249294551298848,0.0
Coauthor-CS,gcn,12345,original,-1.0,0.9284693076999206,0.923921454888294,True,DiffWire CT,True,0.923921454888294,0.0
Coauthor-CS,gcn,12346,original,-1.0,0.9205764849808656,0.9252399713524256,True,DiffWire CT,True,0.9252399713524256,0.0
Coauthor-CS,gcn,12347,original,-1.0,0.9288218077011378,0.9212512351151024,True,DiffWire CT,True,0.9212512351151024,0.0
Coauthor-CS,gcn,12348,original,-1.0,0.9320036461837924,0.9120931320888398,True,DiffWire CT,True,0.9120931320888398,0.0
Coauthor-CS,gcn,12349,original,-1.0,0.9280695833463558,0.9240333027396196,True,DiffWire CT,True,0.9240333027396196,0.0
Coauthor-CS,gcn,12350,original,-1.0,0.9278178293108448,0.928015330060408,True,DiffWire CT,True,0.928015330060408,0.0
Coauthor-CS,gcn,12351,original,-1.0,0.9293083650547056,0.923090972706455,True,DiffWire CT,True,0.923090972706455,0.0
Coauthor-CS,gcn,12352,original,-1.0,0.927828872835713,0.925983970456792,True,DiffWire CT,True,0.925983970456792,0.0
Coauthor-CS,gcn,12353,original,-1.0,0.932523238880636,0.9207268560795532,True,DiffWire CT,True,0.9207268560795532,0.0
Coauthor-CS,gcn,12354,original,-1.0,0.915054175353972,0.9171628118654024,True,DiffWire CT,True,0.9171628118654024,0.0
Coauthor-CS,gcn,12355,original,-1.0,0.920289967113838,0.9218876357408968,True,DiffWire CT,True,0.9218876357408968,0.0
Coauthor-CS,gcn,12356,original,-1.0,0.9274368115624448,0.926408429345129,True,DiffWire CT,True,0.926408429345129,0.0
Coauthor-CS,gcn,12357,original,-1.0,0.9253073781986886,0.9288127280729208,True,DiffWire CT,True,0.9288127280729208,0.0
Coauthor-CS,gcn,12358,original,-1.0,0.9192647594229136,0.92296021535962,True,DiffWire CT,True,0.92296021535962,0.0
Coauthor-CS,gcn,12359,original,-1.0,0.9246695946519488,0.92874405813323,True,DiffWire CT,True,0.92874405813323,0.0
Coauthor-CS,gcn,12360,original,-1.0,0.9266500941597856,0.9292678424341136,True,DiffWire CT,True,0.9292678424341136,0.0
Coauthor-CS,gcn,12361,original,-1.0,0.92848562560808,0.9222903098621064,True,DiffWire CT,True,0.9222903098621064,0.0
Coauthor-CS,gcn,12362,original,-1.0,0.929189966315896,0.9287862624616434,True,DiffWire CT,True,0.9287862624616434,0.0
Coauthor-CS,gcn,12363,original,-1.0,0.9263333233103512,0.9351013742463032,True,DiffWire CT,True,0.9351013742463032,0.0
Coauthor-CS,gcn,12364,original,-1.0,0.916919299883941,0.9263561141187336,True,DiffWire CT,True,0.9263561141187336,0.0
Coauthor-CS,gcn,12365,original,-1.0,0.9194998844667248,0.9297583663347752,True,DiffWire CT,True,0.9297583663347752,0.0
Coauthor-CS,gcn,12366,original,-1.0,0.9377609139199864,0.9225628791091052,True,DiffWire CT,True,0.9225628791091052,0.0
Coauthor-CS,gcn,12367,original,-1.0,0.925579545233476,0.9192813134969224,True,DiffWire CT,True,0.9192813134969224,0.0
Coauthor-CS,gcn,12368,original,-1.0,0.925409106437188,0.921365367201423,True,DiffWire CT,True,0.921365367201423,0.0
Coauthor-CS,gcn,12369,original,-1.0,0.9290841603877475,0.916877365290765,True,DiffWire CT,True,0.916877365290765,0.0
Coauthor-CS,gcn,12370,original,-1.0,0.925997743272773,0.9231568325291082,True,DiffWire CT,True,0.9231568325291082,0.0
Coauthor-CS,gcn,12371,original,-1.0,0.935544782144902,0.9166160802537884,True,DiffWire CT,True,0.9166160802537884,0.0
Coauthor-CS,gcn,12372,original,-1.0,0.9245770562946076,0.9162968625896456,True,DiffWire CT,True,0.9162968625896456,0.0
Coauthor-CS,gcn,12373,original,-1.0,0.920288179169513,0.9309562913361282,True,DiffWire CT,True,0.9309562913361282,0.0
Coauthor-CS,gcn,12374,original,-1.0,0.9220379736061478,0.9317101123630346,True,DiffWire CT,True,0.9317101123630346,0.0
Coauthor-CS,sage,12345,original,-1.0,0.9357930010271792,0.931377121125852,True,DiffWire CT,True,0.931377121125852,0.0
Coauthor-CS,sage,12346,original,-1.0,0.929397582500498,0.9343924427465816,True,DiffWire CT,True,0.9343924427465816,0.0
Coauthor-CS,sage,12347,original,-1.0,0.93712967664282,0.9348957973586142,True,DiffWire CT,True,0.9348957973586142,0.0
Coauthor-CS,sage,12348,original,-1.0,0.9366434529584712,0.9220548867308886,True,DiffWire CT,True,0.9220548867308886,0.0
Coauthor-CS,sage,12349,original,-1.0,0.9313373482183268,0.9345230982199928,True,DiffWire CT,True,0.9345230982199928,0.0
Coauthor-CS,sage,12350,original,-1.0,0.9350652677997884,0.9306259322959504,True,DiffWire CT,True,0.9306259322959504,0.0
Coauthor-CS,sage,12351,original,-1.0,0.940172747702785,0.9340910824768875,True,DiffWire CT,True,0.9340910824768875,0.0
Coauthor-CS,sage,12352,original,-1.0,0.9330090025456704,0.9355205522484604,True,DiffWire CT,True,0.9355205522484604,0.0
Coauthor-CS,sage,12353,original,-1.0,0.9403637678455002,0.931929693073774,True,DiffWire CT,True,0.931929693073774,0.0
Coauthor-CS,sage,12354,original,-1.0,0.9269290040723632,0.9344492951588672,True,DiffWire CT,True,0.9344492951588672,0.0
Coauthor-CS,sage,12355,original,-1.0,0.9293503612524728,0.9264698017533414,True,DiffWire CT,True,0.9264698017533414,0.0
Coauthor-CS,sage,12356,original,-1.0,0.9333036955063764,0.934627955693564,True,DiffWire CT,True,0.934627955693564,0.0
Coauthor-CS,sage,12357,original,-1.0,0.9361975914511144,0.9350134926822168,True,DiffWire CT,True,0.9350134926822168,0.0
Coauthor-CS,sage,12358,original,-1.0,0.9257235949568926,0.937718762957798,True,DiffWire CT,True,0.937718762957798,0.0
Coauthor-CS,sage,12359,original,-1.0,0.9363891458056326,0.9298173896605586,True,DiffWire CT,True,0.9298173896605586,0.0
Coauthor-CS,sage,12360,original,-1.0,0.9402679038631386,0.9343764017727404,True,DiffWire CT,True,0.9343764017727404,0.0
Coauthor-CS,sage,12361,original,-1.0,0.9376350226365412,0.9275213646780294,True,DiffWire CT,True,0.9275213646780294,0.0
Coauthor-CS,sage,12362,original,-1.0,0.9345481675447168,0.9316238009566096,True,DiffWire CT,True,0.9316238009566096,0.0
Coauthor-CS,sage,12363,original,-1.0,0.933202587726386,0.9414277269841314,True,DiffWire CT,True,0.9414277269841314,0.0
Coauthor-CS,sage,12364,original,-1.0,0.9305549526376384,0.9333649318177236,True,DiffWire CT,True,0.9333649318177236,0.0
Coauthor-CS,sage,12365,original,-1.0,0.9326412074648648,0.9350451404779404,True,DiffWire CT,True,0.9350451404779404,0.0
Coauthor-CS,sage,12366,original,-1.0,0.9426144888857444,0.9302046103679794,True,DiffWire CT,True,0.9302046103679794,0.0
Coauthor-CS,sage,12367,original,-1.0,0.9360063381219358,0.9269367995423732,True,DiffWire CT,True,0.9269367995423732,0.0
Coauthor-CS,sage,12368,original,-1.0,0.9337303239930512,0.926913164633654,True,DiffWire CT,True,0.926913164633654,0.0
Coauthor-CS,sage,12369,original,-1.0,0.9391021054306172,0.921741866365554,True,DiffWire CT,True,0.921741866365554,0.0
Coauthor-CS,sage,12370,original,-1.0,0.9286681728080024,0.936564457596432,True,DiffWire CT,True,0.936564457596432,0.0
Coauthor-CS,sage,12371,original,-1.0,0.9411433811915858,0.9219239428790866,True,DiffWire CT,True,0.9219239428790866,0.0
Coauthor-CS,sage,12372,original,-1.0,0.9370031114432849,0.9222193998923276,True,DiffWire CT,True,0.9222193998923276,0.0
Coauthor-CS,sage,12373,original,-1.0,0.9250531621165554,0.9426192698356072,True,DiffWire CT,True,0.9426192698356072,0.0
Coauthor-CS,sage,12374,original,-1.0,0.9322166793322044,0.9378397650499573,True,DiffWire CT,True,0.9378397650499573,0.0
Cora,gat,12345,original,-1.0,0.8634788498234499,0.871739603880071,True,DiffWire CT,True,0.871739603880071,0.0
Cora,gat,12346,original,-1.0,0.8710716638722096,0.851692119687858,True,DiffWire CT,True,0.851692119687858,0.0
Cora,gat,12347,original,-1.0,0.8668010897729361,0.8825232543501277,True,DiffWire CT,True,0.8825232543501277,0.0
Cora,gat,12348,original,-1.0,0.8543412001344219,0.8748587192519413,True,DiffWire CT,True,0.8748587192519413,0.0
Cora,gat,12349,original,-1.0,0.8593727100249023,0.8799903832795734,True,DiffWire CT,True,0.8799903832795734,0.0
Cora,gat,12350,original,-1.0,0.8395608941316174,0.8836479391831998,True,DiffWire CT,True,0.8836479391831998,0.0
Cora,gat,12351,original,-1.0,0.8578057314373483,0.8401299641924228,True,DiffWire CT,True,0.8401299641924228,0.0
Cora,gat,12352,original,-1.0,0.8852599304137226,0.845595262712337,True,DiffWire CT,True,0.845595262712337,0.0
Cora,gat,12353,original,-1.0,0.8838863876146892,0.8821683845658032,True,DiffWire CT,True,0.8821683845658032,0.0
Cora,gat,12354,original,-1.0,0.8343379126836933,0.8662396005251721,True,DiffWire CT,True,0.8662396005251721,0.0
Cora,gat,12355,original,-1.0,0.8539748218920016,0.8737081859614664,True,DiffWire CT,True,0.8737081859614664,0.0
Cora,gat,12356,original,-1.0,0.8687891978246807,0.8646976230077076,True,DiffWire CT,True,0.8646976230077076,0.0
Cora,gat,12357,original,-1.0,0.8561954134248305,0.8767221430341531,True,DiffWire CT,True,0.8767221430341531,0.0
Cora,gat,12358,original,-1.0,0.8601432233663153,0.8375456258835842,True,DiffWire CT,True,0.8375456258835842,0.0
Cora,gat,12359,original,-1.0,0.8747293678104348,0.8377003925983927,True,DiffWire CT,True,0.8377003925983927,0.0
Cora,gat,12360,original,-1.0,0.8830124171428366,0.8504566243240885,True,DiffWire CT,True,0.8504566243240885,0.0
Cora,gat,12361,original,-1.0,0.8582069679729474,0.8543198950374784,True,DiffWire CT,True,0.8543198950374784,0.0
Cora,gat,12362,original,-1.0,0.8795123847627867,0.8719147893046316,True,DiffWire CT,True,0.8719147893046316,0.0
Cora,gat,12363,original,-1.0,0.8702453977682413,0.8482564526593492,True,DiffWire CT,True,0.8482564526593492,0.0
Cora,gat,12364,original,-1.0,0.8633010662911057,0.8424412719134956,True,DiffWire CT,True,0.8424412719134956,0.0
Cora,gat,12365,original,-1.0,0.8576548287577861,0.8595047205058167,True,DiffWire CT,True,0.8595047205058167,0.0
Cora,gat,12366,original,-1.0,0.8672180435693243,0.8613419695648904,True,DiffWire CT,True,0.8613419695648904,0.0
Cora,gat,12367,original,-1.0,0.8669952586240182,0.867220455196403,True,DiffWire CT,True,0.867220455196403,0.0
Cora,gat,12368,original,-1.0,0.885963350922316,0.8535235003120657,True,DiffWire CT,True,0.8535235003120657,0.0
Cora,gat,12369,original,-1.0,0.86656104675496,0.8424024372386042,True,DiffWire CT,True,0.8424024372386042,0.0
Cora,gat,12370,original,-1.0,0.8731173597577604,0.8576898991542607,True,DiffWire CT,True,0.8576898991542607,0.0
Cora,gat,12371,original,-1.0,0.884970984679536,0.879393147109489,True,DiffWire CT,True,0.879393147109489,0.0
Cora,gat,12372,original,-1.0,0.8663384072277763,0.8774241115055238,True,DiffWire CT,True,0.8774241115055238,0.0
Cora,gat,12373,original,-1.0,0.8864218973113358,0.8518437041296114,True,DiffWire CT,True,0.8518437041296114,0.0
Cora,gat,12374,original,-1.0,0.883480202616344,0.8573928667629082,True,DiffWire CT,True,0.8573928667629082,0.0
Cora,gcn,12345,original,-1.0,0.8654968509371529,0.8549635540241471,True,DiffWire CT,True,0.8549635540241471,0.0
Cora,gcn,12346,original,-1.0,0.8680377654404813,0.8396545598625513,True,DiffWire CT,True,0.8396545598625513,0.0
Cora,gcn,12347,original,-1.0,0.8710024213930765,0.8823900746936049,True,DiffWire CT,True,0.8823900746936049,0.0
Cora,gcn,12348,original,-1.0,0.8645503241686899,0.8648756389615136,True,DiffWire CT,True,0.8648756389615136,0.0
Cora,gcn,12349,original,-1.0,0.8578927910631419,0.8678261898437818,True,DiffWire CT,True,0.8678261898437818,0.0
Cora,gcn,12350,original,-1.0,0.8528619812175284,0.8966557159453579,True,DiffWire CT,True,0.8966557159453579,0.0
Cora,gcn,12351,original,-1.0,0.8701672490876821,0.87483021250739,True,DiffWire CT,True,0.87483021250739,0.0
Cora,gcn,12352,original,-1.0,0.8734996103919358,0.8513164105479623,True,DiffWire CT,True,0.8513164105479623,0.0
Cora,gcn,12353,original,-1.0,0.8848979608549159,0.8722392479523654,True,DiffWire CT,True,0.8722392479523654,0.0
Cora,gcn,12354,original,-1.0,0.8231405177167169,0.857579354508554,True,DiffWire CT,True,0.857579354508554,0.0
Cora,gcn,12355,original,-1.0,0.8623703390566193,0.8786915531795036,True,DiffWire CT,True,0.8786915531795036,0.0
Cora,gcn,12356,original,-1.0,0.8720288055329394,0.8625116270285016,True,DiffWire CT,True,0.8625116270285016,0.0
Cora,gcn,12357,original,-1.0,0.8638101243159609,0.8659107384406991,True,DiffWire CT,True,0.8659107384406991,0.0
Cora,gcn,12358,original,-1.0,0.8635846061229768,0.8255676675979029,True,DiffWire CT,True,0.8255676675979029,0.0
Cora,gcn,12359,original,-1.0,0.8903396149238435,0.855831773322903,True,DiffWire CT,True,0.855831773322903,0.0
Cora,gcn,12360,original,-1.0,0.8770351296213365,0.8587978448746106,True,DiffWire CT,True,0.8587978448746106,0.0
Cora,gcn,12361,original,-1.0,0.85987326746183,0.8506795679209131,True,DiffWire CT,True,0.8506795679209131,0.0
Cora,gcn,12362,original,-1.0,0.8838797017619747,0.8725395960636245,True,DiffWire CT,True,0.8725395960636245,0.0
Cora,gcn,12363,original,-1.0,0.8730870927807738,0.8430362997489468,True,DiffWire CT,True,0.8430362997489468,0.0
Cora,gcn,12364,original,-1.0,0.8591310419827278,0.8456769145194902,True,DiffWire CT,True,0.8456769145194902,0.0
Cora,gcn,12365,original,-1.0,0.8650829721915922,0.876997250792043,True,DiffWire CT,True,0.876997250792043,0.0
Cora,gcn,12366,original,-1.0,0.8822366083500783,0.85207503455976,True,DiffWire CT,True,0.85207503455976,0.0
Cora,gcn,12367,original,-1.0,0.8582489238950364,0.8618044538883444,True,DiffWire CT,True,0.8618044538883444,0.0
Cora,gcn,12368,original,-1.0,0.8704547140149087,0.8588408743017106,True,DiffWire CT,True,0.8588408743017106,0.0
Cora,gcn,12369,original,-1.0,0.8765609201731246,0.8453778668253883,True,DiffWire CT,True,0.8453778668253883,0.0
Cora,gcn,12370,original,-1.0,0.8657865691952725,0.8657887414780242,True,DiffWire CT,True,0.8657887414780242,0.0
Cora,gcn,12371,original,-1.0,0.870797120157653,0.8727300980254457,True,DiffWire CT,True,0.8727300980254457,0.0
Cora,gcn,12372,original,-1.0,0.8685481879289311,0.8872819762826784,True,DiffWire CT,True,0.8872819762826784,0.0
Cora,gcn,12373,original,-1.0,0.8865123588666229,0.8483636419417772,True,DiffWire CT,True,0.8483636419417772,0.0
Cora,gcn,12374,original,-1.0,0.8854610340209238,0.8835967993026406,True,DiffWire CT,True,0.8835967993026406,0.0
Cora,sage,12345,original,-1.0,0.8633936584640607,0.8499163506443358,True,DiffWire CT,True,0.8499163506443358,0.0
Cora,sage,12346,original,-1.0,0.8574548980633904,0.8603204981626155,True,DiffWire CT,True,0.8603204981626155,0.0
Cora,sage,12347,original,-1.0,0.8596054597181355,0.8780585819222227,True,DiffWire CT,True,0.8780585819222227,0.0
Cora,sage,12348,original,-1.0,0.8574139316528163,0.8755793327922113,True,DiffWire CT,True,0.8755793327922113,0.0
Cora,sage,12349,original,-1.0,0.8616050484995944,0.8758327798860124,True,DiffWire CT,True,0.8758327798860124,0.0
Cora,sage,12350,original,-1.0,0.8661348455850005,0.8614979960299799,True,DiffWire CT,True,0.8614979960299799,0.0
Cora,sage,12351,original,-1.0,0.8682145735501378,0.8447419818647932,True,DiffWire CT,True,0.8447419818647932,0.0
Cora,sage,12352,original,-1.0,0.8678711548379271,0.8494373965571488,True,DiffWire CT,True,0.8494373965571488,0.0
Cora,sage,12353,original,-1.0,0.8740037289888537,0.875857903861575,True,DiffWire CT,True,0.875857903861575,0.0
Cora,sage,12354,original,-1.0,0.8183804440822902,0.8532595754485841,True,DiffWire CT,True,0.8532595754485841,0.0
Cora,sage,12355,original,-1.0,0.8534986014170247,0.8741552171926511,True,DiffWire CT,True,0.8741552171926511,0.0
Cora,sage,12356,original,-1.0,0.8801463547904687,0.8855745059521674,True,DiffWire CT,True,0.8855745059521674,0.0
Cora,sage,12357,original,-1.0,0.8651329762726433,0.8628381461505074,True,DiffWire CT,True,0.8628381461505074,0.0
Cora,sage,12358,original,-1.0,0.8450486495759576,0.810889748621915,True,DiffWire CT,True,0.810889748621915,0.0
Cora,sage,12359,original,-1.0,0.8700542625591784,0.8479833236016932,True,DiffWire CT,True,0.8479833236016932,0.0
Cora,sage,12360,original,-1.0,0.8744259685358016,0.8503428480606369,True,DiffWire CT,True,0.8503428480606369,0.0
Cora,sage,12361,original,-1.0,0.8583129552320982,0.8247393207350725,True,DiffWire CT,True,0.8247393207350725,0.0
Cora,sage,12362,original,-1.0,0.8847196302135164,0.8669596850081671,True,DiffWire CT,True,0.8669596850081671,0.0
Cora,sage,12363,original,-1.0,0.8655618558139008,0.8466466883509877,True,DiffWire CT,True,0.8466466883509877,0.0
Cora,sage,12364,original,-1.0,0.8586806896473692,0.839518328946541,True,DiffWire CT,True,0.839518328946541,0.0
Cora,sage,12365,original,-1.0,0.8522288480957168,0.8648231679140114,True,DiffWire CT,True,0.8648231679140114,0.0
Cora,sage,12366,original,-1.0,0.8787253253906806,0.8573819734377947,True,DiffWire CT,True,0.8573819734377947,0.0
Cora,sage,12367,original,-1.0,0.8654968240800942,0.8626494875711626,True,DiffWire CT,True,0.8626494875711626,0.0
Cora,sage,12368,original,-1.0,0.8705012963257336,0.8604743755334866,True,DiffWire CT,True,0.8604743755334866,0.0
Cora,sage,12369,original,-1.0,0.8676906722627784,0.8448453301889975,True,DiffWire CT,True,0.8448453301889975,0.0
Cora,sage,12370,original,-1.0,0.8714663354970955,0.8709683885443581,True,DiffWire CT,True,0.8709683885443581,0.0
Cora,sage,12371,original,-1.0,0.8479736881876564,0.8676397979365593,True,DiffWire CT,True,0.8676397979365593,0.0
Cora,sage,12372,original,-1.0,0.8721357584569602,0.8870840980218286,True,DiffWire CT,True,0.8870840980218286,0.0
Cora,sage,12373,original,-1.0,0.8854196024454042,0.838561856471058,True,DiffWire CT,True,0.838561856471058,0.0
Cora,sage,12374,original,-1.0,0.884053502579225,0.867088442379129,True,DiffWire CT,True,0.867088442379129,0.0
Cornell,gat,12345,original,-1.0,0.4098850574712644,0.3706195596518177,True,DiffWire CT,True,0.3706195596518177,0.0
Cornell,gat,12346,original,-1.0,0.5055962854349951,0.3554978354978354,True,DiffWire CT,True,0.3554978354978354,0.0
Cornell,gat,12347,original,-1.0,0.4351608751608752,0.3081232492997198,True,DiffWire CT,True,0.3081232492997198,0.0
Cornell,gat,12348,original,-1.0,0.5075854700854701,0.4771336996336996,True,DiffWire CT,True,0.4771336996336996,0.0
Cornell,gat,12349,original,-1.0,0.3887179487179487,0.4527097902097902,True,DiffWire CT,True,0.4527097902097902,0.0
Cornell,gat,12350,original,-1.0,0.4937118437118437,0.3127257799671593,True,DiffWire CT,True,0.3127257799671593,0.0
Cornell,gat,12351,original,-1.0,0.561470588235294,0.3471428571428571,True,DiffWire CT,True,0.3471428571428571,0.0
Cornell,gat,12352,original,-1.0,0.3846685340802988,0.4578657269359357,True,DiffWire CT,True,0.4578657269359357,0.0
Cornell,gat,12353,original,-1.0,0.3561904761904761,0.2549206349206349,True,DiffWire CT,True,0.2549206349206349,0.0
Cornell,gat,12354,original,-1.0,0.38851324114482,0.4250738916256157,True,DiffWire CT,True,0.4250738916256157,0.0
Cornell,gat,12355,original,-1.0,0.4771428571428571,0.453076923076923,True,DiffWire CT,True,0.453076923076923,0.0
Cornell,gat,12356,original,-1.0,0.5094017094017094,0.2362154641224409,True,DiffWire CT,True,0.2362154641224409,0.0
Cornell,gat,12357,original,-1.0,0.4024603174603174,0.2314571607254534,True,DiffWire CT,True,0.2314571607254534,0.0
Cornell,gat,12358,original,-1.0,0.3895450785773366,0.3579831932773109,True,DiffWire CT,True,0.3579831932773109,0.0
Cornell,gat,12359,original,-1.0,0.3038095238095238,0.24,True,DiffWire CT,True,0.24,0.0
Cornell,gat,12360,original,-1.0,0.3856293706293706,0.2398484848484848,True,DiffWire CT,True,0.2398484848484848,0.0
Cornell,gat,12361,original,-1.0,0.3206626706626706,0.4132867132867132,True,DiffWire CT,True,0.4132867132867132,0.0
Cornell,gat,12362,original,-1.0,0.2871794871794871,0.383091418385536,True,DiffWire CT,True,0.383091418385536,0.0
Cornell,gat,12363,original,-1.0,0.3658333333333333,0.231016731016731,True,DiffWire CT,True,0.231016731016731,0.0
Cornell,gat,12364,original,-1.0,0.3846600458365164,0.2293460925039872,True,DiffWire CT,True,0.2293460925039872,0.0
Cornell,gat,12365,original,-1.0,0.2686186186186187,0.266031746031746,True,DiffWire CT,True,0.266031746031746,0.0
Cornell,gat,12366,original,-1.0,0.4995314489432136,0.4174042950513538,True,DiffWire CT,True,0.4174042950513538,0.0
Cornell,gat,12367,original,-1.0,0.4455555555555556,0.3583183183183183,True,DiffWire CT,True,0.3583183183183183,0.0
Cornell,gat,12368,original,-1.0,0.422826296510507,0.2276318276318276,True,DiffWire CT,True,0.2276318276318276,0.0
Cornell,gat,12369,original,-1.0,0.4364145658263305,0.4874236874236874,True,DiffWire CT,True,0.4874236874236874,0.0
Cornell,gat,12370,original,-1.0,0.4727738927738928,0.3472527472527472,True,DiffWire CT,True,0.3472527472527472,0.0
Cornell,gat,12371,original,-1.0,0.4430926779313876,0.3691086691086691,True,DiffWire CT,True,0.3691086691086691,0.0
Cornell,gat,12372,original,-1.0,0.4157142857142856,0.3326984126984126,True,DiffWire CT,True,0.3326984126984126,0.0
Cornell,gat,12373,original,-1.0,0.3058661145617667,0.3267543859649122,True,DiffWire CT,True,0.3267543859649122,0.0
Cornell,gat,12374,original,-1.0,0.4849924585218702,0.359047619047619,True,DiffWire CT,True,0.359047619047619,0.0
Cornell,gcn,12345,DiffWire CT,0.0,0.3771878665996312,0.3661904761904762,False,DiffWire CT,False,0.3764590964590965,-1.0268620268620299
Cornell,gcn,12346,original,-1.0,0.5321428571428571,0.3365659777424484,True,DiffWire CT,True,0.3365659777424484,0.0
Cornell,gcn,12347,DiffWire CT,0.0,0.5405177717019822,0.2633533435711294,False,DiffWire CT,False,0.2841408641771618,-2.0787520606032395
Cornell,gcn,12348,original,-1.0,0.5142623560014863,0.4081573498964803,True,DiffWire CT,True,0.4081573498964803,0.0
Cornell,gcn,12349,original,-1.0,0.4833333333333333,0.360995670995671,True,DiffWire CT,True,0.360995670995671,0.0
Cornell,gcn,12350,DiffWire CT,0.0,0.3991575091575091,0.2218803418803419,False,DiffWire CT,False,0.2774193548387097,-5.553901295836782
Cornell,gcn,12351,DiffWire CT,0.0,0.6118253968253968,0.3013533834586465,False,DiffWire CT,False,0.197002997002997,10.435038645564948
Cornell,gcn,12352,original,-1.0,0.4229310344827586,0.2569444444444445,True,DiffWire CT,True,0.2569444444444445,0.0
Cornell,gcn,12353,DiffWire CT,0.0,0.4004761904761905,0.2951260504201681,False,DiffWire CT,False,0.2623655913978495,3.276045902231861
Cornell,gcn,12354,DiffWire CT,0.0,0.5238095238095237,0.3759716859716859,False,DiffWire CT,False,0.4611111111111111,-8.513942513942519
Cornell,gcn,12355,DiffWire CT,0.0,0.5062388591800357,0.3404295051353875,False,DiffWire CT,False,0.3066666666666666,3.3762838468720915
Cornell,gcn,12356,DiffWire CT,0.0,0.4186681124062528,0.2046963562753036,False,DiffWire CT,False,0.2533333333333333,-4.863697705802969
Cornell,gcn,12357,original,-1.0,0.4549619178775188,0.2815268065268065,True,DiffWire CT,True,0.2815268065268065,0.0
Cornell,gcn,12358,original,-1.0,0.4503448275862068,0.3321428571428571,True,DiffWire CT,True,0.3321428571428571,0.0
Cornell,gcn,12359,DiffWire CT,0.0,0.4425974025974025,0.2551226551226551,False,DiffWire CT,False,0.319591901801371,-6.44692466787159
Cornell,gcn,12360,original,-1.0,0.3690756302521009,0.3098227752639517,True,DiffWire CT,True,0.3098227752639517,0.0
Cornell,gcn,12361,DiffWire CT,0.0,0.4232258064516129,0.3451680672268907,False,DiffWire CT,False,0.292063492063492,5.310457516339867
Cornell,gcn,12362,original,-1.0,0.4288288288288288,0.4182816014394961,True,DiffWire CT,True,0.4182816014394961,0.0
Cornell,gcn,12363,DiffWire CT,0.0,0.4384514831573655,0.3997899159663866,False,DiffWire CT,False,0.2726373626373626,12.715255332902398
Cornell,gcn,12364,DiffWire CT,0.0,0.3992857142857143,0.3077777777777778,False,DiffWire CT,False,0.18,12.777777777777782
Cornell,gcn,12365,original,-1.0,0.3889743589743589,0.2636470588235294,True,DiffWire CT,True,0.2636470588235294,0.0
Cornell,gcn,12366,original,-1.0,0.4744721944721945,0.4127450980392156,True,DiffWire CT,True,0.4127450980392156,0.0
Cornell,gcn,12367,original,-1.0,0.4547619047619046,0.4209523809523809,True,DiffWire CT,True,0.4209523809523809,0.0
Cornell,gcn,12368,DiffWire CT,0.0,0.4740994152046783,0.3085714285714286,False,DiffWire CT,False,0.236078431372549,7.249299719887961
Cornell,gcn,12369,DiffWire CT,0.0,0.4541176470588236,0.4516394716394716,False,DiffWire CT,False,0.3992969396195203,5.2342532019951316
Cornell,gcn,12370,DiffWire CT,0.0,0.4123076923076922,0.2512820512820513,False,DiffWire CT,False,0.2269674185463658,2.4314632735685486
Cornell,gcn,12371,DiffWire CT,0.0,0.471031746031746,0.3802733214497921,False,DiffWire CT,False,0.4198879551820728,-3.961463373228069
Cornell,gcn,12372,DiffWire CT,0.0,0.3819607843137255,0.248034188034188,False,DiffWire CT,False,0.3619576719576719,-11.392348392348392
Cornell,gcn,12373,original,-1.0,0.3438509316770186,0.2704761904761905,True,DiffWire CT,True,0.2704761904761905,0.0
Cornell,gcn,12374,DiffWire CT,0.0,0.467012987012987,0.323030303030303,False,DiffWire CT,False,0.2342105263157894,8.881977671451361
Cornell,sage,12345,original,-1.0,0.6078431372549019,0.3255417956656347,True,DiffWire CT,True,0.3255417956656347,0.0
Cornell,sage,12346,original,-1.0,0.6365079365079366,0.6088888888888888,True,DiffWire CT,True,0.6088888888888888,0.0
Cornell,sage,12347,original,-1.0,0.6804545454545454,0.5593650793650794,True,DiffWire CT,True,0.5593650793650794,0.0
Cornell,sage,12348,original,-1.0,0.6157509157509157,0.5247058823529411,True,DiffWire CT,True,0.5247058823529411,0.0
Cornell,sage,12349,original,-1.0,0.5535714285714286,0.5268864468864469,True,DiffWire CT,True,0.5268864468864469,0.0
Cornell,sage,12350,original,-1.0,0.6348387096774194,0.4656565656565656,True,DiffWire CT,True,0.4656565656565656,0.0
Cornell,sage,12351,original,-1.0,0.6653041695146958,0.4860913280268119,True,DiffWire CT,True,0.4860913280268119,0.0
Cornell,sage,12352,original,-1.0,0.6603565062388592,0.4807017543859649,True,DiffWire CT,True,0.4807017543859649,0.0
Cornell,sage,12353,original,-1.0,0.6233333333333333,0.5318197454420364,True,DiffWire CT,True,0.5318197454420364,0.0
Cornell,sage,12354,original,-1.0,0.6598989898989899,0.4396581196581197,True,DiffWire CT,True,0.4396581196581197,0.0
Cornell,sage,12355,original,-1.0,0.6369815805109923,0.4552631578947368,True,DiffWire CT,True,0.4552631578947368,0.0
Cornell,sage,12356,original,-1.0,0.4039393939393939,0.6084848484848485,True,DiffWire CT,True,0.6084848484848485,0.0
Cornell,sage,12357,original,-1.0,0.514984984984985,0.4505050505050505,True,DiffWire CT,True,0.4505050505050505,0.0
Cornell,sage,12358,original,-1.0,0.5918300653594771,0.5165732959850607,True,DiffWire CT,True,0.5165732959850607,0.0
Cornell,sage,12359,original,-1.0,0.5642067736185383,0.6178947368421053,True,DiffWire CT,True,0.6178947368421053,0.0
Cornell,sage,12360,original,-1.0,0.418069168069168,0.4400668337510442,True,DiffWire CT,True,0.4400668337510442,0.0
Cornell,sage,12361,original,-1.0,0.5191072010426849,0.4931328320802005,True,DiffWire CT,True,0.4931328320802005,0.0
Cornell,sage,12362,original,-1.0,0.6304487024011642,0.5504621848739497,True,DiffWire CT,True,0.5504621848739497,0.0
Cornell,sage,12363,original,-1.0,0.6151604278074866,0.6940724676967562,True,DiffWire CT,True,0.6940724676967562,0.0
Cornell,sage,12364,original,-1.0,0.5675184482395108,0.5819047619047619,True,DiffWire CT,True,0.5819047619047619,0.0
Cornell,sage,12365,original,-1.0,0.536152162014231,0.4934502923976608,True,DiffWire CT,True,0.4934502923976608,0.0
Cornell,sage,12366,original,-1.0,0.6126040326040326,0.3031746031746031,True,DiffWire CT,True,0.3031746031746031,0.0
Cornell,sage,12367,original,-1.0,0.715701754385965,0.637511961722488,True,DiffWire CT,True,0.637511961722488,0.0
Cornell,sage,12368,original,-1.0,0.5750877192982455,0.5515722520373684,True,DiffWire CT,True,0.5515722520373684,0.0
Cornell,sage,12369,original,-1.0,0.6733350309820898,0.6608080808080807,True,DiffWire CT,True,0.6608080808080807,0.0
Cornell,sage,12370,original,-1.0,0.5192857142857142,0.4941558441558441,True,DiffWire CT,True,0.4941558441558441,0.0
Cornell,sage,12371,original,-1.0,0.6326623376623377,0.4305555555555556,True,DiffWire CT,True,0.4305555555555556,0.0
Cornell,sage,12372,original,-1.0,0.5771089271089271,0.556031746031746,True,DiffWire CT,True,0.556031746031746,0.0
Cornell,sage,12373,original,-1.0,0.4862745098039215,0.4990476190476191,True,DiffWire CT,True,0.4990476190476191,0.0
Cornell,sage,12374,original,-1.0,0.5766716943187531,0.5618618618618619,True,DiffWire CT,True,0.5618618618618619,0.0
Minesweeper,gat,12345,original,-1.0,0.7746596726566433,0.7542601483231637,True,DiffWire CT,True,0.7542601483231637,0.0
Minesweeper,gat,12346,original,-1.0,0.7392794524076036,0.7592243709144619,True,DiffWire CT,True,0.7592243709144619,0.0
Minesweeper,gat,12347,original,-1.0,0.7199918987947418,0.7385441569149247,True,DiffWire CT,True,0.7385441569149247,0.0
Minesweeper,gat,12348,original,-1.0,0.7722091362299099,0.7583906837886627,True,DiffWire CT,True,0.7583906837886627,0.0
Minesweeper,gat,12349,original,-1.0,0.736351671492498,0.7179982677036445,True,DiffWire CT,True,0.7179982677036445,0.0
Minesweeper,gat,12350,original,-1.0,0.7586168978133373,0.7450414423546428,True,DiffWire CT,True,0.7450414423546428,0.0
Minesweeper,gat,12351,original,-1.0,0.7360515447087489,0.7559898633807642,True,DiffWire CT,True,0.7559898633807642,0.0
Minesweeper,gat,12352,original,-1.0,0.7470799617734278,0.7383205519834234,True,DiffWire CT,True,0.7383205519834234,0.0
Minesweeper,gat,12353,original,-1.0,0.7673639544405568,0.7523990031112244,True,DiffWire CT,True,0.7523990031112244,0.0
Minesweeper,gat,12354,original,-1.0,0.7632677740301643,0.7683152290470086,True,DiffWire CT,True,0.7683152290470086,0.0
Minesweeper,gat,12355,original,-1.0,0.7448543555458109,0.7543155054492893,True,DiffWire CT,True,0.7543155054492893,0.0
Minesweeper,gat,12356,original,-1.0,0.7512577263248403,0.7509410550554492,True,DiffWire CT,True,0.7509410550554492,0.0
Minesweeper,gat,12357,original,-1.0,0.7125048482910199,0.7118750117210609,True,DiffWire CT,True,0.7118750117210609,0.0
Minesweeper,gat,12358,original,-1.0,0.7520074696545285,0.7357643017571673,True,DiffWire CT,True,0.7357643017571673,0.0
Minesweeper,gat,12359,original,-1.0,0.7477202408014112,0.7292123227285322,True,DiffWire CT,True,0.7292123227285322,0.0
Minesweeper,gat,12360,original,-1.0,0.7544044030201621,0.7327530687287591,True,DiffWire CT,True,0.7327530687287591,0.0
Minesweeper,gat,12361,original,-1.0,0.7679090002087382,0.749118628155073,True,DiffWire CT,True,0.749118628155073,0.0
Minesweeper,gat,12362,original,-1.0,0.7664426572656164,0.7632769614885859,True,DiffWire CT,True,0.7632769614885859,0.0
Minesweeper,gat,12363,original,-1.0,0.7613597824986383,0.7528551924975173,True,DiffWire CT,True,0.7528551924975173,0.0
Minesweeper,gat,12364,original,-1.0,0.7538556271049053,0.7459859305328147,True,DiffWire CT,True,0.7459859305328147,0.0
Minesweeper,gat,12365,original,-1.0,0.7267527268682012,0.7279097854173688,True,DiffWire CT,True,0.7279097854173688,0.0
Minesweeper,gat,12366,original,-1.0,0.7380363253487761,0.7572719346912895,True,DiffWire CT,True,0.7572719346912895,0.0
Minesweeper,gat,12367,original,-1.0,0.7528117661599307,0.7400886717316242,True,DiffWire CT,True,0.7400886717316242,0.0
Minesweeper,gat,12368,original,-1.0,0.7553625638003314,0.7526233431516937,True,DiffWire CT,True,0.7526233431516937,0.0
Minesweeper,gat,12369,original,-1.0,0.7460321581708473,0.7454346472674025,True,DiffWire CT,True,0.7454346472674025,0.0
Minesweeper,gat,12370,original,-1.0,0.7745062349762937,0.7549953314659197,True,DiffWire CT,True,0.7549953314659197,0.0
Minesweeper,gat,12371,original,-1.0,0.7665703103016039,0.7592699569295779,True,DiffWire CT,True,0.7592699569295779,0.0
Minesweeper,gat,12372,original,-1.0,0.7623297053223618,0.7481527453599393,True,DiffWire CT,True,0.7481527453599393,0.0
Minesweeper,gat,12373,original,-1.0,0.7625968345255423,0.7455444142133267,True,DiffWire CT,True,0.7455444142133267,0.0
Minesweeper,gat,12374,original,-1.0,0.7493420228098759,0.7791116693250321,True,DiffWire CT,True,0.7791116693250321,0.0
Minesweeper,gcn,12345,original,-1.0,0.6063478694722773,0.618608526280828,True,DiffWire CT,True,0.618608526280828,0.0
Minesweeper,gcn,12346,DiffWire CT,0.0,0.5951447245564893,0.6069468725718725,False,DiffWire CT,False,0.592149053664113,1.4797818907759552
Minesweeper,gcn,12347,original,-1.0,0.607308201058201,0.6172353652897352,True,DiffWire CT,True,0.6172353652897352,0.0
Minesweeper,gcn,12348,original,-1.0,0.6075124012659721,0.6155473234090234,True,DiffWire CT,True,0.6155473234090234,0.0
Minesweeper,gcn,12349,DiffWire CT,0.0,0.5834692054029109,0.5793592714869242,False,DiffWire CT,False,0.5734587024071425,0.5900569079781759
Minesweeper,gcn,12350,DiffWire CT,0.0,0.5617097503889956,0.5589809462641833,False,DiffWire CT,False,0.5505166876134618,0.8464258650721423
Minesweeper,gcn,12351,DiffWire CT,0.0,0.566932002639751,0.5770990687721494,False,DiffWire CT,False,0.5614264767490573,1.5672592023092125
Minesweeper,gcn,12352,DiffWire CT,0.0,0.6032410619581947,0.584300663615786,False,DiffWire CT,False,0.571668896900072,1.2631766715713977
Minesweeper,gcn,12353,original,-1.0,0.5840867992766727,0.6002588154787917,True,DiffWire CT,True,0.6002588154787917,0.0
Minesweeper,gcn,12354,DiffWire CT,0.0,0.5751845392983876,0.5632186537222539,False,DiffWire CT,False,0.5712934748345067,-0.8074821112252772
Minesweeper,gcn,12355,original,-1.0,0.6045458868600777,0.5965254014214267,True,DiffWire CT,True,0.5965254014214267,0.0
Minesweeper,gcn,12356,DiffWire CT,0.0,0.5805775944144715,0.5891896432762587,False,DiffWire CT,False,0.5707261232666441,1.8463520009614598
Minesweeper,gcn,12357,original,-1.0,0.5872261597938144,0.6104368301677718,True,DiffWire CT,True,0.6104368301677718,0.0
Minesweeper,gcn,12358,original,-1.0,0.6105288309653207,0.6043990822058707,True,DiffWire CT,True,0.6043990822058707,0.0
Minesweeper,gcn,12359,original,-1.0,0.5954201561678197,0.5539073325198702,True,DiffWire CT,True,0.5539073325198702,0.0
Minesweeper,gcn,12360,DiffWire CT,0.0,0.5738600757025042,0.5663900235016607,False,DiffWire CT,False,0.564882647948354,0.15073755533067112
Minesweeper,gcn,12361,DiffWire CT,0.0,0.5773006336386618,0.5687735384334518,False,DiffWire CT,False,0.581151832460733,-1.237829402728119
Minesweeper,gcn,12362,DiffWire CT,0.0,0.5673692869954552,0.5578233526183644,False,DiffWire CT,False,0.5489739156581223,0.8849436960242096
Minesweeper,gcn,12363,DiffWire CT,0.0,0.588346844852216,0.563706110789836,False,DiffWire CT,False,0.5877897285243475,-2.408361773451151
Minesweeper,gcn,12364,DiffWire CT,0.0,0.5903897885502198,0.5732720030961604,False,DiffWire CT,False,0.5948946381288615,-2.162263503270101
Minesweeper,gcn,12365,original,-1.0,0.561466876301364,0.5615338074034387,True,DiffWire CT,True,0.5615338074034387,0.0
Minesweeper,gcn,12366,DiffWire CT,0.0,0.5632186537222539,0.5679484381447106,False,DiffWire CT,False,0.5588145459975429,0.9133892147167755
Minesweeper,gcn,12367,DiffWire CT,0.0,0.6132961903108077,0.5960868527797661,False,DiffWire CT,False,0.5779548770905826,1.8131975689183566
Minesweeper,gcn,12368,DiffWire CT,0.0,0.6271754612501007,0.5976288172626595,False,DiffWire CT,False,0.6042039144459895,-0.6575097183330048
Minesweeper,gcn,12369,DiffWire CT,0.0,0.5739670306144294,0.5737737180455262,False,DiffWire CT,False,0.5540484643755816,1.9725253669944598
Minesweeper,gcn,12370,DiffWire CT,0.0,0.6274263474233914,0.6095858699579432,False,DiffWire CT,False,0.6037381492198743,0.5847720738068829
Minesweeper,gcn,12371,DiffWire CT,0.0,0.6008028416060855,0.5743355481727574,False,DiffWire CT,False,0.5640399536980365,1.0295594474720948
Minesweeper,gcn,12372,DiffWire CT,0.0,0.5941601785695214,0.6180233525956577,False,DiffWire CT,False,0.6014592241007335,1.6564128494924168
Minesweeper,gcn,12373,DiffWire CT,0.0,0.5799754077204368,0.5766101579520697,False,DiffWire CT,False,0.5673692869954552,0.9240870956614522
Minesweeper,gcn,12374,DiffWire CT,0.0,0.5990527802867135,0.6353947249197598,False,DiffWire CT,False,0.6223020105966572,1.309271432310255
Minesweeper,sage,12345,original,-1.0,0.8130593169318054,0.8105951165642596,True,DiffWire CT,True,0.8105951165642596,0.0
Minesweeper,sage,12346,original,-1.0,0.7944879505040454,0.8226993714998411,True,DiffWire CT,True,0.8226993714998411,0.0
Minesweeper,sage,12347,original,-1.0,0.8136879660573348,0.8217356493355812,True,DiffWire CT,True,0.8217356493355812,0.0
Minesweeper,sage,12348,original,-1.0,0.8219745346182128,0.8031671562401221,True,DiffWire CT,True,0.8031671562401221,0.0
Minesweeper,sage,12349,original,-1.0,0.8175997603183234,0.79515048667701,True,DiffWire CT,True,0.79515048667701,0.0
Minesweeper,sage,12350,original,-1.0,0.818218740173986,0.7957085725585948,True,DiffWire CT,True,0.7957085725585948,0.0
Minesweeper,sage,12351,original,-1.0,0.806136628700464,0.795347243374962,True,DiffWire CT,True,0.795347243374962,0.0
Minesweeper,sage,12352,original,-1.0,0.813186844024244,0.8086892355395771,True,DiffWire CT,True,0.8086892355395771,0.0
Minesweeper,sage,12353,original,-1.0,0.8170612393290547,0.8101301680194892,True,DiffWire CT,True,0.8101301680194892,0.0
Minesweeper,sage,12354,original,-1.0,0.8054597715125016,0.8084594858788408,True,DiffWire CT,True,0.8084594858788408,0.0
Minesweeper,sage,12355,original,-1.0,0.8136862181734386,0.8048959683262074,True,DiffWire CT,True,0.8048959683262074,0.0
Minesweeper,sage,12356,original,-1.0,0.8069588574170543,0.8109649055160677,True,DiffWire CT,True,0.8109649055160677,0.0
Minesweeper,sage,12357,original,-1.0,0.8151867829368766,0.806008035775016,True,DiffWire CT,True,0.806008035775016,0.0
Minesweeper,sage,12358,original,-1.0,0.7995066913651176,0.8097388145608964,True,DiffWire CT,True,0.8097388145608964,0.0
Minesweeper,sage,12359,original,-1.0,0.8116426627812128,0.8163728632478633,True,DiffWire CT,True,0.8163728632478633,0.0
Minesweeper,sage,12360,original,-1.0,0.8180636777128005,0.7977386190974209,True,DiffWire CT,True,0.7977386190974209,0.0
Minesweeper,sage,12361,original,-1.0,0.8202258733491278,0.7937293729372937,True,DiffWire CT,True,0.7937293729372937,0.0
Minesweeper,sage,12362,original,-1.0,0.8225793062362561,0.8135533883470868,True,DiffWire CT,True,0.8135533883470868,0.0
Minesweeper,sage,12363,original,-1.0,0.8260509073131034,0.8075549315203467,True,DiffWire CT,True,0.8075549315203467,0.0
Minesweeper,sage,12364,original,-1.0,0.8320987773336563,0.8026474598607767,True,DiffWire CT,True,0.8026474598607767,0.0
Minesweeper,sage,12365,original,-1.0,0.8192671198806168,0.8128022989901442,True,DiffWire CT,True,0.8128022989901442,0.0
Minesweeper,sage,12366,original,-1.0,0.818066612714007,0.8308543927592914,True,DiffWire CT,True,0.8308543927592914,0.0
Minesweeper,sage,12367,original,-1.0,0.7991150133790241,0.777864163936247,True,DiffWire CT,True,0.777864163936247,0.0
Minesweeper,sage,12368,original,-1.0,0.8049694611223219,0.8032254028716945,True,DiffWire CT,True,0.8032254028716945,0.0
Minesweeper,sage,12369,original,-1.0,0.8081881589288412,0.8223786184072723,True,DiffWire CT,True,0.8223786184072723,0.0
Minesweeper,sage,12370,original,-1.0,0.8207685637749047,0.7880390519489892,True,DiffWire CT,True,0.7880390519489892,0.0
Minesweeper,sage,12371,original,-1.0,0.8135656143661474,0.8226588193194215,True,DiffWire CT,True,0.8226588193194215,0.0
Minesweeper,sage,12372,original,-1.0,0.8123402565820492,0.8289924329151566,True,DiffWire CT,True,0.8289924329151566,0.0
Minesweeper,sage,12373,original,-1.0,0.8193795812327962,0.7889539791767926,True,DiffWire CT,True,0.7889539791767926,0.0
Minesweeper,sage,12374,original,-1.0,0.808656265095766,0.8173303920430357,True,DiffWire CT,True,0.8173303920430357,0.0
Pubmed,gat,12345,original,-1.0,0.8799475285526843,0.8696124631374186,True,DiffWire CT,True,0.8696124631374186,0.0
Pubmed,gat,12346,original,-1.0,0.8697608264340712,0.8696019536844414,True,DiffWire CT,True,0.8696019536844414,0.0
Pubmed,gat,12347,original,-1.0,0.8712160951052837,0.8585474241356783,True,DiffWire CT,True,0.8585474241356783,0.0
Pubmed,gat,12348,original,-1.0,0.8734983191585295,0.8670288693452974,True,DiffWire CT,True,0.8670288693452974,0.0
Pubmed,gat,12349,original,-1.0,0.8698599397810821,0.8563550074881685,True,DiffWire CT,True,0.8563550074881685,0.0
Pubmed,gat,12350,original,-1.0,0.8665911770445239,0.8567976921784727,True,DiffWire CT,True,0.8567976921784727,0.0
Pubmed,gat,12351,original,-1.0,0.8685335550751908,0.8675838600958228,True,DiffWire CT,True,0.8675838600958228,0.0
Pubmed,gat,12352,original,-1.0,0.8694035742366039,0.8684221119179338,True,DiffWire CT,True,0.8684221119179338,0.0
Pubmed,gat,12353,original,-1.0,0.8673461706792005,0.8679989608598251,True,DiffWire CT,True,0.8679989608598251,0.0
Pubmed,gat,12354,original,-1.0,0.87621871260456,0.8526942717901669,True,DiffWire CT,True,0.8526942717901669,0.0
Pubmed,gat,12355,original,-1.0,0.8648331551899838,0.8654299679444585,True,DiffWire CT,True,0.8654299679444585,0.0
Pubmed,gat,12356,original,-1.0,0.8649424786080395,0.8623062216520774,True,DiffWire CT,True,0.8623062216520774,0.0
Pubmed,gat,12357,original,-1.0,0.8660644085127512,0.8682981705416601,True,DiffWire CT,True,0.8682981705416601,0.0
Pubmed,gat,12358,original,-1.0,0.8630460268262589,0.8641488249783956,True,DiffWire CT,True,0.8641488249783956,0.0
Pubmed,gat,12359,original,-1.0,0.8811430348110791,0.8559767966477411,True,DiffWire CT,True,0.8559767966477411,0.0
Pubmed,gat,12360,original,-1.0,0.8774994607574053,0.8568530046647496,True,DiffWire CT,True,0.8568530046647496,0.0
Pubmed,gat,12361,original,-1.0,0.8744935021092465,0.8735080114817277,True,DiffWire CT,True,0.8735080114817277,0.0
Pubmed,gat,12362,original,-1.0,0.8715617679309858,0.8691815076153465,True,DiffWire CT,True,0.8691815076153465,0.0
Pubmed,gat,12363,original,-1.0,0.8739024211083262,0.8587759214283673,True,DiffWire CT,True,0.8587759214283673,0.0
Pubmed,gat,12364,original,-1.0,0.8708000742381482,0.8592737136206975,True,DiffWire CT,True,0.8592737136206975,0.0
Pubmed,gat,12365,original,-1.0,0.8602281741699671,0.8518651614392251,True,DiffWire CT,True,0.8518651614392251,0.0
Pubmed,gat,12366,original,-1.0,0.8689932814146409,0.8662163840934382,True,DiffWire CT,True,0.8662163840934382,0.0
Pubmed,gat,12367,original,-1.0,0.8739098866943794,0.8597342718757873,True,DiffWire CT,True,0.8597342718757873,0.0
Pubmed,gat,12368,original,-1.0,0.866133427929281,0.8681914145505066,True,DiffWire CT,True,0.8681914145505066,0.0
Pubmed,gat,12369,original,-1.0,0.8688348327082468,0.8733125817770131,True,DiffWire CT,True,0.8733125817770131,0.0
Pubmed,gat,12370,original,-1.0,0.8691094625820961,0.8648335780959572,True,DiffWire CT,True,0.8648335780959572,0.0
Pubmed,gat,12371,original,-1.0,0.8614425705945209,0.8723753596570548,True,DiffWire CT,True,0.8723753596570548,0.0
Pubmed,gat,12372,original,-1.0,0.8675821838637443,0.8698665845284941,True,DiffWire CT,True,0.8698665845284941,0.0
Pubmed,gat,12373,original,-1.0,0.8732388092737967,0.8569376008680999,True,DiffWire CT,True,0.8569376008680999,0.0
Pubmed,gat,12374,original,-1.0,0.8664842844585886,0.8696783591609668,True,DiffWire CT,True,0.8696783591609668,0.0
Pubmed,gcn,12345,original,-1.0,0.8771037766184847,0.8653636225672378,True,DiffWire CT,True,0.8653636225672378,0.0
Pubmed,gcn,12346,original,-1.0,0.868208729233321,0.8654084650793771,True,DiffWire CT,True,0.8654084650793771,0.0
Pubmed,gcn,12347,original,-1.0,0.8695328116079231,0.8619962781569983,True,DiffWire CT,True,0.8619962781569983,0.0
Pubmed,gcn,12348,original,-1.0,0.8788117350082428,0.8678237924683231,True,DiffWire CT,True,0.8678237924683231,0.0
Pubmed,gcn,12349,original,-1.0,0.8754064439533046,0.8616574941302512,True,DiffWire CT,True,0.8616574941302512,0.0
Pubmed,gcn,12350,original,-1.0,0.8723837755212142,0.8575337421962744,True,DiffWire CT,True,0.8575337421962744,0.0
Pubmed,gcn,12351,original,-1.0,0.8642667362131559,0.8608016797318868,True,DiffWire CT,True,0.8608016797318868,0.0
Pubmed,gcn,12352,original,-1.0,0.8758757262825583,0.866870657115617,True,DiffWire CT,True,0.866870657115617,0.0
Pubmed,gcn,12353,original,-1.0,0.8670793714307572,0.8739605500543721,True,DiffWire CT,True,0.8739605500543721,0.0
Pubmed,gcn,12354,original,-1.0,0.8804249544855153,0.8544759620982231,True,DiffWire CT,True,0.8544759620982231,0.0
Pubmed,gcn,12355,original,-1.0,0.8651735339005541,0.8663961103111149,True,DiffWire CT,True,0.8663961103111149,0.0
Pubmed,gcn,12356,original,-1.0,0.867939721403967,0.8706651727509699,True,DiffWire CT,True,0.8706651727509699,0.0
Pubmed,gcn,12357,original,-1.0,0.8724317985165085,0.8673418294618257,True,DiffWire CT,True,0.8673418294618257,0.0
Pubmed,gcn,12358,original,-1.0,0.8621299489387942,0.8622340565564555,True,DiffWire CT,True,0.8622340565564555,0.0
Pubmed,gcn,12359,original,-1.0,0.880799545648497,0.8591979383457106,True,DiffWire CT,True,0.8591979383457106,0.0
Pubmed,gcn,12360,original,-1.0,0.875307771804032,0.8585948724015285,True,DiffWire CT,True,0.8585948724015285,0.0
Pubmed,gcn,12361,original,-1.0,0.8755245160726256,0.8678472184443121,True,DiffWire CT,True,0.8678472184443121,0.0
Pubmed,gcn,12362,original,-1.0,0.8725335811952225,0.8700816932770913,True,DiffWire CT,True,0.8700816932770913,0.0
Pubmed,gcn,12363,original,-1.0,0.8771799674210646,0.8616264106648592,True,DiffWire CT,True,0.8616264106648592,0.0
Pubmed,gcn,12364,original,-1.0,0.8757997397656324,0.8640974611803777,True,DiffWire CT,True,0.8640974611803777,0.0
Pubmed,gcn,12365,original,-1.0,0.8634235613383633,0.8558306682825293,True,DiffWire CT,True,0.8558306682825293,0.0
Pubmed,gcn,12366,original,-1.0,0.873156072123952,0.8677959930532867,True,DiffWire CT,True,0.8677959930532867,0.0
Pubmed,gcn,12367,original,-1.0,0.8688397214623028,0.8683147589886171,True,DiffWire CT,True,0.8683147589886171,0.0
Pubmed,gcn,12368,original,-1.0,0.8732624431233177,0.8642550906042579,True,DiffWire CT,True,0.8642550906042579,0.0
Pubmed,gcn,12369,original,-1.0,0.8691571602157312,0.8732031586702406,True,DiffWire CT,True,0.8732031586702406,0.0
Pubmed,gcn,12370,original,-1.0,0.8694821967658345,0.8675041180717328,True,DiffWire CT,True,0.8675041180717328,0.0
Pubmed,gcn,12371,original,-1.0,0.8678438320065779,0.875776668190786,True,DiffWire CT,True,0.875776668190786,0.0
Pubmed,gcn,12372,original,-1.0,0.8632714816231563,0.8737555551036845,True,DiffWire CT,True,0.8737555551036845,0.0
Pubmed,gcn,12373,original,-1.0,0.8740761584105528,0.8626467888314299,True,DiffWire CT,True,0.8626467888314299,0.0
Pubmed,gcn,12374,original,-1.0,0.8662694553580305,0.8646971852736559,True,DiffWire CT,True,0.8646971852736559,0.0
Pubmed,sage,12345,original,-1.0,0.896361680186264,0.8882825145327282,True,DiffWire CT,True,0.8882825145327282,0.0
Pubmed,sage,12346,original,-1.0,0.8950391722987887,0.8975930209456205,True,DiffWire CT,True,0.8975930209456205,0.0
Pubmed,sage,12347,original,-1.0,0.8992311185079419,0.8877965274693946,True,DiffWire CT,True,0.8877965274693946,0.0
Pubmed,sage,12348,original,-1.0,0.8985931768307075,0.8883493191050441,True,DiffWire CT,True,0.8883493191050441,0.0
Pubmed,sage,12349,original,-1.0,0.8935634353622453,0.886058887680159,True,DiffWire CT,True,0.886058887680159,0.0
Pubmed,sage,12350,original,-1.0,0.8916549826383461,0.8781642427326082,True,DiffWire CT,True,0.8781642427326082,0.0
Pubmed,sage,12351,original,-1.0,0.8907092545429259,0.8879951704753419,True,DiffWire CT,True,0.8879951704753419,0.0
Pubmed,sage,12352,original,-1.0,0.8992662691600621,0.893095752772497,True,DiffWire CT,True,0.893095752772497,0.0
Pubmed,sage,12353,original,-1.0,0.8906575297078413,0.8899994700405492,True,DiffWire CT,True,0.8899994700405492,0.0
Pubmed,sage,12354,original,-1.0,0.9007775654768576,0.8764819734705025,True,DiffWire CT,True,0.8764819734705025,0.0
Pubmed,sage,12355,original,-1.0,0.8842203525544207,0.8875837703268727,True,DiffWire CT,True,0.8875837703268727,0.0
Pubmed,sage,12356,original,-1.0,0.8841664577654941,0.8946364238180856,True,DiffWire CT,True,0.8946364238180856,0.0
Pubmed,sage,12357,original,-1.0,0.8906695879795833,0.8904548513930249,True,DiffWire CT,True,0.8904548513930249,0.0
Pubmed,sage,12358,original,-1.0,0.8977051808715887,0.8865506542913915,True,DiffWire CT,True,0.8865506542913915,0.0
Pubmed,sage,12359,original,-1.0,0.9050796878701456,0.882489621150275,True,DiffWire CT,True,0.882489621150275,0.0
Pubmed,sage,12360,original,-1.0,0.8948080472138598,0.8856974423235026,True,DiffWire CT,True,0.8856974423235026,0.0
Pubmed,sage,12361,original,-1.0,0.8987453136244786,0.8959279174181253,True,DiffWire CT,True,0.8959279174181253,0.0
Pubmed,sage,12362,original,-1.0,0.8957528538317302,0.8946377758705428,True,DiffWire CT,True,0.8946377758705428,0.0
Pubmed,sage,12363,original,-1.0,0.9014561741768512,0.8936048931827795,True,DiffWire CT,True,0.8936048931827795,0.0
Pubmed,sage,12364,original,-1.0,0.8972662071006713,0.8862638993506368,True,DiffWire CT,True,0.8862638993506368,0.0
Pubmed,sage,12365,original,-1.0,0.8905868713025358,0.8845477018370876,True,DiffWire CT,True,0.8845477018370876,0.0
Pubmed,sage,12366,original,-1.0,0.8917132472360062,0.8990466004354986,True,DiffWire CT,True,0.8990466004354986,0.0
Pubmed,sage,12367,original,-1.0,0.900748477054702,0.8888266355272144,True,DiffWire CT,True,0.8888266355272144,0.0
Pubmed,sage,12368,original,-1.0,0.8976099383176516,0.8889963841219274,True,DiffWire CT,True,0.8889963841219274,0.0
Pubmed,sage,12369,original,-1.0,0.8965497056010658,0.8963945896848552,True,DiffWire CT,True,0.8963945896848552,0.0
Pubmed,sage,12370,original,-1.0,0.8914883760060377,0.8951397686609397,True,DiffWire CT,True,0.8951397686609397,0.0
Pubmed,sage,12371,original,-1.0,0.8953136624672119,0.8958264461298496,True,DiffWire CT,True,0.8958264461298496,0.0
Pubmed,sage,12372,original,-1.0,0.886564284809526,0.8911084452589856,True,DiffWire CT,True,0.8911084452589856,0.0
Pubmed,sage,12373,original,-1.0,0.8952442212068693,0.8877662067961731,True,DiffWire CT,True,0.8877662067961731,0.0
Pubmed,sage,12374,original,-1.0,0.8942825338370018,0.8887950371207136,True,DiffWire CT,True,0.8887950371207136,0.0
Roman-Empire,gat,12345,original,-1.0,0.3853868039694147,0.3834159013045715,True,DiffWire CT,True,0.3834159013045715,0.0
Roman-Empire,gat,12346,original,-1.0,0.3963722167118126,0.3853546419213217,True,DiffWire CT,True,0.3853546419213217,0.0
Roman-Empire,gat,12347,original,-1.0,0.3963847402648063,0.3774689355208303,True,DiffWire CT,True,0.3774689355208303,0.0
Roman-Empire,gat,12348,original,-1.0,0.3839053100603221,0.3905150494555038,True,DiffWire CT,True,0.3905150494555038,0.0
Roman-Empire,gat,12349,original,-1.0,0.3959376874339002,0.3853961357230507,True,DiffWire CT,True,0.3853961357230507,0.0
Roman-Empire,gat,12350,original,-1.0,0.3835919614428579,0.3870732726667591,True,DiffWire CT,True,0.3870732726667591,0.0
Roman-Empire,gat,12351,original,-1.0,0.3901639942648914,0.3972726174111176,True,DiffWire CT,True,0.3972726174111176,0.0
Roman-Empire,gat,12352,original,-1.0,0.3888451039501761,0.3901272292123672,True,DiffWire CT,True,0.3901272292123672,0.0
Roman-Empire,gat,12353,original,-1.0,0.4023299597003269,0.3835655323854948,True,DiffWire CT,True,0.3835655323854948,0.0
Roman-Empire,gat,12354,original,-1.0,0.3843252452430815,0.382189259029522,True,DiffWire CT,True,0.382189259029522,0.0
Roman-Empire,gat,12355,original,-1.0,0.3907818016825122,0.3875941459755181,True,DiffWire CT,True,0.3875941459755181,0.0
Roman-Empire,gat,12356,original,-1.0,0.40516222327861,0.3789006151334265,True,DiffWire CT,True,0.3789006151334265,0.0
Roman-Empire,gat,12357,original,-1.0,0.3831216110701125,0.3845348986716166,True,DiffWire CT,True,0.3845348986716166,0.0
Roman-Empire,gat,12358,original,-1.0,0.3852141199047931,0.3797408935007794,True,DiffWire CT,True,0.3797408935007794,0.0
Roman-Empire,gat,12359,original,-1.0,0.392137790302808,0.3968070274728974,True,DiffWire CT,True,0.3968070274728974,0.0
Roman-Empire,gat,12360,original,-1.0,0.3961279373630265,0.394963303128126,True,DiffWire CT,True,0.394963303128126,0.0
Roman-Empire,gat,12361,original,-1.0,0.3870633548028602,0.3892087392221579,True,DiffWire CT,True,0.3892087392221579,0.0
Roman-Empire,gat,12362,original,-1.0,0.3785394513058525,0.3943310915326081,True,DiffWire CT,True,0.3943310915326081,0.0
Roman-Empire,gat,12363,original,-1.0,0.3966439121331669,0.3958951846085705,True,DiffWire CT,True,0.3958951846085705,0.0
Roman-Empire,gat,12364,original,-1.0,0.3691323614539793,0.3789531592559068,True,DiffWire CT,True,0.3789531592559068,0.0
Roman-Empire,gat,12365,original,-1.0,0.412259805644953,0.3857449746219379,True,DiffWire CT,True,0.3857449746219379,0.0
Roman-Empire,gat,12366,original,-1.0,0.4060262252966121,0.4020906405344073,True,DiffWire CT,True,0.4020906405344073,0.0
Roman-Empire,gat,12367,original,-1.0,0.3955565072435809,0.391616184181574,True,DiffWire CT,True,0.391616184181574,0.0
Roman-Empire,gat,12368,original,-1.0,0.4155728160051731,0.4070139362437729,True,DiffWire CT,True,0.4070139362437729,0.0
Roman-Empire,gat,12369,original,-1.0,0.3889207349903445,0.4170811854963826,True,DiffWire CT,True,0.4170811854963826,0.0
Roman-Empire,gat,12370,original,-1.0,0.4082618694284142,0.4044346513482883,True,DiffWire CT,True,0.4044346513482883,0.0
Roman-Empire,gat,12371,original,-1.0,0.3761065794857535,0.3964197339838731,True,DiffWire CT,True,0.3964197339838731,0.0
Roman-Empire,gat,12372,original,-1.0,0.4086120990563339,0.3811619234901411,True,DiffWire CT,True,0.3811619234901411,0.0
Roman-Empire,gat,12373,original,-1.0,0.3923819404283671,0.4035471916255081,True,DiffWire CT,True,0.4035471916255081,0.0
Roman-Empire,gat,12374,original,-1.0,0.4019463155812001,0.385646461987416,True,DiffWire CT,True,0.385646461987416,0.0
Roman-Empire,gcn,12345,DiffWire CT,0.0,0.438155178604322,0.4180773351861344,False,DiffWire CT,False,0.3797915042198776,3.8285830966256764
Roman-Empire,gcn,12346,DiffWire CT,0.0,0.428633240753487,0.4321224590129559,False,DiffWire CT,False,0.3848648179200943,4.725764109286157
Roman-Empire,gcn,12347,DiffWire CT,0.0,0.4491007669864657,0.4276099260720938,False,DiffWire CT,False,0.3609314328080808,6.667849326401298
Roman-Empire,gcn,12348,DiffWire CT,0.0,0.4240736800510202,0.4411701840502834,False,DiffWire CT,False,0.357454313638684,8.37158704115994
Roman-Empire,gcn,12349,DiffWire CT,0.0,0.4354857624522003,0.4274144617000926,False,DiffWire CT,False,0.3658991508925144,6.151531080757822
Roman-Empire,gcn,12350,DiffWire CT,0.0,0.4257712886719781,0.4151902837074609,False,DiffWire CT,False,0.382223810041146,3.296647366631494
Roman-Empire,gcn,12351,DiffWire CT,0.0,0.4271851113688425,0.4322439294517133,False,DiffWire CT,False,0.3764803895696152,5.576353988209809
Roman-Empire,gcn,12352,DiffWire CT,0.0,0.4344011014947828,0.4207200712949293,False,DiffWire CT,False,0.3671829310855744,5.3537140209354845
Roman-Empire,gcn,12353,DiffWire CT,0.0,0.4207285779639371,0.4124804818546753,False,DiffWire CT,False,0.3617195978351814,5.0760884019493915
Roman-Empire,gcn,12354,DiffWire CT,0.0,0.4175329704275253,0.432200015741625,False,DiffWire CT,False,0.3744876816585087,5.771233408311627
Roman-Empire,gcn,12355,DiffWire CT,0.0,0.4344772018690747,0.424010830440499,False,DiffWire CT,False,0.3668600173595022,5.715081308099679
Roman-Empire,gcn,12356,DiffWire CT,0.0,0.431547667655376,0.4163243745503758,False,DiffWire CT,False,0.3780776020767331,3.824677247364272
Roman-Empire,gcn,12357,DiffWire CT,0.0,0.4231587631876305,0.4369095767006897,False,DiffWire CT,False,0.3500260170035806,8.688355969710909
Roman-Empire,gcn,12358,DiffWire CT,0.0,0.4248061969125932,0.4081048290370857,False,DiffWire CT,False,0.3679561478041291,4.014868123295662
Roman-Empire,gcn,12359,DiffWire CT,0.0,0.4309361676934952,0.4451485959444466,False,DiffWire CT,False,0.3932922527279218,5.185634321652483
Roman-Empire,gcn,12360,DiffWire CT,0.0,0.4265952795248293,0.4270640064682516,False,DiffWire CT,False,0.3718782356972048,5.5185770771046805
Roman-Empire,gcn,12361,DiffWire CT,0.0,0.432444897940214,0.4125137312608464,False,DiffWire CT,False,0.3504845372841351,6.20291939767113
Roman-Empire,gcn,12362,DiffWire CT,0.0,0.4369170599075805,0.4341652314587045,False,DiffWire CT,False,0.3755941663409624,5.857106511774212
Roman-Empire,gcn,12363,DiffWire CT,0.0,0.4400711496278916,0.422358472658759,False,DiffWire CT,False,0.3641479292906113,5.821054336814768
Roman-Empire,gcn,12364,DiffWire CT,0.0,0.4383534295188038,0.4346373990911735,False,DiffWire CT,False,0.3608789343946665,7.375846469650699
Roman-Empire,gcn,12365,DiffWire CT,0.0,0.4358175327370945,0.4169942519015822,False,DiffWire CT,False,0.3516676171524439,6.53266347491383
Roman-Empire,gcn,12366,DiffWire CT,0.0,0.433531450482242,0.4397061537079453,False,DiffWire CT,False,0.3746399052225362,6.506624848540909
Roman-Empire,gcn,12367,DiffWire CT,0.0,0.426980019575522,0.4155727328725321,False,DiffWire CT,False,0.3638100564472095,5.176267642532261
Roman-Empire,gcn,12368,DiffWire CT,0.0,0.4346159347998911,0.4232231545617122,False,DiffWire CT,False,0.3711875030249443,5.203565153676792
Roman-Empire,gcn,12369,DiffWire CT,0.0,0.4426392703789467,0.4226835817356133,False,DiffWire CT,False,0.3764242108443318,4.6259370891281515
Roman-Empire,gcn,12370,DiffWire CT,0.0,0.4314256286564327,0.4217917464174875,False,DiffWire CT,False,0.3775663663872755,4.422538003021204
Roman-Empire,gcn,12371,DiffWire CT,0.0,0.4362843161447773,0.4367342735253212,False,DiffWire CT,False,0.3669000015418039,6.983427198351727
Roman-Empire,gcn,12372,DiffWire CT,0.0,0.4350561111715581,0.4361509344463541,False,DiffWire CT,False,0.3687560786036412,6.739485584271293
Roman-Empire,gcn,12373,DiffWire CT,0.0,0.4351191275909147,0.4276431267147942,False,DiffWire CT,False,0.3692434286650656,5.839969804972861
Roman-Empire,gcn,12374,DiffWire CT,0.0,0.4441423477479553,0.4280640710937762,False,DiffWire CT,False,0.3740502622115924,5.401380888218382
Roman-Empire,sage,12345,original,-1.0,0.8013603565248975,0.7980430309729111,True,DiffWire CT,True,0.7980430309729111,0.0
Roman-Empire,sage,12346,original,-1.0,0.7888977330151271,0.8064580455993329,True,DiffWire CT,True,0.8064580455993329,0.0
Roman-Empire,sage,12347,original,-1.0,0.7870962054488447,0.7868581187866603,True,DiffWire CT,True,0.7868581187866603,0.0
Roman-Empire,sage,12348,original,-1.0,0.7942725610031063,0.7850087236772808,True,DiffWire CT,True,0.7850087236772808,0.0
Roman-Empire,sage,12349,original,-1.0,0.7923793713335414,0.7810943801684351,True,DiffWire CT,True,0.7810943801684351,0.0
Roman-Empire,sage,12350,original,-1.0,0.7813888968966206,0.7905994381396124,True,DiffWire CT,True,0.7905994381396124,0.0
Roman-Empire,sage,12351,original,-1.0,0.7957533219598475,0.794162508810267,True,DiffWire CT,True,0.794162508810267,0.0
Roman-Empire,sage,12352,original,-1.0,0.7949809613137355,0.7906027523488782,True,DiffWire CT,True,0.7906027523488782,0.0
Roman-Empire,sage,12353,original,-1.0,0.7916166942202242,0.7884971190021417,True,DiffWire CT,True,0.7884971190021417,0.0
Roman-Empire,sage,12354,original,-1.0,0.7824807010700481,0.795200393834356,True,DiffWire CT,True,0.795200393834356,0.0
Roman-Empire,sage,12355,original,-1.0,0.7963791682327648,0.778269456454779,True,DiffWire CT,True,0.778269456454779,0.0
Roman-Empire,sage,12356,original,-1.0,0.8038286906873507,0.7826913692239852,True,DiffWire CT,True,0.7826913692239852,0.0
Roman-Empire,sage,12357,original,-1.0,0.8000380069528878,0.7893385539934046,True,DiffWire CT,True,0.7893385539934046,0.0
Roman-Empire,sage,12358,original,-1.0,0.7909844012725263,0.8056782114603901,True,DiffWire CT,True,0.8056782114603901,0.0
Roman-Empire,sage,12359,original,-1.0,0.7931656462064808,0.7947189674888535,True,DiffWire CT,True,0.7947189674888535,0.0
Roman-Empire,sage,12360,original,-1.0,0.8088548670039469,0.7929188673366205,True,DiffWire CT,True,0.7929188673366205,0.0
Roman-Empire,sage,12361,original,-1.0,0.7936763677718427,0.7826622874566742,True,DiffWire CT,True,0.7826622874566742,0.0
Roman-Empire,sage,12362,original,-1.0,0.8002144497146655,0.7997401402819093,True,DiffWire CT,True,0.7997401402819093,0.0
Roman-Empire,sage,12363,original,-1.0,0.7973595252032258,0.7937955621726773,True,DiffWire CT,True,0.7937955621726773,0.0
Roman-Empire,sage,12364,original,-1.0,0.7981462158050713,0.805163428711182,True,DiffWire CT,True,0.805163428711182,0.0
Roman-Empire,sage,12365,original,-1.0,0.790181237904607,0.7784633834969219,True,DiffWire CT,True,0.7784633834969219,0.0
Roman-Empire,sage,12366,original,-1.0,0.8014310598694563,0.7997264379121805,True,DiffWire CT,True,0.7997264379121805,0.0
Roman-Empire,sage,12367,original,-1.0,0.7825887333600875,0.7941858832310348,True,DiffWire CT,True,0.7941858832310348,0.0
Roman-Empire,sage,12368,original,-1.0,0.7966745374359628,0.7809616426598587,True,DiffWire CT,True,0.7809616426598587,0.0
Roman-Empire,sage,12369,original,-1.0,0.7941654647164388,0.7991515180628476,True,DiffWire CT,True,0.7991515180628476,0.0
Roman-Empire,sage,12370,original,-1.0,0.7891288923464204,0.8020616236921645,True,DiffWire CT,True,0.8020616236921645,0.0
Roman-Empire,sage,12371,original,-1.0,0.7993820623535155,0.8017358867242786,True,DiffWire CT,True,0.8017358867242786,0.0
Roman-Empire,sage,12372,original,-1.0,0.8030845974443345,0.7797397172056049,True,DiffWire CT,True,0.7797397172056049,0.0
Roman-Empire,sage,12373,original,-1.0,0.7963087686035601,0.7908552287534856,True,DiffWire CT,True,0.7908552287534856,0.0
Roman-Empire,sage,12374,original,-1.0,0.7949927467777779,0.7924932890257512,True,DiffWire CT,True,0.7924932890257512,0.0
Texas,gat,12345,original,-1.0,0.5747058823529412,0.3993788819875776,True,DiffWire CT,True,0.3993788819875776,0.0
Texas,gat,12346,original,-1.0,0.5883699633699634,0.4821428571428571,True,DiffWire CT,True,0.4821428571428571,0.0
Texas,gat,12347,original,-1.0,0.4810968784976993,0.393796992481203,True,DiffWire CT,True,0.393796992481203,0.0
Texas,gat,12348,original,-1.0,0.5509068167604754,0.2875816993464052,True,DiffWire CT,True,0.2875816993464052,0.0
Texas,gat,12349,original,-1.0,0.5224747474747474,0.3054323725055432,True,DiffWire CT,True,0.3054323725055432,0.0
Texas,gat,12350,original,-1.0,0.4692671394799054,0.3126984126984127,True,DiffWire CT,True,0.3126984126984127,0.0
Texas,gat,12351,original,-1.0,0.4696969696969696,0.2539893617021276,True,DiffWire CT,True,0.2539893617021276,0.0
Texas,gat,12352,original,-1.0,0.4314307146753955,0.3925282234105763,True,DiffWire CT,True,0.3925282234105763,0.0
Texas,gat,12353,original,-1.0,0.3244444444444444,0.2473544973544973,True,DiffWire CT,True,0.2473544973544973,0.0
Texas,gat,12354,original,-1.0,0.5630590339892666,0.4465148378191856,True,DiffWire CT,True,0.4465148378191856,0.0
Texas,gat,12355,original,-1.0,0.4932126696832579,0.2956349206349206,True,DiffWire CT,True,0.2956349206349206,0.0
Texas,gat,12356,original,-1.0,0.5705128205128205,0.5274781113195748,True,DiffWire CT,True,0.5274781113195748,0.0
Texas,gat,12357,original,-1.0,0.4138888888888889,0.1966777408637873,True,DiffWire CT,True,0.1966777408637873,0.0
Texas,gat,12358,original,-1.0,0.5028998778998779,0.5208333333333333,True,DiffWire CT,True,0.5208333333333333,0.0
Texas,gat,12359,original,-1.0,0.4898578811369509,0.451236568309739,True,DiffWire CT,True,0.451236568309739,0.0
Texas,gat,12360,original,-1.0,0.4505050505050505,0.2291666666666666,True,DiffWire CT,True,0.2291666666666666,0.0
Texas,gat,12361,original,-1.0,0.4991002214839424,0.4347826086956521,True,DiffWire CT,True,0.4347826086956521,0.0
Texas,gat,12362,original,-1.0,0.3725490196078431,0.3558333333333333,True,DiffWire CT,True,0.3558333333333333,0.0
Texas,gat,12363,original,-1.0,0.5324248120300752,0.4638242894056847,True,DiffWire CT,True,0.4638242894056847,0.0
Texas,gat,12364,original,-1.0,0.701098901098901,0.5568362480127186,True,DiffWire CT,True,0.5568362480127186,0.0
Texas,gat,12365,original,-1.0,0.4772997835497835,0.2666666666666666,True,DiffWire CT,True,0.2666666666666666,0.0
Texas,gat,12366,original,-1.0,0.448051948051948,0.3523285225412885,True,DiffWire CT,True,0.3523285225412885,0.0
Texas,gat,12367,original,-1.0,0.4738562091503268,0.1851851851851851,True,DiffWire CT,True,0.1851851851851851,0.0
Texas,gat,12368,original,-1.0,0.4772233772233772,0.4732220795892169,True,DiffWire CT,True,0.4732220795892169,0.0
Texas,gat,12369,original,-1.0,0.4584160937102114,0.3955693696547355,True,DiffWire CT,True,0.3955693696547355,0.0
Texas,gat,12370,original,-1.0,0.5175438596491229,0.456429211469534,True,DiffWire CT,True,0.456429211469534,0.0
Texas,gat,12371,original,-1.0,0.48,0.3635204081632653,True,DiffWire CT,True,0.3635204081632653,0.0
Texas,gat,12372,original,-1.0,0.4025839793281654,0.3829545454545455,True,DiffWire CT,True,0.3829545454545455,0.0
Texas,gat,12373,original,-1.0,0.6086309523809523,0.3540494058786742,True,DiffWire CT,True,0.3540494058786742,0.0
Texas,gat,12374,original,-1.0,0.525,0.2786324786324786,True,DiffWire CT,True,0.2786324786324786,0.0
Texas,gcn,12345,original,-1.0,0.5197069597069597,0.40625,True,DiffWire CT,True,0.40625,0.0
Texas,gcn,12346,DiffWire CT,0.0,0.4953216374269005,0.3275132275132275,False,DiffWire CT,False,0.2534237726098191,7.40894549034084
Texas,gcn,12347,original,-1.0,0.4295454545454545,0.3360323886639675,True,DiffWire CT,True,0.3360323886639675,0.0
Texas,gcn,12348,original,-1.0,0.7440735986307231,0.3447802197802198,True,DiffWire CT,True,0.3447802197802198,0.0
Texas,gcn,12349,DiffWire CT,0.0,0.5603632478632479,0.4940159574468085,False,DiffWire CT,False,0.4286750483558994,6.5340909090909065
Texas,gcn,12350,original,-1.0,0.5,0.2383333333333333,True,DiffWire CT,True,0.2383333333333333,0.0
Texas,gcn,12351,original,-1.0,0.5246999612853271,0.4349958552086211,True,DiffWire CT,True,0.4349958552086211,0.0
Texas,gcn,12352,original,-1.0,0.4916666666666667,0.4154143728611814,True,DiffWire CT,True,0.4154143728611814,0.0
Texas,gcn,12353,original,-1.0,0.3590062111801242,0.3375816993464052,True,DiffWire CT,True,0.3375816993464052,0.0
Texas,gcn,12354,original,-1.0,0.5612244897959184,0.4195417789757412,True,DiffWire CT,True,0.4195417789757412,0.0
Texas,gcn,12355,original,-1.0,0.4607107383291027,0.3073684210526315,True,DiffWire CT,True,0.3073684210526315,0.0
Texas,gcn,12356,original,-1.0,0.4829277864992151,0.5027131782945736,True,DiffWire CT,True,0.5027131782945736,0.0
Texas,gcn,12357,DiffWire CT,0.0,0.4283088235294118,0.244,False,DiffWire CT,False,0.3023809523809523,-5.838095238095232
Texas,gcn,12358,original,-1.0,0.507051282051282,0.4044289044289044,True,DiffWire CT,True,0.4044289044289044,0.0
Texas,gcn,12359,DiffWire CT,0.0,0.5752976190476191,0.2708935508935509,False,DiffWire CT,False,0.2184615384615384,5.2432012432012485
Texas,gcn,12360,original,-1.0,0.4603174603174603,0.3114630467571644,True,DiffWire CT,True,0.3114630467571644,0.0
Texas,gcn,12361,original,-1.0,0.3767482517482518,0.4038461538461538,True,DiffWire CT,True,0.4038461538461538,0.0
Texas,gcn,12362,original,-1.0,0.4035326086956521,0.3881027253668763,True,DiffWire CT,True,0.3881027253668763,0.0
Texas,gcn,12363,original,-1.0,0.5169455169455169,0.3868055555555555,True,DiffWire CT,True,0.3868055555555555,0.0
Texas,gcn,12364,original,-1.0,0.4369875222816399,0.334697217675941,True,DiffWire CT,True,0.334697217675941,0.0
Texas,gcn,12365,original,-1.0,0.756005622284692,0.384313725490196,True,DiffWire CT,True,0.384313725490196,0.0
Texas,gcn,12366,DiffWire CT,0.0,0.4840510366826156,0.4581232492997198,False,DiffWire CT,False,0.3400974025974026,11.80258467023172
Texas,gcn,12367,DiffWire CT,0.0,0.6687943262411348,0.281010101010101,False,DiffWire CT,False,0.2855064557192217,-0.4496354709120687
Texas,gcn,12368,DiffWire CT,0.0,0.4605065666041276,0.3602173913043478,False,DiffWire CT,False,0.2884162895927601,7.180110171158772
Texas,gcn,12369,original,-1.0,0.5226404800872886,0.4311965811965812,True,DiffWire CT,True,0.4311965811965812,0.0
Texas,gcn,12370,original,-1.0,0.5146276595744681,0.4683579985905567,True,DiffWire CT,True,0.4683579985905567,0.0
Texas,gcn,12371,DiffWire CT,0.0,0.3774358974358974,0.4412641621943947,False,DiffWire CT,False,0.4977314352314352,-5.646727303704052
Texas,gcn,12372,DiffWire CT,0.0,0.3861224489795918,0.4032792604221176,False,DiffWire CT,False,0.336734693877551,6.654456654456658
Texas,gcn,12373,DiffWire CT,0.0,0.7642857142857143,0.4002501563477173,False,DiffWire CT,False,0.4649244833068363,-6.467432695911896
Texas,gcn,12374,original,-1.0,0.5456590193432299,0.2862929681928398,True,DiffWire CT,True,0.2862929681928398,0.0
Texas,sage,12345,original,-1.0,0.5440354767184036,0.7228867623604465,True,DiffWire CT,True,0.7228867623604465,0.0
Texas,sage,12346,original,-1.0,0.782080200501253,0.7125087678279167,True,DiffWire CT,True,0.7125087678279167,0.0
Texas,sage,12347,original,-1.0,0.5966587466587466,0.5226010101010101,True,DiffWire CT,True,0.5226010101010101,0.0
Texas,sage,12348,original,-1.0,0.7227058029689609,0.4373333333333333,True,DiffWire CT,True,0.4373333333333333,0.0
Texas,sage,12349,original,-1.0,0.8254489413025998,0.6916666666666667,True,DiffWire CT,True,0.6916666666666667,0.0
Texas,sage,12350,original,-1.0,0.5623693379790942,0.5192673992673993,True,DiffWire CT,True,0.5192673992673993,0.0
Texas,sage,12351,original,-1.0,0.532915845764143,0.6020512820512821,True,DiffWire CT,True,0.6020512820512821,0.0
Texas,sage,12352,original,-1.0,0.8292635658914729,0.7226107226107226,True,DiffWire CT,True,0.7226107226107226,0.0
Texas,sage,12353,original,-1.0,0.66815649867374,0.402014652014652,True,DiffWire CT,True,0.402014652014652,0.0
Texas,sage,12354,original,-1.0,0.7536630036630036,0.6539971656250726,True,DiffWire CT,True,0.6539971656250726,0.0
Texas,sage,12355,original,-1.0,0.6964285714285715,0.5483333333333333,True,DiffWire CT,True,0.5483333333333333,0.0
Texas,sage,12356,original,-1.0,0.6780448717948718,0.6591269841269841,True,DiffWire CT,True,0.6591269841269841,0.0
Texas,sage,12357,original,-1.0,0.8487250735534488,0.4123037323037323,True,DiffWire CT,True,0.4123037323037323,0.0
Texas,sage,12358,original,-1.0,0.6525326797385621,0.6155523255813954,True,DiffWire CT,True,0.6155523255813954,0.0
Texas,sage,12359,original,-1.0,0.6750968992248062,0.4271708683473389,True,DiffWire CT,True,0.4271708683473389,0.0
Texas,sage,12360,original,-1.0,0.5434498834498834,0.553030303030303,True,DiffWire CT,True,0.553030303030303,0.0
Texas,sage,12361,original,-1.0,0.7172688993341166,0.5128787878787878,True,DiffWire CT,True,0.5128787878787878,0.0
Texas,sage,12362,original,-1.0,0.7175438596491227,0.702226345083488,True,DiffWire CT,True,0.702226345083488,0.0
Texas,sage,12363,original,-1.0,0.5820707070707071,0.5356060606060606,True,DiffWire CT,True,0.5356060606060606,0.0
Texas,sage,12364,original,-1.0,0.6646929824561403,0.4604545454545455,True,DiffWire CT,True,0.4604545454545455,0.0
Texas,sage,12365,original,-1.0,0.7535014005602241,0.4261412673177379,True,DiffWire CT,True,0.4261412673177379,0.0
Texas,sage,12366,original,-1.0,0.5314285714285715,0.6333333333333333,True,DiffWire CT,True,0.6333333333333333,0.0
Texas,sage,12367,original,-1.0,0.5815018315018315,0.6264705882352941,True,DiffWire CT,True,0.6264705882352941,0.0
Texas,sage,12368,original,-1.0,0.7518315018315018,0.4165656565656565,True,DiffWire CT,True,0.4165656565656565,0.0
Texas,sage,12369,original,-1.0,0.7470238095238094,0.5307563025210082,True,DiffWire CT,True,0.5307563025210082,0.0
Texas,sage,12370,original,-1.0,0.6477855477855478,0.542957042957043,True,DiffWire CT,True,0.542957042957043,0.0
Texas,sage,12371,original,-1.0,0.5701619433198382,0.5685924369747899,True,DiffWire CT,True,0.5685924369747899,0.0
Texas,sage,12372,original,-1.0,0.6495238095238095,0.5964452214452215,True,DiffWire CT,True,0.5964452214452215,0.0
Texas,sage,12373,original,-1.0,0.7234042553191489,0.5311965811965813,True,DiffWire CT,True,0.5311965811965813,0.0
Texas,sage,12374,original,-1.0,0.6659673659673659,0.3356209150326797,True,DiffWire CT,True,0.3356209150326797,0.0
Actor,gat,12345,DGlf + VGAE 40%,0.4,0.3124446900648615,0.2747097862703857,False,Proposed,False,0.257325273615404,1.7384512654981699
Actor,gat,12346,DGlf + VGAE 55%,0.55,0.30939116768463,0.3000031882263602,False,Proposed,False,0.2542085651863474,4.5794623040012805
Actor,gat,12347,DGlf + VGAE 55%,0.55,0.2955165293527994,0.2748400009978394,False,Proposed,False,0.2567466170042485,1.8093383993590895
Actor,gat,12348,DGlf + VGAE 25%,0.25,0.3010888023779132,0.279747015360387,False,Proposed,False,0.2499447478424819,2.9802267517905072
Actor,gat,12349,DGlf + VGAE 55%,0.55,0.2918109381341895,0.2675113168504885,False,Proposed,False,0.2541913322542233,1.331998459626521
Actor,gat,12350,DGlf + VGAE 55%,0.55,0.3081500350756497,0.2785611344862462,False,Proposed,False,0.2510731031616103,2.74880313246359
Actor,gat,12351,DGlf + VGAE 55%,0.55,0.2835627994099073,0.2850265615542017,False,Proposed,False,0.2621968664015102,2.282969515269151
Actor,gat,12352,DGlf + VGAE 55%,0.55,0.3098087201241318,0.2856767603731342,False,Proposed,False,0.2775314544740505,0.8145305899083743
Actor,gat,12353,DGlf + VGAE 0%,0.0,0.2804675450694905,0.2839951049012389,False,Proposed,False,0.2681893568681425,1.5805748033096423
Actor,gat,12354,DGlf + VGAE 10%,0.1,0.2955315073378506,0.2971859639051775,False,Proposed,False,0.2654260661356424,3.175989776953508
Actor,gat,12355,DGlf + VGAE 55%,0.55,0.3194313788540664,0.2839048305113714,False,Proposed,False,0.2563973569244918,2.7507473586879607
Actor,gat,12356,DGlf + VGAE 55%,0.55,0.2971934868058647,0.2723636083215924,False,Proposed,False,0.2583182804757487,1.4045327845843725
Actor,gat,12357,DGlf + VGAE 55%,0.55,0.3123333773000302,0.2701219616950929,False,Proposed,False,0.2499904190913778,2.013154260371508
Actor,gat,12358,DGlf + VGAE 55%,0.55,0.3051340466394224,0.2801596218641429,False,Proposed,False,0.248496706691644,3.166291517249889
Actor,gat,12359,DGlf + VGAE 0%,0.0,0.2968513877100528,0.2653517569984048,False,Proposed,False,0.2636099727715072,0.17417842268975803
Actor,gat,12360,DGlf + VGAE 40%,0.4,0.2984408190123264,0.2523724621885267,False,Proposed,False,0.2521216796087981,0.02507825797286034
Actor,gat,12361,DGlf + VGAE 55%,0.55,0.3012463280674655,0.280327351625826,False,Proposed,False,0.2594739575340269,2.0853394091799093
Actor,gat,12362,DGlf + VGAE 55%,0.55,0.3112896090377668,0.2770021157978179,False,Proposed,False,0.2606227023771067,1.6379413420711197
Actor,gat,12363,DGlf + VGAE 55%,0.55,0.2943327773724306,0.2804698102214448,False,Proposed,False,0.2613057008642615,1.9164109357183268
Actor,gat,12364,DGlf + VGAE 55%,0.55,0.3018191008672173,0.2796289160230111,False,Proposed,False,0.244314314636231,3.531460138678011
Actor,gat,12365,DGlf + VGAE 0%,0.0,0.3046572556427235,0.2790921311334205,False,Proposed,False,0.2479302114097404,3.1161919723680125
Actor,gat,12366,DGlf + VGAE 55%,0.55,0.3014580379266304,0.2614658876923078,False,Proposed,False,0.251474289223856,0.9991598468451768
Actor,gat,12367,DGlf + VGAE 55%,0.55,0.2755331067852824,0.2846083069485525,False,Proposed,False,0.2579276837908854,2.6680623157667114
Actor,gat,12368,DGlf + VGAE 40%,0.4,0.2923518684550519,0.2730699040554539,False,Proposed,False,0.2557310274382027,1.7338876617251198
Actor,gat,12369,DGlf + VGAE 55%,0.55,0.309397668089172,0.2847278054082496,False,Proposed,False,0.2633749392075274,2.1352866200722187
Actor,gat,12370,DGlf + VGAE 55%,0.55,0.2884447706326506,0.2894530171854644,False,Proposed,False,0.2817856147416473,0.7667402443817084
Actor,gat,12371,DGlf + VGAE 10%,0.1,0.2965491995211843,0.2808686447214761,False,Proposed,False,0.271269883791748,0.9598760929728112
Actor,gat,12372,DGlf + VGAE 0%,0.0,0.3067104714688103,0.2696329906485964,False,Proposed,False,0.2724616435083683,-0.28286528597719074
Actor,gat,12373,DGlf + VGAE 0%,0.0,0.3047981966905819,0.2902323045840153,False,Proposed,False,0.2682633106555744,2.196899392844087
Actor,gat,12374,DGlf + VGAE 40%,0.4,0.2911071944050089,0.2582358988028175,False,Proposed,False,0.2467591662577208,1.1476732545096708
Actor,gcn,12345,original,-1.0,0.3018414777486385,0.249234790787316,True,Proposed,True,0.249234790787316,0.0
Actor,gcn,12346,DGlf + VGAE 40%,0.4,0.2986761401444222,0.2754233534297287,False,Proposed,False,0.2657805309791351,0.9642822450593558
Actor,gcn,12347,DGlf + VGAE 25%,0.25,0.2977186510321301,0.2644226363716656,False,Proposed,False,0.2548435878854278,0.9579048486237751
Actor,gcn,12348,DGlf + VGAE 10%,0.1,0.3119830055361296,0.2735421928789042,False,Proposed,False,0.2702153636473138,0.3326829231590389
Actor,gcn,12349,DGlf + VGAE 55%,0.55,0.2930642198146936,0.2837318947648079,False,Proposed,False,0.2758327105452627,0.7899184219545219
Actor,gcn,12350,DGlf + VGAE 55%,0.55,0.3122752482551382,0.2931215420293138,False,Proposed,False,0.258647098665705,3.4474443363608778
Actor,gcn,12351,DGlf + VGAE 55%,0.55,0.286492176133404,0.2823855455404445,False,Proposed,False,0.2721374653469717,1.0248080193472786
Actor,gcn,12352,DGlf + VGAE 55%,0.55,0.2941019103861197,0.287322441540942,False,Proposed,False,0.2674194981126437,1.9902943428298292
Actor,gcn,12353,DGlf + VGAE 0%,0.0,0.2893182096665949,0.2574409104590013,False,Proposed,False,0.2670383587067841,-0.9597448247782803
Actor,gcn,12354,DGlf + VGAE 10%,0.1,0.2989320817855115,0.2793158928685731,False,Proposed,False,0.27360456302841,0.5711329840163093
Actor,gcn,12355,DGlf + VGAE 55%,0.55,0.3022859865186057,0.2699394287406374,False,Proposed,False,0.2596768862455422,1.0262542495095228
Actor,gcn,12356,DGlf + VGAE 55%,0.55,0.2898528064712692,0.2692937027737033,False,Proposed,False,0.254568916668522,1.4724786105181298
Actor,gcn,12357,DGlf + VGAE 55%,0.55,0.3067833395566492,0.2785468299874658,False,Proposed,False,0.259490963781304,1.9055866206161842
Actor,gcn,12358,DGlf + VGAE 55%,0.55,0.2967098401057737,0.2718204245185576,False,Proposed,False,0.2487418197787328,2.307860473982479
Actor,gcn,12359,DGlf + VGAE 0%,0.0,0.2920490726378962,0.2796962031754348,False,Proposed,False,0.2795988594987225,0.00973436767123248
Actor,gcn,12360,DGlf + VGAE 55%,0.55,0.2985624376175891,0.2767574673410842,False,Proposed,False,0.2836459989882435,-0.6888531647159302
Actor,gcn,12361,original,-1.0,0.2941502540602898,0.2574199757648266,True,Proposed,True,0.2574199757648266,0.0
Actor,gcn,12362,DGlf + VGAE 55%,0.55,0.310846636095217,0.2842276098310865,False,Proposed,False,0.2654336476174931,1.8793962213593418
Actor,gcn,12363,DGlf + VGAE 55%,0.55,0.2997446361685424,0.2748403986545224,False,Proposed,False,0.2798585581544554,-0.501815949993295
Actor,gcn,12364,DGlf + VGAE 40%,0.4,0.2911430381297515,0.2795291288602683,False,Proposed,False,0.2585070405743481,2.1022088285920226
Actor,gcn,12365,DGlf + VGAE 55%,0.55,0.2883560600253824,0.2890978016888431,False,Proposed,False,0.2855700604647627,0.3527741224080394
Actor,gcn,12366,DGlf + VGAE 0%,0.0,0.304920927938809,0.2841372154990508,False,Proposed,False,0.2704075412215915,1.3729674277459303
Actor,gcn,12367,original,-1.0,0.287236434986452,0.2722185494462361,True,Proposed,True,0.2722185494462361,0.0
Actor,gcn,12368,DGlf + VGAE 40%,0.4,0.3003668604216638,0.2695622166557735,False,Proposed,False,0.2688370628471727,0.07251538086008313
Actor,gcn,12369,DGlf + VGAE 55%,0.55,0.2994184890668503,0.285691415215166,False,Proposed,False,0.2779136289394061,0.7777786275759924
Actor,gcn,12370,DGlf + VGAE 0%,0.0,0.2851495595828656,0.2782852620799231,False,Proposed,False,0.2999270311524499,-2.1641769072526795
Actor,gcn,12371,DGlf + VGAE 55%,0.55,0.2906517092676894,0.2882082334769544,False,Proposed,False,0.2645726408925806,2.3635592584373812
Actor,gcn,12372,DGlf + VGAE 55%,0.55,0.3110526843347537,0.2957760979246908,False,Proposed,False,0.2865869954177346,0.9189102506956204
Actor,gcn,12373,DGlf + VGAE 0%,0.0,0.3042111709817637,0.2837325896433985,False,Proposed,False,0.273996146841626,0.9736442801772494
Actor,gcn,12374,DGlf + VGAE 40%,0.4,0.2904139633016246,0.2728590037797592,False,Proposed,False,0.2690996428410913,0.37593609386679105
Actor,sage,12345,original,-1.0,0.3418635879851895,0.3163636235387186,True,Proposed,True,0.3163636235387186,0.0
Actor,sage,12346,DGlf + VGAE 40%,0.4,0.3470835313092197,0.3162619139056363,False,Proposed,False,0.3166827765679391,-0.042086266230279
Actor,sage,12347,DGlf + VGAE 0%,0.0,0.3446082297624066,0.3046834123524958,False,Proposed,False,0.3193405738632286,-1.465716151073282
Actor,sage,12348,DGlf + VGAE 25%,0.25,0.3476043829271922,0.3193898111653226,False,Proposed,False,0.3273685931335443,-0.797878196822166
Actor,sage,12349,DGlf + VGAE 40%,0.4,0.3337988982153105,0.3219705464548502,False,Proposed,False,0.3273970724874361,-0.5426526032585921
Actor,sage,12350,DGlf + VGAE 55%,0.55,0.3358846360055357,0.3104888255038481,False,Proposed,False,0.3144168101544674,-0.3927984650619276
Actor,sage,12351,original,-1.0,0.3411726869882404,0.3226771368611256,True,Proposed,True,0.3226771368611256,0.0
Actor,sage,12352,DGlf + VGAE 25%,0.25,0.3361319412148004,0.3072886514367099,False,Proposed,False,0.3283405309880513,-2.1051879551341415
Actor,sage,12353,original,-1.0,0.3411418623360714,0.3291468462918833,True,Proposed,True,0.3291468462918833,0.0
Actor,sage,12354,DGlf + VGAE 0%,0.0,0.3401199297116325,0.3227424816746874,False,Proposed,False,0.3088561217696649,1.388635990502246
Actor,sage,12355,DGlf + VGAE 40%,0.4,0.3453397109190433,0.3142488063353454,False,Proposed,False,0.3347832004619162,-2.0534394126570765
Actor,sage,12356,original,-1.0,0.3342981712495049,0.3226795618112243,True,Proposed,True,0.3226795618112243,0.0
Actor,sage,12357,DGlf + VGAE 55%,0.55,0.3468065041617004,0.3061646914205173,False,Proposed,False,0.3076797292181999,-0.1515037797682639
Actor,sage,12358,DGlf + VGAE 0%,0.0,0.3352238840995098,0.313940819600348,False,Proposed,False,0.3211517185769322,-0.7210898976584224
Actor,sage,12359,original,-1.0,0.351047069573519,0.3166092102253612,True,Proposed,True,0.3166092102253612,0.0
Actor,sage,12360,DGlf + VGAE 10%,0.1,0.3544252030086038,0.3169058829658797,False,Proposed,False,0.3306102399946874,-1.3704357028807734
Actor,sage,12361,DGlf + VGAE 0%,0.0,0.3390491053565443,0.3190542078094528,False,Proposed,False,0.3104434861056462,0.8610721703806612
Actor,sage,12362,DGlf + VGAE 0%,0.0,0.3572549728045065,0.3289827013665823,False,Proposed,False,0.3344468401645632,-0.5464138797980911
Actor,sage,12363,DGlf + VGAE 0%,0.0,0.3439527434111208,0.3051998084743191,False,Proposed,False,0.3280719231990158,-2.287211472469669
Actor,sage,12364,original,-1.0,0.335456245025292,0.3193757887958414,True,Proposed,True,0.3193757887958414,0.0
Actor,sage,12365,original,-1.0,0.3400302803765031,0.3335267350801597,True,Proposed,True,0.3335267350801597,0.0
Actor,sage,12366,DGlf + VGAE 0%,0.0,0.3413048970683348,0.3263995943023586,False,Proposed,False,0.3113493392728269,1.5050255029531723
Actor,sage,12367,original,-1.0,0.3307600863514783,0.3349196388324501,True,Proposed,True,0.3349196388324501,0.0
Actor,sage,12368,DGlf + VGAE 0%,0.0,0.3509353194867748,0.3389526742261319,False,Proposed,False,0.3338344487221776,0.5118225503954299
Actor,sage,12369,original,-1.0,0.3375287057715534,0.3500650842253624,True,Proposed,True,0.3500650842253624,0.0
Actor,sage,12370,original,-1.0,0.337660177238145,0.3392887649060523,True,Proposed,True,0.3392887649060523,0.0
Actor,sage,12371,DGlf + VGAE 10%,0.1,0.3243754432061963,0.3123151495665426,False,Proposed,False,0.3030677970150131,0.9247352551529531
Actor,sage,12372,DGlf + VGAE 25%,0.25,0.3464164301074794,0.3258210754213178,False,Proposed,False,0.3357276649691521,-0.9906589547834299
Actor,sage,12373,DGlf + VGAE 0%,0.0,0.3525118833233816,0.3395653201514316,False,Proposed,False,0.3422377683437853,-0.26724481923536825
Actor,sage,12374,original,-1.0,0.3321130187515776,0.3317191865325023,True,Proposed,True,0.3317191865325023,0.0
Airports-Brazil,gat,12345,DGlf + VGAE 40%,0.4,0.8035714285714286,0.5948717948717949,False,Proposed,False,0.372960372960373,22.191142191142188
Airports-Brazil,gat,12346,DGlf + VGAE 10%,0.1,0.6973443223443223,0.5961538461538461,False,Proposed,False,0.4047619047619047,19.139194139194142
Airports-Brazil,gat,12347,DGlf + VGAE 55%,0.55,0.8285714285714285,0.543956043956044,False,Proposed,False,0.3921626984126984,15.179334554334561
Airports-Brazil,gat,12348,DGlf + VGAE 55%,0.55,0.6681372549019609,0.6044837515425752,False,Proposed,False,0.4911858974358974,11.329785410667775
Airports-Brazil,gat,12349,DGlf + VGAE 25%,0.25,0.6515879953379953,0.7298076923076923,False,Proposed,False,0.3924679487179487,33.73397435897436
Airports-Brazil,gat,12350,DGlf + VGAE 40%,0.4,0.7542124542124542,0.5937812187812188,False,Proposed,False,0.3829895594601477,21.079165932107113
Airports-Brazil,gat,12351,DGlf + VGAE 40%,0.4,0.7396825396825397,0.5724206349206349,False,Proposed,False,0.5794181308887192,-0.69974959680843
Airports-Brazil,gat,12352,DGlf + VGAE 55%,0.55,0.7627705627705628,0.6048265460030167,False,Proposed,False,0.514423076923077,9.040346907993968
Airports-Brazil,gat,12353,DGlf + VGAE 10%,0.1,0.6980462519936204,0.5873015873015873,False,Proposed,False,0.3474338161838162,23.986777111777112
Airports-Brazil,gat,12354,DGlf + VGAE 55%,0.55,0.7607600732600732,0.6816468253968254,False,Proposed,False,0.4855866355866355,19.60601898101899
Airports-Brazil,gat,12355,DGlf + VGAE 0%,0.0,0.7332251082251082,0.6708791208791208,False,Proposed,False,0.5447330447330447,12.614607614607609
Airports-Brazil,gat,12356,DGlf + VGAE 0%,0.0,0.804895104895105,0.6464015151515152,False,Proposed,False,0.5673076923076923,7.909382284382294
Airports-Brazil,gat,12357,DGlf + VGAE 40%,0.4,0.7629662004662006,0.4808663558663558,False,Proposed,False,0.4910714285714286,-1.0205072705072815
Airports-Brazil,gat,12358,DGlf + VGAE 0%,0.0,0.7303113553113554,0.625,False,Proposed,False,0.4826839826839826,14.231601731601739
Airports-Brazil,gat,12359,DGlf + VGAE 40%,0.4,0.7715201465201466,0.5623126873126874,False,Proposed,False,0.5261904761904762,3.6122211122211145
Airports-Brazil,gat,12360,DGlf + VGAE 40%,0.4,0.8392857142857143,0.5583333333333333,False,Proposed,False,0.4458874458874459,11.244588744588746
Airports-Brazil,gat,12361,DGlf + VGAE 40%,0.4,0.7663419913419914,0.4621794871794872,False,Proposed,False,0.4137254901960784,4.84539969834088
Airports-Brazil,gat,12362,DGlf + VGAE 55%,0.55,0.8095238095238095,0.3991452991452991,False,Proposed,False,0.441025641025641,-4.18803418803419
Airports-Brazil,gat,12363,DGlf + VGAE 10%,0.1,0.8125000000000001,0.6722756410256411,False,Proposed,False,0.4227272727272727,24.95483682983684
Airports-Brazil,gat,12364,DGlf + VGAE 25%,0.25,0.809981684981685,0.4758888170652876,False,Proposed,False,0.4856150793650793,-0.9726262299791733
Airports-Brazil,gat,12365,DGlf + VGAE 55%,0.55,0.7270562770562772,0.5999084249084249,False,Proposed,False,0.227485380116959,37.24230447914659
Airports-Brazil,gat,12366,DGlf + VGAE 55%,0.55,0.8026973026973028,0.4716221278721279,False,Proposed,False,0.572577276524645,-10.095514865251703
Airports-Brazil,gat,12367,DGlf + VGAE 40%,0.4,0.7246753246753248,0.5655103066867773,False,Proposed,False,0.5431372549019607,2.2373051784816522
Airports-Brazil,gat,12368,DGlf + VGAE 0%,0.0,0.8111111111111111,0.4236443381180223,False,Proposed,False,0.3325757575757575,9.10685805422648
Airports-Brazil,gat,12369,DGlf + VGAE 55%,0.55,0.7193181818181817,0.4333333333333333,False,Proposed,False,0.2792207792207792,15.411255411255409
Airports-Brazil,gat,12370,DGlf + VGAE 55%,0.55,0.7244047619047619,0.6796814296814296,False,Proposed,False,0.5931818181818183,8.649961149961138
Airports-Brazil,gat,12371,DGlf + VGAE 10%,0.1,0.7014880952380953,0.3552631578947368,False,Proposed,False,0.2721468074409251,8.311635045381166
Airports-Brazil,gat,12372,DGlf + VGAE 0%,0.0,0.7715201465201466,0.5416666666666666,False,Proposed,False,0.4111111111111111,13.055555555555554
Airports-Brazil,gat,12373,DGlf + VGAE 40%,0.4,0.8090909090909091,0.5694444444444444,False,Proposed,False,0.4355203619909502,13.392408245349424
Airports-Brazil,gat,12374,DGlf + VGAE 25%,0.25,0.9615384615384616,0.5000646412411118,False,Proposed,False,0.3686868686868687,13.137777255424316
Airports-Brazil,gcn,12345,DGlf + VGAE 40%,0.4,0.7331002331002331,0.7083333333333333,False,Proposed,False,0.4053921568627451,30.294117647058815
Airports-Brazil,gcn,12346,DGlf + VGAE 0%,0.0,0.611904761904762,0.7351190476190476,False,Proposed,False,0.4475274725274725,28.759157509157507
Airports-Brazil,gcn,12347,DGlf + VGAE 55%,0.55,0.792957042957043,0.5305916305916305,False,Proposed,False,0.5705741626794258,-3.998253208779534
Airports-Brazil,gcn,12348,DGlf + VGAE 0%,0.0,0.6895104895104895,0.5447552447552447,False,Proposed,False,0.376068376068376,16.868686868686872
Airports-Brazil,gcn,12349,DGlf + VGAE 55%,0.55,0.6732142857142857,0.618956043956044,False,Proposed,False,0.465967365967366,15.2988677988678
Airports-Brazil,gcn,12350,DGlf + VGAE 55%,0.55,0.6885614385614385,0.589316933066933,False,Proposed,False,0.4409090909090908,14.84078421578422
Airports-Brazil,gcn,12351,DGlf + VGAE 55%,0.55,0.7572427572427572,0.611111111111111,False,Proposed,False,0.4142246642246642,19.688644688644686
Airports-Brazil,gcn,12352,DGlf + VGAE 40%,0.4,0.7648567119155354,0.6666666666666666,False,Proposed,False,0.4039432789432789,26.27233877233877
Airports-Brazil,gcn,12353,DGlf + VGAE 55%,0.55,0.6598401598401599,0.6342383107088989,False,Proposed,False,0.4845238095238095,14.971450118508939
Airports-Brazil,gcn,12354,DGlf + VGAE 25%,0.25,0.7326007326007326,0.6601648351648352,False,Proposed,False,0.3621794871794871,29.798534798534803
Airports-Brazil,gcn,12355,DGlf + VGAE 0%,0.0,0.7295008912655973,0.663690476190476,False,Proposed,False,0.4739819004524886,18.970857573798742
Airports-Brazil,gcn,12356,DGlf + VGAE 0%,0.0,0.7636363636363637,0.5822236586942469,False,Proposed,False,0.5985739750445633,-1.6350316350316474
Airports-Brazil,gcn,12357,DGlf + VGAE 10%,0.1,0.7506493506493507,0.5119047619047619,False,Proposed,False,0.3454545454545454,16.645021645021647
Airports-Brazil,gcn,12358,DGlf + VGAE 0%,0.0,0.6756944444444445,0.6634313055365687,False,Proposed,False,0.4439033189033188,21.95279866332499
Airports-Brazil,gcn,12359,DGlf + VGAE 0%,0.0,0.6529304029304029,0.6268315018315018,False,Proposed,False,0.5108225108225108,11.600899100899099
Airports-Brazil,gcn,12360,DGlf + VGAE 40%,0.4,0.7698863636363636,0.4718614718614718,False,Proposed,False,0.4060897435897436,6.577172827172823
Airports-Brazil,gcn,12361,DGlf + VGAE 10%,0.1,0.7232600732600732,0.4884049773755656,False,Proposed,False,0.3115131578947368,17.689181948082876
Airports-Brazil,gcn,12362,DGlf + VGAE 40%,0.4,0.757031857031857,0.4939435564435565,False,Proposed,False,0.5092627960275019,-1.5319239583945432
Airports-Brazil,gcn,12363,DGlf + VGAE 40%,0.4,0.7923160173160173,0.7083333333333334,False,Proposed,False,0.4422348484848484,26.6098484848485
Airports-Brazil,gcn,12364,DGlf + VGAE 40%,0.4,0.8307692307692307,0.6324404761904762,False,Proposed,False,0.2792703619909502,35.3170114199526
Airports-Brazil,gcn,12365,DGlf + VGAE 55%,0.55,0.6732600732600732,0.6295787545787546,False,Proposed,False,0.4026570048309178,22.692174974783676
Airports-Brazil,gcn,12366,DGlf + VGAE 55%,0.55,0.8099816849816851,0.511904761904762,False,Proposed,False,0.4363247863247863,7.55799755799757
Airports-Brazil,gcn,12367,DGlf + VGAE 55%,0.55,0.7256493506493507,0.6907509157509157,False,Proposed,False,0.4539682539682539,23.678266178266185
Airports-Brazil,gcn,12368,DGlf + VGAE 55%,0.55,0.7339743589743589,0.6160714285714286,False,Proposed,False,0.4208874458874458,19.51839826839828
Airports-Brazil,gcn,12369,DGlf + VGAE 25%,0.25,0.7199675324675324,0.5460858585858586,False,Proposed,False,0.3541666666666666,19.191919191919197
Airports-Brazil,gcn,12370,DGlf + VGAE 55%,0.55,0.7148567119155355,0.6699134199134199,False,Proposed,False,0.4858391608391608,18.40742590742591
Airports-Brazil,gcn,12371,DGlf + VGAE 0%,0.0,0.7060331825037708,0.5888439046333782,False,Proposed,False,0.265126050420168,32.37178542132102
Airports-Brazil,gcn,12372,DGlf + VGAE 55%,0.55,0.7627705627705629,0.6220588235294118,False,Proposed,False,0.5168581418581418,10.520068167126995
Airports-Brazil,gcn,12373,DGlf + VGAE 55%,0.55,0.8474358974358974,0.6071428571428571,False,Proposed,False,0.4375901875901876,16.95526695526695
Airports-Brazil,gcn,12374,DGlf + VGAE 0%,0.0,0.9615384615384616,0.4380952380952381,False,Proposed,False,0.3242424242424242,11.385281385281388
Airports-Brazil,sage,12345,DGlf + VGAE 55%,0.55,0.8026973026973027,0.5685897435897436,False,Proposed,False,0.5437038451744334,2.4885898415310193
Airports-Brazil,sage,12346,DGlf + VGAE 10%,0.1,0.6018315018315019,0.6104166666666666,False,Proposed,False,0.2,41.04166666666666
Airports-Brazil,sage,12347,DGlf + VGAE 55%,0.55,0.7173076923076922,0.5512820512820513,False,Proposed,False,0.4267045454545454,12.457750582750593
Airports-Brazil,sage,12348,DGlf + VGAE 25%,0.25,0.5750891265597148,0.6173076923076923,False,Proposed,False,0.4216450216450216,19.566267066267073
Airports-Brazil,sage,12349,DGlf + VGAE 55%,0.55,0.6702380952380953,0.6520833333333333,False,Proposed,False,0.384313725490196,26.776960784313736
Airports-Brazil,sage,12350,DGlf + VGAE 25%,0.25,0.7533653846153846,0.5100961538461538,False,Proposed,False,0.3534188034188034,15.667735042735043
Airports-Brazil,sage,12351,DGlf + VGAE 55%,0.55,0.7173160173160174,0.6267628205128205,False,Proposed,False,0.3476190476190476,27.914377289377292
Airports-Brazil,sage,12352,DGlf + VGAE 25%,0.25,0.7238095238095238,0.5865696803196804,False,Proposed,False,0.4825757575757575,10.399392274392289
Airports-Brazil,sage,12353,DGlf + VGAE 0%,0.0,0.6616300366300367,0.6396825396825397,False,Proposed,False,0.3680830039525692,27.159953572997054
Airports-Brazil,sage,12354,DGlf + VGAE 55%,0.55,0.6702380952380953,0.7015151515151515,False,Proposed,False,0.204656862745098,49.685828877005356
Airports-Brazil,sage,12355,DGlf + VGAE 0%,0.0,0.6231684981684982,0.5907509157509158,False,Proposed,False,0.4457393483709273,14.501156737998844
Airports-Brazil,sage,12356,DGlf + VGAE 0%,0.0,0.7292540792540794,0.6329099821746881,False,Proposed,False,0.5208333333333333,11.207664884135482
Airports-Brazil,sage,12357,DGlf + VGAE 0%,0.0,0.6979458450046685,0.4165064102564102,False,Proposed,False,0.4137254901960784,0.2780920060331815
Airports-Brazil,sage,12358,DGlf + VGAE 55%,0.55,0.6499999999999999,0.6597985347985348,False,Proposed,False,0.4862637362637362,17.353479853479858
Airports-Brazil,sage,12359,DGlf + VGAE 0%,0.0,0.6874999999999999,0.5897435897435898,False,Proposed,False,0.6431372549019607,-5.339366515837096
Airports-Brazil,sage,12360,DGlf + VGAE 25%,0.25,0.9212121212121211,0.7032967032967032,False,Proposed,False,0.6204266321913381,8.287007110536514
Airports-Brazil,sage,12361,DGlf + VGAE 55%,0.55,0.7556547619047619,0.4275058275058275,False,Proposed,False,0.2517482517482518,17.57575757575757
Airports-Brazil,sage,12362,DGlf + VGAE 55%,0.55,0.6970425407925408,0.4764957264957264,False,Proposed,False,0.4480643539467069,2.8431372549019507
Airports-Brazil,sage,12363,DGlf + VGAE 55%,0.55,0.736111111111111,0.6590284715284715,False,Proposed,False,0.4327731092436975,22.625536228477404
Airports-Brazil,sage,12364,DGlf + VGAE 40%,0.4,0.792957042957043,0.5972027972027971,False,Proposed,False,0.5095238095238095,8.767898767898764
Airports-Brazil,sage,12365,DGlf + VGAE 10%,0.1,0.6871794871794872,0.4527795733678087,False,Proposed,False,0.3763458763458763,7.643369702193242
Airports-Brazil,sage,12366,DGlf + VGAE 40%,0.4,0.6515151515151514,0.6725490196078432,False,Proposed,False,0.6291208791208791,4.342814048696408
Airports-Brazil,sage,12367,DGlf + VGAE 55%,0.55,0.6886904761904762,0.7375457875457876,False,Proposed,False,0.4125,32.50457875457876
Airports-Brazil,sage,12368,DGlf + VGAE 0%,0.0,0.7675438596491229,0.4195539754363283,False,Proposed,False,0.3166666666666666,10.288730876966168
Airports-Brazil,sage,12369,DGlf + VGAE 25%,0.25,0.7238636363636364,0.5209224598930482,False,Proposed,False,0.3586309523809523,16.22915075120959
Airports-Brazil,sage,12370,DGlf + VGAE 25%,0.25,0.7285214785214786,0.7053571428571429,False,Proposed,False,0.4050133689839572,30.03437738731857
Airports-Brazil,sage,12371,DGlf + VGAE 40%,0.4,0.6613053613053614,0.6374434389140272,False,Proposed,False,0.365018315018315,27.24251238957122
Airports-Brazil,sage,12372,DGlf + VGAE 0%,0.0,0.6876456876456877,0.7036713286713286,False,Proposed,False,0.5254079254079254,17.82634032634033
Airports-Brazil,sage,12373,DGlf + VGAE 55%,0.55,0.7332887700534759,0.486946386946387,False,Proposed,False,0.3767482517482518,11.019813519813521
Airports-Brazil,sage,12374,DGlf + VGAE 0%,0.0,0.8541666666666667,0.4975961538461538,False,Proposed,False,0.388235294117647,10.936085972850679
Airports-Europe,gat,12345,DGlf + VGAE 55%,0.55,0.5917616556433369,0.4562535165983442,False,Proposed,False,0.4899469451516796,-3.3693428553335405
Airports-Europe,gat,12346,DGlf + VGAE 25%,0.25,0.6973390323839618,0.5141778865769073,False,Proposed,False,0.4356357063479156,7.854218022899174
Airports-Europe,gat,12347,DGlf + VGAE 10%,0.1,0.6751412562388173,0.5952798663324979,False,Proposed,False,0.3922032828282829,20.307658350421498
Airports-Europe,gat,12348,DGlf + VGAE 10%,0.1,0.6138875331616258,0.5937696806117859,False,Proposed,False,0.3215454425013249,27.222423811046102
Airports-Europe,gat,12349,DGlf + VGAE 0%,0.0,0.699703557312253,0.4408664651631403,False,Proposed,False,0.4568181818181818,-1.595171665504147
Airports-Europe,gat,12350,DGlf + VGAE 40%,0.4,0.6286856312292359,0.4289562289562289,False,Proposed,False,0.487828144078144,-5.887191512191508
Airports-Europe,gat,12351,DGlf + VGAE 25%,0.25,0.6121553884711779,0.5715963656906129,False,Proposed,False,0.522071438546093,4.952492714451995
Airports-Europe,gat,12352,DGlf + VGAE 10%,0.1,0.6096339974388755,0.6561099718994456,False,Proposed,False,0.3194935869084476,33.66163849909981
Airports-Europe,gat,12353,DGlf + VGAE 10%,0.1,0.5893606676930557,0.5454951298701298,False,Proposed,False,0.3513810270749505,19.41141027951793
Airports-Europe,gat,12354,DGlf + VGAE 10%,0.1,0.5982262302914476,0.5879091668565353,False,Proposed,False,0.455924978687127,13.198418816940826
Airports-Europe,gat,12355,DGlf + VGAE 25%,0.25,0.6865051347881901,0.5108695652173914,False,Proposed,False,0.4573852922690131,5.348427294837826
Airports-Europe,gat,12356,DGlf + VGAE 10%,0.1,0.5958086601041457,0.5510440411177792,False,Proposed,False,0.3329451345755693,21.809890654220986
Airports-Europe,gat,12357,DGlf + VGAE 40%,0.4,0.5971766444937177,0.5201066830819342,False,Proposed,False,0.5164854419480155,0.3621241133918707
Airports-Europe,gat,12358,DGlf + VGAE 0%,0.0,0.625718194254446,0.5600220567962504,False,Proposed,False,0.4243163847407603,13.570567205549011
Airports-Europe,gat,12359,DGlf + VGAE 10%,0.1,0.6960907169885497,0.5188953274059658,False,Proposed,False,0.4462410899035268,7.265423750243899
Airports-Europe,gat,12360,DGlf + VGAE 10%,0.1,0.6025656090873481,0.6345334881920248,False,Proposed,False,0.3674147203558968,26.711876783612805
Airports-Europe,gat,12361,DGlf + VGAE 10%,0.1,0.6558768070395977,0.5353830566596524,False,Proposed,False,0.3963356667530895,13.904738990656284
Airports-Europe,gat,12362,DGlf + VGAE 0%,0.0,0.6454343365253078,0.58757151219386,False,Proposed,False,0.4420937314319667,14.547778076189328
Airports-Europe,gat,12363,DGlf + VGAE 10%,0.1,0.6039933610622301,0.5587396800825593,False,Proposed,False,0.4336111111111111,12.512856897144815
Airports-Europe,gat,12364,DGlf + VGAE 40%,0.4,0.6135941236014164,0.5403561424569828,False,Proposed,False,0.5138790779852579,2.647706447172493
Airports-Europe,gat,12365,DGlf + VGAE 0%,0.0,0.6459670811644496,0.460997442455243,False,Proposed,False,0.4069444444444444,5.4052998010798605
Airports-Europe,gat,12366,DGlf + VGAE 55%,0.55,0.552137566656623,0.5451465201465201,False,Proposed,False,0.42825311942959,11.68934007169301
Airports-Europe,gat,12367,DGlf + VGAE 55%,0.55,0.6948718231594098,0.473844537815126,False,Proposed,False,0.412203302373581,6.164123544154498
Airports-Europe,gat,12368,DGlf + VGAE 40%,0.4,0.6609873381843415,0.5854700854700855,False,Proposed,False,0.4268774703557312,15.85926151143543
Airports-Europe,gat,12369,DGlf + VGAE 25%,0.25,0.7642971064023696,0.6009876466442814,False,Proposed,False,0.431530800515904,16.94568461283774
Airports-Europe,gat,12370,DGlf + VGAE 25%,0.25,0.6623803827751196,0.6155234961545321,False,Proposed,False,0.3626136606760804,25.290983547845165
Airports-Europe,gat,12371,DGlf + VGAE 10%,0.1,0.6625785174306191,0.5561133603238866,False,Proposed,False,0.4428953399541635,11.321802036972306
Airports-Europe,gat,12372,DGlf + VGAE 55%,0.55,0.6290196078431372,0.4995604395604395,False,Proposed,False,0.3861911439741628,11.336929558627668
Airports-Europe,gat,12373,DGlf + VGAE 25%,0.25,0.5906028368794326,0.4841779279279279,False,Proposed,False,0.2934346525227798,19.074327540514812
Airports-Europe,gat,12374,DGlf + VGAE 40%,0.4,0.6184115592010329,0.5398995677599796,False,Proposed,False,0.4176518339874844,12.22477337724952
Airports-Europe,gcn,12345,original,-1.0,0.5728517004366726,0.4525914416061295,True,Proposed,True,0.4525914416061295,0.0
Airports-Europe,gcn,12346,DGlf + VGAE 25%,0.25,0.6970486723375042,0.5295698924731183,False,Proposed,False,0.4980158730158729,3.155401945724534
Airports-Europe,gcn,12347,DGlf + VGAE 10%,0.1,0.6140404364569961,0.4966609371021135,False,Proposed,False,0.391300777507674,10.53601595944395
Airports-Europe,gcn,12348,original,-1.0,0.6135616249926025,0.4538466481045192,True,Proposed,True,0.4538466481045192,0.0
Airports-Europe,gcn,12349,DGlf + VGAE 40%,0.4,0.6396498205217648,0.5709273182957394,False,Proposed,False,0.4592263487000329,11.170096959570646
Airports-Europe,gcn,12350,DGlf + VGAE 55%,0.55,0.6333333333333333,0.4208028792912514,False,Proposed,False,0.5253589344404082,-10.455605514915678
Airports-Europe,gcn,12351,DGlf + VGAE 10%,0.1,0.6121440900072925,0.5853741899794531,False,Proposed,False,0.5231787430140209,6.219544696543222
Airports-Europe,gcn,12352,DGlf + VGAE 0%,0.0,0.5663244124842465,0.601758877425355,False,Proposed,False,0.3887744887744888,21.298438865086627
Airports-Europe,gcn,12353,DGlf + VGAE 0%,0.0,0.5583807491702228,0.5169636564985403,False,Proposed,False,0.398517126148705,11.844653034983526
Airports-Europe,gcn,12354,DGlf + VGAE 25%,0.25,0.6259807290424831,0.5763632053105737,False,Proposed,False,0.4183017473399433,15.806145797063042
Airports-Europe,gcn,12355,DGlf + VGAE 10%,0.1,0.6611521181001284,0.5358355696121654,False,Proposed,False,0.5076306620209059,2.8204907591259487
Airports-Europe,gcn,12356,original,-1.0,0.5826064701064702,0.3647009335649153,True,Proposed,True,0.3647009335649153,0.0
Airports-Europe,gcn,12357,DGlf + VGAE 10%,0.1,0.5848085802186169,0.5557700557700558,False,Proposed,False,0.4760269930852914,7.974306268476439
Airports-Europe,gcn,12358,DGlf + VGAE 25%,0.25,0.6158404732762137,0.5497912939773405,False,Proposed,False,0.3977564102564102,15.203488372093032
Airports-Europe,gcn,12359,DGlf + VGAE 10%,0.1,0.6629061229510523,0.4434742434742434,False,Proposed,False,0.3954911098806447,4.798313359359874
Airports-Europe,gcn,12360,DGlf + VGAE 10%,0.1,0.580091533180778,0.5450603596945061,False,Proposed,False,0.4459412419938736,9.911911770063247
Airports-Europe,gcn,12361,DGlf + VGAE 10%,0.1,0.6208646616541353,0.5716259099498482,False,Proposed,False,0.5013478818998717,7.027802804997652
Airports-Europe,gcn,12362,DGlf + VGAE 0%,0.0,0.5922378952996493,0.4969135457944968,False,Proposed,False,0.3639399624765478,13.2973583317949
Airports-Europe,gcn,12363,DGlf + VGAE 25%,0.25,0.5800817539947974,0.5456081081081081,False,Proposed,False,0.3903238368518139,15.528427125629424
Airports-Europe,gcn,12364,DGlf + VGAE 25%,0.25,0.6635613609367585,0.4932286901953231,False,Proposed,False,0.4151059085841694,7.812278161115371
Airports-Europe,gcn,12365,DGlf + VGAE 10%,0.1,0.647085472666868,0.5580269955269955,False,Proposed,False,0.4291997974924804,12.882719803451515
Airports-Europe,gcn,12366,DGlf + VGAE 25%,0.25,0.538981288981289,0.6498870694522869,False,Proposed,False,0.4882046070460704,16.168246240621652
Airports-Europe,gcn,12367,DGlf + VGAE 55%,0.55,0.6589135254988914,0.4567654997221561,False,Proposed,False,0.5038431723315444,-4.707767260938834
Airports-Europe,gcn,12368,original,-1.0,0.6082802698656358,0.5475274725274725,True,Proposed,True,0.5475274725274725,0.0
Airports-Europe,gcn,12369,DGlf + VGAE 40%,0.4,0.6346208592132505,0.48939904628924,False,Proposed,False,0.4132513391505771,7.614770713866292
Airports-Europe,gcn,12370,DGlf + VGAE 25%,0.25,0.6978634902628097,0.5702020202020202,False,Proposed,False,0.3796152817948355,19.058673840718466
Airports-Europe,gcn,12371,DGlf + VGAE 10%,0.1,0.6152549316190836,0.5521594357648645,False,Proposed,False,0.4421773636991027,10.998207206576177
Airports-Europe,gcn,12372,DGlf + VGAE 55%,0.55,0.6486111111111111,0.5551514148862419,False,Proposed,False,0.3590847877612584,19.606662712498345
Airports-Europe,gcn,12373,DGlf + VGAE 10%,0.1,0.6111386840612593,0.4689784053156146,False,Proposed,False,0.439047619047619,2.993078626799556
Airports-Europe,gcn,12374,DGlf + VGAE 55%,0.55,0.58082003079167,0.6252636286602015,False,Proposed,False,0.4877343127403762,13.752931591982525
Airports-Europe,sage,12345,DGlf + VGAE 0%,0.0,0.5858392253741092,0.5454143488803309,False,Proposed,False,0.5002246485534427,4.518970032688818
Airports-Europe,sage,12346,DGlf + VGAE 55%,0.55,0.6640052725732041,0.3779716571869276,False,Proposed,False,0.451716674676306,-7.374501748937839
Airports-Europe,sage,12347,DGlf + VGAE 10%,0.1,0.655585485818044,0.6151377217553688,False,Proposed,False,0.4188954009782677,19.62423207771011
Airports-Europe,sage,12348,DGlf + VGAE 10%,0.1,0.6126984126984127,0.5169054801407742,False,Proposed,False,0.412235353411824,10.46701267289502
Airports-Europe,sage,12349,DGlf + VGAE 25%,0.25,0.6804832743908374,0.477534625148623,False,Proposed,False,0.3584508905957193,11.908373455290372
Airports-Europe,sage,12350,DGlf + VGAE 40%,0.4,0.61489898989899,0.4547079909075013,False,Proposed,False,0.5017678621834682,-4.7059871275966945
Airports-Europe,sage,12351,DGlf + VGAE 55%,0.55,0.5719323975137929,0.51561004784689,False,Proposed,False,0.4842807924203273,3.132925542656273
Airports-Europe,sage,12352,DGlf + VGAE 10%,0.1,0.6101182099634113,0.6845164773636218,False,Proposed,False,0.4517640169814082,23.275246038221354
Airports-Europe,sage,12353,DGlf + VGAE 25%,0.25,0.6158645276292335,0.5424772365948837,False,Proposed,False,0.4437352245862884,9.874201200859527
Airports-Europe,sage,12354,DGlf + VGAE 55%,0.55,0.5878530274756689,0.5244617297720003,False,Proposed,False,0.4796653991300089,4.479633064199145
Airports-Europe,sage,12355,DGlf + VGAE 25%,0.25,0.6850274725274725,0.4975889192886457,False,Proposed,False,0.449207410236822,4.838150905182371
Airports-Europe,sage,12356,DGlf + VGAE 10%,0.1,0.5880319975147561,0.5248958988057826,False,Proposed,False,0.3481784632300476,17.6717435575735
Airports-Europe,sage,12357,DGlf + VGAE 25%,0.25,0.5971297517029224,0.5799132744821435,False,Proposed,False,0.4966052731394497,8.330800134269378
Airports-Europe,sage,12358,DGlf + VGAE 0%,0.0,0.6331432794847429,0.6083970576178986,False,Proposed,False,0.4156615741981596,19.273548341973907
Airports-Europe,sage,12359,DGlf + VGAE 10%,0.1,0.6724025974025973,0.4989055659787367,False,Proposed,False,0.3603219696969696,13.858359628176709
Airports-Europe,sage,12360,DGlf + VGAE 10%,0.1,0.5788533834586467,0.6120632827949902,False,Proposed,False,0.4201565266845037,19.19067561104865
Airports-Europe,sage,12361,DGlf + VGAE 10%,0.1,0.643395819866408,0.5305190058479532,False,Proposed,False,0.4237009936023947,10.681801224555848
Airports-Europe,sage,12362,DGlf + VGAE 55%,0.55,0.6493555316863587,0.5036747179405688,False,Proposed,False,0.4802511598144297,2.3423558126139166
Airports-Europe,sage,12363,DGlf + VGAE 10%,0.1,0.6259157509157509,0.6055555555555556,False,Proposed,False,0.4770278992246956,12.852765633086005
Airports-Europe,sage,12364,DGlf + VGAE 40%,0.4,0.6297736985236986,0.4595460845460846,False,Proposed,False,0.4579435664936402,0.16025180524443794
Airports-Europe,sage,12365,DGlf + VGAE 10%,0.1,0.6480412083532601,0.5835686777920411,False,Proposed,False,0.424763353617309,15.880532417473214
Airports-Europe,sage,12366,DGlf + VGAE 25%,0.25,0.5626472626472626,0.5992739898989898,False,Proposed,False,0.4415182518630794,15.775573803591042
Airports-Europe,sage,12367,DGlf + VGAE 55%,0.55,0.6334971334971334,0.5261216702233036,False,Proposed,False,0.5489453903973002,-2.2823720173996587
Airports-Europe,sage,12368,DGlf + VGAE 55%,0.55,0.5924230648496822,0.590675539083558,False,Proposed,False,0.4742125199362041,11.646301914735385
Airports-Europe,sage,12369,DGlf + VGAE 10%,0.1,0.6826706676669168,0.6675245486221095,False,Proposed,False,0.4175045978789597,25.00199507431498
Airports-Europe,sage,12370,DGlf + VGAE 10%,0.1,0.6645857530003871,0.5775038531703308,False,Proposed,False,0.4308441558441558,14.665969732617501
Airports-Europe,sage,12371,DGlf + VGAE 10%,0.1,0.6403405868096737,0.5194412662090008,False,Proposed,False,0.3323168498168498,18.7124416392151
Airports-Europe,sage,12372,DGlf + VGAE 55%,0.55,0.5966666666666667,0.5557915057915058,False,Proposed,False,0.4449848243965891,11.080668139491673
Airports-Europe,sage,12373,DGlf + VGAE 10%,0.1,0.5660833731485906,0.5054252054252054,False,Proposed,False,0.48425901378579,2.1166191639415413
Airports-Europe,sage,12374,DGlf + VGAE 10%,0.1,0.5511212624584718,0.6234531234531234,False,Proposed,False,0.4716071428571428,15.184598059598065
Airports-USA,gat,12345,DGlf + VGAE 40%,0.4,0.7438212146429121,0.6532868119439877,False,Proposed,False,0.5537948378838458,9.949197406014198
Airports-USA,gat,12346,DGlf + VGAE 0%,0.0,0.7448836815218451,0.6934368527588868,False,Proposed,False,0.6138845377332219,7.955231502566484
Airports-USA,gat,12347,DGlf + VGAE 10%,0.1,0.7471475396885477,0.6448455445552472,False,Proposed,False,0.562213880241714,8.26316643135332
Airports-USA,gat,12348,DGlf + VGAE 0%,0.0,0.7572746746736349,0.692702941520703,False,Proposed,False,0.5940785029392676,9.862443858143543
Airports-USA,gat,12349,DGlf + VGAE 0%,0.0,0.7001652069613236,0.6755099023958946,False,Proposed,False,0.5403632545531694,13.514664784272522
Airports-USA,gat,12350,DGlf + VGAE 10%,0.1,0.7479929922157382,0.7293270548718969,False,Proposed,False,0.6060330923937193,12.329396247817758
Airports-USA,gat,12351,DGlf + VGAE 0%,0.0,0.7584901630535712,0.6972943722943723,False,Proposed,False,0.5073752679530519,18.99191043413204
Airports-USA,gat,12352,DGlf + VGAE 25%,0.25,0.7609484070536703,0.714763486604037,False,Proposed,False,0.580985879200165,13.3777607403872
Airports-USA,gat,12353,DGlf + VGAE 10%,0.1,0.7091552098787635,0.7312147933262728,False,Proposed,False,0.5735589640494756,15.765582927679722
Airports-USA,gat,12354,DGlf + VGAE 0%,0.0,0.7332638873837751,0.7053754082779496,False,Proposed,False,0.597731679171519,10.764372910643061
Airports-USA,gat,12355,DGlf + VGAE 0%,0.0,0.7346628330058234,0.7676900826785441,False,Proposed,False,0.6154456654456655,15.224441723287862
Airports-USA,gat,12356,DGlf + VGAE 40%,0.4,0.756551285698228,0.6433595776189744,False,Proposed,False,0.4873162806789382,15.604329694003628
Airports-USA,gat,12357,DGlf + VGAE 25%,0.25,0.7444962042788129,0.6562724091538701,False,Proposed,False,0.5832369493251846,7.303545982868553
Airports-USA,gat,12358,DGlf + VGAE 10%,0.1,0.7529490711308893,0.6603751588126587,False,Proposed,False,0.5691612569741481,9.121390183851064
Airports-USA,gat,12359,DGlf + VGAE 0%,0.0,0.7768400295723499,0.6758875828905172,False,Proposed,False,0.5813897981451173,9.449778474539993
Airports-USA,gat,12360,DGlf + VGAE 10%,0.1,0.6971235358006352,0.7145937368274429,False,Proposed,False,0.6155072257758825,9.908651105156041
Airports-USA,gat,12361,DGlf + VGAE 55%,0.55,0.7111008622797207,0.729216061384785,False,Proposed,False,0.5167724019548333,21.24436594299517
Airports-USA,gat,12362,DGlf + VGAE 25%,0.25,0.7683798673103486,0.7317521230300135,False,Proposed,False,0.6282626967404695,10.348942628954394
Airports-USA,gat,12363,DGlf + VGAE 40%,0.4,0.7329483737520031,0.6694399371456109,False,Proposed,False,0.6052558021688457,6.418413497676523
Airports-USA,gat,12364,DGlf + VGAE 10%,0.1,0.6980269707665853,0.7062741733691225,False,Proposed,False,0.5719053176069611,13.43688557621614
Airports-USA,gat,12365,DGlf + VGAE 10%,0.1,0.7234824496176082,0.7236532013299273,False,Proposed,False,0.6002305498445086,12.342265148541864
Airports-USA,gat,12366,DGlf + VGAE 40%,0.4,0.7218758545653662,0.6885029305497695,False,Proposed,False,0.5657259089753368,12.27770215744327
Airports-USA,gat,12367,DGlf + VGAE 10%,0.1,0.7372585537283848,0.7305027048687638,False,Proposed,False,0.5536698463169052,17.683285855185858
Airports-USA,gat,12368,DGlf + VGAE 25%,0.25,0.7772770908016811,0.7222950922950924,False,Proposed,False,0.5240160327348663,19.827905956022608
Airports-USA,gat,12369,DGlf + VGAE 10%,0.1,0.7473234605986236,0.71057884439484,False,Proposed,False,0.5603722557616587,15.020658863318125
Airports-USA,gat,12370,DGlf + VGAE 0%,0.0,0.7267428134060994,0.6917234107066191,False,Proposed,False,0.5310064679468205,16.071694275979866
Airports-USA,gat,12371,DGlf + VGAE 10%,0.1,0.8071110152430256,0.6709946644845506,False,Proposed,False,0.5550262672050992,11.596839727945142
Airports-USA,gat,12372,DGlf + VGAE 40%,0.4,0.7043651548076327,0.7005618114203658,False,Proposed,False,0.6048920759943769,9.56697354259889
Airports-USA,gat,12373,DGlf + VGAE 25%,0.25,0.7311577311577312,0.6876103404791929,False,Proposed,False,0.5127983888068788,17.481195167231412
Airports-USA,gat,12374,DGlf + VGAE 0%,0.0,0.7202480765436969,0.6881133967761268,False,Proposed,False,0.6374131881981412,5.070020857798562
Airports-USA,gcn,12345,DGlf + VGAE 40%,0.4,0.762602444865113,0.6725539946778886,False,Proposed,False,0.4696195428698649,20.293445180802365
Airports-USA,gcn,12346,DGlf + VGAE 25%,0.25,0.7284486328789607,0.6982984425684461,False,Proposed,False,0.5630992776020809,13.519916496636519
Airports-USA,gcn,12347,DGlf + VGAE 0%,0.0,0.7440513484820387,0.6639423393316608,False,Proposed,False,0.5022671781395822,16.16751611920786
Airports-USA,gcn,12348,DGlf + VGAE 0%,0.0,0.7444360694453904,0.6624337533829923,False,Proposed,False,0.5355281232044652,12.690563017852707
Airports-USA,gcn,12349,DGlf + VGAE 25%,0.25,0.6930187383675755,0.6953425487973203,False,Proposed,False,0.5152643652643653,18.0078183532955
Airports-USA,gcn,12350,DGlf + VGAE 40%,0.4,0.7510644600584138,0.6960676598081179,False,Proposed,False,0.5304077148195628,16.565994498855506
Airports-USA,gcn,12351,DGlf + VGAE 25%,0.25,0.7494674035941484,0.682053113945245,False,Proposed,False,0.4730868372146429,20.896627673060213
Airports-USA,gcn,12352,DGlf + VGAE 0%,0.0,0.7628389496616297,0.6998313659616691,False,Proposed,False,0.481540223986748,21.829114197492107
Airports-USA,gcn,12353,DGlf + VGAE 10%,0.1,0.7162798416492385,0.7177487540690808,False,Proposed,False,0.4681405313734448,24.9608222695636
Airports-USA,gcn,12354,DGlf + VGAE 10%,0.1,0.7213205543136191,0.7119504852081114,False,Proposed,False,0.564017766772701,14.793271843541046
Airports-USA,gcn,12355,DGlf + VGAE 25%,0.25,0.7307643541305409,0.7715382522778516,False,Proposed,False,0.5438118738733414,22.772637840451015
Airports-USA,gcn,12356,DGlf + VGAE 10%,0.1,0.7318766222923845,0.648889377016115,False,Proposed,False,0.5429186985270291,10.597067848908592
Airports-USA,gcn,12357,DGlf + VGAE 25%,0.25,0.7416575345706318,0.6697255470372543,False,Proposed,False,0.5492829427418751,12.044260429537923
Airports-USA,gcn,12358,DGlf + VGAE 55%,0.55,0.750855684397779,0.6627242263520283,False,Proposed,False,0.551827237889919,11.089698846210927
Airports-USA,gcn,12359,DGlf + VGAE 10%,0.1,0.7745957148326751,0.7260321985221345,False,Proposed,False,0.5539303687714694,17.210182975066513
Airports-USA,gcn,12360,DGlf + VGAE 25%,0.25,0.7014830745857665,0.7147569444444445,False,Proposed,False,0.4666822007730762,24.807474367136827
Airports-USA,gcn,12361,DGlf + VGAE 40%,0.4,0.7061223756111591,0.7375950671682368,False,Proposed,False,0.5400474249954852,19.754764217275156
Airports-USA,gcn,12362,DGlf + VGAE 25%,0.25,0.7760210677769359,0.7524275181898858,False,Proposed,False,0.5326052805471247,21.98222376427611
Airports-USA,gcn,12363,DGlf + VGAE 25%,0.25,0.7115787689886823,0.6552039089588497,False,Proposed,False,0.4730350378787878,18.21688710800619
Airports-USA,gcn,12364,DGlf + VGAE 40%,0.4,0.7184873949579832,0.713994928326479,False,Proposed,False,0.5122278384601637,20.17670898663153
Airports-USA,gcn,12365,DGlf + VGAE 10%,0.1,0.7016859227072603,0.6850238347457627,False,Proposed,False,0.5016160095175373,18.34078252282254
Airports-USA,gcn,12366,DGlf + VGAE 25%,0.25,0.7237376286643064,0.7309747824524386,False,Proposed,False,0.5693925618716592,16.158222058077943
Airports-USA,gcn,12367,DGlf + VGAE 55%,0.55,0.7330842146494321,0.7040585311733971,False,Proposed,False,0.5375546511155861,16.650388005781103
Airports-USA,gcn,12368,DGlf + VGAE 40%,0.4,0.7672721255264119,0.7655216080309618,False,Proposed,False,0.4819862871127529,28.35353209182089
Airports-USA,gcn,12369,DGlf + VGAE 10%,0.1,0.7771861915666229,0.6985207617010128,False,Proposed,False,0.5225949955124181,17.59257661885948
Airports-USA,gcn,12370,DGlf + VGAE 25%,0.25,0.7452815223205952,0.7386544933997727,False,Proposed,False,0.5583539390489708,18.030055435080193
Airports-USA,gcn,12371,DGlf + VGAE 25%,0.25,0.781763734551252,0.6680261431332126,False,Proposed,False,0.4668988737954255,20.112726933778713
Airports-USA,gcn,12372,DGlf + VGAE 25%,0.25,0.701630961328403,0.686316762207744,False,Proposed,False,0.5008558450166745,18.54609171910695
Airports-USA,gcn,12373,DGlf + VGAE 25%,0.25,0.728735632183908,0.7032656683172283,False,Proposed,False,0.5533218625539862,14.994380576324208
Airports-USA,gcn,12374,DGlf + VGAE 0%,0.0,0.7281473774876468,0.6784597286532915,False,Proposed,False,0.5815958961573784,9.686383249591312
Airports-USA,sage,12345,DGlf + VGAE 40%,0.4,0.7631986013490789,0.7132026611763137,False,Proposed,False,0.5643700542776637,14.883260689864997
Airports-USA,sage,12346,DGlf + VGAE 25%,0.25,0.7248864078418855,0.723071298927982,False,Proposed,False,0.5364956034494925,18.65756954784895
Airports-USA,sage,12347,DGlf + VGAE 0%,0.0,0.7554797346776223,0.6957196468031238,False,Proposed,False,0.5384958113255077,15.72238354776161
Airports-USA,sage,12348,DGlf + VGAE 10%,0.1,0.7819970401195264,0.7139194175771717,False,Proposed,False,0.5148353241370169,19.908409344015475
Airports-USA,sage,12349,DGlf + VGAE 10%,0.1,0.7417086106645432,0.7246195017660457,False,Proposed,False,0.5445447105729084,18.00747911931373
Airports-USA,sage,12350,DGlf + VGAE 10%,0.1,0.7562390680610849,0.7200279301895023,False,Proposed,False,0.5965741416154117,12.345378857409061
Airports-USA,sage,12351,DGlf + VGAE 25%,0.25,0.7656880137153348,0.7159682933553901,False,Proposed,False,0.5447057755830623,17.12625177723278
Airports-USA,sage,12352,DGlf + VGAE 40%,0.4,0.7822014051522248,0.6923435375860233,False,Proposed,False,0.5285501983234084,16.379333926261484
Airports-USA,sage,12353,DGlf + VGAE 10%,0.1,0.7499010340053647,0.7218031815613835,False,Proposed,False,0.547574007900457,17.422917366092648
Airports-USA,sage,12354,DGlf + VGAE 10%,0.1,0.7315439904689334,0.7392735684631829,False,Proposed,False,0.5307197891061033,20.855377935707963
Airports-USA,sage,12355,DGlf + VGAE 0%,0.0,0.7436976027823821,0.7767598787022825,False,Proposed,False,0.5864788043169978,19.028107438528462
Airports-USA,sage,12356,DGlf + VGAE 25%,0.25,0.7531086729362592,0.6816623166537525,False,Proposed,False,0.5056601127122542,17.600220394149837
Airports-USA,sage,12357,DGlf + VGAE 25%,0.25,0.773466212920467,0.6902366820196896,False,Proposed,False,0.4964226657420774,19.381401627761218
Airports-USA,sage,12358,DGlf + VGAE 0%,0.0,0.7601293175181267,0.667094017094017,False,Proposed,False,0.5256283341143031,14.146568297971395
Airports-USA,sage,12359,DGlf + VGAE 0%,0.0,0.7761211205811487,0.7024805754385262,False,Proposed,False,0.6367119471725584,6.576862826596774
Airports-USA,sage,12360,DGlf + VGAE 40%,0.4,0.7063640216660355,0.7514175706990956,False,Proposed,False,0.6243308080808081,12.708676261828755
Airports-USA,sage,12361,DGlf + VGAE 25%,0.25,0.7221849452047637,0.7635738084890626,False,Proposed,False,0.5581889332407144,20.538487524834824
Airports-USA,sage,12362,DGlf + VGAE 0%,0.0,0.8004181507608618,0.7577514982330787,False,Proposed,False,0.5201903289529652,23.75611692801135
Airports-USA,sage,12363,DGlf + VGAE 0%,0.0,0.7590436208212941,0.6796504674766262,False,Proposed,False,0.4883325760261244,19.131789145050178
Airports-USA,sage,12364,DGlf + VGAE 10%,0.1,0.7367389112069963,0.6935491819137647,False,Proposed,False,0.5580563559626371,13.549282595112755
Airports-USA,sage,12365,DGlf + VGAE 0%,0.0,0.7418763200540381,0.7232049260470245,False,Proposed,False,0.539282353104804,18.39225729422205
Airports-USA,sage,12366,DGlf + VGAE 10%,0.1,0.7575398187920874,0.7605416753247779,False,Proposed,False,0.4911712987495107,26.93703765752672
Airports-USA,sage,12367,DGlf + VGAE 0%,0.0,0.7685583067048662,0.7222857271082384,False,Proposed,False,0.4990886116677255,22.319711544051284
Airports-USA,sage,12368,DGlf + VGAE 0%,0.0,0.78139820597138,0.7344095298054886,False,Proposed,False,0.5763832632559023,15.80262665495863
Airports-USA,sage,12369,DGlf + VGAE 10%,0.1,0.7742780822780821,0.7270520708836853,False,Proposed,False,0.4942496532606794,23.28024176230059
Airports-USA,sage,12370,DGlf + VGAE 10%,0.1,0.7614343244637429,0.7445539628887267,False,Proposed,False,0.6206235873887385,12.39303754999882
Airports-USA,sage,12371,DGlf + VGAE 10%,0.1,0.8107199589518668,0.7115783928723292,False,Proposed,False,0.5849475051214515,12.663088775087761
Airports-USA,sage,12372,DGlf + VGAE 40%,0.4,0.7041699651203949,0.7208870674779766,False,Proposed,False,0.6017794221282593,11.91076453497173
Airports-USA,sage,12373,DGlf + VGAE 10%,0.1,0.7650739114644574,0.691944488438391,False,Proposed,False,0.5003875215412488,19.15569668971422
Airports-USA,sage,12374,DGlf + VGAE 40%,0.4,0.7423012491786215,0.7376103404791929,False,Proposed,False,0.5534623035217416,18.414803695745128
Amazon-Photo,gat,12345,original,-1.0,0.92464056854684,0.9305684901780258,True,Proposed,True,0.9305684901780258,0.0
Amazon-Photo,gat,12346,original,-1.0,0.940398561358888,0.9368745681077622,True,Proposed,True,0.9368745681077622,0.0
Amazon-Photo,gat,12347,original,-1.0,0.9329593020181336,0.932038224385098,True,Proposed,True,0.932038224385098,0.0
Amazon-Photo,gat,12348,original,-1.0,0.934385324127912,0.9232159899182782,True,Proposed,True,0.9232159899182782,0.0
Amazon-Photo,gat,12349,original,-1.0,0.9390350629992886,0.933111453302312,True,Proposed,True,0.933111453302312,0.0
Amazon-Photo,gat,12350,original,-1.0,0.9360805396076648,0.9221145033853356,True,Proposed,True,0.9221145033853356,0.0
Amazon-Photo,gat,12351,original,-1.0,0.9480057348940526,0.923104291123416,True,Proposed,True,0.923104291123416,0.0
Amazon-Photo,gat,12352,original,-1.0,0.9383090711823394,0.9224466808690042,True,Proposed,True,0.9224466808690042,0.0
Amazon-Photo,gat,12353,original,-1.0,0.9404035780184128,0.930033093874156,True,Proposed,True,0.930033093874156,0.0
Amazon-Photo,gat,12354,original,-1.0,0.92187847879015,0.9249716051769028,True,Proposed,True,0.9249716051769028,0.0
Amazon-Photo,gat,12355,original,-1.0,0.9237969581293342,0.9324052891061516,True,Proposed,True,0.9324052891061516,0.0
Amazon-Photo,gat,12356,original,-1.0,0.9198823802452843,0.944872245917192,True,Proposed,True,0.944872245917192,0.0
Amazon-Photo,gat,12357,original,-1.0,0.9393401621689166,0.9342184675166696,True,Proposed,True,0.9342184675166696,0.0
Amazon-Photo,gat,12358,original,-1.0,0.9248066188904536,0.928787386009894,True,Proposed,True,0.928787386009894,0.0
Amazon-Photo,gat,12359,original,-1.0,0.948113055543102,0.9252739308632102,True,Proposed,True,0.9252739308632102,0.0
Amazon-Photo,gat,12360,original,-1.0,0.9220899137615806,0.9192288432513082,True,Proposed,True,0.9192288432513082,0.0
Amazon-Photo,gat,12361,original,-1.0,0.9371143750162336,0.9340931831561284,True,Proposed,True,0.9340931831561284,0.0
Amazon-Photo,gat,12362,original,-1.0,0.9218411426811384,0.934657359819723,True,Proposed,True,0.934657359819723,0.0
Amazon-Photo,gat,12363,original,-1.0,0.9343183670225385,0.926177930376232,True,Proposed,True,0.926177930376232,0.0
Amazon-Photo,gat,12364,original,-1.0,0.9305645257654076,0.9276962939473994,True,Proposed,True,0.9276962939473994,0.0
Amazon-Photo,gat,12365,original,-1.0,0.9376971721637996,0.9245437065203672,True,Proposed,True,0.9245437065203672,0.0
Amazon-Photo,gat,12366,original,-1.0,0.938290001026682,0.9187182823611216,True,Proposed,True,0.9187182823611216,0.0
Amazon-Photo,gat,12367,original,-1.0,0.9333008823337,0.929014050073335,True,Proposed,True,0.929014050073335,0.0
Amazon-Photo,gat,12368,original,-1.0,0.9393932432014448,0.9360944880384384,True,Proposed,True,0.9360944880384384,0.0
Amazon-Photo,gat,12369,original,-1.0,0.9322072284648972,0.931758131385733,True,Proposed,True,0.931758131385733,0.0
Amazon-Photo,gat,12370,original,-1.0,0.942762170144114,0.9253506536646828,True,Proposed,True,0.9253506536646828,0.0
Amazon-Photo,gat,12371,original,-1.0,0.9424515997624792,0.9207267154211612,True,Proposed,True,0.9207267154211612,0.0
Amazon-Photo,gat,12372,original,-1.0,0.9303939012081468,0.9168003446272815,True,Proposed,True,0.9168003446272815,0.0
Amazon-Photo,gat,12373,original,-1.0,0.94443493183376,0.9276028953324388,True,Proposed,True,0.9276028953324388,0.0
Amazon-Photo,gat,12374,original,-1.0,0.931943659957584,0.9262864438283251,True,Proposed,True,0.9262864438283251,0.0
Amazon-Photo,gcn,12345,original,-1.0,0.9339574033306836,0.935124945419686,True,Proposed,True,0.935124945419686,0.0
Amazon-Photo,gcn,12346,original,-1.0,0.943035679466508,0.937713000589472,True,Proposed,True,0.937713000589472,0.0
Amazon-Photo,gcn,12347,original,-1.0,0.9345812611877444,0.9272580058584232,True,Proposed,True,0.9272580058584232,0.0
Amazon-Photo,gcn,12348,original,-1.0,0.9486030551262812,0.9384665721978268,True,Proposed,True,0.9384665721978268,0.0
Amazon-Photo,gcn,12349,original,-1.0,0.9407158579734948,0.930516108218647,True,Proposed,True,0.930516108218647,0.0
Amazon-Photo,gcn,12350,original,-1.0,0.9484487551272848,0.9326157896598096,True,Proposed,True,0.9326157896598096,0.0
Amazon-Photo,gcn,12351,original,-1.0,0.955577416718934,0.9343467752092376,True,Proposed,True,0.9343467752092376,0.0
Amazon-Photo,gcn,12352,original,-1.0,0.942248979462138,0.9354630544947012,True,Proposed,True,0.9354630544947012,0.0
Amazon-Photo,gcn,12353,original,-1.0,0.9443695989856614,0.9305056560918477,True,Proposed,True,0.9305056560918477,0.0
Amazon-Photo,gcn,12354,original,-1.0,0.9242853200804356,0.9405892872496048,True,Proposed,True,0.9405892872496048,0.0
Amazon-Photo,gcn,12355,original,-1.0,0.940181739117982,0.9367613268316886,True,Proposed,True,0.9367613268316886,0.0
Amazon-Photo,gcn,12356,original,-1.0,0.9264814869624016,0.9502920307321308,True,Proposed,True,0.9502920307321308,0.0
Amazon-Photo,gcn,12357,original,-1.0,0.9418541969142722,0.9279313844230648,True,Proposed,True,0.9279313844230648,0.0
Amazon-Photo,gcn,12358,original,-1.0,0.9407797054936324,0.9361467990025772,True,Proposed,True,0.9361467990025772,0.0
Amazon-Photo,gcn,12359,original,-1.0,0.9481235572082314,0.9314342081792288,True,Proposed,True,0.9314342081792288,0.0
Amazon-Photo,gcn,12360,original,-1.0,0.935507798961614,0.925180245103964,True,Proposed,True,0.925180245103964,0.0
Amazon-Photo,gcn,12361,original,-1.0,0.9445634801167568,0.9312503621022264,True,Proposed,True,0.9312503621022264,0.0
Amazon-Photo,gcn,12362,original,-1.0,0.937889917332295,0.937268228622597,True,Proposed,True,0.937268228622597,0.0
Amazon-Photo,gcn,12363,original,-1.0,0.9405820577767467,0.9338259764613392,True,Proposed,True,0.9338259764613392,0.0
Amazon-Photo,gcn,12364,original,-1.0,0.935794137951412,0.944444297861622,True,Proposed,True,0.944444297861622,0.0
Amazon-Photo,gcn,12365,original,-1.0,0.945714022591928,0.9407063018007986,True,Proposed,True,0.9407063018007986,0.0
Amazon-Photo,gcn,12366,original,-1.0,0.9430165399981558,0.9313781182919106,True,Proposed,True,0.9313781182919106,0.0
Amazon-Photo,gcn,12367,original,-1.0,0.9388543592100648,0.9396545088465028,True,Proposed,True,0.9396545088465028,0.0
Amazon-Photo,gcn,12368,original,-1.0,0.9437748297885504,0.9401151567456496,True,Proposed,True,0.9401151567456496,0.0
Amazon-Photo,gcn,12369,original,-1.0,0.9371494839521064,0.9246070211492186,True,Proposed,True,0.9246070211492186,0.0
Amazon-Photo,gcn,12370,original,-1.0,0.9509706655430508,0.9271081416426904,True,Proposed,True,0.9271081416426904,0.0
Amazon-Photo,gcn,12371,original,-1.0,0.9462072673785076,0.9371616794611876,True,Proposed,True,0.9371616794611876,0.0
Amazon-Photo,gcn,12372,original,-1.0,0.9432989340931532,0.9317526701983224,True,Proposed,True,0.9317526701983224,0.0
Amazon-Photo,gcn,12373,original,-1.0,0.9428749405256092,0.945240595620374,True,Proposed,True,0.945240595620374,0.0
Amazon-Photo,gcn,12374,original,-1.0,0.9391201213129814,0.933793563881683,True,Proposed,True,0.933793563881683,0.0
Amazon-Photo,sage,12345,original,-1.0,0.9450910150886194,0.9375705819438886,True,Proposed,True,0.9375705819438886,0.0
Amazon-Photo,sage,12346,original,-1.0,0.951464807240708,0.9437289734307586,True,Proposed,True,0.9437289734307586,0.0
Amazon-Photo,sage,12347,original,-1.0,0.9431701681877136,0.9346732256244622,True,Proposed,True,0.9346732256244622,0.0
Amazon-Photo,sage,12348,original,-1.0,0.9533328303256134,0.9421858649633804,True,Proposed,True,0.9421858649633804,0.0
Amazon-Photo,sage,12349,original,-1.0,0.9466739435854772,0.94351045166727,True,Proposed,True,0.94351045166727,0.0
Amazon-Photo,sage,12350,original,-1.0,0.9494603054896033,0.944710602428012,True,Proposed,True,0.944710602428012,0.0
Amazon-Photo,sage,12351,original,-1.0,0.9492411459806668,0.9332416921460625,True,Proposed,True,0.9332416921460625,0.0
Amazon-Photo,sage,12352,original,-1.0,0.9436760557692164,0.9377215881968244,True,Proposed,True,0.9377215881968244,0.0
Amazon-Photo,sage,12353,original,-1.0,0.9579459721416006,0.9464867473505424,True,Proposed,True,0.9464867473505424,0.0
Amazon-Photo,sage,12354,original,-1.0,0.9406265251803448,0.9332996065388351,True,Proposed,True,0.9332996065388351,0.0
Amazon-Photo,sage,12355,original,-1.0,0.9395020360967,0.9432551822636756,True,Proposed,True,0.9432551822636756,0.0
Amazon-Photo,sage,12356,original,-1.0,0.9437540836032904,0.9459611128206494,True,Proposed,True,0.9459611128206494,0.0
Amazon-Photo,sage,12357,original,-1.0,0.9486006047123956,0.945750042350306,True,Proposed,True,0.945750042350306,0.0
Amazon-Photo,sage,12358,original,-1.0,0.9450769210587554,0.9354683683331352,True,Proposed,True,0.9354683683331352,0.0
Amazon-Photo,sage,12359,original,-1.0,0.9582284099466056,0.9437371063215764,True,Proposed,True,0.9437371063215764,0.0
Amazon-Photo,sage,12360,original,-1.0,0.9445576218155868,0.9342244023609156,True,Proposed,True,0.9342244023609156,0.0
Amazon-Photo,sage,12361,original,-1.0,0.9468537248982836,0.9378750863290856,True,Proposed,True,0.9378750863290856,0.0
Amazon-Photo,sage,12362,original,-1.0,0.9400942976041676,0.9461726729434534,True,Proposed,True,0.9461726729434534,0.0
Amazon-Photo,sage,12363,original,-1.0,0.9538261233767864,0.9366342972287102,True,Proposed,True,0.9366342972287102,0.0
Amazon-Photo,sage,12364,original,-1.0,0.9458987524830352,0.952942070264527,True,Proposed,True,0.952942070264527,0.0
Amazon-Photo,sage,12365,original,-1.0,0.9510626212890242,0.9393780907772652,True,Proposed,True,0.9393780907772652,0.0
Amazon-Photo,sage,12366,original,-1.0,0.9493453299115746,0.9305721955374964,True,Proposed,True,0.9305721955374964,0.0
Amazon-Photo,sage,12367,original,-1.0,0.947691974969897,0.9489079638705252,True,Proposed,True,0.9489079638705252,0.0
Amazon-Photo,sage,12368,original,-1.0,0.9483866298317568,0.9542863579820732,True,Proposed,True,0.9542863579820732,0.0
Amazon-Photo,sage,12369,original,-1.0,0.9504309828071672,0.9388967470054448,True,Proposed,True,0.9388967470054448,0.0
Amazon-Photo,sage,12370,original,-1.0,0.9528380451329496,0.935171157071917,True,Proposed,True,0.935171157071917,0.0
Amazon-Photo,sage,12371,original,-1.0,0.9551988660882332,0.9414274404531412,True,Proposed,True,0.9414274404531412,0.0
Amazon-Photo,sage,12372,original,-1.0,0.9385061824666356,0.9388685022209274,True,Proposed,True,0.9388685022209274,0.0
Amazon-Photo,sage,12373,original,-1.0,0.9598160316510096,0.9440070229285692,True,Proposed,True,0.9440070229285692,0.0
Amazon-Photo,sage,12374,original,-1.0,0.9438189986541428,0.9447007854915126,True,Proposed,True,0.9447007854915126,0.0
Coauthor-CS,gat,12345,DGlf + VGAE 55%,0.55,0.9249072670015612,0.914472473445883,False,Proposed,False,0.9104647123235377,0.40077611223453546
Coauthor-CS,gat,12346,DGlf + VGAE 55%,0.55,0.9243779873865612,0.914774071167952,False,Proposed,False,0.9162138979140676,-0.14398267461156466
Coauthor-CS,gat,12347,original,-1.0,0.9243845876851182,0.9129007259683284,True,Proposed,True,0.9129007259683284,0.0
Coauthor-CS,gat,12348,DGlf + VGAE 40%,0.4,0.9251857545519176,0.9121007135329298,False,Proposed,False,0.9033321842852908,0.8768529247638934
Coauthor-CS,gat,12349,DGlf + VGAE 55%,0.55,0.9232488455158364,0.9292527066348294,False,Proposed,False,0.9187455864733456,1.0507120161483807
Coauthor-CS,gat,12350,DGlf + VGAE 55%,0.55,0.930003560129846,0.9205796345866,False,Proposed,False,0.9236368638105608,-0.3057229223960789
Coauthor-CS,gat,12351,original,-1.0,0.9212785821111176,0.9153768637610264,True,Proposed,True,0.9153768637610264,0.0
Coauthor-CS,gat,12352,original,-1.0,0.9222104231206496,0.9206838010853928,True,Proposed,True,0.9206838010853928,0.0
Coauthor-CS,gat,12353,DGlf + VGAE 55%,0.55,0.930498336861292,0.9160578787906136,False,Proposed,False,0.9130169027803288,0.3040976010284857
Coauthor-CS,gat,12354,DGlf + VGAE 55%,0.55,0.9253124046313368,0.9213235016234028,False,Proposed,False,0.9188299749627908,0.24935266606119777
Coauthor-CS,gat,12355,DGlf + VGAE 40%,0.4,0.9196786959498452,0.909757053431264,False,Proposed,False,0.9138863819843636,-0.4129328553099554
Coauthor-CS,gat,12356,DGlf + VGAE 55%,0.55,0.92918676414652,0.9277159485906809,False,Proposed,False,0.9252946093481196,0.24213392425612712
Coauthor-CS,gat,12357,DGlf + VGAE 55%,0.55,0.922697997783654,0.9193064532882516,False,Proposed,False,0.9183503427240626,0.09561105641889833
Coauthor-CS,gat,12358,DGlf + VGAE 55%,0.55,0.9185957946813684,0.9220176326697378,False,Proposed,False,0.9126234442692616,0.9394188400476233
Coauthor-CS,gat,12359,original,-1.0,0.9187062808224996,0.9168764791997835,True,Proposed,True,0.9168764791997835,0.0
Coauthor-CS,gat,12360,DGlf + VGAE 55%,0.55,0.9262160057681562,0.9224726258288312,False,Proposed,False,0.9188189518276856,0.3653674001145579
Coauthor-CS,gat,12361,DGlf + VGAE 55%,0.55,0.92714045422781,0.9158948133972754,False,Proposed,False,0.9114111790861212,0.4483634311154172
Coauthor-CS,gat,12362,DGlf + VGAE 55%,0.55,0.9171681778271128,0.9172700424877446,False,Proposed,False,0.910353639412368,0.6916403075376554
Coauthor-CS,gat,12363,DGlf + VGAE 55%,0.55,0.9257662620484808,0.9205730474421396,False,Proposed,False,0.928071504775918,-0.7498457333778408
Coauthor-CS,gat,12364,original,-1.0,0.9167181326429144,0.9124311978098226,True,Proposed,True,0.9124311978098226,0.0
Coauthor-CS,gat,12365,DGlf + VGAE 55%,0.55,0.9205356020408928,0.9298416998329022,False,Proposed,False,0.9159681172774669,1.387358255543536
Coauthor-CS,gat,12366,original,-1.0,0.9302777505541948,0.9195194779177672,True,Proposed,True,0.9195194779177672,0.0
Coauthor-CS,gat,12367,DGlf + VGAE 55%,0.55,0.923896797412112,0.9132852863290954,False,Proposed,False,0.9129127733920638,0.0372512937031666
Coauthor-CS,gat,12368,DGlf + VGAE 55%,0.55,0.9224207565233272,0.9194582987690896,False,Proposed,False,0.9104503638546884,0.9007934914401217
Coauthor-CS,gat,12369,DGlf + VGAE 55%,0.55,0.9282289719529112,0.9175052326618016,False,Proposed,False,0.9158708549315542,0.16343777302474383
Coauthor-CS,gat,12370,DGlf + VGAE 40%,0.4,0.9251255498990398,0.917688135173648,False,Proposed,False,0.9245581032532948,-0.6869968079646793
Coauthor-CS,gat,12371,DGlf + VGAE 55%,0.55,0.9330521278260934,0.9125719346003358,False,Proposed,False,0.9127029165359068,-0.013098193557103954
Coauthor-CS,gat,12372,DGlf + VGAE 55%,0.55,0.922420540783265,0.9233901899946338,False,Proposed,False,0.9142570058294972,0.9133184165136643
Coauthor-CS,gat,12373,DGlf + VGAE 55%,0.55,0.9186227716002768,0.9273985328370334,False,Proposed,False,0.9208181631148012,0.6580369722232193
Coauthor-CS,gat,12374,DGlf + VGAE 55%,0.55,0.9288761562323894,0.9226422092283848,False,Proposed,False,0.9249294551298848,-0.2287245901499979
Coauthor-CS,gcn,12345,original,-1.0,0.9284693076999206,0.923921454888294,True,Proposed,True,0.923921454888294,0.0
Coauthor-CS,gcn,12346,original,-1.0,0.9205764849808656,0.9252399713524256,True,Proposed,True,0.9252399713524256,0.0
Coauthor-CS,gcn,12347,original,-1.0,0.9288218077011378,0.9212512351151024,True,Proposed,True,0.9212512351151024,0.0
Coauthor-CS,gcn,12348,original,-1.0,0.9320036461837924,0.9120931320888398,True,Proposed,True,0.9120931320888398,0.0
Coauthor-CS,gcn,12349,original,-1.0,0.9280695833463558,0.9240333027396196,True,Proposed,True,0.9240333027396196,0.0
Coauthor-CS,gcn,12350,DGlf + VGAE 55%,0.55,0.933579036820022,0.9183717217767706,False,Proposed,False,0.928015330060408,-0.9643608283637417
Coauthor-CS,gcn,12351,original,-1.0,0.9293083650547056,0.923090972706455,True,Proposed,True,0.923090972706455,0.0
Coauthor-CS,gcn,12352,original,-1.0,0.927828872835713,0.925983970456792,True,Proposed,True,0.925983970456792,0.0
Coauthor-CS,gcn,12353,original,-1.0,0.932523238880636,0.9207268560795532,True,Proposed,True,0.9207268560795532,0.0
Coauthor-CS,gcn,12354,DGlf + VGAE 55%,0.55,0.929437308206046,0.916246008164386,False,Proposed,False,0.9171628118654024,-0.09168037010164332
Coauthor-CS,gcn,12355,DGlf + VGAE 55%,0.55,0.920497128783704,0.9165287730094394,False,Proposed,False,0.9218876357408968,-0.535886273145747
Coauthor-CS,gcn,12356,original,-1.0,0.9274368115624448,0.926408429345129,True,Proposed,True,0.926408429345129,0.0
Coauthor-CS,gcn,12357,original,-1.0,0.9253073781986886,0.9288127280729208,True,Proposed,True,0.9288127280729208,0.0
Coauthor-CS,gcn,12358,original,-1.0,0.9192647594229136,0.92296021535962,True,Proposed,True,0.92296021535962,0.0
Coauthor-CS,gcn,12359,original,-1.0,0.9246695946519488,0.92874405813323,True,Proposed,True,0.92874405813323,0.0
Coauthor-CS,gcn,12360,DGlf + VGAE 55%,0.55,0.9290521689424468,0.9166486237966152,False,Proposed,False,0.9292678424341136,-1.2619218637498486
Coauthor-CS,gcn,12361,DGlf + VGAE 55%,0.55,0.9304903419095372,0.9207650294201049,False,Proposed,False,0.9222903098621064,-0.15252804420015087
Coauthor-CS,gcn,12362,original,-1.0,0.929189966315896,0.9287862624616434,True,Proposed,True,0.9287862624616434,0.0
Coauthor-CS,gcn,12363,DGlf + VGAE 55%,0.55,0.92805852433806,0.9174150548378524,False,Proposed,False,0.9351013742463032,-1.768631940845089
Coauthor-CS,gcn,12364,original,-1.0,0.916919299883941,0.9263561141187336,True,Proposed,True,0.9263561141187336,0.0
Coauthor-CS,gcn,12365,original,-1.0,0.9194998844667248,0.9297583663347752,True,Proposed,True,0.9297583663347752,0.0
Coauthor-CS,gcn,12366,original,-1.0,0.9377609139199864,0.9225628791091052,True,Proposed,True,0.9225628791091052,0.0
Coauthor-CS,gcn,12367,DGlf + VGAE 55%,0.55,0.9277923949524276,0.9177467499429453,False,Proposed,False,0.9192813134969224,-0.15345635539771862
Coauthor-CS,gcn,12368,original,-1.0,0.925409106437188,0.921365367201423,True,Proposed,True,0.921365367201423,0.0
Coauthor-CS,gcn,12369,original,-1.0,0.9290841603877475,0.916877365290765,True,Proposed,True,0.916877365290765,0.0
Coauthor-CS,gcn,12370,DGlf + VGAE 55%,0.55,0.9337343372088066,0.9287043000382658,False,Proposed,False,0.9231568325291082,0.5547467509157578
Coauthor-CS,gcn,12371,DGlf + VGAE 55%,0.55,0.937808047433032,0.910974761726143,False,Proposed,False,0.9166160802537884,-0.5641318527645378
Coauthor-CS,gcn,12372,DGlf + VGAE 55%,0.55,0.9252846548216612,0.921088024968007,False,Proposed,False,0.9162968625896456,0.4791162378361413
Coauthor-CS,gcn,12373,DGlf + VGAE 55%,0.55,0.9202899421820196,0.9349157551993792,False,Proposed,False,0.9309562913361282,0.3959463863250967
Coauthor-CS,gcn,12374,DGlf + VGAE 55%,0.55,0.9294679679345972,0.9209280082107092,False,Proposed,False,0.9317101123630346,-1.078210415232539
Coauthor-CS,sage,12345,original,-1.0,0.9357930010271792,0.931377121125852,True,Proposed,True,0.931377121125852,0.0
Coauthor-CS,sage,12346,DGlf + VGAE 55%,0.55,0.9312395450064964,0.9282202930705992,False,Proposed,False,0.9343924427465816,-0.6172149675982452
Coauthor-CS,sage,12347,original,-1.0,0.93712967664282,0.9348957973586142,True,Proposed,True,0.9348957973586142,0.0
Coauthor-CS,sage,12348,DGlf + VGAE 40%,0.4,0.9399523610263008,0.918107693187111,False,Proposed,False,0.9220548867308886,-0.3947193543777594
Coauthor-CS,sage,12349,DGlf + VGAE 55%,0.55,0.934716674527208,0.9375158717268872,False,Proposed,False,0.9345230982199928,0.29927735068944195
Coauthor-CS,sage,12350,DGlf + VGAE 55%,0.55,0.9399252202798032,0.9308491146363892,False,Proposed,False,0.9306259322959504,0.022318234043883223
Coauthor-CS,sage,12351,original,-1.0,0.940172747702785,0.9340910824768875,True,Proposed,True,0.9340910824768875,0.0
Coauthor-CS,sage,12352,original,-1.0,0.9330090025456704,0.9355205522484604,True,Proposed,True,0.9355205522484604,0.0
Coauthor-CS,sage,12353,DGlf + VGAE 55%,0.55,0.945977328500362,0.9305833910823004,False,Proposed,False,0.931929693073774,-0.1346301991473675
Coauthor-CS,sage,12354,DGlf + VGAE 55%,0.55,0.9349811228777536,0.927525581933252,False,Proposed,False,0.9344492951588672,-0.6923713225615247
Coauthor-CS,sage,12355,original,-1.0,0.9293503612524728,0.9264698017533414,True,Proposed,True,0.9264698017533414,0.0
Coauthor-CS,sage,12356,DGlf + VGAE 55%,0.55,0.9387141836055296,0.9361857700617924,False,Proposed,False,0.934627955693564,0.15578143682283274
Coauthor-CS,sage,12357,original,-1.0,0.9361975914511144,0.9350134926822168,True,Proposed,True,0.9350134926822168,0.0
Coauthor-CS,sage,12358,DGlf + VGAE 55%,0.55,0.9279596736237802,0.9340012602524476,False,Proposed,False,0.937718762957798,-0.37175027053504284
Coauthor-CS,sage,12359,original,-1.0,0.9363891458056326,0.9298173896605586,True,Proposed,True,0.9298173896605586,0.0
Coauthor-CS,sage,12360,original,-1.0,0.9402679038631386,0.9343764017727404,True,Proposed,True,0.9343764017727404,0.0
Coauthor-CS,sage,12361,DGlf + VGAE 55%,0.55,0.9376996605043696,0.934348114849416,False,Proposed,False,0.9275213646780294,0.6826750171386675
Coauthor-CS,sage,12362,DGlf + VGAE 55%,0.55,0.939191531475329,0.9333947126335046,False,Proposed,False,0.9316238009566096,0.17709116768950262
Coauthor-CS,sage,12363,DGlf + VGAE 40%,0.4,0.933382691575328,0.9321521050168208,False,Proposed,False,0.9414277269841314,-0.9275621967310577
Coauthor-CS,sage,12364,original,-1.0,0.9305549526376384,0.9333649318177236,True,Proposed,True,0.9333649318177236,0.0
Coauthor-CS,sage,12365,original,-1.0,0.9326412074648648,0.9350451404779404,True,Proposed,True,0.9350451404779404,0.0
Coauthor-CS,sage,12366,original,-1.0,0.9426144888857444,0.9302046103679794,True,Proposed,True,0.9302046103679794,0.0
Coauthor-CS,sage,12367,DGlf + VGAE 55%,0.55,0.9362544129332536,0.9247979251093272,False,Proposed,False,0.9269367995423732,-0.21388744330459453
Coauthor-CS,sage,12368,DGlf + VGAE 55%,0.55,0.9352080625155572,0.9329720593190836,False,Proposed,False,0.926913164633654,0.6058894685429528
Coauthor-CS,sage,12369,original,-1.0,0.9391021054306172,0.921741866365554,True,Proposed,True,0.921741866365554,0.0
Coauthor-CS,sage,12370,DGlf + VGAE 55%,0.55,0.9427401680474732,0.9412729037815012,False,Proposed,False,0.936564457596432,0.47084461850691595
Coauthor-CS,sage,12371,DGlf + VGAE 55%,0.55,0.9475603369178036,0.9233121440627438,False,Proposed,False,0.9219239428790866,0.1388201183657123
Coauthor-CS,sage,12372,original,-1.0,0.9370031114432849,0.9222193998923276,True,Proposed,True,0.9222193998923276,0.0
Coauthor-CS,sage,12373,DGlf + VGAE 55%,0.55,0.9311935411646802,0.9376075380563038,False,Proposed,False,0.9426192698356072,-0.5011731779303363
Coauthor-CS,sage,12374,DGlf + VGAE 55%,0.55,0.9432180457221117,0.9313056860134192,False,Proposed,False,0.9378397650499573,-0.6534079036538021
Cora,gat,12345,DGlf + VGAE 25%,0.25,0.8765679112340882,0.8431677948520095,False,Proposed,False,0.871739603880071,-2.8571809028061446
Cora,gat,12346,original,-1.0,0.8710716638722096,0.851692119687858,True,Proposed,True,0.851692119687858,0.0
Cora,gat,12347,DGlf + VGAE 0%,0.0,0.8880756089364067,0.8670040600066456,False,Proposed,False,0.8825232543501277,-1.5519194343482035
Cora,gat,12348,DGlf + VGAE 0%,0.0,0.8829142915048757,0.8786033086531135,False,Proposed,False,0.8748587192519413,0.37445894011722825
Cora,gat,12349,DGlf + VGAE 25%,0.25,0.8672354955683383,0.8571508518712986,False,Proposed,False,0.8799903832795734,-2.283953140827477
Cora,gat,12350,DGlf + VGAE 0%,0.0,0.8576162995583457,0.86613838554894,False,Proposed,False,0.8836479391831998,-1.7509553634259878
Cora,gat,12351,DGlf + VGAE 0%,0.0,0.8832218734524272,0.8406468829679609,False,Proposed,False,0.8401299641924228,0.051691877553805554
Cora,gat,12352,original,-1.0,0.8852599304137226,0.845595262712337,True,Proposed,True,0.845595262712337,0.0
Cora,gat,12353,DGlf + VGAE 10%,0.1,0.8870698384752558,0.8565402252105354,False,Proposed,False,0.8821683845658032,-2.5628159355267743
Cora,gat,12354,DGlf + VGAE 0%,0.0,0.85792678075484,0.8841466644798716,False,Proposed,False,0.8662396005251721,1.7907063954699431
Cora,gat,12355,DGlf + VGAE 0%,0.0,0.8584225860961202,0.869949408055329,False,Proposed,False,0.8737081859614664,-0.3758777906137323
Cora,gat,12356,original,-1.0,0.8687891978246807,0.8646976230077076,True,Proposed,True,0.8646976230077076,0.0
Cora,gat,12357,DGlf + VGAE 0%,0.0,0.8597505196674462,0.8692796282317813,False,Proposed,False,0.8767221430341531,-0.7442514802371791
Cora,gat,12358,DGlf + VGAE 0%,0.0,0.8795623306892226,0.8402979878942124,False,Proposed,False,0.8375456258835842,0.27523620106282287
Cora,gat,12359,original,-1.0,0.8747293678104348,0.8377003925983927,True,Proposed,True,0.8377003925983927,0.0
Cora,gat,12360,original,-1.0,0.8830124171428366,0.8504566243240885,True,Proposed,True,0.8504566243240885,0.0
Cora,gat,12361,DGlf + VGAE 0%,0.0,0.8660128429952392,0.8581770632757043,False,Proposed,False,0.8543198950374784,0.38571682382259054
Cora,gat,12362,original,-1.0,0.8795123847627867,0.8719147893046316,True,Proposed,True,0.8719147893046316,0.0
Cora,gat,12363,DGlf + VGAE 25%,0.25,0.8784771335707501,0.866051918788208,False,Proposed,False,0.8482564526593492,1.779546612885874
Cora,gat,12364,DGlf + VGAE 10%,0.1,0.8841880968979378,0.8401369013369028,False,Proposed,False,0.8424412719134956,-0.2304370576592829
Cora,gat,12365,original,-1.0,0.8576548287577861,0.8595047205058167,True,Proposed,True,0.8595047205058167,0.0
Cora,gat,12366,DGlf + VGAE 10%,0.1,0.8806617760895435,0.8594059562738293,False,Proposed,False,0.8613419695648904,-0.19360132910610783
Cora,gat,12367,DGlf + VGAE 25%,0.25,0.8765770504486581,0.8622643103487865,False,Proposed,False,0.867220455196403,-0.4956144847616528
Cora,gat,12368,original,-1.0,0.885963350922316,0.8535235003120657,True,Proposed,True,0.8535235003120657,0.0
Cora,gat,12369,DGlf + VGAE 25%,0.25,0.8799527528472193,0.8346679066125354,False,Proposed,False,0.8424024372386042,-0.773453062606877
Cora,gat,12370,DGlf + VGAE 0%,0.0,0.8797868946641818,0.8658610390326696,False,Proposed,False,0.8576898991542607,0.8171139878408895
Cora,gat,12371,original,-1.0,0.884970984679536,0.879393147109489,True,Proposed,True,0.879393147109489,0.0
Cora,gat,12372,original,-1.0,0.8663384072277763,0.8774241115055238,True,Proposed,True,0.8774241115055238,0.0
Cora,gat,12373,original,-1.0,0.8864218973113358,0.8518437041296114,True,Proposed,True,0.8518437041296114,0.0
Cora,gat,12374,DGlf + VGAE 25%,0.25,0.8842829850346358,0.8842373364369298,False,Proposed,False,0.8573928667629082,2.6844469674021654
Cora,gcn,12345,DGlf + VGAE 10%,0.1,0.8801707159364301,0.8754323171528765,False,Proposed,False,0.8549635540241471,2.046876312872936
Cora,gcn,12346,original,-1.0,0.8680377654404813,0.8396545598625513,True,Proposed,True,0.8396545598625513,0.0
Cora,gcn,12347,DGlf + VGAE 0%,0.0,0.8922900308362021,0.8592848214467604,False,Proposed,False,0.8823900746936049,-2.3105253246844426
Cora,gcn,12348,DGlf + VGAE 0%,0.0,0.8846248575309488,0.8665612452345809,False,Proposed,False,0.8648756389615136,0.16856062730672416
Cora,gcn,12349,DGlf + VGAE 10%,0.1,0.8687189767914825,0.8644870532789363,False,Proposed,False,0.8678261898437818,-0.3339136564845524
Cora,gcn,12350,DGlf + VGAE 25%,0.25,0.8618553390464666,0.864463075376289,False,Proposed,False,0.8966557159453579,-3.2192640569068898
Cora,gcn,12351,DGlf + VGAE 0%,0.0,0.8879944598964721,0.8461567877652124,False,Proposed,False,0.87483021250739,-2.86734247421776
Cora,gcn,12352,original,-1.0,0.8734996103919358,0.8513164105479623,True,Proposed,True,0.8513164105479623,0.0
Cora,gcn,12353,original,-1.0,0.8848979608549159,0.8722392479523654,True,Proposed,True,0.8722392479523654,0.0
Cora,gcn,12354,DGlf + VGAE 0%,0.0,0.8523951511352381,0.861330805392942,False,Proposed,False,0.857579354508554,0.3751450884387997
Cora,gcn,12355,original,-1.0,0.8623703390566193,0.8786915531795036,True,Proposed,True,0.8786915531795036,0.0
Cora,gcn,12356,original,-1.0,0.8720288055329394,0.8625116270285016,True,Proposed,True,0.8625116270285016,0.0
Cora,gcn,12357,original,-1.0,0.8638101243159609,0.8659107384406991,True,Proposed,True,0.8659107384406991,0.0
Cora,gcn,12358,DGlf + VGAE 10%,0.1,0.8717830375783796,0.8396298557510741,False,Proposed,False,0.8255676675979029,1.4062188153171173
Cora,gcn,12359,original,-1.0,0.8903396149238435,0.855831773322903,True,Proposed,True,0.855831773322903,0.0
Cora,gcn,12360,original,-1.0,0.8770351296213365,0.8587978448746106,True,Proposed,True,0.8587978448746106,0.0
Cora,gcn,12361,DGlf + VGAE 55%,0.55,0.8760370672285404,0.8347759679353363,False,Proposed,False,0.8506795679209131,-1.5903599985576888
Cora,gcn,12362,original,-1.0,0.8838797017619747,0.8725395960636245,True,Proposed,True,0.8725395960636245,0.0
Cora,gcn,12363,DGlf + VGAE 25%,0.25,0.8778078181595365,0.8527491906105221,False,Proposed,False,0.8430362997489468,0.9712890861575341
Cora,gcn,12364,DGlf + VGAE 10%,0.1,0.8810566054628983,0.8529335642750854,False,Proposed,False,0.8456769145194902,0.7256649755595146
Cora,gcn,12365,original,-1.0,0.8650829721915922,0.876997250792043,True,Proposed,True,0.876997250792043,0.0
Cora,gcn,12366,original,-1.0,0.8822366083500783,0.85207503455976,True,Proposed,True,0.85207503455976,0.0
Cora,gcn,12367,DGlf + VGAE 0%,0.0,0.8671119213213903,0.8644953095728025,False,Proposed,False,0.8618044538883444,0.2690855684458149
Cora,gcn,12368,DGlf + VGAE 10%,0.1,0.8767436866915241,0.8468835873412267,False,Proposed,False,0.8588408743017106,-1.1957286960483926
Cora,gcn,12369,DGlf + VGAE 10%,0.1,0.8811517665458943,0.8442474887770991,False,Proposed,False,0.8453778668253883,-0.11303780482891934
Cora,gcn,12370,DGlf + VGAE 10%,0.1,0.8695432390017565,0.8693029329895466,False,Proposed,False,0.8657887414780242,0.35141915115224354
Cora,gcn,12371,original,-1.0,0.870797120157653,0.8727300980254457,True,Proposed,True,0.8727300980254457,0.0
Cora,gcn,12372,original,-1.0,0.8685481879289311,0.8872819762826784,True,Proposed,True,0.8872819762826784,0.0
Cora,gcn,12373,original,-1.0,0.8865123588666229,0.8483636419417772,True,Proposed,True,0.8483636419417772,0.0
Cora,gcn,12374,original,-1.0,0.8854610340209238,0.8835967993026406,True,Proposed,True,0.8835967993026406,0.0
Cora,sage,12345,DGlf + VGAE 10%,0.1,0.870931330639979,0.8695378974123464,False,Proposed,False,0.8499163506443358,1.9621546768010645
Cora,sage,12346,DGlf + VGAE 0%,0.0,0.8670444709239815,0.8435263505787675,False,Proposed,False,0.8603204981626155,-1.6794147583848007
Cora,sage,12347,DGlf + VGAE 10%,0.1,0.8646403463773938,0.8553110408124753,False,Proposed,False,0.8780585819222227,-2.2747541109747416
Cora,sage,12348,DGlf + VGAE 25%,0.25,0.8676663761217595,0.8382340473791909,False,Proposed,False,0.8755793327922113,-3.73452854130204
Cora,sage,12349,DGlf + VGAE 0%,0.0,0.8688251049902654,0.8577990173941217,False,Proposed,False,0.8758327798860124,-1.8033762491890704
Cora,sage,12350,original,-1.0,0.8661348455850005,0.8614979960299799,True,Proposed,True,0.8614979960299799,0.0
Cora,sage,12351,original,-1.0,0.8682145735501378,0.8447419818647932,True,Proposed,True,0.8447419818647932,0.0
Cora,sage,12352,DGlf + VGAE 0%,0.0,0.8691488795081533,0.8466190150351364,False,Proposed,False,0.8494373965571488,-0.2818381522012414
Cora,sage,12353,original,-1.0,0.8740037289888537,0.875857903861575,True,Proposed,True,0.875857903861575,0.0
Cora,sage,12354,DGlf + VGAE 10%,0.1,0.8460603218898332,0.8632641457311869,False,Proposed,False,0.8532595754485841,1.000457028260282
Cora,sage,12355,DGlf + VGAE 0%,0.0,0.8568132957210428,0.8545016779862625,False,Proposed,False,0.8741552171926511,-1.965353920638857
Cora,sage,12356,original,-1.0,0.8801463547904687,0.8855745059521674,True,Proposed,True,0.8855745059521674,0.0
Cora,sage,12357,original,-1.0,0.8651329762726433,0.8628381461505074,True,Proposed,True,0.8628381461505074,0.0
Cora,sage,12358,DGlf + VGAE 0%,0.0,0.8664962001712705,0.8276434770776246,False,Proposed,False,0.810889748621915,1.675372845570966
Cora,sage,12359,original,-1.0,0.8700542625591784,0.8479833236016932,True,Proposed,True,0.8479833236016932,0.0
Cora,sage,12360,original,-1.0,0.8744259685358016,0.8503428480606369,True,Proposed,True,0.8503428480606369,0.0
Cora,sage,12361,DGlf + VGAE 25%,0.25,0.8690694108502051,0.8470684312010677,False,Proposed,False,0.8247393207350725,2.2329110465995172
Cora,sage,12362,original,-1.0,0.8847196302135164,0.8669596850081671,True,Proposed,True,0.8669596850081671,0.0
Cora,sage,12363,DGlf + VGAE 25%,0.25,0.8781174221224967,0.8468763614148065,False,Proposed,False,0.8466466883509877,0.02296730638188249
Cora,sage,12364,DGlf + VGAE 0%,0.0,0.8815403727286544,0.8506730886029592,False,Proposed,False,0.839518328946541,1.1154759656418212
Cora,sage,12365,original,-1.0,0.8522288480957168,0.8648231679140114,True,Proposed,True,0.8648231679140114,0.0
Cora,sage,12366,original,-1.0,0.8787253253906806,0.8573819734377947,True,Proposed,True,0.8573819734377947,0.0
Cora,sage,12367,original,-1.0,0.8654968240800942,0.8626494875711626,True,Proposed,True,0.8626494875711626,0.0
Cora,sage,12368,DGlf + VGAE 25%,0.25,0.8746829271530556,0.830065215299206,False,Proposed,False,0.8604743755334866,-3.040916023428064
Cora,sage,12369,DGlf + VGAE 25%,0.25,0.8774696575929204,0.8388217954513645,False,Proposed,False,0.8448453301889975,-0.6023534737633063
Cora,sage,12370,original,-1.0,0.8714663354970955,0.8709683885443581,True,Proposed,True,0.8709683885443581,0.0
Cora,sage,12371,DGlf + VGAE 0%,0.0,0.8486191800941251,0.8566616003282082,False,Proposed,False,0.8676397979365593,-1.097819760835117
Cora,sage,12372,original,-1.0,0.8721357584569602,0.8870840980218286,True,Proposed,True,0.8870840980218286,0.0
Cora,sage,12373,original,-1.0,0.8854196024454042,0.838561856471058,True,Proposed,True,0.838561856471058,0.0
Cora,sage,12374,original,-1.0,0.884053502579225,0.867088442379129,True,Proposed,True,0.867088442379129,0.0
Cornell,gat,12345,DGlf + VGAE 0%,0.0,0.5633366633366632,0.4517016317016317,False,Proposed,False,0.3706195596518177,8.1082072049814
Cornell,gat,12346,DGlf + VGAE 55%,0.55,0.5548387096774193,0.4047435897435897,False,Proposed,False,0.3554978354978354,4.924575424575428
Cornell,gat,12347,DGlf + VGAE 55%,0.55,0.5246305418719212,0.3594053005817711,False,Proposed,False,0.3081232492997198,5.128205128205132
Cornell,gat,12348,original,-1.0,0.5075854700854701,0.4771336996336996,True,Proposed,True,0.4771336996336996,0.0
Cornell,gat,12349,DGlf + VGAE 10%,0.1,0.5075380759591285,0.5427642276422764,False,Proposed,False,0.4527097902097902,9.00544374324862
Cornell,gat,12350,DGlf + VGAE 0%,0.0,0.507965367965368,0.3395488721804511,False,Proposed,False,0.3127257799671593,2.682309221329182
Cornell,gat,12351,DGlf + VGAE 0%,0.0,0.697878787878788,0.3954248366013072,False,Proposed,False,0.3471428571428571,4.828197945845009
Cornell,gat,12352,DGlf + VGAE 0%,0.0,0.5754885974240813,0.2271557271557271,False,Proposed,False,0.4578657269359357,-23.070999978020858
Cornell,gat,12353,DGlf + VGAE 55%,0.55,0.4655477855477856,0.2062015503875969,False,Proposed,False,0.2549206349206349,-4.8719084533037975
Cornell,gat,12354,DGlf + VGAE 10%,0.1,0.5699966699966701,0.3355555555555555,False,Proposed,False,0.4250738916256157,-8.951833607006021
Cornell,gat,12355,DGlf + VGAE 25%,0.25,0.6142955716010745,0.4626984126984126,False,Proposed,False,0.453076923076923,0.9621489621489621
Cornell,gat,12356,DGlf + VGAE 0%,0.0,0.6172094572094572,0.3546153846153846,False,Proposed,False,0.2362154641224409,11.83999204929437
Cornell,gat,12357,DGlf + VGAE 40%,0.4,0.4726190476190476,0.4196078431372549,False,Proposed,False,0.2314571607254534,18.815068241180153
Cornell,gat,12358,DGlf + VGAE 55%,0.55,0.6580133128520226,0.3288888888888889,False,Proposed,False,0.3579831932773109,-2.9094304388421977
Cornell,gat,12359,DGlf + VGAE 0%,0.0,0.4444733044733045,0.5898076923076923,False,Proposed,False,0.24,34.980769230769226
Cornell,gat,12360,DGlf + VGAE 25%,0.25,0.539032258064516,0.2700854700854701,False,Proposed,False,0.2398484848484848,3.023698523698531
Cornell,gat,12361,DGlf + VGAE 0%,0.0,0.5336796536796536,0.4321678321678321,False,Proposed,False,0.4132867132867132,1.888111888111893
Cornell,gat,12362,DGlf + VGAE 25%,0.25,0.4561290322580645,0.3250700280112044,False,Proposed,False,0.383091418385536,-5.802139037433163
Cornell,gat,12363,DGlf + VGAE 0%,0.0,0.5549944629014396,0.4073754152823919,False,Proposed,False,0.231016731016731,17.63586842656609
Cornell,gat,12364,DGlf + VGAE 0%,0.0,0.39,0.3542857142857142,False,Proposed,False,0.2293460925039872,12.493962178172701
Cornell,gat,12365,DGlf + VGAE 55%,0.55,0.4434829059829059,0.5148187759952465,False,Proposed,False,0.266031746031746,24.87870299635005
Cornell,gat,12366,DGlf + VGAE 0%,0.0,0.6371794871794871,0.2628531887902203,False,Proposed,False,0.4174042950513538,-15.455110626113349
Cornell,gat,12367,DGlf + VGAE 55%,0.55,0.513795518207283,0.4241379310344827,False,Proposed,False,0.3583183183183183,6.581961271616443
Cornell,gat,12368,DGlf + VGAE 0%,0.0,0.6618691112808761,0.6237480798771121,False,Proposed,False,0.2276318276318276,39.61162522452845
Cornell,gat,12369,DGlf + VGAE 10%,0.1,0.6026190476190475,0.5001864801864802,False,Proposed,False,0.4874236874236874,1.276279276279274
Cornell,gat,12370,DGlf + VGAE 0%,0.0,0.6133333333333333,0.4390476190476191,False,Proposed,False,0.3472527472527472,9.17948717948719
Cornell,gat,12371,DGlf + VGAE 25%,0.25,0.5849673202614378,0.4431966726084373,False,Proposed,False,0.3691086691086691,7.408800349976824
Cornell,gat,12372,DGlf + VGAE 0%,0.0,0.5219047619047619,0.4254873054873054,False,Proposed,False,0.3326984126984126,9.27888927888928
Cornell,gat,12373,DGlf + VGAE 0%,0.0,0.6266666666666666,0.3596701649175412,False,Proposed,False,0.3267543859649122,3.291577895262904
Cornell,gat,12374,original,-1.0,0.4849924585218702,0.359047619047619,True,Proposed,True,0.359047619047619,0.0
Cornell,gcn,12345,DGlf + VGAE 10%,0.1,0.5737373737373737,0.4114565826330532,False,Proposed,False,0.3764590964590965,3.4997486173956704
Cornell,gcn,12346,DGlf + VGAE 55%,0.55,0.5904761904761904,0.3935198135198135,False,Proposed,False,0.3365659777424484,5.6953835777365125
Cornell,gcn,12347,DGlf + VGAE 55%,0.55,0.4942857142857143,0.4369047619047618,False,Proposed,False,0.2841408641771618,15.276389772760002
Cornell,gcn,12348,DGlf + VGAE 0%,0.0,0.5816461916461917,0.5411764705882354,False,Proposed,False,0.4081573498964803,13.30191206917551
Cornell,gcn,12349,DGlf + VGAE 0%,0.0,0.5088034188034187,0.486984126984127,False,Proposed,False,0.360995670995671,12.598845598845603
Cornell,gcn,12350,DGlf + VGAE 0%,0.0,0.4605616605616606,0.2893939393939393,False,Proposed,False,0.2774193548387097,1.1974584555229595
Cornell,gcn,12351,DGlf + VGAE 55%,0.55,0.6555626915778718,0.3470265407107512,False,Proposed,False,0.197002997002997,15.002354370775418
Cornell,gcn,12352,DGlf + VGAE 55%,0.55,0.5684523809523809,0.3057575757575758,False,Proposed,False,0.2569444444444445,4.881313131313131
Cornell,gcn,12353,DGlf + VGAE 10%,0.1,0.488423645320197,0.3456565656565656,False,Proposed,False,0.2623655913978495,8.329097425871613
Cornell,gcn,12354,DGlf + VGAE 55%,0.55,0.6311965811965812,0.2286549707602339,False,Proposed,False,0.4611111111111111,-23.24561403508772
Cornell,gcn,12355,DGlf + VGAE 0%,0.0,0.6530769230769231,0.5080442433383611,False,Proposed,False,0.3066666666666666,20.13775766716945
Cornell,gcn,12356,DGlf + VGAE 0%,0.0,0.5347619047619048,0.4255606758832565,False,Proposed,False,0.2533333333333333,17.22273425499232
Cornell,gcn,12357,DGlf + VGAE 25%,0.25,0.4913513513513513,0.1878205128205128,False,Proposed,False,0.2815268065268065,-9.370629370629372
Cornell,gcn,12358,DGlf + VGAE 55%,0.55,0.5302087286527514,0.2698319327731092,False,Proposed,False,0.3321428571428571,-6.231092436974789
Cornell,gcn,12359,DGlf + VGAE 0%,0.0,0.4698412698412698,0.5754312759586593,False,Proposed,False,0.319591901801371,25.58393741572883
Cornell,gcn,12360,DGlf + VGAE 55%,0.55,0.5807910906298003,0.2888963161021984,False,Proposed,False,0.3098227752639517,-2.0926459161753286
Cornell,gcn,12361,DGlf + VGAE 0%,0.0,0.475091575091575,0.399343022568829,False,Proposed,False,0.292063492063492,10.727953050533696
Cornell,gcn,12362,DGlf + VGAE 55%,0.55,0.4519901151480098,0.3698850574712644,False,Proposed,False,0.4182816014394961,-4.839654396823173
Cornell,gcn,12363,DGlf + VGAE 0%,0.0,0.586926406926407,0.4508403361344538,False,Proposed,False,0.2726373626373626,17.82029734970912
Cornell,gcn,12364,DGlf + VGAE 55%,0.55,0.4111111111111111,0.3674242424242424,False,Proposed,False,0.18,18.74242424242424
Cornell,gcn,12365,DGlf + VGAE 55%,0.55,0.4684493284493284,0.2770687645687645,False,Proposed,False,0.2636470588235294,1.3421705745235102
Cornell,gcn,12366,DGlf + VGAE 0%,0.0,0.6335897435897435,0.2876964769647697,False,Proposed,False,0.4127450980392156,-12.504862107444591
Cornell,gcn,12367,DGlf + VGAE 55%,0.55,0.6152777777777778,0.3033333333333333,False,Proposed,False,0.4209523809523809,-11.761904761904763
Cornell,gcn,12368,DGlf + VGAE 25%,0.25,0.6186021505376343,0.4376874003189792,False,Proposed,False,0.236078431372549,20.160896894643017
Cornell,gcn,12369,DGlf + VGAE 55%,0.55,0.5917124542124542,0.4028571428571428,False,Proposed,False,0.3992969396195203,0.3560203237622517
Cornell,gcn,12370,DGlf + VGAE 0%,0.0,0.5495347564313082,0.3866596638655462,False,Proposed,False,0.2269674185463658,15.969224531918039
Cornell,gcn,12371,DGlf + VGAE 0%,0.0,0.6601010101010101,0.3958585858585858,False,Proposed,False,0.4198879551820728,-2.402936932348698
Cornell,gcn,12372,DGlf + VGAE 0%,0.0,0.5819624819624819,0.384029304029304,False,Proposed,False,0.3619576719576719,2.2071632071632097
Cornell,gcn,12373,DGlf + VGAE 0%,0.0,0.6123037323037323,0.2889400921658986,False,Proposed,False,0.2704761904761905,1.8463901689708129
Cornell,gcn,12374,DGlf + VGAE 0%,0.0,0.527557603686636,0.4780952380952381,False,Proposed,False,0.2342105263157894,24.38847117794487
Cornell,sage,12345,original,-1.0,0.6078431372549019,0.3255417956656347,True,Proposed,True,0.3255417956656347,0.0
Cornell,sage,12346,DGlf + VGAE 40%,0.4,0.6813725490196079,0.4185574229691877,False,Proposed,False,0.6088888888888888,-19.033146591970112
Cornell,sage,12347,original,-1.0,0.6804545454545454,0.5593650793650794,True,Proposed,True,0.5593650793650794,0.0
Cornell,sage,12348,original,-1.0,0.6157509157509157,0.5247058823529411,True,Proposed,True,0.5247058823529411,0.0
Cornell,sage,12349,DGlf + VGAE 40%,0.4,0.618568376068376,0.4912280701754386,False,Proposed,False,0.5268864468864469,-3.56583767110083
Cornell,sage,12350,original,-1.0,0.6348387096774194,0.4656565656565656,True,Proposed,True,0.4656565656565656,0.0
Cornell,sage,12351,DGlf + VGAE 0%,0.0,0.741729055258467,0.511969111969112,False,Proposed,False,0.4860913280268119,2.5877783942300114
Cornell,sage,12352,original,-1.0,0.6603565062388592,0.4807017543859649,True,Proposed,True,0.4807017543859649,0.0
Cornell,sage,12353,original,-1.0,0.6233333333333333,0.5318197454420364,True,Proposed,True,0.5318197454420364,0.0
Cornell,sage,12354,original,-1.0,0.6598989898989899,0.4396581196581197,True,Proposed,True,0.4396581196581197,0.0
Cornell,sage,12355,DGlf + VGAE 0%,0.0,0.652063492063492,0.598796992481203,False,Proposed,False,0.4552631578947368,14.353383458646618
Cornell,sage,12356,DGlf + VGAE 55%,0.55,0.6308358308358308,0.3564102564102563,False,Proposed,False,0.6084848484848485,-25.20745920745922
Cornell,sage,12357,DGlf + VGAE 40%,0.4,0.6226551226551227,0.4197802197802198,False,Proposed,False,0.4505050505050505,-3.072483072483073
Cornell,sage,12358,DGlf + VGAE 40%,0.4,0.6308302808302808,0.4599067599067599,False,Proposed,False,0.5165732959850607,-5.666653607830085
Cornell,sage,12359,original,-1.0,0.5642067736185383,0.6178947368421053,True,Proposed,True,0.6178947368421053,0.0
Cornell,sage,12360,DGlf + VGAE 0%,0.0,0.5534188034188035,0.3032034632034632,False,Proposed,False,0.4400668337510442,-13.686337054758102
Cornell,sage,12361,DGlf + VGAE 0%,0.0,0.6919083694083694,0.5236974789915967,False,Proposed,False,0.4931328320802005,3.056464691139621
Cornell,sage,12362,original,-1.0,0.6304487024011642,0.5504621848739497,True,Proposed,True,0.5504621848739497,0.0
Cornell,sage,12363,DGlf + VGAE 0%,0.0,0.6499999999999999,0.4558823529411764,False,Proposed,False,0.6940724676967562,-23.819011475557982
Cornell,sage,12364,original,-1.0,0.5675184482395108,0.5819047619047619,True,Proposed,True,0.5819047619047619,0.0
Cornell,sage,12365,original,-1.0,0.536152162014231,0.4934502923976608,True,Proposed,True,0.4934502923976608,0.0
Cornell,sage,12366,DGlf + VGAE 0%,0.0,0.7312745098039215,0.2910216718266253,False,Proposed,False,0.3031746031746031,-1.2152931347977791
Cornell,sage,12367,original,-1.0,0.715701754385965,0.637511961722488,True,Proposed,True,0.637511961722488,0.0
Cornell,sage,12368,DGlf + VGAE 0%,0.0,0.7241025641025641,0.5531746031746032,False,Proposed,False,0.5515722520373684,0.16023511372348365
Cornell,sage,12369,DGlf + VGAE 40%,0.4,0.7133597883597884,0.5267367757690339,False,Proposed,False,0.6608080808080807,-13.407130503904686
Cornell,sage,12370,DGlf + VGAE 40%,0.4,0.5585822021116138,0.4656370656370656,False,Proposed,False,0.4941558441558441,-2.8518778518778545
Cornell,sage,12371,DGlf + VGAE 0%,0.0,0.6332773109243698,0.4823684210526315,False,Proposed,False,0.4305555555555556,5.181286549707592
Cornell,sage,12372,DGlf + VGAE 10%,0.1,0.6150974025974026,0.5602614379084967,False,Proposed,False,0.556031746031746,0.42296918767507075
Cornell,sage,12373,DGlf + VGAE 25%,0.25,0.7283333333333333,0.4570263070263071,False,Proposed,False,0.4990476190476191,-4.2021312021311985
Cornell,sage,12374,original,-1.0,0.5766716943187531,0.5618618618618619,True,Proposed,True,0.5618618618618619,0.0
Minesweeper,gat,12345,original,-1.0,0.7746596726566433,0.7542601483231637,True,Proposed,True,0.7542601483231637,0.0
Minesweeper,gat,12346,original,-1.0,0.7392794524076036,0.7592243709144619,True,Proposed,True,0.7592243709144619,0.0
Minesweeper,gat,12347,original,-1.0,0.7199918987947418,0.7385441569149247,True,Proposed,True,0.7385441569149247,0.0
Minesweeper,gat,12348,original,-1.0,0.7722091362299099,0.7583906837886627,True,Proposed,True,0.7583906837886627,0.0
Minesweeper,gat,12349,original,-1.0,0.736351671492498,0.7179982677036445,True,Proposed,True,0.7179982677036445,0.0
Minesweeper,gat,12350,original,-1.0,0.7586168978133373,0.7450414423546428,True,Proposed,True,0.7450414423546428,0.0
Minesweeper,gat,12351,original,-1.0,0.7360515447087489,0.7559898633807642,True,Proposed,True,0.7559898633807642,0.0
Minesweeper,gat,12352,original,-1.0,0.7470799617734278,0.7383205519834234,True,Proposed,True,0.7383205519834234,0.0
Minesweeper,gat,12353,original,-1.0,0.7673639544405568,0.7523990031112244,True,Proposed,True,0.7523990031112244,0.0
Minesweeper,gat,12354,original,-1.0,0.7632677740301643,0.7683152290470086,True,Proposed,True,0.7683152290470086,0.0
Minesweeper,gat,12355,original,-1.0,0.7448543555458109,0.7543155054492893,True,Proposed,True,0.7543155054492893,0.0
Minesweeper,gat,12356,original,-1.0,0.7512577263248403,0.7509410550554492,True,Proposed,True,0.7509410550554492,0.0
Minesweeper,gat,12357,original,-1.0,0.7125048482910199,0.7118750117210609,True,Proposed,True,0.7118750117210609,0.0
Minesweeper,gat,12358,original,-1.0,0.7520074696545285,0.7357643017571673,True,Proposed,True,0.7357643017571673,0.0
Minesweeper,gat,12359,original,-1.0,0.7477202408014112,0.7292123227285322,True,Proposed,True,0.7292123227285322,0.0
Minesweeper,gat,12360,original,-1.0,0.7544044030201621,0.7327530687287591,True,Proposed,True,0.7327530687287591,0.0
Minesweeper,gat,12361,original,-1.0,0.7679090002087382,0.749118628155073,True,Proposed,True,0.749118628155073,0.0
Minesweeper,gat,12362,original,-1.0,0.7664426572656164,0.7632769614885859,True,Proposed,True,0.7632769614885859,0.0
Minesweeper,gat,12363,original,-1.0,0.7613597824986383,0.7528551924975173,True,Proposed,True,0.7528551924975173,0.0
Minesweeper,gat,12364,original,-1.0,0.7538556271049053,0.7459859305328147,True,Proposed,True,0.7459859305328147,0.0
Minesweeper,gat,12365,original,-1.0,0.7267527268682012,0.7279097854173688,True,Proposed,True,0.7279097854173688,0.0
Minesweeper,gat,12366,original,-1.0,0.7380363253487761,0.7572719346912895,True,Proposed,True,0.7572719346912895,0.0
Minesweeper,gat,12367,original,-1.0,0.7528117661599307,0.7400886717316242,True,Proposed,True,0.7400886717316242,0.0
Minesweeper,gat,12368,original,-1.0,0.7553625638003314,0.7526233431516937,True,Proposed,True,0.7526233431516937,0.0
Minesweeper,gat,12369,original,-1.0,0.7460321581708473,0.7454346472674025,True,Proposed,True,0.7454346472674025,0.0
Minesweeper,gat,12370,original,-1.0,0.7745062349762937,0.7549953314659197,True,Proposed,True,0.7549953314659197,0.0
Minesweeper,gat,12371,original,-1.0,0.7665703103016039,0.7592699569295779,True,Proposed,True,0.7592699569295779,0.0
Minesweeper,gat,12372,original,-1.0,0.7623297053223618,0.7481527453599393,True,Proposed,True,0.7481527453599393,0.0
Minesweeper,gat,12373,original,-1.0,0.7625968345255423,0.7455444142133267,True,Proposed,True,0.7455444142133267,0.0
Minesweeper,gat,12374,original,-1.0,0.7493420228098759,0.7791116693250321,True,Proposed,True,0.7791116693250321,0.0
Minesweeper,gcn,12345,DGlf + VGAE 25%,0.25,0.6324554463605849,0.6580833933874495,False,Proposed,False,0.618608526280828,3.9474867106621514
Minesweeper,gcn,12346,DGlf + VGAE 10%,0.1,0.635861620345083,0.6330276900185808,False,Proposed,False,0.592149053664113,4.087863635446787
Minesweeper,gcn,12347,DGlf + VGAE 10%,0.1,0.6524157108098714,0.6608776844070962,False,Proposed,False,0.6172353652897352,4.364231911736094
Minesweeper,gcn,12348,DGlf + VGAE 40%,0.4,0.6203125,0.610530177118195,False,Proposed,False,0.6155473234090234,-0.5017146290828389
Minesweeper,gcn,12349,DGlf + VGAE 10%,0.1,0.6219104381840842,0.5924327322482238,False,Proposed,False,0.5734587024071425,1.897402984108132
Minesweeper,gcn,12350,DGlf + VGAE 10%,0.1,0.5952660079272036,0.6020396228793801,False,Proposed,False,0.5505166876134618,5.152293526591823
Minesweeper,gcn,12351,DGlf + VGAE 25%,0.25,0.6464437743462745,0.6309689562706271,False,Proposed,False,0.5614264767490573,6.954247952156978
Minesweeper,gcn,12352,DGlf + VGAE 10%,0.1,0.6141761310505257,0.587247750051594,False,Proposed,False,0.571668896900072,1.5578853151521965
Minesweeper,gcn,12353,DGlf + VGAE 10%,0.1,0.6141910847761929,0.6082750095476507,False,Proposed,False,0.6002588154787917,0.8016194068859006
Minesweeper,gcn,12354,DGlf + VGAE 25%,0.25,0.6284026002952833,0.6281929875679876,False,Proposed,False,0.5712934748345067,5.689951273348093
Minesweeper,gcn,12355,DGlf + VGAE 10%,0.1,0.6550732008998164,0.6241530572317071,False,Proposed,False,0.5965254014214267,2.762765581028037
Minesweeper,gcn,12356,DGlf + VGAE 25%,0.25,0.5822157604926511,0.5995673676301818,False,Proposed,False,0.5707261232666441,2.8841244363537744
Minesweeper,gcn,12357,DGlf + VGAE 10%,0.1,0.6574228843833168,0.6296875,False,Proposed,False,0.6104368301677718,1.9250669832228118
Minesweeper,gcn,12358,DGlf + VGAE 0%,0.0,0.6498810058132092,0.6344734147694431,False,Proposed,False,0.6043990822058707,3.0074332563572392
Minesweeper,gcn,12359,DGlf + VGAE 25%,0.25,0.6330206663022425,0.6204143664952414,False,Proposed,False,0.5539073325198702,6.650703397537116
Minesweeper,gcn,12360,DGlf + VGAE 25%,0.25,0.6204961031975098,0.5961706129216842,False,Proposed,False,0.564882647948354,3.1287964973330196
Minesweeper,gcn,12361,DGlf + VGAE 10%,0.1,0.642569232925288,0.6211910392265739,False,Proposed,False,0.581151832460733,4.0039206765840945
Minesweeper,gcn,12362,DGlf + VGAE 25%,0.25,0.6130752142177087,0.5893590147572125,False,Proposed,False,0.5489739156581223,4.038509909909028
Minesweeper,gcn,12363,DGlf + VGAE 10%,0.1,0.611589996766536,0.6377378940398066,False,Proposed,False,0.5877897285243475,4.994816551545911
Minesweeper,gcn,12364,DGlf + VGAE 10%,0.1,0.613353422589366,0.6057492896963388,False,Proposed,False,0.5948946381288615,1.0854651567477336
Minesweeper,gcn,12365,DGlf + VGAE 10%,0.1,0.6444444444444444,0.6389712287840785,False,Proposed,False,0.5615338074034387,7.743742138063981
Minesweeper,gcn,12366,DGlf + VGAE 10%,0.1,0.6540361199183868,0.667865727683673,False,Proposed,False,0.5588145459975429,10.905118168613015
Minesweeper,gcn,12367,DGlf + VGAE 10%,0.1,0.644075923878386,0.6228227150450536,False,Proposed,False,0.5779548770905826,4.486783795447103
Minesweeper,gcn,12368,DGlf + VGAE 0%,0.0,0.6450080603148209,0.6538575261130106,False,Proposed,False,0.6042039144459895,4.96536116670211
Minesweeper,gcn,12369,DGlf + VGAE 10%,0.1,0.6211080972724189,0.6282561630397752,False,Proposed,False,0.5540484643755816,7.420769866419352
Minesweeper,gcn,12370,DGlf + VGAE 10%,0.1,0.6612777005594758,0.6370027977025339,False,Proposed,False,0.6037381492198743,3.326464848265953
Minesweeper,gcn,12371,DGlf + VGAE 10%,0.1,0.6274509803921569,0.6098700000144492,False,Proposed,False,0.5640399536980365,4.583004631641274
Minesweeper,gcn,12372,DGlf + VGAE 10%,0.1,0.6260516430312573,0.6381578947368421,False,Proposed,False,0.6014592241007335,3.6698670636108655
Minesweeper,gcn,12373,DGlf + VGAE 0%,0.0,0.6330275229357798,0.5981657748061785,False,Proposed,False,0.5673692869954552,3.0796487810723305
Minesweeper,gcn,12374,DGlf + VGAE 25%,0.25,0.622803062057043,0.6319947344444823,False,Proposed,False,0.6223020105966572,0.9692723847825047
Minesweeper,sage,12345,original,-1.0,0.8130593169318054,0.8105951165642596,True,Proposed,True,0.8105951165642596,0.0
Minesweeper,sage,12346,original,-1.0,0.7944879505040454,0.8226993714998411,True,Proposed,True,0.8226993714998411,0.0
Minesweeper,sage,12347,original,-1.0,0.8136879660573348,0.8217356493355812,True,Proposed,True,0.8217356493355812,0.0
Minesweeper,sage,12348,original,-1.0,0.8219745346182128,0.8031671562401221,True,Proposed,True,0.8031671562401221,0.0
Minesweeper,sage,12349,original,-1.0,0.8175997603183234,0.79515048667701,True,Proposed,True,0.79515048667701,0.0
Minesweeper,sage,12350,original,-1.0,0.818218740173986,0.7957085725585948,True,Proposed,True,0.7957085725585948,0.0
Minesweeper,sage,12351,original,-1.0,0.806136628700464,0.795347243374962,True,Proposed,True,0.795347243374962,0.0
Minesweeper,sage,12352,original,-1.0,0.813186844024244,0.8086892355395771,True,Proposed,True,0.8086892355395771,0.0
Minesweeper,sage,12353,original,-1.0,0.8170612393290547,0.8101301680194892,True,Proposed,True,0.8101301680194892,0.0
Minesweeper,sage,12354,original,-1.0,0.8054597715125016,0.8084594858788408,True,Proposed,True,0.8084594858788408,0.0
Minesweeper,sage,12355,original,-1.0,0.8136862181734386,0.8048959683262074,True,Proposed,True,0.8048959683262074,0.0
Minesweeper,sage,12356,original,-1.0,0.8069588574170543,0.8109649055160677,True,Proposed,True,0.8109649055160677,0.0
Minesweeper,sage,12357,original,-1.0,0.8151867829368766,0.806008035775016,True,Proposed,True,0.806008035775016,0.0
Minesweeper,sage,12358,original,-1.0,0.7995066913651176,0.8097388145608964,True,Proposed,True,0.8097388145608964,0.0
Minesweeper,sage,12359,original,-1.0,0.8116426627812128,0.8163728632478633,True,Proposed,True,0.8163728632478633,0.0
Minesweeper,sage,12360,original,-1.0,0.8180636777128005,0.7977386190974209,True,Proposed,True,0.7977386190974209,0.0
Minesweeper,sage,12361,original,-1.0,0.8202258733491278,0.7937293729372937,True,Proposed,True,0.7937293729372937,0.0
Minesweeper,sage,12362,original,-1.0,0.8225793062362561,0.8135533883470868,True,Proposed,True,0.8135533883470868,0.0
Minesweeper,sage,12363,original,-1.0,0.8260509073131034,0.8075549315203467,True,Proposed,True,0.8075549315203467,0.0
Minesweeper,sage,12364,original,-1.0,0.8320987773336563,0.8026474598607767,True,Proposed,True,0.8026474598607767,0.0
Minesweeper,sage,12365,original,-1.0,0.8192671198806168,0.8128022989901442,True,Proposed,True,0.8128022989901442,0.0
Minesweeper,sage,12366,original,-1.0,0.818066612714007,0.8308543927592914,True,Proposed,True,0.8308543927592914,0.0
Minesweeper,sage,12367,original,-1.0,0.7991150133790241,0.777864163936247,True,Proposed,True,0.777864163936247,0.0
Minesweeper,sage,12368,original,-1.0,0.8049694611223219,0.8032254028716945,True,Proposed,True,0.8032254028716945,0.0
Minesweeper,sage,12369,original,-1.0,0.8081881589288412,0.8223786184072723,True,Proposed,True,0.8223786184072723,0.0
Minesweeper,sage,12370,original,-1.0,0.8207685637749047,0.7880390519489892,True,Proposed,True,0.7880390519489892,0.0
Minesweeper,sage,12371,original,-1.0,0.8135656143661474,0.8226588193194215,True,Proposed,True,0.8226588193194215,0.0
Minesweeper,sage,12372,original,-1.0,0.8123402565820492,0.8289924329151566,True,Proposed,True,0.8289924329151566,0.0
Minesweeper,sage,12373,original,-1.0,0.8193795812327962,0.7889539791767926,True,Proposed,True,0.7889539791767926,0.0
Minesweeper,sage,12374,original,-1.0,0.808656265095766,0.8173303920430357,True,Proposed,True,0.8173303920430357,0.0
Pubmed,gat,12345,original,-1.0,0.8799475285526843,0.8696124631374186,True,Proposed,True,0.8696124631374186,0.0
Pubmed,gat,12346,DGlf + VGAE 10%,0.1,0.8729959515148149,0.8705893639138997,False,Proposed,False,0.8696019536844414,0.09874102294583631
Pubmed,gat,12347,original,-1.0,0.8712160951052837,0.8585474241356783,True,Proposed,True,0.8585474241356783,0.0
Pubmed,gat,12348,DGlf + VGAE 25%,0.25,0.8744991845977012,0.864388574185247,False,Proposed,False,0.8670288693452974,-0.26402951600504876
Pubmed,gat,12349,original,-1.0,0.8698599397810821,0.8563550074881685,True,Proposed,True,0.8563550074881685,0.0
Pubmed,gat,12350,DGlf + VGAE 0%,0.0,0.8668487703035882,0.8562599640274643,False,Proposed,False,0.8567976921784727,-0.053772815100838756
Pubmed,gat,12351,original,-1.0,0.8685335550751908,0.8675838600958228,True,Proposed,True,0.8675838600958228,0.0
Pubmed,gat,12352,DGlf + VGAE 10%,0.1,0.8763908245368016,0.8736871987172478,False,Proposed,False,0.8684221119179338,0.5265086799313923
Pubmed,gat,12353,DGlf + VGAE 0%,0.0,0.8696246541145999,0.8644636395082249,False,Proposed,False,0.8679989608598251,-0.35353213516001736
Pubmed,gat,12354,original,-1.0,0.87621871260456,0.8526942717901669,True,Proposed,True,0.8526942717901669,0.0
Pubmed,gat,12355,original,-1.0,0.8648331551899838,0.8654299679444585,True,Proposed,True,0.8654299679444585,0.0
Pubmed,gat,12356,original,-1.0,0.8649424786080395,0.8623062216520774,True,Proposed,True,0.8623062216520774,0.0
Pubmed,gat,12357,DGlf + VGAE 40%,0.4,0.8678092896511039,0.8688641972471115,False,Proposed,False,0.8682981705416601,0.056602670545136125
Pubmed,gat,12358,DGlf + VGAE 25%,0.25,0.8700686781749809,0.861901273423979,False,Proposed,False,0.8641488249783956,-0.22475515544165825
Pubmed,gat,12359,original,-1.0,0.8811430348110791,0.8559767966477411,True,Proposed,True,0.8559767966477411,0.0
Pubmed,gat,12360,original,-1.0,0.8774994607574053,0.8568530046647496,True,Proposed,True,0.8568530046647496,0.0
Pubmed,gat,12361,original,-1.0,0.8744935021092465,0.8735080114817277,True,Proposed,True,0.8735080114817277,0.0
Pubmed,gat,12362,original,-1.0,0.8715617679309858,0.8691815076153465,True,Proposed,True,0.8691815076153465,0.0
Pubmed,gat,12363,DGlf + VGAE 0%,0.0,0.8745191733875458,0.8632754807855679,False,Proposed,False,0.8587759214283673,0.4499559357200589
Pubmed,gat,12364,original,-1.0,0.8708000742381482,0.8592737136206975,True,Proposed,True,0.8592737136206975,0.0
Pubmed,gat,12365,DGlf + VGAE 25%,0.25,0.8682420964942082,0.8621254115351302,False,Proposed,False,0.8518651614392251,1.0260250095905143
Pubmed,gat,12366,original,-1.0,0.8689932814146409,0.8662163840934382,True,Proposed,True,0.8662163840934382,0.0
Pubmed,gat,12367,original,-1.0,0.8739098866943794,0.8597342718757873,True,Proposed,True,0.8597342718757873,0.0
Pubmed,gat,12368,DGlf + VGAE 0%,0.0,0.8686240768197147,0.8640244856717794,False,Proposed,False,0.8681914145505066,-0.4166928878727272
Pubmed,gat,12369,DGlf + VGAE 25%,0.25,0.8708692507754145,0.8724199854687865,False,Proposed,False,0.8733125817770131,-0.08925963082265786
Pubmed,gat,12370,DGlf + VGAE 0%,0.0,0.8709340815465326,0.8730807091553802,False,Proposed,False,0.8648335780959572,0.8247131059422985
Pubmed,gat,12371,DGlf + VGAE 0%,0.0,0.8671518284602833,0.8743937770418139,False,Proposed,False,0.8723753596570548,0.20184173847590525
Pubmed,gat,12372,original,-1.0,0.8675821838637443,0.8698665845284941,True,Proposed,True,0.8698665845284941,0.0
Pubmed,gat,12373,original,-1.0,0.8732388092737967,0.8569376008680999,True,Proposed,True,0.8569376008680999,0.0
Pubmed,gat,12374,DGlf + VGAE 10%,0.1,0.8725106717713733,0.8705966241802146,False,Proposed,False,0.8696783591609668,0.09182650192477437
Pubmed,gcn,12345,original,-1.0,0.8771037766184847,0.8653636225672378,True,Proposed,True,0.8653636225672378,0.0
Pubmed,gcn,12346,original,-1.0,0.868208729233321,0.8654084650793771,True,Proposed,True,0.8654084650793771,0.0
Pubmed,gcn,12347,original,-1.0,0.8695328116079231,0.8619962781569983,True,Proposed,True,0.8619962781569983,0.0
Pubmed,gcn,12348,original,-1.0,0.8788117350082428,0.8678237924683231,True,Proposed,True,0.8678237924683231,0.0
Pubmed,gcn,12349,original,-1.0,0.8754064439533046,0.8616574941302512,True,Proposed,True,0.8616574941302512,0.0
Pubmed,gcn,12350,original,-1.0,0.8723837755212142,0.8575337421962744,True,Proposed,True,0.8575337421962744,0.0
Pubmed,gcn,12351,DGlf + VGAE 0%,0.0,0.8659999347665938,0.8639129362190309,False,Proposed,False,0.8608016797318868,0.3111256487144054
Pubmed,gcn,12352,original,-1.0,0.8758757262825583,0.866870657115617,True,Proposed,True,0.866870657115617,0.0
Pubmed,gcn,12353,original,-1.0,0.8670793714307572,0.8739605500543721,True,Proposed,True,0.8739605500543721,0.0
Pubmed,gcn,12354,original,-1.0,0.8804249544855153,0.8544759620982231,True,Proposed,True,0.8544759620982231,0.0
Pubmed,gcn,12355,original,-1.0,0.8651735339005541,0.8663961103111149,True,Proposed,True,0.8663961103111149,0.0
Pubmed,gcn,12356,original,-1.0,0.867939721403967,0.8706651727509699,True,Proposed,True,0.8706651727509699,0.0
Pubmed,gcn,12357,original,-1.0,0.8724317985165085,0.8673418294618257,True,Proposed,True,0.8673418294618257,0.0
Pubmed,gcn,12358,DGlf + VGAE 0%,0.0,0.8649444775282911,0.8604667073315095,False,Proposed,False,0.8622340565564555,-0.17673492249459244
Pubmed,gcn,12359,original,-1.0,0.880799545648497,0.8591979383457106,True,Proposed,True,0.8591979383457106,0.0
Pubmed,gcn,12360,original,-1.0,0.875307771804032,0.8585948724015285,True,Proposed,True,0.8585948724015285,0.0
Pubmed,gcn,12361,original,-1.0,0.8755245160726256,0.8678472184443121,True,Proposed,True,0.8678472184443121,0.0
Pubmed,gcn,12362,original,-1.0,0.8725335811952225,0.8700816932770913,True,Proposed,True,0.8700816932770913,0.0
Pubmed,gcn,12363,original,-1.0,0.8771799674210646,0.8616264106648592,True,Proposed,True,0.8616264106648592,0.0
Pubmed,gcn,12364,original,-1.0,0.8757997397656324,0.8640974611803777,True,Proposed,True,0.8640974611803777,0.0
Pubmed,gcn,12365,DGlf + VGAE 0%,0.0,0.8670066636368294,0.8652835149684989,False,Proposed,False,0.8558306682825293,0.9452846685969574
Pubmed,gcn,12366,original,-1.0,0.873156072123952,0.8677959930532867,True,Proposed,True,0.8677959930532867,0.0
Pubmed,gcn,12367,original,-1.0,0.8688397214623028,0.8683147589886171,True,Proposed,True,0.8683147589886171,0.0
Pubmed,gcn,12368,original,-1.0,0.8732624431233177,0.8642550906042579,True,Proposed,True,0.8642550906042579,0.0
Pubmed,gcn,12369,original,-1.0,0.8691571602157312,0.8732031586702406,True,Proposed,True,0.8732031586702406,0.0
Pubmed,gcn,12370,original,-1.0,0.8694821967658345,0.8675041180717328,True,Proposed,True,0.8675041180717328,0.0
Pubmed,gcn,12371,original,-1.0,0.8678438320065779,0.875776668190786,True,Proposed,True,0.875776668190786,0.0
Pubmed,gcn,12372,DGlf + VGAE 0%,0.0,0.8635994138015161,0.8698895001877114,False,Proposed,False,0.8737555551036845,-0.38660549159731383
Pubmed,gcn,12373,original,-1.0,0.8740761584105528,0.8626467888314299,True,Proposed,True,0.8626467888314299,0.0
Pubmed,gcn,12374,original,-1.0,0.8662694553580305,0.8646971852736559,True,Proposed,True,0.8646971852736559,0.0
Pubmed,sage,12345,original,-1.0,0.896361680186264,0.8882825145327282,True,Proposed,True,0.8882825145327282,0.0
Pubmed,sage,12346,original,-1.0,0.8950391722987887,0.8975930209456205,True,Proposed,True,0.8975930209456205,0.0
Pubmed,sage,12347,original,-1.0,0.8992311185079419,0.8877965274693946,True,Proposed,True,0.8877965274693946,0.0
Pubmed,sage,12348,original,-1.0,0.8985931768307075,0.8883493191050441,True,Proposed,True,0.8883493191050441,0.0
Pubmed,sage,12349,original,-1.0,0.8935634353622453,0.886058887680159,True,Proposed,True,0.886058887680159,0.0
Pubmed,sage,12350,original,-1.0,0.8916549826383461,0.8781642427326082,True,Proposed,True,0.8781642427326082,0.0
Pubmed,sage,12351,original,-1.0,0.8907092545429259,0.8879951704753419,True,Proposed,True,0.8879951704753419,0.0
Pubmed,sage,12352,original,-1.0,0.8992662691600621,0.893095752772497,True,Proposed,True,0.893095752772497,0.0
Pubmed,sage,12353,original,-1.0,0.8906575297078413,0.8899994700405492,True,Proposed,True,0.8899994700405492,0.0
Pubmed,sage,12354,original,-1.0,0.9007775654768576,0.8764819734705025,True,Proposed,True,0.8764819734705025,0.0
Pubmed,sage,12355,original,-1.0,0.8842203525544207,0.8875837703268727,True,Proposed,True,0.8875837703268727,0.0
Pubmed,sage,12356,original,-1.0,0.8841664577654941,0.8946364238180856,True,Proposed,True,0.8946364238180856,0.0
Pubmed,sage,12357,original,-1.0,0.8906695879795833,0.8904548513930249,True,Proposed,True,0.8904548513930249,0.0
Pubmed,sage,12358,original,-1.0,0.8977051808715887,0.8865506542913915,True,Proposed,True,0.8865506542913915,0.0
Pubmed,sage,12359,original,-1.0,0.9050796878701456,0.882489621150275,True,Proposed,True,0.882489621150275,0.0
Pubmed,sage,12360,original,-1.0,0.8948080472138598,0.8856974423235026,True,Proposed,True,0.8856974423235026,0.0
Pubmed,sage,12361,original,-1.0,0.8987453136244786,0.8959279174181253,True,Proposed,True,0.8959279174181253,0.0
Pubmed,sage,12362,original,-1.0,0.8957528538317302,0.8946377758705428,True,Proposed,True,0.8946377758705428,0.0
Pubmed,sage,12363,original,-1.0,0.9014561741768512,0.8936048931827795,True,Proposed,True,0.8936048931827795,0.0
Pubmed,sage,12364,original,-1.0,0.8972662071006713,0.8862638993506368,True,Proposed,True,0.8862638993506368,0.0
Pubmed,sage,12365,original,-1.0,0.8905868713025358,0.8845477018370876,True,Proposed,True,0.8845477018370876,0.0
Pubmed,sage,12366,original,-1.0,0.8917132472360062,0.8990466004354986,True,Proposed,True,0.8990466004354986,0.0
Pubmed,sage,12367,original,-1.0,0.900748477054702,0.8888266355272144,True,Proposed,True,0.8888266355272144,0.0
Pubmed,sage,12368,original,-1.0,0.8976099383176516,0.8889963841219274,True,Proposed,True,0.8889963841219274,0.0
Pubmed,sage,12369,original,-1.0,0.8965497056010658,0.8963945896848552,True,Proposed,True,0.8963945896848552,0.0
Pubmed,sage,12370,original,-1.0,0.8914883760060377,0.8951397686609397,True,Proposed,True,0.8951397686609397,0.0
Pubmed,sage,12371,original,-1.0,0.8953136624672119,0.8958264461298496,True,Proposed,True,0.8958264461298496,0.0
Pubmed,sage,12372,original,-1.0,0.886564284809526,0.8911084452589856,True,Proposed,True,0.8911084452589856,0.0
Pubmed,sage,12373,original,-1.0,0.8952442212068693,0.8877662067961731,True,Proposed,True,0.8877662067961731,0.0
Pubmed,sage,12374,original,-1.0,0.8942825338370018,0.8887950371207136,True,Proposed,True,0.8887950371207136,0.0
Roman-Empire,gat,12345,DGlf + VGAE 40%,0.4,0.4229002648199952,0.4033299897297414,False,Proposed,False,0.3834159013045715,1.9914088425169896
Roman-Empire,gat,12346,DGlf + VGAE 55%,0.55,0.4061563834775649,0.4091350891240402,False,Proposed,False,0.3853546419213217,2.3780447202718493
Roman-Empire,gat,12347,DGlf + VGAE 25%,0.25,0.3979803450548861,0.3834546847400094,False,Proposed,False,0.3774689355208303,0.5985749219179104
Roman-Empire,gat,12348,DGlf + VGAE 55%,0.55,0.397313547383687,0.4060506692317361,False,Proposed,False,0.3905150494555038,1.5535619776232301
Roman-Empire,gat,12349,DGlf + VGAE 40%,0.4,0.406004524951561,0.388725266325007,False,Proposed,False,0.3853961357230507,0.3329130601956276
Roman-Empire,gat,12350,DGlf + VGAE 55%,0.55,0.4007011559330595,0.4056403389844399,False,Proposed,False,0.3870732726667591,1.8567066317680792
Roman-Empire,gat,12351,DGlf + VGAE 40%,0.4,0.4126309346693248,0.4077976617476572,False,Proposed,False,0.3972726174111176,1.0525044336539613
Roman-Empire,gat,12352,DGlf + VGAE 40%,0.4,0.3957421209875882,0.4004825350891397,False,Proposed,False,0.3901272292123672,1.0355305876772525
Roman-Empire,gat,12353,DGlf + VGAE 40%,0.4,0.4034912438378021,0.4102013110383136,False,Proposed,False,0.3835655323854948,2.66357786528188
Roman-Empire,gat,12354,DGlf + VGAE 55%,0.55,0.3986186687398632,0.3978877710113678,False,Proposed,False,0.382189259029522,1.5698511981845797
Roman-Empire,gat,12355,DGlf + VGAE 55%,0.55,0.4035803580807717,0.4054100080324775,False,Proposed,False,0.3875941459755181,1.7815862056959397
Roman-Empire,gat,12356,original,-1.0,0.40516222327861,0.3789006151334265,True,Proposed,True,0.3789006151334265,0.0
Roman-Empire,gat,12357,DGlf + VGAE 55%,0.55,0.4022291121905886,0.3875525023761075,False,Proposed,False,0.3845348986716166,0.301760370449089
Roman-Empire,gat,12358,DGlf + VGAE 40%,0.4,0.4021721100522121,0.407439535093164,False,Proposed,False,0.3797408935007794,2.7698641592384607
Roman-Empire,gat,12359,original,-1.0,0.392137790302808,0.3968070274728974,True,Proposed,True,0.3968070274728974,0.0
Roman-Empire,gat,12360,DGlf + VGAE 55%,0.55,0.4069459292270267,0.4204917050122058,False,Proposed,False,0.394963303128126,2.5528401884079788
Roman-Empire,gat,12361,DGlf + VGAE 25%,0.25,0.4049205750451249,0.3928744316595371,False,Proposed,False,0.3892087392221579,0.3665692437379242
Roman-Empire,gat,12362,DGlf + VGAE 40%,0.4,0.3939707799164911,0.4000920078030154,False,Proposed,False,0.3943310915326081,0.5760916270407312
Roman-Empire,gat,12363,DGlf + VGAE 40%,0.4,0.4109319291654627,0.4020585383077267,False,Proposed,False,0.3958951846085705,0.6163353699156215
Roman-Empire,gat,12364,DGlf + VGAE 55%,0.55,0.3933122362117307,0.4009236362208796,False,Proposed,False,0.3789531592559068,2.1970476964972843
Roman-Empire,gat,12365,DGlf + VGAE 55%,0.55,0.4171271611241526,0.4098707925455156,False,Proposed,False,0.3857449746219379,2.412581792357771
Roman-Empire,gat,12366,original,-1.0,0.4060262252966121,0.4020906405344073,True,Proposed,True,0.4020906405344073,0.0
Roman-Empire,gat,12367,DGlf + VGAE 40%,0.4,0.4134908745762094,0.4110614177851564,False,Proposed,False,0.391616184181574,1.9445233603582412
Roman-Empire,gat,12368,original,-1.0,0.4155728160051731,0.4070139362437729,True,Proposed,True,0.4070139362437729,0.0
Roman-Empire,gat,12369,DGlf + VGAE 25%,0.25,0.4209522576996805,0.3983040777500938,False,Proposed,False,0.4170811854963826,-1.8777107746288824
Roman-Empire,gat,12370,original,-1.0,0.4082618694284142,0.4044346513482883,True,Proposed,True,0.4044346513482883,0.0
Roman-Empire,gat,12371,DGlf + VGAE 40%,0.4,0.4150726406811454,0.4250313884321735,False,Proposed,False,0.3964197339838731,2.8611654448300383
Roman-Empire,gat,12372,DGlf + VGAE 55%,0.55,0.4187478458132163,0.4102601529644734,False,Proposed,False,0.3811619234901411,2.909822947433227
Roman-Empire,gat,12373,DGlf + VGAE 40%,0.4,0.4132379595984411,0.3938797014113344,False,Proposed,False,0.4035471916255081,-0.9667490214173735
Roman-Empire,gat,12374,DGlf + VGAE 40%,0.4,0.4074709912938802,0.3915497193242859,False,Proposed,False,0.385646461987416,0.5903257336869916
Roman-Empire,gcn,12345,DGlf + VGAE 55%,0.55,0.384640056428729,0.3786037899042027,False,Proposed,False,0.3797915042198776,-0.1187714315674937
Roman-Empire,gcn,12346,DGlf + VGAE 55%,0.55,0.3732459596613472,0.385924194773322,False,Proposed,False,0.3848648179200943,0.10593768532277115
Roman-Empire,gcn,12347,DGlf + VGAE 40%,0.4,0.3822956392303204,0.3798587187109666,False,Proposed,False,0.3609314328080808,1.8927285902885782
Roman-Empire,gcn,12348,DGlf + VGAE 55%,0.55,0.3774275261236974,0.3794139954565237,False,Proposed,False,0.357454313638684,2.1959681817839694
Roman-Empire,gcn,12349,DGlf + VGAE 55%,0.55,0.3987330624431269,0.3856698835487822,False,Proposed,False,0.3658991508925144,1.9770732656267775
Roman-Empire,gcn,12350,DGlf + VGAE 55%,0.55,0.3788852223469863,0.3833240755962815,False,Proposed,False,0.382223810041146,0.11002655551355378
Roman-Empire,gcn,12351,original,-1.0,0.3851079095487266,0.3764803895696152,True,Proposed,True,0.3764803895696152,0.0
Roman-Empire,gcn,12352,DGlf + VGAE 40%,0.4,0.3690556133521195,0.3746284339422825,False,Proposed,False,0.3671829310855744,0.7445502856708086
Roman-Empire,gcn,12353,DGlf + VGAE 55%,0.55,0.3767778032025704,0.3827651403206772,False,Proposed,False,0.3617195978351814,2.104554248549584
Roman-Empire,gcn,12354,DGlf + VGAE 40%,0.4,0.3923325556225971,0.3635494814319013,False,Proposed,False,0.3744876816585087,-1.0938200226607409
Roman-Empire,gcn,12355,DGlf + VGAE 55%,0.55,0.3882234139843559,0.3828905913402957,False,Proposed,False,0.3668600173595022,1.6030573980793494
Roman-Empire,gcn,12356,DGlf + VGAE 55%,0.55,0.3804189077436117,0.3805284402227492,False,Proposed,False,0.3780776020767331,0.24508381460160988
Roman-Empire,gcn,12357,DGlf + VGAE 55%,0.55,0.3781335724858456,0.3694251926432579,False,Proposed,False,0.3500260170035806,1.9399175639677302
Roman-Empire,gcn,12358,original,-1.0,0.3685545697231346,0.3679561478041291,True,Proposed,True,0.3679561478041291,0.0
Roman-Empire,gcn,12359,DGlf + VGAE 40%,0.4,0.3662724522505087,0.3855147575112249,False,Proposed,False,0.3932922527279218,-0.7777495216696906
Roman-Empire,gcn,12360,DGlf + VGAE 40%,0.4,0.3781560850090738,0.3763006476806197,False,Proposed,False,0.3718782356972048,0.442241198341492
Roman-Empire,gcn,12361,DGlf + VGAE 40%,0.4,0.3825987066339389,0.3805057237730416,False,Proposed,False,0.3504845372841351,3.0021186488906504
Roman-Empire,gcn,12362,DGlf + VGAE 40%,0.4,0.3873718069053484,0.3744300311732909,False,Proposed,False,0.3755941663409624,-0.11641351676714984
Roman-Empire,gcn,12363,DGlf + VGAE 40%,0.4,0.3821904339128656,0.3902754852910676,False,Proposed,False,0.3641479292906113,2.61275560004563
Roman-Empire,gcn,12364,DGlf + VGAE 55%,0.55,0.3864296094921434,0.3894736100989758,False,Proposed,False,0.3608789343946665,2.859467570430929
Roman-Empire,gcn,12365,DGlf + VGAE 55%,0.55,0.4045501730947081,0.380590688698707,False,Proposed,False,0.3516676171524439,2.8923071546263115
Roman-Empire,gcn,12366,original,-1.0,0.3817679104759543,0.3746399052225362,True,Proposed,True,0.3746399052225362,0.0
Roman-Empire,gcn,12367,DGlf + VGAE 55%,0.55,0.3884144579016957,0.3747294436841199,False,Proposed,False,0.3638100564472095,1.0919387236910438
Roman-Empire,gcn,12368,original,-1.0,0.3873712646435858,0.3711875030249443,True,Proposed,True,0.3711875030249443,0.0
Roman-Empire,gcn,12369,DGlf + VGAE 40%,0.4,0.3911738272853725,0.3799629184656612,False,Proposed,False,0.3764242108443318,0.35387076213294066
Roman-Empire,gcn,12370,DGlf + VGAE 55%,0.55,0.3736559454656863,0.3692628238849196,False,Proposed,False,0.3775663663872755,-0.8303542502355876
Roman-Empire,gcn,12371,DGlf + VGAE 55%,0.55,0.3861086409684438,0.3946361045995871,False,Proposed,False,0.3669000015418039,2.773610305778318
Roman-Empire,gcn,12372,DGlf + VGAE 55%,0.55,0.3882792926913355,0.3915521451657724,False,Proposed,False,0.3687560786036412,2.279606656213123
Roman-Empire,gcn,12373,DGlf + VGAE 40%,0.4,0.3851434598691718,0.371186548233018,False,Proposed,False,0.3692434286650656,0.19431195679524005
Roman-Empire,gcn,12374,original,-1.0,0.3780509883785485,0.3740502622115924,True,Proposed,True,0.3740502622115924,0.0
Roman-Empire,sage,12345,original,-1.0,0.8013603565248975,0.7980430309729111,True,Proposed,True,0.7980430309729111,0.0
Roman-Empire,sage,12346,original,-1.0,0.7888977330151271,0.8064580455993329,True,Proposed,True,0.8064580455993329,0.0
Roman-Empire,sage,12347,original,-1.0,0.7870962054488447,0.7868581187866603,True,Proposed,True,0.7868581187866603,0.0
Roman-Empire,sage,12348,original,-1.0,0.7942725610031063,0.7850087236772808,True,Proposed,True,0.7850087236772808,0.0
Roman-Empire,sage,12349,original,-1.0,0.7923793713335414,0.7810943801684351,True,Proposed,True,0.7810943801684351,0.0
Roman-Empire,sage,12350,original,-1.0,0.7813888968966206,0.7905994381396124,True,Proposed,True,0.7905994381396124,0.0
Roman-Empire,sage,12351,original,-1.0,0.7957533219598475,0.794162508810267,True,Proposed,True,0.794162508810267,0.0
Roman-Empire,sage,12352,original,-1.0,0.7949809613137355,0.7906027523488782,True,Proposed,True,0.7906027523488782,0.0
Roman-Empire,sage,12353,original,-1.0,0.7916166942202242,0.7884971190021417,True,Proposed,True,0.7884971190021417,0.0
Roman-Empire,sage,12354,original,-1.0,0.7824807010700481,0.795200393834356,True,Proposed,True,0.795200393834356,0.0
Roman-Empire,sage,12355,original,-1.0,0.7963791682327648,0.778269456454779,True,Proposed,True,0.778269456454779,0.0
Roman-Empire,sage,12356,original,-1.0,0.8038286906873507,0.7826913692239852,True,Proposed,True,0.7826913692239852,0.0
Roman-Empire,sage,12357,original,-1.0,0.8000380069528878,0.7893385539934046,True,Proposed,True,0.7893385539934046,0.0
Roman-Empire,sage,12358,original,-1.0,0.7909844012725263,0.8056782114603901,True,Proposed,True,0.8056782114603901,0.0
Roman-Empire,sage,12359,original,-1.0,0.7931656462064808,0.7947189674888535,True,Proposed,True,0.7947189674888535,0.0
Roman-Empire,sage,12360,original,-1.0,0.8088548670039469,0.7929188673366205,True,Proposed,True,0.7929188673366205,0.0
Roman-Empire,sage,12361,original,-1.0,0.7936763677718427,0.7826622874566742,True,Proposed,True,0.7826622874566742,0.0
Roman-Empire,sage,12362,original,-1.0,0.8002144497146655,0.7997401402819093,True,Proposed,True,0.7997401402819093,0.0
Roman-Empire,sage,12363,original,-1.0,0.7973595252032258,0.7937955621726773,True,Proposed,True,0.7937955621726773,0.0
Roman-Empire,sage,12364,original,-1.0,0.7981462158050713,0.805163428711182,True,Proposed,True,0.805163428711182,0.0
Roman-Empire,sage,12365,original,-1.0,0.790181237904607,0.7784633834969219,True,Proposed,True,0.7784633834969219,0.0
Roman-Empire,sage,12366,original,-1.0,0.8014310598694563,0.7997264379121805,True,Proposed,True,0.7997264379121805,0.0
Roman-Empire,sage,12367,original,-1.0,0.7825887333600875,0.7941858832310348,True,Proposed,True,0.7941858832310348,0.0
Roman-Empire,sage,12368,original,-1.0,0.7966745374359628,0.7809616426598587,True,Proposed,True,0.7809616426598587,0.0
Roman-Empire,sage,12369,original,-1.0,0.7941654647164388,0.7991515180628476,True,Proposed,True,0.7991515180628476,0.0
Roman-Empire,sage,12370,original,-1.0,0.7891288923464204,0.8020616236921645,True,Proposed,True,0.8020616236921645,0.0
Roman-Empire,sage,12371,original,-1.0,0.7993820623535155,0.8017358867242786,True,Proposed,True,0.8017358867242786,0.0
Roman-Empire,sage,12372,original,-1.0,0.8030845974443345,0.7797397172056049,True,Proposed,True,0.7797397172056049,0.0
Roman-Empire,sage,12373,original,-1.0,0.7963087686035601,0.7908552287534856,True,Proposed,True,0.7908552287534856,0.0
Roman-Empire,sage,12374,original,-1.0,0.7949927467777779,0.7924932890257512,True,Proposed,True,0.7924932890257512,0.0
Texas,gat,12345,original,-1.0,0.5747058823529412,0.3993788819875776,True,Proposed,True,0.3993788819875776,0.0
Texas,gat,12346,DGlf + VGAE 10%,0.1,0.7495495495495496,0.3884983261597322,False,Proposed,False,0.4821428571428571,-9.364453098312492
Texas,gat,12347,DGlf + VGAE 55%,0.55,0.6553571428571429,0.3308348834664624,False,Proposed,False,0.393796992481203,-6.296210901474058
Texas,gat,12348,DGlf + VGAE 10%,0.1,0.8636904761904762,0.3964285714285714,False,Proposed,False,0.2875816993464052,10.88468720821662
Texas,gat,12349,DGlf + VGAE 40%,0.4,0.6139610389610389,0.5214285714285714,False,Proposed,False,0.3054323725055432,21.59961989230281
Texas,gat,12350,DGlf + VGAE 10%,0.1,0.7590301003344482,0.4168992248062015,False,Proposed,False,0.3126984126984127,10.42008121077888
Texas,gat,12351,DGlf + VGAE 10%,0.1,0.6948110133594005,0.4555555555555555,False,Proposed,False,0.2539893617021276,20.15661938534279
Texas,gat,12352,DGlf + VGAE 10%,0.1,0.6741071428571428,0.4714839424141749,False,Proposed,False,0.3925282234105763,7.89557190035986
Texas,gat,12353,DGlf + VGAE 25%,0.25,0.5820743034055728,0.5517482517482517,False,Proposed,False,0.2473544973544973,30.43937543937544
Texas,gat,12354,DGlf + VGAE 25%,0.25,0.6856643356643356,0.6568181818181819,False,Proposed,False,0.4465148378191856,21.030334399899626
Texas,gat,12355,DGlf + VGAE 25%,0.25,0.7991071428571429,0.4339285714285714,False,Proposed,False,0.2956349206349206,13.82936507936508
Texas,gat,12356,DGlf + VGAE 10%,0.1,0.6187943262411347,0.6062741312741313,False,Proposed,False,0.5274781113195748,7.879601995455654
Texas,gat,12357,DGlf + VGAE 10%,0.1,0.6651924651924652,0.5233427038078201,False,Proposed,False,0.1966777408637873,32.66649629440328
Texas,gat,12358,DGlf + VGAE 0%,0.0,0.6790654520917678,0.4373582766439909,False,Proposed,False,0.5208333333333333,-8.347505668934236
Texas,gat,12359,DGlf + VGAE 25%,0.25,0.7319444444444444,0.4342857142857143,False,Proposed,False,0.451236568309739,-1.6950854024024742
Texas,gat,12360,original,-1.0,0.4505050505050505,0.2291666666666666,True,Proposed,True,0.2291666666666666,0.0
Texas,gat,12361,DGlf + VGAE 0%,0.0,0.6939968814968815,0.5003322259136213,False,Proposed,False,0.4347826086956521,6.554961721796914
Texas,gat,12362,DGlf + VGAE 40%,0.4,0.6857142857142857,0.5017857142857143,False,Proposed,False,0.3558333333333333,14.5952380952381
Texas,gat,12363,DGlf + VGAE 10%,0.1,0.7536635706914345,0.4092243186582809,False,Proposed,False,0.4638242894056847,-5.4599970747403805
Texas,gat,12364,DGlf + VGAE 10%,0.1,0.719683354728284,0.5023712737127372,False,Proposed,False,0.5568362480127186,-5.446497429998143
Texas,gat,12365,DGlf + VGAE 55%,0.55,0.6723484848484849,0.5912280701754385,False,Proposed,False,0.2666666666666666,32.45614035087719
Texas,gat,12366,DGlf + VGAE 10%,0.1,0.7298151460942159,0.5074384679647838,False,Proposed,False,0.3523285225412885,15.510994542349527
Texas,gat,12367,DGlf + VGAE 55%,0.55,0.6240384615384615,0.4448335095137421,False,Proposed,False,0.1851851851851851,25.9648324328557
Texas,gat,12368,DGlf + VGAE 40%,0.4,0.7097020097020097,0.2996969696969697,False,Proposed,False,0.4732220795892169,-17.352510989224722
Texas,gat,12369,DGlf + VGAE 10%,0.1,0.7444139194139194,0.5093795093795093,False,Proposed,False,0.3955693696547355,11.381013972477378
Texas,gat,12370,DGlf + VGAE 10%,0.1,0.5744651483781918,0.5003968253968254,False,Proposed,False,0.456429211469534,4.396761392729137
Texas,gat,12371,DGlf + VGAE 25%,0.25,0.5501392301392303,0.4237082066869301,False,Proposed,False,0.3635204081632653,6.018779852366479
Texas,gat,12372,DGlf + VGAE 40%,0.4,0.5720567375886525,0.6350461133069828,False,Proposed,False,0.3829545454545455,25.20915678524373
Texas,gat,12373,DGlf + VGAE 25%,0.25,0.6391666666666667,0.4591173054587688,False,Proposed,False,0.3540494058786742,10.50678995800946
Texas,gat,12374,DGlf + VGAE 55%,0.55,0.7807338859970439,0.3542857142857142,False,Proposed,False,0.2786324786324786,7.5653235653235615
Texas,gcn,12345,original,-1.0,0.5197069597069597,0.40625,True,Proposed,True,0.40625,0.0
Texas,gcn,12346,DGlf + VGAE 10%,0.1,0.7336004273504274,0.4508403361344537,False,Proposed,False,0.2534237726098191,19.741656352463462
Texas,gcn,12347,DGlf + VGAE 40%,0.4,0.6517615176151761,0.5079365079365079,False,Proposed,False,0.3360323886639675,17.19041192725404
Texas,gcn,12348,DGlf + VGAE 0%,0.0,0.7875968992248062,0.3566666666666667,False,Proposed,False,0.3447802197802198,1.188644688644691
Texas,gcn,12349,DGlf + VGAE 55%,0.55,0.5761904761904761,0.5811688311688311,False,Proposed,False,0.4286750483558994,15.249378281293168
Texas,gcn,12350,DGlf + VGAE 10%,0.1,0.7247086247086247,0.335073815073815,False,Proposed,False,0.2383333333333333,9.674048174048169
Texas,gcn,12351,DGlf + VGAE 25%,0.25,0.712344028520499,0.4486283643892339,False,Proposed,False,0.4349958552086211,1.3632509180612817
Texas,gcn,12352,DGlf + VGAE 10%,0.1,0.6526785714285714,0.3736111111111111,False,Proposed,False,0.4154143728611814,-4.180326175007027
Texas,gcn,12353,DGlf + VGAE 25%,0.25,0.4735897435897436,0.3380681818181818,False,Proposed,False,0.3375816993464052,0.04864824717766281
Texas,gcn,12354,DGlf + VGAE 25%,0.25,0.6777777777777778,0.5081521739130435,False,Proposed,False,0.4195417789757412,8.861039493730228
Texas,gcn,12355,DGlf + VGAE 10%,0.1,0.6133907463694698,0.4285714285714286,False,Proposed,False,0.3073684210526315,12.120300751879709
Texas,gcn,12356,DGlf + VGAE 55%,0.55,0.554812337421033,0.5630952380952381,False,Proposed,False,0.5027131782945736,6.038205980066447
Texas,gcn,12357,DGlf + VGAE 55%,0.55,0.6723657548125633,0.3422823984526112,False,Proposed,False,0.3023809523809523,3.990144607165891
Texas,gcn,12358,DGlf + VGAE 0%,0.0,0.6807359307359307,0.4798076923076922,False,Proposed,False,0.4044289044289044,7.537878787878782
Texas,gcn,12359,DGlf + VGAE 25%,0.25,0.6369132290184921,0.4331746031746031,False,Proposed,False,0.2184615384615384,21.47130647130647
Texas,gcn,12360,original,-1.0,0.4603174603174603,0.3114630467571644,True,Proposed,True,0.3114630467571644,0.0
Texas,gcn,12361,DGlf + VGAE 40%,0.4,0.6498617936117936,0.5073170731707317,False,Proposed,False,0.4038461538461538,10.347091932457792
Texas,gcn,12362,DGlf + VGAE 55%,0.55,0.7769423558897243,0.514069264069264,False,Proposed,False,0.3881027253668763,12.596653870238772
Texas,gcn,12363,DGlf + VGAE 40%,0.4,0.6958532695374801,0.4322222222222222,False,Proposed,False,0.3868055555555555,4.541666666666666
Texas,gcn,12364,DGlf + VGAE 40%,0.4,0.6919288645690835,0.4556277056277056,False,Proposed,False,0.334697217675941,12.09304879517646
Texas,gcn,12365,original,-1.0,0.756005622284692,0.384313725490196,True,Proposed,True,0.384313725490196,0.0
Texas,gcn,12366,DGlf + VGAE 55%,0.55,0.6222222222222222,0.4831560283687943,False,Proposed,False,0.3400974025974026,14.305862577139166
Texas,gcn,12367,DGlf + VGAE 40%,0.4,0.6226404800872886,0.4611111111111111,False,Proposed,False,0.2855064557192217,17.56046553918894
Texas,gcn,12368,DGlf + VGAE 25%,0.25,0.7064393939393939,0.30999000999001,False,Proposed,False,0.2884162895927601,2.1573720397249865
Texas,gcn,12369,DGlf + VGAE 10%,0.1,0.6773477812177503,0.5825757575757575,False,Proposed,False,0.4311965811965812,15.137917637917631
Texas,gcn,12370,DGlf + VGAE 40%,0.4,0.5576138147566719,0.5062367864693446,False,Proposed,False,0.4683579985905567,3.7878787878787845
Texas,gcn,12371,DGlf + VGAE 25%,0.25,0.5367320261437909,0.3786997885835095,False,Proposed,False,0.4977314352314352,-11.90316466479257
Texas,gcn,12372,DGlf + VGAE 40%,0.4,0.5183662714097497,0.6169191919191919,False,Proposed,False,0.336734693877551,28.018449804164085
Texas,gcn,12373,original,-1.0,0.7237549684358195,0.4649244833068363,True,Proposed,True,0.4649244833068363,0.0
Texas,gcn,12374,DGlf + VGAE 10%,0.1,0.6992886178861789,0.3113475177304964,False,Proposed,False,0.2862929681928398,2.5054549537656623
Texas,sage,12345,original,-1.0,0.5440354767184036,0.7228867623604465,True,Proposed,True,0.7228867623604465,0.0
Texas,sage,12346,original,-1.0,0.782080200501253,0.7125087678279167,True,Proposed,True,0.7125087678279167,0.0
Texas,sage,12347,DGlf + VGAE 10%,0.1,0.6328431372549019,0.4415847310584153,False,Proposed,False,0.5226010101010101,-8.101627904259484
Texas,sage,12348,DGlf + VGAE 0%,0.0,0.7569444444444444,0.4945196647324306,False,Proposed,False,0.4373333333333333,5.718633139909729
Texas,sage,12349,original,-1.0,0.8254489413025998,0.6916666666666667,True,Proposed,True,0.6916666666666667,0.0
Texas,sage,12350,DGlf + VGAE 0%,0.0,0.8508273703041145,0.408073008073008,False,Proposed,False,0.5192673992673993,-11.119439119439129
Texas,sage,12351,DGlf + VGAE 40%,0.4,0.6198216987690672,0.5694662480376766,False,Proposed,False,0.6020512820512821,-3.2585034013605463
Texas,sage,12352,original,-1.0,0.8292635658914729,0.7226107226107226,True,Proposed,True,0.7226107226107226,0.0
Texas,sage,12353,original,-1.0,0.66815649867374,0.402014652014652,True,Proposed,True,0.402014652014652,0.0
Texas,sage,12354,original,-1.0,0.7536630036630036,0.6539971656250726,True,Proposed,True,0.6539971656250726,0.0
Texas,sage,12355,DGlf + VGAE 55%,0.55,0.6973684210526315,0.4858630952380952,False,Proposed,False,0.5483333333333333,-6.247023809523816
Texas,sage,12356,original,-1.0,0.6780448717948718,0.6591269841269841,True,Proposed,True,0.6591269841269841,0.0
Texas,sage,12357,original,-1.0,0.8487250735534488,0.4123037323037323,True,Proposed,True,0.4123037323037323,0.0
Texas,sage,12358,DGlf + VGAE 0%,0.0,0.8255568755568756,0.5243794326241135,False,Proposed,False,0.6155523255813954,-9.117289295728192
Texas,sage,12359,DGlf + VGAE 25%,0.25,0.7847222222222222,0.4421489621489621,False,Proposed,False,0.4271708683473389,1.4978093801623182
Texas,sage,12360,original,-1.0,0.5434498834498834,0.553030303030303,True,Proposed,True,0.553030303030303,0.0
Texas,sage,12361,original,-1.0,0.7172688993341166,0.5128787878787878,True,Proposed,True,0.5128787878787878,0.0
Texas,sage,12362,DGlf + VGAE 55%,0.55,0.7702020202020201,0.4208333333333333,False,Proposed,False,0.702226345083488,-28.139301175015476
Texas,sage,12363,DGlf + VGAE 40%,0.4,0.7217948717948718,0.5766666666666667,False,Proposed,False,0.5356060606060606,4.106060606060602
Texas,sage,12364,DGlf + VGAE 55%,0.55,0.8132379248658319,0.6071428571428572,False,Proposed,False,0.4604545454545455,14.66883116883117
Texas,sage,12365,original,-1.0,0.7535014005602241,0.4261412673177379,True,Proposed,True,0.4261412673177379,0.0
Texas,sage,12366,DGlf + VGAE 40%,0.4,0.7926051051051051,0.510993135993136,False,Proposed,False,0.6333333333333333,-12.23401973401973
Texas,sage,12367,DGlf + VGAE 25%,0.25,0.6358534322820037,0.5285714285714286,False,Proposed,False,0.6264705882352941,-9.789915966386554
Texas,sage,12368,DGlf + VGAE 0%,0.0,0.7584159261790842,0.3597402597402597,False,Proposed,False,0.4165656565656565,-5.682539682539678
Texas,sage,12369,DGlf + VGAE 10%,0.1,0.813468992248062,0.4891891891891892,False,Proposed,False,0.5307563025210082,-4.1567113331819066
Texas,sage,12370,DGlf + VGAE 0%,0.0,0.6667249417249418,0.5785714285714286,False,Proposed,False,0.542957042957043,3.561438561438568
Texas,sage,12371,original,-1.0,0.5701619433198382,0.5685924369747899,True,Proposed,True,0.5685924369747899,0.0
Texas,sage,12372,original,-1.0,0.6495238095238095,0.5964452214452215,True,Proposed,True,0.5964452214452215,0.0
Texas,sage,12373,original,-1.0,0.7234042553191489,0.5311965811965813,True,Proposed,True,0.5311965811965813,0.0
Texas,sage,12374,DGlf + VGAE 55%,0.55,0.7431603484235063,0.4183682983682984,False,Proposed,False,0.3356209150326797,8.27473833356187
Actor,gat,12345,SDRF,0.1,0.2846731291152239,0.2497988484398298,False,SDRF,False,0.257325273615404,-0.7526425175574225
Actor,gat,12346,SDRF,0.1,0.2628308733186796,0.2570019144733791,False,SDRF,False,0.2542085651863474,0.2793349287031732
Actor,gat,12347,SDRF,0.55,0.2759065983315237,0.2710348528852043,False,SDRF,False,0.2567466170042485,1.428823588095579
Actor,gat,12348,original,-1.0,0.2826345440557912,0.2499447478424819,True,SDRF,True,0.2499447478424819,0.0
Actor,gat,12349,SDRF,0.4,0.275170380965247,0.2459171686418555,False,SDRF,False,0.2541913322542233,-0.8274163612367796
Actor,gat,12350,SDRF,0.1,0.2753931952072467,0.252695820653348,False,SDRF,False,0.2510731031616103,0.16227174917377019
Actor,gat,12351,SDRF,0.25,0.2665507584924936,0.2663352050426378,False,SDRF,False,0.2621968664015102,0.41383386411276146
Actor,gat,12352,SDRF,0.25,0.2765108613284596,0.2645192799180169,False,SDRF,False,0.2775314544740505,-1.3012174556033596
Actor,gat,12353,SDRF,0.1,0.2552710832957088,0.2692260429907764,False,SDRF,False,0.2681893568681425,0.10366861226339119
Actor,gat,12354,SDRF,0.4,0.2853972101487471,0.2668336425821326,False,SDRF,False,0.2654260661356424,0.14075764464901996
Actor,gat,12355,SDRF,0.1,0.267535868675037,0.2560266484698408,False,SDRF,False,0.2563973569244918,-0.03707084546509809
Actor,gat,12356,SDRF,0.1,0.2628067003139688,0.2554798989067876,False,SDRF,False,0.2583182804757487,-0.28383815689611014
Actor,gat,12357,SDRF,0.1,0.2899348888595286,0.2546205720176863,False,SDRF,False,0.2499904190913778,0.4630152926308473
Actor,gat,12358,original,-1.0,0.2845073109742887,0.248496706691644,True,SDRF,True,0.248496706691644,0.0
Actor,gat,12359,SDRF,0.1,0.2849743160238821,0.2702876687676872,False,SDRF,False,0.2636099727715072,0.6677695996179955
Actor,gat,12360,SDRF,0.25,0.2780989295548982,0.263438659041142,False,SDRF,False,0.2521216796087981,1.1316979432343888
Actor,gat,12361,SDRF,0.4,0.2822591351325494,0.2417280853495473,False,SDRF,False,0.2594739575340269,-1.7745872184479623
Actor,gat,12362,original,-1.0,0.2806897881842257,0.2606227023771067,True,SDRF,True,0.2606227023771067,0.0
Actor,gat,12363,SDRF,0.4,0.2648591761671459,0.2500933338493518,False,SDRF,False,0.2613057008642615,-1.121236701490974
Actor,gat,12364,SDRF,0.1,0.2647606113946971,0.2414054436084673,False,SDRF,False,0.244314314636231,-0.29088710277636876
Actor,gat,12365,SDRF,0.1,0.2624700952783182,0.2663248267667928,False,SDRF,False,0.2479302114097404,1.839461535705242
Actor,gat,12366,SDRF,0.1,0.2795027744630623,0.2644998210119268,False,SDRF,False,0.251474289223856,1.302553178807081
Actor,gat,12367,SDRF,0.1,0.2737395760642594,0.243004451711995,False,SDRF,False,0.2579276837908854,-1.4923232078890374
Actor,gat,12368,original,-1.0,0.2613113659789203,0.2557310274382027,True,SDRF,True,0.2557310274382027,0.0
Actor,gat,12369,SDRF,0.55,0.2737306914313556,0.2463541313134666,False,SDRF,False,0.2633749392075274,-1.7020807894060823
Actor,gat,12370,SDRF,0.1,0.2679825263314339,0.2819508756425895,False,SDRF,False,0.2817856147416473,0.016526090094221013
Actor,gat,12371,SDRF,0.4,0.2829773773127403,0.2622309067040677,False,SDRF,False,0.271269883791748,-0.9038977087680311
Actor,gat,12372,SDRF,0.1,0.2795312178083431,0.2658676576624465,False,SDRF,False,0.2724616435083683,-0.6593985845921801
Actor,gat,12373,SDRF,0.55,0.2599133222270069,0.2827852286843796,False,SDRF,False,0.2682633106555744,1.4521918028805203
Actor,gat,12374,SDRF,0.55,0.2679411554095808,0.2403475581863835,False,SDRF,False,0.2467591662577208,-0.6411608071337282
Actor,gcn,12345,original,-1.0,0.3018414777486385,0.249234790787316,True,SDRF,True,0.249234790787316,0.0
Actor,gcn,12346,original,-1.0,0.2592518037727515,0.2657805309791351,True,SDRF,True,0.2657805309791351,0.0
Actor,gcn,12347,original,-1.0,0.2749715264703022,0.2548435878854278,True,SDRF,True,0.2548435878854278,0.0
Actor,gcn,12348,original,-1.0,0.2906527167902102,0.2702153636473138,True,SDRF,True,0.2702153636473138,0.0
Actor,gcn,12349,SDRF,0.55,0.2771108649757738,0.2702645227483998,False,SDRF,False,0.2758327105452627,-0.5568187796862911
Actor,gcn,12350,original,-1.0,0.2915531129227827,0.258647098665705,True,SDRF,True,0.258647098665705,0.0
Actor,gcn,12351,SDRF,0.1,0.2804019185677764,0.2650730086312869,False,SDRF,False,0.2721374653469717,-0.7064456715684786
Actor,gcn,12352,SDRF,0.1,0.2790637630736851,0.2629339203427008,False,SDRF,False,0.2674194981126437,-0.44855777699429056
Actor,gcn,12353,original,-1.0,0.2743655720223846,0.2670383587067841,True,SDRF,True,0.2670383587067841,0.0
Actor,gcn,12354,SDRF,0.25,0.2811614222294615,0.270011074944348,False,SDRF,False,0.27360456302841,-0.3593488084062013
Actor,gcn,12355,original,-1.0,0.2847656366410179,0.2596768862455422,True,SDRF,True,0.2596768862455422,0.0
Actor,gcn,12356,SDRF,0.55,0.2776620409307894,0.2548524423208706,False,SDRF,False,0.254568916668522,0.028352565234862626
Actor,gcn,12357,original,-1.0,0.2763410444588881,0.259490963781304,True,SDRF,True,0.259490963781304,0.0
Actor,gcn,12358,SDRF,0.25,0.2929552910141928,0.2527685490961873,False,SDRF,False,0.2487418197787328,0.4026729317454486
Actor,gcn,12359,SDRF,0.55,0.2996502614427908,0.273328323425933,False,SDRF,False,0.2795988594987225,-0.627053607278949
Actor,gcn,12360,original,-1.0,0.2923711881267935,0.2836459989882435,True,SDRF,True,0.2836459989882435,0.0
Actor,gcn,12361,original,-1.0,0.2941502540602898,0.2574199757648266,True,SDRF,True,0.2574199757648266,0.0
Actor,gcn,12362,SDRF,0.1,0.2952361157390933,0.2623608769738987,False,SDRF,False,0.2654336476174931,-0.30727706435944024
Actor,gcn,12363,original,-1.0,0.2785256550320579,0.2798585581544554,True,SDRF,True,0.2798585581544554,0.0
Actor,gcn,12364,SDRF,0.4,0.2714985164074965,0.2583675319970541,False,SDRF,False,0.2585070405743481,-0.013950857729400079
Actor,gcn,12365,SDRF,0.25,0.2823651821010879,0.2795317333013204,False,SDRF,False,0.2855700604647627,-0.603832716344227
Actor,gcn,12366,original,-1.0,0.2874604020543962,0.2704075412215915,True,SDRF,True,0.2704075412215915,0.0
Actor,gcn,12367,original,-1.0,0.287236434986452,0.2722185494462361,True,SDRF,True,0.2722185494462361,0.0
Actor,gcn,12368,original,-1.0,0.2702424778605169,0.2688370628471727,True,SDRF,True,0.2688370628471727,0.0
Actor,gcn,12369,original,-1.0,0.285461202483018,0.2779136289394061,True,SDRF,True,0.2779136289394061,0.0
Actor,gcn,12370,SDRF,0.25,0.2617962348980055,0.2999230887639704,False,SDRF,False,0.2999270311524499,-0.0003942388479505343
Actor,gcn,12371,original,-1.0,0.267404994880233,0.2645726408925806,True,SDRF,True,0.2645726408925806,0.0
Actor,gcn,12372,SDRF,0.4,0.2793543224610751,0.2893445271899321,False,SDRF,False,0.2865869954177346,0.2757531772197508
Actor,gcn,12373,original,-1.0,0.2816029235103638,0.273996146841626,True,SDRF,True,0.273996146841626,0.0
Actor,gcn,12374,SDRF,0.1,0.279907377513497,0.2690591215031214,False,SDRF,False,0.2690996428410913,-0.004052133796988988
Actor,sage,12345,SDRF,0.55,0.3419700094768235,0.3007103966415019,False,SDRF,False,0.3163636235387186,-1.565322689721671
Actor,sage,12346,SDRF,0.25,0.3470208849641245,0.3209081194936774,False,SDRF,False,0.3166827765679391,0.422534292573834
Actor,sage,12347,SDRF,0.25,0.3403347187960082,0.3187203801855727,False,SDRF,False,0.3193405738632286,-0.06201936776559225
Actor,sage,12348,original,-1.0,0.3355093902958555,0.3273685931335443,True,SDRF,True,0.3273685931335443,0.0
Actor,sage,12349,SDRF,0.1,0.3257393241991347,0.3276511579578475,False,SDRF,False,0.3273970724874361,0.02540854704113915
Actor,sage,12350,SDRF,0.1,0.3307135926351982,0.3151328965737568,False,SDRF,False,0.3144168101544674,0.07160864192894412
Actor,sage,12351,original,-1.0,0.3411726869882404,0.3226771368611256,True,SDRF,True,0.3226771368611256,0.0
Actor,sage,12352,SDRF,0.25,0.3339803203520389,0.3293528523948511,False,SDRF,False,0.3283405309880513,0.10123214067997988
Actor,sage,12353,SDRF,0.25,0.3524078765776559,0.3270151019597011,False,SDRF,False,0.3291468462918833,-0.21317443321821616
Actor,sage,12354,SDRF,0.55,0.3290526598927622,0.3195056906750343,False,SDRF,False,0.3088561217696649,1.0649568905369389
Actor,sage,12355,original,-1.0,0.3335388385171384,0.3347832004619162,True,SDRF,True,0.3347832004619162,0.0
Actor,sage,12356,original,-1.0,0.3342981712495049,0.3226795618112243,True,SDRF,True,0.3226795618112243,0.0
Actor,sage,12357,SDRF,0.25,0.3481430729762974,0.3212048128817263,False,SDRF,False,0.3076797292181999,1.3525083663526394
Actor,sage,12358,SDRF,0.55,0.3403691325189745,0.3294544475271989,False,SDRF,False,0.3211517185769322,0.830272895026668
Actor,sage,12359,SDRF,0.1,0.355998850137261,0.324096888940082,False,SDRF,False,0.3166092102253612,0.748767871472078
Actor,sage,12360,original,-1.0,0.3450666852227423,0.3306102399946874,True,SDRF,True,0.3306102399946874,0.0
Actor,sage,12361,SDRF,0.55,0.3328121996176273,0.2972256051348941,False,SDRF,False,0.3104434861056462,-1.3217880970752105
Actor,sage,12362,SDRF,0.4,0.3393055140449909,0.335051372084606,False,SDRF,False,0.3344468401645632,0.060453192004278344
Actor,sage,12363,SDRF,0.55,0.3380894907119618,0.3274349492076323,False,SDRF,False,0.3280719231990158,-0.0636973991383516
Actor,sage,12364,SDRF,0.1,0.3354927115226829,0.3235257920404049,False,SDRF,False,0.3193757887958414,0.4150003244563494
Actor,sage,12365,SDRF,0.25,0.3423584984572567,0.3367118143734327,False,SDRF,False,0.3335267350801597,0.3185079293273052
Actor,sage,12366,SDRF,0.25,0.3324386255851341,0.3098043066715034,False,SDRF,False,0.3113493392728269,-0.15450326013234927
Actor,sage,12367,SDRF,0.4,0.3370042513510567,0.3390487629732638,False,SDRF,False,0.3349196388324501,0.41291241408137336
Actor,sage,12368,SDRF,0.25,0.3374754859010045,0.3286471935904271,False,SDRF,False,0.3338344487221776,-0.5187255131750501
Actor,sage,12369,SDRF,0.4,0.3446210715308159,0.3479507165636906,False,SDRF,False,0.3500650842253624,-0.21143676616718343
Actor,sage,12370,original,-1.0,0.337660177238145,0.3392887649060523,True,SDRF,True,0.3392887649060523,0.0
Actor,sage,12371,original,-1.0,0.3223870436336068,0.3030677970150131,True,SDRF,True,0.3030677970150131,0.0
Actor,sage,12372,original,-1.0,0.3446843269857309,0.3357276649691521,True,SDRF,True,0.3357276649691521,0.0
Actor,sage,12373,SDRF,0.55,0.3438572694001459,0.3527453364473809,False,SDRF,False,0.3422377683437853,1.05075681035956
Actor,sage,12374,SDRF,0.25,0.3373895120264148,0.3366550466752849,False,SDRF,False,0.3317191865325023,0.49358601427825777
Airports-Brazil,gat,12345,SDRF,0.1,0.5625,0.3903202061096797,False,SDRF,False,0.372960372960373,1.7359833149306725
Airports-Brazil,gat,12346,original,-1.0,0.4768633540372671,0.4047619047619047,True,SDRF,True,0.4047619047619047,0.0
Airports-Brazil,gat,12347,original,-1.0,0.5957167832167832,0.3921626984126984,True,SDRF,True,0.3921626984126984,0.0
Airports-Brazil,gat,12348,SDRF,0.55,0.5538315850815851,0.3409806567701304,False,SDRF,False,0.4911858974358974,-15.020524066576701
Airports-Brazil,gat,12349,SDRF,0.1,0.6484985602632662,0.403030303030303,False,SDRF,False,0.3924679487179487,1.0562354312354305
Airports-Brazil,gat,12350,SDRF,0.1,0.6784188034188035,0.4967032967032967,False,SDRF,False,0.3829895594601477,11.371373724314903
Airports-Brazil,gat,12351,original,-1.0,0.5855314276366907,0.5794181308887192,True,SDRF,True,0.5794181308887192,0.0
Airports-Brazil,gat,12352,SDRF,0.4,0.6902930402930404,0.4910130718954248,False,SDRF,False,0.514423076923077,-2.341000502765217
Airports-Brazil,gat,12353,SDRF,0.4,0.6499999999999999,0.325328947368421,False,SDRF,False,0.3474338161838162,-2.2104868815395196
Airports-Brazil,gat,12354,SDRF,0.4,0.6245532245532246,0.4199134199134199,False,SDRF,False,0.4855866355866355,-6.56732156732156
Airports-Brazil,gat,12355,SDRF,0.1,0.5393939393939393,0.4839743589743589,False,SDRF,False,0.5447330447330447,-6.075868575868581
Airports-Brazil,gat,12356,SDRF,0.4,0.6007575757575757,0.3471014492753623,False,SDRF,False,0.5673076923076923,-22.020624303233
Airports-Brazil,gat,12357,original,-1.0,0.5808213716108453,0.4910714285714286,True,SDRF,True,0.4910714285714286,0.0
Airports-Brazil,gat,12358,SDRF,0.1,0.6110576923076922,0.6165501165501165,False,SDRF,False,0.4826839826839826,13.386613386613389
Airports-Brazil,gat,12359,SDRF,0.25,0.608982683982684,0.5197552447552448,False,SDRF,False,0.5261904761904762,-0.6435231435231392
Airports-Brazil,gat,12360,SDRF,0.1,0.6060606060606062,0.6006410256410256,False,SDRF,False,0.4458874458874459,15.475357975357973
Airports-Brazil,gat,12361,SDRF,0.4,0.5883541295306001,0.4271708683473389,False,SDRF,False,0.4137254901960784,1.3445378151260512
Airports-Brazil,gat,12362,SDRF,0.25,0.5784527972027973,0.3168220668220668,False,SDRF,False,0.441025641025641,-12.42035742035742
Airports-Brazil,gat,12363,original,-1.0,0.7060331825037708,0.4227272727272727,True,SDRF,True,0.4227272727272727,0.0
Airports-Brazil,gat,12364,original,-1.0,0.6512626262626262,0.4856150793650793,True,SDRF,True,0.4856150793650793,0.0
Airports-Brazil,gat,12365,SDRF,0.55,0.5046650717703349,0.225,False,SDRF,False,0.227485380116959,-0.24853801169590073
Airports-Brazil,gat,12366,SDRF,0.4,0.6317460317460317,0.490967365967366,False,SDRF,False,0.572577276524645,-8.160991055727894
Airports-Brazil,gat,12367,original,-1.0,0.6645833333333333,0.5431372549019607,True,SDRF,True,0.5431372549019607,0.0
Airports-Brazil,gat,12368,SDRF,0.25,0.5792929292929292,0.3948076923076923,False,SDRF,False,0.3325757575757575,6.2231934731934775
Airports-Brazil,gat,12369,SDRF,0.1,0.5784722222222222,0.2975961538461538,False,SDRF,False,0.2792207792207792,1.8375374625374585
Airports-Brazil,gat,12370,SDRF,0.25,0.6440058479532164,0.5038770053475936,False,SDRF,False,0.5931818181818183,-8.930481283422465
Airports-Brazil,gat,12371,SDRF,0.1,0.6062791375291375,0.2427350427350427,False,SDRF,False,0.2721468074409251,-2.9411764705882417
Airports-Brazil,gat,12372,SDRF,0.1,0.4903846153846154,0.4742424242424242,False,SDRF,False,0.4111111111111111,6.31313131313131
Airports-Brazil,gat,12373,SDRF,0.55,0.6446969696969697,0.3848178137651822,False,SDRF,False,0.4355203619909502,-5.070254822576797
Airports-Brazil,gat,12374,SDRF,0.25,0.6923076923076923,0.4499389499389499,False,SDRF,False,0.3686868686868687,8.125208125208122
Airports-Brazil,gcn,12345,SDRF,0.4,0.6380566801619433,0.4073083778966132,False,SDRF,False,0.4053921568627451,0.19162210338681263
Airports-Brazil,gcn,12346,SDRF,0.1,0.4558213716108452,0.2614468864468864,False,SDRF,False,0.4475274725274725,-18.60805860805861
Airports-Brazil,gcn,12347,original,-1.0,0.6037296037296038,0.5705741626794258,True,SDRF,True,0.5705741626794258,0.0
Airports-Brazil,gcn,12348,SDRF,0.4,0.4701388888888889,0.4131313131313131,False,SDRF,False,0.376068376068376,3.706293706293712
Airports-Brazil,gcn,12349,SDRF,0.55,0.5946969696969697,0.3118686868686868,False,SDRF,False,0.465967365967366,-15.40986790986792
Airports-Brazil,gcn,12350,SDRF,0.4,0.6143665158371041,0.4599463036963037,False,SDRF,False,0.4409090909090908,1.9037212787212876
Airports-Brazil,gcn,12351,SDRF,0.25,0.4955741626794258,0.4009049773755656,False,SDRF,False,0.4142246642246642,-1.3319686849098622
Airports-Brazil,gcn,12352,original,-1.0,0.6866258741258742,0.4039432789432789,True,SDRF,True,0.4039432789432789,0.0
Airports-Brazil,gcn,12353,SDRF,0.1,0.6030844155844155,0.4117424242424242,False,SDRF,False,0.4845238095238095,-7.278138528138534
Airports-Brazil,gcn,12354,SDRF,0.55,0.6916666666666667,0.3424242424242424,False,SDRF,False,0.3621794871794871,-1.9755244755244705
Airports-Brazil,gcn,12355,SDRF,0.1,0.5101731601731602,0.3803921568627451,False,SDRF,False,0.4739819004524886,-9.358974358974354
Airports-Brazil,gcn,12356,original,-1.0,0.6085218702865762,0.5985739750445633,True,SDRF,True,0.5985739750445633,0.0
Airports-Brazil,gcn,12357,SDRF,0.4,0.4611336032388663,0.2936507936507936,False,SDRF,False,0.3454545454545454,-5.180375180375179
Airports-Brazil,gcn,12358,original,-1.0,0.4714743589743589,0.4439033189033188,True,SDRF,True,0.4439033189033188,0.0
Airports-Brazil,gcn,12359,SDRF,0.1,0.5944805194805195,0.4348039215686274,False,SDRF,False,0.5108225108225108,-7.601858925388344
Airports-Brazil,gcn,12360,SDRF,0.25,0.5389610389610389,0.4169823232323232,False,SDRF,False,0.4060897435897436,1.0892579642579614
Airports-Brazil,gcn,12361,SDRF,0.4,0.575362872421696,0.4259803921568628,False,SDRF,False,0.3115131578947368,11.446723426212596
Airports-Brazil,gcn,12362,SDRF,0.25,0.6458333333333333,0.4308608058608059,False,SDRF,False,0.5092627960275019,-7.840199016669603
Airports-Brazil,gcn,12363,SDRF,0.4,0.5598290598290598,0.5595238095238095,False,SDRF,False,0.4422348484848484,11.728896103896114
Airports-Brazil,gcn,12364,SDRF,0.1,0.686261655011655,0.3177319004524886,False,SDRF,False,0.2792703619909502,3.8461538461538436
Airports-Brazil,gcn,12365,original,-1.0,0.4806663924310983,0.4026570048309178,True,SDRF,True,0.4026570048309178,0.0
Airports-Brazil,gcn,12366,SDRF,0.4,0.5014430014430014,0.4553571428571428,False,SDRF,False,0.4363247863247863,1.903235653235652
Airports-Brazil,gcn,12367,SDRF,0.1,0.6036713286713287,0.5111111111111111,False,SDRF,False,0.4539682539682539,5.714285714285716
Airports-Brazil,gcn,12368,SDRF,0.1,0.494047619047619,0.3305555555555555,False,SDRF,False,0.4208874458874458,-9.033189033189032
Airports-Brazil,gcn,12369,original,-1.0,0.6246753246753247,0.3541666666666666,True,SDRF,True,0.3541666666666666,0.0
Airports-Brazil,gcn,12370,original,-1.0,0.4947552447552448,0.4858391608391608,True,SDRF,True,0.4858391608391608,0.0
Airports-Brazil,gcn,12371,original,-1.0,0.5952380952380952,0.265126050420168,True,SDRF,True,0.265126050420168,0.0
Airports-Brazil,gcn,12372,original,-1.0,0.4871413308913309,0.5168581418581418,True,SDRF,True,0.5168581418581418,0.0
Airports-Brazil,gcn,12373,original,-1.0,0.6347285067873303,0.4375901875901876,True,SDRF,True,0.4375901875901876,0.0
Airports-Brazil,gcn,12374,SDRF,0.55,0.6427853192559075,0.3775917065390749,False,SDRF,False,0.3242424242424242,5.334928229665071
Airports-Brazil,sage,12345,SDRF,0.1,0.4699754901960784,0.5857371794871795,False,SDRF,False,0.5437038451744334,4.203333431274614
Airports-Brazil,sage,12346,original,-1.0,0.3411377708978328,0.2,True,SDRF,True,0.2,0.0
Airports-Brazil,sage,12347,SDRF,0.1,0.625,0.4267045454545454,False,SDRF,False,0.4267045454545454,0.0
Airports-Brazil,sage,12348,original,-1.0,0.4,0.4216450216450216,True,SDRF,True,0.4216450216450216,0.0
Airports-Brazil,sage,12349,original,-1.0,0.5292207792207793,0.384313725490196,True,SDRF,True,0.384313725490196,0.0
Airports-Brazil,sage,12350,SDRF,0.25,0.5585699023199023,0.3115568641884432,False,SDRF,False,0.3534188034188034,-4.186193923036019
Airports-Brazil,sage,12351,SDRF,0.4,0.5050505050505051,0.3035714285714286,False,SDRF,False,0.3476190476190476,-4.4047619047619
Airports-Brazil,sage,12352,SDRF,0.1,0.5723039215686274,0.5318181818181817,False,SDRF,False,0.4825757575757575,4.924242424242426
Airports-Brazil,sage,12353,SDRF,0.25,0.5483405483405484,0.370819397993311,False,SDRF,False,0.3680830039525692,0.2736394040741774
Airports-Brazil,sage,12354,SDRF,0.25,0.5443181818181818,0.2414473684210526,False,SDRF,False,0.204656862745098,3.6790505675954597
Airports-Brazil,sage,12355,SDRF,0.1,0.4659945317840054,0.4166666666666667,False,SDRF,False,0.4457393483709273,-2.9072681704260637
Airports-Brazil,sage,12356,original,-1.0,0.459717365967366,0.5208333333333333,True,SDRF,True,0.5208333333333333,0.0
Airports-Brazil,sage,12357,SDRF,0.1,0.6014957264957265,0.3811247575953458,False,SDRF,False,0.4137254901960784,-3.2600732600732596
Airports-Brazil,sage,12358,original,-1.0,0.6029519500107735,0.4862637362637362,True,SDRF,True,0.4862637362637362,0.0
Airports-Brazil,sage,12359,original,-1.0,0.4920995670995671,0.6431372549019607,True,SDRF,True,0.6431372549019607,0.0
Airports-Brazil,sage,12360,SDRF,0.1,0.4944444444444444,0.4155844155844156,False,SDRF,False,0.6204266321913381,-20.48422166069225
Airports-Brazil,sage,12361,SDRF,0.1,0.3425120772946859,0.2474747474747474,False,SDRF,False,0.2517482517482518,-0.42735042735043693
Airports-Brazil,sage,12362,SDRF,0.55,0.5370879120879121,0.4371212121212121,False,SDRF,False,0.4480643539467069,-1.0943141825494829
Airports-Brazil,sage,12363,original,-1.0,0.5174603174603174,0.4327731092436975,True,SDRF,True,0.4327731092436975,0.0
Airports-Brazil,sage,12364,original,-1.0,0.6499999999999999,0.5095238095238095,True,SDRF,True,0.5095238095238095,0.0
Airports-Brazil,sage,12365,original,-1.0,0.4234126984126984,0.3763458763458763,True,SDRF,True,0.3763458763458763,0.0
Airports-Brazil,sage,12366,SDRF,0.25,0.4832070707070707,0.5580357142857142,False,SDRF,False,0.6291208791208791,-7.108516483516492
Airports-Brazil,sage,12367,original,-1.0,0.3704545454545455,0.4125,True,SDRF,True,0.4125,0.0
Airports-Brazil,sage,12368,SDRF,0.4,0.5523310023310024,0.3520833333333333,False,SDRF,False,0.3166666666666666,3.5416666666666705
Airports-Brazil,sage,12369,SDRF,0.4,0.6297348484848484,0.3889517345399698,False,SDRF,False,0.3586309523809523,3.032078215901751
Airports-Brazil,sage,12370,original,-1.0,0.4944444444444444,0.4050133689839572,True,SDRF,True,0.4050133689839572,0.0
Airports-Brazil,sage,12371,SDRF,0.1,0.4682692307692307,0.2890442890442891,False,SDRF,False,0.365018315018315,-7.597402597402592
Airports-Brazil,sage,12372,SDRF,0.55,0.428030303030303,0.5605956543456544,False,SDRF,False,0.5254079254079254,3.5187728937729035
Airports-Brazil,sage,12373,SDRF,0.25,0.6119938884644767,0.3833333333333333,False,SDRF,False,0.3767482517482518,0.6585081585081531
Airports-Brazil,sage,12374,SDRF,0.4,0.6217341482047365,0.3119047619047619,False,SDRF,False,0.388235294117647,-7.6330532212885105
Airports-Europe,gat,12345,SDRF,0.4,0.5600500194250194,0.4195624853869534,False,SDRF,False,0.4899469451516796,-7.038445976472618
Airports-Europe,gat,12346,original,-1.0,0.4670784240049384,0.4356357063479156,True,SDRF,True,0.4356357063479156,0.0
Airports-Europe,gat,12347,SDRF,0.25,0.5191287560852778,0.3955687805617679,False,SDRF,False,0.3922032828282829,0.33654977334850456
Airports-Europe,gat,12348,SDRF,0.25,0.5215329991645781,0.3294117647058823,False,SDRF,False,0.3215454425013249,0.7866322204557408
Airports-Europe,gat,12349,SDRF,0.25,0.517434988179669,0.4379148629148629,False,SDRF,False,0.4568181818181818,-1.8903318903318866
Airports-Europe,gat,12350,SDRF,0.55,0.5376196071848245,0.4650212376276206,False,SDRF,False,0.487828144078144,-2.280690645052341
Airports-Europe,gat,12351,SDRF,0.25,0.53495670995671,0.5413383056571911,False,SDRF,False,0.522071438546093,1.9266867111098152
Airports-Europe,gat,12352,SDRF,0.1,0.5291138739309471,0.340170635740861,False,SDRF,False,0.3194935869084476,2.067704883241339
Airports-Europe,gat,12353,SDRF,0.4,0.4804831785963861,0.3688590820943762,False,SDRF,False,0.3513810270749505,1.7478055019425676
Airports-Europe,gat,12354,original,-1.0,0.5377727940029107,0.455924978687127,True,SDRF,True,0.455924978687127,0.0
Airports-Europe,gat,12355,original,-1.0,0.4833035598531138,0.4573852922690131,True,SDRF,True,0.4573852922690131,0.0
Airports-Europe,gat,12356,SDRF,0.1,0.4732866455250176,0.3606060606060606,False,SDRF,False,0.3329451345755693,2.7660926030491306
Airports-Europe,gat,12357,SDRF,0.4,0.540053050397878,0.4547534165181224,False,SDRF,False,0.5164854419480155,-6.1732025429893085
Airports-Europe,gat,12358,SDRF,0.55,0.4717880333951763,0.4117547425474255,False,SDRF,False,0.4243163847407603,-1.2561642193334777
Airports-Europe,gat,12359,SDRF,0.25,0.6048730479721379,0.4354653966722932,False,SDRF,False,0.4462410899035268,-1.0775693231233563
Airports-Europe,gat,12360,original,-1.0,0.4816789215686274,0.3674147203558968,True,SDRF,True,0.3674147203558968,0.0
Airports-Europe,gat,12361,SDRF,0.4,0.5157513348588864,0.4405021520803444,False,SDRF,False,0.3963356667530895,4.416648532725487
Airports-Europe,gat,12362,SDRF,0.4,0.5227029914529915,0.3761363636363636,False,SDRF,False,0.4420937314319667,-6.5957367795603075
Airports-Europe,gat,12363,original,-1.0,0.5443072532469907,0.4336111111111111,True,SDRF,True,0.4336111111111111,0.0
Airports-Europe,gat,12364,SDRF,0.25,0.6034816247582204,0.4319151980339679,False,SDRF,False,0.5138790779852579,-8.196387995129001
Airports-Europe,gat,12365,original,-1.0,0.5130920559491987,0.4069444444444444,True,SDRF,True,0.4069444444444444,0.0
Airports-Europe,gat,12366,original,-1.0,0.5099846784545945,0.42825311942959,True,SDRF,True,0.42825311942959,0.0
Airports-Europe,gat,12367,SDRF,0.4,0.5093840251734988,0.3671253423764183,False,SDRF,False,0.412203302373581,-4.507795999716269
Airports-Europe,gat,12368,SDRF,0.25,0.6136593324093325,0.4269120247568523,False,SDRF,False,0.4268774703557312,0.0034554401121100753
Airports-Europe,gat,12369,SDRF,0.25,0.5044113907958302,0.4219404724491934,False,SDRF,False,0.431530800515904,-0.9590328066710563
Airports-Europe,gat,12370,SDRF,0.55,0.6004703629703629,0.3741897199085063,False,SDRF,False,0.3626136606760804,1.1576059232425884
Airports-Europe,gat,12371,SDRF,0.4,0.4525972860540097,0.449077468230694,False,SDRF,False,0.4428953399541635,0.6182128276530474
Airports-Europe,gat,12372,SDRF,0.4,0.5294117647058824,0.3984977324263038,False,SDRF,False,0.3861911439741628,1.2306588452140999
Airports-Europe,gat,12373,SDRF,0.25,0.5313002975586665,0.3070578231292517,False,SDRF,False,0.2934346525227798,1.362317060647189
Airports-Europe,gat,12374,SDRF,0.55,0.5372513107807225,0.3997013497013497,False,SDRF,False,0.4176518339874844,-1.7950484286134716
Airports-Europe,gcn,12345,original,-1.0,0.5728517004366726,0.4525914416061295,True,SDRF,True,0.4525914416061295,0.0
Airports-Europe,gcn,12346,SDRF,0.25,0.4817508710801393,0.466517809859566,False,SDRF,False,0.4980158730158729,-3.149806315630693
Airports-Europe,gcn,12347,original,-1.0,0.5494421667726962,0.391300777507674,True,SDRF,True,0.391300777507674,0.0
Airports-Europe,gcn,12348,original,-1.0,0.6135616249926025,0.4538466481045192,True,SDRF,True,0.4538466481045192,0.0
Airports-Europe,gcn,12349,SDRF,0.4,0.635771744595274,0.4237275882012724,False,SDRF,False,0.4592263487000329,-3.549876049876055
Airports-Europe,gcn,12350,SDRF,0.1,0.5347662988640433,0.4838731240296705,False,SDRF,False,0.5253589344404082,-4.148581041073768
Airports-Europe,gcn,12351,SDRF,0.25,0.5195083491353218,0.5683317932666024,False,SDRF,False,0.5231787430140209,4.515305025258154
Airports-Europe,gcn,12352,SDRF,0.1,0.5344286363193926,0.4756216577540107,False,SDRF,False,0.3887744887744888,8.684716897952194
Airports-Europe,gcn,12353,original,-1.0,0.5314183185235817,0.398517126148705,True,SDRF,True,0.398517126148705,0.0
Airports-Europe,gcn,12354,SDRF,0.1,0.5346062667491238,0.4169347627176983,False,SDRF,False,0.4183017473399433,-0.13669846222449933
Airports-Europe,gcn,12355,SDRF,0.4,0.5037718320327016,0.4155885780885781,False,SDRF,False,0.5076306620209059,-9.204208393232783
Airports-Europe,gcn,12356,SDRF,0.4,0.6186021747564573,0.3497263605959258,False,SDRF,False,0.3647009335649153,-1.4974572968989464
Airports-Europe,gcn,12357,SDRF,0.1,0.4985231445056386,0.4630894114738891,False,SDRF,False,0.4760269930852914,-1.2937581611402293
Airports-Europe,gcn,12358,SDRF,0.25,0.5140340689121177,0.4221355881062102,False,SDRF,False,0.3977564102564102,2.4379177849800038
Airports-Europe,gcn,12359,SDRF,0.25,0.5765918478684436,0.4274447159533933,False,SDRF,False,0.3954911098806447,3.1953606072748606
Airports-Europe,gcn,12360,SDRF,0.25,0.5195904257311454,0.4441663285318185,False,SDRF,False,0.4459412419938736,-0.17749134620551055
Airports-Europe,gcn,12361,SDRF,0.1,0.6127100840336135,0.5220318688403796,False,SDRF,False,0.5013478818998717,2.068398694050788
Airports-Europe,gcn,12362,SDRF,0.25,0.5009615384615385,0.4580882352941177,False,SDRF,False,0.3639399624765478,9.414827281756988
Airports-Europe,gcn,12363,original,-1.0,0.4821787048152594,0.3903238368518139,True,SDRF,True,0.3903238368518139,0.0
Airports-Europe,gcn,12364,SDRF,0.1,0.6062782805429865,0.408354996258222,False,SDRF,False,0.4151059085841694,-0.6750912325947378
Airports-Europe,gcn,12365,SDRF,0.55,0.5442546583850931,0.4440813914218169,False,SDRF,False,0.4291997974924804,1.4881593929336523
Airports-Europe,gcn,12366,original,-1.0,0.5139401969189203,0.4882046070460704,True,SDRF,True,0.4882046070460704,0.0
Airports-Europe,gcn,12367,SDRF,0.25,0.5789059954382535,0.4486542907015143,False,SDRF,False,0.5038431723315444,-5.518888163003011
Airports-Europe,gcn,12368,original,-1.0,0.6082802698656358,0.5475274725274725,True,SDRF,True,0.5475274725274725,0.0
Airports-Europe,gcn,12369,original,-1.0,0.5792499894483603,0.4132513391505771,True,SDRF,True,0.4132513391505771,0.0
Airports-Europe,gcn,12370,SDRF,0.1,0.5763139621835274,0.3514917083434164,False,SDRF,False,0.3796152817948355,-2.8123573451419084
Airports-Europe,gcn,12371,SDRF,0.25,0.5365448424607739,0.3880427170868347,False,SDRF,False,0.4421773636991027,-5.4134646612268025
Airports-Europe,gcn,12372,SDRF,0.55,0.6118854045683314,0.3721941037207354,False,SDRF,False,0.3590847877612584,1.3109315959477008
Airports-Europe,gcn,12373,SDRF,0.25,0.5746486605182257,0.4036452002809064,False,SDRF,False,0.439047619047619,-3.5402418766712627
Airports-Europe,gcn,12374,SDRF,0.55,0.5377599066457762,0.4601000351000351,False,SDRF,False,0.4877343127403762,-2.76342776403411
Airports-Europe,sage,12345,SDRF,0.1,0.5777910685805423,0.5127864005912787,False,SDRF,False,0.5002246485534427,1.2561752037835938
Airports-Europe,sage,12346,SDRF,0.55,0.493640886947175,0.4540221683078826,False,SDRF,False,0.451716674676306,0.2305493631576616
Airports-Europe,sage,12347,SDRF,0.55,0.4885482369557192,0.4366420173533716,False,SDRF,False,0.4188954009782677,1.7746616375103885
Airports-Europe,sage,12348,SDRF,0.25,0.5244047619047619,0.4411717797166713,False,SDRF,False,0.412235353411824,2.8936426304847327
Airports-Europe,sage,12349,SDRF,0.1,0.5925361237861237,0.3513071895424837,False,SDRF,False,0.3584508905957193,-0.7143701053235585
Airports-Europe,sage,12350,original,-1.0,0.5248026315789474,0.5017678621834682,True,SDRF,True,0.5017678621834682,0.0
Airports-Europe,sage,12351,SDRF,0.25,0.5272740569848113,0.4907111941995663,False,SDRF,False,0.4842807924203273,0.6430401779239037
Airports-Europe,sage,12352,SDRF,0.25,0.5232783882783882,0.461060606060606,False,SDRF,False,0.4517640169814082,0.9296589079197781
Airports-Europe,sage,12353,SDRF,0.1,0.4610104807473228,0.4551101823708206,False,SDRF,False,0.4437352245862884,1.1374957784532236
Airports-Europe,sage,12354,SDRF,0.25,0.5022594364699628,0.4992063492063492,False,SDRF,False,0.4796653991300089,1.9540950076340324
Airports-Europe,sage,12355,SDRF,0.55,0.5203703703703704,0.4600250626566415,False,SDRF,False,0.449207410236822,1.0817652419819523
Airports-Europe,sage,12356,SDRF,0.55,0.536001456506451,0.3807017543859649,False,SDRF,False,0.3481784632300476,3.2523291155917287
Airports-Europe,sage,12357,SDRF,0.55,0.4734267967026587,0.4892401242021735,False,SDRF,False,0.4966052731394497,-0.7365148937276189
Airports-Europe,sage,12358,SDRF,0.4,0.4950710108604845,0.4018883941442163,False,SDRF,False,0.4156615741981596,-1.377318005394329
Airports-Europe,sage,12359,SDRF,0.55,0.6329394257703082,0.4373015873015873,False,SDRF,False,0.3603219696969696,7.697961760461769
Airports-Europe,sage,12360,SDRF,0.1,0.3843434343434343,0.3768299031456926,False,SDRF,False,0.4201565266845037,-4.332662353881112
Airports-Europe,sage,12361,SDRF,0.4,0.5521825396825397,0.3997743767096895,False,SDRF,False,0.4237009936023947,-2.39266168927052
Airports-Europe,sage,12362,SDRF,0.25,0.454781388823942,0.4563329054343175,False,SDRF,False,0.4802511598144297,-2.391825438011219
Airports-Europe,sage,12363,SDRF,0.25,0.4735133783445861,0.4465073478784226,False,SDRF,False,0.4770278992246956,-3.052055134627296
Airports-Europe,sage,12364,original,-1.0,0.542833266670476,0.4579435664936402,True,SDRF,True,0.4579435664936402,0.0
Airports-Europe,sage,12365,SDRF,0.55,0.4359788359788359,0.4119475240206947,False,SDRF,False,0.424763353617309,-1.2815829596614314
Airports-Europe,sage,12366,original,-1.0,0.5260413549584056,0.4415182518630794,True,SDRF,True,0.4415182518630794,0.0
Airports-Europe,sage,12367,SDRF,0.25,0.5681159420289855,0.5366414454441483,False,SDRF,False,0.5489453903973002,-1.2303944953151902
Airports-Europe,sage,12368,original,-1.0,0.41775633640553,0.4742125199362041,True,SDRF,True,0.4742125199362041,0.0
Airports-Europe,sage,12369,SDRF,0.4,0.5200554323725056,0.4339128741515522,False,SDRF,False,0.4175045978789597,1.6408276272592504
Airports-Europe,sage,12370,original,-1.0,0.5705033811819129,0.4308441558441558,True,SDRF,True,0.4308441558441558,0.0
Airports-Europe,sage,12371,SDRF,0.4,0.5597744360902256,0.3171873280762883,False,SDRF,False,0.3323168498168498,-1.512952174056148
Airports-Europe,sage,12372,SDRF,0.55,0.431385394828791,0.4583413781169742,False,SDRF,False,0.4449848243965891,1.3356553720385078
Airports-Europe,sage,12373,SDRF,0.25,0.5220712560386473,0.4407843633907463,False,SDRF,False,0.48425901378579,-4.347465039504373
Airports-Europe,sage,12374,SDRF,0.55,0.5083325479551895,0.4778321340821341,False,SDRF,False,0.4716071428571428,0.6224991224991316
Airports-USA,gat,12345,SDRF,0.4,0.5825669500838684,0.5420204774325461,False,SDRF,False,0.5537948378838458,-1.1774360451299648
Airports-USA,gat,12346,original,-1.0,0.6051416452535856,0.6138845377332219,True,SDRF,True,0.6138845377332219,0.0
Airports-USA,gat,12347,original,-1.0,0.634392819799964,0.562213880241714,True,SDRF,True,0.562213880241714,0.0
Airports-USA,gat,12348,original,-1.0,0.6513106184590206,0.5940785029392676,True,SDRF,True,0.5940785029392676,0.0
Airports-USA,gat,12349,original,-1.0,0.6096976122460332,0.5403632545531694,True,SDRF,True,0.5403632545531694,0.0
Airports-USA,gat,12350,SDRF,0.25,0.6418630102002212,0.5710504567647425,False,SDRF,False,0.6060330923937193,-3.4982635628976744
Airports-USA,gat,12351,original,-1.0,0.66341206642709,0.5073752679530519,True,SDRF,True,0.5073752679530519,0.0
Airports-USA,gat,12352,SDRF,0.55,0.6581813066350127,0.5664242424242424,False,SDRF,False,0.580985879200165,-1.4561636775922593
Airports-USA,gat,12353,SDRF,0.25,0.5893786547512183,0.5731799865206365,False,SDRF,False,0.5735589640494756,-0.03789775288390862
Airports-USA,gat,12354,original,-1.0,0.6181494600026616,0.597731679171519,True,SDRF,True,0.597731679171519,0.0
Airports-USA,gat,12355,original,-1.0,0.6293668838800432,0.6154456654456655,True,SDRF,True,0.6154456654456655,0.0
Airports-USA,gat,12356,original,-1.0,0.5062510550851008,0.4873162806789382,True,SDRF,True,0.4873162806789382,0.0
Airports-USA,gat,12357,SDRF,0.1,0.6232994292838023,0.5830343880894426,False,SDRF,False,0.5832369493251846,-0.020256123574191598
Airports-USA,gat,12358,SDRF,0.1,0.6862342495323009,0.5495742765127792,False,SDRF,False,0.5691612569741481,-1.9586980461368864
Airports-USA,gat,12359,original,-1.0,0.6200890479316763,0.5813897981451173,True,SDRF,True,0.5813897981451173,0.0
Airports-USA,gat,12360,original,-1.0,0.6149633022103589,0.6155072257758825,True,SDRF,True,0.6155072257758825,0.0
Airports-USA,gat,12361,SDRF,0.1,0.5008061986322856,0.5037217846857115,False,SDRF,False,0.5167724019548333,-1.3050617269121823
Airports-USA,gat,12362,SDRF,0.55,0.6584893048128342,0.6022226223418905,False,SDRF,False,0.6282626967404695,-2.6040074398579027
Airports-USA,gat,12363,original,-1.0,0.6634669567993383,0.6052558021688457,True,SDRF,True,0.6052558021688457,0.0
Airports-USA,gat,12364,original,-1.0,0.5576572355560929,0.5719053176069611,True,SDRF,True,0.5719053176069611,0.0
Airports-USA,gat,12365,original,-1.0,0.6029175502859714,0.6002305498445086,True,SDRF,True,0.6002305498445086,0.0
Airports-USA,gat,12366,SDRF,0.25,0.579814597889965,0.5886904761904761,False,SDRF,False,0.5657259089753368,2.2964567215139287
Airports-USA,gat,12367,SDRF,0.4,0.618357617801832,0.5630449760549381,False,SDRF,False,0.5536698463169052,0.9375129738032895
Airports-USA,gat,12368,original,-1.0,0.6431769644804023,0.5240160327348663,True,SDRF,True,0.5240160327348663,0.0
Airports-USA,gat,12369,SDRF,0.4,0.6104168683452571,0.5557212208040166,False,SDRF,False,0.5603722557616587,-0.4651034957642075
Airports-USA,gat,12370,original,-1.0,0.6237507281395168,0.5310064679468205,True,SDRF,True,0.5310064679468205,0.0
Airports-USA,gat,12371,original,-1.0,0.6184226172864553,0.5550262672050992,True,SDRF,True,0.5550262672050992,0.0
Airports-USA,gat,12372,SDRF,0.55,0.6092156781811954,0.5953204016849288,False,SDRF,False,0.6048920759943769,-0.9571674309448053
Airports-USA,gat,12373,original,-1.0,0.6072601020368613,0.5127983888068788,True,SDRF,True,0.5127983888068788,0.0
Airports-USA,gat,12374,SDRF,0.1,0.5900899571309328,0.6415515416735595,False,SDRF,False,0.6374131881981412,0.4138353475418355
Airports-USA,gcn,12345,SDRF,0.25,0.5478430463392951,0.4943032292844345,False,SDRF,False,0.4696195428698649,2.4683686414569586
Airports-USA,gcn,12346,SDRF,0.25,0.5520525744153684,0.5495751056095883,False,SDRF,False,0.5630992776020809,-1.3524171992492562
Airports-USA,gcn,12347,SDRF,0.25,0.5868656973973961,0.5084347941533732,False,SDRF,False,0.5022671781395822,0.6167616013791011
Airports-USA,gcn,12348,original,-1.0,0.5535988055432886,0.5355281232044652,True,SDRF,True,0.5355281232044652,0.0
Airports-USA,gcn,12349,SDRF,0.25,0.5448687074877244,0.4990966133593665,False,SDRF,False,0.5152643652643653,-1.616775190499875
Airports-USA,gcn,12350,SDRF,0.25,0.5745268819630672,0.4880118516466193,False,SDRF,False,0.5304077148195628,-4.239586317294353
Airports-USA,gcn,12351,original,-1.0,0.6077965825633737,0.4730868372146429,True,SDRF,True,0.4730868372146429,0.0
Airports-USA,gcn,12352,SDRF,0.55,0.5811241164828951,0.4712223334675158,False,SDRF,False,0.481540223986748,-1.031789051923221
Airports-USA,gcn,12353,SDRF,0.4,0.5444173881673882,0.4772525138211678,False,SDRF,False,0.4681405313734448,0.9111982447722988
Airports-USA,gcn,12354,SDRF,0.1,0.4937767272635285,0.5685902462326997,False,SDRF,False,0.564017766772701,0.4572479459998724
Airports-USA,gcn,12355,SDRF,0.55,0.5398866370197565,0.5444157735557992,False,SDRF,False,0.5438118738733414,0.06038996824577758
Airports-USA,gcn,12356,original,-1.0,0.6088369506864024,0.5429186985270291,True,SDRF,True,0.5429186985270291,0.0
Airports-USA,gcn,12357,SDRF,0.1,0.586960655036765,0.5558395580454404,False,SDRF,False,0.5492829427418751,0.6556615303565327
Airports-USA,gcn,12358,original,-1.0,0.5700690826064048,0.551827237889919,True,SDRF,True,0.551827237889919,0.0
Airports-USA,gcn,12359,original,-1.0,0.5559002699298976,0.5539303687714694,True,SDRF,True,0.5539303687714694,0.0
Airports-USA,gcn,12360,original,-1.0,0.5081409357760893,0.4666822007730762,True,SDRF,True,0.4666822007730762,0.0
Airports-USA,gcn,12361,SDRF,0.55,0.5782299966327489,0.54951704431127,False,SDRF,False,0.5400474249954852,0.9469619315784827
Airports-USA,gcn,12362,SDRF,0.1,0.6032864787245041,0.5445816431109782,False,SDRF,False,0.5326052805471247,1.1976362563853482
Airports-USA,gcn,12363,SDRF,0.55,0.6112629399585922,0.4981925418569254,False,SDRF,False,0.4730350378787878,2.5157503978137594
Airports-USA,gcn,12364,SDRF,0.1,0.5539171674764027,0.484759386538547,False,SDRF,False,0.5122278384601637,-2.746845192161673
Airports-USA,gcn,12365,original,-1.0,0.5522004241781548,0.5016160095175373,True,SDRF,True,0.5016160095175373,0.0
Airports-USA,gcn,12366,SDRF,0.4,0.5858133545824095,0.554149814831633,False,SDRF,False,0.5693925618716592,-1.524274704002626
Airports-USA,gcn,12367,SDRF,0.25,0.5987804864909128,0.5366347970548625,False,SDRF,False,0.5375546511155861,-0.09198540607235905
Airports-USA,gcn,12368,original,-1.0,0.5744163203430519,0.4819862871127529,True,SDRF,True,0.4819862871127529,0.0
Airports-USA,gcn,12369,SDRF,0.1,0.5908959632613028,0.5379012445166411,False,SDRF,False,0.5225949955124181,1.530624900422306
Airports-USA,gcn,12370,SDRF,0.25,0.5653555626092834,0.5332503883193538,False,SDRF,False,0.5583539390489708,-2.510355072961701
Airports-USA,gcn,12371,SDRF,0.1,0.542162748409267,0.4892575322812051,False,SDRF,False,0.4668988737954255,2.2358658485779612
Airports-USA,gcn,12372,SDRF,0.55,0.5464636265803647,0.4881696469436195,False,SDRF,False,0.5008558450166745,-1.2686198073054988
Airports-USA,gcn,12373,SDRF,0.25,0.5911649108757528,0.5492551826247184,False,SDRF,False,0.5533218625539862,-0.40666799292677913
Airports-USA,gcn,12374,original,-1.0,0.5495703490896858,0.5815958961573784,True,SDRF,True,0.5815958961573784,0.0
Airports-USA,sage,12345,original,-1.0,0.6065850649445739,0.5643700542776637,True,SDRF,True,0.5643700542776637,0.0
Airports-USA,sage,12346,original,-1.0,0.5679243649732949,0.5364956034494925,True,SDRF,True,0.5364956034494925,0.0
Airports-USA,sage,12347,SDRF,0.1,0.5990272958177383,0.548167440544936,False,SDRF,False,0.5384958113255077,0.9671629219428324
Airports-USA,sage,12348,original,-1.0,0.5632430601636805,0.5148353241370169,True,SDRF,True,0.5148353241370169,0.0
Airports-USA,sage,12349,SDRF,0.25,0.6431282435293989,0.5609967332211901,False,SDRF,False,0.5445447105729084,1.6452022648281717
Airports-USA,sage,12350,SDRF,0.25,0.6000917185127712,0.5825967114670667,False,SDRF,False,0.5965741416154117,-1.397743014834496
Airports-USA,sage,12351,SDRF,0.1,0.5785637095981924,0.5303913428913429,False,SDRF,False,0.5447057755830623,-1.4314432691719392
Airports-USA,sage,12352,original,-1.0,0.6147607419157345,0.5285501983234084,True,SDRF,True,0.5285501983234084,0.0
Airports-USA,sage,12353,SDRF,0.55,0.5829615435393838,0.5476179320429465,False,SDRF,False,0.547574007900457,0.004392414248954868
Airports-USA,sage,12354,SDRF,0.1,0.5600762873490146,0.5396604413089409,False,SDRF,False,0.5307197891061033,0.8940652202837573
Airports-USA,sage,12355,SDRF,0.4,0.5952691939829665,0.5756706500203475,False,SDRF,False,0.5864788043169978,-1.0808154296650385
Airports-USA,sage,12356,original,-1.0,0.5938707521526198,0.5056601127122542,True,SDRF,True,0.5056601127122542,0.0
Airports-USA,sage,12357,SDRF,0.1,0.6032811156431122,0.5074394981017695,False,SDRF,False,0.4964226657420774,1.1016832359692086
Airports-USA,sage,12358,original,-1.0,0.5961195200738444,0.5256283341143031,True,SDRF,True,0.5256283341143031,0.0
Airports-USA,sage,12359,SDRF,0.25,0.607834629896392,0.6172979865334234,False,SDRF,False,0.6367119471725584,-1.941396063913503
Airports-USA,sage,12360,original,-1.0,0.6054686022115601,0.6243308080808081,True,SDRF,True,0.6243308080808081,0.0
Airports-USA,sage,12361,SDRF,0.55,0.5947945604875791,0.5651035728060478,False,SDRF,False,0.5581889332407144,0.6914639565333447
Airports-USA,sage,12362,SDRF,0.55,0.5715074502685121,0.5359423314780458,False,SDRF,False,0.5201903289529652,1.5752002525080577
Airports-USA,sage,12363,original,-1.0,0.564368530020704,0.4883325760261244,True,SDRF,True,0.4883325760261244,0.0
Airports-USA,sage,12364,SDRF,0.1,0.6044267905280141,0.5171393969113307,False,SDRF,False,0.5580563559626371,-4.091695905130644
Airports-USA,sage,12365,original,-1.0,0.5414358541416372,0.539282353104804,True,SDRF,True,0.539282353104804,0.0
Airports-USA,sage,12366,original,-1.0,0.5508062410236323,0.4911712987495107,True,SDRF,True,0.4911712987495107,0.0
Airports-USA,sage,12367,SDRF,0.25,0.551613644412833,0.508572326366444,False,SDRF,False,0.4990886116677255,0.9483714698718504
Airports-USA,sage,12368,SDRF,0.4,0.5664765985497693,0.5631303146630897,False,SDRF,False,0.5763832632559023,-1.3252948592812563
Airports-USA,sage,12369,SDRF,0.55,0.5693674439376056,0.5154995679484942,False,SDRF,False,0.4942496532606794,2.1249914687814786
Airports-USA,sage,12370,SDRF,0.25,0.5911738942712393,0.5969518347864915,False,SDRF,False,0.6206235873887385,-2.3671752602246965
Airports-USA,sage,12371,SDRF,0.1,0.5982610265395774,0.6011627814967795,False,SDRF,False,0.5849475051214515,1.6215276375327936
Airports-USA,sage,12372,SDRF,0.1,0.5859703152607234,0.5932346723044397,False,SDRF,False,0.6017794221282593,-0.8544749823819586
Airports-USA,sage,12373,original,-1.0,0.6548510859549714,0.5003875215412488,True,SDRF,True,0.5003875215412488,0.0
Airports-USA,sage,12374,SDRF,0.55,0.5885720575570199,0.5487135457355827,False,SDRF,False,0.5534623035217416,-0.4748757786158908
Amazon-Photo,gat,12345,SDRF,0.55,0.9306766180226492,0.929772921493841,False,SDRF,False,0.9305684901780258,-0.07955686841847331
Amazon-Photo,gat,12346,original,-1.0,0.940398561358888,0.9368745681077622,True,SDRF,True,0.9368745681077622,0.0
Amazon-Photo,gat,12347,SDRF,0.4,0.9330534820875336,0.9268232309846702,False,SDRF,False,0.932038224385098,-0.5214993400427748
Amazon-Photo,gat,12348,SDRF,0.1,0.9400229103074264,0.9295520041186656,False,SDRF,False,0.9232159899182782,0.6336014200387319
Amazon-Photo,gat,12349,SDRF,0.1,0.940040430393794,0.9370705113269756,False,SDRF,False,0.933111453302312,0.3959058024663564
Amazon-Photo,gat,12350,SDRF,0.25,0.9395050677732268,0.9265888652643544,False,SDRF,False,0.9221145033853356,0.4474361879018729
Amazon-Photo,gat,12351,original,-1.0,0.9480057348940526,0.923104291123416,True,SDRF,True,0.923104291123416,0.0
Amazon-Photo,gat,12352,SDRF,0.25,0.9408628771571844,0.928570605472371,False,SDRF,False,0.9224466808690042,0.6123924603366859
Amazon-Photo,gat,12353,SDRF,0.1,0.9417607211573152,0.9345048525895296,False,SDRF,False,0.930033093874156,0.44717587153736416
Amazon-Photo,gat,12354,original,-1.0,0.92187847879015,0.9249716051769028,True,SDRF,True,0.9249716051769028,0.0
Amazon-Photo,gat,12355,SDRF,0.25,0.9242021555467448,0.9314579188114442,False,SDRF,False,0.9324052891061516,-0.09473702947073726
Amazon-Photo,gat,12356,SDRF,0.1,0.924490729775731,0.9480054956890726,False,SDRF,False,0.944872245917192,0.3133249771880564
Amazon-Photo,gat,12357,SDRF,0.55,0.941961968667546,0.9299512203232704,False,SDRF,False,0.9342184675166696,-0.4267247193399215
Amazon-Photo,gat,12358,SDRF,0.55,0.9263606846365716,0.9329879841503458,False,SDRF,False,0.928787386009894,0.42005981404518167
Amazon-Photo,gat,12359,original,-1.0,0.948113055543102,0.9252739308632102,True,SDRF,True,0.9252739308632102,0.0
Amazon-Photo,gat,12360,SDRF,0.25,0.922278408620671,0.9114177350315502,False,SDRF,False,0.9192288432513082,-0.7811108219757945
Amazon-Photo,gat,12361,original,-1.0,0.9371143750162336,0.9340931831561284,True,SDRF,True,0.9340931831561284,0.0
Amazon-Photo,gat,12362,original,-1.0,0.9218411426811384,0.934657359819723,True,SDRF,True,0.934657359819723,0.0
Amazon-Photo,gat,12363,original,-1.0,0.9343183670225385,0.926177930376232,True,SDRF,True,0.926177930376232,0.0
Amazon-Photo,gat,12364,SDRF,0.1,0.9309395314111706,0.935629125701613,False,SDRF,False,0.9276962939473994,0.7932831754213665
Amazon-Photo,gat,12365,SDRF,0.55,0.9422353421228165,0.9268879806422644,False,SDRF,False,0.9245437065203672,0.2344274121897194
Amazon-Photo,gat,12366,SDRF,0.55,0.9398332512570028,0.925065295733872,False,SDRF,False,0.9187182823611216,0.6347013372750343
Amazon-Photo,gat,12367,original,-1.0,0.9333008823337,0.929014050073335,True,SDRF,True,0.929014050073335,0.0
Amazon-Photo,gat,12368,SDRF,0.1,0.9417883636150276,0.9301358913398148,False,SDRF,False,0.9360944880384384,-0.5958596698623642
Amazon-Photo,gat,12369,original,-1.0,0.9322072284648972,0.931758131385733,True,SDRF,True,0.931758131385733,0.0
Amazon-Photo,gat,12370,SDRF,0.4,0.9445280039347534,0.918117604337518,False,SDRF,False,0.9253506536646828,-0.7233049327164842
Amazon-Photo,gat,12371,original,-1.0,0.9424515997624792,0.9207267154211612,True,SDRF,True,0.9207267154211612,0.0
Amazon-Photo,gat,12372,SDRF,0.25,0.9319177698314156,0.9237594867103928,False,SDRF,False,0.9168003446272815,0.6959142083111214
Amazon-Photo,gat,12373,original,-1.0,0.94443493183376,0.9276028953324388,True,SDRF,True,0.9276028953324388,0.0
Amazon-Photo,gat,12374,SDRF,0.1,0.935967111149816,0.933761697128262,False,SDRF,False,0.9262864438283251,0.7475253299936813
Amazon-Photo,gcn,12345,SDRF,0.25,0.9342855492401896,0.928034627153954,False,SDRF,False,0.935124945419686,-0.7090318265732032
Amazon-Photo,gcn,12346,SDRF,0.1,0.943257776145461,0.9376574188336948,False,SDRF,False,0.937713000589472,-0.005558175577724533
Amazon-Photo,gcn,12347,SDRF,0.1,0.9348081408694764,0.9273777875332948,False,SDRF,False,0.9272580058584232,0.011978167487158853
Amazon-Photo,gcn,12348,SDRF,0.55,0.949820345320958,0.937743284965302,False,SDRF,False,0.9384665721978268,-0.07232872325247941
Amazon-Photo,gcn,12349,original,-1.0,0.9407158579734948,0.930516108218647,True,SDRF,True,0.930516108218647,0.0
Amazon-Photo,gcn,12350,original,-1.0,0.9484487551272848,0.9326157896598096,True,SDRF,True,0.9326157896598096,0.0
Amazon-Photo,gcn,12351,original,-1.0,0.955577416718934,0.9343467752092376,True,SDRF,True,0.9343467752092376,0.0
Amazon-Photo,gcn,12352,SDRF,0.1,0.9427012639671144,0.9316431012057244,False,SDRF,False,0.9354630544947012,-0.3819953288976885
Amazon-Photo,gcn,12353,original,-1.0,0.9443695989856614,0.9305056560918477,True,SDRF,True,0.9305056560918477,0.0
Amazon-Photo,gcn,12354,SDRF,0.25,0.9247417365884348,0.943025272577683,False,SDRF,False,0.9405892872496048,0.2435985328078205
Amazon-Photo,gcn,12355,original,-1.0,0.940181739117982,0.9367613268316886,True,SDRF,True,0.9367613268316886,0.0
Amazon-Photo,gcn,12356,SDRF,0.25,0.9282322176438872,0.9481543403706104,False,SDRF,False,0.9502920307321308,-0.2137690361520339
Amazon-Photo,gcn,12357,SDRF,0.1,0.9425679276770316,0.934322459476016,False,SDRF,False,0.9279313844230648,0.6391075052951223
Amazon-Photo,gcn,12358,original,-1.0,0.9407797054936324,0.9361467990025772,True,SDRF,True,0.9361467990025772,0.0
Amazon-Photo,gcn,12359,original,-1.0,0.9481235572082314,0.9314342081792288,True,SDRF,True,0.9314342081792288,0.0
Amazon-Photo,gcn,12360,SDRF,0.4,0.9360783502664868,0.9208443069187104,False,SDRF,False,0.925180245103964,-0.4335938185253574
Amazon-Photo,gcn,12361,SDRF,0.1,0.9450543944958478,0.9323812366387314,False,SDRF,False,0.9312503621022264,0.11308745365049555
Amazon-Photo,gcn,12362,SDRF,0.1,0.938112457942386,0.9374143999932742,False,SDRF,False,0.937268228622597,0.014617137067729491
Amazon-Photo,gcn,12363,SDRF,0.55,0.9432550144745124,0.9301855407046008,False,SDRF,False,0.9338259764613392,-0.3640435756738447
Amazon-Photo,gcn,12364,SDRF,0.55,0.9398308608858854,0.9374664072763252,False,SDRF,False,0.944444297861622,-0.6977890585296742
Amazon-Photo,gcn,12365,original,-1.0,0.945714022591928,0.9407063018007986,True,SDRF,True,0.9407063018007986,0.0
Amazon-Photo,gcn,12366,SDRF,0.1,0.9435485774757476,0.9305827678713898,False,SDRF,False,0.9313781182919106,-0.07953504205208128
Amazon-Photo,gcn,12367,original,-1.0,0.9388543592100648,0.9396545088465028,True,SDRF,True,0.9396545088465028,0.0
Amazon-Photo,gcn,12368,SDRF,0.55,0.944369622871544,0.9419862732030302,False,SDRF,False,0.9401151567456496,0.18711164573805839
Amazon-Photo,gcn,12369,original,-1.0,0.9371494839521064,0.9246070211492186,True,SDRF,True,0.9246070211492186,0.0
Amazon-Photo,gcn,12370,SDRF,0.1,0.9519703387813834,0.92488458320306,False,SDRF,False,0.9271081416426904,-0.2223558439630402
Amazon-Photo,gcn,12371,SDRF,0.1,0.946290618565248,0.9304377507994854,False,SDRF,False,0.9371616794611876,-0.6723928661702128
Amazon-Photo,gcn,12372,SDRF,0.1,0.9439060596935628,0.9354779184597868,False,SDRF,False,0.9317526701983224,0.37252482614643645
Amazon-Photo,gcn,12373,original,-1.0,0.9428749405256092,0.945240595620374,True,SDRF,True,0.945240595620374,0.0
Amazon-Photo,gcn,12374,SDRF,0.1,0.9401245195709856,0.9331471498187244,False,SDRF,False,0.933793563881683,-0.06464140629586224
Amazon-Photo,sage,12345,SDRF,0.25,0.9489581143198472,0.939373585321711,False,SDRF,False,0.9375705819438886,0.18030033778223542
Amazon-Photo,sage,12346,SDRF,0.55,0.9537258441748572,0.9437851592485612,False,SDRF,False,0.9437289734307586,0.005618581780264531
Amazon-Photo,sage,12347,SDRF,0.55,0.9454823377302272,0.9320682962998112,False,SDRF,False,0.9346732256244622,-0.2604929324650951
Amazon-Photo,sage,12348,SDRF,0.4,0.9558161790776176,0.9441436520174478,False,SDRF,False,0.9421858649633804,0.19577870540673503
Amazon-Photo,sage,12349,SDRF,0.25,0.9504610596927014,0.9455308901184892,False,SDRF,False,0.94351045166727,0.2020438451219242
Amazon-Photo,sage,12350,SDRF,0.1,0.9514548009222634,0.9423742844956984,False,SDRF,False,0.944710602428012,-0.23363179323135919
Amazon-Photo,sage,12351,SDRF,0.25,0.950702727735083,0.939275815770071,False,SDRF,False,0.9332416921460625,0.6034123624008569
Amazon-Photo,sage,12352,SDRF,0.1,0.9452226261024308,0.939934185254952,False,SDRF,False,0.9377215881968244,0.22125970581275967
Amazon-Photo,sage,12353,SDRF,0.55,0.9601312393594456,0.9396405680663352,False,SDRF,False,0.9464867473505424,-0.6846179284207166
Amazon-Photo,sage,12354,SDRF,0.55,0.9417957194015348,0.9327572366943002,False,SDRF,False,0.9332996065388351,-0.0542369844534929
Amazon-Photo,sage,12355,SDRF,0.25,0.9419061588737436,0.9434942722055204,False,SDRF,False,0.9432551822636756,0.023908994184485
Amazon-Photo,sage,12356,SDRF,0.25,0.9473586330014654,0.9517080694622568,False,SDRF,False,0.9459611128206494,0.5746956641607404
Amazon-Photo,sage,12357,SDRF,0.25,0.9494020356539796,0.9465286735371338,False,SDRF,False,0.945750042350306,0.07786311868277496
Amazon-Photo,sage,12358,SDRF,0.4,0.9470791196749369,0.941178400783886,False,SDRF,False,0.9354683683331352,0.5710032450750857
Amazon-Photo,sage,12359,SDRF,0.55,0.9594486312093532,0.9397479918538814,False,SDRF,False,0.9437371063215764,-0.39891144676950097
Amazon-Photo,sage,12360,SDRF,0.4,0.9461135316928032,0.9408119052081824,False,SDRF,False,0.9342244023609156,0.6587502847266724
Amazon-Photo,sage,12361,SDRF,0.1,0.9474605670714376,0.9341269920354552,False,SDRF,False,0.9378750863290856,-0.3748094293630322
Amazon-Photo,sage,12362,SDRF,0.55,0.943322115562489,0.947144210700506,False,SDRF,False,0.9461726729434534,0.09715377570526096
Amazon-Photo,sage,12363,original,-1.0,0.9538261233767864,0.9366342972287102,True,SDRF,True,0.9366342972287102,0.0
Amazon-Photo,sage,12364,SDRF,0.1,0.9477376969256052,0.954433604775676,False,SDRF,False,0.952942070264527,0.14915345111489176
Amazon-Photo,sage,12365,SDRF,0.4,0.9537879170382876,0.940885951469996,False,SDRF,False,0.9393780907772652,0.15078606927307892
Amazon-Photo,sage,12366,SDRF,0.4,0.9497781184808288,0.9277426664152216,False,SDRF,False,0.9305721955374964,-0.2829529122274743
Amazon-Photo,sage,12367,SDRF,0.55,0.94826437810431,0.9475872505803736,False,SDRF,False,0.9489079638705252,-0.13207132901515983
Amazon-Photo,sage,12368,original,-1.0,0.9483866298317568,0.9542863579820732,True,SDRF,True,0.9542863579820732,0.0
Amazon-Photo,sage,12369,original,-1.0,0.9504309828071672,0.9388967470054448,True,SDRF,True,0.9388967470054448,0.0
Amazon-Photo,sage,12370,SDRF,0.25,0.9563807958349072,0.928603780521,False,SDRF,False,0.935171157071917,-0.6567376550916992
Amazon-Photo,sage,12371,SDRF,0.4,0.9563535017325352,0.9466418829839116,False,SDRF,False,0.9414274404531412,0.5214442530770413
Amazon-Photo,sage,12372,SDRF,0.55,0.9398095364942898,0.939670011789642,False,SDRF,False,0.9388685022209274,0.0801509568714609
Amazon-Photo,sage,12373,SDRF,0.25,0.9604574120945611,0.9461219724741564,False,SDRF,False,0.9440070229285692,0.21149495455872191
Amazon-Photo,sage,12374,SDRF,0.55,0.9458063148265188,0.9418660284780328,False,SDRF,False,0.9447007854915126,-0.2834757013479794
Coauthor-CS,gat,12345,SDRF,0.4,0.915714892498128,0.9101812535392736,False,SDRF,False,0.9104647123235377,-0.02834587842640568
Coauthor-CS,gat,12346,SDRF,0.1,0.9162022920369858,0.9154559741953172,False,SDRF,False,0.9162138979140676,-0.07579237187503862
Coauthor-CS,gat,12347,SDRF,0.1,0.9255642515053152,0.9132293402452348,False,SDRF,False,0.9129007259683284,0.03286142769064471
Coauthor-CS,gat,12348,SDRF,0.4,0.9234978108965384,0.9054597602410775,False,SDRF,False,0.9033321842852908,0.21275759557867202
Coauthor-CS,gat,12349,SDRF,0.1,0.9232222058412216,0.9191762938019512,False,SDRF,False,0.9187455864733456,0.04307073286056173
Coauthor-CS,gat,12350,SDRF,0.1,0.9196345773479496,0.9241688091887698,False,SDRF,False,0.9236368638105608,0.05319453782089978
Coauthor-CS,gat,12351,original,-1.0,0.9212785821111176,0.9153768637610264,True,SDRF,True,0.9153768637610264,0.0
Coauthor-CS,gat,12352,SDRF,0.4,0.923170850896256,0.92083711321271,False,SDRF,False,0.9206838010853928,0.015331212731717336
Coauthor-CS,gat,12353,original,-1.0,0.9201430732842436,0.9130169027803288,True,SDRF,True,0.9130169027803288,0.0
Coauthor-CS,gat,12354,SDRF,0.55,0.9123751297898424,0.9179824621301236,False,SDRF,False,0.9188299749627908,-0.08475128326672632
Coauthor-CS,gat,12355,SDRF,0.1,0.9143703211924348,0.9137253170132456,False,SDRF,False,0.9138863819843636,-0.016106497111800788
Coauthor-CS,gat,12356,SDRF,0.1,0.9252902655797643,0.9240625559509114,False,SDRF,False,0.9252946093481196,-0.12320533972082215
Coauthor-CS,gat,12357,original,-1.0,0.919768978069656,0.9183503427240626,True,SDRF,True,0.9183503427240626,0.0
Coauthor-CS,gat,12358,SDRF,0.55,0.9152625303783772,0.9132679715426542,False,SDRF,False,0.9126234442692616,0.06445272733925922
Coauthor-CS,gat,12359,original,-1.0,0.9187062808224996,0.9168764791997835,True,SDRF,True,0.9168764791997835,0.0
Coauthor-CS,gat,12360,original,-1.0,0.9176633637348404,0.9188189518276856,True,SDRF,True,0.9188189518276856,0.0
Coauthor-CS,gat,12361,SDRF,0.55,0.9200435517214968,0.9111276890463492,False,SDRF,False,0.9114111790861212,-0.028349003977201637
Coauthor-CS,gat,12362,SDRF,0.25,0.9174248206866416,0.9138248474873236,False,SDRF,False,0.910353639412368,0.34712080749556007
Coauthor-CS,gat,12363,SDRF,0.25,0.9228076581989576,0.9259709451557988,False,SDRF,False,0.928071504775918,-0.21005596201192356
Coauthor-CS,gat,12364,SDRF,0.4,0.917428573762471,0.9117267831868044,False,SDRF,False,0.9124311978098226,-0.07044146230181791
Coauthor-CS,gat,12365,original,-1.0,0.9195195723783646,0.9159681172774669,True,SDRF,True,0.9159681172774669,0.0
Coauthor-CS,gat,12366,original,-1.0,0.9302777505541948,0.9195194779177672,True,SDRF,True,0.9195194779177672,0.0
Coauthor-CS,gat,12367,SDRF,0.4,0.9170829402525372,0.9091956417266848,False,SDRF,False,0.9129127733920638,-0.37171316653790143
Coauthor-CS,gat,12368,original,-1.0,0.92115723521481,0.9104503638546884,True,SDRF,True,0.9104503638546884,0.0
Coauthor-CS,gat,12369,SDRF,0.1,0.9233395681123908,0.9151431315831738,False,SDRF,False,0.9158708549315542,-0.0727723348380338
Coauthor-CS,gat,12370,SDRF,0.1,0.9163228798162084,0.9249755461489836,False,SDRF,False,0.9245581032532948,0.0417442895688791
Coauthor-CS,gat,12371,SDRF,0.25,0.9300746645847788,0.9133165592906736,False,SDRF,False,0.9127029165359068,0.06136427547667189
Coauthor-CS,gat,12372,original,-1.0,0.9186359273026422,0.9142570058294972,True,SDRF,True,0.9142570058294972,0.0
Coauthor-CS,gat,12373,SDRF,0.25,0.912445419189808,0.9195270653587524,False,SDRF,False,0.9208181631148012,-0.12910977560488535
Coauthor-CS,gat,12374,original,-1.0,0.915479052544789,0.9249294551298848,True,SDRF,True,0.9249294551298848,0.0
Coauthor-CS,gcn,12345,SDRF,0.1,0.9285428826444124,0.9234290976749632,False,SDRF,False,0.923921454888294,-0.04923572133308518
Coauthor-CS,gcn,12346,SDRF,0.55,0.9213665085369988,0.923161079185862,False,SDRF,False,0.9252399713524256,-0.20788921665636506
Coauthor-CS,gcn,12347,original,-1.0,0.9288218077011378,0.9212512351151024,True,SDRF,True,0.9212512351151024,0.0
Coauthor-CS,gcn,12348,SDRF,0.4,0.9330549068068248,0.9124070177355456,False,SDRF,False,0.9120931320888398,0.031388564670575825
Coauthor-CS,gcn,12349,original,-1.0,0.9280695833463558,0.9240333027396196,True,SDRF,True,0.9240333027396196,0.0
Coauthor-CS,gcn,12350,SDRF,0.1,0.9284908275721068,0.9273575992852237,False,SDRF,False,0.928015330060408,-0.06577307751843842
Coauthor-CS,gcn,12351,SDRF,0.25,0.9310674979026866,0.9261508239500948,False,SDRF,False,0.923090972706455,0.3059851243639833
Coauthor-CS,gcn,12352,original,-1.0,0.927828872835713,0.925983970456792,True,SDRF,True,0.925983970456792,0.0
Coauthor-CS,gcn,12353,original,-1.0,0.932523238880636,0.9207268560795532,True,SDRF,True,0.9207268560795532,0.0
Coauthor-CS,gcn,12354,SDRF,0.55,0.9170219705030666,0.9257812909238772,False,SDRF,False,0.9171628118654024,0.8618479058474793
Coauthor-CS,gcn,12355,SDRF,0.4,0.9212531832278066,0.922760196702617,False,SDRF,False,0.9218876357408968,0.08725609617201702
Coauthor-CS,gcn,12356,SDRF,0.25,0.9283377864913924,0.9264299684841916,False,SDRF,False,0.926408429345129,0.0021539139062554113
Coauthor-CS,gcn,12357,SDRF,0.55,0.925366012627279,0.9275272954145868,False,SDRF,False,0.9288127280729208,-0.12854326583340292
Coauthor-CS,gcn,12358,SDRF,0.4,0.9195478589813226,0.9228754666035864,False,SDRF,False,0.92296021535962,-0.008474875603359244
Coauthor-CS,gcn,12359,SDRF,0.25,0.9249858163872896,0.9286627865257816,False,SDRF,False,0.92874405813323,-0.008127160744841877
Coauthor-CS,gcn,12360,original,-1.0,0.9266500941597856,0.9292678424341136,True,SDRF,True,0.9292678424341136,0.0
Coauthor-CS,gcn,12361,original,-1.0,0.92848562560808,0.9222903098621064,True,SDRF,True,0.9222903098621064,0.0
Coauthor-CS,gcn,12362,SDRF,0.55,0.9292972500150136,0.9278181865292716,False,SDRF,False,0.9287862624616434,-0.09680759323718036
Coauthor-CS,gcn,12363,SDRF,0.4,0.9269633957028242,0.933792616414018,False,SDRF,False,0.9351013742463032,-0.13087578322852345
Coauthor-CS,gcn,12364,SDRF,0.55,0.917647333830235,0.9253903783831507,False,SDRF,False,0.9263561141187336,-0.09657357355828955
Coauthor-CS,gcn,12365,SDRF,0.55,0.9199653155287492,0.9291514001096765,False,SDRF,False,0.9297583663347752,-0.0606966225098704
Coauthor-CS,gcn,12366,original,-1.0,0.9377609139199864,0.9225628791091052,True,SDRF,True,0.9225628791091052,0.0
Coauthor-CS,gcn,12367,SDRF,0.55,0.9267943428023538,0.9194538985679852,False,SDRF,False,0.9192813134969224,0.017258507106276966
Coauthor-CS,gcn,12368,original,-1.0,0.925409106437188,0.921365367201423,True,SDRF,True,0.921365367201423,0.0
Coauthor-CS,gcn,12369,SDRF,0.1,0.9298626866762728,0.9180691243341136,False,SDRF,False,0.916877365290765,0.11917590433485614
Coauthor-CS,gcn,12370,SDRF,0.25,0.9265099054716084,0.924099547062349,False,SDRF,False,0.9231568325291082,0.0942714533240796
Coauthor-CS,gcn,12371,original,-1.0,0.935544782144902,0.9166160802537884,True,SDRF,True,0.9166160802537884,0.0
Coauthor-CS,gcn,12372,SDRF,0.25,0.9250594762672474,0.9158739186184782,False,SDRF,False,0.9162968625896456,-0.04229439711673777
Coauthor-CS,gcn,12373,SDRF,0.55,0.9208921918827844,0.9307912511751496,False,SDRF,False,0.9309562913361282,-0.01650401609786245
Coauthor-CS,gcn,12374,SDRF,0.55,0.9234613866526148,0.9287385987340312,False,SDRF,False,0.9317101123630346,-0.2971513629003386
Coauthor-CS,sage,12345,SDRF,0.25,0.9365840511777956,0.9327780927007984,False,SDRF,False,0.931377121125852,0.14009715749463414
Coauthor-CS,sage,12346,SDRF,0.1,0.9308421165352116,0.9350827448913304,False,SDRF,False,0.9343924427465816,0.06903021447487445
Coauthor-CS,sage,12347,SDRF,0.55,0.9375710473812936,0.933679022224076,False,SDRF,False,0.9348957973586142,-0.12167751345382172
Coauthor-CS,sage,12348,original,-1.0,0.9366434529584712,0.9220548867308886,True,SDRF,True,0.9220548867308886,0.0
Coauthor-CS,sage,12349,SDRF,0.25,0.9317084306195405,0.9329225724341572,False,SDRF,False,0.9345230982199928,-0.16005257858355826
Coauthor-CS,sage,12350,SDRF,0.1,0.9353581887000432,0.9330290360260484,False,SDRF,False,0.9306259322959504,0.24031037300979996
Coauthor-CS,sage,12351,SDRF,0.55,0.940538489681878,0.93411733123303,False,SDRF,False,0.9340910824768875,0.002624875614243294
Coauthor-CS,sage,12352,SDRF,0.25,0.9334285326426518,0.9364638098132658,False,SDRF,False,0.9355205522484604,0.09432575648053998
Coauthor-CS,sage,12353,original,-1.0,0.9403637678455002,0.931929693073774,True,SDRF,True,0.931929693073774,0.0
Coauthor-CS,sage,12354,SDRF,0.1,0.928101397823626,0.9344111973507706,False,SDRF,False,0.9344492951588672,-0.0038097808096604346
Coauthor-CS,sage,12355,SDRF,0.25,0.9312379330470943,0.9273724724856556,False,SDRF,False,0.9264698017533414,0.09026707323142036
Coauthor-CS,sage,12356,original,-1.0,0.9333036955063764,0.934627955693564,True,SDRF,True,0.934627955693564,0.0
Coauthor-CS,sage,12357,SDRF,0.25,0.9369500426727918,0.9345103806077778,False,SDRF,False,0.9350134926822168,-0.050311207443898276
Coauthor-CS,sage,12358,SDRF,0.4,0.9259947266629218,0.9378171931532588,False,SDRF,False,0.937718762957798,0.009843019546085241
Coauthor-CS,sage,12359,SDRF,0.1,0.9373850492612628,0.9342699197114176,False,SDRF,False,0.9298173896605586,0.4452530050858994
Coauthor-CS,sage,12360,original,-1.0,0.9402679038631386,0.9343764017727404,True,SDRF,True,0.9343764017727404,0.0
Coauthor-CS,sage,12361,original,-1.0,0.9376350226365412,0.9275213646780294,True,SDRF,True,0.9275213646780294,0.0
Coauthor-CS,sage,12362,SDRF,0.1,0.9352350855664366,0.9319779077283574,False,SDRF,False,0.9316238009566096,0.0354106771747853
Coauthor-CS,sage,12363,SDRF,0.1,0.933486380374589,0.940476987458374,False,SDRF,False,0.9414277269841314,-0.09507395257573048
Coauthor-CS,sage,12364,SDRF,0.4,0.93122907458029,0.9329396103578924,False,SDRF,False,0.9333649318177236,-0.04253214598312072
Coauthor-CS,sage,12365,SDRF,0.55,0.9326743005789684,0.937319901599834,False,SDRF,False,0.9350451404779404,0.22747611218936203
Coauthor-CS,sage,12366,SDRF,0.4,0.9429051022098413,0.930261331217208,False,SDRF,False,0.9302046103679794,0.0056720849228586445
Coauthor-CS,sage,12367,original,-1.0,0.9360063381219358,0.9269367995423732,True,SDRF,True,0.9269367995423732,0.0
Coauthor-CS,sage,12368,SDRF,0.1,0.9340489382097318,0.9270543295673196,False,SDRF,False,0.926913164633654,0.014116493366556071
Coauthor-CS,sage,12369,SDRF,0.55,0.9395002329773952,0.921738973718418,False,SDRF,False,0.921741866365554,-0.0002892647136043536
Coauthor-CS,sage,12370,SDRF,0.1,0.9295805832874976,0.9355425265096712,False,SDRF,False,0.936564457596432,-0.10219310867608522
Coauthor-CS,sage,12371,SDRF,0.4,0.942075247813033,0.9272665017743396,False,SDRF,False,0.9219239428790866,0.5342558895252925
Coauthor-CS,sage,12372,SDRF,0.4,0.9386321458276434,0.9211045924512048,False,SDRF,False,0.9222193998923276,-0.11148074411228004
Coauthor-CS,sage,12373,SDRF,0.25,0.925813098031514,0.941587065958117,False,SDRF,False,0.9426192698356072,-0.10322038774901454
Coauthor-CS,sage,12374,original,-1.0,0.9322166793322044,0.9378397650499573,True,SDRF,True,0.9378397650499573,0.0
Cora,gat,12345,original,-1.0,0.8634788498234499,0.871739603880071,True,SDRF,True,0.871739603880071,0.0
Cora,gat,12346,original,-1.0,0.8710716638722096,0.851692119687858,True,SDRF,True,0.851692119687858,0.0
Cora,gat,12347,original,-1.0,0.8668010897729361,0.8825232543501277,True,SDRF,True,0.8825232543501277,0.0
Cora,gat,12348,original,-1.0,0.8543412001344219,0.8748587192519413,True,SDRF,True,0.8748587192519413,0.0
Cora,gat,12349,original,-1.0,0.8593727100249023,0.8799903832795734,True,SDRF,True,0.8799903832795734,0.0
Cora,gat,12350,original,-1.0,0.8395608941316174,0.8836479391831998,True,SDRF,True,0.8836479391831998,0.0
Cora,gat,12351,SDRF,0.25,0.8641836259709895,0.8435729353134361,False,SDRF,False,0.8401299641924228,0.34429711210133274
Cora,gat,12352,original,-1.0,0.8852599304137226,0.845595262712337,True,SDRF,True,0.845595262712337,0.0
Cora,gat,12353,original,-1.0,0.8838863876146892,0.8821683845658032,True,SDRF,True,0.8821683845658032,0.0
Cora,gat,12354,original,-1.0,0.8343379126836933,0.8662396005251721,True,SDRF,True,0.8662396005251721,0.0
Cora,gat,12355,original,-1.0,0.8539748218920016,0.8737081859614664,True,SDRF,True,0.8737081859614664,0.0
Cora,gat,12356,original,-1.0,0.8687891978246807,0.8646976230077076,True,SDRF,True,0.8646976230077076,0.0
Cora,gat,12357,original,-1.0,0.8561954134248305,0.8767221430341531,True,SDRF,True,0.8767221430341531,0.0
Cora,gat,12358,SDRF,0.1,0.8649138166440457,0.8396864756559161,False,SDRF,False,0.8375456258835842,0.21408497723319764
Cora,gat,12359,original,-1.0,0.8747293678104348,0.8377003925983927,True,SDRF,True,0.8377003925983927,0.0
Cora,gat,12360,original,-1.0,0.8830124171428366,0.8504566243240885,True,SDRF,True,0.8504566243240885,0.0
Cora,gat,12361,original,-1.0,0.8582069679729474,0.8543198950374784,True,SDRF,True,0.8543198950374784,0.0
Cora,gat,12362,original,-1.0,0.8795123847627867,0.8719147893046316,True,SDRF,True,0.8719147893046316,0.0
Cora,gat,12363,original,-1.0,0.8702453977682413,0.8482564526593492,True,SDRF,True,0.8482564526593492,0.0
Cora,gat,12364,original,-1.0,0.8633010662911057,0.8424412719134956,True,SDRF,True,0.8424412719134956,0.0
Cora,gat,12365,original,-1.0,0.8576548287577861,0.8595047205058167,True,SDRF,True,0.8595047205058167,0.0
Cora,gat,12366,original,-1.0,0.8672180435693243,0.8613419695648904,True,SDRF,True,0.8613419695648904,0.0
Cora,gat,12367,original,-1.0,0.8669952586240182,0.867220455196403,True,SDRF,True,0.867220455196403,0.0
Cora,gat,12368,original,-1.0,0.885963350922316,0.8535235003120657,True,SDRF,True,0.8535235003120657,0.0
Cora,gat,12369,SDRF,0.55,0.8698414552660338,0.8218656303943197,False,SDRF,False,0.8424024372386042,-2.0536806844284494
Cora,gat,12370,original,-1.0,0.8731173597577604,0.8576898991542607,True,SDRF,True,0.8576898991542607,0.0
Cora,gat,12371,original,-1.0,0.884970984679536,0.879393147109489,True,SDRF,True,0.879393147109489,0.0
Cora,gat,12372,SDRF,0.4,0.8703239189692491,0.8773128953620469,False,SDRF,False,0.8774241115055238,-0.011121614347686659
Cora,gat,12373,original,-1.0,0.8864218973113358,0.8518437041296114,True,SDRF,True,0.8518437041296114,0.0
Cora,gat,12374,original,-1.0,0.883480202616344,0.8573928667629082,True,SDRF,True,0.8573928667629082,0.0
Cora,gcn,12345,original,-1.0,0.8654968509371529,0.8549635540241471,True,SDRF,True,0.8549635540241471,0.0
Cora,gcn,12346,original,-1.0,0.8680377654404813,0.8396545598625513,True,SDRF,True,0.8396545598625513,0.0
Cora,gcn,12347,original,-1.0,0.8710024213930765,0.8823900746936049,True,SDRF,True,0.8823900746936049,0.0
Cora,gcn,12348,original,-1.0,0.8645503241686899,0.8648756389615136,True,SDRF,True,0.8648756389615136,0.0
Cora,gcn,12349,original,-1.0,0.8578927910631419,0.8678261898437818,True,SDRF,True,0.8678261898437818,0.0
Cora,gcn,12350,original,-1.0,0.8528619812175284,0.8966557159453579,True,SDRF,True,0.8966557159453579,0.0
Cora,gcn,12351,original,-1.0,0.8701672490876821,0.87483021250739,True,SDRF,True,0.87483021250739,0.0
Cora,gcn,12352,original,-1.0,0.8734996103919358,0.8513164105479623,True,SDRF,True,0.8513164105479623,0.0
Cora,gcn,12353,original,-1.0,0.8848979608549159,0.8722392479523654,True,SDRF,True,0.8722392479523654,0.0
Cora,gcn,12354,original,-1.0,0.8231405177167169,0.857579354508554,True,SDRF,True,0.857579354508554,0.0
Cora,gcn,12355,original,-1.0,0.8623703390566193,0.8786915531795036,True,SDRF,True,0.8786915531795036,0.0
Cora,gcn,12356,original,-1.0,0.8720288055329394,0.8625116270285016,True,SDRF,True,0.8625116270285016,0.0
Cora,gcn,12357,original,-1.0,0.8638101243159609,0.8659107384406991,True,SDRF,True,0.8659107384406991,0.0
Cora,gcn,12358,SDRF,0.4,0.870354751587459,0.8049147071822313,False,SDRF,False,0.8255676675979029,-2.065296041567155
Cora,gcn,12359,original,-1.0,0.8903396149238435,0.855831773322903,True,SDRF,True,0.855831773322903,0.0
Cora,gcn,12360,original,-1.0,0.8770351296213365,0.8587978448746106,True,SDRF,True,0.8587978448746106,0.0
Cora,gcn,12361,original,-1.0,0.85987326746183,0.8506795679209131,True,SDRF,True,0.8506795679209131,0.0
Cora,gcn,12362,original,-1.0,0.8838797017619747,0.8725395960636245,True,SDRF,True,0.8725395960636245,0.0
Cora,gcn,12363,original,-1.0,0.8730870927807738,0.8430362997489468,True,SDRF,True,0.8430362997489468,0.0
Cora,gcn,12364,original,-1.0,0.8591310419827278,0.8456769145194902,True,SDRF,True,0.8456769145194902,0.0
Cora,gcn,12365,original,-1.0,0.8650829721915922,0.876997250792043,True,SDRF,True,0.876997250792043,0.0
Cora,gcn,12366,original,-1.0,0.8822366083500783,0.85207503455976,True,SDRF,True,0.85207503455976,0.0
Cora,gcn,12367,original,-1.0,0.8582489238950364,0.8618044538883444,True,SDRF,True,0.8618044538883444,0.0
Cora,gcn,12368,original,-1.0,0.8704547140149087,0.8588408743017106,True,SDRF,True,0.8588408743017106,0.0
Cora,gcn,12369,SDRF,0.1,0.8792121756550745,0.8398032930083975,False,SDRF,False,0.8453778668253883,-0.557457381699078
Cora,gcn,12370,original,-1.0,0.8657865691952725,0.8657887414780242,True,SDRF,True,0.8657887414780242,0.0
Cora,gcn,12371,SDRF,0.55,0.873669169057985,0.8710068423104621,False,SDRF,False,0.8727300980254457,-0.17232557149835515
Cora,gcn,12372,original,-1.0,0.8685481879289311,0.8872819762826784,True,SDRF,True,0.8872819762826784,0.0
Cora,gcn,12373,original,-1.0,0.8865123588666229,0.8483636419417772,True,SDRF,True,0.8483636419417772,0.0
Cora,gcn,12374,original,-1.0,0.8854610340209238,0.8835967993026406,True,SDRF,True,0.8835967993026406,0.0
Cora,sage,12345,original,-1.0,0.8633936584640607,0.8499163506443358,True,SDRF,True,0.8499163506443358,0.0
Cora,sage,12346,original,-1.0,0.8574548980633904,0.8603204981626155,True,SDRF,True,0.8603204981626155,0.0
Cora,sage,12347,SDRF,0.55,0.8651157942620279,0.875470863199333,False,SDRF,False,0.8780585819222227,-0.25877187228897647
Cora,sage,12348,original,-1.0,0.8574139316528163,0.8755793327922113,True,SDRF,True,0.8755793327922113,0.0
Cora,sage,12349,original,-1.0,0.8616050484995944,0.8758327798860124,True,SDRF,True,0.8758327798860124,0.0
Cora,sage,12350,original,-1.0,0.8661348455850005,0.8614979960299799,True,SDRF,True,0.8614979960299799,0.0
Cora,sage,12351,original,-1.0,0.8682145735501378,0.8447419818647932,True,SDRF,True,0.8447419818647932,0.0
Cora,sage,12352,original,-1.0,0.8678711548379271,0.8494373965571488,True,SDRF,True,0.8494373965571488,0.0
Cora,sage,12353,SDRF,0.1,0.8742143561006117,0.8581280093586852,False,SDRF,False,0.875857903861575,-1.7729894502889865
Cora,sage,12354,original,-1.0,0.8183804440822902,0.8532595754485841,True,SDRF,True,0.8532595754485841,0.0
Cora,sage,12355,original,-1.0,0.8534986014170247,0.8741552171926511,True,SDRF,True,0.8741552171926511,0.0
Cora,sage,12356,original,-1.0,0.8801463547904687,0.8855745059521674,True,SDRF,True,0.8855745059521674,0.0
Cora,sage,12357,original,-1.0,0.8651329762726433,0.8628381461505074,True,SDRF,True,0.8628381461505074,0.0
Cora,sage,12358,SDRF,0.55,0.8455002593153976,0.8001157492395119,False,SDRF,False,0.810889748621915,-1.0773999382403088
Cora,sage,12359,original,-1.0,0.8700542625591784,0.8479833236016932,True,SDRF,True,0.8479833236016932,0.0
Cora,sage,12360,original,-1.0,0.8744259685358016,0.8503428480606369,True,SDRF,True,0.8503428480606369,0.0
Cora,sage,12361,SDRF,0.1,0.8591663298751157,0.8299987170061384,False,SDRF,False,0.8247393207350725,0.5259396271065864
Cora,sage,12362,SDRF,0.1,0.8854469373426743,0.8343233488081998,False,SDRF,False,0.8669596850081671,-3.263633619996731
Cora,sage,12363,original,-1.0,0.8655618558139008,0.8466466883509877,True,SDRF,True,0.8466466883509877,0.0
Cora,sage,12364,SDRF,0.25,0.8632498961694254,0.8359162485640826,False,SDRF,False,0.839518328946541,-0.360208038245835
Cora,sage,12365,original,-1.0,0.8522288480957168,0.8648231679140114,True,SDRF,True,0.8648231679140114,0.0
Cora,sage,12366,original,-1.0,0.8787253253906806,0.8573819734377947,True,SDRF,True,0.8573819734377947,0.0
Cora,sage,12367,original,-1.0,0.8654968240800942,0.8626494875711626,True,SDRF,True,0.8626494875711626,0.0
Cora,sage,12368,SDRF,0.4,0.871647607497478,0.8376356770481669,False,SDRF,False,0.8604743755334866,-2.283869848531972
Cora,sage,12369,original,-1.0,0.8676906722627784,0.8448453301889975,True,SDRF,True,0.8448453301889975,0.0
Cora,sage,12370,original,-1.0,0.8714663354970955,0.8709683885443581,True,SDRF,True,0.8709683885443581,0.0
Cora,sage,12371,SDRF,0.1,0.8480166008414484,0.8665357847426843,False,SDRF,False,0.8676397979365593,-0.11040131938749864
Cora,sage,12372,SDRF,0.25,0.8740511967422214,0.889379109607768,False,SDRF,False,0.8870840980218286,0.2295011585939366
Cora,sage,12373,original,-1.0,0.8854196024454042,0.838561856471058,True,SDRF,True,0.838561856471058,0.0
Cora,sage,12374,original,-1.0,0.884053502579225,0.867088442379129,True,SDRF,True,0.867088442379129,0.0
Cornell,gat,12345,original,-1.0,0.4098850574712644,0.3706195596518177,True,SDRF,True,0.3706195596518177,0.0
Cornell,gat,12346,original,-1.0,0.5055962854349951,0.3554978354978354,True,SDRF,True,0.3554978354978354,0.0
Cornell,gat,12347,original,-1.0,0.4351608751608752,0.3081232492997198,True,SDRF,True,0.3081232492997198,0.0
Cornell,gat,12348,original,-1.0,0.5075854700854701,0.4771336996336996,True,SDRF,True,0.4771336996336996,0.0
Cornell,gat,12349,SDRF,0.55,0.3999245852187029,0.3774358974358974,False,SDRF,False,0.4527097902097902,-7.527389277389279
Cornell,gat,12350,original,-1.0,0.4937118437118437,0.3127257799671593,True,SDRF,True,0.3127257799671593,0.0
Cornell,gat,12351,original,-1.0,0.561470588235294,0.3471428571428571,True,SDRF,True,0.3471428571428571,0.0
Cornell,gat,12352,SDRF,0.25,0.4088888888888889,0.3045196456961163,False,SDRF,False,0.4578657269359357,-15.33460812398194
Cornell,gat,12353,SDRF,0.25,0.3825974025974026,0.3084526284526284,False,SDRF,False,0.2549206349206349,5.353199353199351
Cornell,gat,12354,original,-1.0,0.38851324114482,0.4250738916256157,True,SDRF,True,0.4250738916256157,0.0
Cornell,gat,12355,original,-1.0,0.4771428571428571,0.453076923076923,True,SDRF,True,0.453076923076923,0.0
Cornell,gat,12356,original,-1.0,0.5094017094017094,0.2362154641224409,True,SDRF,True,0.2362154641224409,0.0
Cornell,gat,12357,original,-1.0,0.4024603174603174,0.2314571607254534,True,SDRF,True,0.2314571607254534,0.0
Cornell,gat,12358,SDRF,0.1,0.3938835358190197,0.2986466165413534,False,SDRF,False,0.3579831932773109,-5.933657673595749
Cornell,gat,12359,SDRF,0.4,0.3294117647058823,0.2446886446886447,False,SDRF,False,0.24,0.46886446886447164
Cornell,gat,12360,original,-1.0,0.3856293706293706,0.2398484848484848,True,SDRF,True,0.2398484848484848,0.0
Cornell,gat,12361,SDRF,0.25,0.4161904761904762,0.3257142857142857,False,SDRF,False,0.4132867132867132,-8.75724275724275
Cornell,gat,12362,SDRF,0.55,0.2895977011494253,0.2624561403508772,False,SDRF,False,0.383091418385536,-12.06352780346588
Cornell,gat,12363,original,-1.0,0.3658333333333333,0.231016731016731,True,SDRF,True,0.231016731016731,0.0
Cornell,gat,12364,SDRF,0.1,0.4490756302521008,0.1828571428571428,False,SDRF,False,0.2293460925039872,-4.648894964684438
Cornell,gat,12365,SDRF,0.25,0.3119191919191919,0.3098901098901098,False,SDRF,False,0.266031746031746,4.385836385836378
Cornell,gat,12366,SDRF,0.55,0.5022222222222222,0.2475279106858054,False,SDRF,False,0.4174042950513538,-16.98763843655484
Cornell,gat,12367,SDRF,0.1,0.4682034632034632,0.3661764705882353,False,SDRF,False,0.3583183183183183,0.785815226991704
Cornell,gat,12368,original,-1.0,0.422826296510507,0.2276318276318276,True,SDRF,True,0.2276318276318276,0.0
Cornell,gat,12369,SDRF,0.25,0.4636021505376343,0.2979020979020979,False,SDRF,False,0.4874236874236874,-18.952158952158953
Cornell,gat,12370,SDRF,0.1,0.5177738927738929,0.276982476982477,False,SDRF,False,0.3472527472527472,-7.0270270270270165
Cornell,gat,12371,original,-1.0,0.4430926779313876,0.3691086691086691,True,SDRF,True,0.3691086691086691,0.0
Cornell,gat,12372,original,-1.0,0.4157142857142856,0.3326984126984126,True,SDRF,True,0.3326984126984126,0.0
Cornell,gat,12373,SDRF,0.4,0.3282727272727272,0.3509803921568627,False,SDRF,False,0.3267543859649122,2.4226006191950535
Cornell,gat,12374,original,-1.0,0.4849924585218702,0.359047619047619,True,SDRF,True,0.359047619047619,0.0
Cornell,gcn,12345,SDRF,0.55,0.3967537443399512,0.2896881496881497,False,SDRF,False,0.3764590964590965,-8.677094677094676
Cornell,gcn,12346,original,-1.0,0.5321428571428571,0.3365659777424484,True,SDRF,True,0.3365659777424484,0.0
Cornell,gcn,12347,SDRF,0.1,0.406073926073926,0.2666666666666666,False,SDRF,False,0.2841408641771618,-1.747419751049517
Cornell,gcn,12348,original,-1.0,0.5142623560014863,0.4081573498964803,True,SDRF,True,0.4081573498964803,0.0
Cornell,gcn,12349,SDRF,0.1,0.4901648351648351,0.3762301587301587,False,SDRF,False,0.360995670995671,1.5234487734487712
Cornell,gcn,12350,SDRF,0.55,0.4054761904761904,0.4056195596518177,False,SDRF,False,0.2774193548387097,12.820020481310795
Cornell,gcn,12351,SDRF,0.55,0.5828817733990148,0.2536531568789633,False,SDRF,False,0.197002997002997,5.665015987596628
Cornell,gcn,12352,original,-1.0,0.4229310344827586,0.2569444444444445,True,SDRF,True,0.2569444444444445,0.0
Cornell,gcn,12353,SDRF,0.1,0.4061904761904761,0.2446428571428571,False,SDRF,False,0.2623655913978495,-1.7722734254992378
Cornell,gcn,12354,SDRF,0.55,0.4302199413489735,0.3703463203463203,False,SDRF,False,0.4611111111111111,-9.076479076479076
Cornell,gcn,12355,SDRF,0.25,0.5354621848739496,0.2748638838475499,False,SDRF,False,0.3066666666666666,-3.1802782819116695
Cornell,gcn,12356,original,-1.0,0.3705707196029776,0.2533333333333333,True,SDRF,True,0.2533333333333333,0.0
Cornell,gcn,12357,SDRF,0.55,0.4926050420168066,0.2706293706293706,False,SDRF,False,0.2815268065268065,-1.0897435897435914
Cornell,gcn,12358,original,-1.0,0.4503448275862068,0.3321428571428571,True,SDRF,True,0.3321428571428571,0.0
Cornell,gcn,12359,original,-1.0,0.4346428571428571,0.319591901801371,True,SDRF,True,0.319591901801371,0.0
Cornell,gcn,12360,original,-1.0,0.3690756302521009,0.3098227752639517,True,SDRF,True,0.3098227752639517,0.0
Cornell,gcn,12361,SDRF,0.4,0.4078970049558285,0.1711827956989247,False,SDRF,False,0.292063492063492,-12.088069636456733
Cornell,gcn,12362,SDRF,0.1,0.4355555555555555,0.3192082771030139,False,SDRF,False,0.4182816014394961,-9.90733243364822
Cornell,gcn,12363,original,-1.0,0.4033660130718954,0.2726373626373626,True,SDRF,True,0.2726373626373626,0.0
Cornell,gcn,12364,SDRF,0.25,0.3920634920634921,0.1917460317460317,False,SDRF,False,0.18,1.17460317460317
Cornell,gcn,12365,SDRF,0.25,0.4775975748389541,0.2422746521476104,False,SDRF,False,0.2636470588235294,-2.1372406675919
Cornell,gcn,12366,original,-1.0,0.4744721944721945,0.4127450980392156,True,SDRF,True,0.4127450980392156,0.0
Cornell,gcn,12367,SDRF,0.4,0.5111111111111111,0.4551082251082251,False,SDRF,False,0.4209523809523809,3.415584415584416
Cornell,gcn,12368,SDRF,0.55,0.504078624078624,0.1658687258687258,False,SDRF,False,0.236078431372549,-7.0209705503823185
Cornell,gcn,12369,SDRF,0.25,0.4852026143790851,0.3262337662337662,False,SDRF,False,0.3992969396195203,-7.306317338575408
Cornell,gcn,12370,SDRF,0.55,0.4595749348690525,0.2192857142857143,False,SDRF,False,0.2269674185463658,-0.7681704260651484
Cornell,gcn,12371,SDRF,0.55,0.4830065359477123,0.3665244559362207,False,SDRF,False,0.4198879551820728,-5.3363499245852095
Cornell,gcn,12372,SDRF,0.55,0.3602288392610973,0.3406393606393606,False,SDRF,False,0.3619576719576719,-2.13183113183113
Cornell,gcn,12373,SDRF,0.4,0.4517653993516062,0.396812865497076,False,SDRF,False,0.2704761904761905,12.633667502088553
Cornell,gcn,12374,SDRF,0.55,0.4919002050580998,0.1954941116231439,False,SDRF,False,0.2342105263157894,-3.87164146926455
Cornell,sage,12345,SDRF,0.4,0.6306926406926407,0.3722222222222222,False,SDRF,False,0.3255417956656347,4.668042655658749
Cornell,sage,12346,SDRF,0.4,0.67,0.519047619047619,False,SDRF,False,0.6088888888888888,-8.984126984126984
Cornell,sage,12347,original,-1.0,0.6804545454545454,0.5593650793650794,True,SDRF,True,0.5593650793650794,0.0
Cornell,sage,12348,original,-1.0,0.6157509157509157,0.5247058823529411,True,SDRF,True,0.5247058823529411,0.0
Cornell,sage,12349,SDRF,0.4,0.572822966507177,0.5434676434676435,False,SDRF,False,0.5268864468864469,1.658119658119661
Cornell,sage,12350,original,-1.0,0.6348387096774194,0.4656565656565656,True,SDRF,True,0.4656565656565656,0.0
Cornell,sage,12351,original,-1.0,0.6653041695146958,0.4860913280268119,True,SDRF,True,0.4860913280268119,0.0
Cornell,sage,12352,SDRF,0.25,0.7180392156862745,0.5028571428571429,False,SDRF,False,0.4807017543859649,2.2155388471177986
Cornell,sage,12353,original,-1.0,0.6233333333333333,0.5318197454420364,True,SDRF,True,0.5318197454420364,0.0
Cornell,sage,12354,original,-1.0,0.6598989898989899,0.4396581196581197,True,SDRF,True,0.4396581196581197,0.0
Cornell,sage,12355,original,-1.0,0.6369815805109923,0.4552631578947368,True,SDRF,True,0.4552631578947368,0.0
Cornell,sage,12356,SDRF,0.4,0.5154545454545454,0.5674126492702344,False,SDRF,False,0.6084848484848485,-4.107219921461414
Cornell,sage,12357,SDRF,0.1,0.573015873015873,0.3507507507507507,False,SDRF,False,0.4505050505050505,-9.975429975429984
Cornell,sage,12358,original,-1.0,0.5918300653594771,0.5165732959850607,True,SDRF,True,0.5165732959850607,0.0
Cornell,sage,12359,SDRF,0.55,0.6823376623376624,0.5312280701754386,False,SDRF,False,0.6178947368421053,-8.666666666666668
Cornell,sage,12360,SDRF,0.55,0.4599954431533379,0.4529323308270676,False,SDRF,False,0.4400668337510442,1.2865497076023358
Cornell,sage,12361,SDRF,0.4,0.5401680672268908,0.4222084623323013,False,SDRF,False,0.4931328320802005,-7.092436974789917
Cornell,sage,12362,SDRF,0.55,0.7216666666666667,0.5114676173499703,False,SDRF,False,0.5504621848739497,-3.899456752397945
Cornell,sage,12363,SDRF,0.25,0.6631720430107527,0.5733333333333334,False,SDRF,False,0.6940724676967562,-12.073913436342288
Cornell,sage,12364,original,-1.0,0.5675184482395108,0.5819047619047619,True,SDRF,True,0.5819047619047619,0.0
Cornell,sage,12365,SDRF,0.4,0.6313725490196079,0.5361904761904761,False,SDRF,False,0.4934502923976608,4.2740183792815305
Cornell,sage,12366,SDRF,0.1,0.739572192513369,0.2976623376623376,False,SDRF,False,0.3031746031746031,-0.5512265512265524
Cornell,sage,12367,SDRF,0.55,0.7973737373737374,0.5906595365418894,False,SDRF,False,0.637511961722488,-4.685242518059862
Cornell,sage,12368,original,-1.0,0.5750877192982455,0.5515722520373684,True,SDRF,True,0.5515722520373684,0.0
Cornell,sage,12369,SDRF,0.1,0.718939393939394,0.54004329004329,False,SDRF,False,0.6608080808080807,-12.076479076479075
Cornell,sage,12370,SDRF,0.55,0.5918614718614719,0.5137529137529138,False,SDRF,False,0.4941558441558441,1.9597069597069638
Cornell,sage,12371,SDRF,0.25,0.6832994032994033,0.4138888888888889,False,SDRF,False,0.4305555555555556,-1.6666666666666663
Cornell,sage,12372,SDRF,0.4,0.6567320261437908,0.5302231237322516,False,SDRF,False,0.556031746031746,-2.5808622299494433
Cornell,sage,12373,original,-1.0,0.4862745098039215,0.4990476190476191,True,SDRF,True,0.4990476190476191,0.0
Cornell,sage,12374,SDRF,0.4,0.6475324675324675,0.661394025604552,False,SDRF,False,0.5618618618618619,9.953216374269003
Minesweeper,gat,12345,original,-1.0,0.7746596726566433,0.7542601483231637,True,SDRF,True,0.7542601483231637,0.0
Minesweeper,gat,12346,SDRF,0.4,0.7393901409531606,0.7466554561706022,False,SDRF,False,0.7592243709144619,-1.2568914743859683
Minesweeper,gat,12347,SDRF,0.1,0.7670481438781884,0.7472408036863281,False,SDRF,False,0.7385441569149247,0.869664677140336
Minesweeper,gat,12348,original,-1.0,0.7722091362299099,0.7583906837886627,True,SDRF,True,0.7583906837886627,0.0
Minesweeper,gat,12349,SDRF,0.4,0.7374358974358974,0.7417153996101364,False,SDRF,False,0.7179982677036445,2.371713190649194
Minesweeper,gat,12350,original,-1.0,0.7586168978133373,0.7450414423546428,True,SDRF,True,0.7450414423546428,0.0
Minesweeper,gat,12351,SDRF,0.25,0.7434425178043106,0.7480072404256266,False,SDRF,False,0.7559898633807642,-0.798262295513763
Minesweeper,gat,12352,SDRF,0.4,0.7537796423729247,0.7525265699513748,False,SDRF,False,0.7383205519834234,1.42060179679514
Minesweeper,gat,12353,original,-1.0,0.7673639544405568,0.7523990031112244,True,SDRF,True,0.7523990031112244,0.0
Minesweeper,gat,12354,SDRF,0.55,0.7718730268466782,0.7776502903910449,False,SDRF,False,0.7683152290470086,0.9335061344036388
Minesweeper,gat,12355,SDRF,0.1,0.7463917432397549,0.7470987556575261,False,SDRF,False,0.7543155054492893,-0.7216749791763122
Minesweeper,gat,12356,SDRF,0.55,0.7543155054492893,0.7538011904903724,False,SDRF,False,0.7509410550554492,0.286013543492325
Minesweeper,gat,12357,SDRF,0.4,0.7458353616245859,0.7465168378868072,False,SDRF,False,0.7118750117210609,3.4641826165746292
Minesweeper,gat,12358,SDRF,0.55,0.7540170946255108,0.7494072287661409,False,SDRF,False,0.7357643017571673,1.3642927008973516
Minesweeper,gat,12359,SDRF,0.25,0.7536615593223295,0.7218281454282456,False,SDRF,False,0.7292123227285322,-0.7384177300286621
Minesweeper,gat,12360,SDRF,0.4,0.7563219231073828,0.7474890055771993,False,SDRF,False,0.7327530687287591,1.4735936848440212
Minesweeper,gat,12361,original,-1.0,0.7679090002087382,0.749118628155073,True,SDRF,True,0.749118628155073,0.0
Minesweeper,gat,12362,SDRF,0.1,0.7722425739038153,0.7538461538461538,False,SDRF,False,0.7632769614885859,-0.9430807642432093
Minesweeper,gat,12363,SDRF,0.4,0.7619265128047548,0.7503018502948967,False,SDRF,False,0.7528551924975173,-0.2553342202620601
Minesweeper,gat,12364,SDRF,0.25,0.7556976879869217,0.7513092098101932,False,SDRF,False,0.7459859305328147,0.5323279277378523
Minesweeper,gat,12365,SDRF,0.4,0.7374713170798171,0.7379744042365401,False,SDRF,False,0.7279097854173688,1.0064618819171312
Minesweeper,gat,12366,SDRF,0.55,0.7424758571116041,0.7609855281254736,False,SDRF,False,0.7572719346912895,0.37135934341840926
Minesweeper,gat,12367,SDRF,0.55,0.7646413334468504,0.74095265796207,False,SDRF,False,0.7400886717316242,0.08639862304458124
Minesweeper,gat,12368,SDRF,0.1,0.7597550231463986,0.7543155054492893,False,SDRF,False,0.7526233431516937,0.1692162297595612
Minesweeper,gat,12369,original,-1.0,0.7460321581708473,0.7454346472674025,True,SDRF,True,0.7454346472674025,0.0
Minesweeper,gat,12370,SDRF,0.25,0.7785547785547786,0.7531613690871307,False,SDRF,False,0.7549953314659197,-0.1833962378788967
Minesweeper,gat,12371,original,-1.0,0.7665703103016039,0.7592699569295779,True,SDRF,True,0.7592699569295779,0.0
Minesweeper,gat,12372,SDRF,0.25,0.7631491171872256,0.7493485222366755,False,SDRF,False,0.7481527453599393,0.11957768767362209
Minesweeper,gat,12373,SDRF,0.4,0.7675968638731517,0.750791520115089,False,SDRF,False,0.7455444142133267,0.524710590176225
Minesweeper,gat,12374,SDRF,0.1,0.7514956281638288,0.7741943850687563,False,SDRF,False,0.7791116693250321,-0.49172842562758
Minesweeper,gcn,12345,SDRF,0.55,0.6241770582938229,0.6371183722042814,False,SDRF,False,0.618608526280828,1.8509845923453394
Minesweeper,gcn,12346,SDRF,0.25,0.5974513911733643,0.6155205482085476,False,SDRF,False,0.592149053664113,2.3371494544434657
Minesweeper,gcn,12347,SDRF,0.1,0.6099780996793547,0.6215786992233058,False,SDRF,False,0.6172353652897352,0.4343333933570559
Minesweeper,gcn,12348,original,-1.0,0.6075124012659721,0.6155473234090234,True,SDRF,True,0.6155473234090234,0.0
Minesweeper,gcn,12349,SDRF,0.1,0.5779833603364346,0.5734587024071425,False,SDRF,False,0.5734587024071425,0.0
Minesweeper,gcn,12350,SDRF,0.4,0.5567065630759899,0.5530087758555471,False,SDRF,False,0.5505166876134618,0.24920882420852442
Minesweeper,gcn,12351,SDRF,0.55,0.5651155963417566,0.5826086956521739,False,SDRF,False,0.5614264767490573,2.1182218903116556
Minesweeper,gcn,12352,SDRF,0.25,0.5914892240115354,0.5695640757546179,False,SDRF,False,0.571668896900072,-0.21048211454541832
Minesweeper,gcn,12353,SDRF,0.55,0.5852731126971967,0.599768771257793,False,SDRF,False,0.6002588154787917,-0.04900442209986311
Minesweeper,gcn,12354,original,-1.0,0.5692832880872037,0.5712934748345067,True,SDRF,True,0.5712934748345067,0.0
Minesweeper,gcn,12355,SDRF,0.55,0.6168812664884833,0.6025042233926264,False,SDRF,False,0.5965254014214267,0.5978821971199699
Minesweeper,gcn,12356,SDRF,0.25,0.5789492815632795,0.5757957541397032,False,SDRF,False,0.5707261232666441,0.5069630873059117
Minesweeper,gcn,12357,SDRF,0.1,0.5906629318394024,0.6077694459855277,False,SDRF,False,0.6104368301677718,-0.26673841822441036
Minesweeper,gcn,12358,SDRF,0.55,0.6114400712101862,0.5983625297598232,False,SDRF,False,0.6043990822058707,-0.6036552446047505
Minesweeper,gcn,12359,SDRF,0.4,0.6001027082052385,0.5602998078848391,False,SDRF,False,0.5539073325198702,0.6392475364968897
Minesweeper,gcn,12360,original,-1.0,0.5708401900352364,0.564882647948354,True,SDRF,True,0.564882647948354,0.0
Minesweeper,gcn,12361,SDRF,0.25,0.5760873430776343,0.577042014672942,False,SDRF,False,0.581151832460733,-0.4109817787790959
Minesweeper,gcn,12362,SDRF,0.55,0.5673714632068096,0.5489739156581223,False,SDRF,False,0.5489739156581223,0.0
Minesweeper,gcn,12363,SDRF,0.55,0.601383337273682,0.5774665731203683,False,SDRF,False,0.5877897285243475,-1.0323155403979212
Minesweeper,gcn,12364,SDRF,0.1,0.5783067305664936,0.5957969765613846,False,SDRF,False,0.5948946381288615,0.09023384325231865
Minesweeper,gcn,12365,SDRF,0.55,0.5666656724363913,0.5581087052585064,False,SDRF,False,0.5615338074034387,-0.34251021449323016
Minesweeper,gcn,12366,SDRF,0.55,0.5914892240115354,0.5651989265469312,False,SDRF,False,0.5588145459975429,0.638438054938828
Minesweeper,gcn,12367,SDRF,0.1,0.6073297009522798,0.5940488913161226,False,SDRF,False,0.5779548770905826,1.609401422554002
Minesweeper,gcn,12368,original,-1.0,0.6252713569033235,0.6042039144459895,True,SDRF,True,0.6042039144459895,0.0
Minesweeper,gcn,12369,SDRF,0.25,0.5673692869954552,0.5582199893716693,False,SDRF,False,0.5540484643755816,0.4171524996087639
Minesweeper,gcn,12370,original,-1.0,0.6242949660221759,0.6037381492198743,True,SDRF,True,0.6037381492198743,0.0
Minesweeper,gcn,12371,SDRF,0.25,0.5949812140222674,0.5591200554990048,False,SDRF,False,0.5640399536980365,-0.49198981990317137
Minesweeper,gcn,12372,SDRF,0.55,0.5826824062928682,0.6112530620101608,False,SDRF,False,0.6014592241007335,0.9793837909427339
Minesweeper,gcn,12373,SDRF,0.55,0.5773355036563705,0.5724688971122649,False,SDRF,False,0.5673692869954552,0.5099610116809705
Minesweeper,gcn,12374,SDRF,0.4,0.590215372930829,0.6190236089168193,False,SDRF,False,0.6223020105966572,-0.327840167983795
Minesweeper,sage,12345,original,-1.0,0.8130593169318054,0.8105951165642596,True,SDRF,True,0.8105951165642596,0.0
Minesweeper,sage,12346,original,-1.0,0.7944879505040454,0.8226993714998411,True,SDRF,True,0.8226993714998411,0.0
Minesweeper,sage,12347,original,-1.0,0.8136879660573348,0.8217356493355812,True,SDRF,True,0.8217356493355812,0.0
Minesweeper,sage,12348,SDRF,0.25,0.8237676602739555,0.799461376851001,False,SDRF,False,0.8031671562401221,-0.3705779389121089
Minesweeper,sage,12349,SDRF,0.1,0.8186795396344155,0.7919621674035004,False,SDRF,False,0.79515048667701,-0.3188319273509599
Minesweeper,sage,12350,original,-1.0,0.818218740173986,0.7957085725585948,True,SDRF,True,0.7957085725585948,0.0
Minesweeper,sage,12351,SDRF,0.4,0.8074313280700538,0.7882306831614947,False,SDRF,False,0.795347243374962,-0.7116560213467293
Minesweeper,sage,12352,original,-1.0,0.813186844024244,0.8086892355395771,True,SDRF,True,0.8086892355395771,0.0
Minesweeper,sage,12353,original,-1.0,0.8170612393290547,0.8101301680194892,True,SDRF,True,0.8101301680194892,0.0
Minesweeper,sage,12354,SDRF,0.55,0.8056608226099751,0.8196010296371455,False,SDRF,False,0.8084594858788408,1.1141543758304784
Minesweeper,sage,12355,original,-1.0,0.8136862181734386,0.8048959683262074,True,SDRF,True,0.8048959683262074,0.0
Minesweeper,sage,12356,original,-1.0,0.8069588574170543,0.8109649055160677,True,SDRF,True,0.8109649055160677,0.0
Minesweeper,sage,12357,SDRF,0.25,0.821753422072169,0.7979585766785436,False,SDRF,False,0.806008035775016,-0.8049459096472367
Minesweeper,sage,12358,original,-1.0,0.7995066913651176,0.8097388145608964,True,SDRF,True,0.8097388145608964,0.0
Minesweeper,sage,12359,original,-1.0,0.8116426627812128,0.8163728632478633,True,SDRF,True,0.8163728632478633,0.0
Minesweeper,sage,12360,SDRF,0.4,0.8182481361097382,0.8016497923754677,False,SDRF,False,0.7977386190974209,0.3911173278046798
Minesweeper,sage,12361,original,-1.0,0.8202258733491278,0.7937293729372937,True,SDRF,True,0.7937293729372937,0.0
Minesweeper,sage,12362,original,-1.0,0.8225793062362561,0.8135533883470868,True,SDRF,True,0.8135533883470868,0.0
Minesweeper,sage,12363,original,-1.0,0.8260509073131034,0.8075549315203467,True,SDRF,True,0.8075549315203467,0.0
Minesweeper,sage,12364,SDRF,0.4,0.8334360736990891,0.8024539954864689,False,SDRF,False,0.8026474598607767,-0.01934643743077835
Minesweeper,sage,12365,original,-1.0,0.8192671198806168,0.8128022989901442,True,SDRF,True,0.8128022989901442,0.0
Minesweeper,sage,12366,original,-1.0,0.818066612714007,0.8308543927592914,True,SDRF,True,0.8308543927592914,0.0
Minesweeper,sage,12367,SDRF,0.55,0.8002247687558457,0.774891774891775,False,SDRF,False,0.777864163936247,-0.2972389044472057
Minesweeper,sage,12368,original,-1.0,0.8049694611223219,0.8032254028716945,True,SDRF,True,0.8032254028716945,0.0
Minesweeper,sage,12369,SDRF,0.1,0.8120518867539073,0.8149326706468265,False,SDRF,False,0.8223786184072723,-0.7445947760445826
Minesweeper,sage,12370,SDRF,0.55,0.8232202580028667,0.8056846587225026,False,SDRF,False,0.7880390519489892,1.7645606773513456
Minesweeper,sage,12371,SDRF,0.25,0.8154410775314147,0.819144075540664,False,SDRF,False,0.8226588193194215,-0.351474377875749
Minesweeper,sage,12372,original,-1.0,0.8123402565820492,0.8289924329151566,True,SDRF,True,0.8289924329151566,0.0
Minesweeper,sage,12373,original,-1.0,0.8193795812327962,0.7889539791767926,True,SDRF,True,0.7889539791767926,0.0
Minesweeper,sage,12374,original,-1.0,0.808656265095766,0.8173303920430357,True,SDRF,True,0.8173303920430357,0.0
Pubmed,gat,12345,original,-1.0,0.8799475285526843,0.8696124631374186,True,SDRF,True,0.8696124631374186,0.0
Pubmed,gat,12346,original,-1.0,0.8697608264340712,0.8696019536844414,True,SDRF,True,0.8696019536844414,0.0
Pubmed,gat,12347,original,-1.0,0.8712160951052837,0.8585474241356783,True,SDRF,True,0.8585474241356783,0.0
Pubmed,gat,12348,original,-1.0,0.8734983191585295,0.8670288693452974,True,SDRF,True,0.8670288693452974,0.0
Pubmed,gat,12349,original,-1.0,0.8698599397810821,0.8563550074881685,True,SDRF,True,0.8563550074881685,0.0
Pubmed,gat,12350,original,-1.0,0.8665911770445239,0.8567976921784727,True,SDRF,True,0.8567976921784727,0.0
Pubmed,gat,12351,original,-1.0,0.8685335550751908,0.8675838600958228,True,SDRF,True,0.8675838600958228,0.0
Pubmed,gat,12352,SDRF,0.25,0.8695803184413573,0.8644407029897713,False,SDRF,False,0.8684221119179338,-0.39814089281625664
Pubmed,gat,12353,original,-1.0,0.8673461706792005,0.8679989608598251,True,SDRF,True,0.8679989608598251,0.0
Pubmed,gat,12354,original,-1.0,0.87621871260456,0.8526942717901669,True,SDRF,True,0.8526942717901669,0.0
Pubmed,gat,12355,original,-1.0,0.8648331551899838,0.8654299679444585,True,SDRF,True,0.8654299679444585,0.0
Pubmed,gat,12356,original,-1.0,0.8649424786080395,0.8623062216520774,True,SDRF,True,0.8623062216520774,0.0
Pubmed,gat,12357,SDRF,0.25,0.8662527115445404,0.8612053817220744,False,SDRF,False,0.8682981705416601,-0.7092788819585749
Pubmed,gat,12358,original,-1.0,0.8630460268262589,0.8641488249783956,True,SDRF,True,0.8641488249783956,0.0
Pubmed,gat,12359,original,-1.0,0.8811430348110791,0.8559767966477411,True,SDRF,True,0.8559767966477411,0.0
Pubmed,gat,12360,original,-1.0,0.8774994607574053,0.8568530046647496,True,SDRF,True,0.8568530046647496,0.0
Pubmed,gat,12361,original,-1.0,0.8744935021092465,0.8735080114817277,True,SDRF,True,0.8735080114817277,0.0
Pubmed,gat,12362,original,-1.0,0.8715617679309858,0.8691815076153465,True,SDRF,True,0.8691815076153465,0.0
Pubmed,gat,12363,original,-1.0,0.8739024211083262,0.8587759214283673,True,SDRF,True,0.8587759214283673,0.0
Pubmed,gat,12364,SDRF,0.1,0.87099988177612,0.8550033183077849,False,SDRF,False,0.8592737136206975,-0.42703953129126226
Pubmed,gat,12365,SDRF,0.25,0.8624596139293286,0.845018434085664,False,SDRF,False,0.8518651614392251,-0.6846727353561066
Pubmed,gat,12366,SDRF,0.1,0.8696725260812067,0.8647440462061872,False,SDRF,False,0.8662163840934382,-0.1472337887250985
Pubmed,gat,12367,original,-1.0,0.8739098866943794,0.8597342718757873,True,SDRF,True,0.8597342718757873,0.0
Pubmed,gat,12368,original,-1.0,0.866133427929281,0.8681914145505066,True,SDRF,True,0.8681914145505066,0.0
Pubmed,gat,12369,original,-1.0,0.8688348327082468,0.8733125817770131,True,SDRF,True,0.8733125817770131,0.0
Pubmed,gat,12370,original,-1.0,0.8691094625820961,0.8648335780959572,True,SDRF,True,0.8648335780959572,0.0
Pubmed,gat,12371,original,-1.0,0.8614425705945209,0.8723753596570548,True,SDRF,True,0.8723753596570548,0.0
Pubmed,gat,12372,original,-1.0,0.8675821838637443,0.8698665845284941,True,SDRF,True,0.8698665845284941,0.0
Pubmed,gat,12373,original,-1.0,0.8732388092737967,0.8569376008680999,True,SDRF,True,0.8569376008680999,0.0
Pubmed,gat,12374,original,-1.0,0.8664842844585886,0.8696783591609668,True,SDRF,True,0.8696783591609668,0.0
Pubmed,gcn,12345,original,-1.0,0.8771037766184847,0.8653636225672378,True,SDRF,True,0.8653636225672378,0.0
Pubmed,gcn,12346,original,-1.0,0.868208729233321,0.8654084650793771,True,SDRF,True,0.8654084650793771,0.0
Pubmed,gcn,12347,SDRF,0.25,0.8714536143663644,0.8576797672031696,False,SDRF,False,0.8619962781569983,-0.43165109538286783
Pubmed,gcn,12348,original,-1.0,0.8788117350082428,0.8678237924683231,True,SDRF,True,0.8678237924683231,0.0
Pubmed,gcn,12349,original,-1.0,0.8754064439533046,0.8616574941302512,True,SDRF,True,0.8616574941302512,0.0
Pubmed,gcn,12350,original,-1.0,0.8723837755212142,0.8575337421962744,True,SDRF,True,0.8575337421962744,0.0
Pubmed,gcn,12351,original,-1.0,0.8642667362131559,0.8608016797318868,True,SDRF,True,0.8608016797318868,0.0
Pubmed,gcn,12352,original,-1.0,0.8758757262825583,0.866870657115617,True,SDRF,True,0.866870657115617,0.0
Pubmed,gcn,12353,original,-1.0,0.8670793714307572,0.8739605500543721,True,SDRF,True,0.8739605500543721,0.0
Pubmed,gcn,12354,original,-1.0,0.8804249544855153,0.8544759620982231,True,SDRF,True,0.8544759620982231,0.0
Pubmed,gcn,12355,original,-1.0,0.8651735339005541,0.8663961103111149,True,SDRF,True,0.8663961103111149,0.0
Pubmed,gcn,12356,original,-1.0,0.867939721403967,0.8706651727509699,True,SDRF,True,0.8706651727509699,0.0
Pubmed,gcn,12357,original,-1.0,0.8724317985165085,0.8673418294618257,True,SDRF,True,0.8673418294618257,0.0
Pubmed,gcn,12358,original,-1.0,0.8621299489387942,0.8622340565564555,True,SDRF,True,0.8622340565564555,0.0
Pubmed,gcn,12359,original,-1.0,0.880799545648497,0.8591979383457106,True,SDRF,True,0.8591979383457106,0.0
Pubmed,gcn,12360,original,-1.0,0.875307771804032,0.8585948724015285,True,SDRF,True,0.8585948724015285,0.0
Pubmed,gcn,12361,original,-1.0,0.8755245160726256,0.8678472184443121,True,SDRF,True,0.8678472184443121,0.0
Pubmed,gcn,12362,original,-1.0,0.8725335811952225,0.8700816932770913,True,SDRF,True,0.8700816932770913,0.0
Pubmed,gcn,12363,original,-1.0,0.8771799674210646,0.8616264106648592,True,SDRF,True,0.8616264106648592,0.0
Pubmed,gcn,12364,original,-1.0,0.8757997397656324,0.8640974611803777,True,SDRF,True,0.8640974611803777,0.0
Pubmed,gcn,12365,original,-1.0,0.8634235613383633,0.8558306682825293,True,SDRF,True,0.8558306682825293,0.0
Pubmed,gcn,12366,original,-1.0,0.873156072123952,0.8677959930532867,True,SDRF,True,0.8677959930532867,0.0
Pubmed,gcn,12367,original,-1.0,0.8688397214623028,0.8683147589886171,True,SDRF,True,0.8683147589886171,0.0
Pubmed,gcn,12368,original,-1.0,0.8732624431233177,0.8642550906042579,True,SDRF,True,0.8642550906042579,0.0
Pubmed,gcn,12369,original,-1.0,0.8691571602157312,0.8732031586702406,True,SDRF,True,0.8732031586702406,0.0
Pubmed,gcn,12370,original,-1.0,0.8694821967658345,0.8675041180717328,True,SDRF,True,0.8675041180717328,0.0
Pubmed,gcn,12371,original,-1.0,0.8678438320065779,0.875776668190786,True,SDRF,True,0.875776668190786,0.0
Pubmed,gcn,12372,original,-1.0,0.8632714816231563,0.8737555551036845,True,SDRF,True,0.8737555551036845,0.0
Pubmed,gcn,12373,original,-1.0,0.8740761584105528,0.8626467888314299,True,SDRF,True,0.8626467888314299,0.0
Pubmed,gcn,12374,SDRF,0.1,0.8671501721711796,0.863380765118792,False,SDRF,False,0.8646971852736559,-0.13164201548638843
Pubmed,sage,12345,SDRF,0.55,0.8967163091514463,0.8871068525381394,False,SDRF,False,0.8882825145327282,-0.11756619945888502
Pubmed,sage,12346,SDRF,0.1,0.8962494128948918,0.9008123868077128,False,SDRF,False,0.8975930209456205,0.32193658620922605
Pubmed,sage,12347,original,-1.0,0.8992311185079419,0.8877965274693946,True,SDRF,True,0.8877965274693946,0.0
Pubmed,sage,12348,SDRF,0.55,0.901699223197846,0.8893865532087509,False,SDRF,False,0.8883493191050441,0.10372341037068189
Pubmed,sage,12349,original,-1.0,0.8935634353622453,0.886058887680159,True,SDRF,True,0.886058887680159,0.0
Pubmed,sage,12350,original,-1.0,0.8916549826383461,0.8781642427326082,True,SDRF,True,0.8781642427326082,0.0
Pubmed,sage,12351,original,-1.0,0.8907092545429259,0.8879951704753419,True,SDRF,True,0.8879951704753419,0.0
Pubmed,sage,12352,original,-1.0,0.8992662691600621,0.893095752772497,True,SDRF,True,0.893095752772497,0.0
Pubmed,sage,12353,original,-1.0,0.8906575297078413,0.8899994700405492,True,SDRF,True,0.8899994700405492,0.0
Pubmed,sage,12354,SDRF,0.1,0.9010863495983584,0.8743839819279389,False,SDRF,False,0.8764819734705025,-0.20979915425636264
Pubmed,sage,12355,SDRF,0.4,0.8858382089189026,0.8897767086154226,False,SDRF,False,0.8875837703268727,0.21929382885498283
Pubmed,sage,12356,original,-1.0,0.8841664577654941,0.8946364238180856,True,SDRF,True,0.8946364238180856,0.0
Pubmed,sage,12357,SDRF,0.4,0.8922489644891357,0.8888237547414161,False,SDRF,False,0.8904548513930249,-0.16310966516088765
Pubmed,sage,12358,SDRF,0.25,0.8985276255021478,0.8849667108765426,False,SDRF,False,0.8865506542913915,-0.15839434148489095
Pubmed,sage,12359,SDRF,0.4,0.9055940972407044,0.8811961875892623,False,SDRF,False,0.882489621150275,-0.12934335610126357
Pubmed,sage,12360,SDRF,0.25,0.8962315323102285,0.8877341349950588,False,SDRF,False,0.8856974423235026,0.20366926715562617
Pubmed,sage,12361,SDRF,0.1,0.8991978843802669,0.8950220848255827,False,SDRF,False,0.8959279174181253,-0.09058325925426214
Pubmed,sage,12362,SDRF,0.25,0.8975511348329884,0.8933678939862381,False,SDRF,False,0.8946377758705428,-0.12698818843047688
Pubmed,sage,12363,original,-1.0,0.9014561741768512,0.8936048931827795,True,SDRF,True,0.8936048931827795,0.0
Pubmed,sage,12364,original,-1.0,0.8972662071006713,0.8862638993506368,True,SDRF,True,0.8862638993506368,0.0
Pubmed,sage,12365,SDRF,0.55,0.893484238250016,0.8784867769405152,False,SDRF,False,0.8845477018370876,-0.6060924896572395
Pubmed,sage,12366,SDRF,0.1,0.8919581439938488,0.898822972832229,False,SDRF,False,0.8990466004354986,-0.022362760326954945
Pubmed,sage,12367,SDRF,0.55,0.900884264770438,0.8864483760496426,False,SDRF,False,0.8888266355272144,-0.23782594775718646
Pubmed,sage,12368,SDRF,0.25,0.8976810916817154,0.8899003369065192,False,SDRF,False,0.8889963841219274,0.09039527845917661
Pubmed,sage,12369,SDRF,0.1,0.8966423379723061,0.8943849400593095,False,SDRF,False,0.8963945896848552,-0.20096496255457286
Pubmed,sage,12370,SDRF,0.1,0.8920408633461561,0.8942047371906444,False,SDRF,False,0.8951397686609397,-0.09350314702952778
Pubmed,sage,12371,SDRF,0.1,0.8965560011203145,0.8972670401838773,False,SDRF,False,0.8958264461298496,0.1440594054027633
Pubmed,sage,12372,SDRF,0.1,0.8875627473075073,0.895021364298577,False,SDRF,False,0.8911084452589856,0.3912919039591456
Pubmed,sage,12373,SDRF,0.25,0.89563739268806,0.8880499277232256,False,SDRF,False,0.8877662067961731,0.028372092705242213
Pubmed,sage,12374,original,-1.0,0.8942825338370018,0.8887950371207136,True,SDRF,True,0.8887950371207136,0.0
Roman-Empire,gat,12345,SDRF,0.4,0.3868047366023122,0.3849585089510488,False,SDRF,False,0.3834159013045715,0.15426076464772898
Roman-Empire,gat,12346,original,-1.0,0.3963722167118126,0.3853546419213217,True,SDRF,True,0.3853546419213217,0.0
Roman-Empire,gat,12347,original,-1.0,0.3963847402648063,0.3774689355208303,True,SDRF,True,0.3774689355208303,0.0
Roman-Empire,gat,12348,SDRF,0.4,0.3893642035034407,0.3909274716738684,False,SDRF,False,0.3905150494555038,0.041242221836457205
Roman-Empire,gat,12349,original,-1.0,0.3959376874339002,0.3853961357230507,True,SDRF,True,0.3853961357230507,0.0
Roman-Empire,gat,12350,SDRF,0.55,0.3843846444017387,0.3904826425158701,False,SDRF,False,0.3870732726667591,0.3409369849110999
Roman-Empire,gat,12351,SDRF,0.4,0.3924844640092354,0.3881829422106578,False,SDRF,False,0.3972726174111176,-0.9089675200459779
Roman-Empire,gat,12352,original,-1.0,0.3888451039501761,0.3901272292123672,True,SDRF,True,0.3901272292123672,0.0
Roman-Empire,gat,12353,SDRF,0.25,0.4038917875168099,0.3830421526902699,False,SDRF,False,0.3835655323854948,-0.052337969522486816
Roman-Empire,gat,12354,SDRF,0.1,0.3902197953650454,0.3755146157653631,False,SDRF,False,0.382189259029522,-0.6674643264158897
Roman-Empire,gat,12355,SDRF,0.1,0.3916473051535891,0.3831244088254941,False,SDRF,False,0.3875941459755181,-0.44697371500240224
Roman-Empire,gat,12356,original,-1.0,0.40516222327861,0.3789006151334265,True,SDRF,True,0.3789006151334265,0.0
Roman-Empire,gat,12357,original,-1.0,0.3831216110701125,0.3845348986716166,True,SDRF,True,0.3845348986716166,0.0
Roman-Empire,gat,12358,original,-1.0,0.3852141199047931,0.3797408935007794,True,SDRF,True,0.3797408935007794,0.0
Roman-Empire,gat,12359,original,-1.0,0.392137790302808,0.3968070274728974,True,SDRF,True,0.3968070274728974,0.0
Roman-Empire,gat,12360,SDRF,0.4,0.3991802462070762,0.3830884633103358,False,SDRF,False,0.394963303128126,-1.1874839817790195
Roman-Empire,gat,12361,original,-1.0,0.3870633548028602,0.3892087392221579,True,SDRF,True,0.3892087392221579,0.0
Roman-Empire,gat,12362,original,-1.0,0.3785394513058525,0.3943310915326081,True,SDRF,True,0.3943310915326081,0.0
Roman-Empire,gat,12363,SDRF,0.25,0.4022687141032659,0.3985482083250267,False,SDRF,False,0.3958951846085705,0.2653023716456204
Roman-Empire,gat,12364,SDRF,0.1,0.3750378863933559,0.3729462202505054,False,SDRF,False,0.3789531592559068,-0.600693900540139
Roman-Empire,gat,12365,original,-1.0,0.412259805644953,0.3857449746219379,True,SDRF,True,0.3857449746219379,0.0
Roman-Empire,gat,12366,original,-1.0,0.4060262252966121,0.4020906405344073,True,SDRF,True,0.4020906405344073,0.0
Roman-Empire,gat,12367,original,-1.0,0.3955565072435809,0.391616184181574,True,SDRF,True,0.391616184181574,0.0
Roman-Empire,gat,12368,SDRF,0.25,0.4158349425792264,0.3975221280304452,False,SDRF,False,0.4070139362437729,-0.9491808213327735
Roman-Empire,gat,12369,original,-1.0,0.3889207349903445,0.4170811854963826,True,SDRF,True,0.4170811854963826,0.0
Roman-Empire,gat,12370,SDRF,0.1,0.4084000722502192,0.4028831517674184,False,SDRF,False,0.4044346513482883,-0.15514995808699195
Roman-Empire,gat,12371,SDRF,0.55,0.3816754537294488,0.3912470911606571,False,SDRF,False,0.3964197339838731,-0.5172642823216
Roman-Empire,gat,12372,SDRF,0.4,0.4179500911188413,0.3724835614943593,False,SDRF,False,0.3811619234901411,-0.8678361995781814
Roman-Empire,gat,12373,original,-1.0,0.3923819404283671,0.4035471916255081,True,SDRF,True,0.4035471916255081,0.0
Roman-Empire,gat,12374,original,-1.0,0.4019463155812001,0.385646461987416,True,SDRF,True,0.385646461987416,0.0
Roman-Empire,gcn,12345,original,-1.0,0.364287708759924,0.3797915042198776,True,SDRF,True,0.3797915042198776,0.0
Roman-Empire,gcn,12346,original,-1.0,0.3688474192739763,0.3848648179200943,True,SDRF,True,0.3848648179200943,0.0
Roman-Empire,gcn,12347,original,-1.0,0.372552799336269,0.3609314328080808,True,SDRF,True,0.3609314328080808,0.0
Roman-Empire,gcn,12348,SDRF,0.55,0.3611189118177048,0.3523869193255059,False,SDRF,False,0.357454313638684,-0.5067394313178097
Roman-Empire,gcn,12349,original,-1.0,0.386781360305691,0.3658991508925144,True,SDRF,True,0.3658991508925144,0.0
Roman-Empire,gcn,12350,original,-1.0,0.373440563646769,0.382223810041146,True,SDRF,True,0.382223810041146,0.0
Roman-Empire,gcn,12351,original,-1.0,0.3851079095487266,0.3764803895696152,True,SDRF,True,0.3764803895696152,0.0
Roman-Empire,gcn,12352,original,-1.0,0.368234538172445,0.3671829310855744,True,SDRF,True,0.3671829310855744,0.0
Roman-Empire,gcn,12353,original,-1.0,0.3588786217722958,0.3617195978351814,True,SDRF,True,0.3617195978351814,0.0
Roman-Empire,gcn,12354,original,-1.0,0.3753647379738064,0.3744876816585087,True,SDRF,True,0.3744876816585087,0.0
Roman-Empire,gcn,12355,original,-1.0,0.3734905289913425,0.3668600173595022,True,SDRF,True,0.3668600173595022,0.0
Roman-Empire,gcn,12356,original,-1.0,0.3708834570687839,0.3780776020767331,True,SDRF,True,0.3780776020767331,0.0
Roman-Empire,gcn,12357,original,-1.0,0.3673814827064133,0.3500260170035806,True,SDRF,True,0.3500260170035806,0.0
Roman-Empire,gcn,12358,original,-1.0,0.3685545697231346,0.3679561478041291,True,SDRF,True,0.3679561478041291,0.0
Roman-Empire,gcn,12359,SDRF,0.25,0.3666173080853366,0.3791801183620437,False,SDRF,False,0.3932922527279218,-1.4112134365878104
Roman-Empire,gcn,12360,SDRF,0.55,0.3715691235618402,0.3630079450121304,False,SDRF,False,0.3718782356972048,-0.8870290685074389
Roman-Empire,gcn,12361,original,-1.0,0.3518200478532824,0.3504845372841351,True,SDRF,True,0.3504845372841351,0.0
Roman-Empire,gcn,12362,original,-1.0,0.3663183463533914,0.3755941663409624,True,SDRF,True,0.3755941663409624,0.0
Roman-Empire,gcn,12363,original,-1.0,0.3701889860138559,0.3641479292906113,True,SDRF,True,0.3641479292906113,0.0
Roman-Empire,gcn,12364,original,-1.0,0.3649178810579198,0.3608789343946665,True,SDRF,True,0.3608789343946665,0.0
Roman-Empire,gcn,12365,original,-1.0,0.3696745648552495,0.3516676171524439,True,SDRF,True,0.3516676171524439,0.0
Roman-Empire,gcn,12366,original,-1.0,0.3817679104759543,0.3746399052225362,True,SDRF,True,0.3746399052225362,0.0
Roman-Empire,gcn,12367,original,-1.0,0.370394389911054,0.3638100564472095,True,SDRF,True,0.3638100564472095,0.0
Roman-Empire,gcn,12368,original,-1.0,0.3873712646435858,0.3711875030249443,True,SDRF,True,0.3711875030249443,0.0
Roman-Empire,gcn,12369,original,-1.0,0.3689693120987625,0.3764242108443318,True,SDRF,True,0.3764242108443318,0.0
Roman-Empire,gcn,12370,original,-1.0,0.3716271214604656,0.3775663663872755,True,SDRF,True,0.3775663663872755,0.0
Roman-Empire,gcn,12371,original,-1.0,0.3484142470674865,0.3669000015418039,True,SDRF,True,0.3669000015418039,0.0
Roman-Empire,gcn,12372,original,-1.0,0.3811027913105633,0.3687560786036412,True,SDRF,True,0.3687560786036412,0.0
Roman-Empire,gcn,12373,original,-1.0,0.3662850902654624,0.3692434286650656,True,SDRF,True,0.3692434286650656,0.0
Roman-Empire,gcn,12374,original,-1.0,0.3780509883785485,0.3740502622115924,True,SDRF,True,0.3740502622115924,0.0
Roman-Empire,sage,12345,original,-1.0,0.8013603565248975,0.7980430309729111,True,SDRF,True,0.7980430309729111,0.0
Roman-Empire,sage,12346,original,-1.0,0.7888977330151271,0.8064580455993329,True,SDRF,True,0.8064580455993329,0.0
Roman-Empire,sage,12347,SDRF,0.55,0.7890807469001202,0.7768158582532991,False,SDRF,False,0.7868581187866603,-1.0042260533361214
Roman-Empire,sage,12348,original,-1.0,0.7942725610031063,0.7850087236772808,True,SDRF,True,0.7850087236772808,0.0
Roman-Empire,sage,12349,SDRF,0.1,0.7967474927597675,0.7762334072094457,False,SDRF,False,0.7810943801684351,-0.48609729589894624
Roman-Empire,sage,12350,original,-1.0,0.7813888968966206,0.7905994381396124,True,SDRF,True,0.7905994381396124,0.0
Roman-Empire,sage,12351,SDRF,0.25,0.7989964974962495,0.7896048459242972,False,SDRF,False,0.794162508810267,-0.45576628859697044
Roman-Empire,sage,12352,SDRF,0.4,0.7952067272833023,0.7882918222928734,False,SDRF,False,0.7906027523488782,-0.23109300560048007
Roman-Empire,sage,12353,SDRF,0.1,0.7939403814673006,0.7883272637333465,False,SDRF,False,0.7884971190021417,-0.016985526879520485
Roman-Empire,sage,12354,original,-1.0,0.7824807010700481,0.795200393834356,True,SDRF,True,0.795200393834356,0.0
Roman-Empire,sage,12355,SDRF,0.4,0.7981864250427656,0.7751627839426563,False,SDRF,False,0.778269456454779,-0.310667251212271
Roman-Empire,sage,12356,original,-1.0,0.8038286906873507,0.7826913692239852,True,SDRF,True,0.7826913692239852,0.0
Roman-Empire,sage,12357,original,-1.0,0.8000380069528878,0.7893385539934046,True,SDRF,True,0.7893385539934046,0.0
Roman-Empire,sage,12358,original,-1.0,0.7909844012725263,0.8056782114603901,True,SDRF,True,0.8056782114603901,0.0
Roman-Empire,sage,12359,original,-1.0,0.7931656462064808,0.7947189674888535,True,SDRF,True,0.7947189674888535,0.0
Roman-Empire,sage,12360,original,-1.0,0.8088548670039469,0.7929188673366205,True,SDRF,True,0.7929188673366205,0.0
Roman-Empire,sage,12361,original,-1.0,0.7936763677718427,0.7826622874566742,True,SDRF,True,0.7826622874566742,0.0
Roman-Empire,sage,12362,SDRF,0.4,0.8029731833964775,0.7950997612230317,False,SDRF,False,0.7997401402819093,-0.4640379058877597
Roman-Empire,sage,12363,original,-1.0,0.7973595252032258,0.7937955621726773,True,SDRF,True,0.7937955621726773,0.0
Roman-Empire,sage,12364,original,-1.0,0.7981462158050713,0.805163428711182,True,SDRF,True,0.805163428711182,0.0
Roman-Empire,sage,12365,SDRF,0.1,0.79256870623711,0.7852133223242646,False,SDRF,False,0.7784633834969219,0.674993882734265
Roman-Empire,sage,12366,original,-1.0,0.8014310598694563,0.7997264379121805,True,SDRF,True,0.7997264379121805,0.0
Roman-Empire,sage,12367,SDRF,0.55,0.7826714448431364,0.789316216864316,False,SDRF,False,0.7941858832310348,-0.48696663667188167
Roman-Empire,sage,12368,SDRF,0.55,0.8000199364197864,0.7804403839306576,False,SDRF,False,0.7809616426598587,-0.05212587292010573
Roman-Empire,sage,12369,original,-1.0,0.7941654647164388,0.7991515180628476,True,SDRF,True,0.7991515180628476,0.0
Roman-Empire,sage,12370,SDRF,0.25,0.7894616906819044,0.7919100310366178,False,SDRF,False,0.8020616236921645,-1.015159265554666
Roman-Empire,sage,12371,original,-1.0,0.7993820623535155,0.8017358867242786,True,SDRF,True,0.8017358867242786,0.0
Roman-Empire,sage,12372,original,-1.0,0.8030845974443345,0.7797397172056049,True,SDRF,True,0.7797397172056049,0.0
Roman-Empire,sage,12373,original,-1.0,0.7963087686035601,0.7908552287534856,True,SDRF,True,0.7908552287534856,0.0
Roman-Empire,sage,12374,original,-1.0,0.7949927467777779,0.7924932890257512,True,SDRF,True,0.7924932890257512,0.0
Texas,gat,12345,original,-1.0,0.5747058823529412,0.3993788819875776,True,SDRF,True,0.3993788819875776,0.0
Texas,gat,12346,original,-1.0,0.5883699633699634,0.4821428571428571,True,SDRF,True,0.4821428571428571,0.0
Texas,gat,12347,SDRF,0.55,0.557712215320911,0.301131221719457,False,SDRF,False,0.393796992481203,-9.266577076174599
Texas,gat,12348,SDRF,0.55,0.5636904761904762,0.3014705882352941,False,SDRF,False,0.2875816993464052,1.3888888888888895
Texas,gat,12349,original,-1.0,0.5224747474747474,0.3054323725055432,True,SDRF,True,0.3054323725055432,0.0
Texas,gat,12350,SDRF,0.1,0.55625,0.3272874493927126,False,SDRF,False,0.3126984126984127,1.4589036694299895
Texas,gat,12351,SDRF,0.25,0.5487637362637363,0.4047619047619047,False,SDRF,False,0.2539893617021276,15.07725430597771
Texas,gat,12352,SDRF,0.1,0.4646464646464646,0.2267732267732267,False,SDRF,False,0.3925282234105763,-16.57549966373496
Texas,gat,12353,SDRF,0.4,0.3980392156862745,0.2957317073170732,False,SDRF,False,0.2473544973544973,4.837720996257591
Texas,gat,12354,SDRF,0.4,0.5732465258781049,0.3458333333333333,False,SDRF,False,0.4465148378191856,-10.068150448585229
Texas,gat,12355,SDRF,0.1,0.5147058823529412,0.2926136363636363,False,SDRF,False,0.2956349206349206,-0.3021284271284286
Texas,gat,12356,SDRF,0.25,0.5725108225108225,0.4042735042735043,False,SDRF,False,0.5274781113195748,-12.32046070460705
Texas,gat,12357,SDRF,0.55,0.4484030589293747,0.2097297297297297,False,SDRF,False,0.1966777408637873,1.3051988865942388
Texas,gat,12358,SDRF,0.55,0.5369727172052754,0.3806022408963586,False,SDRF,False,0.5208333333333333,-14.023109243697467
Texas,gat,12359,original,-1.0,0.4898578811369509,0.451236568309739,True,SDRF,True,0.451236568309739,0.0
Texas,gat,12360,original,-1.0,0.4505050505050505,0.2291666666666666,True,SDRF,True,0.2291666666666666,0.0
Texas,gat,12361,original,-1.0,0.4991002214839424,0.4347826086956521,True,SDRF,True,0.4347826086956521,0.0
Texas,gat,12362,SDRF,0.4,0.5414133738601823,0.3528751123090746,False,SDRF,False,0.3558333333333333,-0.2958221024258689
Texas,gat,12363,original,-1.0,0.5324248120300752,0.4638242894056847,True,SDRF,True,0.4638242894056847,0.0
Texas,gat,12364,SDRF,0.1,0.7578865578865579,0.4512812768626722,False,SDRF,False,0.5568362480127186,-10.555497115004636
Texas,gat,12365,SDRF,0.55,0.5347222222222222,0.3923611111111111,False,SDRF,False,0.2666666666666666,12.56944444444445
Texas,gat,12366,SDRF,0.25,0.4543650793650793,0.4473684210526316,False,SDRF,False,0.3523285225412885,9.503989851134309
Texas,gat,12367,SDRF,0.25,0.5766666666666667,0.5235562310030395,False,SDRF,False,0.1851851851851851,33.83710458178544
Texas,gat,12368,SDRF,0.4,0.5357142857142857,0.3832167832167832,False,SDRF,False,0.4732220795892169,-9.000529637243371
Texas,gat,12369,SDRF,0.25,0.5557434813248766,0.2975757575757576,False,SDRF,False,0.3955693696547355,-9.799361207897789
Texas,gat,12370,SDRF,0.1,0.5710220673635308,0.3445616883116883,False,SDRF,False,0.456429211469534,-11.18675231578457
Texas,gat,12371,original,-1.0,0.48,0.3635204081632653,True,SDRF,True,0.3635204081632653,0.0
Texas,gat,12372,original,-1.0,0.4025839793281654,0.3829545454545455,True,SDRF,True,0.3829545454545455,0.0
Texas,gat,12373,SDRF,0.4,0.6558874458874457,0.3724185724185724,False,SDRF,False,0.3540494058786742,1.836916653989823
Texas,gat,12374,original,-1.0,0.525,0.2786324786324786,True,SDRF,True,0.2786324786324786,0.0
Texas,gcn,12345,SDRF,0.1,0.5260377358490567,0.4291968599033816,False,SDRF,False,0.40625,2.2946859903381576
Texas,gcn,12346,SDRF,0.25,0.4828216374269006,0.4883241758241758,False,SDRF,False,0.2534237726098191,23.490040321435675
Texas,gcn,12347,SDRF,0.25,0.4824088145896656,0.4173441734417344,False,SDRF,False,0.3360323886639675,8.13117847777669
Texas,gcn,12348,original,-1.0,0.7440735986307231,0.3447802197802198,True,SDRF,True,0.3447802197802198,0.0
Texas,gcn,12349,SDRF,0.25,0.5597826086956521,0.4666666666666667,False,SDRF,False,0.4286750483558994,3.799161831076725
Texas,gcn,12350,original,-1.0,0.5,0.2383333333333333,True,SDRF,True,0.2383333333333333,0.0
Texas,gcn,12351,SDRF,0.25,0.5368950832365467,0.4170807453416149,False,SDRF,False,0.4349958552086211,-1.791510986700623
Texas,gcn,12352,original,-1.0,0.4916666666666667,0.4154143728611814,True,SDRF,True,0.4154143728611814,0.0
Texas,gcn,12353,SDRF,0.25,0.3679120879120879,0.3165064102564102,False,SDRF,False,0.3375816993464052,-2.107528908999501
Texas,gcn,12354,original,-1.0,0.5612244897959184,0.4195417789757412,True,SDRF,True,0.4195417789757412,0.0
Texas,gcn,12355,SDRF,0.4,0.5123188405797101,0.3463414634146341,False,SDRF,False,0.3073684210526315,3.897304236200261
Texas,gcn,12356,SDRF,0.55,0.5184294871794871,0.2971576227390181,False,SDRF,False,0.5027131782945736,-20.555555555555554
Texas,gcn,12357,original,-1.0,0.3826388888888888,0.3023809523809523,True,SDRF,True,0.3023809523809523,0.0
Texas,gcn,12358,original,-1.0,0.507051282051282,0.4044289044289044,True,SDRF,True,0.4044289044289044,0.0
Texas,gcn,12359,SDRF,0.4,0.6444444444444444,0.336837765409194,False,SDRF,False,0.2184615384615384,11.837622694765562
Texas,gcn,12360,original,-1.0,0.4603174603174603,0.3114630467571644,True,SDRF,True,0.3114630467571644,0.0
Texas,gcn,12361,original,-1.0,0.3767482517482518,0.4038461538461538,True,SDRF,True,0.4038461538461538,0.0
Texas,gcn,12362,SDRF,0.4,0.4824420677361853,0.2767857142857143,False,SDRF,False,0.3881027253668763,-11.131701108116198
Texas,gcn,12363,SDRF,0.25,0.5382744495647721,0.3862761115649434,False,SDRF,False,0.3868055555555555,-0.05294439906121107
Texas,gcn,12364,SDRF,0.4,0.5514533085961657,0.3484848484848485,False,SDRF,False,0.334697217675941,1.3787630808907492
Texas,gcn,12365,SDRF,0.55,0.805874765478424,0.5186807095343681,False,SDRF,False,0.384313725490196,13.436698404417207
Texas,gcn,12366,SDRF,0.1,0.603753702437913,0.433738517579981,False,SDRF,False,0.3400974025974026,9.364111498257838
Texas,gcn,12367,SDRF,0.1,0.6951832151300237,0.3684124386252045,False,SDRF,False,0.2855064557192217,8.290598290598282
Texas,gcn,12368,SDRF,0.25,0.4416666666666666,0.325,False,SDRF,False,0.2884162895927601,3.65837104072399
Texas,gcn,12369,SDRF,0.25,0.5743731003039514,0.3935406698564593,False,SDRF,False,0.4311965811965812,-3.7655911340121917
Texas,gcn,12370,SDRF,0.1,0.5282738095238095,0.4833333333333334,False,SDRF,False,0.4683579985905567,1.497533474277668
Texas,gcn,12371,SDRF,0.25,0.4212787212787212,0.4484848484848485,False,SDRF,False,0.4977314352314352,-4.924658674658672
Texas,gcn,12372,SDRF,0.25,0.4705128205128205,0.4017628205128205,False,SDRF,False,0.336734693877551,6.502812663526947
Texas,gcn,12373,original,-1.0,0.7237549684358195,0.4649244833068363,True,SDRF,True,0.4649244833068363,0.0
Texas,gcn,12374,SDRF,0.4,0.5948170731707317,0.3541687979539641,False,SDRF,False,0.2862929681928398,6.787582976112433
Texas,sage,12345,SDRF,0.55,0.5897435897435898,0.5984848484848484,False,SDRF,False,0.7228867623604465,-12.440191387559807
Texas,sage,12346,SDRF,0.1,0.8641148325358852,0.6398471094123268,False,SDRF,False,0.7125087678279167,-7.266165841558991
Texas,sage,12347,SDRF,0.25,0.6597953216374268,0.459469696969697,False,SDRF,False,0.5226010101010101,-6.313131313131315
Texas,sage,12348,original,-1.0,0.7227058029689609,0.4373333333333333,True,SDRF,True,0.4373333333333333,0.0
Texas,sage,12349,original,-1.0,0.8254489413025998,0.6916666666666667,True,SDRF,True,0.6916666666666667,0.0
Texas,sage,12350,SDRF,0.25,0.574198717948718,0.4994541406306112,False,SDRF,False,0.5192673992673993,-1.9813258636788067
Texas,sage,12351,SDRF,0.4,0.5527027027027027,0.5541023441966837,False,SDRF,False,0.6020512820512821,-4.794893785459841
Texas,sage,12352,original,-1.0,0.8292635658914729,0.7226107226107226,True,SDRF,True,0.7226107226107226,0.0
Texas,sage,12353,original,-1.0,0.66815649867374,0.402014652014652,True,SDRF,True,0.402014652014652,0.0
Texas,sage,12354,original,-1.0,0.7536630036630036,0.6539971656250726,True,SDRF,True,0.6539971656250726,0.0
Texas,sage,12355,SDRF,0.25,0.7333333333333333,0.4107050444811355,False,SDRF,False,0.5483333333333333,-13.762828885219786
Texas,sage,12356,SDRF,0.1,0.7236788617886178,0.6013471177944861,False,SDRF,False,0.6591269841269841,-5.777986633249799
Texas,sage,12357,original,-1.0,0.8487250735534488,0.4123037323037323,True,SDRF,True,0.4123037323037323,0.0
Texas,sage,12358,original,-1.0,0.6525326797385621,0.6155523255813954,True,SDRF,True,0.6155523255813954,0.0
Texas,sage,12359,SDRF,0.1,0.7075582075582076,0.4871292106586224,False,SDRF,False,0.4271708683473389,5.99583423112835
Texas,sage,12360,SDRF,0.1,0.5635404568331397,0.565531561461794,False,SDRF,False,0.553030303030303,1.250125843149097
Texas,sage,12361,SDRF,0.4,0.725359477124183,0.5604707792207793,False,SDRF,False,0.5128787878787878,4.759199134199143
Texas,sage,12362,SDRF,0.4,0.8211201079622132,0.6420754348250929,False,SDRF,False,0.702226345083488,-6.015091025839514
Texas,sage,12363,SDRF,0.25,0.6403600464576075,0.6064814814814815,False,SDRF,False,0.5356060606060606,7.0875420875420865
Texas,sage,12364,SDRF,0.55,0.7545665634674923,0.6261265909872722,False,SDRF,False,0.4604545454545455,16.567204553272667
Texas,sage,12365,original,-1.0,0.7535014005602241,0.4261412673177379,True,SDRF,True,0.4261412673177379,0.0
Texas,sage,12366,SDRF,0.4,0.6330357142857144,0.6890350877192982,False,SDRF,False,0.6333333333333333,5.5701754385964914
Texas,sage,12367,SDRF,0.55,0.6388888888888888,0.5727016885553471,False,SDRF,False,0.6264705882352941,-5.376889967994702
Texas,sage,12368,SDRF,0.1,0.7854166666666667,0.3933014354066985,False,SDRF,False,0.4165656565656565,-2.3264221158957987
Texas,sage,12369,original,-1.0,0.7470238095238094,0.5307563025210082,True,SDRF,True,0.5307563025210082,0.0
Texas,sage,12370,original,-1.0,0.6477855477855478,0.542957042957043,True,SDRF,True,0.542957042957043,0.0
Texas,sage,12371,SDRF,0.1,0.5992360580595875,0.5809873949579832,False,SDRF,False,0.5685924369747899,1.2394957983193344
Texas,sage,12372,SDRF,0.25,0.7593810444874275,0.5593023255813954,False,SDRF,False,0.5964452214452215,-3.714289586382613
Texas,sage,12373,original,-1.0,0.7234042553191489,0.5311965811965813,True,SDRF,True,0.5311965811965813,0.0
Texas,sage,12374,SDRF,0.4,0.7599768652400231,0.3458611552729199,False,SDRF,False,0.3356209150326797,1.0240240240240173
